{
    "OPEN": {
        "mean": 1.353074637046739,
        "std": 0.10978374476050132
    },
    "LOW": {
        "mean": 1.35187270233007,
        "std": 0.10966990635218049
    },
    "HIGH": {
        "mean": 1.354297927754033,
        "std": 0.10988557818871598
    },
    "CLOSE": {
        "mean": 1.3530754901420103,
        "std": 0.10978112111530167
    },
    "BC-BO": {
        "mean": 8.530952709225006e-07,
        "std": 0.0018355071143293339
    },
    "BH-BL": {
        "mean": 0.0024252254239624537,
        "std": 0.001910897406147916
    },
    "BH-BO": {
        "mean": 0.0012232907072934917,
        "std": 0.0014557462758130035
    },
    "BO-BL": {
        "mean": 0.0012019347166689217,
        "std": 0.0014491653628972664
    },
    "S&P500_Close": {
        "mean": 1230.1900456398043,
        "std": 204.36230074364997
    },
    "vix_close": {
        "mean": 22.008906647597907,
        "std": 12.401749608674015
    }
}