{
    "execution_time": 46702.799058675766,
    "encoder": {
        "input_shape": 288,
        "intermediate_layers": 2
    },
    "decoder": {
        "interface_size": 48,
        "output_shape": 288,
        "intermediate_layers": 2
    },
    "val_mae": 0.10517153888940811,
    "train_mae": 0.08922231197357178
}