{
    "execution_time": 44137.11288332939,
    "encoder": {
        "input_shape": 288,
        "intermediate_layers": 2
    },
    "decoder": {
        "interface_size": 48,
        "output_shape": 288,
        "intermediate_layers": 2
    },
    "val_mae": 0.016139108687639236,
    "train_mae": 0.014765584841370583
}