{
    "execution_time": 3582.489331483841,
    "encoder": {
        "input_shape": 288,
        "intermediate_layers": 2
    },
    "decoder": {
        "interface_size": 48,
        "output_shape": 288,
        "intermediate_layers": 2
    },
    "val_mae": 0.006730373483151197,
    "train_mae": 0.00731542007997632
}