{
    "RSI": {
        "min": 7.037046918057141,
        "max": 94.03769170917694
    },
    "MACD": {
        "min": 0.0,
        "max": 0.0246620087344852
    },
    "MACD_Histogram": {
        "min": -0.0050360685572991,
        "max": 0.0047701782833613
    },
    "MACD_Signal": {
        "min": 0.0,
        "max": 0.0222493204004784
    },
    "EMA": {
        "min": 1.0379170465658498,
        "max": 1.5981921819169804
    },
    "Stochastic_%K": {
        "min": 0.2458928197641713,
        "max": 99.61394115906188
    },
    "Stochastic_%D": {
        "min": -0.0669014846425095,
        "max": 4.597806251789268
    },
    "ADX": {
        "min": 1.7774764928232478,
        "max": 4.319689697945325
    },
    "DI+": {
        "min": 2.0958517542817727,
        "max": 64.08959517099984
    },
    "DI-": {
        "min": 1.7173446840046165,
        "max": 60.22706781452939
    },
    "ATR": {
        "min": -7.8056735940622,
        "max": -4.574163029242382
    },
    "CCI": {
        "min": -465.9440238587532,
        "max": 466.6666666666368
    },
    "WilliamsR": {
        "min": -100.0,
        "max": 0.0
    },
    "Momentum": {
        "min": -0.0409600000000001,
        "max": 0.04841
    },
    "ROC": {
        "min": -3.579765165995755,
        "max": 3.941213234597829
    },
    "OPEN": {
        "min": 1.03553,
        "max": 1.60131
    },
    "HIGH": {
        "min": 1.03697,
        "max": 1.60384
    },
    "LOW": {
        "min": 1.03395,
        "max": 1.5992
    },
    "CLOSE": {
        "min": 1.03555,
        "max": 1.60139
    },
    "BC-BO": {
        "min": -0.02505,
        "max": 0.03022
    },
    "BH-BL": {
        "min": 0.0,
        "max": 0.0333000000000001
    },
    "BH-BO": {
        "min": 0.0,
        "max": 0.0316899999999999
    },
    "BO-BL": {
        "min": 0.0,
        "max": 0.0266599999999999
    }
}