row_id,DATE_TIME,close_origin,y_hat_z_h1,y_hat_z_h2,y_hat_z_h3,y_hat_z_h4,y_hat_z_h5,y_hat_z_h6,logret_hat_h1,logret_hat_h2,logret_hat_h3,logret_hat_h4,logret_hat_h5,logret_hat_h6,close_hat_h1,close_hat_h2,close_hat_h3,close_hat_h4,close_hat_h5,close_hat_h6
eth4h:row13699:1704067200,2024-01-01 00:00:00,2273.81000000,-0.02461152,0.03943229,-0.08327442,-0.03671740,-0.06652032,-0.02232051,-0.0003331590,0.0010600531,-0.0011832978,-0.0001306032,-0.0005648536,0.0004419395,2273.05258585,2276.22163740,2271.12099689,2273.51305248,2272.52599300,2274.81510855
eth4h:row13700:1704081600,2024-01-01 04:00:00,2284.67000000,-0.02974658,0.03982074,-0.08602308,-0.03408406,-0.06558670,-0.01650530,-0.0004331532,0.0010676172,-0.0012368222,-0.0000793247,-0.0005466734,0.0005551781,2283.68060215,2287.11045555,2281.84601622,2284.48877632,2283.42137306,2285.93875095
eth4h:row13701:1704096000,2024-01-01 08:00:00,2304.47000000,-0.03074198,0.04042125,-0.08661114,-0.03218983,-0.06044341,-0.01468524,-0.0004525364,0.0010793110,-0.0012482734,-0.0000424386,-0.0004465188,0.0005906198,2303.42737930,2306.95858253,2301.59518613,2304.37220360,2303.44124052,2305.83146764
eth4h:row13702:1704110400,2024-01-01 12:00:00,2314.70000000,-0.02969949,0.04113848,-0.08681416,-0.03128974,-0.05624304,-0.01460503,-0.0004322363,0.0010932774,-0.0012522266,-0.0000249113,-0.0003647257,0.0005921818,2313.69971887,2317.23199292,2311.80328512,2314.64233854,2313.85592340,2316.07112911
eth4h:row13703:1704124800,2024-01-01 16:00:00,2337.26000000,-0.02963369,0.04057694,-0.08600044,-0.03168319,-0.05865713,-0.01377767,-0.0004309549,0.0010823427,-0.0012363811,-0.0000325729,-0.0004117349,0.0006082928,2336.25296336,2339.79108572,2334.37204154,2337.18386993,2336.29786653,2338.68217087
eth4h:row13704:1704139200,2024-01-01 20:00:00,2352.04000000,-0.02975707,0.03998233,-0.08400630,-0.03147147,-0.06488079,-0.01240943,-0.0004333575,0.0010707638,-0.0011975497,-0.0000284502,-0.0005329273,0.0006349363,2351.02094667,2354.55982813,2349.22500112,2351.97308498,2350.78686773,2353.53386974
eth4h:row13705:1704153600,2024-01-02 00:00:00,2386.43000000,-0.03407137,0.03945822,-0.08477550,-0.02970950,-0.06567910,-0.01137662,-0.0005173692,0.0010605580,-0.0012125282,0.0000058604,-0.0005484727,0.0006550481,2385.19565388,2388.96229005,2383.53814002,2386.44398555,2385.12146716,2387.99373857
eth4h:row13706:1704168000,2024-01-02 04:00:00,2385.84000000,-0.03856628,0.03792406,-0.08785581,-0.02962701,-0.06247193,-0.01061362,-0.0006048978,0.0010306835,-0.0012725105,0.0000074668,-0.0004860199,0.0006699059,2384.39724703,2388.30031358,2382.80592438,2385.85781466,2384.68071593,2387.43882369
eth4h:row13707:1704182400,2024-01-02 08:00:00,2391.24000000,-0.03631191,0.04171879,-0.08735304,-0.02978478,-0.06398384,-0.01129377,-0.0005609989,0.0011045777,-0.0012627202,0.0000043945,-0.0005154612,0.0006566614,2389.89889326,2393.88276957,2388.22243841,2391.25050834,2390.00772624,2392.81075078
eth4h:row13708:1704196800,2024-01-02 12:00:00,2357.48000000,-0.03079765,0.04377396,-0.08630025,-0.03208945,-0.06600776,-0.01299396,-0.0004536205,0.0011445976,-0.0012422193,-0.0000404840,-0.0005548727,0.0006235539,2356.41084127,2360.17991084,2354.55331102,2357.38456165,2356.17226167,2358.95047418
eth4h:row13709:1704211200,2024-01-02 16:00:00,2369.19000000,-0.02852242,0.03999043,-0.08218681,-0.03110568,-0.06924650,-0.01092499,-0.0004093153,0.0010709217,-0.0011621190,-0.0000213271,-0.0006179401,0.0006638425,2368.22045264,2371.72857594,2366.43831843,2369.13947249,2367.72643481,2370.76329121
eth4h:row13710:1704225600,2024-01-02 20:00:00,2355.34000000,-0.02771049,0.03897411,-0.08099847,-0.03061704,-0.07022941,-0.01065448,-0.0003935047,0.0010511310,-0.0011389787,-0.0000118120,-0.0006370801,0.0006691102,2354.41334505,2357.81707263,2352.65884506,2355.31217899,2353.83993758,2356.91650946
eth4h:row13711:1704240000,2024-01-03 00:00:00,2368.51000000,-0.02980428,0.03897817,-0.08098137,-0.02919100,-0.07205857,-0.00935292,-0.0004342767,0.0010512100,-0.0011386456,0.0000159571,-0.0006726991,0.0006944552,2367.48163451,2371.00111043,2365.81464133,2368.54779489,2366.91724122,2370.15539543
eth4h:row13712:1704254400,2024-01-03 04:00:00,2361.64000000,-0.02968459,0.04050685,-0.08334976,-0.03201238,-0.07230192,-0.01267236,-0.0004319461,0.0010809777,-0.0011847649,-0.0000389833,-0.0006774378,0.0006298163,2360.62011906,2364.19426051,2358.84366867,2361.54793732,2360.04067748,2363.12786779
eth4h:row13713:1704268800,2024-01-03 08:00:00,2307.68000000,-0.02689021,0.04289258,-0.08542179,-0.03548239,-0.07095741,-0.01581691,-0.0003775315,0.0011274348,-0.0012251133,-0.0001065541,-0.0006512563,0.0005685830,2306.80894254,2310.28322586,2304.85456159,2307.43412033,2306.17759819,2308.99248072
eth4h:row13714:1704283200,2024-01-03 12:00:00,2240.40000000,-0.02513080,0.04344464,-0.08652353,-0.03600262,-0.06800739,-0.01464080,-0.0003432708,0.0011381849,-0.0012465672,-0.0001166844,-0.0005938112,0.0005914851,2239.63106809,2242.95144118,2237.60893089,2240.13859542,2239.07002040,2241.72555517
eth4h:row13715:1704297600,2024-01-03 16:00:00,2206.53000000,-0.02440469,0.04320849,-0.08447855,-0.03537128,-0.07021432,-0.01542088,-0.0003291315,0.0011335863,-0.0012067457,-0.0001043906,-0.0006367862,0.0005762948,2205.80388099,2209.03271047,2203.86888540,2206.29967101,2205.12535945,2207.80197824
eth4h:row13716:1704312000,2024-01-03 20:00:00,2209.72000000,-0.02290516,0.04489131,-0.08426475,-0.03552638,-0.06839737,-0.01794093,-0.0002999313,0.0011663556,-0.0012025824,-0.0001074107,-0.0006014051,0.0005272222,2209.05733515,2212.29882284,2207.06422692,2209.48266522,2208.39146257,2210.88532056
eth4h:row13717:1704326400,2024-01-04 00:00:00,2231.08000000,-0.02412348,0.04554678,-0.08606654,-0.03464464,-0.06559974,-0.01654234,-0.0003236554,0.0011791195,-0.0012376683,-0.0000902409,-0.0005469273,0.0005544568,2230.35801565,2233.71226144,2228.32037110,2230.87867450,2229.86009513,2232.31738039
eth4h:row13718:1704340800,2024-01-04 04:00:00,2221.85000000,-0.02347677,0.04733134,-0.08729398,-0.03649555,-0.06563477,-0.01777762,-0.0003110622,0.0012138700,-0.0012615700,-0.0001262832,-0.0005476095,0.0005304024,2221.15897403,2224.54867461,2219.04874802,2221.56943539,2220.63362700,2223.02878720
eth4h:row13719:1704355200,2024-01-04 08:00:00,2228.14000000,-0.02119367,0.04673404,-0.08623748,-0.03791807,-0.06681049,-0.01943583,-0.0002666038,0.0012022389,-0.0012409971,-0.0001539838,-0.0005705040,0.0004981122,2227.54604861,2230.82036746,2225.37659974,2227.79692897,2226.86919976,2229.25014027
eth4h:row13720:1704369600,2024-01-04 12:00:00,2276.87000000,-0.02481501,0.04407115,-0.08622097,-0.03657601,-0.06653520,-0.01622042,-0.0003371216,0.0011503847,-0.0012406756,-0.0001278501,-0.0005651434,0.0005607255,2276.10254741,2279.49078363,2274.04689457,2276.57892053,2275.58360540,2278.14705718
eth4h:row13721:1704384000,2024-01-04 16:00:00,2274.27000000,-0.02830904,0.04455680,-0.08767747,-0.03581337,-0.06584243,-0.01718184,-0.0004051601,0.0011598419,-0.0012690378,-0.0001129993,-0.0005516532,0.0005420039,2273.34874311,2276.90932388,2271.38569598,2274.01302357,2273.01573758,2275.50299735
eth4h:row13722:1704398400,2024-01-04 20:00:00,2267.11000000,-0.02566772,0.04383004,-0.08489656,-0.03589545,-0.06887391,-0.01877850,-0.0003537261,0.0011456898,-0.0012148855,-0.0001145976,-0.0006106847,0.0005109124,2266.30820578,2269.70889329,2264.35739337,2266.85020962,2265.72593324,2268.26859060
eth4h:row13723:1704412800,2024-01-05 00:00:00,2242.28000000,-0.02663069,0.04147566,-0.08451509,-0.03619639,-0.06840129,-0.01818049,-0.0003724779,0.0010998433,-0.0012074572,-0.0001204578,-0.0006014815,0.0005225574,2241.44495569,2244.74751326,2239.57417682,2242.00991618,2240.93171569,2243.45202629
eth4h:row13724:1704427200,2024-01-05 04:00:00,2252.75000000,-0.02552669,0.04056824,-0.08350276,-0.03638236,-0.07051791,-0.01843805,-0.0003509800,0.0010821732,-0.0011877443,-0.0001240791,-0.0006426981,0.0005175419,2251.95946859,2255.18918526,2250.07589734,2252.47049818,2251.30262709,2253.91619423
eth4h:row13725:1704441600,2024-01-05 08:00:00,2241.97000000,-0.02513437,0.04000229,-0.08330869,-0.03362541,-0.06717841,-0.01384319,-0.0003433404,0.0010711526,-0.0011839652,-0.0000703934,-0.0005776685,0.0006070169,2241.20037317,2244.37277870,2239.31715632,2241.81218572,2240.67525848,2243.33132682
eth4h:row13726:1704456000,2024-01-05 12:00:00,2224.99000000,-0.02619963,0.04192889,-0.08506351,-0.03351555,-0.06645973,-0.01360608,-0.0003640840,0.0011086690,-0.0012181365,-0.0000682543,-0.0005636737,0.0006116341,2224.18006428,2227.45814541,2222.28130853,2224.83814014,2223.73618498,2226.35129593
eth4h:row13727:1704470400,2024-01-05 16:00:00,2234.26000000,-0.02577107,0.04348577,-0.08516037,-0.03440319,-0.06642313,-0.01840049,-0.0003557387,0.0011389858,-0.0012200226,-0.0000855390,-0.0005629611,0.0005182734,2233.46532854,2236.80624013,2231.53581440,2234.06889185,2233.00255255,2235.41825765
eth4h:row13728:1704484800,2024-01-05 20:00:00,2268.78000000,-0.02284925,0.04431690,-0.08671426,-0.03640018,-0.06423396,-0.01918983,-0.0002988426,0.0011551702,-0.0012502813,-0.0001244261,-0.0005203316,0.0005029026,2268.10209317,2271.40234131,2265.94515928,2268.49772206,2267.59978905,2269.92126236
eth4h:row13729:1704499200,2024-01-06 00:00:00,2252.99000000,-0.02443402,0.04879767,-0.08948296,-0.03619049,-0.06365697,-0.01895970,-0.0003297025,0.0012424237,-0.0013041957,-0.0001203429,-0.0005090961,0.0005073840,2252.24730590,2255.79090769,2250.05357542,2252.71888500,2251.84330360,2254.13342108
eth4h:row13730:1704513600,2024-01-06 04:00:00,2233.12000000,-0.02691906,0.04743535,-0.08927923,-0.03430186,-0.06325051,-0.01638904,-0.0003780933,0.0012158954,-0.0013002285,-0.0000835658,-0.0005011811,0.0005574420,2232.27583196,2235.83689162,2230.21832054,2232.93339525,2232.00108279,2234.36518192
eth4h:row13731:1704528000,2024-01-06 08:00:00,2238.67000000,-0.02842121,0.04596598,-0.08826774,-0.03297822,-0.06300145,-0.01535795,-0.0004073445,0.0011872825,-0.0012805319,-0.0000577908,-0.0004963313,0.0005775202,2237.75827576,2241.32951214,2235.80514629,2238.54062920,2237.55915377,2239.96325050
eth4h:row13732:1704542400,2024-01-06 12:00:00,2246.40000000,-0.03093295,0.04719455,-0.09116643,-0.03313194,-0.05973967,-0.01583579,-0.0004562552,0.0012112062,-0.0013369777,-0.0000607842,-0.0004328150,0.0005682154,2245.37530205,2249.12250212,2243.39862014,2246.26345858,2245.42793468,2247.67680170
eth4h:row13733:1704556800,2024-01-06 16:00:00,2244.63000000,-0.03193443,0.04875613,-0.09126281,-0.02933643,-0.05818706,-0.00999188,-0.0004757568,0.0012416147,-0.0013388545,0.0000131251,-0.0004025813,0.0006820128,2243.56235594,2247.41869644,2241.62677790,2244.65946113,2243.72653585,2246.16138863
eth4h:row13734:1704571200,2024-01-06 20:00:00,2240.78000000,-0.03117554,0.04526896,-0.08986687,-0.02955667,-0.05760634,-0.00919315,-0.0004609792,0.0011737096,-0.0013116716,0.0000088364,-0.0003912731,0.0006975664,2239.74728518,2243.41156900,2237.84275934,2240.79980050,2239.90341446,2242.34363818
eth4h:row13735:1704585600,2024-01-07 00:00:00,2242.20000000,-0.03045886,0.04467196,-0.08963805,-0.03268425,-0.05993460,-0.01450568,-0.0004470232,0.0011620843,-0.0013072158,-0.0000520664,-0.0004366110,0.0005941163,2241.19790849,2244.80713996,2239.27087575,2242.08325982,2241.22124447,2243.53252343
eth4h:row13736:1704600000,2024-01-07 04:00:00,2249.15000000,-0.03396838,0.04584689,-0.08795100,-0.02831594,-0.06251815,-0.01169487,-0.0005153636,0.0011849635,-0.0012743641,0.0000329969,-0.0004869200,0.0006488507,2247.99116862,2251.81674023,2246.28558952,2249.22421628,2248.05511054,2250.60983612
eth4h:row13737:1704614400,2024-01-07 08:00:00,2237.04000000,-0.03745024,0.04714782,-0.09209233,-0.02864329,-0.06022752,-0.01017001,-0.0005831654,0.0012102963,-0.0013550076,0.0000266225,-0.0004423148,0.0006785442,2235.73581602,2239.74912026,2234.01084659,2237.09955645,2236.05074279,2238.55844556
eth4h:row13738:1704628800,2024-01-07 12:00:00,2230.83000000,-0.03564494,0.04896522,-0.09137117,-0.02867065,-0.06179226,-0.01110467,-0.0005480110,0.0012456863,-0.0013409646,0.0000260898,-0.0004727848,0.0006603437,2229.60781562,2233.61064595,2227.84054076,2230.88820262,2229.77554677,2232.30360097
eth4h:row13739:1704643200,2024-01-07 16:00:00,2248.60000000,-0.03412073,0.04549266,-0.08947092,-0.02892802,-0.06045983,-0.01181119,-0.0005183303,0.0011780656,-0.0013039612,0.0000210780,-0.0004468386,0.0006465857,2247.43478458,2251.25055922,2245.66982361,2248.64739649,2247.59546325,2250.05438264
eth4h:row13740:1704657600,2024-01-07 20:00:00,2221.42000000,-0.03364687,0.04777557,-0.09147584,-0.02930776,-0.05709318,-0.01166196,-0.0005091029,0.0012225205,-0.0013430027,0.0000136834,-0.0003812803,0.0006494917,2220.28935641,2224.13739211,2218.43862929,2221.45039670,2220.57317767,2222.86326246
eth4h:row13741:1704672000,2024-01-08 00:00:00,2190.87000000,-0.03335099,0.04927552,-0.09049105,-0.02617274,-0.06011130,-0.00504160,-0.0005033414,0.0012517288,-0.0013238261,0.0000747312,-0.0004400518,0.0007784089,2189.76752202,2193.61409208,2187.97158798,2191.03373248,2189.90611575,2192.57605672
eth4h:row13742:1704686400,2024-01-08 04:00:00,2224.08000000,-0.03311818,0.04602725,-0.08820914,-0.02647511,-0.06366704,-0.00477495,-0.0004988078,0.0011884756,-0.0012793910,0.0000688431,-0.0005092922,0.0007836012,2222.97088826,2226.72483626,2221.23635159,2224.23311788,2222.94758179,2225.82347478
eth4h:row13743:1704700800,2024-01-08 08:00:00,2240.61000000,-0.03131359,0.05002404,-0.09162848,-0.02940015,-0.05828216,-0.01158788,-0.0004636673,0.0012663045,-0.0013459752,0.0000118843,-0.0004044331,0.0006509341,2239.57134329,2243.44909169,2237.59622314,2240.63662828,2239.70400630,2242.06896427
eth4h:row13744:1704715200,2024-01-08 12:00:00,2269.59000000,-0.03467457,0.04892469,-0.09312653,-0.02673737,-0.05673470,-0.00502790,-0.0005291152,0.0012448971,-0.0013751464,0.0000637362,-0.0003742998,0.0007786756,2268.38944302,2272.41716531,2266.47112646,2269.73465957,2268.74065194,2271.35796261
eth4h:row13745:1704729600,2024-01-08 16:00:00,2354.56000000,-0.03427343,0.04860205,-0.09221416,-0.02815954,-0.06257507,-0.00423221,-0.0005213039,0.0012386143,-0.0013573800,0.0000360425,-0.0004880284,0.0007941700,2353.33287855,2357.47819867,2351.36613552,2354.64486585,2353.41118818,2356.43066361
eth4h:row13746:1704744000,2024-01-08 20:00:00,2330.44000000,-0.03038220,0.05161864,-0.09098303,-0.03108929,-0.06364329,-0.01188966,-0.0004455306,0.0012973559,-0.0013334063,-0.0000210080,-0.0005088297,0.0006450576,2329.40194889,2333.46537223,2327.33464741,2330.39104273,2329.25450460,2331.94375306
eth4h:row13747:1704758400,2024-01-09 00:00:00,2309.13000000,-0.03658955,0.04824425,-0.09358781,-0.02636562,-0.05594033,-0.00364245,-0.0005664053,0.0012316468,-0.0013841288,0.0000709753,-0.0003588312,0.0008056543,2307.82246689,2311.97578478,2305.93607752,2309.29389695,2308.30156072,2310.99111002
eth4h:row13748:1704772800,2024-01-09 04:00:00,2306.05000000,-0.03831940,0.04598511,-0.09145229,-0.02572624,-0.06201040,-0.00030335,-0.0006000903,0.0011876551,-0.0013425443,0.0000834258,-0.0004770326,0.0008706760,2304.66657689,2308.79041894,2302.95610308,2306.24239209,2304.95020139,2308.05869663
eth4h:row13749:1704787200,2024-01-09 08:00:00,2298.76000000,-0.02989416,0.05222524,-0.08940690,-0.02767436,-0.06402180,-0.00509545,-0.0004360270,0.0013091681,-0.0013027147,0.0000454904,-0.0005162002,0.0007773603,2297.75789698,2301.77143405,2295.76732136,2298.86457391,2297.57368577,2300.54765944
eth4h:row13750:1704801600,2024-01-09 12:00:00,2257.18000000,-0.02917342,0.05155308,-0.09083842,-0.02685003,-0.05758778,-0.00463855,-0.0004219922,0.0012960792,-0.0013305905,0.0000615425,-0.0003909116,0.0007862574,2256.22768861,2260.10738069,2254.17861494,2257.31891677,2256.29781460,2258.95542236
eth4h:row13751:1704816000,2024-01-09 16:00:00,2270.91000000,-0.03238254,0.04819841,-0.09110992,-0.02842407,-0.06083091,-0.00609180,-0.0004844828,0.0012307543,-0.0013358774,0.0000308915,-0.0004540646,0.0007579585,2269.81004974,2273.70665283,2267.87836809,2270.98015285,2269.87909419,2272.63190799
eth4h:row13752:1704830400,2024-01-09 20:00:00,2344.29000000,-0.02474456,0.05192340,-0.08776592,-0.03107182,-0.06677182,-0.01179176,-0.0003357496,0.0013032904,-0.0012707602,-0.0000206679,-0.0005697510,0.0006469640,2343.50303759,2347.34728260,2341.31286155,2344.24154900,2342.95471883,2345.80716204
eth4h:row13753:1704844800,2024-01-10 00:00:00,2361.51000000,-0.02854185,0.05224354,-0.09045845,-0.03022222,-0.06584468,-0.00958106,-0.0004096937,0.0013095244,-0.0013231912,-0.0000041237,-0.0005516971,0.0006900128,2360.54270235,2364.60448071,2358.38733705,2361.50026194,2360.20752121,2363.14003436
eth4h:row13754:1704859200,2024-01-10 04:00:00,2368.75000000,-0.03480523,0.04750556,-0.09041476,-0.02980135,-0.06826296,-0.00873448,-0.0005316594,0.0012172626,-0.0013223405,0.0000040718,-0.0005987878,0.0007064981,2367.49096647,2371.63514648,2365.61977609,2368.75964518,2367.33204591,2370.42410863
eth4h:row13755:1704873600,2024-01-10 08:00:00,2402.21000000,-0.02830081,0.04500336,-0.08716815,-0.03124342,-0.06924495,-0.00854116,-0.0004050000,0.0011685376,-0.0012591198,-0.0000240095,-0.0006179099,0.0007102624,2401.23730203,2405.01871350,2399.18723314,2402.15232494,2400.72610918,2403.91680557
eth4h:row13756:1704888000,2024-01-10 12:00:00,2449.30000000,-0.02718728,0.04597545,-0.08874881,-0.03109984,-0.06395783,-0.00724044,-0.0003833163,0.0011874670,-0.0012898997,-0.0000212134,-0.0005149545,0.0007355912,2448.36132332,2452.21019051,2446.14268543,2449.24804258,2448.03904654,2451.10234630
eth4h:row13757:1704902400,2024-01-10 16:00:00,2477.90000000,-0.02860313,0.04528416,-0.08612805,-0.02901487,-0.06739575,-0.00657799,-0.0004108869,0.0011740056,-0.0012388661,0.0000193869,-0.0005819006,0.0007484909,2476.88207252,2480.81077665,2474.83211439,2477.94803927,2476.45852786,2479.75537985
eth4h:row13758:1704916800,2024-01-10 20:00:00,2584.38000000,-0.02218371,0.04605622,-0.08338212,-0.03094552,-0.06837152,-0.00723901,-0.0002858825,0.0011890397,-0.0011853951,-0.0000182084,-0.0006009017,0.0007356190,2583.64127647,2587.45475814,2581.31830354,2584.33294296,2582.82750816,2586.28181855
eth4h:row13759:1704931200,2024-01-11 00:00:00,2613.01000000,-0.02049952,0.04797543,-0.08618491,-0.03598867,-0.06759925,-0.01379364,-0.0002530866,0.0012264122,-0.0012399734,-0.0001164128,-0.0005858635,0.0006079817,2612.34876585,2616.21659324,2609.77194507,2612.70582977,2611.47958128,2614.59914534
eth4h:row13760:1704945600,2024-01-11 04:00:00,2589.15000000,-0.02471023,0.04609460,-0.08430611,-0.03715281,-0.07342437,-0.01977479,-0.0003350811,0.0011897872,-0.0012033879,-0.0001390819,-0.0006992950,0.0004915118,2588.28257011,2592.23237086,2586.03612228,2588.78992107,2587.34005319,2590.42291056
eth4h:row13761:1704960000,2024-01-11 08:00:00,2657.90000000,-0.02404420,0.04628415,-0.08532398,-0.03817705,-0.07201254,-0.01909652,-0.0003221118,0.0011934781,-0.0012232087,-0.0001590269,-0.0006718028,0.0005047197,2657.04399705,2661.07403925,2654.65082133,2657.47735598,2656.11501504,2659.24183297
eth4h:row13762:1704974400,2024-01-11 12:00:00,2613.19000000,-0.02337651,0.04373813,-0.08696377,-0.04121373,-0.07272510,-0.01931512,-0.0003091099,0.0011439000,-0.0012551399,-0.0002181597,-0.0006856783,0.0005004629,2612.38236191,2616.18093851,2609.91213849,2612.61996957,2611.39880643,2614.49813193
eth4h:row13763:1704988800,2024-01-11 16:00:00,2622.07000000,-0.02347510,0.04371852,-0.08283322,-0.03803293,-0.07366370,-0.02080494,-0.0003110297,0.0011435182,-0.0011747065,-0.0001562204,-0.0007039554,0.0004714519,2621.25458528,2625.07009974,2618.99164574,2621.66041116,2620.22482915,2623.30647134
eth4h:row13764:1705003200,2024-01-11 20:00:00,2618.01000000,-0.01988702,0.03906078,-0.07576554,-0.03533069,-0.07572822,-0.02024909,-0.0002411595,0.0010528187,-0.0010370787,-0.0001036002,-0.0007441576,0.0004822757,2617.37871803,2620.76774122,2615.29632498,2617.73878771,2616.06251266,2619.27290724
eth4h:row13765:1705017600,2024-01-12 00:00:00,2589.81000000,-0.01782446,0.03964127,-0.07680022,-0.03709159,-0.07593206,-0.01992455,-0.0002009957,0.0010641224,-0.0010572268,-0.0001378899,-0.0007481268,0.0004885956,2589.28951174,2592.56734175,2587.07343030,2589.45291593,2587.87321828,2591.07567896
eth4h:row13766:1705032000,2024-01-12 04:00:00,2595.73000000,-0.01555221,0.03994114,-0.07447767,-0.03866814,-0.08300701,-0.02287137,-0.0001567485,0.0010699618,-0.0010120001,-0.0001685897,-0.0008858962,0.0004312126,2595.32315501,2598.50881824,2593.10444981,2595.29242359,2593.43147089,2596.84955279
eth4h:row13767:1705046400,2024-01-12 08:00:00,2647.59000000,-0.01806061,0.03675921,-0.07435136,-0.03811971,-0.08073941,-0.02388832,-0.0002055942,0.0010080005,-0.0010095406,-0.0001579103,-0.0008417396,0.0004114098,2647.04572669,2650.26011751,2644.91849911,2647.17195116,2645.36235627,2648.67946850
eth4h:row13768:1705060800,2024-01-12 12:00:00,2647.02000000,-0.01653056,0.03472102,-0.07866036,-0.04375313,-0.07599570,-0.02772095,-0.0001757998,0.0009683113,-0.0010934490,-0.0002676089,-0.0007493661,0.0003367774,2646.55469532,2649.58438077,2644.12720036,2646.31172865,2645.03715593,2647.91160671
eth4h:row13769:1705075200,2024-01-12 16:00:00,2584.43000000,-0.01678567,0.03692753,-0.07954352,-0.04400269,-0.07761270,-0.02781936,-0.0001807675,0.0010112782,-0.0011106467,-0.0002724686,-0.0007808537,0.0003348612,2583.96286134,2587.04489974,2581.56120471,2583.72591980,2582.41272600,2585.29557013
eth4h:row13770:1705089600,2024-01-12 20:00:00,2522.54000000,-0.01419084,0.03693766,-0.07787257,-0.04500739,-0.07701097,-0.02997660,-0.0001302388,0.0010114755,-0.0010781084,-0.0002920329,-0.0007691364,0.0002928535,2522.21148883,2525.09277831,2519.82189379,2521.80344283,2520.60056856,2523.27884297
eth4h:row13771:1705104000,2024-01-13 00:00:00,2548.53000000,-0.01285999,0.03368945,-0.07612079,-0.04517065,-0.07677181,-0.02870401,-0.0001043233,0.0009482236,-0.0010439963,-0.0002952120,-0.0007644792,0.0003176345,2548.26414277,2550.94772230,2545.87073247,2547.77775440,2546.58244629,2549.33962955
eth4h:row13772:1705118400,2024-01-13 04:00:00,2550.99000000,-0.01174538,0.03119398,-0.07357078,-0.04466329,-0.07743292,-0.02912211,-0.0000826188,0.0008996298,-0.0009943404,-0.0002853324,-0.0007773528,0.0003094929,2550.77924909,2553.28597914,2548.45470814,2550.26222383,2549.00775130,2551.77963557
eth4h:row13773:1705132800,2024-01-13 08:00:00,2542.50000000,-0.01221960,0.03305460,-0.07185059,-0.04331676,-0.08057795,-0.02923095,-0.0000918531,0.0009358613,-0.0009608435,-0.0002591116,-0.0008385957,0.0003073735,2542.26647432,2544.88054100,2540.05822876,2541.84129403,2540.36876430,2543.28161737
eth4h:row13774:1705147200,2024-01-13 12:00:00,2563.83000000,-0.01296728,0.03489453,-0.07191383,-0.04265199,-0.08011505,-0.03093448,-0.0001064125,0.0009716900,-0.0009620749,-0.0002461667,-0.0008295816,0.0002742010,2563.55719089,2566.32245880,2561.36458956,2563.19894821,2561.70397581,2564.53310107
eth4h:row13775:1705161600,2024-01-13 16:00:00,2571.91000000,-0.01136725,0.03194959,-0.07412212,-0.04747228,-0.07798591,-0.03400232,-0.0000752555,0.0009143436,-0.0010050767,-0.0003400313,-0.0007881212,0.0002144615,2571.71645703,2574.26268477,2569.32633189,2571.03561867,2569.88382166,2572.46163480
eth4h:row13776:1705176000,2024-01-13 20:00:00,2578.19000000,-0.01077097,0.03167856,-0.07283740,-0.04829113,-0.07969341,-0.03587612,-0.0000636441,0.0009090660,-0.0009800595,-0.0003559766,-0.0008213710,0.0001779732,2578.02591865,2580.53481047,2575.66445807,2577.27238791,2576.07321896,2578.64888947
eth4h:row13777:1705190400,2024-01-14 00:00:00,2550.99000000,-0.01143019,0.03200794,-0.07214981,-0.04629479,-0.07999715,-0.03400693,-0.0000764811,0.0009154799,-0.0009666700,-0.0003171023,-0.0008272858,0.0002143715,2550.79490488,2553.32644929,2548.52522591,2550.18120353,2548.88047496,2551.53691827
eth4h:row13778:1705204800,2024-01-14 04:00:00,2550.83000000,-0.01375609,0.03048546,-0.07250898,-0.04475246,-0.07906538,-0.03264117,-0.0001217729,0.0008858329,-0.0009736642,-0.0002870687,-0.0008091416,0.0002409669,2550.51939706,2553.09061015,2548.34755677,2550.09784157,2548.76685219,2551.44473961
eth4h:row13779:1705219200,2024-01-14 08:00:00,2538.00000000,-0.01198070,0.03184975,-0.07369762,-0.04558168,-0.07600830,-0.03407696,-0.0000872011,0.0009123994,-0.0009968104,-0.0003032160,-0.0007496116,0.0002130080,2537.77869329,2540.31672650,2535.47135581,2537.23055447,2536.09819866,2538.54067199
eth4h:row13780:1705233600,2024-01-14 12:00:00,2537.68000000,-0.01097255,0.03347588,-0.07320976,-0.04402046,-0.07327500,-0.03435334,-0.0000675695,0.0009440649,-0.0009873103,-0.0002728145,-0.0006963864,0.0002076260,2537.50853606,2540.07686579,2535.17575893,2536.98777848,2535.91340938,2538.20694306
eth4h:row13781:1705248000,2024-01-14 16:00:00,2501.00000000,-0.01143234,0.03491575,-0.07450538,-0.04385464,-0.07330313,-0.03302908,-0.0000765229,0.0009721032,-0.0010125398,-0.0002695855,-0.0006969342,0.0002334132,2500.80862353,2503.43241226,2498.46891963,2500.32585746,2499.25757475,2501.58383462
eth4h:row13782:1705262400,2024-01-14 20:00:00,2472.87000000,-0.01219790,0.03427178,-0.07421201,-0.04357080,-0.07434145,-0.03270253,-0.0000914306,0.0009595633,-0.0010068270,-0.0002640584,-0.0007171531,0.0002397720,2472.64391441,2475.24401420,2470.38150078,2472.21710408,2471.09720931,2473.46299600
eth4h:row13783:1705276800,2024-01-15 00:00:00,2503.32000000,-0.01596277,0.03247822,-0.07474285,-0.04264550,-0.07317263,-0.03270182,-0.0001647432,0.0009246376,-0.0010171639,-0.0002460401,-0.0006943929,0.0002397859,2502.90762892,2505.63573414,2500.77500783,2502.70415855,2501.58231567,2503.92033280
eth4h:row13784:1705291200,2024-01-15 04:00:00,2513.29000000,-0.01949637,0.03459335,-0.07821517,-0.04069469,-0.06902872,-0.03070947,-0.0002335525,0.0009658252,-0.0010847800,-0.0002080525,-0.0006136993,0.0002785825,2512.70308337,2515.71857130,2510.56511152,2512.76715807,2511.74806896,2513.99025617
eth4h:row13785:1705305600,2024-01-15 08:00:00,2539.35000000,-0.01931684,0.03586561,-0.07879560,-0.04098998,-0.06917165,-0.03058414,-0.0002300566,0.0009905997,-0.0010960826,-0.0002138025,-0.0006164826,0.0002810231,2538.76587307,2541.86672566,2536.56818745,2538.80713869,2537.78501746,2540.06371632
eth4h:row13786:1705320000,2024-01-15 12:00:00,2514.49000000,-0.01911669,0.03584088,-0.07772320,-0.03952776,-0.06895952,-0.02800083,-0.0002261590,0.0009901180,-0.0010751998,-0.0001853289,-0.0006123517,0.0003313275,2513.92138970,2516.98087477,2511.78787377,2514.02403554,2512.95071905,2515.32325770
eth4h:row13787:1705334400,2024-01-15 16:00:00,2534.70000000,-0.02022486,0.03314812,-0.07626229,-0.03876875,-0.06919533,-0.02765819,-0.0002477382,0.0009376823,-0.0010467517,-0.0001705489,-0.0006169436,0.0003379996,2534.07213568,2537.07785811,2532.04818650,2534.26774657,2533.13671525,2535.55687242
eth4h:row13788:1705348800,2024-01-15 20:00:00,2511.78000000,-0.02351313,0.03109295,-0.07604521,-0.03681092,-0.07035835,-0.02403491,-0.0003117702,0.0008976624,-0.0010425246,-0.0001324243,-0.0006395909,0.0004085551,2510.99702399,2514.03574282,2509.16277212,2511.44740128,2510.17400189,2512.80641020
eth4h:row13789:1705363200,2024-01-16 00:00:00,2537.60000000,-0.02688735,0.03240634,-0.07737457,-0.03427486,-0.06967601,-0.02010619,-0.0003774758,0.0009232378,-0.0010684110,-0.0000830401,-0.0006263039,0.0004850585,2536.64229820,2539.94389003,2534.89024798,2537.38928631,2536.01118889,2538.83118292
eth4h:row13790:1705377600,2024-01-16 04:00:00,2528.26000000,-0.02781587,0.03409535,-0.07950097,-0.03477142,-0.06837142,-0.02129632,-0.0003955567,0.0009561277,-0.0011098180,-0.0000927096,-0.0006008997,0.0004618833,2527.26012750,2530.67849554,2525.45564800,2528.02561686,2526.74122577,2529.42803086
eth4h:row13791:1705392000,2024-01-16 08:00:00,2530.77000000,-0.02589588,0.03451998,-0.08036392,-0.03675095,-0.06601627,-0.02310112,-0.0003581692,0.0009643964,-0.0011266222,-0.0001312567,-0.0005550383,0.0004267388,2529.86371850,2533.21184266,2527.92038385,2530.43784134,2529.36571538,2531.85020814
eth4h:row13792:1705406400,2024-01-16 12:00:00,2559.44000000,-0.02408080,0.03371454,-0.07906263,-0.03849797,-0.06923288,-0.02421426,-0.0003228244,0.0009487122,-0.0011012824,-0.0001652760,-0.0006176749,0.0004050626,2558.61388366,2561.86932417,2556.62288523,2559.01702104,2557.85958641,2560.47694353
eth4h:row13793:1705420800,2024-01-16 16:00:00,2574.06000000,-0.02677910,0.03383905,-0.07791936,-0.03583036,-0.07238556,-0.02182141,-0.0003753680,0.0009511369,-0.0010790196,-0.0001133301,-0.0006790666,0.0004516584,2573.09396154,2576.50944803,2571.28403680,2573.76829804,2572.31263530,2575.22285838
eth4h:row13794:1705435200,2024-01-16 20:00:00,2587.40000000,-0.02712958,0.03438378,-0.07715439,-0.03428398,-0.07292627,-0.02084674,-0.0003821928,0.0009617442,-0.0010641235,-0.0000832176,-0.0006895956,0.0004706380,2586.41130340,2589.88961402,2584.64815123,2587.18469164,2585.61635545,2588.61801531
eth4h:row13795:1705449600,2024-01-17 00:00:00,2571.43000000,-0.03099125,0.03083510,-0.07765304,-0.03233407,-0.07146083,-0.01690173,-0.0004573904,0.0008926414,-0.0010738337,-0.0000452474,-0.0006610593,0.0005474585,2570.25412165,2573.72638954,2568.67019388,2571.31365205,2569.73069398,2572.83813660
eth4h:row13796:1705464000,2024-01-17 04:00:00,2552.52000000,-0.02787869,0.03381903,-0.07753073,-0.03379808,-0.07120062,-0.01887865,-0.0003967801,0.0009507469,-0.0010714520,-0.0000737558,-0.0006559924,0.0005089622,2551.50741180,2554.94795440,2549.78656199,2552.33174368,2550.84611537,2553.81946686
eth4h:row13797:1705478400,2024-01-17 08:00:00,2542.85000000,-0.02710598,0.03390885,-0.07806634,-0.03312079,-0.06981590,-0.01687637,-0.0003817331,0.0009524960,-0.0010818818,-0.0000605671,-0.0006290280,0.0005479524,2541.87949515,2545.27320832,2540.10042452,2542.69599154,2541.25097920,2544.24374246
eth4h:row13798:1705492800,2024-01-17 12:00:00,2539.46000000,-0.02688282,0.03617693,-0.07992189,-0.03381310,-0.06815417,-0.01588299,-0.0003773876,0.0009966619,-0.0011180147,-0.0000740483,-0.0005966693,0.0005672961,2538.50182015,2541.99224467,2536.62243301,2539.27196419,2537.94523411,2540.90103449
eth4h:row13799:1705507200,2024-01-17 16:00:00,2533.29000000,-0.02596145,0.03808469,-0.08036470,-0.03516654,-0.06804669,-0.02055589,-0.0003594459,0.0010338115,-0.0011266373,-0.0001004037,-0.0005945763,0.0004763015,2532.37958288,2535.91029855,2530.43750818,2533.03566107,2531.78421343,2534.49689718
eth4h:row13800:1705521600,2024-01-17 20:00:00,2530.19000000,-0.02517598,0.03752262,-0.08008694,-0.03603051,-0.06824526,-0.02215618,-0.0003441506,0.0010228664,-0.0011212286,-0.0001172276,-0.0005984431,0.0004451395,2529.31938345,2532.77937031,2527.35466853,2529.89340918,2528.67627822,2531.31653817
eth4h:row13801:1705536000,2024-01-18 00:00:00,2529.94000000,-0.02722066,0.03739215,-0.08171641,-0.03719298,-0.06951599,-0.02259619,-0.0003839663,0.0010203257,-0.0011529590,-0.0001398642,-0.0006231878,0.0004365711,2528.96877485,2532.52268005,2527.02476380,2529.58617666,2528.36386353,2531.04473984
eth4h:row13802:1705550400,2024-01-18 04:00:00,2538.99000000,-0.02839904,0.03656537,-0.08186411,-0.03653256,-0.07231763,-0.01976296,-0.0004069127,0.0010042260,-0.0011558351,-0.0001270040,-0.0006777437,0.0004917422,2537.95706278,2541.54100039,2536.05704145,2538.66755865,2537.26979857,2540.23883552
eth4h:row13803:1705564800,2024-01-18 08:00:00,2522.41000000,-0.02952557,0.03480352,-0.08364408,-0.03531490,-0.06598112,-0.01685583,-0.0004288494,0.0009699177,-0.0011904963,-0.0001032926,-0.0005543538,0.0005483522,2521.32849780,2524.85771691,2519.40886704,2522.14946713,2521.01207986,2523.79354839
eth4h:row13804:1705579200,2024-01-18 12:00:00,2525.64000000,-0.03030436,0.03540993,-0.08277916,-0.03319315,-0.06604715,-0.01589608,-0.0004440148,0.0009817264,-0.0011736538,-0.0000619762,-0.0005556396,0.0005670413,2524.51882744,2528.12070485,2522.67751188,2525.48347532,2524.23704429,2527.07254841
eth4h:row13805:1705593600,2024-01-18 16:00:00,2439.50000000,-0.02826672,0.03950090,-0.08205932,-0.03243486,-0.06567645,-0.01763126,-0.0004043361,0.0010613891,-0.0011596363,-0.0000472101,-0.0005484211,0.0005332524,2438.51382158,2442.09063320,2436.67270676,2439.38483363,2438.16249362,2440.80121625
eth4h:row13806:1705608000,2024-01-18 20:00:00,2470.81000000,-0.02406793,0.03803987,-0.08108997,-0.03544472,-0.06761619,-0.01912994,-0.0003225737,0.0010329387,-0.0011407603,-0.0001058206,-0.0005861934,0.0005040688,2470.01311021,2473.36351379,2467.99300500,2470.54855134,2469.36205197,2472.05577220
eth4h:row13807:1705622400,2024-01-19 00:00:00,2460.40000000,-0.02590303,0.03881509,-0.08299666,-0.03648512,-0.06799778,-0.01972547,-0.0003583085,0.0010480344,-0.0011778891,-0.0001260801,-0.0005936240,0.0004924722,2459.51857579,2462.97993546,2457.50362787,2460.08981212,2458.93988094,2461.61197713
eth4h:row13808:1705636800,2024-01-19 04:00:00,2465.51000000,-0.02600031,0.04369701,-0.08574944,-0.03523688,-0.06438105,-0.02003580,-0.0003602027,0.0011430992,-0.0012314935,-0.0001017733,-0.0005231959,0.0004864292,2464.62207663,2468.32993390,2462.47560918,2465.25908969,2464.22039269,2466.70958782
eth4h:row13809:1705651200,2024-01-19 08:00:00,2488.97000000,-0.02797954,0.04020066,-0.08608001,-0.03589026,-0.06553502,-0.01806089,-0.0003987439,0.0010750153,-0.0012379306,-0.0001144966,-0.0005456671,0.0005248863,2487.97773614,2491.64711966,2485.89073418,2488.68503776,2487.61222150,2490.27676924
eth4h:row13810:1705665600,2024-01-19 12:00:00,2462.98000000,-0.02640491,0.04343558,-0.08849972,-0.03897534,-0.06424066,-0.02200199,-0.0003680813,0.0011380085,-0.0012850492,-0.0001745718,-0.0005204622,0.0004481418,2462.07358991,2465.78448759,2459.81698216,2462.55007071,2461.69844550,2464.08401176
eth4h:row13811:1705680000,2024-01-19 16:00:00,2493.37000000,-0.02341764,0.04527456,-0.08686673,-0.03855048,-0.06542456,-0.02277210,-0.0003099108,0.0011738187,-0.0012532503,-0.0001662985,-0.0005435161,0.0004331457,2492.59739751,2496.29848271,2490.24714051,2492.95539074,2492.01518158,2494.45022636
eth4h:row13812:1705694400,2024-01-19 20:00:00,2492.00000000,-0.02929335,0.03873152,-0.08780163,-0.03428720,-0.06130949,-0.01247254,-0.0004243275,0.0010464071,-0.0012714555,-0.0000832803,-0.0004633839,0.0006337074,2490.94280027,2494.60901132,2488.83354643,2491.79247410,2490.84551473,2493.57969938
eth4h:row13813:1705708800,2024-01-20 00:00:00,2481.22000000,-0.02525239,0.04561580,-0.08644318,-0.03556721,-0.06534351,-0.01895211,-0.0003456386,0.0011804635,-0.0012450026,-0.0001082057,-0.0005419378,0.0005075317,2480.36254287,2484.15071918,2478.13279686,2480.95153228,2479.87569730,2482.47961736
eth4h:row13814:1705723200,2024-01-20 04:00:00,2478.47000000,-0.02900486,0.03983582,-0.08555483,-0.03306220,-0.06398022,-0.01501335,-0.0004187098,0.0010679109,-0.0012277039,-0.0000594262,-0.0005153907,0.0005842306,2477.43245752,2481.11819883,2475.42903970,2478.32271835,2477.19294882,2479.91842108
eth4h:row13815:1705737600,2024-01-20 08:00:00,2470.59000000,-0.03052740,0.04105247,-0.08895885,-0.03369693,-0.06108372,-0.01227724,-0.0004483580,0.0010916025,-0.0012939899,-0.0000717862,-0.0004589876,0.0006375104,2469.48253947,2473.28837474,2467.39514899,2470.41265214,2469.45629001,2472.16552888
eth4h:row13816:1705752000,2024-01-20 12:00:00,2463.83000000,-0.02800553,0.04569585,-0.08987682,-0.03554462,-0.06338033,-0.01597386,-0.0003992500,0.0011820223,-0.0013118654,-0.0001077658,-0.0005037091,0.0005655267,2462.84651223,2466.74402391,2460.59990585,2463.56449759,2462.58925896,2465.22375563
eth4h:row13817:1705766400,2024-01-20 16:00:00,2461.52000000,-0.02996509,0.04373885,-0.09148144,-0.03250967,-0.05771034,-0.00781986,-0.0004374082,0.0011439140,-0.0013431118,-0.0000486668,-0.0003932982,0.0007243083,2460.44354632,2464.33737824,2458.21612256,2461.40020870,2460.55207890,2463.30354519
eth4h:row13818:1705780800,2024-01-20 20:00:00,2472.01000000,-0.02947419,0.04424561,-0.09061413,-0.03482978,-0.05900716,-0.01492697,-0.0004278489,0.0011537820,-0.0013262229,-0.0000938459,-0.0004185510,0.0005859127,2470.95257936,2474.86380668,2468.73373671,2471.77802286,2470.97555433,2473.45880646
eth4h:row13819:1705795200,2024-01-21 00:00:00,2475.42000000,-0.02943926,0.04358364,-0.08923417,-0.03530512,-0.06318755,-0.01702967,-0.0004271688,0.0011408916,-0.0012993510,-0.0001031023,-0.0004999552,0.0005449671,2474.36280365,2478.24579751,2472.20564918,2475.16479175,2474.18271027,2476.76939013
eth4h:row13820:1705809600,2024-01-21 04:00:00,2476.06000000,-0.03047662,0.04404057,-0.08949666,-0.03182660,-0.06152593,-0.00980001,-0.0004473691,0.0011497893,-0.0013044626,-0.0000353655,-0.0004675986,0.0006857490,2474.95253496,2478.90858461,2472.83217798,2475.97243453,2474.90246839,2477.75853808
eth4h:row13821:1705824000,2024-01-21 08:00:00,2473.65000000,-0.03368573,0.04445345,-0.09007507,-0.03250508,-0.06509495,-0.01271586,-0.0005098597,0.0011578293,-0.0013157258,-0.0000485774,-0.0005370975,0.0006289693,2472.38910706,2476.51572306,2470.39749505,2473.52983945,2472.32176539,2475.20633923
eth4h:row13822:1705838400,2024-01-21 12:00:00,2468.01000000,-0.03256373,0.04228223,-0.08905702,-0.03039412,-0.05961725,-0.00947457,-0.0004880112,0.0011155495,-0.0012959015,-0.0000074710,-0.0004304313,0.0006920863,2466.80587732,2470.76472351,2464.81377352,2467.99156146,2466.94791982,2469.71866713
eth4h:row13823:1705852800,2024-01-21 16:00:00,2474.26000000,-0.02961760,0.04308779,-0.08751308,-0.02999912,-0.06024062,-0.00969064,-0.0004306415,0.0011312360,-0.0012658366,0.0000002207,-0.0004425699,0.0006878789,2473.19471031,2477.06055563,2471.12997249,2474.26054614,2473.16520927,2475.96257669
eth4h:row13824:1705867200,2024-01-21 20:00:00,2457.05000000,-0.03166192,0.04736043,-0.09073048,-0.03132598,-0.06010487,-0.01234981,-0.0004704502,0.0012144364,-0.0013284885,-0.0000256170,-0.0004399265,0.0006360972,2455.89435211,2460.03574356,2453.78800446,2456.98705860,2455.96931639,2458.61341993
eth4h:row13825:1705881600,2024-01-22 00:00:00,2437.56000000,-0.02788882,0.04835445,-0.08840000,-0.02877961,-0.05998202,-0.00843228,-0.0003969774,0.0012337929,-0.0012831074,0.0000239681,-0.0004375343,0.0007123827,2436.59253582,2440.56930029,2434.43435432,2437.61842431,2436.49371710,2439.29709419
eth4h:row13826:1705896000,2024-01-22 04:00:00,2420.80000000,-0.02956395,0.04869378,-0.09074133,-0.03081046,-0.05862406,-0.01268364,-0.0004295969,0.0012404006,-0.0013286998,-0.0000155783,-0.0004110910,0.0006295966,2419.76025514,2423.80462489,2417.58561950,2420.76228826,2419.80503534,2422.32460737
eth4h:row13827:1705910400,2024-01-22 08:00:00,2381.34000000,-0.03033011,0.05279458,-0.09487545,-0.03210227,-0.05499973,-0.01377985,-0.0004445162,0.0013202548,-0.0014092028,-0.0000407336,-0.0003405149,0.0006082504,2380.28169106,2384.48605197,2377.98657236,2381.24300149,2380.52925619,2382.78889163
eth4h:row13828:1705924800,2024-01-22 12:00:00,2379.61000000,-0.03139370,0.05211163,-0.09285133,-0.02851967,-0.05706396,-0.00943750,-0.0004652272,0.0013069559,-0.0013697876,0.0000290298,-0.0003807113,0.0006928082,2378.50319815,2382.72207844,2376.35267125,2379.67908051,2378.70422795,2381.25918464
eth4h:row13829:1705939200,2024-01-22 16:00:00,2321.87000000,-0.03243070,0.05053885,-0.09555440,-0.03169618,-0.05628501,-0.01052862,-0.0004854206,0.0012763292,-0.0014224240,-0.0000328259,-0.0003655431,0.0006715610,2320.74319003,2324.83536248,2318.56966412,2321.79378374,2321.02141158,2323.42980100
eth4h:row13830:1705953600,2024-01-22 20:00:00,2314.20000000,-0.03262203,0.04704214,-0.09337353,-0.02968602,-0.05569667,-0.00785708,-0.0004891463,0.0012082384,-0.0013799562,0.0000063177,-0.0003540864,0.0007235835,2313.06829436,2316.99779517,2311.00870777,2314.21462055,2313.38071834,2315.87512280
eth4h:row13831:1705968000,2024-01-23 00:00:00,2339.16000000,-0.03611677,0.04195387,-0.09230851,-0.02702628,-0.05474668,-0.00327181,-0.0005571988,0.0011091553,-0.0013592173,0.0000581104,-0.0003355873,0.0008128716,2337.85698582,2341.75593119,2335.98273298,2339.29593345,2338.37513929,2341.06220977
eth4h:row13832:1705982400,2024-01-23 04:00:00,2323.49000000,-0.03584485,0.04639853,-0.09444683,-0.02784191,-0.05614892,-0.00348577,-0.0005519039,0.0011957055,-0.0014008564,0.0000422278,-0.0003628930,0.0008087054,2322.20801071,2326.26987132,2320.23740285,2323.58811785,2322.64697475,2325.36977884
eth4h:row13833:1705996800,2024-01-23 08:00:00,2218.14000000,-0.03315585,0.05140609,-0.09352761,-0.02694653,-0.05746839,-0.00514134,-0.0004995413,0.0012932170,-0.0013829565,0.0000596634,-0.0003885868,0.0007764666,2217.03222415,2221.01039193,2215.07452896,2218.27234565,2217.27822758,2219.86298036
eth4h:row13834:1706011200,2024-01-23 12:00:00,2219.39000000,-0.03192573,0.05017073,-0.09460913,-0.03083311,-0.05632820,-0.00941477,-0.0004755874,0.0012691609,-0.0014040169,-0.0000160194,-0.0003663840,0.0006932508,2218.33473710,2222.20855123,2216.27612534,2219.35444701,2218.57699997,2220.92912722
eth4h:row13835:1706025600,2024-01-23 16:00:00,2185.70000000,-0.02825050,0.05274565,-0.09343898,-0.03273277,-0.05880723,-0.01384917,-0.0004040204,0.0013193019,-0.0013812306,-0.0000530112,-0.0004146578,0.0006069005,2184.81711108,2188.58550120,2182.68312820,2185.58413658,2184.79387037,2187.02690514
eth4h:row13836:1706040000,2024-01-23 20:00:00,2242.60000000,-0.02928214,0.05379141,-0.09442615,-0.03092561,-0.05845940,-0.00950336,-0.0004241093,0.0013396659,-0.0014004537,-0.0000178208,-0.0004078847,0.0006915257,2241.64909423,2245.60634805,2239.46154074,2242.56003554,2241.68546434,2244.15135188
eth4h:row13837:1706054400,2024-01-24 00:00:00,2213.45000000,-0.03248065,0.05271781,-0.09552311,-0.02923230,-0.05818820,-0.00489419,-0.0004863932,0.0013187599,-0.0014218147,0.0000151528,-0.0004026036,0.0007812793,2212.37365471,2216.37093464,2210.30512056,2213.48354015,2212.55903637,2215.17999835
eth4h:row13838:1706068800,2024-01-24 04:00:00,2234.51000000,-0.02956050,0.05506516,-0.09511893,-0.02937810,-0.05514548,-0.00743346,-0.0004295296,0.0013644695,-0.0014139442,0.0000123138,-0.0003433531,0.0007318326,2233.55041792,2237.56100167,2231.35276025,2234.53751540,2233.74290582,2236.14588587
eth4h:row13839:1706083200,2024-01-24 08:00:00,2244.16000000,-0.02909165,0.05310685,-0.09492128,-0.02830867,-0.05372680,-0.00385525,-0.0004203998,0.0013263356,-0.0014100954,0.0000331385,-0.0003157273,0.0008015104,2243.21675398,2247.13848407,2240.99775043,2244.23436941,2243.45156915,2245.95943855
eth4h:row13840:1706097600,2024-01-24 12:00:00,2234.88000000,-0.02930193,0.05419488,-0.09434437,-0.02814047,-0.05674269,-0.00356519,-0.0004244946,0.0013475225,-0.0013988612,0.0000364140,-0.0003744553,0.0008071588,2233.93150683,2237.89358103,2231.75589862,2234.96138230,2234.04329399,2236.68463123
eth4h:row13841:1706112000,2024-01-24 16:00:00,2213.13000000,-0.02801697,0.05394305,-0.09336769,-0.02993933,-0.05994955,-0.00702121,-0.0003994728,0.0013426186,-0.0013798425,0.0000013849,-0.0004369021,0.0007398601,2212.24609123,2216.10338523,2210.07833514,2213.13306493,2212.16329015,2214.76801253
eth4h:row13842:1706126400,2024-01-24 20:00:00,2235.02000000,-0.03238742,0.04929025,-0.09435039,-0.02915392,-0.05913923,-0.00403435,-0.0004845779,0.0012520155,-0.0013989785,0.0000166791,-0.0004211227,0.0007980228,2233.93722100,2237.82003206,2231.89544127,2235.05727833,2234.07898045,2236.80430888
eth4h:row13843:1706140800,2024-01-25 00:00:00,2216.88000000,-0.03390329,0.05428935,-0.09716111,-0.03032241,-0.05900608,-0.00841348,-0.0005140961,0.0013493622,-0.0014537111,-0.0000060748,-0.0004185301,0.0007127489,2215.74060347,2219.87339310,2213.65963826,2216.86653304,2215.95236319,2218.46064196
eth4h:row13844:1706155200,2024-01-25 04:00:00,2227.64000000,-0.03310137,0.05345059,-0.09652352,-0.02963076,-0.05923757,-0.00666576,-0.0004984805,0.0013330292,-0.0014412954,0.0000073937,-0.0004230378,0.0007467818,2226.52984171,2230.61148922,2224.43162541,2227.65647052,2226.69782331,2229.30418232
eth4h:row13845:1706169600,2024-01-25 08:00:00,2231.59000000,-0.03029721,0.05292255,-0.09546422,-0.02981631,-0.05779453,-0.00563551,-0.0004438755,0.0013227468,-0.0014206679,0.0000037805,-0.0003949377,0.0007668437,2230.59967169,2234.54378163,2228.42190260,2231.59843656,2230.70883504,2233.30193709
eth4h:row13846:1706184000,2024-01-25 12:00:00,2188.00000000,-0.02860336,0.05445320,-0.09508144,-0.03035061,-0.05769942,-0.00824397,-0.0004108915,0.0013525528,-0.0014132141,-0.0000066238,-0.0003930855,0.0007160495,2187.10115401,2190.96138787,2184.91007144,2187.98550728,2187.14009786,2189.56727744
eth4h:row13847:1706198400,2024-01-25 16:00:00,2218.21000000,-0.03055780,0.05447198,-0.09305315,-0.02462355,-0.05716512,-0.00237760,-0.0004489500,0.0013529184,-0.0013737176,0.0001048982,-0.0003826813,0.0008302846,2217.21435824,2221.21308824,2215.16489792,2218.44269850,2217.36129497,2220.05251036
eth4h:row13848:1706212800,2024-01-25 20:00:00,2218.64000000,-0.03142934,0.05446834,-0.09309494,-0.02605806,-0.05902066,-0.00400667,-0.0004659213,0.0013528476,-0.0013745312,0.0000769643,-0.0004188139,0.0007985620,2217.60652915,2221.64351310,2215.59250495,2218.81076274,2217.71099738,2220.41242914
eth4h:row13849:1706227200,2024-01-26 00:00:00,2223.42000000,-0.03170185,0.06013877,-0.09573852,-0.02631567,-0.05667682,-0.00715471,-0.0004712279,0.0014632670,-0.0014260093,0.0000719479,-0.0003731728,0.0007372605,2222.37250932,2226.67583859,2220.25164190,2223.57997619,2222.59043501,2225.05984420
eth4h:row13850:1706241600,2024-01-26 04:00:00,2197.47000000,-0.03393893,0.05696286,-0.09614830,-0.02561877,-0.05614986,-0.00271138,-0.0005147902,0.0014014229,-0.0014339890,0.0000855185,-0.0003629113,0.0008237848,2196.33905507,2200.55174373,2194.32111056,2197.65793235,2196.67265807,2199.28098826
eth4h:row13851:1706256000,2024-01-26 08:00:00,2254.02000000,-0.03451459,0.05500758,-0.09618299,-0.02770196,-0.05857656,-0.00308637,-0.0005260000,0.0013633482,-0.0014346645,0.0000449530,-0.0004101660,0.0008164827,2252.83469728,2257.09510996,2250.78855617,2254.12132727,2253.09566725,2255.86111996
eth4h:row13852:1706270400,2024-01-26 12:00:00,2257.90000000,-0.03497450,0.05417640,-0.09416758,-0.02535151,-0.05782359,-0.00301849,-0.0005349557,0.0013471627,-0.0013954187,0.0000907229,-0.0003955035,0.0008178045,2256.69244649,2260.94380840,2254.75148143,2258.10485263,2257.00716920,2259.74727594
eth4h:row13853:1706284800,2024-01-26 16:00:00,2258.51000000,-0.03810244,0.05337197,-0.09467172,-0.02102105,-0.05360724,0.00220907,-0.0005958655,0.0013314983,-0.0014052356,0.0001750492,-0.0003133993,0.0009196000,2257.16463278,2261.51920505,2255.33849014,2258.90538503,2257.80229538,2260.58788108
eth4h:row13854:1706299200,2024-01-26 20:00:00,2267.68000000,-0.03918510,0.05320746,-0.09513318,-0.02430234,-0.05776972,-0.00178879,-0.0006169479,0.0013282948,-0.0014142216,0.0001111531,-0.0003944545,0.0008417503,2266.28139107,2270.69414895,2264.47526469,2267.93207364,2266.78567970,2269.58962387
eth4h:row13855:1706313600,2024-01-27 00:00:00,2274.13000000,-0.03320139,0.05401105,-0.09109234,-0.02598934,-0.06276301,-0.00407427,-0.0005004281,0.0013439430,-0.0013355350,0.0000783026,-0.0004916880,0.0007972455,2272.99224623,2277.18835571,2271.09484706,2274.30807725,2273.01211240,2275.94376278
eth4h:row13856:1706328000,2024-01-27 04:00:00,2258.45000000,-0.03493433,0.05245651,-0.09274214,-0.02502481,-0.05806257,-0.00294576,-0.0005341734,0.0013136715,-0.0013676612,0.0000970846,-0.0004001572,0.0008192208,2257.24391817,2261.41881099,2255.36331678,2258.66927132,2257.54644572,2260.30092720
eth4h:row13857:1706342400,2024-01-27 08:00:00,2265.48000000,-0.03948550,0.04434872,-0.09006529,-0.02370022,-0.06403705,0.00253198,-0.0006227977,0.0011557900,-0.0013155354,0.0001228782,-0.0005164974,0.0009258879,2264.06950358,2268.09993281,2262.50164025,2265.75839519,2264.31018768,2267.57855199
eth4h:row13858:1706356800,2024-01-27 12:00:00,2270.18000000,-0.03503316,0.04645146,-0.08831107,-0.02483825,-0.06458408,-0.00133080,-0.0005360978,0.0011967361,-0.0012813757,0.0001007175,-0.0005271494,0.0008506686,2268.96328760,2272.89843276,2267.27290941,2270.40865834,2268.98359128,2272.11199244
eth4h:row13859:1706371200,2024-01-27 16:00:00,2272.69000000,-0.03210394,0.04521842,-0.08931660,-0.02817474,-0.06367199,-0.00447863,-0.0004790578,0.0011727253,-0.0013009563,0.0000357466,-0.0005093885,0.0007893715,2271.60151092,2275.35680454,2269.73525215,2272.77124232,2271.53261256,2274.48470493
eth4h:row13860:1706385600,2024-01-27 20:00:00,2267.94000000,-0.03327541,0.04726613,-0.08935302,-0.02679674,-0.06387307,-0.00386327,-0.0005018696,0.0012126002,-0.0013016654,0.0000625801,-0.0005133041,0.0008013543,2266.80207538,2270.69177257,2264.98982141,2268.08193244,2266.77615591,2269.75815178
eth4h:row13861:1706400000,2024-01-28 00:00:00,2287.17000000,-0.02521889,0.04778952,-0.08537143,-0.03131102,-0.07194600,-0.00931951,-0.0003449863,0.0012227921,-0.0012241326,-0.0000253257,-0.0006705069,0.0006951058,2286.38109384,2289.96844393,2284.37191371,2287.11207665,2285.63695077,2288.76037779
eth4h:row13862:1706414400,2024-01-28 04:00:00,2282.92000000,-0.02622192,0.04644377,-0.08658116,-0.03197704,-0.07011095,-0.00952449,-0.0003645181,0.0011965864,-0.0012476895,-0.0000382950,-0.0006347733,0.0006911142,2282.08798610,2285.65334608,2280.07340079,2282.83257725,2281.47132320,2284.49830386
eth4h:row13863:1706428800,2024-01-28 08:00:00,2281.08000000,-0.02976458,0.04576922,-0.08736967,-0.03166960,-0.06917700,-0.01076299,-0.0004335037,0.0011834511,-0.0012630441,-0.0000323083,-0.0006165867,0.0006669972,2280.09135761,2283.78114465,2278.20071415,2281.00630347,2279.67394987,2282.60198156
eth4h:row13864:1706443200,2024-01-28 12:00:00,2270.17000000,-0.02979677,0.04600180,-0.08707362,-0.03017388,-0.06923501,-0.00689497,-0.0004341305,0.0011879800,-0.0012572790,-0.0000031824,-0.0006177163,0.0007423184,2269.18466387,2272.86851922,2267.31755643,2270.16277551,2268.76811190,2271.85581467
eth4h:row13865:1706457600,2024-01-28 16:00:00,2253.89000000,-0.02372830,0.04907907,-0.08958714,-0.03339271,-0.06293440,-0.00957265,-0.0003159602,0.0012479032,-0.0013062245,-0.0000658621,-0.0004950255,0.0006901764,2253.17797298,2256.70439221,2250.94783555,2253.74155893,2252.77454305,2255.44611867
eth4h:row13866:1706472000,2024-01-28 20:00:00,2256.90000000,-0.02385657,0.04878659,-0.08866852,-0.03336428,-0.06302252,-0.01141280,-0.0003184580,0.0012422078,-0.0012883363,-0.0000653085,-0.0004967416,0.0006543436,2256.18138667,2259.70528075,2253.99422609,2256.75261012,2255.77918235,2258.37727130
eth4h:row13867:1706486400,2024-01-29 00:00:00,2272.11000000,-0.02460079,0.04794485,-0.08779370,-0.03254102,-0.06321229,-0.01051823,-0.0003329501,0.0012258168,-0.0012713011,-0.0000492773,-0.0005004369,0.0006717632,2271.35362666,2274.89689832,2269.22329940,2271.99803937,2270.97323687,2273.63683274
eth4h:row13868:1706500800,2024-01-29 04:00:00,2259.40000000,-0.02318673,0.05240721,-0.08946978,-0.03340302,-0.06462353,-0.01158148,-0.0003054143,0.0013127116,-0.0013039392,-0.0000660629,-0.0005279178,0.0006510589,2258.71005223,2262.36788820,2256.45579977,2259.25074239,2258.20753733,2260.87148140
eth4h:row13869:1706515200,2024-01-29 08:00:00,2264.17000000,-0.02914136,0.05112232,-0.09007173,-0.03243760,-0.06468104,-0.01428544,-0.0004213678,0.0012876910,-0.0013156608,-0.0000472635,-0.0005290376,0.0005984050,2263.21615275,2267.08742935,2261.19307902,2264.06298991,2262.97248584,2265.52529614
eth4h:row13870:1706529600,2024-01-29 12:00:00,2275.80000000,-0.02955668,0.04778189,-0.09031069,-0.03348194,-0.06260225,-0.01438431,-0.0004294553,0.0012226435,-0.0013203139,-0.0000675996,-0.0004885577,0.0005964797,2274.82285544,2278.58419376,2272.79721230,2275.64616194,2274.68841200,2277.15787354
eth4h:row13871:1706544000,2024-01-29 16:00:00,2293.46000000,-0.02858691,0.04901040,-0.09203529,-0.03367768,-0.06054461,-0.01411678,-0.0004105712,0.0012465661,-0.0013538968,-0.0000714113,-0.0004484896,0.0006016894,2292.51856469,2296.32073217,2290.35699288,2293.29622692,2292.43163762,2294.84036586
eth4h:row13872:1706558400,2024-01-29 20:00:00,2317.60000000,-0.02864056,0.04948879,-0.09143215,-0.03050927,-0.06067634,-0.00846994,-0.0004116158,0.0012558817,-0.0013421520,-0.0000097135,-0.0004510547,0.0007116494,2316.64623555,2320.51245979,2314.49151509,2317.57748819,2316.55487134,2319.24990572
eth4h:row13873:1706572800,2024-01-30 00:00:00,2311.40000000,-0.02926641,0.04487265,-0.08440780,-0.02695118,-0.06499863,-0.00703576,-0.0004238028,0.0011659923,-0.0012053680,0.0000595728,-0.0005352219,0.0007395769,2310.42062966,2314.09664637,2308.61559092,2311.53770076,2310.16321911,2313.11009041
eth4h:row13874:1706587200,2024-01-30 04:00:00,2309.29000000,-0.02771418,0.04201902,-0.08527362,-0.03001652,-0.06302160,-0.00964558,-0.0003935766,0.0011104240,-0.0012222279,-0.0000001182,-0.0004967236,0.0006887563,2308.38129626,2311.85571519,2306.46924551,2309.28972707,2308.14320605,2310.88108600
eth4h:row13875:1706601600,2024-01-30 08:00:00,2314.01000000,-0.03043823,0.04155935,-0.08668541,-0.02984546,-0.06470312,-0.00649519,-0.0004466216,0.0011014729,-0.0012497196,0.0000032129,-0.0005294676,0.0007501034,2312.97674380,2316.56022345,2311.11994270,2314.01743479,2312.78513102,2315.74639781
eth4h:row13876:1706616000,2024-01-30 12:00:00,2340.91000000,-0.03200345,0.04415447,-0.08799063,-0.03016291,-0.06762154,-0.00589215,-0.0004771009,0.0011520073,-0.0012751359,-0.0000029688,-0.0005862975,0.0007618462,2339.79341615,2343.60829944,2337.92692383,2340.90305032,2339.53793247,2342.69409280
eth4h:row13877:1706630400,2024-01-30 16:00:00,2374.93000000,-0.02968710,0.04333443,-0.08876961,-0.03186814,-0.06413120,-0.00813387,-0.0004319949,0.0011360388,-0.0012903048,-0.0000361745,-0.0005183306,0.0007181936,2373.90426401,2377.62954578,2371.86759264,2374.84408976,2373.69931998,2376.63627213
eth4h:row13878:1706644800,2024-01-30 20:00:00,2343.01000000,-0.02658146,0.04381657,-0.08896678,-0.03430847,-0.06174055,-0.01247063,-0.0003715192,0.0011454275,-0.0012941443,-0.0000836947,-0.0004717779,0.0006337446,2342.13968842,2345.69528568,2339.97976824,2342.81391075,2341.90488033,2344.49534046
eth4h:row13879:1706659200,2024-01-31 00:00:00,2342.91000000,-0.02480416,0.04465020,-0.08521759,-0.03544752,-0.06892531,-0.01581061,-0.0003369103,0.0011616606,-0.0012211369,-0.0001058751,-0.0006116855,0.0005687057,2342.12078241,2345.63324779,2340.05073238,2342.66195728,2341.47731415,2344.24280533
eth4h:row13880:1706673600,2024-01-31 04:00:00,2340.84000000,-0.02390318,0.04360462,-0.08362668,-0.03470592,-0.07191148,-0.01210703,-0.0003193656,0.0011413001,-0.0011901574,-0.0000914340,-0.0006698349,0.0006408250,2340.09253559,2343.51312616,2338.05568923,2340.62597734,2339.27254879,2342.34054942
eth4h:row13881:1706688000,2024-01-31 08:00:00,2300.18000000,-0.02416735,0.04417742,-0.08547347,-0.03448496,-0.06863105,-0.01193091,-0.0003245097,0.0011524542,-0.0012261196,-0.0000871314,-0.0006059556,0.0006442544,2299.43369038,2302.83238018,2297.36143247,2299.97959077,2298.78661536,2301.66237865
eth4h:row13882:1706702400,2024-01-31 12:00:00,2329.42000000,-0.02656703,0.04015685,-0.08509826,-0.03378544,-0.06762451,-0.01078358,-0.0003712383,0.0010741623,-0.0012188132,-0.0000735098,-0.0005863553,0.0006665962,2328.55539048,2331.92351938,2326.58260165,2329.24877114,2328.05453262,2330.97330021
eth4h:row13883:1706716800,2024-01-31 16:00:00,2323.38000000,-0.02385788,0.04254241,-0.08444875,-0.03419803,-0.06701507,-0.01290863,-0.0003184835,0.0011206158,-0.0012061654,-0.0000815439,-0.0005744877,0.0006252154,2322.64015964,2325.98507574,2320.57930893,2323.19055014,2322.04563006,2324.83306707
eth4h:row13884:1706731200,2024-01-31 20:00:00,2283.14000000,-0.01961701,0.04697550,-0.08632880,-0.03773908,-0.06713629,-0.01787962,-0.0002359017,0.0012069408,-0.0012427753,-0.0001504983,-0.0005768482,0.0005284162,2282.60146691,2285.89727835,2280.30433250,2282.79641718,2281.82335452,2284.34676702
eth4h:row13885:1706745600,2024-02-01 00:00:00,2257.21000000,-0.02259402,0.04493511,-0.08562689,-0.03620146,-0.06945410,-0.01415363,-0.0002938726,0.0011672087,-0.0012291072,-0.0001205564,-0.0006219827,0.0006009718,2256.54676527,2259.84617324,2254.43735125,2256.93789519,2255.80649098,2258.56692734
eth4h:row13886:1706760000,2024-02-01 04:00:00,2271.96000000,-0.02260928,0.04396749,-0.08396792,-0.03711675,-0.07170379,-0.01752632,-0.0002941697,0.0011483663,-0.0011968022,-0.0001383797,-0.0006657905,0.0005352958,2271.29175641,2274.57054097,2269.24253969,2271.64562856,2270.44785406,2273.17649623
eth4h:row13887:1706774400,2024-02-01 08:00:00,2266.66000000,-0.02483289,0.04378272,-0.08617704,-0.03630201,-0.06762473,-0.01757581,-0.0003374698,0.0011447682,-0.0012398202,-0.0001225145,-0.0005863596,0.0005343322,2265.89519985,2269.25628615,2263.85149055,2266.38231830,2265.33131163,2267.87147298
eth4h:row13888:1706788800,2024-02-01 12:00:00,2288.88000000,-0.02951555,0.04403407,-0.08815896,-0.03316764,-0.06540065,-0.01223662,-0.0004286544,0.0011496628,-0.0012784137,-0.0000614794,-0.0005430503,0.0006383014,2287.89907166,2291.51295337,2285.95573409,2288.73928532,2287.63736038,2290.34146159
eth4h:row13889:1706803200,2024-02-01 16:00:00,2304.79000000,-0.02458851,0.04465593,-0.08589690,-0.03681282,-0.06875956,-0.01720386,-0.0003327110,0.0011617721,-0.0012343650,-0.0001324615,-0.0006084580,0.0005415750,2304.02329855,2307.46919666,2301.94680295,2304.48472438,2303.38805873,2306.03855481
eth4h:row13890:1706817600,2024-02-01 20:00:00,2304.28000000,-0.02026098,0.04287744,-0.08563208,-0.03762547,-0.06306240,-0.01652181,-0.0002484416,0.0011271399,-0.0012292082,-0.0001482861,-0.0004975181,0.0005548566,2303.70759210,2306.87871032,2301.44930032,2303.93833275,2303.13386422,2305.55889976
eth4h:row13891:1706832000,2024-02-02 00:00:00,2301.66000000,-0.02414005,0.04053194,-0.08313095,-0.03442292,-0.06563210,-0.01461449,-0.0003239781,0.0010814664,-0.0011805041,-0.0000859232,-0.0005475575,0.0005919975,2300.91443332,2304.15051432,2298.94448417,2301.46224259,2300.40005374,2303.02298042
eth4h:row13892:1706846400,2024-02-02 04:00:00,2313.73000000,-0.02817183,0.04004598,-0.08186590,-0.03351180,-0.07153070,-0.01440990,-0.0004024883,0.0010720034,-0.0011558700,-0.0000681811,-0.0006624199,0.0005959815,2312.79893821,2316.21165636,2311.05717400,2313.57225264,2312.19784670,2315.10935134
eth4h:row13893:1706860800,2024-02-02 08:00:00,2318.36000000,-0.02487140,0.03971095,-0.08243423,-0.03549109,-0.06979239,-0.01648590,-0.0003382196,0.0010654793,-0.0011669370,-0.0001067236,-0.0006285701,0.0005555559,2317.57601790,2320.83148093,2315.65619789,2318.11258957,2316.90320616,2319.64833645
eth4h:row13894:1706875200,2024-02-02 12:00:00,2313.99000000,-0.02857952,0.04091574,-0.08628499,-0.03633342,-0.06663874,-0.01823243,-0.0004104273,0.0010889399,-0.0012419222,-0.0001231262,-0.0005671595,0.0005215459,2313.04047029,2316.51116854,2311.11798830,2313.70510481,2312.67797064,2315.19716680
eth4h:row13895:1706889600,2024-02-02 16:00:00,2301.41000000,-0.02640324,0.04050613,-0.08501404,-0.03629796,-0.06766361,-0.01619711,-0.0003680488,0.0010809638,-0.0012171732,-0.0001224356,-0.0005871167,0.0005611794,2300.56312463,2303.89908593,2298.61048960,2301.12824280,2300.05920035,2302.70186626
eth4h:row13896:1706904000,2024-02-02 20:00:00,2309.06000000,-0.02026861,0.04040153,-0.08109360,-0.03617678,-0.06983639,-0.01645581,-0.0002485902,0.0010789268,-0.0011408311,-0.0001200759,-0.0006294269,0.0005561418,2308.48606174,2311.55265119,2306.42725448,2308.78275412,2307.60707272,2310.34452186
eth4h:row13897:1706918400,2024-02-03 00:00:00,2321.45000000,-0.02232807,0.04111553,-0.08226543,-0.03662245,-0.06953895,-0.01899549,-0.0002886937,0.0010928305,-0.0011636500,-0.0001287543,-0.0006236349,0.0005066870,2320.77990876,2323.98833809,2318.75021593,2321.15112264,2320.00271409,2322.62654657
eth4h:row13898:1706932800,2024-02-03 04:00:00,2314.39000000,-0.02572100,0.04088856,-0.08061164,-0.03198741,-0.07093704,-0.01514604,-0.0003547638,0.0010884107,-0.0011314460,-0.0000384970,-0.0006508596,0.0005816467,2313.56908391,2316.91037809,2311.77287365,2314.30090474,2312.88414711,2315.73654877
eth4h:row13899:1706947200,2024-02-03 08:00:00,2303.89000000,-0.02382116,0.04165686,-0.08317398,-0.03464155,-0.06897025,-0.01615277,-0.0003177685,0.0011033717,-0.0011813421,-0.0000901805,-0.0006125606,0.0005620429,2303.15801260,2306.43344999,2301.16992481,2303.68224340,2302.47915981,2305.18524900
eth4h:row13900:1706961600,2024-02-03 12:00:00,2303.64000000,-0.02359026,0.04282261,-0.08670109,-0.03769032,-0.06626189,-0.01785764,-0.0003132721,0.0011260721,-0.0012500248,-0.0001495489,-0.0005598212,0.0005288442,2302.91844694,2306.23552591,2300.76219187,2303.29551901,2302.35073446,2304.85858888
eth4h:row13901:1706976000,2024-02-03 16:00:00,2303.46000000,-0.02574401,0.04343475,-0.08476567,-0.03333900,-0.06574287,-0.01482734,-0.0003552118,0.0011379922,-0.0012123366,-0.0000648163,-0.0005497143,0.0005878528,2302.64192916,2306.08281167,2300.66912311,2303.31070297,2302.19410299,2304.81449341
eth4h:row13902:1706990400,2024-02-03 20:00:00,2296.49000000,-0.02476053,0.04416210,-0.08674996,-0.03453146,-0.06293626,-0.01472191,-0.0003360607,0.0011521559,-0.0012509766,-0.0000880367,-0.0004950618,0.0005899057,2295.71836962,2299.13743936,2293.61894101,2296.28783339,2295.35337693,2297.84511220
eth4h:row13903:1707004800,2024-02-04 00:00:00,2302.96000000,-0.02483242,0.04598583,-0.08716571,-0.03442458,-0.06326780,-0.01502427,-0.0003374605,0.0011876690,-0.0012590723,-0.0000859557,-0.0005015177,0.0005840179,2302.18297314,2305.69677902,2300.06223160,2302.76205605,2301.80531429,2304.30536270
eth4h:row13904:1707019200,2024-02-04 04:00:00,2290.78000000,-0.02579265,0.04798687,-0.08530056,-0.03324495,-0.06575868,-0.01866224,-0.0003561589,0.0012266350,-0.0012227525,-0.0000629848,-0.0005500222,0.0005131763,2289.96426360,2293.59167513,2287.98065480,2290.63572020,2289.52036658,2291.95587572
eth4h:row13905:1707033600,2024-02-04 08:00:00,2305.62000000,-0.02688222,0.04486693,-0.08639502,-0.03378360,-0.06395705,-0.01771208,-0.0003773760,0.0011658808,-0.0012440648,-0.0000734738,-0.0005149395,0.0005316786,2304.75007856,2308.30964580,2302.75344285,2305.45060356,2304.43305093,2306.84617470
eth4h:row13906:1707048000,2024-02-04 12:00:00,2301.68000000,-0.02883713,0.04558224,-0.08863174,-0.03349910,-0.06373830,-0.01413285,-0.0004154437,0.0011798101,-0.0012876201,-0.0000679339,-0.0005106798,0.0006013763,2300.72398018,2304.39714779,2298.71821773,2301.52364318,2300.50487863,2303.06459216
eth4h:row13907:1707062400,2024-02-04 16:00:00,2279.65000000,-0.03042607,0.04888494,-0.08817451,-0.03093533,-0.06490847,-0.01410955,-0.0004463849,0.0012441229,-0.0012787166,-0.0000180099,-0.0005334664,0.0006018302,2278.63262582,2282.48792974,2276.73683661,2279.60894401,2278.43420768,2281.02237504
eth4h:row13908:1707076800,2024-02-04 20:00:00,2289.79000000,-0.03090422,0.04317767,-0.08593928,-0.03028349,-0.06391421,-0.01340755,-0.0004556958,0.0011329863,-0.0012351903,-0.0000053168,-0.0005141052,0.0006155000,2288.74679008,2292.38577080,2286.96341971,2289.77782559,2288.61310956,2291.19979949
eth4h:row13909:1707091200,2024-02-05 00:00:00,2296.27000000,-0.02893083,0.04293603,-0.08645915,-0.03147457,-0.06235092,-0.01354354,-0.0004172683,0.0011282809,-0.0012453136,-0.0000285105,-0.0004836635,0.0006128519,2295.31203929,2298.86229971,2293.41220342,2296.20453304,2295.15964659,2297.67770473
eth4h:row13910:1707105600,2024-02-05 04:00:00,2310.17000000,-0.02869670,0.04589052,-0.08625030,-0.03015922,-0.06539650,-0.01223355,-0.0004127091,0.0011858131,-0.0012412467,-0.0000028968,-0.0005429697,0.0006383611,2309.21676844,2312.91105463,2307.30428811,2310.16330783,2308.91598823,2311.64519355
eth4h:row13911:1707120000,2024-02-05 08:00:00,2329.62000000,-0.03152804,0.04133863,-0.08556765,-0.02821450,-0.06506559,-0.00707619,-0.0004678434,0.0010971749,-0.0012279535,0.0000349724,-0.0005365259,0.0007387897,2328.53035764,2332.17740327,2326.76109067,2329.70147383,2328.37043374,2331.34173519
eth4h:row13912:1707134400,2024-02-05 12:00:00,2298.71000000,-0.02914958,0.04307408,-0.08653503,-0.03186117,-0.06437284,-0.01274556,-0.0004215279,0.0011309690,-0.0012467912,-0.0000360387,-0.0005230360,0.0006283910,2297.74123374,2301.31124045,2295.84577455,2298.62715908,2297.50800627,2300.15494254
eth4h:row13913:1707148800,2024-02-05 16:00:00,2304.48000000,-0.03060703,0.04107840,-0.08704280,-0.03216551,-0.06441216,-0.01204048,-0.0004499087,0.0010921074,-0.0012566789,-0.0000419650,-0.0005238018,0.0006421208,2303.44342767,2306.99811443,2301.58582740,2304.38329442,2303.27322540,2305.96022983
eth4h:row13914:1707163200,2024-02-05 20:00:00,2301.83000000,-0.03257005,0.04158492,-0.08748847,-0.03031270,-0.06513073,-0.00710356,-0.0004881342,0.0011019708,-0.0012653573,-0.0000058856,-0.0005377942,0.0007382567,2300.70667217,2304.36794753,2298.91920462,2301.81645247,2300.59242190,2303.52996877
eth4h:row13915:1707177600,2024-02-06 00:00:00,2316.85000000,-0.02915793,0.04554612,-0.08920937,-0.03319053,-0.06386045,-0.01161329,-0.0004216904,0.0011791067,-0.0012988682,-0.0000619251,-0.0005130583,0.0006504394,2315.87321252,2319.58342455,2313.84267069,2316.70653324,2315.66162577,2318.35746067
eth4h:row13916:1707192000,2024-02-06 04:00:00,2327.16000000,-0.02856319,0.04334224,-0.08858006,-0.03231190,-0.06121064,-0.00943878,-0.0004101092,0.0011361909,-0.0012866138,-0.0000448157,-0.0004614590,0.0006927833,2326.20580586,2329.80560061,2324.16776909,2327.05570914,2326.08635890,2328.77277615
eth4h:row13917:1707206400,2024-02-06 08:00:00,2325.49000000,-0.02687078,0.04424960,-0.08680772,-0.03378550,-0.06252304,-0.01419067,-0.0003771531,0.0011538598,-0.0012521013,-0.0000735109,-0.0004870151,0.0006002505,2324.61309955,2328.17483803,2322.58007319,2325.31905733,2324.35772690,2326.88629551
eth4h:row13918:1707220800,2024-02-06 12:00:00,2343.74000000,-0.02490752,0.04398198,-0.08421891,-0.03464757,-0.06919685,-0.01536592,-0.0003389229,0.0011486484,-0.0012016898,-0.0000902977,-0.0006169732,0.0005773649,2342.94578739,2346.43367985,2340.92524311,2343.52837514,2342.29442115,2345.09358401
eth4h:row13919:1707235200,2024-02-06 16:00:00,2379.12000000,-0.02786295,0.04007310,-0.08499461,-0.03275339,-0.06862478,-0.00808923,-0.0003964737,0.0010725315,-0.0012167948,-0.0000534127,-0.0006058334,0.0007190629,2378.17692854,2381.67305003,2376.22685973,2378.99292805,2377.67908618,2380.83135220
eth4h:row13920:1707249600,2024-02-06 20:00:00,2372.64000000,-0.02978115,0.04153401,-0.08736681,-0.03403841,-0.06697230,-0.01180088,-0.0004338264,0.0011009796,-0.0012629884,-0.0000784357,-0.0005736549,0.0006467865,2371.61090937,2375.25366670,2369.64527485,2372.45390769,2371.27931368,2374.17508779
eth4h:row13921:1707264000,2024-02-07 00:00:00,2364.75000000,-0.03088515,0.03872544,-0.08707326,-0.03203402,-0.06351823,-0.00886991,-0.0004553244,0.0010462887,-0.0012572721,-0.0000394046,-0.0005063943,0.0007038607,2363.67351681,2367.22550607,2361.77873416,2364.65681980,2363.55280724,2366.41504060
eth4h:row13922:1707278400,2024-02-07 04:00:00,2362.92000000,-0.02649431,0.04202975,-0.08594780,-0.03411261,-0.06585881,-0.01295861,-0.0003698223,0.0011106329,-0.0012353562,-0.0000798807,-0.0005519721,0.0006242421,2362.04630100,2365.54579451,2360.00275431,2362.73125582,2361.61609390,2364.39549473
eth4h:row13923:1707292800,2024-02-07 08:00:00,2361.66000000,-0.02474694,0.04408283,-0.08597630,-0.03715513,-0.06848064,-0.01831540,-0.0003357961,0.0011506122,-0.0012359110,-0.0001391272,-0.0006030266,0.0005199303,2360.86709699,2364.37891875,2358.74300126,2361.33145173,2360.23628551,2362.88821776
eth4h:row13924:1707307200,2024-02-07 12:00:00,2369.66000000,-0.02433400,0.04366673,-0.08553254,-0.03428851,-0.06660241,-0.01219645,-0.0003277549,0.0011425096,-0.0012272698,-0.0000833058,-0.0005664521,0.0006390837,2368.88345950,2372.36890639,2366.75357158,2369.46260168,2368.31808124,2371.17489499
eth4h:row13925:1707321600,2024-02-07 16:00:00,2419.96000000,-0.02495031,0.04234327,-0.08420455,-0.03583221,-0.07017587,-0.01655212,-0.0003397563,0.0011167380,-0.0012014101,-0.0001133661,-0.0006360376,0.0005542664,2419.13794304,2422.66397085,2417.05438143,2419.68567416,2418.42130395,2421.30167433
eth4h:row13926:1707336000,2024-02-07 20:00:00,2425.10000000,-0.02497225,0.04381103,-0.08526921,-0.03663872,-0.06796040,-0.01976892,-0.0003401834,0.0011453196,-0.0012221420,-0.0001290711,-0.0005928960,0.0004916261,2424.27516152,2427.87910562,2422.13799380,2424.78700979,2423.66259415,2426.29253562
eth4h:row13927:1707350400,2024-02-08 00:00:00,2433.48000000,-0.02444749,0.04289598,-0.08448362,-0.03572468,-0.06761676,-0.01828239,-0.0003299649,0.0011275009,-0.0012068443,-0.0001112722,-0.0005862044,0.0005205730,2432.67716958,2436.22529831,2430.54493985,2433.20923631,2432.05390134,2434.74713372
eth4h:row13928:1707364800,2024-02-08 04:00:00,2421.21000000,-0.02555864,0.04183251,-0.08696651,-0.03852866,-0.06837061,-0.01845154,-0.0003516021,0.0011067922,-0.0012551933,-0.0001658737,-0.0006008840,0.0005172793,2420.35884713,2423.89125990,2418.17281998,2420.80841822,2419.75557067,2422.46276576
eth4h:row13929:1707379200,2024-02-08 08:00:00,2425.30000000,-0.02228360,0.04053051,-0.08382606,-0.03792880,-0.06863622,-0.01833191,-0.0002878278,0.0010814385,-0.0011940398,-0.0001541927,-0.0006060562,0.0005196088,2424.60203161,2427.92423152,2422.40582346,2424.92606525,2423.83057712,2426.56053457
eth4h:row13930:1707393600,2024-02-08 12:00:00,2453.88000000,-0.02427201,0.03874911,-0.08146226,-0.03481112,-0.06838809,-0.01737126,-0.0003265478,0.0010467495,-0.0011480099,-0.0000934826,-0.0006012244,0.0005383153,2453.07882161,2456.44994249,2451.06453787,2453.65061559,2452.40511097,2455.20131675
eth4h:row13931:1707408000,2024-02-08 16:00:00,2421.53000000,-0.02564626,0.04062832,-0.08383565,-0.03654138,-0.06670162,-0.02040153,-0.0003533083,0.0010833432,-0.0011942267,-0.0001271758,-0.0005683840,0.0004793073,2420.67460451,2424.15476948,2418.63987033,2421.22205967,2420.15403209,2422.69093528
eth4h:row13932:1707422400,2024-02-08 20:00:00,2419.55000000,-0.02006571,0.04273684,-0.08109539,-0.03764306,-0.07139298,-0.02193975,-0.0002446392,0.0011244019,-0.0011408660,-0.0001486285,-0.0006597382,0.0004493539,2418.95815553,2422.27207675,2416.79119177,2419.19041275,2417.95425694,2420.63747848
eth4h:row13933:1707436800,2024-02-09 00:00:00,2448.67000000,-0.01990490,0.04049147,-0.08287471,-0.04152099,-0.07031640,-0.02483585,-0.0002415077,0.0010806783,-0.0011755143,-0.0002241429,-0.0006387741,0.0003929586,2448.07869863,2451.31765481,2445.79324447,2448.12120948,2447.10635242,2449.63241496
eth4h:row13934:1707451200,2024-02-09 04:00:00,2453.61000000,-0.02079825,0.04041160,-0.08397090,-0.04173831,-0.06882960,-0.02549526,-0.0002589039,0.0010791230,-0.0011968602,-0.0002283747,-0.0006098218,0.0003801181,2452.97483305,2456.25917603,2450.67512839,2453.04972148,2452.11419139,2454.54283877
eth4h:row13935:1707465600,2024-02-09 08:00:00,2503.20000000,-0.02251833,0.03861792,-0.08101457,-0.03822736,-0.07234597,-0.02203062,-0.0002923986,0.0010441949,-0.0011392921,-0.0001600065,-0.0006782956,0.0004475844,2502.46817493,2505.81519374,2500.34974797,2502.79950373,2501.50266622,2504.32064412
eth4h:row13936:1707480000,2024-02-09 12:00:00,2495.33000000,-0.02296774,0.04092694,-0.08389973,-0.03967635,-0.07011054,-0.02304670,-0.0003011500,0.0010891581,-0.0011954744,-0.0001882224,-0.0006347655,0.0004277985,2494.57864446,2498.04928955,2492.34867925,2494.86036709,2493.74655333,2496.39772670
eth4h:row13937:1707494400,2024-02-09 16:00:00,2485.96000000,-0.02195113,0.03996909,-0.08198612,-0.03966407,-0.07000491,-0.02556756,-0.0002813536,0.0010705061,-0.0011582110,-0.0001879833,-0.0006327085,0.0003787102,2485.26066458,2488.62266037,2483.08240043,2485.49272484,2484.38760957,2486.90163663
eth4h:row13938:1707508800,2024-02-09 20:00:00,2486.56000000,-0.01966410,0.03602899,-0.08059233,-0.03907071,-0.06841129,-0.02086112,-0.0002368186,0.0009937811,-0.0011310699,-0.0001764289,-0.0006016762,0.0004703580,2485.97120598,2489.03232459,2483.74911679,2486.12133775,2485.06434613,2487.72984842
eth4h:row13939:1707523200,2024-02-10 00:00:00,2512.21000000,-0.01821916,0.03752948,-0.07974153,-0.03997020,-0.07084186,-0.02166831,-0.0002086816,0.0010229998,-0.0011145025,-0.0001939446,-0.0006490063,0.0004546396,2511.68580262,2514.78130543,2509.41169540,2511.72281779,2510.58008881,2513.35240976
eth4h:row13940:1707537600,2024-02-10 04:00:00,2495.21000000,-0.02022116,0.03804881,-0.07909768,-0.03819285,-0.07242754,-0.02203118,-0.0002476663,0.0010331128,-0.0011019649,-0.0001593345,-0.0006798840,0.0004475734,2494.59209717,2497.78916538,2492.46188062,2494.81245867,2493.51412332,2496.32703959
eth4h:row13941:1707552000,2024-02-10 08:00:00,2483.10000000,-0.02109091,0.03616471,-0.07982718,-0.03866075,-0.06998657,-0.02287611,-0.0002646028,0.0009964239,-0.0011161704,-0.0001684458,-0.0006323513,0.0004311203,2482.44305173,2485.57545339,2480.32998359,2482.68176756,2481.53030494,2484.17074562
eth4h:row13942:1707566400,2024-02-10 12:00:00,2490.45000000,-0.02070730,0.03914417,-0.08278912,-0.04219840,-0.07088684,-0.02643087,-0.0002571327,0.0010544424,-0.0011738476,-0.0002373339,-0.0006498820,0.0003618990,2489.80970617,2493.07742116,2487.52830636,2489.85900181,2488.83202707,2491.35145448
eth4h:row13943:1707580800,2024-02-10 16:00:00,2497.51000000,-0.01962965,0.04005051,-0.08230942,-0.04196690,-0.07176065,-0.02510535,-0.0002361478,0.0010720916,-0.0011645065,-0.0002328259,-0.0006668978,0.0003877106,2496.92028823,2500.18899533,2494.60332605,2496.92858268,2495.84497139,2498.47849884
eth4h:row13944:1707595200,2024-02-10 20:00:00,2500.24000000,-0.01910977,0.03882921,-0.08057516,-0.04099498,-0.07177763,-0.02486121,-0.0002260244,0.0010483094,-0.0011307356,-0.0002139000,-0.0006672283,0.0003924647,2499.67494865,2502.86239952,2497.41448732,2499.70525589,2498.57232558,2501.22144855
eth4h:row13945:1707609600,2024-02-11 00:00:00,2529.02000000,-0.01996164,0.03586478,-0.07932793,-0.04082958,-0.07102987,-0.02607919,-0.0002426127,0.0009905834,-0.0011064486,-0.0002106791,-0.0006526674,0.0003687473,2528.40650204,2531.52644656,2526.22331692,2528.48724441,2527.36992971,2529.95274115
eth4h:row13946:1707624000,2024-02-11 04:00:00,2527.52000000,-0.01800089,0.03841580,-0.07839727,-0.03840451,-0.07114005,-0.02358161,-0.0002044312,0.0010402590,-0.0010883258,-0.0001634560,-0.0006548129,0.0004173823,2527.00334874,2530.15064354,2524.77073100,2527.10689537,2525.86548914,2528.57516231
eth4h:row13947:1707638400,2024-02-11 08:00:00,2531.28000000,-0.01903479,0.03800607,-0.07766264,-0.03757898,-0.07383731,-0.02287857,-0.0002245643,0.0010322806,-0.0010740206,-0.0001473807,-0.0007073362,0.0004310724,2530.71162880,2533.89434030,2528.56281265,2530.90696560,2529.49016720,2532.37140023
eth4h:row13948:1707652800,2024-02-11 12:00:00,2508.94000000,-0.01867156,0.03765846,-0.07919108,-0.03876732,-0.07132564,-0.02207666,-0.0002174911,0.0010255115,-0.0011037837,-0.0001705210,-0.0006584269,0.0004466878,2508.39438715,2511.51426666,2506.17220082,2508.51220941,2507.28859012,2510.06096326
eth4h:row13949:1707667200,2024-02-11 16:00:00,2507.73000000,-0.01751642,0.03801168,-0.07895046,-0.03904776,-0.07059062,-0.02306071,-0.0001949973,0.0010323897,-0.0010990980,-0.0001759820,-0.0006441138,0.0004275257,2507.24104707,2510.32029143,2504.97527302,2507.28872349,2506.11525660,2508.80234824
eth4h:row13950:1707681600,2024-02-11 20:00:00,2507.21000000,-0.02082508,0.03810019,-0.08159845,-0.03974954,-0.06934898,-0.02381053,-0.0002594262,0.0010341133,-0.0011506620,-0.0001896477,-0.0006199356,0.0004129245,2506.55964841,2509.80408020,2504.32670781,2506.73455835,2505.65617307,2508.24550209
eth4h:row13951:1707696000,2024-02-12 00:00:00,2500.12000000,-0.02025919,0.04101170,-0.08186042,-0.03996299,-0.06945379,-0.02563800,-0.0002484068,0.0010908086,-0.0011557632,-0.0001938041,-0.0006219766,0.0003773385,2499.49903038,2502.84864035,2497.23212252,2499.63551340,2498.56546737,2501.06356966
eth4h:row13952:1707710400,2024-02-12 04:00:00,2501.71000000,-0.01926296,0.04215998,-0.08232283,-0.04025595,-0.06985636,-0.02514755,-0.0002290073,0.0011131689,-0.0011647677,-0.0001995088,-0.0006298158,0.0003868888,2501.13715571,2504.49637645,2498.79778541,2501.21093658,2500.13487966,2502.67807095
eth4h:row13953:1707724800,2024-02-12 08:00:00,2488.16000000,-0.02042477,0.04059530,-0.08354770,-0.04052840,-0.06728512,-0.02462512,-0.0002516311,0.0010827002,-0.0011886195,-0.0002048142,-0.0005797464,0.0003970621,2487.53398027,2490.85539010,2485.20428151,2487.65044157,2486.71791619,2489.14815028
eth4h:row13954:1707739200,2024-02-12 12:00:00,2557.87000000,-0.02090101,0.03764177,-0.07904773,-0.03829805,-0.07234439,-0.02258795,-0.0002609049,0.0010251865,-0.0011009922,-0.0001613831,-0.0006782648,0.0004367316,2557.20272626,2560.49363855,2555.05535469,2557.45723639,2556.13567500,2558.98734655
eth4h:row13955:1707753600,2024-02-12 16:00:00,2610.25000000,-0.02300410,0.03894103,-0.08069252,-0.03575949,-0.06918629,-0.01976615,-0.0003018580,0.0010504869,-0.0011330210,-0.0001119501,-0.0006167675,0.0004916801,2609.46219398,2612.99347409,2607.29420678,2609.95779870,2608.64057900,2611.53372352
eth4h:row13956:1707768000,2024-02-12 20:00:00,2659.99000000,-0.02354734,0.03985698,-0.08280318,-0.03604929,-0.06681828,-0.02002725,-0.0003124364,0.0010683229,-0.0011741215,-0.0001175933,-0.0005706558,0.0004865958,2659.15905214,2662.83324674,2656.86868123,2659.67722152,2658.47249442,2661.28465484
eth4h:row13957:1707782400,2024-02-13 00:00:00,2640.47000000,-0.02438991,0.03788687,-0.08149498,-0.03590248,-0.06863870,-0.01971989,-0.0003288436,0.0010299592,-0.0011486471,-0.0001147345,-0.0006061044,0.0004925808,2639.60184097,2643.19097746,2637.43877301,2640.16706433,2638.87008440,2641.77096514
eth4h:row13958:1707796800,2024-02-13 04:00:00,2648.64000000,-0.02088671,0.03885502,-0.08084469,-0.03761719,-0.06914404,-0.02048903,-0.0002606263,0.0010488120,-0.0011359842,-0.0001481247,-0.0006159449,0.0004776035,2647.94978463,2651.41938274,2645.63289520,2648.24770000,2647.00908610,2649.90530177
eth4h:row13959:1707811200,2024-02-13 08:00:00,2681.75000000,-0.02354376,0.03793193,-0.08159035,-0.03740356,-0.07038017,-0.01967600,-0.0003123668,0.0010308367,-0.0011505042,-0.0001439649,-0.0006400158,0.0004934356,2680.91244128,2684.51587165,2678.66640959,2681.36394999,2680.03418688,2683.07359746
eth4h:row13960:1707825600,2024-02-13 12:00:00,2630.99000000,-0.02610784,0.04064590,-0.08346509,-0.03486167,-0.06783496,-0.01597137,-0.0003622965,0.0010836856,-0.0011870108,-0.0000944669,-0.0005904533,0.0005655751,2630.03697411,2633.84271132,2627.86883928,2630.74147035,2629.43698172,2632.47844337
eth4h:row13961:1707840000,2024-02-13 16:00:00,2611.42000000,-0.02244275,0.04137445,-0.08211874,-0.03756015,-0.06924272,-0.02230784,-0.0002909268,0.0010978725,-0.0011607935,-0.0001470140,-0.0006178664,0.0004421861,2610.66037837,2614.28858046,2608.39043923,2611.03611303,2609.80698978,2612.57498909
eth4h:row13962:1707854400,2024-02-13 20:00:00,2639.99000000,-0.02182965,0.03696562,-0.08216017,-0.03967343,-0.06846827,-0.02317874,-0.0002789882,0.0010120199,-0.0011616002,-0.0001881656,-0.0006027858,0.0004252273,2639.25357679,2642.66307476,2636.92516748,2639.49329150,2638.39913115,2641.11283449
eth4h:row13963:1707868800,2024-02-14 00:00:00,2636.88000000,-0.01914375,0.04300774,-0.08172887,-0.03917257,-0.07027727,-0.02429823,-0.0002266860,0.0011296772,-0.0011532016,-0.0001784124,-0.0006380121,0.0004034275,2636.28232405,2639.86050635,2633.84089849,2636.40958975,2635.19817510,2637.94400464
eth4h:row13964:1707883200,2024-02-14 04:00:00,2653.05000000,-0.02244203,0.03928787,-0.07992666,-0.03632609,-0.07423086,-0.01910127,-0.0002909129,0.0010572408,-0.0011181075,-0.0001229834,-0.0007149998,0.0005046271,2652.27830579,2655.85639601,2650.08526261,2652.72373892,2651.15374780,2654.38913876
eth4h:row13965:1707897600,2024-02-14 08:00:00,2755.87000000,-0.02148073,0.03974373,-0.08100670,-0.03711705,-0.07005911,-0.01997339,-0.0002721936,0.0010661176,-0.0011391389,-0.0001383855,-0.0006337638,0.0004876444,2755.11997195,2758.80964834,2752.73246870,2755.48865387,2754.12398271,2757.21421239
eth4h:row13966:1707912000,2024-02-14 12:00:00,2749.40000000,-0.02147596,0.04189540,-0.08127146,-0.03756891,-0.06894855,-0.02474707,-0.0002721007,0.0011080167,-0.0011442946,-0.0001471846,-0.0006121382,0.0003946874,2748.65198803,2752.44806952,2746.25567582,2748.99536051,2747.71750235,2750.48536771
eth4h:row13967:1707926400,2024-02-14 16:00:00,2761.80000000,-0.02114837,0.03969825,-0.08093458,-0.03614054,-0.06866838,-0.01827301,-0.0002657217,0.0010652320,-0.0011377345,-0.0001193702,-0.0006066824,0.0005207558,2761.06622736,2764.74352535,2758.65959175,2761.47034295,2760.12497264,2763.23859788
eth4h:row13968:1707940800,2024-02-14 20:00:00,2774.81000000,-0.01568322,0.04175539,-0.08005761,-0.03983883,-0.07237913,-0.02057697,-0.0001592997,0.0011052903,-0.0011206575,-0.0001913864,-0.0006789412,0.0004758912,2774.36800883,2777.87866616,2771.70213009,2774.27898982,2772.92670656,2776.13082187
eth4h:row13969:1707955200,2024-02-15 00:00:00,2801.39000000,-0.01912718,0.03860981,-0.08023690,-0.03942941,-0.07252014,-0.02077008,-0.0002263633,0.0010440370,-0.0011241488,-0.0001834138,-0.0006816871,0.0004721306,2800.75593988,2804.31628217,2798.24259017,2800.87623358,2799.48097944,2802.71293423
eth4h:row13970:1707969600,2024-02-15 04:00:00,2772.33000000,-0.02151339,0.03594560,-0.08087646,-0.03810034,-0.06921117,-0.01959745,-0.0002728296,0.0009921573,-0.0011366028,-0.0001575331,-0.0006172521,0.0004949651,2771.57372940,2775.08195245,2769.18075197,2771.89330059,2770.61930156,2773.70254619
eth4h:row13971:1707984000,2024-02-15 08:00:00,2793.21000000,-0.02169519,0.03899712,-0.08083235,-0.04070477,-0.07500739,-0.02448755,-0.0002763697,0.0010515791,-0.0011357439,-0.0002082487,-0.0007301210,0.0003997410,2792.43814811,2796.14882608,2790.03942954,2792.62837828,2791.17136298,2794.32678365
eth4h:row13972:1707998400,2024-02-15 12:00:00,2826.27000000,-0.01873188,0.04115403,-0.08181732,-0.04266236,-0.07456477,-0.02613997,-0.0002186657,0.0010935803,-0.0011549240,-0.0002463686,-0.0007215019,0.0003675637,2825.65205918,2829.36244377,2823.00775707,2825.57378154,2824.23157636,2827.30902509
eth4h:row13973:1708012800,2024-02-15 16:00:00,2834.13000000,-0.01607566,0.03745110,-0.07769036,-0.04240773,-0.07704559,-0.02659501,-0.0001669416,0.0010214736,-0.0010745603,-0.0002414102,-0.0007698105,0.0003587028,2833.65690543,2837.02646794,2831.08619216,2833.44589462,2831.94909658,2835.14679273
eth4h:row13974:1708027200,2024-02-15 20:00:00,2822.59000000,-0.01801937,0.03514028,-0.07760601,-0.04293607,-0.07617939,-0.02787685,-0.0002047911,0.0009764755,-0.0010729179,-0.0002516984,-0.0007529430,0.0003337417,2822.01201799,2825.34753604,2819.56321664,2821.87964796,2820.46555047,2823.53217317
eth4h:row13975:1708041600,2024-02-16 00:00:00,2846.18000000,-0.01523762,0.03605498,-0.07439499,-0.04007576,-0.07774398,-0.02550025,-0.0001506225,0.0009942871,-0.0010103902,-0.0001960001,-0.0007834101,0.0003800209,2845.75133351,2849.01132753,2843.30569990,2845.62220308,2843.95114710,2847.26181332
eth4h:row13976:1708056000,2024-02-16 04:00:00,2815.05000000,-0.01611178,0.03813953,-0.07402223,-0.03901915,-0.08040586,-0.02630624,-0.0001676449,0.0010348793,-0.0010031314,-0.0001754249,-0.0008352445,0.0003643260,2814.57811072,2817.96474497,2812.22755090,2814.55621351,2812.69972662,2816.07578267
eth4h:row13977:1708070400,2024-02-16 08:00:00,2823.59000000,-0.01354616,0.03373105,-0.07401263,-0.04228679,-0.07763736,-0.02836908,-0.0001176850,0.0009490337,-0.0010029445,-0.0002390552,-0.0007813339,0.0003241566,2823.25772545,2826.27095407,2820.75951556,2822.91508674,2821.38469502,2824.50543362
eth4h:row13978:1708084800,2024-02-16 12:00:00,2776.01000000,-0.01114385,0.03569693,-0.07500928,-0.04260169,-0.07510838,-0.02699437,-0.0000709053,0.0009873150,-0.0010223521,-0.0002451871,-0.0007320875,0.0003509260,2775.81317328,2778.75214975,2773.17339060,2775.32944173,2773.97846154,2776.98434508
eth4h:row13979:1708099200,2024-02-16 16:00:00,2762.91000000,-0.01324134,0.03490055,-0.07726722,-0.04402540,-0.07487068,-0.02881486,-0.0001117493,0.0009718073,-0.0010663207,-0.0002729109,-0.0007274587,0.0003154759,2762.60126401,2765.59632107,2759.96542218,2762.15607475,2760.90082789,2763.78176905
eth4h:row13980:1708113600,2024-02-16 20:00:00,2801.80000000,-0.01506989,0.03208119,-0.07540297,-0.04450957,-0.07656947,-0.03094260,-0.0001473564,0.0009169063,-0.0010300183,-0.0002823390,-0.0007605390,0.0002740428,2801.38716731,2804.37016626,2798.91558038,2801.00905428,2799.66993184,2802.56791842
eth4h:row13981:1708128000,2024-02-17 00:00:00,2793.40000000,-0.01353006,0.03372640,-0.07678889,-0.04624067,-0.07385580,-0.03396430,-0.0001173716,0.0009489432,-0.0010570063,-0.0003160484,-0.0007076963,0.0002152017,2793.07215345,2796.05203601,2790.44891860,2792.51728995,2791.42382061,2794.00120914
eth4h:row13982:1708142400,2024-02-17 04:00:00,2795.57000000,-0.01503413,0.03281266,-0.07831942,-0.04687456,-0.07406035,-0.03292457,-0.0001466600,0.0009311501,-0.0010868100,-0.0003283921,-0.0007116794,0.0002354482,2795.16003183,2798.17430757,2792.53339697,2794.65210756,2793.58115822,2796.22828935
eth4h:row13983:1708156800,2024-02-17 08:00:00,2780.57000000,-0.01454156,0.03186048,-0.07579040,-0.04639171,-0.07467757,-0.03361533,-0.0001370682,0.0009126084,-0.0010375627,-0.0003189895,-0.0007236984,0.0002219972,2780.18889843,2783.10872968,2777.68648045,2779.68316876,2778.55843379,2781.18734714
eth4h:row13984:1708171200,2024-02-17 12:00:00,2754.33000000,-0.01283305,0.03294767,-0.07349812,-0.04469208,-0.07399181,-0.03403714,-0.0001037987,0.0009337790,-0.0009929256,-0.0002858930,-0.0007103446,0.0002137834,2754.04411899,2756.90313672,2751.59651256,2753.54266897,2752.37417123,2754.91889289
eth4h:row13985:1708185600,2024-02-17 16:00:00,2774.31000000,-0.01541822,0.02701307,-0.07376825,-0.04485313,-0.07174893,-0.03284615,-0.0001541393,0.0008182156,-0.0009981858,-0.0002890291,-0.0006666694,0.0002369753,2773.88240263,2776.58091267,2771.54210495,2773.50825954,2772.46106874,2774.96752093
eth4h:row13986:1708200000,2024-02-17 20:00:00,2785.93000000,-0.01455193,0.02842290,-0.07221376,-0.04488085,-0.07621986,-0.03315469,-0.0001372701,0.0008456690,-0.0009679154,-0.0002895688,-0.0007537311,0.0002309671,2785.54760124,2788.28697104,2783.23475994,2785.12339834,2783.83094904,2786.57353252
eth4h:row13987:1708214400,2024-02-18 00:00:00,2781.68000000,-0.01462929,0.02793814,-0.07049482,-0.04410521,-0.07780589,-0.03340384,-0.0001387767,0.0008362292,-0.0009344428,-0.0002744650,-0.0007846157,0.0002261155,2781.29399443,2784.00709499,2779.08189316,2780.91663098,2779.49830616,2782.30905209
eth4h:row13988:1708228800,2024-02-18 04:00:00,2801.00000000,-0.01634412,0.02340318,-0.07201790,-0.04474543,-0.07548794,-0.03143093,-0.0001721692,0.0007479207,-0.0009641015,-0.0002869318,-0.0007394786,0.0002645337,2800.51779553,2803.09570946,2798.30085312,2800.19641941,2798.92948596,2801.74105701
eth4h:row13989:1708243200,2024-02-18 08:00:00,2803.40000000,-0.01606767,0.02445639,-0.07170802,-0.04603384,-0.07619861,-0.03527751,-0.0001667860,0.0007684298,-0.0009580671,-0.0003120208,-0.0007533173,0.0001896298,2802.93247105,2805.55504388,2800.71544079,2802.52541721,2801.28894543,2803.93165856
eth4h:row13990:1708257600,2024-02-18 12:00:00,2807.49000000,-0.01615851,0.02569509,-0.07245361,-0.04545746,-0.07568091,-0.03422562,-0.0001685549,0.0007925508,-0.0009725860,-0.0003007972,-0.0007432363,0.0002101130,2807.01682372,2809.71596052,2804.76080199,2806.64564200,2805.40414670,2808.07995222
eth4h:row13991:1708272000,2024-02-18 16:00:00,2827.86000000,-0.01777773,0.02369679,-0.07227390,-0.04529456,-0.07688199,-0.03304584,-0.0002000857,0.0007536382,-0.0009690866,-0.0002976250,-0.0007666247,0.0002330868,2827.29424227,2829.99198647,2825.12088633,2827.01848330,2825.69292338,2828.51921363
eth4h:row13992:1708286400,2024-02-18 20:00:00,2881.20000000,-0.01641839,0.02482677,-0.07179581,-0.04628495,-0.07742199,-0.03618328,-0.0001736154,0.0007756422,-0.0009597768,-0.0003169108,-0.0007771401,0.0001719919,2880.69982268,2883.43564714,2878.43601768,2880.28706139,2878.96177371,2881.69558578
eth4h:row13993:1708300800,2024-02-19 00:00:00,2886.78000000,-0.01614111,0.02571971,-0.07188164,-0.04399018,-0.07333395,-0.03332817,-0.0001682160,0.0007930302,-0.0009614482,-0.0002722249,-0.0006975343,0.0002275890,2886.29443834,2889.07021169,2884.00584446,2885.99425356,2884.76707408,2887.43707408
eth4h:row13994:1708315200,2024-02-19 04:00:00,2926.38000000,-0.01810961,0.02540500,-0.07221805,-0.04302565,-0.07334733,-0.03167009,-0.0002065483,0.0007869018,-0.0009679990,-0.0002534429,-0.0006977949,0.0002598765,2925.77562356,2928.68368009,2923.54863767,2925.63842372,2924.33869936,2927.14059634
eth4h:row13995:1708329600,2024-02-19 08:00:00,2913.20000000,-0.01675432,0.02675826,-0.07272702,-0.04443501,-0.07293274,-0.03380686,-0.0001801570,0.0008132537,-0.0009779100,-0.0002808870,-0.0006897215,0.0002182676,2912.67521401,2915.57013442,2910.35254515,2912.38183493,2911.19139604,2913.83592664
eth4h:row13996:1708344000,2024-02-19 12:00:00,2908.93000000,-0.01658337,0.02492017,-0.07219552,-0.04353802,-0.07152183,-0.03147548,-0.0001768282,0.0007774609,-0.0009675603,-0.0002634200,-0.0006622473,0.0002636661,2908.41566475,2911.19245884,2906.11679609,2908.16383045,2907.00420682,2909.69708746
eth4h:row13997:1708358400,2024-02-19 16:00:00,2934.03000000,-0.02087741,0.02467204,-0.07390069,-0.04359655,-0.07235678,-0.03234249,-0.0002604453,0.0007726291,-0.0010007648,-0.0002645598,-0.0006785059,0.0002467830,2933.26594528,2936.29779283,2931.09519492,2933.25387622,2932.03991841,2934.75415809
eth4h:row13998:1708372800,2024-02-19 20:00:00,2944.80000000,-0.02132421,0.02595265,-0.07532274,-0.04360406,-0.07079645,-0.03309840,-0.0002691457,0.0007975661,-0.0010284561,-0.0002647061,-0.0006481219,0.0002320634,2944.00752651,2947.14960951,2941.77295941,2944.02059674,2942.89202904,2945.48345950
eth4h:row13999:1708387200,2024-02-20 00:00:00,2907.00000000,-0.02106314,0.02678455,-0.07621210,-0.04384629,-0.06982240,-0.03308034,-0.0002640619,0.0008137656,-0.0010457745,-0.0002694230,-0.0006291545,0.0002324151,2906.23247335,2909.36657937,2903.96152272,2906.21689273,2905.17162316,2907.67570907
eth4h:row14000:1708401600,2024-02-20 04:00:00,2921.78000000,-0.02192109,0.02574403,-0.07591002,-0.04539404,-0.07187751,-0.03555326,-0.0002807686,0.0007935037,-0.0010398922,-0.0002995622,-0.0006691733,0.0001842602,2920.95977100,2924.09936347,2918.74324308,2920.90487624,2919.82547693,2922.31841747
eth4h:row14001:1708416000,2024-02-20 08:00:00,2935.31000000,-0.02019243,0.02650411,-0.07330441,-0.04307751,-0.07348301,-0.03322245,-0.0002471068,0.0008083046,-0.0009891534,-0.0002544527,-0.0007004368,0.0002296477,2934.58475447,2937.68358383,2932.40796363,2934.56319748,2933.25472062,2935.98416465
eth4h:row14002:1708430400,2024-02-20 12:00:00,2925.09000000,-0.01986246,0.02595145,-0.07235395,-0.04176245,-0.07529776,-0.03056359,-0.0002406813,0.0007975429,-0.0009706453,-0.0002288448,-0.0007357752,0.0002814233,2924.38607011,2927.42381525,2922.25215253,2924.42068497,2922.93858280,2925.91330418
eth4h:row14003:1708444800,2024-02-20 16:00:00,2985.98000000,-0.02200859,0.02499748,-0.07340669,-0.04217766,-0.07514645,-0.03059743,-0.0002824725,0.0007789663,-0.0009911451,-0.0002369300,-0.0007328289,0.0002807643,2985.13666190,2988.30688406,2983.02192668,2985.27261546,2983.79258926,2986.81847423
eth4h:row14004:1708459200,2024-02-20 20:00:00,3014.81000000,-0.01966195,0.02670063,-0.07289236,-0.04168395,-0.07360142,-0.03153821,-0.0002367768,0.0008121314,-0.0009811297,-0.0002273162,-0.0007027428,0.0002624445,3014.09624730,3017.25941626,3011.85353099,3014.12476277,3012.69210822,3015.60132422
eth4h:row14005:1708473600,2024-02-21 00:00:00,3005.14000000,-0.01817100,0.02721477,-0.07443630,-0.04348193,-0.07322839,-0.03054246,-0.0002077438,0.0008221433,-0.0010111946,-0.0002623279,-0.0006954787,0.0002818347,3004.51576562,3007.61167168,3002.10275465,3004.35177147,3003.05071563,3005.98707212
eth4h:row14006:1708488000,2024-02-21 04:00:00,2940.54000000,-0.01808195,0.02783615,-0.07439321,-0.04501311,-0.07623270,-0.03135153,-0.0002060098,0.0008342433,-0.0010103554,-0.0002921443,-0.0007539812,0.0002660798,2939.93428245,2942.99414940,2937.57050991,2939.68106334,2938.32372363,2941.32252226
eth4h:row14007:1708502400,2024-02-21 08:00:00,2899.10000000,-0.01662903,0.02948500,-0.07326829,-0.04496578,-0.07720055,-0.03224760,-0.0001777172,0.0008663510,-0.0009884500,-0.0002912228,-0.0007728279,0.0002486308,2898.58482576,2901.61272644,2896.23580028,2898.25583899,2896.86036008,2899.82089515
eth4h:row14008:1708516800,2024-02-21 12:00:00,2914.81000000,-0.01852183,0.02863086,-0.07504528,-0.04439138,-0.07442532,-0.03061860,-0.0002145755,0.0008497186,-0.0010230531,-0.0002800374,-0.0007187865,0.0002803520,2914.18462023,2917.28782073,2911.82951932,2913.99385853,2912.71562677,2915.62728723
eth4h:row14009:1708531200,2024-02-21 16:00:00,2913.00000000,-0.01823990,0.02881659,-0.07480114,-0.04602258,-0.07696870,-0.03310753,-0.0002090855,0.0008533352,-0.0010182990,-0.0003118015,-0.0007683132,0.0002318855,2912.39099748,2915.48682637,2910.03520469,2912.09186387,2910.76276317,2913.67556077
eth4h:row14010:1708545600,2024-02-21 20:00:00,2967.90000000,-0.01484637,0.02862693,-0.07254665,-0.04714630,-0.07820119,-0.03538796,-0.0001430039,0.0008496420,-0.0009743978,-0.0003336836,-0.0007923133,0.0001874791,2967.47560919,2970.42272391,2965.00949328,2966.90982558,2965.54942470,2968.45647128
eth4h:row14011:1708560000,2024-02-22 00:00:00,2935.51000000,-0.01494341,0.02743704,-0.07377767,-0.04671232,-0.07563694,-0.03337702,-0.0001448934,0.0008264715,-0.0009983691,-0.0003252328,-0.0007423800,0.0002266378,2935.08469469,2937.93711809,2932.58073989,2934.55543118,2933.33154471,2936.17537295
eth4h:row14012:1708574400,2024-02-22 04:00:00,2993.79000000,-0.01624458,0.02343358,-0.07109844,-0.04715202,-0.08014882,-0.03456774,-0.0001702309,0.0007485126,-0.0009461969,-0.0003337950,-0.0008302391,0.0002034511,2993.28040782,2996.03172851,2990.95862477,2992.79085448,2991.30546998,2994.39915174
eth4h:row14013:1708588800,2024-02-22 08:00:00,2990.80000000,-0.01496558,0.02479632,-0.07052397,-0.04617206,-0.08014973,-0.03418564,-0.0001453252,0.0007750491,-0.0009350104,-0.0003147124,-0.0008302568,0.0002108916,2990.36539296,2993.11891527,2988.00487785,2989.85890611,2988.31789847,2991.43080097
eth4h:row14014:1708603200,2024-02-22 12:00:00,2986.95000000,-0.01510065,0.02523823,-0.07126277,-0.04615245,-0.07741174,-0.03547091,-0.0001479553,0.0007836543,-0.0009493969,-0.0003143306,-0.0007769405,0.0001858637,2986.50809765,2989.29165358,2984.11554459,2986.01125780,2984.63021890,2987.50521718
eth4h:row14015:1708617600,2024-02-22 16:00:00,2987.96000000,-0.01498501,0.02419020,-0.07207524,-0.04823415,-0.07818618,-0.03722992,-0.0001457036,0.0007632462,-0.0009652180,-0.0003548670,-0.0007920211,0.0001516108,2987.52467524,2990.24141964,2985.07735853,2986.89985958,2985.59440958,2988.41304143
eth4h:row14016:1708632000,2024-02-22 20:00:00,2971.40000000,-0.00931053,0.02712066,-0.07094996,-0.05005721,-0.07712021,-0.03985624,-0.0000352053,0.0008203106,-0.0009433057,-0.0003903673,-0.0007712636,0.0001004690,2971.29539276,2973.83847099,2968.59838300,2970.24028883,2969.10915076,2971.69854865
eth4h:row14017:1708646400,2024-02-23 00:00:00,2955.95000000,-0.00944214,0.02761156,-0.07205599,-0.05088530,-0.07541096,-0.04148575,-0.0000377681,0.0008298699,-0.0009648431,-0.0004064926,-0.0007379796,0.0000687377,2955.83836155,2958.40407211,2953.09934736,2954.74867250,2953.76937382,2956.15319221
eth4h:row14018:1708660800,2024-02-23 04:00:00,2933.62000000,-0.01227813,0.02514757,-0.07153004,-0.04981325,-0.07726032,-0.03969200,-0.0000929928,0.0007818889,-0.0009546014,-0.0003856167,-0.0007739918,0.0001036673,2933.34720703,2935.91466190,2930.82089855,2932.48896517,2931.35028067,2933.92413609
eth4h:row14019:1708675200,2024-02-23 08:00:00,2943.63000000,-0.01054447,0.02659447,-0.06992459,-0.04951588,-0.07857539,-0.04095858,-0.0000592335,0.0008100642,-0.0009233387,-0.0003798261,-0.0007996000,0.0000790033,2943.45564353,2946.01549539,2940.91328698,2942.51214472,2941.27721426,2943.86256558
eth4h:row14020:1708689600,2024-02-23 12:00:00,2916.07000000,-0.01333122,0.02456481,-0.07315158,-0.05048476,-0.07529762,-0.04055304,-0.0001134996,0.0007705410,-0.0009861774,-0.0003986928,-0.0007357726,0.0000869002,2915.73904604,2918.31781746,2913.19565508,2914.90761548,2913.92522467,2916.32341805
eth4h:row14021:1708704000,2024-02-23 16:00:00,2945.99000000,-0.01412766,0.02394474,-0.07273232,-0.04978828,-0.07547875,-0.03945329,-0.0001290085,0.0007584666,-0.0009780133,-0.0003851304,-0.0007392996,0.0001083155,2945.60996682,2948.22528246,2943.11019113,2944.85562816,2943.81283563,2946.30911352
eth4h:row14022:1708718400,2024-02-23 20:00:00,2922.24000000,-0.01191454,0.02501679,-0.07077634,-0.04927139,-0.07649571,-0.04164627,-0.0000859127,0.0007793424,-0.0009399247,-0.0003750651,-0.0007591027,0.0000656120,2921.98895313,2924.51831319,2919.49460494,2921.14417542,2920.02256146,2922.43174036
eth4h:row14023:1708732800,2024-02-24 00:00:00,2930.19000000,-0.01246827,0.02358002,-0.07120913,-0.04902981,-0.07452063,-0.03980875,-0.0000966954,0.0007513644,-0.0009483523,-0.0003703609,-0.0007206424,0.0001013938,2929.90667786,2932.39246778,2927.41246478,2929.10497328,2928.07914154,2930.48711812
eth4h:row14024:1708747200,2024-02-24 04:00:00,2964.07000000,-0.01444571,0.02095194,-0.06861614,-0.04842703,-0.07848771,-0.04152351,-0.0001352018,0.0007001881,-0.0008978596,-0.0003586230,-0.0007978926,0.0000680024,2963.66927942,2966.14613320,2961.40987564,2963.00720697,2961.70593363,2964.27157080
eth4h:row14025:1708761600,2024-02-24 08:00:00,2961.53000000,-0.01401227,0.02093304,-0.06838053,-0.04873423,-0.07825480,-0.04148119,-0.0001267614,0.0006998201,-0.0008932715,-0.0003646051,-0.0007933573,0.0000688265,2961.15461604,2963.60326369,2958.88573091,2960.45040794,2959.18138028,2961.73383876
eth4h:row14026:1708776000,2024-02-24 12:00:00,2955.47000000,-0.01432388,0.01993699,-0.06932884,-0.04899160,-0.07629189,-0.04083320,-0.0001328294,0.0006804241,-0.0009117378,-0.0003696169,-0.0007551338,0.0000814447,2955.07745273,2957.48165747,2952.77661440,2954.37781032,2953.23906719,2955.71071730
eth4h:row14027:1708790400,2024-02-24 16:00:00,2987.10000000,-0.01644139,0.01948620,-0.07090335,-0.05018238,-0.07676269,-0.04188457,-0.0001740634,0.0006716460,-0.0009423981,-0.0003928048,-0.0007643016,0.0000609717,2986.58010036,2989.10694763,2984.28628875,2985.92688332,2984.81782682,2987.28213398
eth4h:row14028:1708804800,2024-02-24 20:00:00,2992.62000000,-0.01330595,0.02004308,-0.06977933,-0.05046801,-0.07494679,-0.04295125,-0.0001130075,0.0006824901,-0.0009205101,-0.0003983667,-0.0007289409,0.0000402003,2992.28183072,2994.66313078,2989.86653049,2991.42807728,2990.43935174,2992.74030656
eth4h:row14029:1708819200,2024-02-25 00:00:00,3025.17000000,-0.01420074,0.01818193,-0.06814545,-0.04939286,-0.07754713,-0.04138225,-0.0001304315,0.0006462482,-0.0008886938,-0.0003774305,-0.0007795769,0.0000707532,3024.77544838,3027.12564242,3022.48274446,3024.02842402,3022.81256622,3025.38404808
eth4h:row14030:1708833600,2024-02-25 04:00:00,3029.99000000,-0.01618009,0.02064950,-0.06798368,-0.04801713,-0.07837395,-0.04164055,-0.0001689751,0.0006942988,-0.0008855437,-0.0003506410,-0.0007956775,0.0000657234,3029.47805054,3032.09444895,3027.30799905,3028.92774741,3027.58006403,3030.18914792
eth4h:row14031:1708848000,2024-02-25 08:00:00,3040.36000000,-0.01483028,0.01803977,-0.06569891,-0.04711108,-0.07819794,-0.04114577,-0.0001426905,0.0006434800,-0.0008410529,-0.0003329977,-0.0007922500,0.0000753582,3039.92620053,3042.31704035,3037.80397155,3039.34773576,3037.95222859,3040.58912463
eth4h:row14032:1708862400,2024-02-25 12:00:00,3043.62000000,-0.01525669,0.01876993,-0.06818163,-0.04768566,-0.07375175,-0.04090902,-0.0001509939,0.0006576982,-0.0008893983,-0.0003441865,-0.0007056700,0.0000799684,3043.16046657,3045.62244181,3040.91421293,3042.57260721,3041.47296625,3043.86340306
eth4h:row14033:1708876800,2024-02-25 16:00:00,3081.60000000,-0.01611357,0.01804311,-0.06872582,-0.04893629,-0.07341516,-0.04261419,-0.0001676797,0.0006435450,-0.0008999953,-0.0003685398,-0.0006991157,0.0000467639,3081.08332143,3083.58378642,3078.82782229,3080.46451714,3079.44635795,3081.74411092
eth4h:row14034:1708891200,2024-02-25 20:00:00,3112.59000000,-0.01529436,0.01974768,-0.06871229,-0.04747711,-0.07405756,-0.04047554,-0.0001517275,0.0006767379,-0.0008997318,-0.0003401254,-0.0007116251,0.0000884094,3112.11777042,3114.69712038,3109.79076333,3111.53150925,3110.37579066,3112.86519423
eth4h:row14035:1708905600,2024-02-26 00:00:00,3107.80000000,-0.01536565,0.01944698,-0.07042342,-0.04927806,-0.07171333,-0.04206477,-0.0001531156,0.0006708823,-0.0009330523,-0.0003751950,-0.0006659762,0.0000574627,3107.32418367,3109.88566745,3104.90161232,3106.63418755,3105.73096818,3107.97858757
eth4h:row14036:1708920000,2024-02-26 04:00:00,3087.19000000,-0.01831679,0.01961864,-0.07085269,-0.04857860,-0.07417890,-0.04121974,-0.0002105828,0.0006742250,-0.0009414115,-0.0003615746,-0.0007139880,0.0000739178,3086.53995930,3089.27216252,3084.28505142,3086.07395240,3084.98657017,3087.41820669
eth4h:row14037:1708934400,2024-02-26 08:00:00,3057.42000000,-0.01661294,0.01834143,-0.06985050,-0.04846809,-0.07433029,-0.04064878,-0.0001774038,0.0006493541,-0.0009218960,-0.0003594227,-0.0007169358,0.0000850359,3056.87765004,3059.40599303,3054.60267568,3056.32129137,3055.22881174,3057.68000140
eth4h:row14038:1708948800,2024-02-26 12:00:00,3145.60000000,-0.01723688,0.01854474,-0.07081281,-0.04889331,-0.07573402,-0.03953057,-0.0001895538,0.0006533132,-0.0009406350,-0.0003677029,-0.0007442705,0.0001068106,3145.00379620,3147.65573338,3142.64252968,3144.44356635,3143.25969380,3145.93600150
eth4h:row14039:1708963200,2024-02-26 16:00:00,3179.12000000,-0.01858823,0.01791085,-0.07062518,-0.04778711,-0.07535852,-0.03906393,-0.0002158685,0.0006409694,-0.0009369812,-0.0003461620,-0.0007369585,0.0001158975,3178.43380218,3181.15837195,3176.14261937,3178.01969990,3176.77798347,3179.48847354
eth4h:row14040:1708977600,2024-02-26 20:00:00,3175.94000000,-0.01490383,0.02204205,-0.06917947,-0.04612265,-0.07494447,-0.03859877,-0.0001441227,0.0007214156,-0.0009088291,-0.0003137502,-0.0007288956,0.0001249554,3175.48230778,3178.23199927,3173.05492445,3174.94370434,3173.62591465,3176.33687572
eth4h:row14041:1708992000,2024-02-27 00:00:00,3216.56000000,-0.01547759,0.02039737,-0.06953131,-0.04770223,-0.07516983,-0.04024645,-0.0001552954,0.0006893892,-0.0009156806,-0.0003445092,-0.0007332841,0.0000928704,3216.06052190,3218.77822617,3213.61600660,3215.45205632,3214.20221214,3216.85873707
eth4h:row14042:1709006400,2024-02-27 04:00:00,3217.50000000,-0.01263015,0.02397747,-0.06880873,-0.04844282,-0.07717521,-0.04125282,-0.0000998478,0.0007591038,-0.0009016097,-0.0003589306,-0.0007723346,0.0000732736,3217.17875585,3219.94334361,3214.60037800,3216.34534817,3215.01597264,3217.73576649
eth4h:row14043:1709020800,2024-02-27 08:00:00,3254.89000000,-0.01251273,0.02258206,-0.06824952,-0.04880653,-0.07786001,-0.04090404,-0.0000975612,0.0007319313,-0.0008907203,-0.0003660130,-0.0007856696,0.0000800653,3254.57246438,3257.27322786,3251.99209413,3253.69888603,3252.33373618,3255.15061413
eth4h:row14044:1709035200,2024-02-27 12:00:00,3229.78000000,-0.01534371,0.02297146,-0.07188695,-0.04838936,-0.07364665,-0.03861755,-0.0001526885,0.0007395139,-0.0009615515,-0.0003578894,-0.0007036235,0.0001245898,3229.28688737,3232.16935071,3226.67589290,3228.62430269,3227.50825033,3230.18242275
eth4h:row14045:1709049600,2024-02-27 16:00:00,3250.72000000,-0.01322215,0.02448464,-0.07030170,-0.04952208,-0.07690753,-0.04156741,-0.0001113756,0.0007689799,-0.0009306822,-0.0003799468,-0.0007671221,0.0000671476,3250.35796941,3253.22069976,3247.69602000,3249.48513382,3248.22725718,3250.93828534
eth4h:row14046:1709064000,2024-02-27 20:00:00,3242.36000000,-0.01247447,0.02479065,-0.07056802,-0.04838965,-0.07609402,-0.03971487,-0.0000968161,0.0007749388,-0.0009358681,-0.0003578952,-0.0007512806,0.0001032218,3242.04610257,3244.87360440,3239.32699807,3241.19978243,3239.92499249,3242.69469966
eth4h:row14047:1709078400,2024-02-28 00:00:00,3248.82000000,-0.01152163,0.02263696,-0.07073294,-0.05034123,-0.07517654,-0.04054999,-0.0000782616,0.0007330003,-0.0009390797,-0.0003958979,-0.0007334147,0.0000869597,3248.56575212,3251.20225888,3245.77053113,3247.53405339,3246.43814116,3249.10252861
eth4h:row14048:1709092800,2024-02-28 04:00:00,3302.99000000,-0.01301222,0.02248389,-0.06975722,-0.04925416,-0.07940385,-0.03924313,-0.0001072877,0.0007300196,-0.0009200795,-0.0003747296,-0.0008157325,0.0001124080,3302.63564890,3305.40212794,3299.95238420,3301.75250370,3300.29674250,3303.36130331
eth4h:row14049:1709107200,2024-02-28 08:00:00,3296.13000000,-0.01251953,0.02315737,-0.06965404,-0.04866938,-0.07640927,-0.04132086,-0.0000976936,0.0007431341,-0.0009180704,-0.0003633423,-0.0007574194,0.0000719487,3295.80800506,3298.58037690,3293.10530929,3294.93259420,3293.63439230,3296.36716082
eth4h:row14050:1709121600,2024-02-28 12:00:00,3348.39000000,-0.01438432,0.02166362,-0.07029646,-0.04956250,-0.07633579,-0.04299749,-0.0001340063,0.0007140465,-0.0009305801,-0.0003807338,-0.0007559886,0.0000392999,3347.94132460,3350.78175992,3345.27550423,3347.11539750,3345.85961186,3348.52159392
eth4h:row14051:1709136000,2024-02-28 16:00:00,3299.12000000,-0.01207249,0.02472771,-0.07129156,-0.04995893,-0.07567362,-0.04281035,-0.0000889885,0.0007737131,-0.0009499575,-0.0003884534,-0.0007430944,0.0000429441,3298.82642925,3301.67356021,3295.98746425,3297.83869450,3296.66935296,3299.26168079
eth4h:row14052:1709150400,2024-02-28 20:00:00,3383.10000000,-0.00887673,0.02412082,-0.06937628,-0.05023341,-0.07702413,-0.04182803,-0.0000267579,0.0007618952,-0.0009126617,-0.0003937983,-0.0007693926,0.0000620726,3383.00947640,3385.67854974,3380.01378288,3381.76800328,3380.49806885,3383.31000417
eth4h:row14053:1709164800,2024-02-29 00:00:00,3407.15000000,-0.01195531,0.02062155,-0.06958120,-0.04904316,-0.07565598,-0.04006523,-0.0000867066,0.0006937545,-0.0009166521,-0.0003706208,-0.0007427509,0.0000963994,3406.85459028,3409.51454563,3404.02825996,3405.88747318,3404.62027597,3407.47846311
eth4h:row14054:1709179200,2024-02-29 04:00:00,3467.99000000,-0.01011555,0.02063651,-0.06776600,-0.04804371,-0.07530922,-0.03961937,-0.0000508813,0.0006940458,-0.0008813050,-0.0003511587,-0.0007359984,0.0001050815,3467.81354848,3470.39777932,3464.93498962,3466.77239895,3465.43850407,3468.35444085
eth4h:row14055:1709193600,2024-02-29 08:00:00,3513.87000000,-0.01230078,0.02077521,-0.06940304,-0.04808168,-0.07535216,-0.03913530,-0.0000934339,0.0006967467,-0.0009131828,-0.0003518980,-0.0007368346,0.0001145076,3513.54170078,3516.31913035,3510.66265901,3512.63369355,3511.28181253,3514.27238799
eth4h:row14056:1709208000,2024-02-29 12:00:00,3468.42000000,-0.01173501,0.02389974,-0.07206213,-0.05034266,-0.07367876,-0.04118743,-0.0000824168,0.0007575902,-0.0009649627,-0.0003959258,-0.0007042488,0.0000745469,3468.13415571,3471.04863674,3465.07471841,3467.04703483,3465.97822937,3468.67856950
eth4h:row14057:1709222400,2024-02-29 16:00:00,3403.26000000,-0.00999932,0.02286077,-0.07020848,-0.05158715,-0.07567990,-0.04351462,-0.0000486180,0.0007373586,-0.0009288670,-0.0004201595,-0.0007432166,0.0000292299,3403.09454420,3405.77034835,3400.10029193,3401.83038844,3400.73158041,3403.35947839
eth4h:row14058:1709236800,2024-02-29 20:00:00,3340.09000000,-0.01026194,0.02160264,-0.07116096,-0.05262743,-0.07462849,-0.04326491,-0.0000537320,0.0007128591,-0.0009474145,-0.0004404167,-0.0007227426,0.0000340925,3339.91053525,3342.47186248,3336.92704888,3338.61929256,3337.67684672,3340.20387406
eth4h:row14059:1709251200,2024-03-01 00:00:00,3367.79000000,-0.01009851,0.02167393,-0.06823336,-0.05164407,-0.07865888,-0.04418027,-0.0000505494,0.0007142473,-0.0008904058,-0.0004212679,-0.0008012258,0.0000162678,3367.61976455,3370.19629409,3364.79263495,3366.37155694,3365.09272048,3367.84478699
eth4h:row14060:1709265600,2024-03-01 04:00:00,3365.41000000,-0.01200323,0.02032835,-0.06752794,-0.04965143,-0.07995632,-0.04215973,-0.0000876398,0.0006880451,-0.0008766692,-0.0003824655,-0.0008264907,0.0000556134,3365.11506899,3367.72635071,3362.46094146,3364.12309291,3362.62966899,3365.59716714
eth4h:row14061:1709280000,2024-03-01 08:00:00,3410.90000000,-0.00927835,0.01727433,-0.06690513,-0.05151878,-0.07780105,-0.04253842,-0.0000345786,0.0006285746,-0.0008645414,-0.0004188282,-0.0007845214,0.0000482394,3410.78205805,3413.04467915,3407.95241017,3409.47171809,3408.22512530,3411.06454366
eth4h:row14062:1709294400,2024-03-01 12:00:00,3390.76000000,-0.00907188,0.01781518,-0.06736451,-0.05245779,-0.07828891,-0.04392740,-0.0000305580,0.0006391066,-0.0008734867,-0.0004371134,-0.0007940215,0.0000211920,3390.65638678,3392.92774959,3387.79950950,3389.27817725,3388.06873223,3390.83185759
eth4h:row14063:1709308800,2024-03-01 16:00:00,3427.73000000,-0.00755637,0.01592464,-0.06447517,-0.05202345,-0.08057222,-0.04297588,-0.0000010467,0.0006022924,-0.0008172231,-0.0004286556,-0.0008384839,0.0000397206,3427.72641203,3429.79511747,3424.92992413,3426.26099926,3424.85710805,3427.86615429
eth4h:row14064:1709323200,2024-03-01 20:00:00,3433.43000000,-0.00784044,0.01562954,-0.06479501,-0.05340354,-0.08183935,-0.04483425,-0.0000065785,0.0005965459,-0.0008234513,-0.0004555298,-0.0008631587,0.0000035329,3433.40741322,3435.47880959,3430.60390143,3431.86632657,3430.46768382,3433.44213004
eth4h:row14065:1709337600,2024-03-02 00:00:00,3442.34000000,-0.00765030,0.01596464,-0.06571173,-0.05528836,-0.08148795,-0.04780347,-0.0000028760,0.0006030712,-0.0008413024,-0.0004922325,-0.0008563159,-0.0000542862,3442.33009996,3444.41660216,3439.44516896,3440.64598520,3439.39353119,3442.15313339
eth4h:row14066:1709352000,2024-03-02 04:00:00,3430.25000000,-0.00670593,0.01683242,-0.06545895,-0.05472891,-0.07993019,-0.04864703,0.0000155137,0.0006199694,-0.0008363800,-0.0004813385,-0.0008259818,-0.0000707126,3430.30321633,3432.37730941,3427.38220697,3428.59928601,3427.41784587,3430.00744654
eth4h:row14067:1709366400,2024-03-02 08:00:00,3403.39000000,-0.00453179,0.01894988,-0.06580519,-0.05679510,-0.07964553,-0.05221492,0.0000578504,0.0006612023,-0.0008431223,-0.0005215732,-0.0008204387,-0.0001401896,3403.58689308,3405.64107330,3400.52173518,3401.61534598,3400.59887231,3402.91291363
eth4h:row14068:1709380800,2024-03-02 12:00:00,3418.05000000,-0.00256257,0.01718009,-0.06392329,-0.05709944,-0.07988012,-0.05182063,0.0000961966,0.0006267396,-0.0008064765,-0.0005274995,-0.0008250068,-0.0001325117,3418.37882076,3420.19289874,3415.29453442,3416.24745563,3415.23124841,3417.59709827
eth4h:row14069:1709395200,2024-03-02 16:00:00,3426.19000000,-0.00341659,0.01509942,-0.06275254,-0.05638294,-0.08014634,-0.05208024,0.0000795665,0.0005862229,-0.0007836785,-0.0005135471,-0.0008301909,-0.0001375670,3426.46262094,3428.19909978,3423.50602026,3424.43094173,3423.34678847,3425.71870160
eth4h:row14070:1709409600,2024-03-02 20:00:00,3421.40000000,-0.00580399,0.01376928,-0.06260817,-0.05520765,-0.08010268,-0.05119717,0.0000330770,0.0005603213,-0.0007808674,-0.0004906610,-0.0008293407,-0.0001203711,3421.51317152,3423.31762057,3418.72938314,3419.72166427,3418.56366987,3420.98818707
eth4h:row14071:1709424000,2024-03-03 00:00:00,3431.56000000,-0.00776653,0.01130671,-0.06237524,-0.05371348,-0.07916263,-0.05001208,-0.0000051393,0.0005123682,-0.0007763315,-0.0004615653,-0.0008110352,-0.0000972941,3431.54236431,3433.31867263,3428.89700574,3429.97647656,3428.77801229,3431.22614585
eth4h:row14072:1709438400,2024-03-03 04:00:00,3392.76000000,-0.00776129,0.01428331,-0.06453889,-0.05495385,-0.07751453,-0.05217059,-0.0000050371,0.0005703310,-0.0008184639,-0.0004857188,-0.0007789421,-0.0001393263,3392.74291024,3394.69554795,3389.98428459,3391.11247267,3390.11826554,3392.28733213
eth4h:row14073:1709452800,2024-03-03 08:00:00,3413.39000000,-0.00773923,0.01018787,-0.06255125,-0.05521069,-0.07824118,-0.05278658,-0.0000046077,0.0004905812,-0.0007797589,-0.0004907202,-0.0007930921,-0.0001513216,3413.37427220,3415.06495579,3410.72941604,3411.71539155,3410.68394057,3412.87351951
eth4h:row14074:1709467200,2024-03-03 12:00:00,3422.50000000,-0.00737505,0.00910706,-0.06177532,-0.05608271,-0.07832353,-0.05364114,0.0000024840,0.0004695347,-0.0007646493,-0.0005077008,-0.0007946956,-0.0001679621,3422.50850155,3424.10735999,3419.88398798,3420.76283500,3419.78123485,3421.92519788
eth4h:row14075:1709481600,2024-03-03 16:00:00,3465.20000000,-0.00789731,0.00744695,-0.05996763,-0.05541633,-0.08002111,-0.05480390,-0.0000076858,0.0004372077,-0.0007294485,-0.0004947245,-0.0008277524,-0.0001906045,3465.17336730,3466.71534341,3462.67323683,3463.48610465,3462.33285929,3464.53958018
eth4h:row14076:1709496000,2024-03-03 20:00:00,3487.81000000,-0.01063757,0.00404037,-0.06009125,-0.05436097,-0.07985263,-0.05221128,-0.0000610465,0.0003708718,-0.0007318557,-0.0004741736,-0.0008244714,-0.0001401188,3487.59708787,3489.10377043,3485.25836018,3486.15656445,3484.93558536,3487.32132656
eth4h:row14077:1709510400,2024-03-04 00:00:00,3471.85000000,-0.00939016,0.00537873,-0.06009655,-0.05520551,-0.07833786,-0.05449500,-0.0000367560,0.0003969336,-0.0007319590,-0.0004906192,-0.0007949747,-0.0001845893,3471.72239112,3473.22836735,3469.30967794,3470.14706150,3469.09106384,3471.20919267
eth4h:row14078:1709524800,2024-03-04 04:00:00,3478.61000000,-0.01011257,0.00432296,-0.06072294,-0.05551152,-0.07892706,-0.05327755,-0.0000508233,0.0003763746,-0.0007441565,-0.0004965781,-0.0008064480,-0.0001608820,3478.43321000,3479.91950684,3476.02233267,3476.88302730,3475.80581296,3478.05039916
eth4h:row14079:1709539200,2024-03-04 08:00:00,3506.91000000,-0.00928669,0.00437922,-0.06011575,-0.05556546,-0.07827535,-0.05207774,-0.0000347410,0.0003774703,-0.0007323327,-0.0004976285,-0.0007937575,-0.0001375183,3506.78816839,3508.23400412,3504.34271515,3505.16529578,3504.12746851,3506.42776888
eth4h:row14080:1709553600,2024-03-04 12:00:00,3560.42000000,-0.00809305,0.00861860,-0.06038135,-0.05620567,-0.07891408,-0.05548134,-0.0000114974,0.0004600230,-0.0007375047,-0.0005100953,-0.0008061952,-0.0002037961,3560.37906453,3562.05825202,3557.79514157,3558.60430971,3557.55076317,3559.69447412
eth4h:row14081:1709568000,2024-03-04 16:00:00,3593.01000000,-0.00989919,0.00717689,-0.06130921,-0.05485110,-0.07540464,-0.05329243,-0.0000466681,0.0004319487,-0.0007555729,-0.0004837179,-0.0007378566,-0.0001611719,3592.84232493,3594.56233128,3590.29624446,3591.27241721,3590.35985167,3592.43095437
eth4h:row14082:1709582400,2024-03-04 20:00:00,3627.76000000,-0.00741093,0.00960649,-0.06086802,-0.05605910,-0.07596152,-0.05645686,0.0000017853,0.0004792600,-0.0007469816,-0.0005072412,-0.0007487005,-0.0002227923,3627.76647661,3629.49905700,3625.05114196,3625.92031734,3625.04491090,3626.95185317
eth4h:row14083:1709596800,2024-03-05 00:00:00,3689.81000000,-0.00838761,0.00911171,-0.06185263,-0.05668835,-0.07623160,-0.05637441,-0.0000172335,0.0004696253,-0.0007661547,-0.0005194944,-0.0007539598,-0.0002211868,3689.74641230,3691.54323500,3686.98411734,3687.89366219,3687.02908020,3688.99395312
eth4h:row14084:1709611200,2024-03-05 04:00:00,3672.98000000,-0.01032143,0.00866539,-0.06291377,-0.05397842,-0.07415834,-0.05068631,-0.0000548903,0.0004609342,-0.0007868182,-0.0004667245,-0.0007135875,-0.0001104233,3672.77839453,3674.67339222,3670.09116930,3671.26613039,3670.35994216,3672.57443988
eth4h:row14085:1709625600,2024-03-05 08:00:00,3731.45000000,-0.01285510,0.00749219,-0.06338435,-0.05459927,-0.07648359,-0.05237403,-0.0001042281,0.0004380887,-0.0007959817,-0.0004788140,-0.0007588668,-0.0001432880,3731.06109817,3733.08506408,3728.48101603,3729.66375712,3728.61940066,3730.91536633
eth4h:row14086:1709640000,2024-03-05 12:00:00,3783.01000000,-0.01348369,0.00844033,-0.06489938,-0.05314414,-0.07245588,-0.05068260,-0.0001164686,0.0004565515,-0.0008254836,-0.0004504785,-0.0006804359,-0.0001103510,3782.56942384,3784.73753310,3779.88847581,3781.30621898,3780.43677991,3782.59256398
eth4h:row14087:1709654400,2024-03-05 16:00:00,3376.46000000,-0.01190989,0.01651723,-0.06747722,-0.05280588,-0.06980889,-0.05362206,-0.0000858222,0.0006138318,-0.0008756815,-0.0004438917,-0.0006288913,-0.0001675907,3376.17023718,3378.53321466,3373.50459063,3374.96154995,3374.33724125,3375.89418406
eth4h:row14088:1709668800,2024-03-05 20:00:00,3553.65000000,-0.01158004,0.01840020,-0.06841003,-0.05347196,-0.07161671,-0.05402439,-0.0000793991,0.0006504985,-0.0008938460,-0.0004568622,-0.0006640948,-0.0001754253,3553.36785476,3555.96239619,3550.47500331,3552.02684235,3551.29082310,3553.02665474
eth4h:row14089:1709683200,2024-03-06 00:00:00,3538.01000000,-0.00849085,0.02174241,-0.06787740,-0.05202166,-0.07016395,-0.05369135,-0.0000192438,0.0007155809,-0.0008834743,-0.0004286208,-0.0006358054,-0.0001689400,3537.94191604,3540.54263840,3534.88563962,3536.49386039,3535.76122904,3537.41233909
eth4h:row14090:1709697600,2024-03-06 04:00:00,3786.60000000,-0.01075046,0.02472825,-0.06993013,-0.05014930,-0.06837504,-0.05322402,-0.0000632448,0.0007737236,-0.0009234466,-0.0003921606,-0.0006009702,-0.0001598398,3786.36052473,3789.53091542,3783.10489104,3785.11533586,3784.32504998,3785.99479917
eth4h:row14091:1709712000,2024-03-06 08:00:00,3879.74000000,-0.01459901,0.02678365,-0.07393443,-0.04624782,-0.06260706,-0.04732331,-0.0001381871,0.0008137482,-0.0010014217,-0.0003161877,-0.0004886514,-0.0000449362,3879.20390713,3882.89841628,3875.85668889,3878.51346801,3877.84462275,3879.56566332
eth4h:row14092:1709726400,2024-03-06 12:00:00,3790.94000000,-0.01174920,0.03748388,-0.07850563,-0.04583154,-0.05695540,-0.04803633,-0.0000826930,0.0010221119,-0.0010904359,-0.0003080815,-0.0003785975,-0.0000588207,3790.62652862,3794.81674589,3786.80847577,3789.77226130,3789.50503143,3790.71702085
eth4h:row14093:1709740800,2024-03-06 16:00:00,3852.59000000,-0.01305299,0.03477175,-0.07991432,-0.04669527,-0.05562871,-0.04620134,-0.0001080816,0.0009692990,-0.0011178673,-0.0003249008,-0.0003527629,-0.0000230883,3852.17362852,3856.32612223,3848.28572204,3851.33849366,3851.23118874,3852.50105146
eth4h:row14094:1709755200,2024-03-06 20:00:00,3818.59000000,-0.01528363,0.03117687,-0.07852381,-0.04407905,-0.05690667,-0.03923535,-0.0001515185,0.0008992967,-0.0010907899,-0.0002739555,-0.0003776486,0.0001125594,3818.01145662,3822.02558977,3814.42699132,3817.54401970,3817.14818709,3819.01984258
eth4h:row14095:1709769600,2024-03-07 00:00:00,3775.18000000,-0.01974397,0.03345097,-0.07946759,-0.04128031,-0.06006614,-0.03527265,-0.0002383739,0.0009435797,-0.0011091680,-0.0002194561,-0.0004391723,0.0001897244,3774.28020275,3778.74386442,3770.99501243,3774.35160455,3773.52240942,3775.89631165
eth4h:row14096:1709784000,2024-03-07 04:00:00,3789.22000000,-0.02864640,0.03029866,-0.08386790,-0.03647457,-0.05641160,-0.02407437,-0.0004117295,0.0008821953,-0.0011948546,-0.0001258746,-0.0003680081,0.0004077867,3787.66018735,3792.56430708,3784.69513683,3788.74306330,3787.82579304,3790.76550877
eth4h:row14097:1709798400,2024-03-07 08:00:00,3787.58000000,-0.02687376,0.03504551,-0.08562844,-0.03724174,-0.05257777,-0.02702880,-0.0003772112,0.0009746300,-0.0012291374,-0.0001408136,-0.0002933525,0.0003502557,3786.15155199,3791.27328864,3782.92740381,3787.04669459,3786.46906689,3788.90685394
eth4h:row14098:1709812800,2024-03-07 12:00:00,3837.16000000,-0.02362542,0.03510243,-0.08553063,-0.04083208,-0.05407027,-0.03047430,-0.0003139569,0.0009757385,-0.0012272327,-0.0002107279,-0.0003224157,0.0002831619,3835.95548634,3840.90589177,3832.45380014,3836.35148864,3835.92303872,3838.24669151
eth4h:row14099:1709827200,2024-03-07 16:00:00,3870.19000000,-0.02002280,0.03802866,-0.08430045,-0.03998659,-0.05638776,-0.02606228,-0.0002438036,0.0010327205,-0.0012032776,-0.0001942637,-0.0003675438,0.0003690766,3869.24654894,3874.18888894,3865.53588771,3869.43823543,3868.76779706,3871.61866018
eth4h:row14100:1709841600,2024-03-07 20:00:00,3868.76000000,-0.02087276,0.04238505,-0.08344888,-0.04000727,-0.06355982,-0.02875286,-0.0002603547,0.0011175516,-0.0011866951,-0.0001946665,-0.0005072042,0.0003166833,3867.75288114,3873.08595588,3864.17168452,3868.00695535,3866.79824640,3869.98536569
eth4h:row14101:1709856000,2024-03-08 00:00:00,3900.85000000,-0.02725797,0.03761107,-0.08279353,-0.03589646,-0.06237099,-0.02433106,-0.0003846928,0.0010245888,-0.0011739335,-0.0001146173,-0.0004840543,0.0004027883,3899.34965951,3904.84881545,3896.27334837,3900.40292077,3898.96223355,3902.42153324
eth4h:row14102:1709870400,2024-03-08 04:00:00,3908.16000000,-0.02398889,0.03828002,-0.08305513,-0.03630994,-0.06018755,-0.02366855,-0.0003210346,0.0010376150,-0.0011790277,-0.0001226689,-0.0004415366,0.0004156892,3906.90554660,3912.21727010,3903.55488646,3907.68061984,3906.43478516,3909.78491750
eth4h:row14103:1709884800,2024-03-08 08:00:00,3950.46000000,-0.02252739,0.04098327,-0.08563637,-0.03856657,-0.06177040,-0.02271422,-0.0002925750,0.0010902550,-0.0012292917,-0.0001666119,-0.0004723591,0.0004342727,3949.30436331,3954.76935735,3945.60671582,3949.80186119,3948.59440483,3952.17594945
eth4h:row14104:1709899200,2024-03-08 12:00:00,3900.75000000,-0.01847701,0.04080046,-0.08340418,-0.03510485,-0.06008290,-0.01376524,-0.0002137027,0.0010866952,-0.0011858246,-0.0000992024,-0.0004394988,0.0006085348,3899.91648828,3904.99123028,3896.12713625,3900.36305540,3899.03600187,3903.12446442
eth4h:row14105:1709913600,2024-03-08 16:00:00,3928.82000000,-0.01682346,0.03871769,-0.07975661,-0.03419385,-0.06307435,-0.01507762,-0.0001815033,0.0010461378,-0.0011147961,-0.0000814627,-0.0004977508,0.0005829791,3928.10697076,3932.93223785,3924.44260712,3928.49996074,3926.86491341,3931.11108773
eth4h:row14106:1709928000,2024-03-08 20:00:00,3883.36000000,-0.02012138,0.03959811,-0.08254635,-0.03502272,-0.06118964,-0.01739685,-0.0002457233,0.0010632821,-0.0011691202,-0.0000976030,-0.0004610501,0.0005378171,3882.40588517,3887.49130321,3878.82253833,3882.98099090,3881.56998909,3885.44909906
eth4h:row14107:1709942400,2024-03-09 00:00:00,3923.21000000,-0.01954739,0.04139597,-0.08033895,-0.03446631,-0.06848021,-0.01799829,-0.0002345460,0.0010982915,-0.0011261359,-0.0000867681,-0.0006030182,0.0005261053,3922.28993455,3927.52119506,3918.79441919,3922.86960516,3920.84494619,3925.27456470
eth4h:row14108:1709956800,2024-03-09 04:00:00,3925.47000000,-0.02170723,0.04223067,-0.08424871,-0.03818713,-0.06973825,-0.02027151,-0.0002766041,0.0011145455,-0.0012022701,-0.0001592231,-0.0006275159,0.0004818393,3924.38434892,3929.84755397,3920.75336054,3924.84502440,3923.00747787,3927.36190161
eth4h:row14109:1709971200,2024-03-09 08:00:00,3912.49000000,-0.01966279,0.04320110,-0.08829384,-0.04145334,-0.06360725,-0.02036103,-0.0002367931,0.0011334424,-0.0012810403,-0.0002228256,-0.0005081278,0.0004800960,3911.56365906,3916.92709616,3907.48115165,3911.61829439,3910.50246023,3914.36882179
eth4h:row14110:1709985600,2024-03-09 12:00:00,3916.66000000,-0.02107828,0.04337163,-0.08310502,-0.03585736,-0.06599072,-0.01857450,-0.0002643567,0.0011367631,-0.0011799992,-0.0001138559,-0.0005545407,0.0005148848,3915.62474142,3921.11484605,3912.04107015,3916.21409058,3914.48865473,3918.67714803
eth4h:row14111:1710000000,2024-03-09 16:00:00,3881.18000000,-0.01956337,0.04097826,-0.08185690,-0.03760366,-0.06616774,-0.02047670,-0.0002348571,0.0010901575,-0.0011556947,-0.0001478612,-0.0005579879,0.0004778437,3880.26858436,3885.41340448,3876.69713173,3880.60616631,3879.01495264,3883.03504067
eth4h:row14112:1710014400,2024-03-09 20:00:00,3905.21000000,-0.01781862,0.03956730,-0.07845604,-0.03648637,-0.06969613,-0.01924368,-0.0002008819,0.0010626820,-0.0010894703,-0.0001261045,-0.0006266956,0.0005018540,3904.42559273,3909.36220240,3900.95770663,3904.71756666,3902.76338881,3907.17033695
eth4h:row14113:1710028800,2024-03-10 00:00:00,3935.00000000,-0.01941292,0.03816957,-0.08067232,-0.03800021,-0.06912185,-0.01928341,-0.0002319276,0.0010354643,-0.0011326275,-0.0001555832,-0.0006155128,0.0005010804,3934.08747087,3939.07666226,3930.54563376,3934.38782774,3932.57870232,3936.97224534
eth4h:row14114:1710043200,2024-03-10 04:00:00,3944.82000000,-0.02015357,0.03766102,-0.08068418,-0.03730844,-0.06817593,-0.01859671,-0.0002463501,0.0010255614,-0.0011328585,-0.0001421124,-0.0005970930,0.0005144525,3943.84831302,3948.86773054,3940.35360754,3944.25943183,3942.46527883,3946.84994450
eth4h:row14115:1710057600,2024-03-10 08:00:00,3932.72000000,-0.01956039,0.03664792,-0.07982748,-0.03895996,-0.06951842,-0.02201101,-0.0002347991,0.0010058335,-0.0011161762,-0.0001742723,-0.0006232351,0.0004479663,3931.79670943,3936.67765159,3928.33284058,3932.03469543,3930.26975466,3934.48212065
eth4h:row14116:1710072000,2024-03-10 12:00:00,3883.69000000,-0.01801114,0.03914780,-0.08118265,-0.04111491,-0.06973797,-0.02507409,-0.0002046309,0.0010545132,-0.0011425652,-0.0002162353,-0.0006275104,0.0003883194,3882.89535839,3887.78756261,3879.25516503,3882.85030009,3881.25370866,3885.19840492
eth4h:row14117:1710086400,2024-03-10 16:00:00,3898.00000000,-0.01738291,0.03765333,-0.07926028,-0.04105053,-0.07255225,-0.02526643,-0.0001923974,0.0010254117,-0.0011051312,-0.0002149817,-0.0006823124,0.0003845739,3897.25010706,3901.99910489,3893.69457803,3897.16209128,3895.34125352,3899.49935730
eth4h:row14118:1710100800,2024-03-10 20:00:00,3878.47000000,-0.01800995,0.03774477,-0.07934331,-0.04006223,-0.07259102,-0.02353933,-0.0002046077,0.0010271922,-0.0011067480,-0.0001957366,-0.0006830674,0.0004182055,3877.67651646,3882.45598092,3874.17988548,3877.71091563,3875.82164823,3880.09233673
eth4h:row14119:1710115200,2024-03-11 00:00:00,3866.93000000,-0.01758628,0.03794498,-0.07934796,-0.03970204,-0.06952722,-0.02511692,-0.0001963576,0.0010310909,-0.0011068386,-0.0001887227,-0.0006234065,0.0003874854,3866.17077338,3870.91921254,3862.65230059,3866.20029141,3864.52008180,3868.42866938
eth4h:row14120:1710129600,2024-03-11 04:00:00,4001.40000000,-0.01837938,0.03706975,-0.07877003,-0.03797213,-0.06844206,-0.02331602,-0.0002118015,0.0010140476,-0.0010955847,-0.0001550365,-0.0006022754,0.0004225540,4000.55258717,4005.45966800,3997.01852803,4000.77968496,3998.99078098,4003.09116472
eth4h:row14121:1710144000,2024-03-11 08:00:00,4034.25000000,-0.01513653,0.04137457,-0.08019453,-0.03920637,-0.06609310,-0.02462762,-0.0001486540,0.0010978748,-0.0011233236,-0.0001790705,-0.0005565344,0.0003970134,4033.65033713,4038.68153349,4029.72077624,4033.52764932,4032.00542557,4035.85196923
eth4h:row14122:1710158400,2024-03-11 12:00:00,4018.00000000,-0.01485138,0.04034937,-0.07956009,-0.03889607,-0.06785463,-0.02242271,-0.0001431014,0.0010779112,-0.0011109694,-0.0001730281,-0.0005908364,0.0004399492,4017.42505989,4022.33338237,4013.53860371,4017.30483327,4015.62672071,4019.76810497
eth4h:row14123:1710172800,2024-03-11 16:00:00,4031.71000000,-0.01892035,0.03649933,-0.07872658,-0.03827981,-0.06949338,-0.02150933,-0.0002223358,0.0010029400,-0.0010947386,-0.0001610279,-0.0006227476,0.0004577354,4030.81370629,4035.75559145,4027.29874666,4031.06083444,4029.20004400,4033.55587872
eth4h:row14124:1710187200,2024-03-11 20:00:00,4064.80000000,-0.02028601,0.03819019,-0.07992583,-0.03859637,-0.06909908,-0.02348593,-0.0002489291,0.0010358659,-0.0011180913,-0.0001671922,-0.0006150694,0.0004192455,4063.78827900,4069.01276922,4060.25772244,4064.12045381,4062.30063447,4066.50450627
eth4h:row14125:1710201600,2024-03-12 00:00:00,4028.69000000,-0.02342527,0.03841502,-0.08263885,-0.03733895,-0.06550181,-0.02137352,-0.0003100593,0.0010402439,-0.0011709216,-0.0001427067,-0.0005450203,0.0004603800,4027.44106068,4032.88300086,4023.97548073,4028.11511995,4026.49488045,4030.54515517
eth4h:row14126:1710216000,2024-03-12 04:00:00,4027.13000000,-0.02124446,0.03932238,-0.08236902,-0.03978024,-0.06776971,-0.02350360,-0.0002675927,0.0010579128,-0.0011656672,-0.0001902455,-0.0005891827,0.0004189013,4026.05251366,4031.39260690,4022.43844159,4026.36392953,4024.75798357,4028.81732351
eth4h:row14127:1710230400,2024-03-12 08:00:00,4020.83000000,-0.01745241,0.03966732,-0.07912969,-0.04029266,-0.06973529,-0.02741435,-0.0001937507,0.0010646297,-0.0011025882,-0.0002002238,-0.0006274582,0.0003427479,4020.05103664,4025.11297434,4016.39912356,4020.02501477,4018.30788876,4022.20836733
eth4h:row14128:1710244800,2024-03-12 12:00:00,3988.46000000,-0.01794653,0.03659106,-0.07758289,-0.03863750,-0.06981139,-0.02478864,-0.0002033727,0.0010047262,-0.0010724676,-0.0001679931,-0.0006289400,0.0003938778,3987.64893853,3992.46932417,3984.18479886,3987.79002252,3985.95228647,3990.03127540
eth4h:row14129:1710259200,2024-03-12 16:00:00,3980.23000000,-0.02027648,0.03574163,-0.07633870,-0.03768716,-0.07463005,-0.02351409,-0.0002487434,0.0009881855,-0.0010482397,-0.0001494873,-0.0007227731,0.0004186971,3979.24006729,3984.16514956,3976.05995080,3979.63505044,3977.35423622,3981.89685950
eth4h:row14130:1710273600,2024-03-12 20:00:00,3979.96000000,-0.01882308,0.03686423,-0.07676106,-0.03788207,-0.07405321,-0.02425983,-0.0002204416,0.0010100456,-0.0010564642,-0.0001532827,-0.0007115404,0.0004041753,3979.08274813,3983.98197188,3975.75753485,3979.34998756,3977.12910491,3981.56892669
eth4h:row14131:1710288000,2024-03-13 00:00:00,4043.78000000,-0.01851194,0.03734870,-0.07851731,-0.03852884,-0.07088557,-0.02409127,-0.0002143828,0.0010194795,-0.0010906634,-0.0001658772,-0.0006498574,0.0004074577,4042.91317585,4047.90465306,4039.37200128,4043.10928475,4041.15297341,4045.42800498
eth4h:row14132:1710302400,2024-03-13 04:00:00,4038.36000000,-0.01786034,0.03819937,-0.07838183,-0.03947626,-0.07240607,-0.02525535,-0.0002016944,0.0010360446,-0.0010880252,-0.0001843261,-0.0006794658,0.0003847898,4037.54556760,4042.54608931,4033.96855189,4037.61569357,4035.61700438,4039.91421862
eth4h:row14133:1710316800,2024-03-13 08:00:00,4048.90000000,-0.01302116,0.03995854,-0.07772683,-0.04109643,-0.07270662,-0.02481690,-0.0001074618,0.0010703007,-0.0010752706,-0.0002158754,-0.0006853185,0.0003933277,4048.46492141,4053.23586041,4044.54867669,4048.02603624,4046.12616447,4050.49285765
eth4h:row14134:1710331200,2024-03-13 12:00:00,3962.80000000,-0.01320856,0.04246742,-0.07817452,-0.03990005,-0.07195421,-0.02474613,-0.0001111109,0.0011191557,-0.0010839884,-0.0001925784,-0.0006706668,0.0003947057,3962.35971409,3967.23747281,3958.50669810,3962.03692361,3960.14317274,3964.36444839
eth4h:row14135:1710345600,2024-03-13 16:00:00,4000.44000000,-0.01601296,0.03960932,-0.07727253,-0.03975020,-0.07310474,-0.02537644,-0.0001657205,0.0010635003,-0.0010664240,-0.0001896605,-0.0006930709,0.0003824319,3999.77709991,4004.69673234,3996.17610888,3999.68134643,3997.66837191,4001.97018831
eth4h:row14136:1710360000,2024-03-13 20:00:00,4004.79000000,-0.01472061,0.03867621,-0.07776337,-0.04101352,-0.07180016,-0.02545851,-0.0001405548,0.0010453300,-0.0010759821,-0.0002142610,-0.0006676670,0.0003808336,4004.22714693,4008.97851596,4000.48323508,4003.93202179,4002.11702624,4006.31544913
eth4h:row14137:1710374400,2024-03-14 00:00:00,3993.77000000,-0.01466196,0.03979469,-0.07989120,-0.04305933,-0.07196745,-0.02684706,-0.0001394127,0.0010671100,-0.0011174169,-0.0002540987,-0.0006709247,0.0003537946,3993.21325638,3998.03406665,3989.30978627,3992.75531720,3991.09137961,3995.18322430
eth4h:row14138:1710388800,2024-03-14 04:00:00,3963.46000000,-0.01744037,0.03762639,-0.07918429,-0.04108379,-0.07203284,-0.02480457,-0.0001935163,0.0010248871,-0.0011036513,-0.0002156294,-0.0006721980,0.0003935676,3962.69308012,3967.52418131,3959.08813498,3962.60545369,3960.79666540,3965.02019660
eth4h:row14139:1710403200,2024-03-14 08:00:00,3955.04000000,-0.01477759,0.03447283,-0.07489740,-0.04041688,-0.07366721,-0.02535918,-0.0001416644,0.0009634783,-0.0010201735,-0.0002026426,-0.0007040239,0.0003827679,3954.47975114,3958.85243143,3951.00723034,3954.23862149,3952.25653725,3956.55415205
eth4h:row14140:1710417600,2024-03-14 12:00:00,3845.81000000,-0.01485591,0.03802336,-0.07677232,-0.04083190,-0.07177798,-0.02736315,-0.0001431896,0.0010326172,-0.0010566836,-0.0002107244,-0.0006672352,0.0003437449,3845.25935955,3849.78330053,3841.74834194,3844.99967942,3843.24479591,3847.13220496
eth4h:row14141:1710432000,2024-03-14 16:00:00,3785.89000000,-0.01542275,0.03828187,-0.07466894,-0.03959821,-0.07544409,-0.02824622,-0.0001542276,0.0010376510,-0.0010157247,-0.0001867008,-0.0007386247,0.0003265490,3785.30615646,3789.82047143,3782.04653043,3785.18323727,3783.09468068,3787.12648049
eth4h:row14142:1710446400,2024-03-14 20:00:00,3881.70000000,-0.01438956,0.03564060,-0.07321101,-0.04113291,-0.07757242,-0.02922430,-0.0001341085,0.0009862182,-0.0009873346,-0.0002165858,-0.0007800694,0.0003075030,3881.17946605,3885.53009136,3877.86935452,3880.85937002,3878.67318546,3882.89381780
eth4h:row14143:1710460800,2024-03-15 00:00:00,3722.20000000,-0.01219134,0.03686739,-0.07665878,-0.04412178,-0.07249774,-0.03212413,-0.0000913029,0.0010101071,-0.0010544725,-0.0002747877,-0.0006812509,0.0002510351,3721.86016786,3725.96172020,3718.27711101,3721.17732588,3719.66511131,3723.13452024
eth4h:row14144:1710475200,2024-03-15 04:00:00,3754.12000000,-0.01519828,0.03548408,-0.07767832,-0.04227303,-0.07100123,-0.02875785,-0.0001498565,0.0009831702,-0.0010743258,-0.0002387871,-0.0006521097,0.0003165861,3753.55746299,3757.81275404,3750.08901764,3753.22367156,3751.67270011,3755.30869033
eth4h:row14145:1710489600,2024-03-15 08:00:00,3689.33000000,-0.01464431,0.03301049,-0.07598286,-0.04237316,-0.07215054,-0.02830526,-0.0001390692,0.0009350024,-0.0010413105,-0.0002407370,-0.0006744900,0.0003253994,3688.81696356,3692.78114541,3685.49026142,3688.44194853,3686.84242273,3690.53070097
eth4h:row14146:1710504000,2024-03-15 12:00:00,3688.90000000,-0.01182954,0.03437687,-0.07638120,-0.04382316,-0.07037915,-0.02975615,-0.0000842576,0.0009616096,-0.0010490673,-0.0002689727,-0.0006399960,0.0002971463,3688.58919515,3692.44898773,3685.03212489,3687.90792005,3686.53987399,3689.99630583
eth4h:row14147:1710518400,2024-03-15 16:00:00,3689.54000000,-0.01662164,0.02868457,-0.07632809,-0.04265497,-0.07069781,-0.02647382,-0.0001775733,0.0008507643,-0.0010480331,-0.0002462247,-0.0006462013,0.0003610627,3688.88489435,3692.68026463,3685.67526541,3688.63165598,3687.15658475,3690.87239595
eth4h:row14148:1710532800,2024-03-15 20:00:00,3742.19000000,-0.01648145,0.03169537,-0.07614248,-0.04288201,-0.07223965,-0.02728143,-0.0001748434,0.0009093933,-0.0010444188,-0.0002506457,-0.0006762252,0.0003453362,3741.53575995,3745.59467036,3738.28362675,3741.25215374,3739.66029213,3743.48253691
eth4h:row14149:1710547200,2024-03-16 00:00:00,3735.52000000,-0.01494913,0.02993340,-0.07489830,-0.04492859,-0.07253417,-0.03074720,-0.0001450049,0.0008750827,-0.0010201909,-0.0002904985,-0.0006819604,0.0002778478,3734.97837072,3738.79031969,3731.71099966,3734.43499460,3732.97339173,3736.55805023
eth4h:row14150:1710561600,2024-03-16 04:00:00,3740.19000000,-0.01745718,0.02482040,-0.07397490,-0.04532717,-0.07511581,-0.02819354,-0.0001938436,0.0007755180,-0.0010022098,-0.0002982599,-0.0007322323,0.0003275748,3739.46505836,3743.09170961,3736.44342266,3739.07461756,3737.45231458,3741.41539250
eth4h:row14151:1710576000,2024-03-16 08:00:00,3692.29000000,-0.01480978,0.02762581,-0.07183539,-0.04742615,-0.07889353,-0.03415840,-0.0001422912,0.0008301473,-0.0009605475,-0.0003391330,-0.0008057951,0.0002114220,3691.76465697,3695.35641724,3688.74508290,3691.03803500,3689.31596930,3693.07071380
eth4h:row14152:1710590400,2024-03-16 12:00:00,3679.55000000,-0.01441031,0.02598859,-0.07176476,-0.04604111,-0.07801315,-0.03101813,-0.0001345124,0.0007982660,-0.0009591721,-0.0003121625,-0.0007886517,0.0002725720,3679.05508824,3682.48843227,3676.02237038,3678.40156192,3676.64926077,3680.55307889
eth4h:row14153:1710604800,2024-03-16 16:00:00,3600.60000000,-0.01400058,0.02660317,-0.07162022,-0.04619746,-0.07742329,-0.03353887,-0.0001265339,0.0008102337,-0.0009563575,-0.0003152069,-0.0007771654,0.0002234860,3600.14443076,3603.51850953,3597.15818536,3599.46524492,3597.80282546,3601.40477363
eth4h:row14154:1710619200,2024-03-16 20:00:00,3523.09000000,-0.01118021,0.02928925,-0.07045280,-0.04739765,-0.07819569,-0.03992295,-0.0000716133,0.0008625393,-0.0009336246,-0.0003385782,-0.0007922062,0.0000991699,3522.83770905,3526.13011464,3519.80229166,3521.89736052,3520.30009143,3523.43940195
eth4h:row14155:1710633600,2024-03-17 00:00:00,3571.50000000,-0.01116042,0.02676351,-0.07095175,-0.04608778,-0.07453409,-0.03512504,-0.0000712279,0.0008133559,-0.0009433405,-0.0003130713,-0.0007209044,0.0001925988,3571.24561853,3574.40608219,3568.13244790,3570.38204102,3568.92621772,3572.18793282
eth4h:row14156:1710648000,2024-03-17 04:00:00,3472.72000000,-0.01126533,0.03123880,-0.07254022,-0.04636494,-0.07620361,-0.03583577,-0.0000732707,0.0009005026,-0.0009742724,-0.0003184684,-0.0007534148,0.0001787589,3472.46556068,3475.84860180,3469.33827226,3471.61422458,3470.10458662,3473.34083523
eth4h:row14157:1710662400,2024-03-17 08:00:00,3578.99000000,-0.01320331,0.02868284,-0.07177269,-0.04517899,-0.07382129,-0.03523603,-0.0001110088,0.0008507307,-0.0009593265,-0.0002953745,-0.0007070242,0.0001904376,3578.59272272,3582.03605205,3575.55822653,3577.93301375,3576.46046167,3579.67163923
eth4h:row14158:1710676800,2024-03-17 12:00:00,3628.42000000,-0.01541011,0.02667881,-0.07365774,-0.04282097,-0.06835113,-0.02974905,-0.0001539815,0.0008117066,-0.0009960339,-0.0002494572,-0.0006005047,0.0002972847,3627.86133348,3631.36640797,3624.80777004,3627.51497753,3626.24177064,3629.49883411
eth4h:row14159:1710691200,2024-03-17 16:00:00,3651.18000000,-0.01631646,0.03055186,-0.07566892,-0.04613135,-0.07119048,-0.03598591,-0.0001716307,0.0008871258,-0.0010351973,-0.0003139197,-0.0006557948,0.0001758352,3650.55339931,3654.42049330,3647.40226418,3650.03400253,3648.78636011,3651.82206244
eth4h:row14160:1710705600,2024-03-17 20:00:00,3644.71000000,-0.01864760,0.02810479,-0.07506906,-0.04385046,-0.07248843,-0.02967718,-0.0002170245,0.0008394745,-0.0010235163,-0.0002695043,-0.0006810696,0.0002986842,3643.91909433,3647.77092561,3640.98148850,3643.72786739,3642.22854400,3645.79877981
eth4h:row14161:1710720000,2024-03-18 00:00:00,3600.39000000,-0.01933591,0.02584446,-0.07365530,-0.04362397,-0.07281524,-0.02946582,-0.0002304280,0.0007954595,-0.0009959863,-0.0002650937,-0.0006874335,0.0003027999,3599.56046501,3603.25510374,3596.80584613,3599.43568568,3597.91582165,3601.48036289
eth4h:row14162:1710734400,2024-03-18 04:00:00,3626.65000000,-0.02294605,0.02513702,-0.07495325,-0.04496090,-0.07426994,-0.03406623,-0.0003007275,0.0007816835,-0.0010212611,-0.0002911276,-0.0007157606,0.0002132170,3625.55953046,3629.48600063,3622.94813415,3625.59433577,3624.05511556,3627.42334573
eth4h:row14163:1710748800,2024-03-18 08:00:00,3597.82000000,-0.02337425,0.02419640,-0.07034969,-0.03838770,-0.07633914,-0.02680337,-0.0003090658,0.0007633669,-0.0009316166,-0.0001631287,-0.0007560539,0.0003546454,3596.70820869,3600.56750527,3594.46977200,3597.23314009,3595.10088216,3599.09617655
eth4h:row14164:1710763200,2024-03-18 12:00:00,3525.18000000,-0.02149205,0.02938313,-0.07319611,-0.04133503,-0.07430689,-0.03208378,-0.0002724141,0.0008643674,-0.0009870445,-0.0002205216,-0.0007164802,0.0002518209,3524.21982201,3528.22836793,3521.70220724,3524.40270731,3522.65518284,3526.06782579
eth4h:row14165:1710777600,2024-03-18 16:00:00,3478.89000000,-0.01872556,0.02447302,-0.07209080,-0.04289280,-0.07215580,-0.03332050,-0.0002185427,0.0007687536,-0.0009655210,-0.0002508558,-0.0006745925,0.0002277384,3478.12979707,3481.56543740,3475.53267979,3478.01740982,3476.54395846,3479.68236711
eth4h:row14166:1710792000,2024-03-18 20:00:00,3520.46000000,-0.01592224,0.02689720,-0.06879853,-0.03990785,-0.07127272,-0.03209740,-0.0001639540,0.0008159593,-0.0009014113,-0.0001927305,-0.0006573962,0.0002515557,3519.88285387,3523.33372421,3517.28804751,3519.78156538,3518.14642341,3521.34570313
eth4h:row14167:1710806400,2024-03-19 00:00:00,3419.17000000,-0.01826708,0.02958173,-0.07253616,-0.04232524,-0.07209396,-0.03544286,-0.0002096148,0.0008682348,-0.0009741935,-0.0002398039,-0.0006733883,0.0001864101,3418.45336645,3422.13993134,3415.84068874,3418.35016815,3416.86834611,3419.80742719
eth4h:row14168:1710820800,2024-03-19 04:00:00,3360.14000000,-0.02059107,0.02948887,-0.07416027,-0.03948746,-0.07060419,-0.02934907,-0.0002548694,0.0008664264,-0.0010058195,-0.0001845443,-0.0006443781,0.0003050734,3359.28371227,3363.05257568,3356.76200480,3359.51996261,3357.97549669,3361.16524568
eth4h:row14169:1710835200,2024-03-19 08:00:00,3276.51000000,-0.01865523,0.02977843,-0.07511394,-0.04213141,-0.07000911,-0.03256559,-0.0002171731,0.0008720650,-0.0010243902,-0.0002360294,-0.0006327903,0.0002424386,3275.79850742,3279.36857585,3273.15529369,3275.73673873,3274.43731217,3277.30444883
eth4h:row14170:1710849600,2024-03-19 12:00:00,3303.16000000,-0.02108781,0.03139360,-0.08032458,-0.04269860,-0.06397253,-0.03114481,-0.0002645424,0.0009035168,-0.0011258562,-0.0002470743,-0.0005152409,0.0002701053,3302.28628958,3306.14580927,3299.44320965,3302.34397486,3301.45851512,3304.05232137
eth4h:row14171:1710864000,2024-03-19 16:00:00,3333.26000000,-0.02063220,0.02976293,-0.07947486,-0.04089664,-0.06263691,-0.02672898,-0.0002556703,0.0008717632,-0.0011093096,-0.0002119849,-0.0004892326,0.0003560939,3332.40789348,3336.16708035,3329.56443275,3332.55347418,3331.62965937,3334.44716493
eth4h:row14172:1710878400,2024-03-19 20:00:00,3158.64000000,-0.02022820,0.03528977,-0.08168607,-0.04264424,-0.06391190,-0.02937963,-0.0002478032,0.0009793864,-0.0011523682,-0.0002460158,-0.0005140602,0.0003044783,3157.85737578,3161.73504457,3155.00218010,3157.86302032,3157.01668603,3159.60188362
eth4h:row14173:1710892800,2024-03-20 00:00:00,3161.02000000,-0.01970153,0.03452451,-0.08026963,-0.04220537,-0.06278245,-0.03048896,-0.0002375475,0.0009644846,-0.0011247860,-0.0002374697,-0.0004920667,0.0002828764,3160.26919667,3164.07022576,3157.46652772,3160.26944251,3159.46495002,3161.91430448
eth4h:row14174:1710907200,2024-03-20 04:00:00,3218.48000000,-0.02277784,0.03222150,-0.07934003,-0.04001031,-0.06557785,-0.02677452,-0.0002974521,0.0009196385,-0.0011066842,-0.0001947257,-0.0005465010,0.0003552072,3217.52279867,3221.44119968,3214.92012928,3217.85334028,3216.72157794,3219.62343018
eth4h:row14175:1710921600,2024-03-20 08:00:00,3293.26000000,-0.02123110,0.03715462,-0.08131247,-0.04229407,-0.06508791,-0.03032568,-0.0002673327,0.0010157004,-0.0011450931,-0.0002391968,-0.0005369606,0.0002860561,3292.37972161,3296.60666475,3289.49106889,3292.47235687,3291.49212386,3294.20219178
eth4h:row14176:1710936000,2024-03-20 12:00:00,3292.55000000,-0.02364211,0.03493697,-0.08041268,-0.03888504,-0.06628917,-0.02330556,-0.0003142819,0.0009725164,-0.0011275716,-0.0001728134,-0.0005603525,0.0004227577,3291.51537385,3295.75361650,3288.83950634,3291.98105251,3290.70552829,3293.94224502
eth4h:row14177:1710950400,2024-03-20 16:00:00,3379.01000000,-0.02394574,0.03010512,-0.07882731,-0.04165922,-0.06754458,-0.02618000,-0.0003201943,0.0008784266,-0.0010967001,-0.0002268345,-0.0005847988,0.0003667843,3377.92823338,3381.97951637,3375.30627075,3378.24361085,3377.03453659,3380.24959504
eth4h:row14178:1710964800,2024-03-20 20:00:00,3516.53000000,-0.02032619,0.02802587,-0.07594424,-0.04286711,-0.07153940,-0.02725884,-0.0002497114,0.0008379377,-0.0010405584,-0.0002503555,-0.0006625894,0.0003457761,3515.65199209,3519.47786810,3512.87274830,3515.64972749,3514.20075636,3517.74614232
eth4h:row14179:1710979200,2024-03-21 00:00:00,3510.59000000,-0.02360540,0.02669586,-0.07627129,-0.03868012,-0.07179213,-0.01957836,-0.0003135669,0.0008120385,-0.0010469270,-0.0001688230,-0.0006675106,0.0004953368,3509.48936779,3513.44189205,3506.91659177,3509.99738177,3508.24742584,3512.32935511
eth4h:row14180:1710993600,2024-03-21 04:00:00,3516.03000000,-0.02400987,0.02810199,-0.07762992,-0.04041515,-0.07290946,-0.02293458,-0.0003214432,0.0008394199,-0.0010733834,-0.0002026090,-0.0006892683,0.0004299817,3514.89997768,3518.98266471,3512.25797671,3515.31769294,3513.60734708,3517.54215358
eth4h:row14181:1711008000,2024-03-21 08:00:00,3531.18000000,-0.02145856,0.02716387,-0.07715904,-0.04128347,-0.07193014,-0.02503925,-0.0002717618,0.0008211521,-0.0010642140,-0.0002195176,-0.0006701982,0.0003889978,3530.22049050,3534.08082675,3527.42406756,3530.40492879,3528.81420256,3532.55388841
eth4h:row14182:1711022400,2024-03-21 12:00:00,3497.60000000,-0.01856010,0.03045840,-0.07924997,-0.04344831,-0.06916343,-0.02716979,-0.0002153207,0.0008853059,-0.0011049304,-0.0002616732,-0.0006163224,0.0003475102,3496.84697550,3500.69781702,3493.73752968,3496.68489144,3495.44501498,3498.81566274
eth4h:row14183:1711036800,2024-03-21 16:00:00,3441.38000000,-0.01930730,0.03144885,-0.07896405,-0.04412560,-0.07397071,-0.02720247,-0.0002298709,0.0009045928,-0.0010993627,-0.0002748619,-0.0007099337,0.0003468738,3440.58901797,3444.49445588,3437.59875417,3440.43422559,3438.93771524,3442.57393168
eth4h:row14184:1711051200,2024-03-21 20:00:00,3492.85000000,-0.01681035,0.03268815,-0.07828610,-0.04277806,-0.07121472,-0.02472406,-0.0001812480,0.0009287254,-0.0010861612,-0.0002486215,-0.0006562669,0.0003951354,3492.21698532,3496.09540548,3489.05826149,3491.98171041,3490.55851016,3494.23042145
eth4h:row14185:1711065600,2024-03-22 00:00:00,3522.01000000,-0.01670091,0.03380448,-0.08002549,-0.04348324,-0.06783891,-0.02741930,-0.0001791170,0.0009504637,-0.0011200319,-0.0002623534,-0.0005905302,0.0003426516,3521.37920463,3525.35913390,3518.06744472,3521.08610995,3519.93076062,3523.21702909
eth4h:row14186:1711080000,2024-03-22 04:00:00,3511.40000000,-0.02042370,0.03357113,-0.08073287,-0.04332225,-0.06811024,-0.02787378,-0.0002516102,0.0009459196,-0.0011338068,-0.0002592184,-0.0005958139,0.0003338015,3510.51660697,3514.72307364,3507.42100707,3510.48989843,3509.30848223,3512.57230611
eth4h:row14187:1711094400,2024-03-22 08:00:00,3405.19000000,-0.01707058,0.03474218,-0.07797801,-0.04319833,-0.07149990,-0.02752605,-0.0001863155,0.0009687234,-0.0010801617,-0.0002568054,-0.0006618201,0.0003405728,3404.55561947,3408.49028535,3401.51383005,3404.31564118,3402.93712228,3406.34991268
eth4h:row14188:1711108800,2024-03-22 12:00:00,3349.31000000,-0.01863008,0.03310711,-0.07891052,-0.04462705,-0.07221764,-0.02845673,-0.0002166833,0.0009368838,-0.0010983204,-0.0002846267,-0.0006757967,0.0003224498,3348.58433908,3352.44938469,3345.63340397,3348.35683269,3347.04731216,3350.39015849
eth4h:row14189:1711123200,2024-03-22 16:00:00,3340.46000000,-0.02236848,0.03002466,-0.07807737,-0.04255132,-0.07101825,-0.02587053,-0.0002894806,0.0008768597,-0.0010820965,-0.0002442063,-0.0006524410,0.0003728105,3339.49314149,3343.39039936,3336.84725490,3339.64433828,3338.28125765,3341.70559066
eth4h:row14190:1711137600,2024-03-22 20:00:00,3336.35000000,-0.02158814,0.02860458,-0.07529175,-0.04185818,-0.07350230,-0.02636459,-0.0002742851,0.0008492067,-0.0010278525,-0.0002307088,-0.0007008126,0.0003631897,3335.43501435,3339.18445413,3332.92248603,3335.58036337,3334.01266297,3337.56194793
eth4h:row14191:1711152000,2024-03-23 00:00:00,3303.56000000,-0.01952903,0.02944166,-0.07486629,-0.04315410,-0.07376319,-0.02932155,-0.0002341885,0.0008655072,-0.0010195676,-0.0002559442,-0.0007058929,0.0003056093,3302.78643466,3306.42049260,3300.19351357,3302.71458132,3301.22886342,3304.56975304
eth4h:row14192:1711166400,2024-03-23 04:00:00,3365.28000000,-0.01736205,0.02528370,-0.07092010,-0.04438112,-0.07899056,-0.03024616,-0.0001919912,0.0007845399,-0.0009427242,-0.0002798377,-0.0008076846,0.0002876044,3364.63395798,3367.92123231,3362.10896398,3364.33839939,3362.56301240,3366.24800856
eth4h:row14193:1711180800,2024-03-23 08:00:00,3364.99000000,-0.01678746,0.02284075,-0.06929498,-0.04625736,-0.08235717,-0.03132760,-0.0001808023,0.0007369686,-0.0009110785,-0.0003163734,-0.0008732420,0.0002665458,3364.38165708,3367.47080596,3361.92562610,3363.92557517,3362.05283204,3365.88704337
eth4h:row14194:1711195200,2024-03-23 12:00:00,3405.50000000,-0.01544576,0.01852740,-0.06734603,-0.04831056,-0.08535868,-0.03162205,-0.0001546756,0.0006529754,-0.0008731269,-0.0003563550,-0.0009316899,0.0002608120,3404.97329306,3407.72443397,3402.52786419,3404.28664917,3402.32860752,3406.38831125
eth4h:row14195:1711209600,2024-03-23 16:00:00,3386.12000000,-0.01640277,0.01923908,-0.06759953,-0.04847417,-0.08394200,-0.03475776,-0.0001733113,0.0006668338,-0.0008780632,-0.0003595411,-0.0009041031,0.0001997508,3385.53319793,3388.37873243,3383.14807760,3384.90276963,3383.05998192,3386.79644790
eth4h:row14196:1711224000,2024-03-23 20:00:00,3329.53000000,-0.01175408,0.01722074,-0.06533121,-0.05233340,-0.08606079,-0.04065001,-0.0000827882,0.0006275312,-0.0008338927,-0.0004346911,-0.0009453621,0.0000850121,3329.25436557,3331.62003960,3326.75468663,3328.08299754,3326.38387597,3329.81306226
eth4h:row14197:1711238400,2024-03-24 00:00:00,3307.62000000,-0.00592725,0.01779670,-0.06564283,-0.05487559,-0.08426662,-0.04326492,0.0000306767,0.0006387467,-0.0008399607,-0.0004841949,-0.0009104244,0.0000340922,3307.72146852,3309.73340641,3304.84289579,3306.01885497,3304.61003242,3307.73276610
eth4h:row14198:1711252800,2024-03-24 04:00:00,3341.80000000,-0.00250654,0.01880247,-0.06455844,-0.05756531,-0.08637661,-0.04707419,0.0000972877,0.0006583319,-0.0008188446,-0.0005365714,-0.0009515119,-0.0000400851,3342.12513178,3344.00073795,3339.06470526,3340.00736682,3338.62174988,3341.66604621
eth4h:row14199:1711267200,2024-03-24 08:00:00,3387.38000000,-0.00409381,0.01942695,-0.06493252,-0.05453746,-0.08330211,-0.04521720,0.0000663790,0.0006704923,-0.0008261289,-0.0004776104,-0.0008916427,-0.0000039241,3387.60485833,3389.65197372,3384.58274294,3385.76253838,3384.36101347,3387.36670757
eth4h:row14200:1711281600,2024-03-24 12:00:00,3397.51000000,-0.00348537,0.01601733,-0.06438320,-0.05623512,-0.08139545,-0.04890874,0.0000782271,0.0006040972,-0.0008154322,-0.0005106686,-0.0008545146,-0.0000758089,3397.77578784,3399.56304639,3394.74069021,3395.77544109,3394.60801832,3397.25244840
eth4h:row14201:1711296000,2024-03-24 16:00:00,3382.50000000,-0.00491314,0.01851387,-0.06913357,-0.05880253,-0.07768351,-0.05023750,0.0000504244,0.0006527120,-0.0009079354,-0.0005606634,-0.0007822326,-0.0001016837,3382.67056483,3384.70851886,3379.43030224,3380.60408752,3379.85513293,3382.15607232
eth4h:row14202:1711310400,2024-03-24 20:00:00,3454.98000000,-0.00412612,0.01899023,-0.06853216,-0.05754934,-0.07819924,-0.04978567,0.0000657499,0.0006619880,-0.0008962242,-0.0005362603,-0.0007922753,-0.0000928852,3455.20717208,3457.26791264,3451.88495035,3453.12772809,3452.24378882,3454.65909825
eth4h:row14203:1711324800,2024-03-25 00:00:00,3454.97000000,-0.00553470,0.01842833,-0.06970679,-0.05551038,-0.07521869,-0.04620775,0.0000383209,0.0006510464,-0.0009190976,-0.0004965560,-0.0007342356,-0.0000232130,3455.10240014,3457.22007811,3451.79600424,3453.25483965,3452.43416909,3454.88980063
eth4h:row14204:1711339200,2024-03-25 04:00:00,3444.60000000,-0.00785534,0.01711888,-0.06911080,-0.05501698,-0.07379583,-0.04823526,-0.0000068687,0.0006255476,-0.0009074920,-0.0004869480,-0.0007065283,-0.0000626944,3444.57634023,3446.75543532,3441.47547091,3442.92306724,3442.16715203,3444.38404953
eth4h:row14205:1711353600,2024-03-25 08:00:00,3436.19000000,-0.01139216,0.01782913,-0.06924676,-0.05272643,-0.07320932,-0.04694883,-0.0000757406,0.0006393782,-0.0009101395,-0.0004423445,-0.0006951073,-0.0000376439,3435.92975071,3438.38772733,3433.06401044,3434.67035622,3433.80230910,3436.06065069
eth4h:row14206:1711368000,2024-03-25 12:00:00,3581.49000000,-0.01286690,0.01728524,-0.06895798,-0.05265216,-0.07387647,-0.04708480,-0.0001044580,0.0006287870,-0.0009045161,-0.0004408984,-0.0007080987,-0.0000402917,3581.11590442,3583.74270260,3578.25194940,3579.91127502,3578.95484917,3581.34569849
eth4h:row14207:1711382400,2024-03-25 16:00:00,3638.96000000,-0.01231067,0.01875866,-0.07010566,-0.05271898,-0.07256003,-0.04577091,-0.0000936266,0.0006574788,-0.0009268648,-0.0004421995,-0.0006824638,-0.0000147065,3638.61931262,3641.35332585,3635.58873866,3637.35120957,3636.47738863,3638.90648417
eth4h:row14208:1711396800,2024-03-25 20:00:00,3590.42000000,-0.01262109,0.01908595,-0.07009881,-0.05130325,-0.06879191,-0.04594767,-0.0000996713,0.0006638521,-0.0009267313,-0.0004146312,-0.0006090879,-0.0000181484,3590.06215585,3592.80429910,3587.09418663,3588.93160847,3588.23378443,3590.35484010
eth4h:row14209:1711411200,2024-03-26 00:00:00,3623.00000000,-0.01340108,0.01781721,-0.06859302,-0.04938261,-0.06889723,-0.04505941,-0.0001148599,0.0006391460,-0.0008974093,-0.0003772309,-0.0006111388,-0.0000008515,3622.58388650,3625.31636620,3619.75014464,3621.63355032,3620.78652048,3622.99691493
eth4h:row14210:1711425600,2024-03-26 04:00:00,3635.13000000,-0.01335077,0.01958264,-0.06668299,-0.04913537,-0.07326370,-0.04661409,-0.0001138803,0.0006735240,-0.0008602156,-0.0003724164,-0.0006961664,-0.0000311256,3634.71605393,3637.57917183,3632.00434921,3633.77647003,3632.60022517,3635.01685611
eth4h:row14211:1711440000,2024-03-26 08:00:00,3631.60000000,-0.01418798,0.01851256,-0.06784784,-0.04988043,-0.07451086,-0.04441538,-0.0001301831,0.0006526864,-0.0008828986,-0.0003869248,-0.0007204520,0.0000116895,3631.12725790,3633.97106969,3628.39508062,3630.19511572,3628.98454862,3631.64245196
eth4h:row14212:1711454400,2024-03-26 12:00:00,3593.35000000,-0.01575332,0.01579339,-0.06713729,-0.04926584,-0.07360965,-0.04461717,-0.0001606646,0.0005997366,-0.0008690622,-0.0003749571,-0.0007029030,0.0000077601,3592.77272209,3595.50570978,3590.22851196,3592.00290044,3590.82511106,3593.37788479
eth4h:row14213:1711468800,2024-03-26 16:00:00,3560.82000000,-0.01381128,0.01374335,-0.06565475,-0.04946969,-0.07224371,-0.04426957,-0.0001228476,0.0005598164,-0.0008401928,-0.0003789266,-0.0006763042,0.0000145288,3560.38258855,3562.81396362,3557.82948115,3559.47096617,3558.41261679,3560.87173492
eth4h:row14214:1711483200,2024-03-26 20:00:00,3587.33000000,-0.01261799,0.01045580,-0.06405365,-0.04930345,-0.07348205,-0.04393145,-0.0000996110,0.0004957984,-0.0008090148,-0.0003756895,-0.0007004183,0.0000211130,3586.97268031,3589.10903354,3584.42897044,3585.98253094,3584.81824827,3587.40574020
eth4h:row14215:1711497600,2024-03-27 00:00:00,3603.11000000,-0.00971835,0.01363988,-0.06409245,-0.05135946,-0.07675877,-0.04561340,-0.0000431466,0.0005578015,-0.0008097704,-0.0004157257,-0.0007642253,-0.0000116394,3602.95454129,3605.12038082,3600.19348905,3601.61240588,3600.35746400,3603.06806226
eth4h:row14216:1711512000,2024-03-27 04:00:00,3565.21000000,-0.00929587,0.01464600,-0.06372934,-0.05078612,-0.07921441,-0.04504022,-0.0000349198,0.0005773936,-0.0008026996,-0.0004045612,-0.0008120435,-0.0000004778,3565.08550578,3567.26912400,3562.34935554,3563.76794608,3562.31606938,3565.20829659
eth4h:row14217:1711526400,2024-03-27 08:00:00,3585.07000000,-0.00973921,0.01326395,-0.06466454,-0.05253081,-0.07903661,-0.04678028,-0.0000435529,0.0005504811,-0.0008209106,-0.0004385352,-0.0008085813,-0.0000343619,3584.91386332,3587.04405674,3582.12818581,3583.49816520,3582.17235121,3584.94681246
eth4h:row14218:1711540800,2024-03-27 12:00:00,3514.30000000,-0.00994997,0.01643116,-0.06688028,-0.05457787,-0.07821450,-0.05032295,-0.0000476570,0.0006121558,-0.0008640574,-0.0004783973,-0.0007925724,-0.0001033475,3514.13252299,3516.45195759,3511.26475467,3512.61917034,3511.51576628,3513.93682451
eth4h:row14219:1711555200,2024-03-27 16:00:00,3491.18000000,-0.00719791,0.01871128,-0.06709754,-0.05435203,-0.07698543,-0.04918331,0.0000059335,0.0006565561,-0.0008682880,-0.0004739995,-0.0007686391,-0.0000811555,3491.20071509,3493.47290814,3488.14996589,3489.52557439,3488.49757369,3490.89668305
eth4h:row14220:1711569600,2024-03-27 20:00:00,3501.19000000,-0.00645440,0.01673294,-0.06609672,-0.05451415,-0.07748696,-0.04736045,0.0000204117,0.0006180322,-0.0008487992,-0.0004771566,-0.0007784053,-0.0000456593,3501.26146614,3503.35451710,3498.21945366,3499.51978268,3498.46571575,3501.03014193
eth4h:row14221:1711584000,2024-03-28 00:00:00,3496.61000000,-0.00614541,0.01513887,-0.06435537,-0.05441312,-0.07787322,-0.04952778,0.0000264287,0.0005869912,-0.0008148902,-0.0004751892,-0.0007859267,-0.0000878633,3496.70241198,3498.66308194,3493.76180756,3494.94884328,3493.86300047,3496.30278978
eth4h:row14222:1711598400,2024-03-28 04:00:00,3573.88000000,-0.00718336,0.01021499,-0.06312161,-0.05334268,-0.07564202,-0.04656005,0.0000062167,0.0004911093,-0.0007908654,-0.0004543447,-0.0007424790,-0.0000300732,3573.90221793,3575.63559680,3571.05465928,3572.25659527,3571.22745407,3573.77252370
eth4h:row14223:1711612800,2024-03-28 08:00:00,3579.73000000,-0.00993376,0.01115359,-0.06543314,-0.05448697,-0.07736224,-0.04722640,-0.0000473413,0.0005093864,-0.0008358774,-0.0004766273,-0.0007759765,-0.0000430489,3579.56053494,3581.55393030,3576.73903472,3578.02420947,3576.95329095,3579.57589987
eth4h:row14224:1711627200,2024-03-28 12:00:00,3578.70000000,-0.00925772,0.01255972,-0.06497752,-0.05522804,-0.07773867,-0.05017566,-0.0000341770,0.0005367678,-0.0008270053,-0.0004910579,-0.0007833068,-0.0001004795,3578.57769300,3580.62144661,3575.74161977,3576.94308236,3575.89787767,3578.34043201
eth4h:row14225:1711641600,2024-03-28 16:00:00,3563.05000000,-0.00877278,0.00867582,-0.06591033,-0.05631147,-0.07240754,-0.05046193,-0.0000247337,0.0004611373,-0.0008451698,-0.0005121555,-0.0006794946,-0.0001060539,3562.96187355,3564.69343410,3560.03989008,3561.22563168,3560.62974931,3562.67214457
eth4h:row14226:1711656000,2024-03-28 20:00:00,3560.49000000,-0.00788324,0.01238740,-0.06529026,-0.05738507,-0.07607269,-0.05442005,-0.0000074119,0.0005334123,-0.0008330953,-0.0005330615,-0.0007508654,-0.0001831298,3560.46361020,3562.38971582,3557.52500776,3558.59254568,3557.81755465,3559.83802792
eth4h:row14227:1711670400,2024-03-29 00:00:00,3562.39000000,-0.00672155,0.01345916,-0.06288981,-0.05444990,-0.07752231,-0.05237248,0.0000152096,0.0005542823,-0.0007863516,-0.0004759054,-0.0007790935,-0.0001432578,3562.44418301,3564.36511723,3559.58981016,3560.69504282,3559.61564588,3561.87969635
eth4h:row14228:1711684800,2024-03-29 04:00:00,3519.43000000,-0.00625746,0.01442111,-0.06198209,-0.05178986,-0.07685655,-0.04956561,0.0000242466,0.0005730144,-0.0007686757,-0.0004241069,-0.0007661294,-0.0000886000,3519.51533528,3521.44726208,3516.72573918,3517.93770187,3516.73469379,3519.11819216
eth4h:row14229:1711699200,2024-03-29 08:00:00,3549.85000000,-0.00732009,0.01267279,-0.06540626,-0.05524163,-0.07160920,-0.05292263,0.0000035542,0.0005389696,-0.0008353540,-0.0004913226,-0.0006639485,-0.0001539708,3549.86261674,3551.76377695,3546.88585696,3548.10630696,3547.49386463,3549.30346878
eth4h:row14230:1711713600,2024-03-29 12:00:00,3488.53000000,-0.00726144,0.01290143,-0.06576686,-0.05359117,-0.06974991,-0.04977744,0.0000046963,0.0005434219,-0.0008423760,-0.0004591836,-0.0006277428,-0.0000927251,3488.54638306,3490.42625894,3485.59258334,3486.92849205,3486.34078757,3488.20654081
eth4h:row14231:1711728000,2024-03-29 16:00:00,3500.34000000,-0.00815945,0.01640959,-0.06708222,-0.05180125,-0.06995577,-0.04778276,-0.0000127904,0.0006117356,-0.0008679897,-0.0004243286,-0.0006317515,-0.0000538829,3500.29522945,3502.48193766,3497.30305904,3498.85502070,3498.12935338,3500.15139660
eth4h:row14232:1711742400,2024-03-29 20:00:00,3509.74000000,-0.01147943,0.01487411,-0.06949192,-0.05309246,-0.07001133,-0.04875755,-0.0000774398,0.0005818355,-0.0009149134,-0.0004494722,-0.0006328335,-0.0000728648,3509.46821683,3511.78268564,3506.53036046,3508.16282380,3507.51962153,3509.48427275
eth4h:row14233:1711756800,2024-03-30 00:00:00,3490.00000000,-0.01205771,0.01629514,-0.07037609,-0.05107216,-0.06582972,-0.04661151,-0.0000887007,0.0006095071,-0.0009321308,-0.0004101313,-0.0005514057,-0.0000310754,3489.69044837,3492.12782820,3486.74837932,3488.56893537,3488.07612449,3489.89154849
eth4h:row14234:1711771200,2024-03-30 04:00:00,3492.64000000,-0.01436572,0.01644863,-0.07159322,-0.05114816,-0.06728210,-0.04658395,-0.0001336442,0.0006124958,-0.0009558317,-0.0004116111,-0.0005796875,-0.0000305386,3492.17326010,3494.77988273,3489.30321898,3491.20268636,3490.61594689,3492.53334128
eth4h:row14235:1711785600,2024-03-30 08:00:00,3560.00000000,-0.01677613,0.01512797,-0.07114594,-0.04936985,-0.06815930,-0.04189702,-0.0001805818,0.0005867788,-0.0009471220,-0.0003769825,-0.0005967691,0.0000607291,3559.35718695,3562.08954564,3556.62984189,3558.65819530,3557.87613570,3560.21620207
eth4h:row14236:1711800000,2024-03-30 12:00:00,3536.61000000,-0.01465528,0.01728387,-0.07006841,-0.04926608,-0.06811278,-0.04328888,-0.0001392827,0.0006287603,-0.0009261394,-0.0003749618,-0.0005958632,0.0000336256,3536.11744555,3538.83437930,3533.33612247,3535.28415510,3534.50329188,3536.72892281
eth4h:row14237:1711814400,2024-03-30 16:00:00,3509.02000000,-0.01901476,0.01545043,-0.07244509,-0.04798840,-0.06628753,-0.03946772,-0.0002241743,0.0005930581,-0.0009724200,-0.0003500816,-0.0005603206,0.0001080346,3508.23345615,3511.10166984,3505.60941729,3507.79177169,3507.05437471,3509.39911595
eth4h:row14238:1711828800,2024-03-30 20:00:00,3505.64000000,-0.01833623,0.01579751,-0.07036554,-0.04664532,-0.06778754,-0.03821665,-0.0002109612,0.0005998167,-0.0009319253,-0.0003239282,-0.0005895300,0.0001323965,3504.90052402,3507.74337203,3502.37452711,3504.50460832,3503.57392905,3506.10416515
eth4h:row14239:1711843200,2024-03-31 00:00:00,3537.26000000,-0.01644867,0.01739634,-0.06908827,-0.04856912,-0.07320821,-0.04128220,-0.0001742050,0.0006309505,-0.0009070533,-0.0003613900,-0.0006950859,0.0000727014,3536.64384516,3539.49254026,3534.05297135,3535.98190050,3534.80215492,3537.51717311
eth4h:row14240:1711857600,2024-03-31 04:00:00,3625.38000000,-0.01756065,0.01713313,-0.07095986,-0.04825221,-0.06980495,-0.03905373,-0.0001958585,0.0006258250,-0.0009434984,-0.0003552187,-0.0006288147,0.0001160960,3624.67000794,3627.64956351,3621.96107295,3624.09242583,3623.10102439,3625.80091661
eth4h:row14241:1711872000,2024-03-31 08:00:00,3609.20000000,-0.01788061,0.01817645,-0.06960212,-0.04750077,-0.07296999,-0.03872369,-0.0002020890,0.0006461414,-0.0009170594,-0.0003405861,-0.0006904469,0.0001225229,3608.47069403,3611.53280708,3605.89166625,3607.97096581,3606.70889899,3609.64223690
eth4h:row14242:1711886400,2024-03-31 12:00:00,3617.68000000,-0.01567261,0.01772095,-0.06882476,-0.04860548,-0.07443915,-0.03932553,-0.0001590931,0.0006372715,-0.0009019220,-0.0003620980,-0.0007190558,0.0001108034,3617.10449789,3619.98617924,3614.41860592,3616.37028234,3615.07962139,3618.08087328
eth4h:row14243:1711900800,2024-03-31 16:00:00,3638.18000000,-0.01398854,0.01555593,-0.06677603,-0.04830525,-0.07616372,-0.03887203,-0.0001262995,0.0005951125,-0.0008620274,-0.0003562517,-0.0007526381,0.0001196343,3637.72052880,3640.34577061,3635.04514067,3636.88412294,3635.44279749,3638.61527724
eth4h:row14244:1711915200,2024-03-31 20:00:00,3645.29000000,-0.01605694,0.01594658,-0.06665009,-0.04731808,-0.07798854,-0.03753389,-0.0001665771,0.0006027195,-0.0008595749,-0.0003370287,-0.0007881723,0.0001456917,3644.68282873,3647.48774961,3642.15794667,3644.06163973,3642.41801534,3645.82112716
eth4h:row14245:1711929600,2024-04-01 00:00:00,3610.42000000,-0.01415150,0.01789595,-0.06866979,-0.04749266,-0.07578637,-0.03549811,-0.0001294727,0.0006406793,-0.0008989042,-0.0003404283,-0.0007452898,0.0001853341,3609.95257925,3612.73386238,3607.17603645,3609.19112009,3607.73019313,3611.08919611
eth4h:row14246:1711944000,2024-04-01 04:00:00,3546.88000000,-0.01194232,0.02193660,-0.07064312,-0.04948054,-0.07402843,-0.03974861,-0.0000864536,0.0007193624,-0.0009373306,-0.0003791378,-0.0007110579,0.0001025649,3546.57337266,3549.43240992,3543.55695856,3545.53549844,3544.35885955,3547.24380407
eth4h:row14247:1711958400,2024-04-01 08:00:00,3537.98000000,-0.01100819,0.02189256,-0.07065129,-0.05223403,-0.07424948,-0.04590693,-0.0000682636,0.0007185046,-0.0009374896,-0.0004327562,-0.0007153622,-0.0000173551,3537.73849311,3540.52296845,3534.66473484,3536.44924833,3535.44996787,3537.91859849
eth4h:row14248:1711972800,2024-04-01 12:00:00,3444.04000000,-0.00824671,0.02321900,-0.06929903,-0.05131988,-0.07705757,-0.04336066,-0.0000144896,0.0007443342,-0.0009111574,-0.0004149550,-0.0007700438,0.0000322279,3443.99009743,3446.60447110,3440.90336656,3442.61117479,3441.38895928,3444.15099600
eth4h:row14249:1711987200,2024-04-01 16:00:00,3486.33000000,-0.01083582,0.02555967,-0.07239728,-0.05188070,-0.07704575,-0.04299497,-0.0000649069,0.0007899138,-0.0009714891,-0.0004258758,-0.0007698137,0.0000393489,3486.10372045,3489.08498810,3482.94471290,3484.84557262,3483.64720827,3486.46718602
eth4h:row14250:1712001600,2024-04-01 20:00:00,3503.80000000,-0.01404338,0.02083893,-0.07122164,-0.04960541,-0.07636650,-0.04034295,-0.0001273673,0.0006979874,-0.0009485961,-0.0003815695,-0.0007565867,0.0000909913,3503.35375890,3506.24646206,3500.47788506,3502.46331197,3501.15007425,3504.11882971
eth4h:row14251:1712016000,2024-04-02 00:00:00,3366.08000000,-0.01342957,0.02263934,-0.07174497,-0.04850368,-0.06908908,-0.04229179,-0.0001154147,0.0007330467,-0.0009587868,-0.0003601156,-0.0006148747,0.0000530419,3365.69152732,3368.54839839,3362.85419376,3364.86804031,3364.01091863,3366.25854817
eth4h:row14252:1712030400,2024-04-02 04:00:00,3362.90000000,-0.01347916,0.02225942,-0.07367747,-0.05063592,-0.06952320,-0.04285109,-0.0001163804,0.0007256486,-0.0009964181,-0.0004016363,-0.0006233282,0.0000421508,3362.50864722,3365.34116915,3359.55081460,3361.54960846,3360.80446278,3363.04175186
eth4h:row14253:1712044800,2024-04-02 08:00:00,3308.64000000,-0.01198607,0.02502842,-0.07146686,-0.04804216,-0.07318726,-0.03874661,-0.0000873055,0.0007795687,-0.0009533711,-0.0003511285,-0.0006946779,0.0001220767,3308.35114998,3311.22031790,3305.48714154,3307.47844607,3306.34235914,3309.04393240
eth4h:row14254:1712059200,2024-04-02 12:00:00,3240.13000000,-0.00944178,0.02700592,-0.07149898,-0.05000828,-0.06954080,-0.04583522,-0.0000377611,0.0008180763,-0.0009539967,-0.0003894144,-0.0006236709,-0.0000159588,3240.00765139,3242.78175818,3237.04040076,3238.86849224,3238.10985527,3240.07829174
eth4h:row14255:1712073600,2024-04-02 16:00:00,3277.53000000,-0.01707904,0.01932306,-0.07315885,-0.04781012,-0.06571534,-0.04047179,-0.0001864803,0.0006684692,-0.0009863190,-0.0003466100,-0.0005491784,0.0000884825,3276.91886220,3279.72166040,3274.29890344,3276.39417210,3275.73054549,3277.82001680
eth4h:row14256:1712088000,2024-04-02 20:00:00,3278.96000000,-0.01437097,0.02504815,-0.07263350,-0.04904787,-0.06940618,-0.04374805,-0.0001337463,0.0007799529,-0.0009760889,-0.0003707125,-0.0006210495,0.0000246844,3278.52148042,3281.51843198,3275.76100509,3277.74467371,3276.92423572,3279.04094021
eth4h:row14257:1712102400,2024-04-03 00:00:00,3315.41000000,-0.01393192,0.02657838,-0.07476478,-0.05153642,-0.07073422,-0.04525438,-0.0001251968,0.0008097508,-0.0010175910,-0.0004191717,-0.0006469101,-0.0000046481,3314.99494714,3318.09574324,3312.03798450,3314.02056506,3313.26592123,3315.39458975
eth4h:row14258:1712116800,2024-04-03 04:00:00,3305.53000000,-0.01816289,0.01941879,-0.07638346,-0.04799430,-0.06260037,-0.03582839,-0.0002075860,0.0006703333,-0.0010491114,-0.0003501965,-0.0004885211,0.0001789026,3304.84388962,3307.74654956,3302.06394929,3304.37261763,3303.91557318,3306.12142072
eth4h:row14259:1712131200,2024-04-03 08:00:00,3317.53000000,-0.01486783,0.02243848,-0.07281452,-0.04844693,-0.06936496,-0.03965157,-0.0001434217,0.0007291352,-0.0009796138,-0.0003590106,-0.0006202469,0.0001044545,3317.05422832,3319.94981003,3314.28169298,3316.33918520,3315.47295029,3317.87654897
eth4h:row14260:1712145600,2024-04-03 12:00:00,3329.20000000,-0.01551812,0.02204866,-0.07273214,-0.04635624,-0.06874350,-0.03623059,-0.0001560846,0.0007215444,-0.0009780098,-0.0003182989,-0.0006081452,0.0001710707,3328.68040360,3331.60303254,3325.94560145,3328.14048786,3327.17597864,3329.76957713
eth4h:row14261:1712160000,2024-04-03 16:00:00,3314.29000000,-0.01530330,0.02407081,-0.07235592,-0.04619632,-0.07021652,-0.03647759,-0.0001519016,0.0007609214,-0.0009706836,-0.0003151848,-0.0006368291,0.0001662608,3313.78659238,3316.81287383,3311.07443382,3313.24555064,3312.18003550,3314.84108241
eth4h:row14262:1712174400,2024-04-03 20:00:00,3310.83000000,-0.01488762,0.02542109,-0.07355475,-0.04865233,-0.07290953,-0.04058151,-0.0001438070,0.0007872152,-0.0009940282,-0.0003630103,-0.0006892697,0.0000863460,3310.35391355,3313.43736194,3307.54057668,3309.62835267,3308.54873140,3311.11588917
eth4h:row14263:1712188800,2024-04-04 00:00:00,3274.37000000,-0.01320617,0.02392549,-0.07474338,-0.04700921,-0.06769317,-0.03438337,-0.0001110645,0.0007580917,-0.0010171743,-0.0003310141,-0.0005876924,0.0002070413,3274.00635394,3276.85321370,3271.04108817,3273.28631679,3272.44624303,3275.04800006
eth4h:row14264:1712203200,2024-04-04 04:00:00,3322.79000000,-0.01576738,0.02764667,-0.07642930,-0.04650531,-0.06896220,-0.03627206,-0.0001609386,0.0008305535,-0.0010500039,-0.0003212018,-0.0006124040,0.0001702631,3322.25527799,3325.55090141,3319.30288846,3321.72288539,3320.75573322,3323.35579673
eth4h:row14265:1712217600,2024-04-04 08:00:00,3340.37000000,-0.01761465,0.02647550,-0.07711612,-0.04573284,-0.06725255,-0.03559848,-0.0001969101,0.0008077475,-0.0010633784,-0.0003061595,-0.0005791121,0.0001833796,3339.71231218,3343.06926557,3336.81981075,3339.34747067,3338.43611127,3340.98261179
eth4h:row14266:1712232000,2024-04-04 12:00:00,3364.12000000,-0.01513641,0.02862925,-0.07831597,-0.04415176,-0.06204671,-0.03127497,-0.0001486517,0.0008496872,-0.0010867427,-0.0002753715,-0.0004777397,0.0002675706,3363.61995505,3366.97966451,3360.46605301,3363.19374484,3362.51321014,3365.02026016
eth4h:row14267:1712246400,2024-04-04 16:00:00,3366.09000000,-0.01802247,0.03203399,-0.08205109,-0.04701446,-0.06411180,-0.03533573,-0.0002048514,0.0009159871,-0.0011594762,-0.0003311162,-0.0005179528,0.0001884961,3365.40052233,3369.17470749,3362.18936063,3364.97561751,3364.34697555,3366.72455466
eth4h:row14268:1712260800,2024-04-04 20:00:00,3327.40000000,-0.01934652,0.03181577,-0.07917529,-0.04157196,-0.06410010,-0.02856487,-0.0002306346,0.0009117379,-0.0011034761,-0.0002251353,-0.0005177251,0.0003203441,3326.63267501,3330.43509993,3323.73031874,3326.65096917,3325.67776748,3328.46608356
eth4h:row14269:1712275200,2024-04-05 00:00:00,3308.30000000,-0.02035074,0.03063632,-0.07930606,-0.04154299,-0.06342508,-0.02925449,-0.0002501896,0.0008887705,-0.0011060226,-0.0002245712,-0.0005045805,0.0003069151,3307.47240138,3311.24162653,3304.64296818,3307.55713451,3306.63111755,3309.31552301
eth4h:row14270:1712289600,2024-04-05 04:00:00,3287.61000000,-0.02575653,0.03407086,-0.08421140,-0.04191415,-0.06330989,-0.02799049,-0.0003554555,0.0009556507,-0.0012015436,-0.0002317987,-0.0005023375,0.0003315289,3286.44160852,3290.75330854,3283.66216560,3286.84802458,3285.95892508,3288.70011832
eth4h:row14271:1712304000,2024-04-05 08:00:00,3243.51000000,-0.02511566,0.03636641,-0.08151423,-0.03725879,-0.06276989,-0.02447581,-0.0003429760,0.0010003517,-0.0011490220,-0.0001411456,-0.0004918221,0.0003999696,3242.39774471,3246.75627404,3239.78527594,3243.05222514,3241.91516244,3244.80756492
eth4h:row14272:1712318400,2024-04-05 12:00:00,3326.43000000,-0.02447467,0.03209592,-0.08198231,-0.04133723,-0.06355847,-0.02775722,-0.0003304941,0.0009171930,-0.0011581368,-0.0002205646,-0.0005071780,0.0003360712,3325.33081608,3329.48237795,3322.57976912,3325.69638833,3324.74333551,3327.54810505
eth4h:row14273:1712332800,2024-04-05 16:00:00,3320.10000000,-0.02382653,0.03260315,-0.08162021,-0.04120056,-0.06287254,-0.02685721,-0.0003178730,0.0009270703,-0.0011510857,-0.0002179031,-0.0004938210,0.0003535970,3319.04479764,3323.17939338,3316.28047916,3319.37661860,3318.46086955,3321.27418501
eth4h:row14274:1712347200,2024-04-05 20:00:00,3317.85000000,-0.02507584,0.03095151,-0.07585018,-0.03710286,-0.07048197,-0.02450049,-0.0003422007,0.0008949082,-0.0010387269,-0.0001381093,-0.0006419982,0.0003994891,3316.71482379,3320.82049997,3314.40544938,3317.39180575,3315.72062993,3319.17570969
eth4h:row14275:1712361600,2024-04-06 00:00:00,3331.34000000,-0.02944355,0.02626444,-0.07792132,-0.03860949,-0.07164691,-0.02194303,-0.0004272524,0.0008036376,-0.0010790579,-0.0001674476,-0.0006646829,0.0004492900,3329.91698115,3334.01826602,3327.74723009,3330.78222187,3329.12645090,3332.83707416
eth4h:row14276:1712376000,2024-04-06 04:00:00,3330.39000000,-0.02572005,0.02535720,-0.07459795,-0.03990380,-0.07567576,-0.02386391,-0.0003547452,0.0007859710,-0.0010143423,-0.0001926516,-0.0007431359,0.0004118851,3329.20876967,3333.00861886,3327.01355726,3329.74845694,3327.91598694,3331.76202046
eth4h:row14277:1712390400,2024-04-06 08:00:00,3330.67000000,-0.02691691,0.02525211,-0.07634627,-0.03928940,-0.07294811,-0.02249562,-0.0003780515,0.0007839247,-0.0010483871,-0.0001806874,-0.0006900210,0.0004385295,3329.41107325,3333.28201824,3327.17999820,3330.06824438,3328.37256058,3332.13091719
eth4h:row14278:1712404800,2024-04-06 12:00:00,3335.37000000,-0.02419858,0.02617223,-0.07608455,-0.04012857,-0.07398079,-0.02067214,-0.0003251179,0.0008018420,-0.0010432906,-0.0001970285,-0.0007101302,0.0004740379,3334.28578780,3338.04551232,3331.89205434,3334.71290192,3333.00229386,3336.95146653
eth4h:row14279:1712419200,2024-04-06 16:00:00,3349.24000000,-0.01753275,0.02908630,-0.07370692,-0.04345642,-0.07706654,-0.02734178,-0.0001953153,0.0008585873,-0.0009969914,-0.0002618311,-0.0007702185,0.0003441610,3348.58590595,3352.11684960,3345.90250045,3348.36317966,3346.66134674,3350.39287629
eth4h:row14280:1712433600,2024-04-06 20:00:00,3351.59000000,-0.01484923,0.02665527,-0.07373255,-0.04780869,-0.07668214,-0.03205384,-0.0001430596,0.0008112481,-0.0009974905,-0.0003465822,-0.0007627330,0.0002524038,3351.11055726,3354.31007419,3348.24848761,3350.42859994,3349.03460640,3352.43606098
eth4h:row14281:1712448000,2024-04-07 00:00:00,3388.41000000,-0.01655488,0.02784408,-0.07303386,-0.04631839,-0.07996875,-0.03080591,-0.0001762734,0.0008343977,-0.0009838851,-0.0003175619,-0.0008267327,0.0002767045,3387.81276624,3391.23846136,3385.07783333,3387.33414093,3385.60984823,3389.34771816
eth4h:row14282:1712462400,2024-04-07 04:00:00,3385.19000000,-0.01633458,0.02731247,-0.07392889,-0.04792074,-0.08125547,-0.03220254,-0.0001719835,0.0008240457,-0.0010013138,-0.0003487642,-0.0008517887,0.0002495083,3384.60785320,3387.98070081,3381.80205913,3384.00957267,3382.30776105,3386.03473826
eth4h:row14283:1712476800,2024-04-07 08:00:00,3390.34000000,-0.01531344,0.02804453,-0.07578497,-0.04772095,-0.07566161,-0.03110766,-0.0001520989,0.0008383010,-0.0010374571,-0.0003448737,-0.0007428606,0.0002708286,3389.82437228,3393.18331713,3386.82449167,3389.17096263,3387.82238539,3391.25832552
eth4h:row14284:1712491200,2024-04-07 12:00:00,3390.13000000,-0.01547234,0.02627034,-0.07448190,-0.04885004,-0.07566702,-0.03560572,-0.0001551932,0.0008037525,-0.0010120825,-0.0003668603,-0.0007429659,0.0001832386,3389.60391558,3392.85592073,3386.70064452,3388.88652412,3387.61218451,3390.75125943
eth4h:row14285:1712505600,2024-04-07 16:00:00,3381.39000000,-0.01127927,0.02783812,-0.07365429,-0.04906933,-0.07597288,-0.03377449,-0.0000735423,0.0008342816,-0.0009959666,-0.0003711304,-0.0007489219,0.0002188979,3381.14133394,3384.21220864,3378.02392519,3380.13529630,3378.85855113,3382.13026008
eth4h:row14286:1712520000,2024-04-07 20:00:00,3454.20000000,-0.00914555,0.02801121,-0.07136839,-0.04830925,-0.07841304,-0.03379827,-0.0000319926,0.0008376522,-0.0009514536,-0.0003563295,-0.0007964386,0.0002184348,3454.08949301,3457.09463047,3450.91505186,3452.96938594,3451.45003699,3454.95459976
eth4h:row14287:1712534400,2024-04-08 00:00:00,3423.00000000,-0.01353614,0.02727581,-0.07372623,-0.04907320,-0.07558519,-0.03734666,-0.0001174900,0.0008233318,-0.0009973675,-0.0003712058,-0.0007413723,0.0001493377,3422.59785544,3425.81942542,3419.58771305,3421.72959829,3420.46322315,3423.51122096
eth4h:row14288:1712548800,2024-04-08 04:00:00,3473.88000000,-0.01255422,0.02518649,-0.07280164,-0.04913847,-0.07355770,-0.03917968,-0.0000983691,0.0007826468,-0.0009793631,-0.0003724768,-0.0007018915,0.0001136435,3473.53829446,3476.59988537,3470.47947541,3472.58630140,3471.44256883,3474.27480637
eth4h:row14289:1712563200,2024-04-08 08:00:00,3633.08000000,-0.01278405,0.02716131,-0.07596760,-0.05112128,-0.07373819,-0.03977128,-0.0001028446,0.0008211022,-0.0010410134,-0.0004110877,-0.0007054060,0.0001021233,3632.70637648,3636.06435504,3629.29988303,3631.58679259,3630.51810738,3633.45104095
eth4h:row14290:1712577600,2024-04-08 12:00:00,3629.20000000,-0.01322095,0.03253121,-0.07790243,-0.05145613,-0.07240584,-0.04208189,-0.0001113523,0.0009256694,-0.0010786899,-0.0004176083,-0.0006794615,0.0000571293,3628.79590257,3632.56099472,3625.28732912,3627.68473233,3626.73493598,3629.40733940
eth4h:row14291:1712592000,2024-04-08 16:00:00,3702.80000000,-0.01285594,0.02684958,-0.07336520,-0.04769604,-0.07158431,-0.03856489,-0.0001042444,0.0008150319,-0.0009903373,-0.0003443885,-0.0006634639,0.0001256153,3702.41402399,3705.81913025,3699.13479427,3701.52501782,3700.34414052,3703.26515742
eth4h:row14292:1712606400,2024-04-08 20:00:00,3694.61000000,-0.01333635,0.02899207,-0.07601421,-0.04868464,-0.06621441,-0.04110351,-0.0001135994,0.0008567522,-0.0010419210,-0.0003636394,-0.0005588967,0.0000761811,3694.19031834,3697.77672171,3690.76251290,3693.26673848,3692.54567159,3694.89147016
eth4h:row14293:1712620800,2024-04-09 00:00:00,3692.29000000,-0.01240628,0.02812452,-0.07178300,-0.04795806,-0.07284556,-0.04178080,-0.0000954883,0.0008398587,-0.0009595273,-0.0003494908,-0.0006880240,0.0000629924,3691.93744640,3695.39230427,3688.74884627,3690.99980404,3689.75048945,3692.52259348
eth4h:row14294:1712635200,2024-04-09 04:00:00,3641.81000000,-0.01398413,0.02646572,-0.07132458,-0.04490111,-0.07127063,-0.03727546,-0.0001262136,0.0008075572,-0.0009506005,-0.0002899634,-0.0006573556,0.0001507241,3641.35038311,3644.75215756,3638.34973838,3640.75416132,3639.41682244,3642.35894981
eth4h:row14295:1712649600,2024-04-09 08:00:00,3632.85000000,-0.01215034,0.02515275,-0.07400679,-0.05012355,-0.06832872,-0.04195872,-0.0000905044,0.0007819899,-0.0010028308,-0.0003916592,-0.0006000683,0.0000595278,3632.52122612,3635.69196300,3629.20869238,3631.42743956,3630.67069567,3633.06626193
eth4h:row14296:1712664000,2024-04-09 12:00:00,3529.92000000,-0.01515954,0.02328421,-0.07333838,-0.04696713,-0.06952186,-0.03861865,-0.0001491020,0.0007456040,-0.0009898150,-0.0003301946,-0.0006233021,0.0001245683,3529.39372100,3532.55290386,3526.42776089,3528.75463173,3527.72047907,3530.35974366
eth4h:row14297:1712678400,2024-04-09 16:00:00,3517.10000000,-0.01190131,0.02251668,-0.07054930,-0.04821168,-0.07232824,-0.04077774,-0.0000856551,0.0007306580,-0.0009355037,-0.0003544295,-0.0006779503,0.0000825247,3516.79875545,3519.67073637,3513.81127855,3515.85365699,3514.71638915,3517.39025977
eth4h:row14298:1712692800,2024-04-09 20:00:00,3506.39000000,-0.01469379,0.02107359,-0.07137179,-0.04940496,-0.07549459,-0.04166926,-0.0001400325,0.0007025570,-0.0009515198,-0.0003776661,-0.0007396081,0.0000651643,3505.89902568,3508.85430438,3503.05518735,3505.06600533,3503.79760449,3506.61849886
eth4h:row14299:1712707200,2024-04-10 00:00:00,3513.00000000,-0.01220219,0.02054096,-0.07054966,-0.04872356,-0.07414393,-0.03930848,-0.0000915141,0.0006921852,-0.0009355106,-0.0003643973,-0.0007133069,0.0001111353,3512.67852553,3515.43248850,3509.71508788,3511.72010543,3510.49504620,3513.39044002
eth4h:row14300:1712721600,2024-04-10 04:00:00,3536.61000000,-0.01186578,0.02113033,-0.06975596,-0.04856948,-0.07490015,-0.03987553,-0.0000849633,0.0007036620,-0.0009200551,-0.0003613970,-0.0007280327,0.0001000933,3536.30953067,3539.09945367,3533.35762021,3535.33211074,3534.03616937,3536.96400852
eth4h:row14301:1712736000,2024-04-10 08:00:00,3521.32000000,-0.01055019,0.01992584,-0.06954061,-0.05008535,-0.07340057,-0.04199719,-0.0000593450,0.0006802071,-0.0009158616,-0.0003909152,-0.0006988316,0.0000587786,3521.11103358,3523.71604168,3518.09643451,3519.94373156,3518.86004984,3521.52698422
eth4h:row14302:1712750400,2024-04-10 12:00:00,3479.41000000,-0.00492554,0.02328188,-0.06792890,-0.04992090,-0.07366426,-0.04039330,0.0000501830,0.0007455587,-0.0008844771,-0.0003877129,-0.0007039664,0.0000900108,3479.58461154,3482.00507174,3476.33390221,3478.06124937,3476.96147406,3479.72319854
eth4h:row14303:1712764800,2024-04-10 16:00:00,3521.52000000,-0.00718205,0.02092881,-0.06843507,-0.05155711,-0.07663703,-0.04193800,0.0000062423,0.0006997377,-0.0008943335,-0.0004195745,-0.0007618547,0.0000599311,3521.54198235,3523.98500272,3518.37199461,3520.04276997,3518.83813532,3521.73105494
eth4h:row14304:1712779200,2024-04-10 20:00:00,3545.64000000,-0.00675683,0.01889957,-0.06750428,-0.05192922,-0.07548204,-0.04145303,0.0000145225,0.0006602227,-0.0008762084,-0.0004268206,-0.0007393637,0.0000693749,3545.69149194,3547.98168479,3542.53464096,3544.12697085,3543.01945124,3545.88598702
eth4h:row14305:1712793600,2024-04-11 00:00:00,3575.84000000,-0.00751274,0.01797069,-0.06764918,-0.05198834,-0.07524163,-0.04223565,-0.0000001971,0.0006421347,-0.0008790300,-0.0004279720,-0.0007346822,0.0000541350,3575.83929507,3578.13690851,3572.69811034,3574.30996821,3573.21385892,3576.03358337
eth4h:row14306:1712808000,2024-04-11 04:00:00,3583.40000000,-0.00949090,0.01904304,-0.07108539,-0.05368565,-0.07412755,-0.04268664,-0.0000387175,0.0006630164,-0.0009459428,-0.0004610232,-0.0007129881,0.0000453531,3583.26126236,3585.77664073,3580.01191143,3581.74835009,3580.84598920,3583.56252190
eth4h:row14307:1712822400,2024-04-11 08:00:00,3522.88000000,-0.00589280,0.02145816,-0.06858223,-0.05392162,-0.07559071,-0.04556259,0.0000313476,0.0007100456,-0.0008971992,-0.0004656183,-0.0007414799,-0.0000106499,3522.99043556,3525.38229389,3519.72069238,3521.24006430,3520.26882336,3522.84248183
eth4h:row14308:1712836800,2024-04-11 12:00:00,3508.32000000,-0.00513403,0.02107544,-0.06771737,-0.05311094,-0.07581109,-0.04535761,0.0000461229,0.0007025930,-0.0008803578,-0.0004498320,-0.0007457712,-0.0000066584,3508.48181780,3510.78578711,3505.23278209,3506.74220015,3505.70457127,3508.29664041
eth4h:row14309:1712851200,2024-04-11 16:00:00,3517.70000000,-0.00611727,0.02001137,-0.06760102,-0.05336825,-0.07620396,-0.04625767,0.0000269765,0.0006818727,-0.0008780922,-0.0004548427,-0.0007534215,-0.0000241851,3517.79489654,3520.09944144,3514.61249077,3516.10036379,3515.05068733,3517.61492515
eth4h:row14310:1712865600,2024-04-11 20:00:00,3502.52000000,-0.00590675,0.02282012,-0.06590062,-0.05135963,-0.07971579,-0.04689106,0.0000310760,0.0007365670,-0.0008449806,-0.0004157292,-0.0008218068,-0.0000365190,3502.62884601,3505.10079099,3499.56168867,3501.06420284,3499.64278756,3502.39209393
eth4h:row14311:1712880000,2024-04-12 00:00:00,3534.01000000,-0.00725656,0.01857913,-0.06621628,-0.05054210,-0.07592265,-0.04485508,0.0000047914,0.0006539829,-0.0008511275,-0.0003998094,-0.0007479437,0.0000031273,3534.02693300,3536.32193796,3531.00338662,3532.59735195,3531.36774769,3534.02105178
eth4h:row14312:1712894400,2024-04-12 04:00:00,3516.20000000,-0.00776594,0.01960940,-0.06906288,-0.05197624,-0.07356055,-0.04551249,-0.0000051277,0.0006740451,-0.0009065588,-0.0004277363,-0.0007019469,-0.0000096744,3516.18197013,3518.57087632,3513.01380223,3514.69631512,3513.73268046,3516.16598315
eth4h:row14313:1712908800,2024-04-12 08:00:00,3532.22000000,-0.00712221,0.01927472,-0.06757968,-0.05065743,-0.07359697,-0.04511574,0.0000074076,0.0006675279,-0.0008776767,-0.0004020553,-0.0007026560,-0.0000019484,3532.24616531,3534.57864263,3529.12121289,3530.80013764,3529.73893603,3532.21311798
eth4h:row14314:1712923200,2024-04-12 12:00:00,3440.71000000,-0.00879924,0.01867194,-0.06852179,-0.04926209,-0.07118247,-0.04215204,-0.0000252491,0.0006557901,-0.0008960223,-0.0003748840,-0.0006556390,0.0000557631,3440.62312635,3442.96712341,3437.62842799,3439.42037466,3438.45487577,3440.90187015
eth4h:row14315:1712937600,2024-04-12 16:00:00,3206.17000000,-0.01029127,0.02307619,-0.07107865,-0.05005048,-0.07001433,-0.04637739,-0.0000543030,0.0007415532,-0.0009458116,-0.0003902362,-0.0006328918,-0.0000265163,3205.99590005,3208.54842752,3203.13900081,3204.91908052,3204.14148315,3206.08498538
eth4h:row14316:1712952000,2024-04-12 20:00:00,3237.43000000,-0.01115899,0.02141977,-0.07021999,-0.04872690,-0.07007281,-0.04476723,-0.0000712001,0.0007092982,-0.0009290910,-0.0003644623,-0.0006340308,0.0000048381,3237.19950297,3239.72711777,3234.42352988,3236.25029375,3235.37802040,3237.44566302
eth4h:row14317:1712966400,2024-04-13 00:00:00,3230.91000000,-0.01175075,0.02737857,-0.07409709,-0.04837088,-0.06512885,-0.04544681,-0.0000827232,0.0008253328,-0.0010045892,-0.0003575296,-0.0005377577,-0.0000083953,3230.64273979,3233.57767686,3227.66589254,3229.75506044,3229.17302042,3230.88287563
eth4h:row14318:1712980800,2024-04-13 04:00:00,3257.60000000,-0.01148372,0.03406543,-0.07749277,-0.04792975,-0.06090582,-0.04652625,-0.0000775234,0.0009555451,-0.0010707126,-0.0003489395,-0.0004555233,-0.0000294151,3257.34746954,3260.71427135,3254.11391311,3256.46349300,3256.11642526,3257.50417887
eth4h:row14319:1712995200,2024-04-13 08:00:00,3268.20000000,-0.01418083,0.02836777,-0.07508474,-0.04397855,-0.06025687,-0.03857283,-0.0001300438,0.0008445954,-0.0010238215,-0.0002719986,-0.0004428865,0.0001254606,3267.77501849,3270.96147254,3264.85565884,3267.31117517,3266.75287890,3268.61005607
eth4h:row14320:1713009600,2024-04-13 12:00:00,3272.39000000,-0.01305537,0.03185195,-0.07581150,-0.04580293,-0.06091902,-0.04264062,-0.0001081280,0.0009124424,-0.0010379736,-0.0003075244,-0.0004557804,0.0000462491,3272.03618215,3275.37722996,3268.99510784,3271.38381493,3270.89884869,3272.54134864
eth4h:row14321:1713024000,2024-04-13 16:00:00,3085.20000000,-0.01873534,0.03227098,-0.07800882,-0.04178987,-0.05900929,-0.03669014,-0.0002187330,0.0009206019,-0.0010807617,-0.0002293787,-0.0004185925,0.0001621219,3084.52523861,3088.04154876,3081.86743505,3084.49240198,3083.90882881,3085.70021894
eth4h:row14322:1713038400,2024-04-13 20:00:00,3007.01000000,-0.02401643,0.03047473,-0.08007848,-0.03671662,-0.05592971,-0.02677349,-0.0003215709,0.0008856239,-0.0011210637,-0.0001305881,-0.0003586243,0.0003552272,3006.04318861,3009.67425963,3003.64083898,3006.61734582,3005.93180642,3008.07836141
eth4h:row14323:1713052800,2024-04-14 00:00:00,2970.85000000,-0.02150779,0.03213472,-0.07951444,-0.04123543,-0.06195036,-0.03420028,-0.0002727205,0.0009179486,-0.0011100803,-0.0002185821,-0.0004758635,0.0002106066,2970.03989869,2973.57833967,2967.55394769,2970.20069623,2969.43661729,2971.47574654
eth4h:row14324:1713067200,2024-04-14 04:00:00,3084.20000000,-0.02253811,0.03244282,-0.08095007,-0.03798900,-0.05660466,-0.02856074,-0.0002927839,0.0009239481,-0.0011380362,-0.0001553650,-0.0003717675,0.0003204244,3083.29712808,3087.05095766,3080.69206506,3083.72086052,3083.05360785,3085.18841138
eth4h:row14325:1713081600,2024-04-14 08:00:00,3027.01000000,-0.02470665,0.03586537,-0.08219313,-0.03548203,-0.05756933,-0.02562248,-0.0003350115,0.0009905950,-0.0011622421,-0.0001065471,-0.0003905524,0.0003776406,3025.99608682,3030.01002678,3023.49392534,3026.68749793,3025.82802490,3028.15333779
eth4h:row14326:1713096000,2024-04-14 12:00:00,3055.74000000,-0.02528100,0.03557289,-0.08129054,-0.03606473,-0.06252410,-0.02485254,-0.0003461957,0.0009848996,-0.0011446660,-0.0001178939,-0.0004870357,0.0003926336,3054.68229908,3058.75107977,3052.24419945,3055.37976823,3054.25210775,3056.94002174
eth4h:row14327:1713110400,2024-04-14 16:00:00,3073.62000000,-0.02137809,0.03519125,-0.07922225,-0.03585432,-0.06208365,-0.02403324,-0.0002701949,0.0009774679,-0.0011043907,-0.0001137967,-0.0004784590,0.0004085876,3072.78963572,3076.62583356,3070.22739639,3073.27025210,3072.14975050,3074.87609962
eth4h:row14328:1713124800,2024-04-14 20:00:00,3155.11000000,-0.02654307,0.03659505,-0.08281951,-0.03540127,-0.06078306,-0.02177299,-0.0003707718,0.0010048040,-0.0011744396,-0.0001049744,-0.0004531329,0.0004526011,3153.94039118,3158.28186041,3151.40668910,3154.77881151,3153.68063977,3156.53832960
eth4h:row14329:1713139200,2024-04-15 00:00:00,3146.50000000,-0.02684801,0.03685839,-0.08362942,-0.03449677,-0.06184625,-0.01709757,-0.0003767097,0.0010099318,-0.0011902108,-0.0000873612,-0.0004738361,0.0005436448,3145.31490601,3149.67935573,3142.75722962,3146.22512988,3145.00942795,3148.21104346
eth4h:row14330:1713153600,2024-04-15 04:00:00,3242.05000000,-0.02095132,0.03563810,-0.07944875,-0.03644035,-0.06694116,-0.01767987,-0.0002618845,0.0009861694,-0.0011088012,-0.0001252084,-0.0005730485,0.0005323059,3241.20106853,3245.24878755,3238.45720313,3241.64409346,3240.19268039,3243.77622181
eth4h:row14331:1713168000,2024-04-15 08:00:00,3229.64000000,-0.02348380,0.03792102,-0.08356165,-0.03833226,-0.06229429,-0.02223515,-0.0003111991,0.0010306243,-0.0011888911,-0.0001620493,-0.0004825608,0.0004436016,3228.63509526,3232.97026128,3225.80259140,3229.11668151,3228.08187816,3231.07299124
eth4h:row14332:1713182400,2024-04-15 12:00:00,3163.21000000,-0.02543061,0.03478164,-0.08062124,-0.03485362,-0.06694964,-0.01669763,-0.0003491090,0.0009694917,-0.0011316328,-0.0000943102,-0.0005732136,0.0005514329,3162.10588774,3166.27819295,3159.63243237,3162.91169117,3161.39732463,3164.95477914
eth4h:row14333:1713196800,2024-04-15 16:00:00,3100.10000000,-0.02425580,0.03641099,-0.08178442,-0.03686289,-0.06951791,-0.01700368,-0.0003262321,0.0010012198,-0.0011542833,-0.0001334364,-0.0006232252,0.0005454732,3099.08881270,3103.20543597,3096.52367069,3099.68636135,3098.16854152,3101.79148263
eth4h:row14334:1713211200,2024-04-15 20:00:00,3101.99000000,-0.02377646,0.03493036,-0.08249068,-0.03950970,-0.06925814,-0.02096936,-0.0003168980,0.0009723876,-0.0011680361,-0.0001849772,-0.0006181667,0.0004682502,3101.00714127,3105.00780359,3098.36887882,3101.41625562,3100.07304567,3103.44284753
eth4h:row14335:1713225600,2024-04-16 00:00:00,3072.19000000,-0.02653055,0.03652496,-0.08344739,-0.03441535,-0.06321774,-0.01705429,-0.0003705280,0.0010034390,-0.0011866661,-0.0000857758,-0.0005005431,0.0005444877,3071.05187842,3075.27430259,3068.54649860,3071.92649187,3070.65262141,3073.86322530
eth4h:row14336:1713240000,2024-04-16 04:00:00,3107.29000000,-0.02252512,0.03523464,-0.08354037,-0.03849826,-0.06535769,-0.01820524,-0.0002925309,0.0009783128,-0.0011884767,-0.0001652818,-0.0005422138,0.0005220755,3106.38115468,3110.33138912,3103.59925180,3106.77646405,3105.60564121,3108.91266343
eth4h:row14337:1713254400,2024-04-16 08:00:00,3093.31000000,-0.01916628,0.03976876,-0.08067834,-0.03815053,-0.06979243,-0.01950982,-0.0002271247,0.0010666051,-0.0011327447,-0.0001585104,-0.0006285710,0.0004966716,3092.60751267,3096.61110045,3089.80805313,3092.81971702,3091.36624615,3094.84674069
eth4h:row14338:1713268800,2024-04-16 12:00:00,3009.04000000,-0.02024143,0.03965039,-0.07981735,-0.03805290,-0.06863663,-0.02332669,-0.0002480609,0.0010643000,-0.0011159788,-0.0001566092,-0.0006060641,0.0004223462,3008.29366741,3012.24422617,3005.68384807,3008.56879346,3007.21688147,3010.31112503
eth4h:row14339:1713283200,2024-04-16 16:00:00,3057.64000000,-0.02587919,0.03491689,-0.08042913,-0.03684263,-0.06974693,-0.01934054,-0.0003578442,0.0009721253,-0.0011278920,-0.0001330418,-0.0006276848,0.0004999679,3056.54603704,3060.61385439,3054.19325652,3057.23323316,3055.72136812,3059.16910396
eth4h:row14340:1713297600,2024-04-16 20:00:00,3084.22000000,-0.02437358,0.03506995,-0.08070337,-0.04125271,-0.07269496,-0.02394326,-0.0003285256,0.0009751059,-0.0011332322,-0.0002189187,-0.0006850913,0.0004103399,3083.20692112,3087.22890784,3080.72684215,3083.54488038,3082.10775130,3085.48583830
eth4h:row14341:1713312000,2024-04-17 00:00:00,3095.61000000,-0.02273779,0.03394205,-0.08002030,-0.04221712,-0.07197328,-0.02585625,-0.0002966721,0.0009531425,-0.0011199309,-0.0002376984,-0.0006710382,0.0003730885,3094.69175494,3098.56196404,3092.14507122,3094.87426591,3093.53342428,3096.76515184
eth4h:row14342:1713326400,2024-04-17 04:00:00,3076.60000000,-0.02520220,0.02805615,-0.07871573,-0.04019986,-0.06919023,-0.02246353,-0.0003446613,0.0008385274,-0.0010945273,-0.0001984166,-0.0006168444,0.0004391545,3075.53979782,3079.18089521,3073.23441948,3075.98961197,3074.70280173,3077.95139936
eth4h:row14343:1713340800,2024-04-17 08:00:00,3040.20000000,-0.01941745,0.02977605,-0.07535487,-0.04276512,-0.07591046,-0.02446904,-0.0002320158,0.0008720185,-0.0010290817,-0.0002483696,-0.0007477064,0.0004001014,3039.49470747,3042.85226703,3037.07299514,3039.44500047,3037.92767276,3041.41663150
eth4h:row14344:1713355200,2024-04-17 12:00:00,2946.80000000,-0.01685851,0.03124602,-0.07326394,-0.04284881,-0.07775901,-0.02836093,-0.0001821858,0.0009006430,-0.0009883653,-0.0002499992,-0.0007837028,0.0003243153,2946.26318374,2949.45521040,2943.88892394,2946.06339445,2944.49148916,2947.75584730
eth4h:row14345:1713369600,2024-04-17 16:00:00,3001.60000000,-0.01852076,0.02753187,-0.07243078,-0.04237352,-0.07720414,-0.02905441,-0.0002145546,0.0008283181,-0.0009721414,-0.0002407440,-0.0007728979,0.0003108112,3000.95606191,3004.08730959,2998.68343813,3000.87746979,2999.28096607,3002.53307580
eth4h:row14346:1713384000,2024-04-17 20:00:00,2985.41000000,-0.01832812,0.02882946,-0.07125437,-0.04338388,-0.08060920,-0.03334342,-0.0002108033,0.0008535859,-0.0009492333,-0.0002604185,-0.0008392041,0.0002272921,2984.78073194,2987.95939184,2982.57749408,2984.63264509,2982.90568254,2986.08863734
eth4h:row14347:1713398400,2024-04-18 00:00:00,3025.68000000,-0.01364164,0.02626879,-0.07169282,-0.04735838,-0.08085178,-0.03380580,-0.0001195444,0.0008037223,-0.0009577712,-0.0003378133,-0.0008439278,0.0002182882,3025.31831863,3028.11278400,3022.78347826,3024.65805769,3023.12762176,3026.34054241
eth4h:row14348:1713412800,2024-04-18 04:00:00,2975.20000000,-0.01510649,0.02852268,-0.07349896,-0.04747383,-0.07659286,-0.03540498,-0.0001480690,0.0008476119,-0.0009929418,-0.0003400615,-0.0007609946,0.0001871477,2974.75949763,2977.72288411,2972.24726563,2974.18842099,2972.93675015,2975.75685392
eth4h:row14349:1713427200,2024-04-18 08:00:00,3046.46000000,-0.01195972,0.02414317,-0.06995719,-0.04852460,-0.07956445,-0.03637552,-0.0000867925,0.0007623304,-0.0009239736,-0.0003605230,-0.0008188599,0.0001682485,3046.19560150,3048.78329460,3043.64645151,3045.36187907,3043.96639721,3046.97260538
eth4h:row14350:1713441600,2024-04-18 12:00:00,3069.17000000,-0.01046436,0.02307917,-0.06988721,-0.04795859,-0.07871611,-0.03300106,-0.0000576736,0.0007416113,-0.0009226109,-0.0003495013,-0.0008023403,0.0002339587,3068.99299502,3071.44697529,3066.33965604,3068.09750865,3066.70846874,3069.88814316
eth4h:row14351:1713456000,2024-04-18 16:00:00,3064.19000000,-0.01244228,0.02233369,-0.07061820,-0.05047099,-0.08064985,-0.03698718,-0.0000961893,0.0007270948,-0.0009368454,-0.0003984247,-0.0008399957,0.0001563377,3063.89527180,3066.41876665,3061.32067191,3062.96939410,3061.61717426,3064.66908576
eth4h:row14352:1713470400,2024-04-18 20:00:00,3064.40000000,-0.01417856,0.02221371,-0.06975924,-0.04779927,-0.08003250,-0.03711509,-0.0001299997,0.0007247583,-0.0009201190,-0.0003463988,-0.0008279741,0.0001538469,3064.00165483,3066.62175443,3061.58168420,3063.33867940,3061.86380639,3064.87148459
eth4h:row14353:1713484800,2024-04-19 00:00:00,2979.80000000,-0.01005857,0.02111156,-0.07066499,-0.05249773,-0.07772905,-0.04018274,-0.0000497717,0.0007032963,-0.0009377565,-0.0004378911,-0.0007831193,0.0000941112,2979.65169384,2981.89641956,2977.00698284,2978.49545789,2977.46737453,2980.08044561
eth4h:row14354:1713499200,2024-04-19 04:00:00,3084.41000000,-0.01025240,0.02707947,-0.07389020,-0.05403654,-0.07810487,-0.04401078,-0.0000535463,0.0008195086,-0.0010005605,-0.0004678561,-0.0007904376,0.0000195682,3084.24484583,3086.93873653,3081.32540464,3082.96727745,3081.97292953,3084.47035686
eth4h:row14355:1713513600,2024-04-19 08:00:00,3102.61000000,-0.01013916,0.02431006,-0.06963228,-0.05001603,-0.07934548,-0.04002139,-0.0000513410,0.0007655803,-0.0009176467,-0.0003895653,-0.0008145959,0.0000972531,3102.45071307,3104.98620659,3099.76420595,3101.40156613,3100.08365584,3102.91175309
eth4h:row14356:1713528000,2024-04-19 12:00:00,3080.74000000,-0.01033847,0.02694643,-0.07096272,-0.04871289,-0.07477066,-0.03997933,-0.0000552223,0.0008169180,-0.0009435541,-0.0003641896,-0.0007255111,0.0000980719,3080.56987927,3083.25774014,3077.83452610,3079.61823094,3078.50569947,3081.04214898
eth4h:row14357:1713542400,2024-04-19 16:00:00,3104.10000000,-0.01156764,0.01982910,-0.06826930,-0.05152337,-0.07946497,-0.04349196,-0.0000791576,0.0006783233,-0.0008911057,-0.0004189176,-0.0008169227,0.0000296712,3103.85429652,3106.20629775,3101.33515097,3102.79991037,3101.56522568,3104.19210387
eth4h:row14358:1713556800,2024-04-19 20:00:00,3056.46000000,-0.01269095,0.02384169,-0.07007568,-0.04872660,-0.07395692,-0.03915074,-0.0001010317,0.0007564598,-0.0009262810,-0.0003644565,-0.0007096653,0.0001142070,3056.15121640,3058.77296369,3053.63017004,3055.34625621,3054.29170574,3056.80908913
eth4h:row14359:1713571200,2024-04-20 00:00:00,3055.99000000,-0.01414185,0.02177055,-0.07070988,-0.04949341,-0.07420634,-0.04030665,-0.0001292847,0.0007161287,-0.0009386305,-0.0003793886,-0.0007145222,0.0000916981,3055.59493272,3058.17926604,3053.12290027,3054.83081228,3053.80720731,3056.27024138
eth4h:row14360:1713585600,2024-04-20 04:00:00,3060.64000000,-0.01688914,0.01964069,-0.07116853,-0.04672496,-0.07289639,-0.03262362,-0.0001827824,0.0006746544,-0.0009475619,-0.0003254788,-0.0006890138,0.0002413087,3060.08062000,3062.70557109,3057.74122775,3059.64398855,3058.53190314,3061.37864817
eth4h:row14361:1713600000,2024-04-20 08:00:00,3047.39000000,-0.00977807,0.02222551,-0.06652998,-0.04986356,-0.07545733,-0.04489259,-0.0000443096,0.0007249881,-0.0008572361,-0.0003865963,-0.0007388826,0.0000023969,3047.25497428,3049.60012266,3044.77878664,3046.21211792,3045.13916809,3047.39730432
eth4h:row14362:1713614400,2024-04-20 12:00:00,3109.86000000,-0.01457779,0.01637203,-0.06605684,-0.04869429,-0.07829629,-0.04282674,-0.0001377739,0.0006110044,-0.0008480227,-0.0003638274,-0.0007941651,0.0000426249,3109.43157205,3111.76071868,3107.22388604,3108.72875343,3107.39123802,3109.99256035
eth4h:row14363:1713628800,2024-04-20 16:00:00,3148.21000000,-0.01262968,0.01939596,-0.06599986,-0.04983423,-0.08118989,-0.04197625,-0.0000998385,0.0006698887,-0.0008469131,-0.0003860253,-0.0008505117,0.0000591863,3147.89570319,3150.31965694,3145.54486846,3146.99494590,3145.53354893,3148.39633626
eth4h:row14364:1713643200,2024-04-20 20:00:00,3155.79000000,-0.01250761,0.01917953,-0.06499546,-0.05091135,-0.08671343,-0.04396033,-0.0000974614,0.0006656743,-0.0008273546,-0.0004069998,-0.0009580708,0.0000205507,3155.48244720,3157.89142776,3153.18012238,3154.50585553,3152.76797749,3155.85485431
eth4h:row14365:1713657600,2024-04-21 00:00:00,3166.80000000,-0.01503294,0.01505292,-0.06705254,-0.04933910,-0.07706407,-0.04155361,-0.0001466368,0.0005853175,-0.0008674117,-0.0003763836,-0.0007701703,0.0000674163,3166.33566474,3168.65412619,3164.05427159,3165.60829278,3164.36196371,3167.01350109
eth4h:row14366:1713672000,2024-04-21 04:00:00,3179.55000000,-0.01022022,0.01901222,-0.06392419,-0.04895369,-0.08065616,-0.04387894,-0.0000529195,0.0006624163,-0.0008064939,-0.0003688787,-0.0008401185,0.0000221356,3179.38174429,3181.65688357,3176.98674621,3178.37734811,3176.87992311,3179.62038196
eth4h:row14367:1713686400,2024-04-21 08:00:00,3168.81000000,-0.00692074,0.02131868,-0.06463151,-0.05047617,-0.08000948,-0.04457241,0.0000113307,0.0007073297,-0.0008202676,-0.0003985257,-0.0008275257,0.0000086317,3168.84590489,3171.05218625,3166.21179374,3167.54739935,3166.18881283,3168.83735248
eth4h:row14368:1713700800,2024-04-21 12:00:00,3158.82000000,-0.00227313,0.02167756,-0.06336414,-0.05007313,-0.07872188,-0.04278439,0.0001018329,0.0007143181,-0.0007955882,-0.0003906772,-0.0008024526,0.0000434496,3159.14168808,3161.07720833,3156.30787955,3157.58616193,3156.28621335,3158.95725237
eth4h:row14369:1713715200,2024-04-21 16:00:00,3136.79000000,-0.00744813,0.01875843,-0.06322788,-0.05179809,-0.08195421,-0.04894547,0.0000010610,0.0006574742,-0.0007929349,-0.0004242671,-0.0008653953,-0.0000765241,3136.79332823,3138.85303658,3134.30371561,3135.45944552,3134.07661101,3136.54996907
eth4h:row14370:1713729600,2024-04-21 20:00:00,3147.67000000,-0.00829940,0.01757736,-0.06668328,-0.05213789,-0.07627819,-0.04526567,-0.0000155157,0.0006344755,-0.0008602214,-0.0004308841,-0.0007548671,-0.0000048680,3147.62116213,3149.66775312,3144.96347133,3146.31401128,3145.29482400,3147.65467709
eth4h:row14371:1713744000,2024-04-22 00:00:00,3190.10000000,-0.01237767,0.02077378,-0.06953531,-0.05174122,-0.07836930,-0.04523578,-0.0000949312,0.0006967188,-0.0009157583,-0.0004231598,-0.0007955870,-0.0000042860,3189.79717448,3192.32337714,3187.17997656,3188.75036348,3187.56300736,3190.08632742
eth4h:row14372:1713758400,2024-04-22 04:00:00,3203.60000000,-0.01465039,0.02055860,-0.07351892,-0.05385516,-0.07400382,-0.04648906,-0.0001391876,0.0006925288,-0.0009933307,-0.0004643242,-0.0007105785,-0.0000286908,3203.15412973,3205.81935363,3200.41934586,3202.11283632,3201.32439931,3203.50808743
eth4h:row14373:1713772800,2024-04-22 08:00:00,3194.54000000,-0.00943046,0.01765371,-0.06883591,-0.05081354,-0.07072428,-0.04318909,-0.0000375406,0.0006359623,-0.0009021390,-0.0004050951,-0.0006467166,0.0000355689,3194.42007734,3196.57225315,3191.65938040,3193.24616954,3192.47470585,3194.65362831
eth4h:row14374:1713787200,2024-04-22 12:00:00,3183.32000000,-0.01227956,0.01696498,-0.06968945,-0.05160157,-0.07116865,-0.04554310,-0.0000930207,0.0006225507,-0.0009187598,-0.0004204404,-0.0006553697,-0.0000102704,3183.02389913,3185.30239522,3180.39663660,3181.98188514,3181.23443201,3183.28730628
eth4h:row14375:1713801600,2024-04-22 16:00:00,3188.23000000,-0.01294975,0.01856048,-0.06639808,-0.04770861,-0.07522500,-0.04257968,-0.0001060713,0.0006536196,-0.0008546675,-0.0003446334,-0.0007343583,0.0000474359,3187.89183827,3190.31457079,3185.50628741,3187.13141877,3185.88955617,3188.38124015
eth4h:row14376:1713816000,2024-04-22 20:00:00,3200.20000000,-0.01381056,0.01663340,-0.06418382,-0.04599283,-0.07673785,-0.04172761,-0.0001228337,0.0006160939,-0.0008115497,-0.0003112223,-0.0007638179,0.0000640280,3199.80693171,3202.17223124,3197.60393206,3199.20418134,3197.75656315,3200.40490894
eth4h:row14377:1713830400,2024-04-23 00:00:00,3183.90000000,-0.01572721,0.01480837,-0.06891041,-0.05054263,-0.07148932,-0.04605592,-0.0001601563,0.0005805553,-0.0009035899,-0.0003998199,-0.0006616141,-0.0000202565,3183.39011929,3185.74896672,3181.02435967,3182.62726800,3181.79418352,3183.83550597
eth4h:row14378:1713844800,2024-04-23 04:00:00,3160.48000000,-0.01381521,0.01627136,-0.06767779,-0.04850553,-0.07089147,-0.04327368,-0.0001229242,0.0006090440,-0.0008795872,-0.0003601516,-0.0006499723,0.0000339216,3160.09152427,3162.40545766,3157.70130460,3159.34195308,3158.42644304,3160.58721042
eth4h:row14379:1713859200,2024-04-23 08:00:00,3179.80000000,-0.01215487,0.01769818,-0.06731694,-0.04808656,-0.07172279,-0.04187038,-0.0000905926,0.0006368282,-0.0008725605,-0.0003519932,-0.0006661605,0.0000612479,3179.51194680,3181.82563110,3177.02664240,3178.68092892,3177.68244835,3179.99476202
eth4h:row14380:1713873600,2024-04-23 12:00:00,3226.13000000,-0.01255291,0.01779307,-0.06845289,-0.04978446,-0.07216348,-0.04228073,-0.0000983435,0.0006386759,-0.0008946805,-0.0003850561,-0.0006747419,0.0000532573,3225.81274657,3228.19110976,3223.24493508,3224.88799805,3223.95392917,3226.30181939
eth4h:row14381:1713888000,2024-04-23 16:00:00,3218.31000000,-0.01292412,0.01690246,-0.06553452,-0.04679910,-0.07390372,-0.04100473,-0.0001055722,0.0006213332,-0.0008378517,-0.0003269227,-0.0007086294,0.0000781046,3217.97025387,3220.31026417,3215.61466271,3217.25803333,3216.03021864,3218.56137470
eth4h:row14382:1713902400,2024-04-23 20:00:00,3219.46000000,-0.01436429,0.01640166,-0.06738686,-0.04798327,-0.07378654,-0.04054877,-0.0001336163,0.0006115812,-0.0008739219,-0.0003499818,-0.0007063476,0.0000869835,3219.02985625,3221.42956351,3216.64767238,3218.33344482,3217.18674523,3219.74005198
eth4h:row14383:1713916800,2024-04-24 00:00:00,3237.61000000,-0.01443212,0.01940156,-0.06914871,-0.04856853,-0.07542203,-0.03992782,-0.0001349372,0.0006699978,-0.0009082302,-0.0003613784,-0.0007381952,0.0000990751,3237.17315547,3239.77991853,3234.67083969,3236.44020902,3235.22089366,3237.93078228
eth4h:row14384:1713931200,2024-04-24 04:00:00,3250.11000000,-0.01321261,0.01795001,-0.06818371,-0.04823421,-0.07514502,-0.03863532,-0.0001111898,0.0006417320,-0.0008894389,-0.0003548682,-0.0007328010,0.0001242436,3249.74864085,3252.19636895,3247.22051080,3248.95684392,3247.72918855,3250.51383059
eth4h:row14385:1713945600,2024-04-24 08:00:00,3281.96000000,-0.01305633,0.01582254,-0.06945830,-0.04953794,-0.07266106,-0.03872284,-0.0001081466,0.0006003041,-0.0009142587,-0.0003802556,-0.0006844312,0.0001225395,3281.60508648,3283.93076565,3278.96081059,3280.71225366,3279.71449279,3282.36219433
eth4h:row14386:1713960000,2024-04-24 12:00:00,3175.80000000,-0.01237433,0.02038814,-0.07033604,-0.04967676,-0.07262295,-0.04082274,-0.0000948662,0.0006892093,-0.0009313508,-0.0003829588,-0.0006836892,0.0000816484,3175.49873833,3177.98954525,3172.84359308,3174.58403235,3173.62948184,3176.05930970
eth4h:row14387:1713974400,2024-04-24 16:00:00,3134.67000000,-0.01263349,0.02066446,-0.06958913,-0.04947088,-0.07606225,-0.04071232,-0.0000999128,0.0006945901,-0.0009168064,-0.0003789498,-0.0007506620,0.0000837986,3134.35682210,3136.84806724,3131.79743142,3133.48234241,3132.31780529,3134.93269192
eth4h:row14388:1713988800,2024-04-24 20:00:00,3140.80000000,-0.01246755,0.01873178,-0.06961905,-0.05191521,-0.07782421,-0.04343372,-0.0000966815,0.0006569554,-0.0009173891,-0.0004265478,-0.0007849723,0.0000308052,3140.49635757,3142.86404333,3137.91998564,3139.46058433,3138.33552630,3140.89675452
eth4h:row14389:1714003200,2024-04-25 00:00:00,3147.41000000,-0.01285987,0.02342499,-0.07198321,-0.05115161,-0.07430781,-0.04401269,-0.0001043210,0.0007483455,-0.0009634260,-0.0004116784,-0.0007164982,0.0000195310,3147.08167618,3149.76623162,3144.37916373,3146.11454583,3145.15569405,3147.47147277
eth4h:row14390:1714017600,2024-04-25 04:00:00,3136.39000000,-0.01426249,0.02158690,-0.07212835,-0.04897599,-0.07409017,-0.03938779,-0.0001316339,0.0007125527,-0.0009662522,-0.0003693128,-0.0007122600,0.0001095910,3135.97717186,3138.62563958,3133.36091994,3135.23190500,3134.15687017,3136.73373905
eth4h:row14391:1714032000,2024-04-25 08:00:00,3112.00000000,-0.01216357,0.02324803,-0.07117235,-0.04932634,-0.07377677,-0.04130244,-0.0000907620,0.0007448995,-0.0009476362,-0.0003761352,-0.0007061572,0.0000723074,3111.71756139,3114.31899072,3109.05235307,3110.82968739,3109.80321449,3112.22502862
eth4h:row14392:1714046400,2024-04-25 12:00:00,3160.40000000,-0.00971739,0.02154572,-0.06817173,-0.04976795,-0.07532565,-0.04366897,-0.0000431281,0.0007117507,-0.0008892056,-0.0003847346,-0.0007363184,0.0000262243,3160.26370101,3162.65021754,3157.59100355,3159.18431862,3158.07379577,3160.48288048
eth4h:row14393:1714060800,2024-04-25 16:00:00,3165.84000000,-0.01410489,0.01865513,-0.06935029,-0.04565499,-0.07248484,-0.03498649,-0.0001285651,0.0006554627,-0.0009121556,-0.0003046436,-0.0006809997,0.0001952968,3165.43300961,3167.91577039,3162.95357792,3164.87569394,3163.68479799,3166.45833870
eth4h:row14394:1714075200,2024-04-25 20:00:00,3155.80000000,-0.01426761,0.02094675,-0.07077896,-0.04859803,-0.07389830,-0.03904751,-0.0001317337,0.0007000871,-0.0009399757,-0.0003619529,-0.0007085238,0.0001162173,3155.38430205,3158.01010837,3152.83501826,3154.65795559,3153.56483245,3156.16677989
eth4h:row14395:1714089600,2024-04-26 00:00:00,3141.59000000,-0.01672416,0.01903010,-0.07167011,-0.04769919,-0.07168782,-0.03716409,-0.0001795697,0.0006627645,-0.0009573290,-0.0003444500,-0.0006654794,0.0001528928,3141.02591640,3143.67282455,3138.58390408,3140.50806562,3139.50003194,3142.07036318
eth4h:row14396:1714104000,2024-04-26 04:00:00,3135.46000000,-0.01499968,0.02009572,-0.07212167,-0.04934869,-0.06890380,-0.04083500,-0.0001459891,0.0006835150,-0.0009661222,-0.0003765704,-0.0006112668,0.0000814096,3135.00229040,3137.60386659,3132.43222532,3134.27950072,3133.54398310,3135.71526704
eth4h:row14397:1714118400,2024-04-26 08:00:00,3128.63000000,-0.01510744,0.02361585,-0.07311045,-0.05046473,-0.07263245,-0.04284161,-0.0001480876,0.0007520620,-0.0009853766,-0.0003983029,-0.0006838741,0.0000423353,3128.16672299,3130.98380862,3125.54863966,3127.38410586,3126.49114255,3128.76245439
eth4h:row14398:1714132800,2024-04-26 12:00:00,3117.60000000,-0.01428120,0.02519459,-0.07388257,-0.04859022,-0.07015002,-0.03772936,-0.0001319984,0.0007828047,-0.0010004119,-0.0003618009,-0.0006355341,0.0001418853,3117.18850904,3120.04142731,3114.48267535,3116.47225355,3115.61928833,3118.04237290
eth4h:row14399:1714147200,2024-04-26 16:00:00,3133.84000000,-0.01535873,0.02595861,-0.07373016,-0.04917512,-0.07144508,-0.04162544,-0.0001529810,0.0007976822,-0.0009974441,-0.0003731906,-0.0006607526,0.0000660177,3133.36061871,3136.34080557,3130.71572823,3132.67069867,3131.76999101,3134.04689566
eth4h:row14400:1714161600,2024-04-26 20:00:00,3131.30000000,-0.01697259,0.02320469,-0.07183390,-0.04733555,-0.07077014,-0.04187785,-0.0001844073,0.0007440557,-0.0009605185,-0.0003373688,-0.0006476097,0.0000611025,3130.72261853,3133.63072845,3128.29377249,3130.24377539,3129.27279611,3131.49133617
eth4h:row14401:1714176000,2024-04-27 00:00:00,3122.18000000,-0.01552920,0.02557910,-0.07194429,-0.04509757,-0.07036744,-0.03695851,-0.0001563005,0.0007902922,-0.0009626680,-0.0002937890,-0.0006397680,0.0001568959,3121.69203979,3124.64840966,3119.17582334,3121.26287253,3120.18316812,3122.66989582
eth4h:row14402:1714190400,2024-04-27 04:00:00,3120.59000000,-0.01752524,0.02571786,-0.07452720,-0.04578612,-0.07199579,-0.03554964,-0.0001951691,0.0007929942,-0.0010129646,-0.0003071971,-0.0006714766,0.0001843307,3119.98101672,3123.06559125,3117.43055331,3119.63151104,3118.49530009,3121.16527369
eth4h:row14403:1714204800,2024-04-27 08:00:00,3124.92000000,-0.01640515,0.02200366,-0.07357591,-0.04403112,-0.06661889,-0.03214043,-0.0001733577,0.0007206681,-0.0009944403,-0.0002730223,-0.0005667730,0.0002507177,3124.37831786,3127.17284189,3121.81399834,3124.06694368,3123.14938148,3125.70357092
eth4h:row14404:1714219200,2024-04-27 12:00:00,3145.05000000,-0.01726549,0.02245850,-0.07281064,-0.04208050,-0.06615232,-0.03176999,-0.0001901109,0.0007295252,-0.0009795384,-0.0002350381,-0.0005576876,0.0002579313,3144.45214860,3147.34523035,3141.97081108,3144.31088017,3143.29653369,3145.86131133
eth4h:row14405:1714233600,2024-04-27 16:00:00,3237.40000000,-0.02011280,0.02420146,-0.07600706,-0.04357092,-0.06724383,-0.03189242,-0.0002455562,0.0007634656,-0.0010417817,-0.0002640607,-0.0005789424,0.0002555472,3236.60513406,3239.87258717,3234.02909196,3236.54524264,3235.52627441,3238.22741434
eth4h:row14406:1714248000,2024-04-27 20:00:00,3255.56000000,-0.01646106,0.02896667,-0.07614844,-0.04522608,-0.06983998,-0.03381440,-0.0001744465,0.0008562578,-0.0010445349,-0.0002962914,-0.0006294969,0.0002181208,3254.99212863,3258.34879238,3252.16122948,3254.59554837,3253.51128005,3256.27018280
eth4h:row14407:1714262400,2024-04-28 00:00:00,3308.87000000,-0.01914566,0.03024198,-0.08016258,-0.04734115,-0.06726433,-0.03508857,-0.0002267231,0.0008810915,-0.0011227015,-0.0003374779,-0.0005793416,0.0001933091,3308.11988774,3311.78670204,3305.15721141,3307.75351804,3306.95358900,3309.50969657
eth4h:row14408:1714276800,2024-04-28 04:00:00,3317.60000000,-0.02132874,0.02983184,-0.08177208,-0.04529641,-0.06381224,-0.03158418,-0.0002692339,0.0008731049,-0.0011540431,-0.0002976610,-0.0005121196,0.0002615494,3316.70690994,3320.49787782,3313.77355507,3316.61262676,3315.90142699,3318.46782964
eth4h:row14409:1714291200,2024-04-28 08:00:00,3286.41000000,-0.02013676,0.03195263,-0.07795226,-0.04323069,-0.06952018,-0.03037315,-0.0002460228,0.0009144028,-0.0010796603,-0.0002574356,-0.0006232693,0.0002851316,3285.60156780,3289.41647672,3282.86370845,3285.56406990,3284.36231976,3287.34719294
eth4h:row14410:1714305600,2024-04-28 12:00:00,3321.01000000,-0.02115743,0.03201253,-0.07935476,-0.04281996,-0.06693938,-0.02892799,-0.0002658981,0.0009155692,-0.0011069709,-0.0002494374,-0.0005730140,0.0003132730,3320.12706714,3324.05200695,3317.33577268,3320.18171910,3319.10756006,3322.05054559
eth4h:row14411:1714320000,2024-04-28 16:00:00,3316.92000000,-0.02154725,0.03071643,-0.07915895,-0.04156182,-0.06508464,-0.02725342,-0.0002734889,0.0008903305,-0.0011031581,-0.0002249380,-0.0005368967,0.0003458817,3316.01298326,3319.87446995,3313.26293049,3316.17398265,3315.13963441,3318.06746047
eth4h:row14412:1714334400,2024-04-28 20:00:00,3263.45000000,-0.01892452,0.03025777,-0.07818078,-0.04298637,-0.06552643,-0.02952134,-0.0002224170,0.0008813991,-0.0010841103,-0.0002526780,-0.0005454996,0.0003017188,3262.72423390,3266.32766987,3259.91397737,3262.62550207,3261.67027464,3264.43479264
eth4h:row14413:1714348800,2024-04-29 00:00:00,3177.60000000,-0.01754801,0.02835734,-0.07601266,-0.04409276,-0.07027383,-0.03072315,-0.0001956125,0.0008443922,-0.0010418908,-0.0002742224,-0.0006379451,0.0002783161,3176.97848262,3180.28427390,3174.29101175,3176.72875032,3175.57351206,3178.48450043
eth4h:row14414:1714363200,2024-04-29 04:00:00,3189.00000000,-0.02049475,0.02697719,-0.07472657,-0.04326842,-0.07405636,-0.03149309,-0.0002529938,0.0008175169,-0.0010168470,-0.0002581703,-0.0007116016,0.0002633232,3188.19330497,3191.60812729,3185.75892293,3188.17680110,3186.73150962,3189.83984812
eth4h:row14415:1714377600,2024-04-29 08:00:00,3160.11000000,-0.02081578,0.02206720,-0.07515889,-0.04586188,-0.07634825,-0.03146943,-0.0002592451,0.0007219054,-0.0010252654,-0.0003086723,-0.0007562312,0.0002637839,3159.29086305,3162.39212409,3156.87170894,3159.13471207,3157.72112961,3160.94369623
eth4h:row14416:1714392000,2024-04-29 12:00:00,3182.45000000,-0.01991348,0.02360500,-0.07579862,-0.04591743,-0.07572524,-0.03021246,-0.0002416749,0.0007518507,-0.0010377229,-0.0003097541,-0.0007440996,0.0002882608,3181.68097470,3184.84362705,3179.14921178,3181.46437586,3180.08282114,3183.36750772
eth4h:row14417:1714406400,2024-04-29 16:00:00,3186.01000000,-0.01763742,0.02444083,-0.07448476,-0.04749296,-0.07711545,-0.03449708,-0.0001973535,0.0007681268,-0.0010121382,-0.0003404341,-0.0007711708,0.0002048270,3185.38129190,3188.45819988,3182.78694897,3184.92555818,3183.55398929,3186.66264785
eth4h:row14418:1714420800,2024-04-29 20:00:00,3216.73000000,-0.01351981,0.02153564,-0.07131409,-0.04776309,-0.07758600,-0.03281957,-0.0001171720,0.0007115545,-0.0009503963,-0.0003456943,-0.0007803337,0.0002374930,3216.35311155,3219.01969331,3213.67428414,3215.61818710,3214.22085626,3217.49404155
eth4h:row14419:1714435200,2024-04-30 00:00:00,3180.79000000,-0.00963705,0.02372087,-0.07056337,-0.05036173,-0.07926400,-0.03541711,-0.0000415635,0.0007541071,-0.0009357776,-0.0003962972,-0.0008130092,0.0001869115,3180.65779806,3183.18956087,3177.81488021,3179.52971151,3178.20503932,3181.38458179
eth4h:row14420:1714449600,2024-04-30 04:00:00,3157.35000000,-0.01114755,0.02495248,-0.07078009,-0.04968546,-0.08022791,-0.03450980,-0.0000709772,0.0007780900,-0.0009399978,-0.0003831282,-0.0008317793,0.0002045792,3157.12590803,3159.80765856,3154.38349242,3156.14056176,3154.72487348,3157.99599435
eth4h:row14421:1714464000,2024-04-30 08:00:00,3007.45000000,-0.01043551,0.02542318,-0.07131319,-0.04971699,-0.07549787,-0.03732025,-0.0000571118,0.0007872559,-0.0009503788,-0.0003837422,-0.0007396719,0.0001498518,3007.27824392,3009.81856482,3004.59314090,3006.29613583,3005.22629626,3007.90070566
eth4h:row14422:1714478400,2024-04-30 12:00:00,2994.12000000,-0.00972312,0.02787782,-0.07482450,-0.05339358,-0.07326558,-0.04240399,-0.0000432395,0.0008350546,-0.0010187540,-0.0004553359,-0.0006962030,0.0000508570,2993.99053859,2996.62129799,2991.07128143,2992.75697988,2992.03621013,2994.27227578
eth4h:row14423:1714492800,2024-04-30 16:00:00,2928.96000000,-0.00924497,0.03231902,-0.07749140,-0.05349885,-0.06924979,-0.04340151,-0.0000339286,0.0009215374,-0.0010706860,-0.0004573857,-0.0006180042,0.0000314326,2928.86062624,2931.66039026,2925.82568191,2927.62064193,2927.15044964,2929.05206616
eth4h:row14424:1714507200,2024-04-30 20:00:00,3014.05000000,-0.00805323,0.03253902,-0.07683557,-0.05325858,-0.06914857,-0.04461650,-0.0000107221,0.0009258214,-0.0010579151,-0.0004527070,-0.0006160331,0.0000077731,3014.01768320,3016.84176426,3010.86307710,3012.68582720,3012.19381727,3014.07342872
eth4h:row14425:1714521600,2024-05-01 00:00:00,3004.37000000,-0.01106720,0.02942122,-0.07584428,-0.05114124,-0.06769547,-0.04316298,-0.0000694126,0.0008651091,-0.0010386119,-0.0004114765,-0.0005877371,0.0000360773,3004.16146601,3006.97023231,3001.25124528,3003.13402670,3002.60473918,3004.47839145
eth4h:row14426:1714536000,2024-05-01 04:00:00,2869.71000000,-0.01338487,0.02898420,-0.07400613,-0.04729317,-0.06818141,-0.04093779,-0.0001145442,0.0008565990,-0.0010028180,-0.0003365435,-0.0005971997,0.0000794081,2869.38131022,2872.16924392,2866.83364564,2868.74438019,2867.99672158,2869.93788713
eth4h:row14427:1714550400,2024-05-01 08:00:00,2905.39000000,-0.01633327,0.02750398,-0.07363980,-0.04492108,-0.06965922,-0.03903970,-0.0001719580,0.0008277749,-0.0009956845,-0.0002903523,-0.0006259769,0.0001163694,2904.89043797,2907.79600460,2902.49858790,2904.54653588,2903.57186223,2905.72811803
eth4h:row14428:1714564800,2024-05-01 12:00:00,2885.45000000,-0.01800602,0.02640993,-0.07643967,-0.04389058,-0.06599149,-0.03472502,-0.0002045311,0.0008064708,-0.0010502059,-0.0002702854,-0.0005545558,0.0002003883,2884.85989618,2887.77796968,2882.42127406,2884.67021034,2883.85030060,2886.02826849
eth4h:row14429:1714579200,2024-05-01 16:00:00,2926.06000000,-0.01527672,0.03086759,-0.07583260,-0.04329614,-0.06624050,-0.03669591,-0.0001513839,0.0008932739,-0.0010383845,-0.0002587100,-0.0005594048,0.0001620096,2925.61707512,2928.67494086,2923.02320173,2925.30309682,2924.42360578,2926.53408814
eth4h:row14430:1714593600,2024-05-01 20:00:00,2972.46000000,-0.01920955,0.02641452,-0.07618009,-0.04223756,-0.06533957,-0.03386499,-0.0002279673,0.0008065601,-0.0010451512,-0.0002380965,-0.0005418609,0.0002171357,2971.78245340,2974.85843488,2969.35495285,2971.75235190,2970.84977632,2973.10549720
eth4h:row14431:1714608000,2024-05-02 00:00:00,2929.33000000,-0.01644080,0.02931566,-0.07440465,-0.04368423,-0.06904659,-0.03651562,-0.0001740518,0.0008630535,-0.0010105782,-0.0002662672,-0.0006140472,0.0001655203,2928.82018913,2931.85925984,2926.37117814,2928.55011942,2927.53180533,2929.81490376
eth4h:row14432:1714622400,2024-05-02 04:00:00,2921.22000000,-0.01773040,0.03034676,-0.07562613,-0.04397605,-0.06955427,-0.03754639,-0.0001991641,0.0008831320,-0.0010343639,-0.0002719498,-0.0006239332,0.0001454482,2920.63825572,2923.80096229,2918.19995769,2920.42568276,2919.39792235,2921.64491721
eth4h:row14433:1714636800,2024-05-02 08:00:00,2995.55000000,-0.02200906,0.02616466,-0.07750749,-0.04151718,-0.06638217,-0.02866052,-0.0002824818,0.0008016946,-0.0010709993,-0.0002240686,-0.0005621634,0.0003184815,2994.70393122,2997.95247918,2992.34348534,2994.87886641,2993.86648464,2996.50417910
eth4h:row14434:1714651200,2024-05-02 12:00:00,2990.17000000,-0.01987856,0.02924562,-0.07840341,-0.04293488,-0.06564355,-0.03167958,-0.0002409947,0.0008616897,-0.0010884454,-0.0002516752,-0.0005477804,0.0002596917,2989.44947162,2992.74770921,2986.91713386,2989.41754304,2988.53249212,2990.94662318
eth4h:row14435:1714665600,2024-05-02 16:00:00,2999.81000000,-0.01885324,0.02793897,-0.07765829,-0.04253827,-0.06626953,-0.02861121,-0.0002210289,0.0008362455,-0.0010739358,-0.0002439521,-0.0005599700,0.0003194416,2999.14702870,3002.31962675,2996.59012583,2999.07827932,2998.13066653,3000.76841728
eth4h:row14436:1714680000,2024-05-02 20:00:00,2986.19000000,-0.02064519,0.03018148,-0.07758170,-0.04020391,-0.06508401,-0.02630069,-0.0002559233,0.0008799134,-0.0010724444,-0.0001984956,-0.0005368846,0.0003644339,2985.42586222,2988.81874506,2982.98919400,2985.59731340,2984.58719099,2987.27846723
eth4h:row14437:1714694400,2024-05-03 00:00:00,3010.15000000,-0.01789479,0.03085632,-0.07633810,-0.04442809,-0.07179242,-0.03271761,-0.0002023653,0.0008930546,-0.0010482281,-0.0002807524,-0.0006675164,0.0002394783,3009.54091186,3012.83942890,3006.99632931,3009.30501193,3008.14134593,3010.87095198
eth4h:row14438:1714708800,2024-05-03 04:00:00,2969.00000000,-0.02102571,0.02983088,-0.07856195,-0.04149262,-0.06798001,-0.02547381,-0.0002633330,0.0008730864,-0.0010915328,-0.0002235904,-0.0005932778,0.0003805356,2968.21826721,2971.59332535,2965.76100724,2968.33623421,2967.23908054,2970.13002525
eth4h:row14439:1714723200,2024-05-03 08:00:00,2979.50000000,-0.02328091,0.03050161,-0.07933413,-0.04243801,-0.06990483,-0.02894419,-0.0003072482,0.0008861474,-0.0011065693,-0.0002419998,-0.0006307597,0.0003129575,2978.58469464,2982.14144637,2976.20480036,2978.77904870,2977.62124409,2980.43260292
eth4h:row14440:1714737600,2024-05-03 12:00:00,3075.52000000,-0.02501063,0.03175730,-0.08117687,-0.04192052,-0.06820434,-0.02788579,-0.0003409309,0.0009105992,-0.0011424526,-0.0002319229,-0.0005976463,0.0003335676,3074.47163897,3078.32184165,3072.00837049,3074.80679921,3073.68247599,3076.54606491
eth4h:row14441:1714752000,2024-05-03 16:00:00,3072.50000000,-0.01867526,0.03245742,-0.07829606,-0.04114107,-0.06708087,-0.02621641,-0.0002175631,0.0009242325,-0.0010863550,-0.0002167448,-0.0005757691,0.0003660751,3071.83161012,3075.34101699,3069.16398658,3071.83412379,3070.73145864,3073.62497165
eth4h:row14442:1714766400,2024-05-03 20:00:00,3102.61000000,-0.01977031,0.03738964,-0.08015650,-0.04355977,-0.06871943,-0.03160220,-0.0002388869,0.0010202769,-0.0011225831,-0.0002638437,-0.0006076765,0.0002611985,3101.86891548,3105.77713674,3099.12901677,3101.79150392,3100.72518943,3103.42050307
eth4h:row14443:1714780800,2024-05-04 00:00:00,3112.00000000,-0.01889246,0.03404201,-0.07573938,-0.04013340,-0.07199298,-0.02647192,-0.0002217926,0.0009550889,-0.0010365692,-0.0001971225,-0.0006714218,0.0003610996,3111.30985804,3114.97365662,3108.77586806,3111.38661531,3109.91123669,3113.12394484
eth4h:row14444:1714795200,2024-05-04 04:00:00,3095.94000000,-0.01951401,0.03267194,-0.07382875,-0.03992758,-0.07511346,-0.02751259,-0.0002338961,0.0009284097,-0.0009993638,-0.0001931147,-0.0007321864,0.0003408348,3095.21595651,3098.81563554,3092.84757501,3095.34218627,3093.67402439,3096.99538407
eth4h:row14445:1714809600,2024-05-04 08:00:00,3130.45000000,-0.02315455,0.03146762,-0.07636677,-0.04185257,-0.07486676,-0.03047144,-0.0003047876,0.0009049584,-0.0010487864,-0.0002305997,-0.0007273824,0.0002832177,3129.49602315,3133.28420916,3127.16854769,3129.72820230,3128.17379366,3131.33672426
eth4h:row14446:1714824000,2024-05-04 12:00:00,3126.81000000,-0.02321642,0.03164209,-0.07450163,-0.03759871,-0.07438204,-0.02455681,-0.0003059923,0.0009083557,-0.0010124667,-0.0001477649,-0.0007179435,0.0003983923,3125.85336645,3129.65154592,3123.64581121,3126.34800133,3124.56593261,3128.05594508
eth4h:row14447:1714838400,2024-05-04 16:00:00,3137.01000000,-0.01893847,0.03051485,-0.07563221,-0.04346643,-0.07393758,-0.03064087,-0.0002226886,0.0008864051,-0.0010344823,-0.0002620261,-0.0007092887,0.0002799184,3136.31150137,3139.79189433,3133.76649671,3136.18812926,3134.78574316,3137.88822986
eth4h:row14448:1714852800,2024-05-04 20:00:00,3117.23000000,-0.01504629,0.03174175,-0.07422119,-0.04454980,-0.07716633,-0.03037724,-0.0001468968,0.0009102963,-0.0010070057,-0.0002831224,-0.0007721617,0.0002850521,3116.77212266,3120.06889486,3114.09251162,3116.34756715,3114.82392342,3118.11869959
eth4h:row14449:1714867200,2024-05-05 00:00:00,3086.91000000,-0.01571624,0.03079111,-0.07004695,-0.04146598,-0.07960464,-0.03023928,-0.0001599427,0.0008917848,-0.0009257215,-0.0002230716,-0.0008196425,0.0002877385,3086.41631075,3089.66408721,3084.05370320,3086.22147481,3084.38087411,3087.79835055
eth4h:row14450:1714881600,2024-05-05 04:00:00,3105.70000000,-0.01747494,0.02672333,-0.07120984,-0.04427920,-0.08289216,-0.03216400,-0.0001941895,0.0008125736,-0.0009483662,-0.0002778530,-0.0008836599,0.0002502586,3105.09696428,3108.22463537,3102.75605515,3104.83719183,3102.95682966,3106.47732551
eth4h:row14451:1714896000,2024-05-05 08:00:00,3138.10000000,-0.01639013,0.02769686,-0.07031583,-0.04327140,-0.08206426,-0.03213857,-0.0001730653,0.0008315308,-0.0009309573,-0.0002582284,-0.0008675382,0.0002507540,3137.55695091,3140.71051212,3135.17992225,3137.28975821,3135.37875905,3138.88698965
eth4h:row14452:1714910400,2024-05-05 12:00:00,3160.19000000,-0.01637333,0.02892608,-0.07281279,-0.04502193,-0.07987331,-0.03395405,-0.0001727379,0.0008554674,-0.0009795802,-0.0002923161,-0.0008248742,0.0002154013,3159.64416241,3162.89459610,3157.09585622,3159.26636051,3157.58431565,3160.87078249
eth4h:row14453:1714924800,2024-05-05 16:00:00,3142.45000000,-0.01393108,0.02828665,-0.07338040,-0.04554353,-0.07602511,-0.03216403,-0.0001251806,0.0008430157,-0.0009906333,-0.0003024732,-0.0007499389,0.0002502581,3142.05665089,3145.10025157,3139.33852592,3141.49963695,3140.09423793,3143.23652184
eth4h:row14454:1714939200,2024-05-05 20:00:00,3136.41000000,-0.00823836,0.02914644,-0.06999677,-0.04641352,-0.07782696,-0.03392504,-0.0000143272,0.0008597584,-0.0009247443,-0.0003194143,-0.0007850260,0.0002159663,3136.36506449,3139.10771427,3133.51096352,3135.40834569,3133.94880274,3137.08743202
eth4h:row14455:1714953600,2024-05-06 00:00:00,3134.61000000,-0.01089017,0.02846224,-0.06990450,-0.04623334,-0.07794669,-0.03588584,-0.0000659654,0.0008464350,-0.0009229475,-0.0003159056,-0.0007873575,0.0001777840,3134.40323090,3137.26436689,3131.71825410,3133.61991549,3132.14291263,3135.16733297
eth4h:row14456:1714968000,2024-05-06 04:00:00,3180.53000000,-0.01138787,0.02697022,-0.07003926,-0.04597835,-0.07669698,-0.03549513,-0.0000756570,0.0008173811,-0.0009255718,-0.0003109403,-0.0007630220,0.0001853922,3180.28937960,3183.13076783,3177.58755302,3179.54119890,3178.10411126,3181.11970005
eth4h:row14457:1714982400,2024-05-06 08:00:00,3149.23000000,-0.01240819,0.02914304,-0.07184022,-0.04680203,-0.07743973,-0.03688776,-0.0000955254,0.0008596922,-0.0009606415,-0.0003269796,-0.0007774854,0.0001582737,3148.92918284,3151.93853259,3146.20617158,3148.20043441,3146.78247117,3149.72847962
eth4h:row14458:1714996800,2024-05-06 12:00:00,3089.25000000,-0.01298766,0.03084780,-0.07425451,-0.04746405,-0.07349716,-0.03769073,-0.0001068095,0.0008928886,-0.0010076545,-0.0003398712,-0.0007007125,0.0001426377,3088.92005645,3092.00958787,3086.13867113,3088.20023141,3087.08608214,3089.69067487
eth4h:row14459:1715011200,2024-05-06 16:00:00,3069.84000000,-0.01251237,0.02720649,-0.07186239,-0.04721485,-0.07501797,-0.03782463,-0.0000975543,0.0008219820,-0.0009610733,-0.0003350184,-0.0007303270,0.0001400302,3069.54053858,3072.36439055,3066.89107610,3068.81171938,3067.59883134,3070.26990049
eth4h:row14460:1715025600,2024-05-06 20:00:00,3062.60000000,-0.01181405,0.02748770,-0.07211106,-0.04751496,-0.07369381,-0.03739109,-0.0000839558,0.0008274580,-0.0009659156,-0.0003408624,-0.0007045418,0.0001484724,3062.34288761,3065.13522174,3059.64321512,3061.55625277,3060.44303007,3063.05474524
eth4h:row14461:1715040000,2024-05-07 00:00:00,3049.19000000,-0.01207225,0.02942742,-0.07077228,-0.04393164,-0.07591645,-0.03405197,-0.0000889839,0.0008652298,-0.0009398458,-0.0002710851,-0.0007478230,0.0002134947,3048.91868332,3051.82939166,3046.32557800,3048.36352200,3046.91059798,3049.84105525
eth4h:row14462:1715054400,2024-05-07 04:00:00,3077.40000000,-0.01558917,0.02598167,-0.06951820,-0.04139833,-0.07600535,-0.03223708,-0.0001574682,0.0007981313,-0.0009154252,-0.0002217543,-0.0007495541,0.0002488357,3076.91544566,3079.85714984,3074.58415947,3076.71764913,3075.09418635,3078.16586212
eth4h:row14463:1715068800,2024-05-07 08:00:00,3063.39000000,-0.01344984,0.02642698,-0.07248419,-0.04525028,-0.07130341,-0.03638267,-0.0001158093,0.0008068027,-0.0009731814,-0.0002967627,-0.0006579940,0.0001681092,3063.03525142,3065.86254869,3060.41021599,3062.48103512,3061.37497084,3063.90502732
eth4h:row14464:1715083200,2024-05-07 12:00:00,3071.41000000,-0.01409094,0.02833165,-0.07364839,-0.04403875,-0.07061775,-0.03354953,-0.0001282935,0.0008438920,-0.0009958516,-0.0002731708,-0.0006446422,0.0002232785,3071.01598331,3074.00303226,3068.35285379,3070.57109492,3069.43067757,3072.09585649
eth4h:row14465:1715097600,2024-05-07 16:00:00,3049.62000000,-0.01524048,0.02933277,-0.07481050,-0.04491238,-0.07195164,-0.03272247,-0.0001506782,0.0008633866,-0.0010184813,-0.0002901828,-0.0006706169,0.0002393837,3049.16052330,3052.25413811,3046.51560033,3048.73518108,3047.57555899,3050.35011678
eth4h:row14466:1715112000,2024-05-07 20:00:00,3005.69000000,-0.01364462,0.03018326,-0.07433002,-0.04567675,-0.07227388,-0.03554162,-0.0001196024,0.0008799483,-0.0010091251,-0.0003050673,-0.0006768917,0.0001844869,3005.33053377,3008.33601568,3002.65841270,3004.77320222,3003.65616167,3006.24456145
eth4h:row14467:1715126400,2024-05-08 00:00:00,3032.33000000,-0.01589267,0.02922095,-0.07498252,-0.04313926,-0.06858103,-0.03221225,-0.0001633783,0.0008612092,-0.0010218310,-0.0002556551,-0.0006049815,0.0002493191,3031.83462357,3034.94259536,3029.23305388,3031.55486831,3030.49605138,3033.08611196
eth4h:row14468:1715140800,2024-05-08 04:00:00,2995.01000000,-0.01829188,0.03256751,-0.07800334,-0.04281531,-0.06781675,-0.03192702,-0.0002100976,0.0009263762,-0.0010806550,-0.0002493469,-0.0005900987,0.0002548735,2994.38082154,2997.78579164,2991.77517577,2994.26329664,2993.24316970,2995.77344587
eth4h:row14469:1715155200,2024-05-08 08:00:00,2990.31000000,-0.01546125,0.03633720,-0.07802414,-0.04300318,-0.06767948,-0.03282627,-0.0001549773,0.0009997829,-0.0010810600,-0.0002530053,-0.0005874257,0.0002373624,2989.84660559,2993.30115589,2987.07904211,2989.55353131,2988.55393082,2991.01987144
eth4h:row14470:1715169600,2024-05-08 12:00:00,3006.98000000,-0.01596348,0.03446139,-0.07848113,-0.04277537,-0.06593595,-0.02954638,-0.0001647572,0.0009632554,-0.0010899589,-0.0002485692,-0.0005534743,0.0003012313,3006.48461930,3009.87788529,3003.70430089,3006.23265013,3005.31617424,3007.88593286
eth4h:row14471:1715184000,2024-05-08 16:00:00,2999.38000000,-0.01743715,0.03601206,-0.07769554,-0.04215966,-0.06835358,-0.03215159,-0.0001934536,0.0009934515,-0.0010746613,-0.0002365795,-0.0006005523,0.0002505003,2998.79981521,3002.36121905,2996.15841390,2998.67049208,2997.57925611,3000.13143984
eth4h:row14472:1715198400,2024-05-08 20:00:00,2974.21000000,-0.01842158,0.03486348,-0.07653951,-0.03936402,-0.06891464,-0.02815733,-0.0002126233,0.0009710853,-0.0010521500,-0.0001821405,-0.0006114777,0.0003282799,2973.57768097,2977.09961447,2971.08233055,2973.66832516,2972.39189272,2975.18653352
eth4h:row14473:1715212800,2024-05-09 00:00:00,2997.90000000,-0.02181964,0.03303672,-0.07850020,-0.03838704,-0.06816575,-0.02428731,-0.0002787932,0.0009355131,-0.0010903303,-0.0001631160,-0.0005968948,0.0004036402,2997.06432247,3000.70588685,2994.63308007,2997.41103456,2996.11110311,2999.11031733
eth4h:row14474:1715227200,2024-05-09 04:00:00,2983.59000000,-0.02204220,0.03481866,-0.08002757,-0.04056678,-0.06792773,-0.02890257,-0.0002831271,0.0009702125,-0.0011200725,-0.0002055617,-0.0005922599,0.0003137680,2982.74538436,2986.48612100,2980.25003365,2982.97675114,2981.82346241,2984.52630189
eth4h:row14475:1715241600,2024-05-09 08:00:00,2977.20000000,-0.02156096,0.03412796,-0.08053582,-0.03823457,-0.06439765,-0.02340582,-0.0002737558,0.0009567626,-0.0011299696,-0.0001601470,-0.0005235191,0.0004208054,2976.38508564,2980.04983680,2973.83775454,2976.72324865,2975.64178674,2978.45308551
eth4h:row14476:1715256000,2024-05-09 12:00:00,3005.99000000,-0.02215450,0.03519727,-0.08076625,-0.03910939,-0.06753609,-0.02280363,-0.0002853138,0.0009775851,-0.0011344567,-0.0001771821,-0.0005846334,0.0004325317,3005.13247186,3008.93004782,3002.58176801,3005.45743945,3004.23311136,3007.29046713
eth4h:row14477:1715270400,2024-05-09 16:00:00,3021.41000000,-0.02110081,0.03764290,-0.08005964,-0.03977315,-0.07067442,-0.02563139,-0.0002647955,0.0010252086,-0.0011206970,-0.0001901074,-0.0006457457,0.0003774671,3020.61005026,3024.50916389,3018.02581164,3020.83566227,3019.45956729,3022.55069813
eth4h:row14478:1715284800,2024-05-09 20:00:00,3036.23000000,-0.02154152,0.03478003,-0.07894557,-0.03766028,-0.06860915,-0.02242824,-0.0002733775,0.0009694604,-0.0010990029,-0.0001489639,-0.0006055290,0.0004398416,3035.40007657,3039.17493195,3032.89500747,3035.77774507,3034.39203119,3037.56575397
eth4h:row14479:1715299200,2024-05-10 00:00:00,3028.95000000,-0.02520316,0.03540356,-0.08270734,-0.03940408,-0.06903021,-0.02196554,-0.0003446799,0.0009816022,-0.0011722552,-0.0001829205,-0.0006137283,0.0004488516,3027.90616187,3031.92468362,3025.40137805,3028.39599363,3027.09161805,3030.30985420
eth4h:row14480:1715313600,2024-05-10 04:00:00,3042.26000000,-0.02252119,0.03781927,-0.08133619,-0.04007385,-0.07292937,-0.02271503,-0.0002924543,0.0010286430,-0.0011455551,-0.0001959630,-0.0006896559,0.0004342570,3041.37040817,3045.39100961,3038.77691902,3041.66388812,3040.16261064,3043.58140965
eth4h:row14481:1715328000,2024-05-10 08:00:00,3037.85000000,-0.02222292,0.03538800,-0.08010840,-0.03770075,-0.07059076,-0.01917612,-0.0002866463,0.0009812992,-0.0011216464,-0.0001497520,-0.0006441167,0.0005031696,3036.97933643,3040.83250299,3034.44451671,3037.39511000,3035.89390014,3039.37893833
eth4h:row14482:1715342400,2024-05-10 12:00:00,2918.54000000,-0.02355604,0.03983200,-0.08330601,-0.03841208,-0.06837629,-0.02142521,-0.0003126059,0.0010678366,-0.0011839130,-0.0001636034,-0.0006009946,0.0004593734,2917.62778991,2921.65818836,2915.08674726,2918.06255588,2916.78650033,2919.88100755
eth4h:row14483:1715356800,2024-05-10 16:00:00,2901.60000000,-0.02162211,0.03940190,-0.08036422,-0.03631995,-0.07040784,-0.01920597,-0.0002749467,0.0010594612,-0.0011266280,-0.0001228639,-0.0006405546,0.0005025884,2900.80232433,2904.67576161,2898.33281697,2901.24352012,2899.74196193,2903.05867695
eth4h:row14484:1715371200,2024-05-10 20:00:00,2909.99000000,-0.01988332,0.03944243,-0.08084803,-0.03844396,-0.07034115,-0.02169597,-0.0002410876,0.0010602504,-0.0011360492,-0.0001642244,-0.0006392561,0.0004541010,2909.28852211,2913.07695436,2906.68598537,2909.51214788,2908.13036561,2911.31172951
eth4h:row14485:1715385600,2024-05-11 00:00:00,2911.00000000,-0.01987271,0.04754377,-0.08527773,-0.03957806,-0.06585707,-0.02702975,-0.0002408810,0.0012180066,-0.0012223080,-0.0001863085,-0.0005519382,0.0003502372,2910.29887991,2914.54777743,2907.44403517,2910.45770648,2909.39375126,2912.01971892
eth4h:row14486:1715400000,2024-05-11 04:00:00,2921.79000000,-0.02231698,0.04389966,-0.08430945,-0.03596548,-0.06604710,-0.01987594,-0.0002884778,0.0011470455,-0.0012034529,-0.0001159613,-0.0005556387,0.0004895421,2920.94724999,2925.14334884,2918.27587842,2921.45120494,2920.16699136,2923.22068947
eth4h:row14487:1715414400,2024-05-11 08:00:00,2903.40000000,-0.02038651,0.04574443,-0.08574115,-0.03959427,-0.06668067,-0.02363291,-0.0002508860,0.0011829683,-0.0012313322,-0.0001866242,-0.0005679761,0.0004163833,2902.67166903,2906.83666237,2899.82715023,2902.85820585,2901.75140655,2904.60917886
eth4h:row14488:1715428800,2024-05-11 12:00:00,2925.72000000,-0.01959090,0.04551960,-0.08377259,-0.03911255,-0.06875396,-0.02561620,-0.0002353933,0.0011785902,-0.0011929987,-0.0001772437,-0.0006083489,0.0003777631,2925.03138609,2929.17025775,2922.23170104,2925.20148066,2923.94068285,2926.82543774
eth4h:row14489:1715443200,2024-05-11 16:00:00,2930.61000000,-0.02852361,0.03954078,-0.08483576,-0.03170268,-0.06465082,-0.01162697,-0.0004093386,0.0010621655,-0.0012137016,-0.0000329524,-0.0005284491,0.0006501730,2929.41063384,2933.72444671,2927.05527159,2930.51343087,2929.06173094,2932.51602305
eth4h:row14490:1715457600,2024-05-11 20:00:00,2912.45000000,-0.02621656,0.04528732,-0.08651917,-0.03427456,-0.06541218,-0.01650494,-0.0003644136,0.0011740671,-0.0012464824,-0.0000830343,-0.0005432749,0.0005551851,2911.38885699,2915.87141972,2908.82194382,2912.20817693,2910.86816865,2914.06739772
eth4h:row14491:1715472000,2024-05-12 00:00:00,2921.13000000,-0.02562707,0.04428477,-0.08606642,-0.03325985,-0.06302977,-0.01572440,-0.0003529345,0.0011545446,-0.0012376660,-0.0000632750,-0.0004968826,0.0005703844,2920.09921421,2924.50452242,2917.51685316,2920.94517141,2919.67890190,2922.79664215
eth4h:row14492:1715486400,2024-05-12 04:00:00,2907.80000000,-0.02547364,0.04511011,-0.08622145,-0.03310619,-0.06034825,-0.01698094,-0.0003499470,0.0011706164,-0.0012406849,-0.0000602828,-0.0004446658,0.0005459160,2906.78260220,2911.20591146,2904.19457354,2907.62471506,2906.50728826,2909.38784779
eth4h:row14493:1715500800,2024-05-12 08:00:00,2928.00000000,-0.02507727,0.04651434,-0.08668213,-0.03566710,-0.06516735,-0.02016821,-0.0003422285,0.0011979607,-0.0012496557,-0.0001101510,-0.0005385075,0.0004838508,2926.99812636,2931.50973064,2924.34329333,2927.67749556,2926.42367459,2929.41705787
eth4h:row14494:1715515200,2024-05-12 12:00:00,2938.00000000,-0.02576416,0.04466290,-0.08571630,-0.03217028,-0.06490733,-0.01189665,-0.0003556041,0.0011619079,-0.0012308482,-0.0000420579,-0.0005334440,0.0006449215,2936.95542091,2941.41566928,2934.38599260,2937.87643649,2936.43315936,2939.89539061
eth4h:row14495:1715529600,2024-05-12 16:00:00,2929.59000000,-0.02826469,0.04684127,-0.08801203,-0.03310524,-0.06355974,-0.01658168,-0.0004042966,0.0012043269,-0.0012755526,-0.0000602642,-0.0005072027,0.0005536907,2928.40581614,2933.12030955,2925.85553603,2929.41345594,2928.10448079,2931.21253593
eth4h:row14496:1715544000,2024-05-12 20:00:00,2929.29000000,-0.03087239,0.04511834,-0.08953648,-0.03187905,-0.05939389,-0.01564690,-0.0004550760,0.0011707766,-0.0013052380,-0.0000363869,-0.0004260817,0.0005718935,2927.95725376,2932.72155248,2925.46907362,2929.18341428,2928.04214902,2930.96572112
eth4h:row14497:1715558400,2024-05-13 00:00:00,2889.92000000,-0.02656739,0.04644812,-0.08875661,-0.03082673,-0.05869949,-0.01064193,-0.0003712453,0.0011966711,-0.0012900517,-0.0000158952,-0.0004125599,0.0006693546,2888.84732989,2893.38035392,2886.19425739,2889.87406451,2888.72798090,2891.85502864
eth4h:row14498:1715572800,2024-05-13 04:00:00,2953.99000000,-0.02548235,0.04768849,-0.08786719,-0.03307037,-0.06471479,-0.01474911,-0.0003501164,0.0012208247,-0.0012727322,-0.0000595852,-0.0005296948,0.0005893761,2952.95594057,2957.59850626,2950.23275331,2953.81399115,2952.42570125,2955.73152440
eth4h:row14499:1715587200,2024-05-13 08:00:00,2965.57000000,-0.02759688,0.04609746,-0.08789121,-0.02857451,-0.05832369,-0.00860150,-0.0003912924,0.0011898429,-0.0012731999,0.0000279619,-0.0004052418,0.0007090875,2964.40982192,2969.10066251,2961.79663906,2965.65292426,2964.36847045,2967.67359445
eth4h:row14500:1715601600,2024-05-13 12:00:00,2961.22000000,-0.02798288,0.04850859,-0.08914082,-0.02723269,-0.05565247,-0.00818249,-0.0003988089,0.0012367944,-0.0012975334,0.0000540910,-0.0003532257,0.0007172468,2960.03927446,2964.88468610,2957.38020972,2961.38017963,2960.17420556,2963.34468734
eth4h:row14501:1715616000,2024-05-13 16:00:00,2956.70000000,-0.03110366,0.04571576,-0.09104317,-0.03120730,-0.05966151,-0.01001374,-0.0004595794,0.0011824100,-0.0013345774,-0.0000233061,-0.0004312931,0.0006815872,2955.34147383,2960.19809926,2952.75668683,2956.63109170,2955.42507062,2958.71593570
eth4h:row14502:1715630400,2024-05-13 20:00:00,2950.99000000,-0.02710550,0.04869003,-0.08954882,-0.03116814,-0.05977661,-0.01039160,-0.0003817238,0.0012403275,-0.0013054782,-0.0000225435,-0.0004335344,0.0006742291,2949.86375171,2954.65246488,2947.14006036,2950.92347503,2949.71092171,2952.98031417
eth4h:row14503:1715644800,2024-05-14 00:00:00,2940.99000000,-0.03087490,0.04855747,-0.09433620,-0.03194533,-0.05606731,-0.00835149,-0.0004551247,0.0012377462,-0.0013987022,-0.0000376775,-0.0003613037,0.0007139560,2939.65178728,2944.63245283,2936.87930625,2940.87919287,2939.92760127,2943.09048711
eth4h:row14504:1715659200,2024-05-14 04:00:00,2920.03000000,-0.03382318,0.04857636,-0.09611052,-0.02925615,-0.05386572,-0.00167679,-0.0005125362,0.0012381141,-0.0014332531,0.0000146885,-0.0003184326,0.0008439312,2918.53376241,2923.64756931,2915.84785573,2920.07289118,2919.10031533,2922.49534451
eth4h:row14505:1715673600,2024-05-14 08:00:00,2907.94000000,-0.02770119,0.05179132,-0.08856940,-0.02914433,-0.06175247,-0.00935144,-0.0003933236,0.0013007184,-0.0012864061,0.0000168659,-0.0004720101,0.0006944840,2906.79646347,2911.72487206,2904.20161339,2907.98904550,2906.56774698,2909.96021912
eth4h:row14506:1715688000,2024-05-14 12:00:00,2898.93000000,-0.03045933,0.04885126,-0.09106111,-0.03027962,-0.05803086,-0.00949797,-0.0004470325,0.0012434671,-0.0013349268,-0.0000052414,-0.0003995397,0.0006916307,2897.63437362,2902.53696621,2895.06272252,2898.91480561,2897.77199361,2900.93568262
eth4h:row14507:1715702400,2024-05-14 16:00:00,2893.74000000,-0.02972441,0.04909975,-0.09033894,-0.02988563,-0.06083760,-0.00725725,-0.0004327214,0.0012483059,-0.0013208641,0.0000024306,-0.0004541949,0.0007352639,2892.48808754,2897.35452841,2889.92028596,2893.74703367,2892.42597648,2895.86844487
eth4h:row14508:1715716800,2024-05-14 20:00:00,2881.93000000,-0.02944200,0.04800744,-0.09045642,-0.03123007,-0.06340475,-0.00778189,-0.0004272222,0.0012270355,-0.0013231518,-0.0000237495,-0.0005041847,0.0007250476,2880.69903855,2885.46840079,2878.11929083,2881.86155652,2880.47734131,2884.02029424
eth4h:row14509:1715731200,2024-05-15 00:00:00,2902.64000000,-0.02829008,0.04527474,-0.09023517,-0.03196619,-0.06082604,-0.00801356,-0.0004047910,0.0011738222,-0.0013188434,-0.0000380838,-0.0004539697,0.0007205364,2901.46527511,2906.04918367,2898.81439574,2902.52945866,2901.32258836,2904.73221144
eth4h:row14510:1715745600,2024-05-15 04:00:00,2916.51000000,-0.03031354,0.04158653,-0.08772575,-0.03118859,-0.06407969,-0.00945864,-0.0004441935,0.0011020021,-0.0012699779,-0.0000229416,-0.0005173275,0.0006923965,2915.21479284,2919.72577178,2912.80844763,2916.44309126,2915.00159928,2918.53008057
eth4h:row14511:1715760000,2024-05-15 08:00:00,2898.74000000,-0.02687662,0.04476387,-0.08971732,-0.03389047,-0.06425917,-0.01010500,-0.0003772669,0.0011638740,-0.0013087594,-0.0000755549,-0.0005208226,0.0006798102,2897.64660770,2902.11573234,2894.94872811,2898.52099431,2897.23066376,2900.71126290
eth4h:row14512:1715774400,2024-05-15 12:00:00,2976.81000000,-0.02428250,0.04325981,-0.08730047,-0.03499041,-0.06865703,-0.00877851,-0.0003267521,0.0011345857,-0.0012616965,-0.0000969739,-0.0006064613,0.0007056406,2975.83747993,2980.18936266,2973.05653751,2976.52134107,2975.00522721,2978.91129938
eth4h:row14513:1715788800,2024-05-15 16:00:00,3024.56000000,-0.02591782,0.04304416,-0.08751547,-0.03550575,-0.06715974,-0.01237031,-0.0003585963,0.0011303863,-0.0012658831,-0.0001070091,-0.0005773050,0.0006356980,3023.47559840,3027.98085441,3020.73368304,3024.23636191,3022.81441045,3026.48331792
eth4h:row14514:1715803200,2024-05-15 20:00:00,3032.55000000,-0.02197032,0.04301209,-0.08642506,-0.03778480,-0.06597483,-0.01600329,-0.0002817273,0.0011297619,-0.0012446497,-0.0001513885,-0.0005542314,0.0005649536,3031.69576809,3035.97799552,3028.77788538,3032.09094147,3030.86973130,3034.26373403
eth4h:row14515:1715817600,2024-05-16 00:00:00,3013.44000000,-0.02385907,0.04111332,-0.08645468,-0.03794150,-0.06877334,-0.01295340,-0.0003185067,0.0010927875,-0.0012452266,-0.0001544399,-0.0006087264,0.0006243437,3012.48035199,3016.73484967,3009.68991969,3012.97464046,3011.60619781,3015.32200974
eth4h:row14516:1715832000,2024-05-16 04:00:00,3016.31000000,-0.02099197,0.04252721,-0.08653282,-0.04226605,-0.07157269,-0.01806894,-0.0002626761,0.0011203198,-0.0012467482,-0.0002386513,-0.0006632376,0.0005247296,3015.51779158,3019.69112556,3012.55176409,3015.59023956,3014.31013305,3017.89316258
eth4h:row14517:1715846400,2024-05-16 08:00:00,3006.45000000,-0.02041524,0.04040975,-0.08537190,-0.03945593,-0.06706920,-0.01577493,-0.0002514454,0.0010790870,-0.0012241418,-0.0001839303,-0.0005755419,0.0005694004,3005.69413696,3009.69597208,3002.77193047,3005.89707366,3004.72015992,3008.16236132
eth4h:row14518:1715860800,2024-05-16 12:00:00,2956.57000000,-0.02290587,0.03959281,-0.08775472,-0.03976677,-0.06320919,-0.01455250,-0.0002999452,0.0010631788,-0.0012705420,-0.0001899832,-0.0005003765,0.0005932046,2955.68332387,2959.71503416,2952.81593896,2956.00835477,2955.09097191,2958.32437129
eth4h:row14519:1715875200,2024-05-16 16:00:00,2944.76000000,-0.01866560,0.04327513,-0.08436155,-0.04201106,-0.07090081,-0.02251699,-0.0002173751,0.0011348840,-0.0012044673,-0.0002336860,-0.0006501542,0.0004381133,2944.11995219,2948.10385795,2941.21526808,2944.07193135,2942.84607409,2946.05042132
eth4h:row14520:1715889600,2024-05-16 20:00:00,2944.70000000,-0.01548915,0.04176570,-0.08112430,-0.04179059,-0.07162774,-0.02497393,-0.0001555205,0.0011054911,-0.0011414289,-0.0002293926,-0.0006643095,0.0003902699,2944.24207426,2947.95713968,2941.34075188,2944.02458499,2942.74445748,2945.84945201
eth4h:row14521:1715904000,2024-05-17 00:00:00,2950.49000000,-0.01841431,0.04128874,-0.08538752,-0.04310010,-0.06799671,-0.02408424,-0.0002124817,0.0010962034,-0.0012244459,-0.0002548926,-0.0005936031,0.0004075946,2949.86314156,2953.72611058,2946.87949540,2949.73803781,2948.73909970,2951.69284906
eth4h:row14522:1715918400,2024-05-17 04:00:00,3024.67000000,-0.02066569,0.03760100,-0.08185088,-0.04110060,-0.07475586,-0.02205628,-0.0002563226,0.0010243926,-0.0011555775,-0.0002159567,-0.0007252230,0.0004470848,3023.89480820,3027.77003727,3021.17677820,3024.01687279,3022.47723501,3026.02258620
eth4h:row14523:1715932800,2024-05-17 08:00:00,3030.40000000,-0.01821582,0.03801865,-0.08078407,-0.03990398,-0.07114159,-0.02154395,-0.0002086166,0.0010325255,-0.0011348038,-0.0001926551,-0.0006548428,0.0004570613,3029.76787410,3033.53058113,3026.96304114,3029.81623437,3028.41621412,3031.78539519
eth4h:row14524:1715947200,2024-05-17 12:00:00,3111.54000000,-0.02098196,0.03579629,-0.08095937,-0.04075430,-0.07033664,-0.02489368,-0.0002624811,0.0009892498,-0.0011382173,-0.0002092132,-0.0006391682,0.0003918324,3110.72338679,3114.61961342,3108.00040610,3110.88909287,3109.55183811,3112.75944119
eth4h:row14525:1715961600,2024-05-17 16:00:00,3085.16000000,-0.02060311,0.03651024,-0.08156335,-0.03967778,-0.07015197,-0.01989434,-0.0002551039,0.0010031524,-0.0011499784,-0.0001882503,-0.0006355721,0.0004891838,3084.37306417,3088.25643837,3081.61417185,3084.57927236,3083.19978130,3086.66957942
eth4h:row14526:1715976000,2024-05-17 20:00:00,3092.01000000,-0.01476924,0.03743476,-0.07846498,-0.04174988,-0.07266539,-0.02336605,-0.0001415020,0.0010211555,-0.0010896444,-0.0002285999,-0.0006845156,0.0004215799,3091.57250551,3095.16903579,3088.64264368,3091.30324763,3089.89419510,3093.31380399
eth4h:row14527:1715990400,2024-05-18 00:00:00,3114.40000000,-0.01856392,0.03442729,-0.07859998,-0.04191725,-0.07313068,-0.02502247,-0.0002153950,0.0009625915,-0.0010922733,-0.0002318591,-0.0006935761,0.0003893245,3113.72924620,3117.39933838,3111.00008124,3113.67798186,3112.24067548,3115.61274833
eth4h:row14528:1716004800,2024-05-18 04:00:00,3101.99000000,-0.01938193,0.03505255,-0.07624524,-0.03927825,-0.07322115,-0.02420416,-0.0002313240,0.0009747670,-0.0010464198,-0.0001804703,-0.0006953377,0.0004052594,3101.27251822,3105.01519158,3098.74571402,3101.43023339,3099.83381907,3103.24736530
eth4h:row14529:1716019200,2024-05-18 08:00:00,3133.79000000,-0.01745575,0.03590847,-0.07803076,-0.04339777,-0.07513790,-0.02824328,-0.0001938157,0.0009914342,-0.0010811889,-0.0002606890,-0.0007326623,0.0003266062,3133.18268101,3136.89848731,3130.40361213,3132.97316195,3131.49483107,3134.81368231
eth4h:row14530:1716033600,2024-05-18 12:00:00,3110.89000000,-0.01663010,0.03579868,-0.07841020,-0.04479037,-0.07417187,-0.02917374,-0.0001777381,0.0009892963,-0.0010885777,-0.0002878069,-0.0007138510,0.0003084875,3110.33712539,3113.96911466,3107.50539704,3109.99479317,3108.67008046,3111.84981873
eth4h:row14531:1716048000,2024-05-18 16:00:00,3119.69000000,-0.01432209,0.03574372,-0.07505947,-0.04370008,-0.07528402,-0.03138318,-0.0001327946,0.0009882261,-0.0010233294,-0.0002665759,-0.0007355077,0.0002654634,3119.27574954,3122.77448297,3116.49916247,3118.85847664,3117.39628762,3120.51827356
eth4h:row14532:1716062400,2024-05-18 20:00:00,3122.94000000,-0.01549940,0.02892596,-0.07383584,-0.04326252,-0.07429948,-0.02953519,-0.0001557202,0.0008554650,-0.0009995020,-0.0002580554,-0.0007163360,0.0003014492,3122.45373308,3125.61270905,3119.82017476,3122.13421239,3120.70372667,3123.88154964
eth4h:row14533:1716076800,2024-05-19 00:00:00,3129.36000000,-0.01307588,0.03318555,-0.07391446,-0.04309503,-0.07541575,-0.02891829,-0.0001085273,0.0009384113,-0.0010010329,-0.0002547939,-0.0007380728,0.0003134619,3129.02039754,3132.29800494,3126.22897513,3128.56275964,3127.05115671,3130.34108874
eth4h:row14534:1716091200,2024-05-19 04:00:00,3115.81000000,-0.01504569,0.03256584,-0.07156902,-0.04156403,-0.07983051,-0.03121288,-0.0001468851,0.0009263437,-0.0009553605,-0.0002249809,-0.0008240408,0.0002687798,3115.35236740,3118.69764838,3112.83469982,3115.10908106,3113.24350293,3116.64757924
eth4h:row14535:1716105600,2024-05-19 08:00:00,3102.58000000,-0.01383202,0.02897949,-0.07424610,-0.04305230,-0.07221718,-0.02899840,-0.0001232515,0.0008565073,-0.0010074909,-0.0002539617,-0.0006757877,0.0003119019,3102.19762577,3105.23852087,3099.45575310,3101.79216346,3100.48402303,3103.54785156
eth4h:row14536:1716120000,2024-05-19 12:00:00,3077.25000000,-0.01111536,0.03171284,-0.07464939,-0.04521601,-0.07415274,-0.03203059,-0.0000703505,0.0009097334,-0.0010153440,-0.0002960953,-0.0007134784,0.0002528565,3077.03352168,3080.05075080,3074.12711845,3076.33897571,3075.05523153,3078.02820108
eth4h:row14537:1716134400,2024-05-19 16:00:00,3065.20000000,-0.01289384,0.03199542,-0.07538151,-0.04448442,-0.07450381,-0.03050010,-0.0001049826,0.0009152361,-0.0010296005,-0.0002818492,-0.0007203148,0.0002826597,3064.87822429,3068.00666594,3062.04569268,3064.33619761,3062.99288610,3066.06653084
eth4h:row14538:1716148800,2024-05-19 20:00:00,3071.19000000,-0.01236312,0.03218431,-0.07429766,-0.04414956,-0.07360987,-0.03211783,-0.0000946480,0.0009189143,-0.0010084948,-0.0002753285,-0.0007029073,0.0002511579,3070.89933190,3074.01345743,3068.09428200,3070.34453016,3069.03199656,3071.96145040
eth4h:row14539:1716163200,2024-05-20 00:00:00,3087.21000000,-0.01485758,0.03254718,-0.07662766,-0.04598431,-0.07367882,-0.03479203,-0.0001432221,0.0009259805,-0.0010538667,-0.0003110563,-0.0007042499,0.0001990835,3086.76787507,3090.07002008,3083.95820609,3086.24985312,3085.03659795,3087.82467364
eth4h:row14540:1716177600,2024-05-20 04:00:00,3091.73000000,-0.01428919,0.03401244,-0.07770311,-0.04624961,-0.07217012,-0.03317701,-0.0001321539,0.0009545132,-0.0010748087,-0.0003162225,-0.0006748713,0.0002305324,3091.32144281,3094.68250613,3088.40876700,3090.75248004,3089.64418405,3092.44282623
eth4h:row14541:1716192000,2024-05-20 08:00:00,3093.80000000,-0.01441317,0.03374655,-0.07535630,-0.04508917,-0.07489921,-0.03337448,-0.0001345681,0.0009493355,-0.0010291095,-0.0002936254,-0.0007280144,0.0002266871,3093.38370123,3096.73844871,3090.61777864,3092.89171521,3091.54848871,3094.50140416
eth4h:row14542:1716206400,2024-05-20 12:00:00,3118.53000000,-0.01544087,0.02924425,-0.07446062,-0.04443274,-0.07222728,-0.03173990,-0.0001545804,0.0008616630,-0.0010116681,-0.0002808429,-0.0006759844,0.0002585171,3118.04797364,3121.21828005,3115.37667795,3117.65430601,3116.42263475,3119.33629757
eth4h:row14543:1716220800,2024-05-20 16:00:00,3438.87000000,-0.01403599,0.02884961,-0.07251727,-0.04203699,-0.07230723,-0.02973568,-0.0001272234,0.0008539782,-0.0009738256,-0.0002341908,-0.0006775411,0.0002975450,3438.43252321,3441.80797440,3435.52277051,3438.06474242,3436.54081325,3439.89337075
eth4h:row14544:1716235200,2024-05-20 20:00:00,3661.78000000,-0.01557820,0.03451497,-0.07579153,-0.04122273,-0.06996045,-0.03209310,-0.0001572546,0.0009642989,-0.0010375848,-0.0002183349,-0.0006318426,0.0002516393,3661.20421357,3665.31275337,3657.98256332,3660.98059286,3659.46706221,3662.70156354
eth4h:row14545:1716249600,2024-05-21 00:00:00,3695.90000000,-0.01411145,0.03561086,-0.07754546,-0.04209964,-0.06651963,-0.03216707,-0.0001286928,0.0009856390,-0.0010717387,-0.0002354107,-0.0005648402,0.0002501989,3695.42439496,3699.54461896,3691.94108285,3695.03004795,3693.81299654,3696.82482567
eth4h:row14546:1716264000,2024-05-21 04:00:00,3660.49000000,-0.01342802,0.04094363,-0.07908701,-0.04246465,-0.06617279,-0.03488537,-0.0001153845,0.0010894831,-0.0011017571,-0.0002425187,-0.0005580863,0.0001972658,3660.06766050,3664.48021530,3656.45924990,3659.60237048,3658.44770076,3661.21216090
eth4h:row14547:1716278400,2024-05-21 08:00:00,3777.97000000,-0.01412838,0.03766096,-0.07921218,-0.04475765,-0.06662004,-0.03609752,-0.0001290224,0.0010255603,-0.0011041945,-0.0002871697,-0.0005667954,0.0001736618,3777.48258865,3781.84652345,3773.80068843,3776.88523723,3775.82927086,3778.62614623
eth4h:row14548:1716292800,2024-05-21 12:00:00,3777.68000000,-0.01555317,0.03969152,-0.07984059,-0.04188273,-0.06530398,-0.03291918,-0.0001567671,0.0010651009,-0.0011164315,-0.0002311870,-0.0005411680,0.0002355532,3777.08783046,3781.70575386,3773.46483244,3776.80675033,3775.63619346,3778.56994949
eth4h:row14549:1716307200,2024-05-21 16:00:00,3712.27000000,-0.01721864,0.03842182,-0.08045243,-0.04116259,-0.06493022,-0.03172886,-0.0001891986,0.0010403763,-0.0011283458,-0.0002171638,-0.0005338897,0.0002587321,3711.56771017,3716.13416732,3708.08363801,3711.46391689,3710.28858612,3713.23060775
eth4h:row14550:1716321600,2024-05-21 20:00:00,3789.60000000,-0.01965659,0.03698505,-0.08154183,-0.03862808,-0.06299512,-0.02760595,-0.0002366724,0.0010123983,-0.0011495594,-0.0001678097,-0.0004962080,0.0003390169,3788.70321245,3793.43852721,3785.24613271,3788.96412167,3787.72003681,3790.88495640
eth4h:row14551:1716336000,2024-05-22 00:00:00,3793.43000000,-0.01669793,0.03458250,-0.07801359,-0.03969322,-0.06619854,-0.02928534,-0.0001790590,0.0009656139,-0.0010808546,-0.0001885509,-0.0005585877,0.0003063144,3792.75081316,3797.09475787,3789.33206878,3792.71481273,3791.31162847,3794.59216036
eth4h:row14552:1716350400,2024-05-22 04:00:00,3746.79000000,-0.01943975,0.03483892,-0.07896125,-0.03903310,-0.06837249,-0.02547225,-0.0002324499,0.0009706071,-0.0010993081,-0.0001756965,-0.0006009206,0.0003805661,3745.91916039,3750.42842652,3742.67338647,3746.13176003,3744.53915321,3748.21617257
eth4h:row14553:1716364800,2024-05-22 08:00:00,3690.60000000,-0.01953535,0.03475500,-0.07811134,-0.03905509,-0.07024162,-0.02569794,-0.0002343116,0.0009689729,-0.0010827581,-0.0001761248,-0.0006373178,0.0003761712,3689.73535098,3694.17782450,3686.60613555,3689.95005118,3688.24866438,3691.98855860
eth4h:row14554:1716379200,2024-05-22 12:00:00,3762.66000000,-0.02013080,0.03647298,-0.07931256,-0.03960619,-0.06975539,-0.02738413,-0.0002459067,0.0010024269,-0.0011061491,-0.0001868563,-0.0006278496,0.0003433364,3761.73485048,3766.43368284,3758.50023806,3761.95698883,3760.29835690,3763.95207987
eth4h:row14555:1716393600,2024-05-22 16:00:00,3736.61000000,-0.01912193,0.03434796,-0.07975876,-0.04202352,-0.06740044,-0.03081345,-0.0002262612,0.0009610467,-0.0011148379,-0.0002339285,-0.0005819920,0.0002765577,3735.76464592,3740.20278274,3732.44660673,3735.73600253,3734.43595544,3737.64353124
eth4h:row14556:1716408000,2024-05-22 20:00:00,3737.73000000,-0.01377027,0.03704036,-0.07853430,-0.04261510,-0.06957099,-0.02846066,-0.0001220491,0.0010134754,-0.0010909942,-0.0002454482,-0.0006242588,0.0003223732,3737.27384128,3741.52001752,3733.65438180,3736.81269347,3735.39741743,3738.93513822
eth4h:row14557:1716422400,2024-05-23 00:00:00,3782.11000000,-0.01220684,0.03841705,-0.07854413,-0.04323296,-0.07077801,-0.02718329,-0.0000916047,0.0010402834,-0.0010911857,-0.0002574797,-0.0006477629,0.0003472473,3781.76355691,3786.04651346,3777.98526636,3781.13630872,3779.66088259,3783.42355540
eth4h:row14558:1716436800,2024-05-23 04:00:00,3814.00000000,-0.01369183,0.03537972,-0.07664078,-0.04149399,-0.07213688,-0.02404156,-0.0001205216,0.0009811379,-0.0010541220,-0.0002236171,-0.0006742239,0.0004084257,3813.54035813,3817.74389628,3809.98169693,3813.14721962,3811.42937657,3815.55805373
eth4h:row14559:1716451200,2024-05-23 08:00:00,3918.46000000,-0.01426737,0.03462971,-0.07588791,-0.04182438,-0.07218385,-0.02659584,-0.0001317291,0.0009665332,-0.0010394616,-0.0002300507,-0.0006751386,0.0003586866,3917.94385880,3922.24915242,3914.38902763,3917.55865909,3915.81538944,3919.86575102
eth4h:row14560:1716465600,2024-05-23 12:00:00,3812.95000000,-0.01363878,0.03835476,-0.07837408,-0.04268013,-0.07258971,-0.02658014,-0.0001194887,0.0010390705,-0.0010878743,-0.0002467145,-0.0006830419,0.0003589924,3812.49442296,3816.91398295,3808.80424498,3812.00940600,3810.34648482,3814.31906577
eth4h:row14561:1716480000,2024-05-23 16:00:00,3791.34000000,-0.01254432,0.03932322,-0.07753389,-0.04236392,-0.07378325,-0.02656573,-0.0000981764,0.0010579291,-0.0010715135,-0.0002405571,-0.0007062834,0.0003592730,3790.96779816,3795.35309131,3787.27970369,3790.42807581,3788.66318477,3792.70237075
eth4h:row14562:1716494400,2024-05-23 20:00:00,3783.61000000,-0.01003962,0.03685630,-0.07533168,-0.04420255,-0.07569838,-0.02848369,-0.0000494027,0.0010098912,-0.0010286302,-0.0002763604,-0.0007435764,0.0003219249,3783.42308425,3787.43296457,3779.72006558,3782.56450461,3780.79764264,3784.82823432
eth4h:row14563:1716508800,2024-05-24 00:00:00,3803.82000000,-0.01060288,0.03355367,-0.07360326,-0.04343186,-0.07500477,-0.02869832,-0.0000603710,0.0009455796,-0.0009949730,-0.0002613529,-0.0007300699,0.0003177453,3803.59036651,3807.41851551,3800.03718396,3802.82599056,3801.04395880,3805.02883801
eth4h:row14564:1716523200,2024-05-24 04:00:00,3679.24000000,-0.01131396,0.03611911,-0.07356732,-0.04165195,-0.07774584,-0.02743989,-0.0000742178,0.0009955360,-0.0009942731,-0.0002266929,-0.0007834463,0.0003422506,3678.96694499,3682.90463982,3675.58364853,3678.40603691,3676.35864173,3680.49943751
eth4h:row14565:1716537600,2024-05-24 08:00:00,3712.62000000,-0.01151066,0.03352220,-0.07130050,-0.04107849,-0.08047135,-0.02687078,-0.0000780480,0.0009449667,-0.0009501316,-0.0002155261,-0.0008365198,0.0003533327,3712.33024863,3716.12996050,3709.09419758,3711.81991976,3709.51561850,3713.93202170
eth4h:row14566:1716552000,2024-05-24 12:00:00,3693.67000000,-0.00950437,0.03077562,-0.07219230,-0.04360221,-0.07768680,-0.02892552,-0.0000389798,0.0008914830,-0.0009674976,-0.0002646701,-0.0007822967,0.0003133211,3693.52602421,3696.96431224,3690.09811133,3692.69252540,3690.78158412,3694.82748615
eth4h:row14567:1716566400,2024-05-24 16:00:00,3744.40000000,-0.01022427,0.02768541,-0.07244246,-0.04562215,-0.07785089,-0.03099206,-0.0000529984,0.0008313080,-0.0009723689,-0.0003040041,-0.0007854920,0.0002730798,3744.20155800,3747.51404381,3740.76083136,3743.26186010,3741.45995851,3745.42265949
eth4h:row14568:1716580800,2024-05-24 20:00:00,3728.28000000,-0.01089971,0.02781005,-0.07166605,-0.04445003,-0.07827622,-0.02980300,-0.0000661511,0.0008337349,-0.0009572500,-0.0002811795,-0.0007937743,0.0002962340,3728.03337817,3731.38969349,3724.71281149,3727.23183154,3725.32176145,3729.38460691
eth4h:row14569:1716595200,2024-05-25 00:00:00,3745.26000000,-0.00991743,0.02668864,-0.07019805,-0.04617194,-0.08018880,-0.03264553,-0.0000470233,0.0008118981,-0.0009286638,-0.0003147101,-0.0008310176,0.0002408819,3745.08388975,3748.30200411,3741.78352695,3744.08151421,3742.14891578,3746.16227386
eth4h:row14570:1716609600,2024-05-25 04:00:00,3746.60000000,-0.00913303,0.02398742,-0.06900298,-0.04774849,-0.08068889,-0.03516267,-0.0000317488,0.0007592976,-0.0009053924,-0.0003454099,-0.0008407560,0.0001918661,3746.48105170,3749.44586465,3743.20939208,3745.30611078,3743.45134755,3747.31891455
eth4h:row14571:1716624000,2024-05-25 08:00:00,3739.39000000,-0.00752883,0.02449215,-0.06766521,-0.04800509,-0.07982659,-0.03729820,-0.0000005105,0.0007691262,-0.0008793423,-0.0003504066,-0.0008239645,0.0001502813,3739.38809097,3742.26716898,3736.10324165,3738.07992267,3736.31014434,3739.95200254
eth4h:row14572:1716638400,2024-05-25 12:00:00,3743.79000000,-0.00726371,0.02515400,-0.06635665,-0.04718344,-0.08125810,-0.03670138,0.0000046521,0.0007820143,-0.0008538609,-0.0003344067,-0.0008518401,0.0001619031,3743.80741671,3746.71884221,3740.59468857,3742.53826076,3740.60224755,3744.39618022
eth4h:row14573:1716652800,2024-05-25 16:00:00,3757.64000000,-0.00542634,0.02326114,-0.06550943,-0.04845480,-0.08051848,-0.03825575,0.0000404310,0.0007451548,-0.0008373631,-0.0003591639,-0.0008374376,0.0001316351,3757.79192827,3760.44106700,3754.49480799,3756.29063389,3754.49452825,3758.13466983
eth4h:row14574:1716667200,2024-05-25 20:00:00,3749.26000000,-0.00528138,0.02269627,-0.06548708,-0.04986564,-0.07902804,-0.04223325,0.0000432538,0.0007341551,-0.0008369278,-0.0003866369,-0.0008084144,0.0000541817,3749.42217313,3752.01354908,3746.12345267,3747.81067775,3746.23026896,3749.46314688
eth4h:row14575:1716681600,2024-05-26 00:00:00,3771.59000000,-0.00714188,0.02018566,-0.06485908,-0.04928134,-0.07880576,-0.04208111,0.0000070246,0.0006852665,-0.0008246990,-0.0003752589,-0.0008040860,0.0000571443,3771.61649386,3774.17542992,3768.48085574,3770.17494287,3768.55853629,3771.80553118
eth4h:row14576:1716696000,2024-05-26 04:00:00,3786.02000000,-0.00646930,0.02310807,-0.06544935,-0.04867838,-0.07876647,-0.04155251,0.0000201216,0.0007421742,-0.0008361931,-0.0003635175,-0.0008033208,0.0000674378,3786.09618148,3788.83092935,3782.85547935,3784.64396548,3782.97983262,3786.27532931
eth4h:row14577:1716710400,2024-05-26 08:00:00,3813.79000000,-0.00863998,0.01944006,-0.06570714,-0.05024956,-0.07928291,-0.04376036,-0.0000221478,0.0006707476,-0.0008412130,-0.0003941128,-0.0008133775,0.0000244447,3813.70553403,3816.34894870,3810.58313916,3812.28723256,3810.68921044,3813.88322823
eth4h:row14578:1716724800,2024-05-26 12:00:00,3833.05000000,-0.00993054,0.01840330,-0.06614804,-0.04909400,-0.07542025,-0.04333460,-0.0000472786,0.0006505589,-0.0008497985,-0.0003716109,-0.0007381604,0.0000327354,3832.86878296,3835.54443611,3829.79406342,3831.62586149,3830.22163825,3833.17547853
eth4h:row14579:1716739200,2024-05-26 16:00:00,3878.86000000,-0.01044099,0.01810385,-0.06497543,-0.04845856,-0.07649776,-0.04457295,-0.0000572186,0.0006447277,-0.0008269646,-0.0003592370,-0.0007591427,0.0000086213,3878.63806335,3881.36161479,3875.65364594,3877.46682033,3875.91650898,3878.89344096
eth4h:row14580:1716753600,2024-05-26 20:00:00,3826.47000000,-0.01336567,0.01906104,-0.06653576,-0.04718528,-0.07766646,-0.04138499,-0.0001141705,0.0006633669,-0.0008573487,-0.0003344427,-0.0007819006,0.0000706998,3826.03315512,3829.00919572,3823.19078687,3825.19047900,3823.47925014,3826.74054032
eth4h:row14581:1716768000,2024-05-27 00:00:00,3919.58000000,-0.01248961,0.01491363,-0.06302904,-0.04749082,-0.07993001,-0.04255038,-0.0000971109,0.0005826051,-0.0007890629,-0.0003403923,-0.0008259783,0.0000480064,3919.19938453,3921.86423247,3916.48842475,3918.24603217,3916.34384872,3919.76816933
eth4h:row14582:1716782400,2024-05-27 04:00:00,3914.01000000,-0.01500719,0.01467908,-0.06540328,-0.04706590,-0.07593721,-0.04286697,-0.0001461354,0.0005780378,-0.0008352959,-0.0003321179,-0.0007482272,0.0000418415,3913.43806656,3916.27309981,3910.74200844,3912.71030314,3911.08252657,3914.17377133
eth4h:row14583:1716796800,2024-05-27 08:00:00,3900.49000000,-0.01545494,0.01637573,-0.06644081,-0.04713700,-0.07355385,-0.04340255,-0.0001548543,0.0006110763,-0.0008554997,-0.0003335026,-0.0007018163,0.0000314122,3899.88603904,3902.87422553,3897.15455875,3899.18939349,3897.75353290,3900.61252509
eth4h:row14584:1716811200,2024-05-27 12:00:00,3963.39000000,-0.01515191,0.01827992,-0.06463747,-0.04573862,-0.07802655,-0.04288403,-0.0001489535,0.0006481563,-0.0008203836,-0.0003062720,-0.0007889125,0.0000415092,3962.79968330,3965.95972896,3960.13983314,3962.17631032,3960.26446505,3963.55452065
eth4h:row14585:1716825600,2024-05-27 16:00:00,3873.25000000,-0.01309137,0.01937194,-0.06641173,-0.04861848,-0.07325907,-0.04775309,-0.0001088290,0.0006694210,-0.0008549333,-0.0003623511,-0.0006960762,-0.0000533052,3872.82850084,3875.84370285,3869.94004456,3871.84677802,3870.55486099,3873.04354122
eth4h:row14586:1716840000,2024-05-27 20:00:00,3894.22000000,-0.01372950,0.01628161,-0.06544476,-0.04865555,-0.07386772,-0.04598397,-0.0001212552,0.0006092436,-0.0008361038,-0.0003630730,-0.0007079284,-0.0000188553,3893.74783422,3896.59325162,3890.96538881,3892.80637053,3891.46414667,3894.14657408
eth4h:row14587:1716854400,2024-05-28 00:00:00,3849.71000000,-0.01672940,0.01738335,-0.06801384,-0.04772566,-0.07202706,-0.04281020,-0.0001796718,0.0006306975,-0.0008861310,-0.0003449654,-0.0006720854,0.0000429470,3849.01837781,3852.13876826,3846.30016352,3848.38221246,3847.12353536,3849.87533706
eth4h:row14588:1716868800,2024-05-28 04:00:00,3847.29000000,-0.01484518,0.01834513,-0.06807702,-0.04841826,-0.07251947,-0.04208703,-0.0001429806,0.0006494261,-0.0008873613,-0.0003584524,-0.0006816740,0.0000570291,3846.73995131,3849.78934198,3843.87757784,3845.91117696,3844.66829610,3847.50941391
eth4h:row14589:1716883200,2024-05-28 08:00:00,3904.34000000,-0.01766341,0.01369763,-0.06834447,-0.04823897,-0.07175648,-0.04076166,-0.0001978595,0.0005589262,-0.0008925693,-0.0003549611,-0.0006668165,0.0000828378,3903.56756556,3906.52284787,3900.85666087,3902.95435728,3901.73738936,3904.66344048
eth4h:row14590:1716897600,2024-05-28 12:00:00,3861.10000000,-0.01441102,0.01727379,-0.06967258,-0.05018387,-0.07024321,-0.04236666,-0.0001345263,0.0006285642,-0.0009184314,-0.0003928338,-0.0006373488,0.0000515839,3860.58061538,3863.52771205,3857.55547263,3859.58352739,3858.63991652,3861.29917555
eth4h:row14591:1716912000,2024-05-28 16:00:00,3840.81000000,-0.01532881,0.01614256,-0.06893765,-0.04999850,-0.07461226,-0.04098180,-0.0001523983,0.0006065358,-0.0009041203,-0.0003892241,-0.0007224266,0.0000785512,3840.22471154,3843.14029535,3837.33901512,3839.31535513,3838.03629857,3841.11171204
eth4h:row14592:1716926400,2024-05-28 20:00:00,3844.69000000,-0.01465981,0.01723976,-0.06903654,-0.05119221,-0.07695463,-0.04131820,-0.0001393710,0.0006279014,-0.0009060458,-0.0004124689,-0.0007680393,0.0000720004,3844.15419921,3847.10484442,3841.20811226,3843.10451211,3841.73826068,3844.96682902
eth4h:row14593:1716940800,2024-05-29 00:00:00,3851.00000000,-0.01516216,0.01719321,-0.06840997,-0.05297611,-0.07818300,-0.04671448,-0.0001491531,0.0006269949,-0.0008938449,-0.0004472066,-0.0007919590,-0.0000330805,3850.42565425,3853.41531466,3847.55934141,3849.27819241,3847.95137326,3850.87260920
eth4h:row14594:1716955200,2024-05-29 04:00:00,3820.00000000,-0.01583688,0.01469840,-0.06934207,-0.05225901,-0.07696557,-0.04305765,-0.0001622919,0.0005784139,-0.0009119954,-0.0004332426,-0.0007682523,0.0000381285,3819.38009524,3822.21018013,3816.51776557,3818.34537187,3817.06640332,3820.14565355
eth4h:row14595:1716969600,2024-05-29 08:00:00,3811.16000000,-0.01163535,0.01807196,-0.06880414,-0.05365114,-0.07796428,-0.04419636,-0.0000804762,0.0006441067,-0.0009015204,-0.0004603512,-0.0007876999,0.0000159544,3810.85330484,3813.61558455,3807.72570989,3809.40593166,3808.15913166,3811.22080534
eth4h:row14596:1716984000,2024-05-29 12:00:00,3759.85000000,-0.01096039,0.01965452,-0.06814908,-0.05300073,-0.07890239,-0.04534760,-0.0000673327,0.0006749237,-0.0008887646,-0.0004476860,-0.0008059677,-0.0000064634,3759.59684764,3762.38846851,3756.50986297,3758.16714467,3756.82090310,3759.82569878
eth4h:row14597:1716998400,2024-05-29 16:00:00,3749.66000000,-0.00868051,0.01768983,-0.06670164,-0.05181233,-0.07545920,-0.04282988,-0.0000229370,0.0006366657,-0.0008605788,-0.0004245445,-0.0007389189,0.0000425637,3749.57399497,3752.04803989,3746.43451004,3748.06844039,3746.89032872,3749.81960277
eth4h:row14598:1717012800,2024-05-29 20:00:00,3767.43000000,-0.00845592,0.01914258,-0.06625312,-0.05325798,-0.07947358,-0.04648828,-0.0000185636,0.0006649547,-0.0008518448,-0.0004526954,-0.0008170904,-0.0000286757,3767.36006356,3769.93600344,3764.22210091,3765.72488768,3764.35292626,3767.32196776
eth4h:row14599:1717027200,2024-05-30 00:00:00,3791.31000000,-0.00982361,0.02013166,-0.06896286,-0.05392907,-0.07742380,-0.04571835,-0.0000451964,0.0006842149,-0.0009046112,-0.0004657634,-0.0007771752,-0.0000136830,3791.13865039,3793.90495845,3787.88188914,3789.54455766,3788.36463246,3791.25812371
eth4h:row14600:1717041600,2024-05-30 04:00:00,3720.32000000,-0.01068966,0.02074594,-0.07004600,-0.05283115,-0.07571630,-0.04473997,-0.0000620609,0.0006961768,-0.0009257030,-0.0004443838,-0.0007439255,0.0000053688,3720.08912062,3722.91090217,3716.87768226,3718.66711717,3717.55338841,3720.33997373
eth4h:row14601:1717056000,2024-05-30 08:00:00,3737.00000000,-0.01298063,0.01926000,-0.07280754,-0.05521141,-0.07373968,-0.04693758,-0.0001066725,0.0006672412,-0.0009794780,-0.0004907341,-0.0007054350,-0.0000374249,3736.60138607,3739.49431257,3733.34148254,3735.16657653,3734.36471909,3736.86014588
eth4h:row14602:1717070400,2024-05-30 12:00:00,3776.12000000,-0.01072221,0.01956207,-0.07198542,-0.05430434,-0.07157436,-0.04496562,-0.0000626947,0.0006731235,-0.0009634689,-0.0004730710,-0.0006632701,0.0000009748,3775.88326484,3778.66265086,3772.48357787,3774.33404957,3773.61624293,3776.12368094
eth4h:row14603:1717084800,2024-05-30 16:00:00,3762.01000000,-0.01248269,0.02070154,-0.07121449,-0.05247728,-0.07426812,-0.04429245,-0.0000969763,0.0006953121,-0.0009484568,-0.0004374929,-0.0007157252,0.0000140834,3761.64519201,3764.62668061,3758.44358768,3760.36450716,3759.31839795,3762.06298234
eth4h:row14604:1717099200,2024-05-30 20:00:00,3747.91000000,-0.01458995,0.01632501,-0.07058119,-0.05209027,-0.07397377,-0.04240477,-0.0001380107,0.0006100886,-0.0009361246,-0.0004299567,-0.0007099935,0.0000508419,3747.39278419,3750.19725482,3744.40313079,3746.29890736,3745.24995260,3748.10055568
eth4h:row14605:1717113600,2024-05-31 00:00:00,3760.21000000,-0.01444988,0.01706583,-0.06949656,-0.05108408,-0.07509427,-0.04203955,-0.0001352831,0.0006245146,-0.0009150039,-0.0004103634,-0.0007318127,0.0000579536,3759.70134165,3762.55903944,3756.77096680,3758.66726400,3757.45923722,3760.42792409
eth4h:row14606:1717128000,2024-05-31 04:00:00,3729.11000000,-0.01567488,0.01950944,-0.07136124,-0.05111353,-0.07376447,-0.04381667,-0.0001591372,0.0006720986,-0.0009513143,-0.0004109368,-0.0007059178,0.0000233482,3728.51660710,3731.61717223,3725.56413103,3727.57788640,3726.47848371,3729.19706899
eth4h:row14607:1717142400,2024-05-31 08:00:00,3802.62000000,-0.01671701,0.01609052,-0.07019364,-0.04986451,-0.07446931,-0.04059554,-0.0001794304,0.0006055225,-0.0009285780,-0.0003866149,-0.0007196431,0.0000860726,3801.93775565,3804.92326932,3799.09060982,3801.15013462,3799.88445535,3802.94731559
eth4h:row14608:1717156800,2024-05-31 12:00:00,3744.77000000,-0.01448803,0.02188022,-0.07114577,-0.05062036,-0.07475616,-0.04230435,-0.0001360259,0.0007182644,-0.0009471185,-0.0004013334,-0.0007252288,0.0000527973,3744.26064893,3747.46070105,3741.22493804,3743.26740036,3742.05516955,3744.96771909
eth4h:row14609:1717171200,2024-05-31 16:00:00,3785.45000000,-0.01496093,0.01972974,-0.07001477,-0.05036108,-0.07479480,-0.04263594,-0.0001452347,0.0006763885,-0.0009250948,-0.0003962845,-0.0007259812,0.0000463402,3784.90026133,3788.01130094,3781.94971927,3783.95018222,3782.70283181,3785.62542268
eth4h:row14610:1717185600,2024-05-31 20:00:00,3762.29000000,-0.01606529,0.01789058,-0.06905728,-0.04929392,-0.07519871,-0.04107594,-0.0001667396,0.0006405748,-0.0009064497,-0.0003755038,-0.0007338465,0.0000767179,3761.66272958,3764.70080026,3758.88121836,3760.87751107,3759.53006951,3762.57864609
eth4h:row14611:1717200000,2024-06-01 00:00:00,3778.98000000,-0.01332383,0.02011372,-0.06789093,-0.05087982,-0.07778940,-0.04382535,-0.0001133557,0.0006838655,-0.0008837377,-0.0004063858,-0.0007842945,0.0000231790,3778.55165550,3781.56519806,3775.64184806,3777.44458828,3776.01732873,3779.06759408
eth4h:row14612:1717214400,2024-06-01 04:00:00,3773.00000000,-0.01529818,0.01790799,-0.06927114,-0.04933737,-0.07641986,-0.03917701,-0.0001518018,0.0006409137,-0.0009106142,-0.0003763499,-0.0007576257,0.0001136955,3772.42729546,3775.41894256,3769.56581633,3771.58029894,3770.14256063,3773.42899734
eth4h:row14613:1717228800,2024-06-01 08:00:00,3788.28000000,-0.01580482,0.01683910,-0.06822573,-0.04966388,-0.07778063,-0.04002395,-0.0001616675,0.0006200994,-0.0008902572,-0.0003827081,-0.0007841239,0.0000972032,3787.66760789,3790.62983864,3784.90895717,3786.83047204,3785.31068349,3788.64825077
eth4h:row14614:1717243200,2024-06-01 12:00:00,3798.60000000,-0.01414554,0.01852579,-0.06766623,-0.05079428,-0.07926884,-0.04278217,-0.0001293567,0.0006529441,-0.0008793620,-0.0004047202,-0.0008131035,0.0000434928,3798.10865748,3801.08108332,3795.26112380,3797.06294085,3795.51260028,3798.76521538
eth4h:row14615:1717257600,2024-06-01 16:00:00,3804.51000000,-0.01374154,0.01730723,-0.06826734,-0.05062054,-0.07699384,-0.04085675,-0.0001214897,0.0006292153,-0.0008910674,-0.0004013369,-0.0007688027,0.0000809863,3804.04781949,3806.90460923,3801.12143524,3802.98341627,3801.58620640,3804.81812558
eth4h:row14616:1717272000,2024-06-01 20:00:00,3815.82000000,-0.01255183,0.01960582,-0.06716847,-0.05236958,-0.08171597,-0.04497861,-0.0000983226,0.0006739755,-0.0008696692,-0.0004353956,-0.0008607561,0.0000007218,3815.44483694,3818.39263587,3812.50294137,3814.15897037,3812.53692294,3815.82275414
eth4h:row14617:1717286400,2024-06-02 00:00:00,3807.13000000,-0.01196413,0.01742310,-0.06569874,-0.05188594,-0.08220404,-0.04432547,-0.0000868784,0.0006314717,-0.0008410494,-0.0004259779,-0.0008702602,0.0000134404,3806.79925693,3809.53485391,3803.92936181,3805.50859206,3803.81824743,3807.18116972
eth4h:row14618:1717300800,2024-06-02 04:00:00,3793.33000000,-0.01082771,0.01840145,-0.06597828,-0.05129341,-0.08050269,-0.04307444,-0.0000647491,0.0006505229,-0.0008464929,-0.0004144397,-0.0008371300,0.0000378015,3793.08439342,3795.79845093,3790.12033165,3791.75821926,3790.15581838,3793.47339611
eth4h:row14619:1717315200,2024-06-02 08:00:00,3805.01000000,-0.01252477,0.01789583,-0.06638073,-0.05224792,-0.08242087,-0.04583490,-0.0000977957,0.0006406769,-0.0008543298,-0.0004330267,-0.0008744825,-0.0000159524,3804.63790459,3807.44856327,3801.76065483,3803.36268586,3801.68403994,3804.94930128
eth4h:row14620:1717329600,2024-06-02 12:00:00,3798.78000000,-0.00869184,0.01993663,-0.06510084,-0.05049900,-0.07998909,-0.04334037,-0.0000231575,0.0006804172,-0.0008294067,-0.0003989702,-0.0008271288,0.0000326231,3798.69203060,3801.36563474,3795.63057275,3797.26470211,3795.63921876,3798.90393007
eth4h:row14621:1717344000,2024-06-02 16:00:00,3782.37000000,-0.00831871,0.01900853,-0.06555741,-0.05231545,-0.07937251,-0.04632549,-0.0000158917,0.0006623444,-0.0008382974,-0.0004343417,-0.0008151222,-0.0000255056,3782.30989204,3784.87606130,3779.20057761,3780.72751565,3779.28816234,3782.27352946
eth4h:row14622:1717358400,2024-06-02 20:00:00,3780.91000000,-0.00917189,0.01962573,-0.06702905,-0.05289308,-0.07857820,-0.04686193,-0.0000325056,0.0006743631,-0.0008669544,-0.0004455898,-0.0007996548,-0.0000359517,3780.78710127,3783.46056617,3777.63354388,3779.22564042,3777.88778559,3780.77407236
eth4h:row14623:1717372800,2024-06-03 00:00:00,3799.50000000,-0.00841217,0.01958514,-0.06453472,-0.05119906,-0.07993086,-0.04621580,-0.0000177117,0.0006735727,-0.0008183826,-0.0004126023,-0.0008259948,-0.0000233697,3799.43270510,3802.06010159,3796.39182724,3797.93264080,3796.36292845,3799.41120781
eth4h:row14624:1717387200,2024-06-03 04:00:00,3817.82000000,-0.01142221,0.01900894,-0.06712656,-0.05178706,-0.07896513,-0.04656279,-0.0000763256,0.0006623525,-0.0008688533,-0.0004240524,-0.0008071893,-0.0000301266,3817.52861374,3820.34958023,3814.50431524,3816.20138762,3814.73953986,3817.70498393
eth4h:row14625:1717401600,2024-06-03 08:00:00,3809.00000000,-0.01147335,0.01766098,-0.06722545,-0.05226366,-0.07710156,-0.04669174,-0.0000773214,0.0006361039,-0.0008707788,-0.0004333331,-0.0007709003,-0.0000326377,3808.70549398,3811.42369053,3805.68464714,3807.34979182,3806.06477210,3808.87568511
eth4h:row14626:1717416000,2024-06-03 12:00:00,3796.82000000,-0.01085239,0.01769335,-0.06600302,-0.05074159,-0.07852906,-0.04423770,-0.0000652296,0.0006367341,-0.0008469746,-0.0004036942,-0.0007986979,0.0000151495,3796.57234313,3799.23833477,3793.60555134,3795.28755520,3793.78869872,3796.87752035
eth4h:row14627:1717430400,2024-06-03 16:00:00,3773.40000000,-0.01130443,0.01811267,-0.06681644,-0.05130039,-0.07693231,-0.04531097,-0.0000740321,0.0006448995,-0.0008628143,-0.0004145755,-0.0007676046,-0.0000057501,3773.12065759,3775.83424850,3770.14566069,3771.83596512,3770.50463211,3773.37830249
eth4h:row14628:1717444800,2024-06-03 20:00:00,3767.06000000,-0.01086454,0.01770873,-0.06493097,-0.04954658,-0.07787862,-0.04480892,-0.0000654663,0.0006370336,-0.0008260988,-0.0003804239,-0.0007860320,0.0000040262,3766.81339241,3769.46050830,3763.94932142,3765.62719300,3764.10013363,3767.07516697
eth4h:row14629:1717459200,2024-06-04 00:00:00,3773.51000000,-0.01111202,0.01888246,-0.06550878,-0.04984419,-0.07735896,-0.04632975,-0.0000702855,0.0006598895,-0.0008373503,-0.0003862191,-0.0007759127,-0.0000255886,3773.24478644,3776.00092157,3770.35157274,3772.05287974,3770.58322124,3773.41344229
eth4h:row14630:1717473600,2024-06-04 04:00:00,3774.72000000,-0.01051681,0.02191366,-0.06785565,-0.05103717,-0.07497080,-0.04823190,-0.0000586950,0.0007189155,-0.0008830506,-0.0004094500,-0.0007294084,-0.0000626289,3774.49844935,3777.43468042,3771.38820251,3773.17475745,3771.96769155,3774.48360102
eth4h:row14631:1717488000,2024-06-04 08:00:00,3764.65000000,-0.01094012,0.02221305,-0.06702178,-0.05009399,-0.07614627,-0.04806557,-0.0000669381,0.0007247456,-0.0008668128,-0.0003910835,-0.0007522983,-0.0000593900,3764.39800999,3767.37940230,3761.38816707,3763.17799542,3761.81892538,3764.42642408
eth4h:row14632:1717502400,2024-06-04 12:00:00,3810.63000000,-0.01045673,0.01849956,-0.06618833,-0.05055712,-0.07540393,-0.04614082,-0.0000575250,0.0006524334,-0.0008505831,-0.0004001019,-0.0007378427,-0.0000219096,3810.41079969,3813.11699346,3807.39012047,3809.10566466,3807.81939158,3810.54651158
eth4h:row14633:1717516800,2024-06-04 16:00:00,3800.38000000,-0.01185398,0.01918877,-0.06704526,-0.04962585,-0.07490635,-0.04460381,-0.0000847335,0.0006658542,-0.0008672701,-0.0003819676,-0.0007281534,0.0000080204,3800.05799415,3802.91134178,3797.08547284,3798.92865530,3797.61374767,3800.41048054
eth4h:row14634:1717531200,2024-06-04 20:00:00,3810.23000000,-0.01369529,0.01588113,-0.06648504,-0.04768137,-0.07433559,-0.04052183,-0.0001205890,0.0006014451,-0.0008563610,-0.0003441030,-0.0007170391,0.0000875081,3809.77055600,3812.52233338,3806.96846451,3808.91911408,3807.49889542,3810.56344055
eth4h:row14635:1717545600,2024-06-05 00:00:00,3810.45000000,-0.01466446,0.01625235,-0.06655418,-0.04737614,-0.07503261,-0.03970003,-0.0001394615,0.0006086737,-0.0008577073,-0.0003381592,-0.0007306120,0.0001035109,3809.91862602,3812.77002687,3807.18315027,3809.16167921,3807.66705632,3810.84444334
eth4h:row14636:1717560000,2024-06-05 04:00:00,3809.58000000,-0.01293640,0.01718397,-0.06701010,-0.04912518,-0.07452534,-0.04269294,-0.0001058113,0.0006268150,-0.0008665853,-0.0003722179,-0.0007207341,0.0000452303,3809.17692473,3811.96865060,3806.28010394,3808.16226991,3806.83529506,3809.75231248
eth4h:row14637:1717574400,2024-06-05 08:00:00,3804.31000000,-0.01291554,0.01728756,-0.06726121,-0.04943864,-0.07511245,-0.04234784,-0.0001054051,0.0006288323,-0.0008714752,-0.0003783219,-0.0007321667,0.0000519503,3803.90902760,3806.70302530,3800.99608229,3802.87101844,3801.52563033,3804.50764031
eth4h:row14638:1717588800,2024-06-05 12:00:00,3813.58000000,-0.01278513,0.01982898,-0.06789791,-0.05068408,-0.07697532,-0.04415170,-0.0001028655,0.0006783210,-0.0008838735,-0.0004025741,-0.0007684420,0.0000168241,3813.18773432,3816.16770899,3810.21076682,3812.04506032,3810.65061046,3813.64416042
eth4h:row14639:1717603200,2024-06-05 16:00:00,3876.54000000,-0.01175635,0.02015925,-0.06727164,-0.05075024,-0.07779817,-0.04488182,-0.0000828323,0.0006847523,-0.0008716783,-0.0004038625,-0.0007844654,0.0000026067,3876.21891050,3879.19537869,3873.16237635,3874.97472705,3873.50018094,3876.55010498
eth4h:row14640:1717617600,2024-06-05 20:00:00,3865.99000000,-0.01162951,0.02023072,-0.06766253,-0.05029516,-0.07633840,-0.04461045,-0.0000803624,0.0006861439,-0.0008792900,-0.0003950007,-0.0007560394,0.0000078909,3865.67933221,3868.64353585,3862.59216760,3864.46323261,3863.06826386,3866.02050644
eth4h:row14641:1717632000,2024-06-06 00:00:00,3861.69000000,-0.01105325,0.02156253,-0.06634700,-0.04979114,-0.07845588,-0.04493713,-0.0000691410,0.0007120780,-0.0008536728,-0.0003851861,-0.0007972728,0.0000015296,3861.42300799,3864.44080371,3858.39478683,3860.20281709,3858.61240645,3861.69590683
eth4h:row14642:1717646400,2024-06-06 04:00:00,3852.10000000,-0.01022189,0.02094413,-0.06680309,-0.04900322,-0.07670289,-0.04189869,-0.0000529520,0.0007000360,-0.0008625543,-0.0003698432,-0.0007631372,0.0000606966,3851.89602905,3854.79755282,3848.77878714,3850.67559047,3849.16144061,3852.33381637
eth4h:row14643:1717660800,2024-06-06 08:00:00,3849.51000000,-0.00922053,0.02295012,-0.06738811,-0.04829464,-0.07503282,-0.04165397,-0.0000334527,0.0007390984,-0.0008739463,-0.0003560451,-0.0007306160,0.0000654620,3849.38122564,3852.35621846,3846.14720466,3848.13964470,3846.69851341,3849.76200489
eth4h:row14644:1717675200,2024-06-06 12:00:00,3845.01000000,-0.01097839,0.02001531,-0.06596666,-0.04831598,-0.07682230,-0.04292991,-0.0000676832,0.0006819493,-0.0008462666,-0.0003564606,-0.0007654623,0.0000406158,3844.74976610,3847.63299604,3841.75747291,3843.63964950,3842.06791593,3845.16617131
eth4h:row14645:1717689600,2024-06-06 16:00:00,3791.01000000,-0.00938718,0.02619530,-0.06893408,-0.04760275,-0.07282266,-0.04251738,-0.0000366979,0.0008022912,-0.0009040506,-0.0003425720,-0.0006875780,0.0000486491,3790.87088029,3794.05271434,3787.58428373,3789.71152836,3788.40428066,3791.19443369
eth4h:row14646:1717704000,2024-06-06 20:00:00,3813.46000000,-0.00954192,0.02844531,-0.07180040,-0.04969386,-0.07223080,-0.04595257,-0.0000397110,0.0008461054,-0.0009598662,-0.0003832919,-0.0006760529,-0.0000182439,3813.30856653,3816.68795446,3809.80134491,3811.99861178,3810.88277069,3813.39042826
eth4h:row14647:1717718400,2024-06-07 00:00:00,3806.30000000,-0.01128333,0.02444966,-0.07117265,-0.04995970,-0.07433455,-0.04404233,-0.0000736212,0.0007682986,-0.0009476420,-0.0003884685,-0.0007170188,0.0000189539,3806.01978583,3809.22549865,3802.69469885,3804.82165955,3803.57178964,3806.37214487
eth4h:row14648:1717732800,2024-06-07 04:00:00,3816.31000000,-0.01019363,0.02655889,-0.07050907,-0.04929541,-0.07378998,-0.04422748,-0.0000524018,0.0008093713,-0.0009347202,-0.0003755328,-0.0007064146,0.0000153486,3816.11002362,3819.40006208,3812.74448449,3814.87711947,3813.61505492,3816.36857528
eth4h:row14649:1717747200,2024-06-07 08:00:00,3835.00000000,-0.01462333,0.02350313,-0.07164346,-0.04800228,-0.07388519,-0.04082028,-0.0001386606,0.0007498671,-0.0009568101,-0.0003503520,-0.0007082685,0.0000816963,3834.46827336,3837.87681894,3831.33238803,3833.65663530,3832.28475208,3835.31331818
eth4h:row14650:1717761600,2024-06-07 12:00:00,3800.73000000,-0.01641243,0.02475817,-0.07137775,-0.04463409,-0.07285307,-0.03632861,-0.0001734993,0.0007743062,-0.0009516359,-0.0002847636,-0.0006881703,0.0001691619,3800.07063302,3803.67406861,3797.11480950,3799.64784440,3798.11535033,3801.37299319
eth4h:row14651:1717776000,2024-06-07 16:00:00,3687.37000000,-0.01281397,0.02579857,-0.06997936,-0.04692910,-0.07381350,-0.04166683,-0.0001034273,0.0007945658,-0.0009244053,-0.0003294541,-0.0007068725,0.0000652116,3686.98864508,3690.30102225,3683.96295048,3686.15538079,3684.76442066,3687.61046710
eth4h:row14652:1717790400,2024-06-07 20:00:00,3678.32000000,-0.01479094,0.01955182,-0.06992757,-0.04642473,-0.07195216,-0.03707462,-0.0001419244,0.0006729239,-0.0009233967,-0.0003196325,-0.0006706270,0.0001546350,3677.79799355,3680.79606240,3674.92501910,3677.14447714,3675.85404618,3678.88884084
eth4h:row14653:1717804800,2024-06-08 00:00:00,3690.00000000,-0.01177888,0.02139563,-0.06650107,-0.04712592,-0.07807130,-0.03952044,-0.0000832711,0.0007088281,-0.0008566732,-0.0003332867,-0.0007897839,0.0001070080,3689.69274261,3692.61650292,3686.84022960,3688.77037709,3687.08684795,3690.39488049
eth4h:row14654:1717819200,2024-06-08 04:00:00,3708.98000000,-0.01391714,0.02177961,-0.06706708,-0.04612551,-0.07835637,-0.03904464,-0.0001249090,0.0007163052,-0.0008676949,-0.0003138060,-0.0007953351,0.0001162730,3708.51674399,3711.63771324,3705.76313273,3707.81628257,3706.03129078,3709.41127937
eth4h:row14655:1717833600,2024-06-08 08:00:00,3683.13000000,-0.01375775,0.02014447,-0.06975787,-0.04715477,-0.07084109,-0.03823387,-0.0001218054,0.0006844644,-0.0009200923,-0.0003338484,-0.0006489912,0.0001320611,3682.68140237,3685.65183449,3679.74273905,3681.90059802,3680.74045642,3683.61643015
eth4h:row14656:1717848000,2024-06-08 12:00:00,3688.13000000,-0.01251321,0.02238769,-0.06923687,-0.04953037,-0.07544148,-0.04425947,-0.0000975705,0.0007281463,-0.0009099469,-0.0003801082,-0.0007385739,0.0000147256,3687.77016476,3690.81647626,3684.77552415,3686.72837805,3685.40704911,3688.18431019
eth4h:row14657:1717862400,2024-06-08 16:00:00,3682.61000000,-0.00893931,0.02444697,-0.06957953,-0.04931555,-0.07328959,-0.04168459,-0.0000279767,0.0007682464,-0.0009166196,-0.0003759251,-0.0006966705,0.0000648657,3682.50697434,3685.44023879,3679.23599425,3681.22587461,3680.04532786,3682.84888285
eth4h:row14658:1717876800,2024-06-08 20:00:00,3681.57000000,-0.00876980,0.02585603,-0.06932270,-0.04840950,-0.07381244,-0.03984469,-0.0000246757,0.0007956846,-0.0009116182,-0.0003582817,-0.0007068519,0.0001006939,3681.47915579,3684.50053447,3678.21534303,3680.25119696,3678.96859486,3681.94073032
eth4h:row14659:1717891200,2024-06-09 00:00:00,3674.22000000,-0.01100473,0.02416320,-0.06919759,-0.04859851,-0.07413097,-0.04192894,-0.0000681962,0.0007627204,-0.0009091820,-0.0003619622,-0.0007130545,0.0000601075,3673.96944052,3677.02347159,3670.88098355,3672.89031180,3671.60101474,3674.44085494
eth4h:row14660:1717905600,2024-06-09 04:00:00,3685.99000000,-0.00966733,0.02302189,-0.06742942,-0.04618649,-0.07265221,-0.03826666,-0.0000421531,0.0007404959,-0.0008747506,-0.0003149933,-0.0006842588,0.0001314227,3685.83462738,3688.72047120,3682.76708771,3684.82912059,3683.46869155,3686.47445454
eth4h:row14661:1717920000,2024-06-09 08:00:00,3693.50000000,-0.01243346,0.02477677,-0.07074475,-0.04706071,-0.07314572,-0.03883135,-0.0000960175,0.0007746684,-0.0009393095,-0.0003320169,-0.0006938689,0.0001204265,3693.14537621,3696.36234616,3690.03228916,3692.27389913,3690.93808417,3693.94482199
eth4h:row14662:1717934400,2024-06-09 12:00:00,3690.59000000,-0.01301043,0.02377779,-0.07240420,-0.04718147,-0.07029904,-0.03696885,-0.0001072529,0.0007552155,-0.0009716238,-0.0003343684,-0.0006384361,0.0001566946,3690.19419493,3693.37824354,3687.00587647,3689.35618953,3688.23454617,3691.16834073
eth4h:row14663:1717948800,2024-06-09 16:00:00,3701.09000000,-0.01084714,0.02297075,-0.06943821,-0.04511527,-0.07111944,-0.03539472,-0.0000651274,0.0007395000,-0.0009138676,-0.0002941337,-0.0006544116,0.0001873473,3700.84896536,3703.82796835,3697.70923879,3700.00154465,3698.66875623,3701.78345428
eth4h:row14664:1717963200,2024-06-09 20:00:00,3706.40000000,-0.01498716,0.02353294,-0.07253598,-0.04729162,-0.07029325,-0.04002142,-0.0001457454,0.0007504475,-0.0009741900,-0.0003365133,-0.0006383232,0.0000972525,3705.85984873,3709.18250244,3702.79102028,3705.15295678,3704.03487381,3706.76047423
eth4h:row14665:1717977600,2024-06-10 00:00:00,3684.14000000,-0.01538591,0.02660323,-0.07253217,-0.04576139,-0.07136568,-0.03936118,-0.0001535103,0.0008102348,-0.0009741157,-0.0003067154,-0.0006592066,0.0001101093,3683.57449012,3687.12622816,3680.55296859,3683.01019073,3681.71219093,3684.54568030
eth4h:row14666:1717992000,2024-06-10 04:00:00,3647.79000000,-0.01554017,0.02804167,-0.07201027,-0.04395173,-0.07337940,-0.03747809,-0.0001565141,0.0008382453,-0.0009639529,-0.0002714763,-0.0006984193,0.0001467784,3647.21911418,3650.84902482,3644.27539646,3646.79984600,3645.24320252,3648.32545597
eth4h:row14667:1718006400,2024-06-10 08:00:00,3675.95000000,-0.01442270,0.02539296,-0.07359677,-0.04634456,-0.06869745,-0.03925961,-0.0001347538,0.0007866674,-0.0009948465,-0.0003180714,-0.0006072485,0.0001120871,3675.45468512,3678.84288772,3672.29481248,3674.78097125,3673.71846234,3676.36204950
eth4h:row14668:1718020800,2024-06-10 12:00:00,3702.54000000,-0.01486235,0.02700443,-0.07231592,-0.04267387,-0.06670097,-0.03633025,-0.0001433149,0.0008180473,-0.0009699048,-0.0002465926,-0.0005683713,0.0001691300,3702.00940880,3705.57009210,3698.95062953,3701.62709351,3700.43618059,3703.16626357
eth4h:row14669:1718035200,2024-06-10 16:00:00,3668.33000000,-0.01511257,0.02998162,-0.07521825,-0.04187278,-0.06287645,-0.03376209,-0.0001481874,0.0008760217,-0.0010264214,-0.0002309932,-0.0004938971,0.0002191393,3667.78643992,3671.54494466,3664.56667924,3667.48273859,3666.51866996,3669.13396331
eth4h:row14670:1718049600,2024-06-10 20:00:00,3667.85000000,-0.01494198,0.03111375,-0.07542431,-0.04242889,-0.06487365,-0.03404769,-0.0001448656,0.0008980675,-0.0010304339,-0.0002418223,-0.0005327883,0.0002135779,3667.31869328,3671.14545643,3664.07246976,3666.96313945,3665.89633307,3668.63345547
eth4h:row14671:1718064000,2024-06-11 00:00:00,3595.60000000,-0.01520209,0.02992267,-0.07482617,-0.04196493,-0.06435521,-0.03402398,-0.0001499307,0.0008748738,-0.0010187865,-0.0002327876,-0.0005226927,0.0002140396,3595.06094941,3598.74707267,3591.93871655,3594.76308634,3593.72109708,3596.36968311
eth4h:row14672:1718078400,2024-06-11 04:00:00,3534.60000000,-0.01898711,0.03024281,-0.07854753,-0.04117028,-0.06112971,-0.03110832,-0.0002236357,0.0008811078,-0.0010912519,-0.0002173135,-0.0004598831,0.0002708159,3533.80962556,3537.71573595,3530.74496485,3533.83196709,3532.97487104,3535.55735541
eth4h:row14673:1718092800,2024-06-11 08:00:00,3529.56000000,-0.02240329,0.03374220,-0.08158015,-0.03941004,-0.06094870,-0.02682271,-0.0002901585,0.0009492508,-0.0011503057,-0.0001830366,-0.0004563584,0.0003542687,3528.53601687,3532.91202823,3525.50226125,3528.91402059,3527.94962315,3530.81063432
eth4h:row14674:1718107200,2024-06-11 12:00:00,3447.75000000,-0.02149015,0.03849221,-0.08138584,-0.03889988,-0.06149181,-0.02837130,-0.0002723770,0.0010417470,-0.0011465219,-0.0001731024,-0.0004669341,0.0003241133,3446.81104018,3451.34355472,3443.79934425,3447.15323794,3446.14050360,3448.86764287
eth4h:row14675:1718121600,2024-06-11 16:00:00,3497.21000000,-0.02076225,0.03553415,-0.07930385,-0.03867827,-0.06261590,-0.02865010,-0.0002582028,0.0009841452,-0.0011059797,-0.0001687870,-0.0004888235,0.0003186843,3496.30712699,3500.65345658,3493.34429498,3496.61976624,3495.50089944,3498.32468351
eth4h:row14676:1718136000,2024-06-11 20:00:00,3497.33000000,-0.02104931,0.03299017,-0.07787781,-0.03849016,-0.06530578,-0.02648040,-0.0002637926,0.0009346066,-0.0010782106,-0.0001651239,-0.0005412031,0.0003609345,3496.40755175,3500.60015551,3493.56117393,3496.75255484,3495.43774615,3498.59253484
eth4h:row14677:1718150400,2024-06-12 00:00:00,3509.99000000,-0.02192609,0.03496975,-0.07808810,-0.03712485,-0.06758128,-0.02315318,-0.0002808661,0.0009731548,-0.0010823054,-0.0001385376,-0.0005855135,0.0004257249,3509.00430115,3513.40742618,3506.19317378,3509.50376819,3507.93545496,3511.48460834
eth4h:row14678:1718164800,2024-06-12 04:00:00,3526.71000000,-0.02583616,0.03209478,-0.07815950,-0.03491871,-0.06778117,-0.01914017,-0.0003570062,0.0009171710,-0.0010836959,-0.0000955776,-0.0005894058,0.0005038698,3525.45116743,3529.94607978,3522.89018889,3526.37294152,3524.63194905,3528.48745026
eth4h:row14679:1718179200,2024-06-12 08:00:00,3531.72000000,-0.02360408,0.03195668,-0.07745611,-0.03721450,-0.06785293,-0.02339626,-0.0003135414,0.0009144817,-0.0010699988,-0.0001402832,-0.0005908033,0.0004209914,3530.61283332,3534.95117045,3527.94308473,3531.22459369,3529.63406451,3533.20713680
eth4h:row14680:1718193600,2024-06-12 12:00:00,3618.32000000,-0.01958900,0.03250653,-0.07631939,-0.04008351,-0.07062069,-0.02564299,-0.0002353562,0.0009251889,-0.0010478637,-0.0001961510,-0.0006446994,0.0003772413,3617.46850621,3621.66917850,3614.53047974,3617.61033254,3615.98802322,3619.68523739
eth4h:row14681:1718208000,2024-06-12 16:00:00,3529.01000000,-0.01858430,0.03444792,-0.07666188,-0.03989599,-0.07315305,-0.02202883,-0.0002157919,0.0009629931,-0.0010545329,-0.0001924995,-0.0006940117,0.0004476193,3528.24855037,3532.41004919,3525.29050442,3528.33073265,3526.56167562,3530.59000641
eth4h:row14682:1718222400,2024-06-12 20:00:00,3560.12000000,-0.01619022,0.03300691,-0.07325201,-0.04074178,-0.07779160,-0.02500766,-0.0001691724,0.0009349327,-0.0009881332,-0.0002089695,-0.0007843374,0.0003896129,3559.51777702,3563.45002910,3556.60386480,3559.37612140,3557.32875936,3561.50733907
eth4h:row14683:1718236800,2024-06-13 00:00:00,3503.00000000,-0.01718896,0.03021480,-0.07374632,-0.04058645,-0.07480365,-0.02473142,-0.0001886206,0.0008805622,-0.0009977586,-0.0002059447,-0.0007261536,0.0003949921,3502.33932442,3506.08596805,3499.50659460,3502.27864985,3500.45720744,3504.38393054
eth4h:row14684:1718251200,2024-06-13 04:00:00,3507.53000000,-0.01714890,0.03246189,-0.07552069,-0.04151342,-0.07367818,-0.02657729,-0.0001878406,0.0009243195,-0.0010323107,-0.0002239955,-0.0007042375,0.0003590478,3506.87120531,3510.77357732,3503.91100766,3506.74441703,3505.06073556,3508.78959709
eth4h:row14685:1718265600,2024-06-13 08:00:00,3497.17000000,-0.01548867,0.03487582,-0.07693022,-0.04256002,-0.07595234,-0.02665174,-0.0001555113,0.0009713256,-0.0010597582,-0.0002443757,-0.0007485217,0.0003575981,3496.62619298,3500.56854095,3493.46580844,3496.31548090,3494.55327173,3498.42080510
eth4h:row14686:1718280000,2024-06-13 12:00:00,3441.73000000,-0.01193659,0.03741039,-0.07798671,-0.04348854,-0.07170352,-0.02650132,-0.0000863422,0.0010206808,-0.0010803311,-0.0002624567,-0.0006657853,0.0003605271,3441.43284632,3445.24470119,3438.01379965,3440.82681348,3439.43930947,3442.97106061
eth4h:row14687:1718294400,2024-06-13 16:00:00,3481.43000000,-0.01190548,0.03658003,-0.07728570,-0.04384927,-0.07136051,-0.02930590,-0.0000857363,0.0010045115,-0.0010666805,-0.0002694811,-0.0006591059,0.0003059140,3481.13152780,3484.92889353,3477.71840649,3480.49194692,3479.13612497,3482.49518111
eth4h:row14688:1718308800,2024-06-13 20:00:00,3469.40000000,-0.01380842,0.03498311,-0.07534992,-0.04204742,-0.07271326,-0.02863642,-0.0001227919,0.0009734148,-0.0010289853,-0.0002343940,-0.0006854476,0.0003189507,3468.97401185,3472.77880949,3465.83187435,3468.58688888,3467.02272281,3470.50674394
eth4h:row14689:1718323200,2024-06-14 00:00:00,3490.91000000,-0.01342719,0.03992964,-0.07583456,-0.04201458,-0.07479498,-0.02995906,-0.0001153683,0.0010697378,-0.0010384228,-0.0002337544,-0.0007259847,0.0002931951,3490.50728299,3494.64635638,3487.28684111,3490.09407967,3488.37657256,3491.93366768
eth4h:row14690:1718337600,2024-06-14 04:00:00,3516.61000000,-0.01859515,0.03466374,-0.07834028,-0.04272531,-0.07438305,-0.02788506,-0.0002160031,0.0009671959,-0.0010872162,-0.0002475943,-0.0007179633,0.0003335818,3515.85048321,3520.01289617,3512.78876214,3515.73941524,3514.08610931,3517.78327280
eth4h:row14691:1718352000,2024-06-14 08:00:00,3515.80000000,-0.01776676,0.03397775,-0.07902806,-0.04322044,-0.07003811,-0.02779367,-0.0001998721,0.0009538377,-0.0011006092,-0.0002572360,-0.0006333549,0.0003353614,3515.09735978,3519.15510258,3511.93260671,3514.89572604,3513.57395568,3516.97926136
eth4h:row14692:1718366400,2024-06-14 12:00:00,3462.41000000,-0.01736395,0.03443564,-0.07684862,-0.04181526,-0.07170619,-0.02884701,-0.0001920283,0.0009627540,-0.0010581693,-0.0002298731,-0.0006658372,0.0003148500,3461.74518309,3465.74505430,3458.74812193,3461.61417638,3460.10536590,3463.50031148
eth4h:row14693:1718380800,2024-06-14 16:00:00,3406.21000000,-0.01939230,0.03587831,-0.07676994,-0.03918843,-0.07177906,-0.02500307,-0.0002315260,0.0009908469,-0.0010566372,-0.0001787212,-0.0006672561,0.0003897023,3405.42146522,3409.58670530,3402.61277268,3405.60129250,3403.93794357,3407.53766660
eth4h:row14694:1718395200,2024-06-14 20:00:00,3481.80000000,-0.01578550,0.03371633,-0.07174265,-0.04148040,-0.07868877,-0.03090478,-0.0001612914,0.0009487470,-0.0009587415,-0.0002233525,-0.0008018079,0.0002747793,3481.23846088,3485.10491493,3478.46345359,3481.02241812,3479.00938426,3482.75685794
eth4h:row14695:1718409600,2024-06-15 00:00:00,3504.40000000,-0.01751368,0.03329266,-0.07263427,-0.04031114,-0.07657410,-0.02979283,-0.0001949439,0.0009404970,-0.0009761040,-0.0002005836,-0.0007606293,0.0002964322,3503.71690512,3507.69742798,3500.98101014,3503.69714533,3501.73546426,3505.43897094
eth4h:row14696:1718424000,2024-06-15 04:00:00,3529.61000000,-0.01846962,0.03074361,-0.07066273,-0.03941331,-0.07837558,-0.02811379,-0.0002135588,0.0008908597,-0.0009377124,-0.0001831004,-0.0007957091,0.0003291277,3528.85630131,3532.75578843,3526.30179212,3528.96378616,3526.80257421,3530.77188372
eth4h:row14697:1718438400,2024-06-15 08:00:00,3539.40000000,-0.01943998,0.02911390,-0.06957322,-0.03998403,-0.08273880,-0.02857193,-0.0002324545,0.0008591246,-0.0009164965,-0.0001942138,-0.0008806735,0.0003202065,3538.57734614,3542.44209234,3536.15763825,3538.71266631,3536.28431642,3540.53352041
eth4h:row14698:1718452800,2024-06-15 12:00:00,3565.80000000,-0.01508944,0.02614326,-0.06891989,-0.04356394,-0.07969841,-0.03091739,-0.0001477371,0.0008012779,-0.0009037744,-0.0002639249,-0.0008214685,0.0002745338,3565.27323803,3568.65834184,3562.57877710,3564.85902065,3562.87201044,3566.77906699
eth4h:row14699:1718467200,2024-06-15 16:00:00,3558.48000000,-0.01670687,0.02772577,-0.06987380,-0.04135804,-0.07945837,-0.02815276,-0.0001792331,0.0008320938,-0.0009223498,-0.0002209696,-0.0008167942,0.0003283689,3557.84225987,3561.44222126,3555.19934991,3557.69377084,3555.57464096,3559.64868617
eth4h:row14700:1718481600,2024-06-15 20:00:00,3568.74000000,-0.01590591,0.02682228,-0.06946074,-0.04304419,-0.07977870,-0.02947476,-0.0001636360,0.0008145003,-0.0009143063,-0.0002538039,-0.0008230319,0.0003026258,3568.15607358,3571.64792389,3565.47856962,3567.83435488,3565.80402144,3569.82015631
eth4h:row14701:1718496000,2024-06-16 00:00:00,3555.01000000,-0.01007609,0.02862478,-0.06721096,-0.04442040,-0.08210826,-0.03281408,-0.0000501130,0.0008496002,-0.0008704968,-0.0002806026,-0.0008683950,0.0002375998,3554.83185231,3558.03162051,3551.91672178,3554.01259480,3551.92418703,3555.85476992
eth4h:row14702:1718510400,2024-06-16 04:00:00,3561.93000000,-0.01038854,0.02856124,-0.06782161,-0.04714284,-0.08209750,-0.03833563,-0.0000561972,0.0008483629,-0.0008823879,-0.0003336163,-0.0008681855,0.0001300795,3561.72983504,3564.95309141,3558.78838247,3560.74188027,3558.83892593,3562.39336420
eth4h:row14703:1718524800,2024-06-16 08:00:00,3555.28000000,-0.01110046,0.02886737,-0.06956338,-0.04701982,-0.08120161,-0.03570282,-0.0000700603,0.0008543241,-0.0009163050,-0.0003312207,-0.0008507401,0.0001813478,3555.03092479,3558.31865922,3552.02377120,3554.10261274,3552.25666712,3555.92480073
eth4h:row14704:1718539200,2024-06-16 12:00:00,3591.88000000,-0.00952272,0.02921201,-0.06704360,-0.04585425,-0.08485168,-0.03577602,-0.0000393373,0.0008610351,-0.0008672376,-0.0003085237,-0.0009218173,0.0001799225,3591.73870789,3594.97406665,3588.76633690,3590.77199067,3588.57046863,3592.52631822
eth4h:row14705:1718553600,2024-06-16 16:00:00,3599.03000000,-0.01084070,0.02878417,-0.06895345,-0.04640971,-0.08118019,-0.03654718,-0.0000650021,0.0008527038,-0.0009044279,-0.0003193400,-0.0008503228,0.0001649057,3598.79606317,3602.10021539,3595.77640855,3597.88086909,3595.97096353,3599.62354965
eth4h:row14706:1718568000,2024-06-16 20:00:00,3624.41000000,-0.01188378,0.02596159,-0.06682246,-0.04529534,-0.08061115,-0.03857202,-0.0000853138,0.0007977402,-0.0008629315,-0.0002976401,-0.0008392421,0.0001254763,3624.10080087,3627.30249113,3621.28373143,3623.33139068,3621.36951839,3624.86480600
eth4h:row14707:1718582400,2024-06-17 00:00:00,3582.05000000,-0.00970500,0.02901042,-0.06838673,-0.04618846,-0.07933462,-0.03747984,-0.0000428866,0.0008571097,-0.0008933922,-0.0003150316,-0.0008143843,0.0001467441,3581.89638120,3585.12152599,3578.85125359,3580.92171868,3579.13402212,3582.57568339
eth4h:row14708:1718596800,2024-06-17 04:00:00,3552.68000000,-0.00906437,0.02888609,-0.06763207,-0.04674522,-0.08174941,-0.03839823,-0.0000304117,0.0008546886,-0.0008786969,-0.0003258735,-0.0008614072,0.0001288605,3552.57195845,3555.71773291,3549.55964213,3551.52246447,3549.62101355,3553.13782963
eth4h:row14709:1718611200,2024-06-17 08:00:00,3527.63000000,-0.01040750,0.02758128,-0.06661468,-0.04589335,-0.08080406,-0.03955665,-0.0000565663,0.0008292803,-0.0008588854,-0.0003092851,-0.0008429987,0.0001063028,3527.43046060,3530.55660736,3524.60147079,3526.53912515,3524.65746573,3528.00501705
eth4h:row14710:1718625600,2024-06-17 12:00:00,3497.26000000,-0.01116853,0.02546866,-0.06702923,-0.04610698,-0.07780546,-0.04063254,-0.0000713858,0.0007881414,-0.0008669579,-0.0003134450,-0.0007846073,0.0000853521,3497.01035430,3500.01742203,3494.22933676,3496.16397315,3494.51710046,3497.55851138
eth4h:row14711:1718640000,2024-06-17 16:00:00,3554.01000000,-0.01193457,0.02536441,-0.06778484,-0.04651795,-0.08032957,-0.03906020,-0.0000863027,0.0007861114,-0.0008816717,-0.0003214478,-0.0008337588,0.0001159701,3553.70329248,3556.80494631,3550.87791081,3552.86775482,3551.04804767,3554.42218273
eth4h:row14712:1718654400,2024-06-17 20:00:00,3511.46000000,-0.01163619,0.02616120,-0.06811380,-0.04791192,-0.07956074,-0.04201421,-0.0000804924,0.0008016273,-0.0008880775,-0.0003485925,-0.0008187876,0.0000584472,3511.17736552,3514.27601070,3508.34293577,3510.23614487,3508.58603673,3511.66524098
eth4h:row14713:1718668800,2024-06-18 00:00:00,3441.53000000,-0.01177042,0.02466435,-0.06860810,-0.04718683,-0.07645291,-0.04062968,-0.0000831062,0.0007724793,-0.0008977029,-0.0003344729,-0.0007582693,0.0000854079,3441.24399928,3444.18953791,3438.44191475,3440.37909403,3438.92138246,3441.82394625
eth4h:row14714:1718683200,2024-06-18 04:00:00,3443.97000000,-0.01311903,0.02042545,-0.06725018,-0.04650388,-0.07605575,-0.03940004,-0.0001093676,0.0006899359,-0.0008712605,-0.0003211739,-0.0007505355,0.0001093525,3443.59336188,3446.34693825,3440.97071174,3442.86406431,3441.38614803,3444.34662737
eth4h:row14715:1718697600,2024-06-18 08:00:00,3414.11000000,-0.01124637,0.02511830,-0.06634223,-0.04671292,-0.07990611,-0.04076030,-0.0000729016,0.0007813190,-0.0008535800,-0.0003252444,-0.0008255129,0.0000828642,3413.86111495,3416.77855143,3411.19702742,3412.99976047,3411.29277130,3414.39291937
eth4h:row14716:1718712000,2024-06-18 12:00:00,3424.01000000,-0.01158815,0.02483893,-0.06596249,-0.04515670,-0.07721081,-0.04111725,-0.0000795569,0.0007758789,-0.0008461854,-0.0002949404,-0.0007730279,0.0000759136,3423.73760720,3426.66764815,3421.11387840,3423.00027002,3421.36416766,3424.26993866
eth4h:row14717:1718726400,2024-06-18 16:00:00,3423.27000000,-0.01209359,0.02315033,-0.06729656,-0.04600189,-0.07554920,-0.03925131,-0.0000893994,0.0007429971,-0.0008721635,-0.0003113987,-0.0007406715,0.0001122487,3422.96397540,3425.81442488,3420.28565045,3422.20416403,3420.73542015,3423.65427910
eth4h:row14718:1718740800,2024-06-18 20:00:00,3483.42000000,-0.00916069,0.02276773,-0.06553327,-0.04807196,-0.07812905,-0.04243509,-0.0000322874,0.0007355468,-0.0008378274,-0.0003517089,-0.0007909086,0.0000502514,3483.30753128,3485.98316087,3480.50271770,3482.19506576,3480.66602242,3483.59505113
eth4h:row14719:1718755200,2024-06-19 00:00:00,3565.93000000,-0.01047628,0.02038367,-0.06544565,-0.04736052,-0.07766885,-0.03952689,-0.0000579057,0.0006891222,-0.0008361212,-0.0003378551,-0.0007819470,0.0001068823,3565.72351819,3568.38820851,3562.94969657,3564.72543593,3563.14272148,3566.31115522
eth4h:row14720:1718769600,2024-06-19 04:00:00,3544.30000000,-0.01453524,0.01952899,-0.06704079,-0.04676287,-0.07705919,-0.03744508,-0.0001369452,0.0006724793,-0.0008671831,-0.0003262170,-0.0007700754,0.0001474211,3543.81465852,3546.68427016,3541.22777535,3543.14397757,3541.57167240,3544.82254310
eth4h:row14721:1718784000,2024-06-19 08:00:00,3536.94000000,-0.01233213,0.01748545,-0.06502961,-0.04884378,-0.08167976,-0.04037872,-0.0000940444,0.0006326857,-0.0008280197,-0.0003667384,-0.0008600510,0.0000902949,3536.60738621,3539.17847949,3534.01255624,3535.64310613,3533.89935909,3537.25938194
eth4h:row14722:1718798400,2024-06-19 12:00:00,3529.29000000,-0.01158242,0.01840676,-0.06608521,-0.04900919,-0.07860284,-0.04001803,-0.0000794455,0.0006506262,-0.0008485752,-0.0003699593,-0.0008001345,0.0000973184,3529.00962500,3531.58699579,3526.29640245,3527.98454799,3526.46722284,3529.63348149
eth4h:row14723:1718812800,2024-06-19 16:00:00,3546.29000000,-0.01158958,0.01906265,-0.06553762,-0.04926501,-0.08127889,-0.04205139,-0.0000795848,0.0006633983,-0.0008379121,-0.0003749409,-0.0008522449,0.0000577232,3546.00778059,3548.64338313,3543.31976533,3544.96060021,3543.26898007,3546.49470920
eth4h:row14724:1718827200,2024-06-19 20:00:00,3560.51000000,-0.00989013,0.01940770,-0.06444298,-0.04853604,-0.08156365,-0.04091283,-0.0000464917,0.0006701174,-0.0008165963,-0.0003607458,-0.0008577900,0.0000798941,3560.34446973,3562.89675926,3557.60368734,3559.22579246,3557.45713977,3560.79447505
eth4h:row14725:1718841600,2024-06-20 00:00:00,3553.65000000,-0.00720220,0.02127732,-0.06428384,-0.05009810,-0.08077146,-0.04342088,0.0000058500,0.0007065242,-0.0008134974,-0.0003911636,-0.0008423638,0.0000310553,3553.67078878,3556.16162678,3550.76029067,3552.26021342,3550.65779441,3553.76036153
eth4h:row14726:1718856000,2024-06-20 04:00:00,3607.87000000,-0.00926452,0.02157403,-0.06463628,-0.05009864,-0.08099350,-0.04646553,-0.0000343093,0.0007123020,-0.0008203604,-0.0003911740,-0.0008466876,-0.0000282326,3607.74621871,3610.44080849,3604.91146000,3606.45897100,3604.81655417,3607.76814175
eth4h:row14727:1718870400,2024-06-20 08:00:00,3598.94000000,-0.00711696,0.02178694,-0.06492596,-0.04985712,-0.07831806,-0.04451841,0.0000075097,0.0007164479,-0.0008260013,-0.0003864710,-0.0007945891,0.0000096833,3598.96702714,3601.51937694,3595.96849839,3597.54938289,3596.08145742,3598.97484983
eth4h:row14728:1718884800,2024-06-20 12:00:00,3506.61000000,-0.00770526,0.02446319,-0.06705265,-0.04996524,-0.07859126,-0.04392962,-0.0000039461,0.0007685621,-0.0008674140,-0.0003885764,-0.0007999090,0.0000211487,3506.59616257,3509.30608337,3503.56963608,3505.24767870,3503.80615261,3506.68416109
eth4h:row14729:1718899200,2024-06-20 16:00:00,3536.61000000,-0.00978499,0.01999331,-0.06674927,-0.05020485,-0.07855865,-0.04318499,-0.0000444443,0.0006815210,-0.0008615062,-0.0003932423,-0.0007992741,0.0000356487,3536.45282147,3539.02109543,3533.56450054,3535.21952865,3533.78440848,3536.73607780
eth4h:row14730:1718913600,2024-06-20 20:00:00,3513.08000000,-0.01023929,0.02043344,-0.06564950,-0.04782299,-0.07758245,-0.04165819,-0.0000532909,0.0006900914,-0.0008400907,-0.0003468607,-0.0007802646,0.0000653799,3512.89278978,3515.50518294,3510.12993363,3511.86166181,3510.33993700,3513.30969228
eth4h:row14731:1718928000,2024-06-21 00:00:00,3501.20000000,-0.01161521,0.02190275,-0.06698751,-0.04871283,-0.07875089,-0.04306255,-0.0000800838,0.0007187031,-0.0008661454,-0.0003641884,-0.0008030176,0.0000380330,3500.91962166,3503.71722776,3498.16876458,3499.92513574,3498.38960338,3501.33316371
eth4h:row14732:1718942400,2024-06-21 04:00:00,3475.00000000,-0.01173513,0.02444954,-0.06723773,-0.04741625,-0.07983249,-0.04039412,-0.0000824191,0.0007682963,-0.0008710179,-0.0003389403,-0.0008240794,0.0000899948,3474.71360536,3477.67085545,3471.97453053,3473.82238202,3472.13750363,3475.31274611
eth4h:row14733:1718956800,2024-06-21 08:00:00,3503.22000000,-0.01001518,0.02322037,-0.06451779,-0.04828088,-0.08124788,-0.04545256,-0.0000489268,0.0007443609,-0.0008180530,-0.0003557770,-0.0008516410,-0.0000085073,3503.04860293,3505.82863078,3500.35535228,3501.97385655,3500.23778420,3503.19019714
eth4h:row14734:1718971200,2024-06-21 12:00:00,3492.78000000,-0.01212006,0.02007354,-0.06682443,-0.05016325,-0.07775494,-0.04550029,-0.0000899147,0.0006830832,-0.0008629698,-0.0003924322,-0.0007836236,-0.0000094367,3492.46596172,3495.16667456,3489.76713645,3491.40958963,3490.04404717,3492.74703976
eth4h:row14735:1718985600,2024-06-21 16:00:00,3535.45000000,-0.01304011,0.02060975,-0.06459718,-0.04777799,-0.08183715,-0.04224422,-0.0001078309,0.0006935246,-0.0008195990,-0.0003459844,-0.0008631157,0.0000539682,3535.06878992,3537.90277215,3532.55353583,3534.22700095,3532.39981407,3535.64080689
eth4h:row14736:1719000000,2024-06-21 20:00:00,3518.50000000,-0.01278608,0.02031667,-0.06470107,-0.04936526,-0.08302207,-0.04416170,-0.0001028841,0.0006878176,-0.0008216221,-0.0003768931,-0.0008861896,0.0000166294,3518.13802098,3520.92091880,3515.61031008,3517.17415146,3515.38332316,3518.55851087
eth4h:row14737:1719014400,2024-06-22 00:00:00,3506.77000000,-0.01144188,0.01779784,-0.06379860,-0.04863350,-0.07951531,-0.04268863,-0.0000767086,0.0006387688,-0.0008040483,-0.0003626435,-0.0008179029,0.0000453142,3506.50101085,3509.01073085,3503.95152070,3505.49852306,3503.90297525,3506.92891006
eth4h:row14738:1719028800,2024-06-22 04:00:00,3494.00000000,-0.01086824,0.01827426,-0.06283968,-0.04755608,-0.08013408,-0.04274663,-0.0000655383,0.0006480461,-0.0007853754,-0.0003416632,-0.0008299521,0.0000441849,3493.77101665,3496.26500673,3491.25697551,3492.80643254,3491.10135029,3494.15438531
eth4h:row14739:1719043200,2024-06-22 08:00:00,3493.20000000,-0.00996380,0.01847393,-0.06309717,-0.04873387,-0.08006862,-0.04358112,-0.0000479263,0.0006519343,-0.0007903895,-0.0003645981,-0.0008286774,0.0000279349,3493.03258794,3495.47807940,3490.44010209,3491.92661801,3490.30646309,3493.29758347
eth4h:row14740:1719057600,2024-06-22 12:00:00,3505.43000000,-0.00759499,0.02128471,-0.06271207,-0.04868583,-0.08081044,-0.04441635,-0.0000017989,0.0007066681,-0.0007828904,-0.0003636626,-0.0008431229,0.0000116707,3505.42369421,3507.90805102,3502.68670635,3504.15543793,3502.47573743,3505.47091097
eth4h:row14741:1719072000,2024-06-22 16:00:00,3491.44000000,-0.01040106,0.01916088,-0.06415831,-0.05079583,-0.07947870,-0.04865360,-0.0000564410,0.0006653110,-0.0008110530,-0.0004047504,-0.0008171900,-0.0000708406,3491.24294532,3493.76366648,3488.60940522,3490.02712424,3488.58799574,3491.19267303
eth4h:row14742:1719086400,2024-06-22 20:00:00,3495.75000000,-0.00890296,0.02096648,-0.06667423,-0.05232404,-0.07670836,-0.04852754,-0.0000272686,0.0007004713,-0.0008600449,-0.0004345089,-0.0007632437,-0.0000683858,3495.65467694,3498.19953025,3492.74479042,3494.23139562,3493.08290883,3495.51094856
eth4h:row14743:1719100800,2024-06-23 00:00:00,3519.00000000,-0.00875061,0.02063138,-0.06619262,-0.05144266,-0.07879737,-0.04665151,-0.0000243020,0.0006939460,-0.0008506667,-0.0004173460,-0.0008039226,-0.0000318542,3518.91448242,3521.44284338,3516.00777674,3517.53166585,3516.17213315,3518.88790677
eth4h:row14744:1719115200,2024-06-23 04:00:00,3512.50000000,-0.01020234,0.02075333,-0.06723111,-0.05061219,-0.07723835,-0.04491520,-0.0000525713,0.0006963207,-0.0008708891,-0.0004011744,-0.0007735641,0.0000019567,3512.31534821,3514.94667822,3509.44233372,3511.09115767,3509.78390680,3512.50687299
eth4h:row14745:1719129600,2024-06-23 08:00:00,3498.29000000,-0.00979130,0.01848591,-0.06451803,-0.04795955,-0.07632582,-0.04355964,-0.0000445673,0.0006521676,-0.0008180576,-0.0003495198,-0.0007557945,0.0000283533,3498.13409415,3500.57221549,3495.42936740,3497.06749193,3495.64701057,3498.38918947
eth4h:row14746:1719144000,2024-06-23 12:00:00,3474.54000000,-0.01141625,0.01902200,-0.06630182,-0.04814271,-0.07550016,-0.04180230,-0.0000762095,0.0006626067,-0.0008527931,-0.0003530866,-0.0007397166,0.0000625737,3474.27521704,3476.84301631,3471.57819950,3473.31340314,3471.97077551,3474.75742153
eth4h:row14747:1719158400,2024-06-23 16:00:00,3479.93000000,-0.01137667,0.02181644,-0.06726479,-0.04876195,-0.07646586,-0.04387739,-0.0000754388,0.0007170224,-0.0008715449,-0.0003651448,-0.0007585215,0.0000221658,3479.66748802,3482.42608269,3476.89840615,3478.65955365,3477.29139914,3480.00713614
eth4h:row14748:1719172800,2024-06-23 20:00:00,3420.91000000,-0.01153629,0.02473701,-0.06801652,-0.04705689,-0.07502133,-0.04342284,-0.0000785471,0.0007738942,-0.0008861833,-0.0003319426,-0.0007303923,0.0000310170,3420.64130793,3423.55844708,3417.87978969,3419.77464263,3418.41230585,3421.01610815
eth4h:row14749:1719187200,2024-06-24 00:00:00,3402.81000000,-0.01250165,0.02477057,-0.07189970,-0.04878644,-0.06922781,-0.04443976,-0.0000973454,0.0007745477,-0.0009617999,-0.0003656218,-0.0006175762,0.0000112148,3402.47876837,3405.44665949,3399.53875122,3401.56608580,3400.70915432,3402.84816212
eth4h:row14750:1719201600,2024-06-24 04:00:00,3369.19000000,-0.01195340,0.02859176,-0.07224559,-0.04778204,-0.07075273,-0.04452701,-0.0000866695,0.0008489572,-0.0009685352,-0.0003460633,-0.0006472705,0.0000095159,3368.89800664,3372.05151245,3365.92840051,3368.02424855,3367.00992822,3369.22206098
eth4h:row14751:1719216000,2024-06-24 08:00:00,3321.19000000,-0.01286595,0.03215683,-0.07247835,-0.04469637,-0.06908317,-0.04257455,-0.0001044394,0.0009183792,-0.0009730677,-0.0002859765,-0.0006147595,0.0000475357,3320.84315508,3324.24151288,3317.95982926,3320.24035338,3319.14889423,3321.34787891
eth4h:row14752:1719230400,2024-06-24 12:00:00,3280.30000000,-0.01626306,0.03024960,-0.07441729,-0.04301910,-0.06661189,-0.03772896,-0.0001705907,0.0008812401,-0.0010108243,-0.0002533152,-0.0005666366,0.0001418931,3279.74045904,3283.19200593,3276.98586830,3279.46915527,3278.44178835,3280.76548498
eth4h:row14753:1719244800,2024-06-24 16:00:00,3293.07000000,-0.01925223,0.02842612,-0.07486468,-0.04110358,-0.06521340,-0.03365926,-0.0002287984,0.0008457317,-0.0010195363,-0.0002160147,-0.0005394041,0.0002211417,3292.31663707,3295.85623157,3289.71430648,3292.35872520,3291.29418356,3293.79831575
eth4h:row14754:1719259200,2024-06-24 20:00:00,3352.73000000,-0.02004640,0.02868331,-0.07455116,-0.03886370,-0.06458870,-0.03022849,-0.0002442632,0.0008507400,-0.0010134312,-0.0001723978,-0.0005272394,0.0002879485,3351.91115152,3355.58351498,3349.33396001,3352.15204639,3350.96277463,3353.69555274
eth4h:row14755:1719273600,2024-06-25 00:00:00,3371.61000000,-0.02549474,0.02653975,-0.07553696,-0.03658460,-0.06426781,-0.02504067,-0.0003503579,0.0008089987,-0.0010326275,-0.0001280172,-0.0005209909,0.0003889702,3370.42893685,3374.33873178,3368.13017969,3371.17840341,3369.85387936,3372.92171098
eth4h:row14756:1719288000,2024-06-25 04:00:00,3361.00000000,-0.02446787,0.02605046,-0.07503872,-0.03839151,-0.06741638,-0.02571611,-0.0003303618,0.0007994708,-0.0010229255,-0.0001632030,-0.0005823025,0.0003758175,3359.88983736,3363.68809561,3357.56370533,3360.45151945,3359.04345095,3362.26335996
eth4h:row14757:1719302400,2024-06-25 08:00:00,3376.01000000,-0.02441042,0.02634890,-0.07403510,-0.03880117,-0.07096450,-0.02604290,-0.0003292429,0.0008052822,-0.0010033821,-0.0001711803,-0.0006513944,0.0003694538,3374.89865558,3378.72973584,3372.62427093,3375.43214305,3373.81160208,3377.25751021
eth4h:row14758:1719316800,2024-06-25 12:00:00,3419.60000000,-0.02553873,0.02571476,-0.07475089,-0.03947936,-0.07192342,-0.02601388,-0.0003512144,0.0007929339,-0.0010173206,-0.0001843864,-0.0006700673,0.0003700191,3418.39919800,3422.31259193,3416.12293946,3418.96953031,3417.30940542,3420.86555131
eth4h:row14759:1719331200,2024-06-25 16:00:00,3415.66000000,-0.02438479,0.02752043,-0.07337629,-0.03977386,-0.07690187,-0.02749598,-0.0003287438,0.0008280952,-0.0009905532,-0.0001901213,-0.0007670118,0.0003411584,3414.53730740,3418.48966326,3412.27828229,3415.01067199,3413.04115292,3416.82547983
eth4h:row14760:1719345600,2024-06-25 20:00:00,3394.91000000,-0.02228754,0.02878452,-0.07322191,-0.03944991,-0.07614616,-0.02587482,-0.0002879044,0.0008527108,-0.0009875470,-0.0001838131,-0.0007522959,0.0003727269,3393.93273104,3397.80611092,3391.55902158,3394.28602858,3392.35698342,3396.17561016
eth4h:row14761:1719360000,2024-06-26 00:00:00,3395.15000000,-0.01944463,0.02881146,-0.07169723,-0.04053823,-0.07834788,-0.02775266,-0.0002325450,0.0008532354,-0.0009578571,-0.0002050058,-0.0007951697,0.0003361599,3394.36056650,3398.04809836,3391.89948863,3394.45404604,3392.45135266,3396.29150530
eth4h:row14762:1719374400,2024-06-26 04:00:00,3401.80000000,-0.01662819,0.02967436,-0.07067709,-0.04005937,-0.07797492,-0.02711308,-0.0001777010,0.0008700384,-0.0009379922,-0.0001956809,-0.0007879071,0.0003486145,3401.19555051,3404.76098466,3398.61063430,3401.13439777,3399.12075330,3402.98612367
eth4h:row14763:1719388800,2024-06-26 08:00:00,3381.44000000,-0.01502006,0.03039123,-0.07139807,-0.03910242,-0.07608417,-0.02428127,-0.0001463861,0.0008839978,-0.0009520316,-0.0001770463,-0.0007510888,0.0004037578,3380.94504056,3384.43050725,3378.22229404,3380.84138143,3378.90119170,3382.80555829
eth4h:row14764:1719403200,2024-06-26 12:00:00,3361.69000000,-0.01622574,0.03294302,-0.07330745,-0.03898142,-0.07574102,-0.02439859,-0.0001698641,0.0009336885,-0.0009892126,-0.0001746902,-0.0007444069,0.0004014733,3361.11901797,3364.83023699,3358.36621812,3361.10279708,3359.18846611,3363.03989962
eth4h:row14765:1719417600,2024-06-26 16:00:00,3408.08000000,-0.01586883,0.03272200,-0.07481825,-0.04137800,-0.07446203,-0.02704221,-0.0001629140,0.0009293847,-0.0010186321,-0.0002213585,-0.0007195012,0.0003499946,3407.52482120,3411.24888976,3404.61018768,3407.32567615,3405.62876441,3409.27301827
eth4h:row14766:1719432000,2024-06-26 20:00:00,3371.44000000,-0.01596742,0.03469420,-0.07817071,-0.04378186,-0.07221839,-0.02881822,-0.0001648338,0.0009677890,-0.0010839141,-0.0002681684,-0.0006758112,0.0003154106,3370.88431862,3374.70442197,3367.78762834,3370.53600771,3369.16231295,3372.50355570
eth4h:row14767:1719446400,2024-06-27 00:00:00,3383.80000000,-0.01744680,0.03687216,-0.07985108,-0.04435752,-0.07251436,-0.02911269,-0.0001936416,0.0010102000,-0.0011166358,-0.0002793781,-0.0006815745,0.0003096763,3383.14481884,3387.22004178,3380.02363664,3382.85477237,3381.49447407,3384.84804501
eth4h:row14768:1719460800,2024-06-27 04:00:00,3374.98000000,-0.01869528,0.03489280,-0.07885235,-0.04325769,-0.07427122,-0.02713966,-0.0002179531,0.0009716564,-0.0010971876,-0.0002579614,-0.0007157856,0.0003480969,3374.24449289,3378.26091452,3371.27904459,3374.10949770,3372.56510242,3376.15502450
eth4h:row14769:1719475200,2024-06-27 08:00:00,3403.46000000,-0.01872330,0.03372706,-0.07764243,-0.04337154,-0.07328588,-0.02937704,-0.0002184986,0.0009489560,-0.0010736271,-0.0002601783,-0.0006965982,0.0003045287,3402.71643003,3406.69126655,3399.80791397,3402.57460879,3401.08998143,3404.49660923
eth4h:row14770:1719489600,2024-06-27 12:00:00,3452.75000000,-0.02095597,0.03037960,-0.07590907,-0.04189168,-0.07470943,-0.02776184,-0.0002619750,0.0008837715,-0.0010398736,-0.0002313611,-0.0007243188,0.0003359812,3451.84558419,3455.80279086,3449.16144257,3451.95126026,3450.25001369,3453.91025401
eth4h:row14771:1719504000,2024-06-27 16:00:00,3449.79000000,-0.02117210,0.03170527,-0.07462477,-0.03986774,-0.07531756,-0.02608333,-0.0002661836,0.0009095860,-0.0010148646,-0.0001919494,-0.0007361609,0.0003686666,3448.87184459,3452.92930810,3446.29070618,3449.12787856,3447.25133416,3451.06205679
eth4h:row14772:1719518400,2024-06-27 20:00:00,3450.44000000,-0.01847105,0.03078491,-0.07243329,-0.04172222,-0.07816401,-0.02938395,-0.0002135866,0.0008916641,-0.0009721902,-0.0002280613,-0.0007915893,0.0003043941,3449.70311086,3453.51800546,3447.08714615,3449.65317775,3447.70974930,3451.49045347
eth4h:row14773:1719532800,2024-06-28 00:00:00,3460.50000000,-0.01901834,0.02854306,-0.07049321,-0.04062472,-0.07815996,-0.02953419,-0.0002242439,0.0008480089,-0.0009344115,-0.0002066899,-0.0007915104,0.0003014686,3459.72409093,3463.43577937,3457.26797930,3459.78482354,3457.76206197,3461.54338947
eth4h:row14774:1719547200,2024-06-28 04:00:00,3431.82000000,-0.01756709,0.02945692,-0.07038217,-0.04244415,-0.07818371,-0.03350910,-0.0001959839,0.0008658043,-0.0009322492,-0.0002421194,-0.0007919729,0.0002240658,3431.14748450,3434.79257119,3428.62217951,3430.98919040,3429.10316745,3432.58903951
eth4h:row14775:1719561600,2024-06-28 08:00:00,3452.78000000,-0.01838725,0.02961148,-0.07030468,-0.04107086,-0.08070394,-0.03088124,-0.0002119547,0.0008688139,-0.0009307403,-0.0002153775,-0.0008410490,0.0002752377,3452.04824452,3455.78112688,3449.56785363,3452.03642888,3449.87726359,3453.73046617
eth4h:row14776:1719576000,2024-06-28 12:00:00,3413.61000000,-0.01589601,0.03216279,-0.07162064,-0.04300408,-0.07758269,-0.03381398,-0.0001634433,0.0009184953,-0.0009563656,-0.0002530227,-0.0007802693,0.0002181289,3413.05211395,3416.74682505,3410.34690145,3412.74638829,3410.94750381,3414.35468829
eth4h:row14777:1719590400,2024-06-28 16:00:00,3379.74000000,-0.01440387,0.03045882,-0.07291441,-0.04601602,-0.07496704,-0.03774041,-0.0001343870,0.0008853140,-0.0009815591,-0.0003116738,-0.0007293352,0.0001416703,3379.28583728,3382.73345615,3376.42421292,3378.68678770,3377.27593517,3380.21884255
eth4h:row14778:1719604800,2024-06-28 20:00:00,3380.15000000,-0.01304631,0.02854712,-0.07240128,-0.04534815,-0.07394908,-0.03456375,-0.0001079516,0.0008480878,-0.0009715669,-0.0002986685,-0.0007095127,0.0002035288,3379.78512718,3383.01787997,3376.86755292,3379.14060648,3377.75259120,3380.83802800
eth4h:row14779:1719619200,2024-06-29 00:00:00,3386.07000000,-0.01286309,0.03270353,-0.07313352,-0.04489563,-0.07541855,-0.03546604,-0.0001043837,0.0009290249,-0.0009858258,-0.0002898567,-0.0007381273,0.0001859586,3385.71656803,3389.21720503,3382.73356980,3385.08866728,3383.57157138,3386.69972734
eth4h:row14780:1719633600,2024-06-29 04:00:00,3399.72000000,-0.01573305,0.03117968,-0.07442414,-0.04347203,-0.07393037,-0.03359018,-0.0001602700,0.0008993512,-0.0010109578,-0.0002621352,-0.0007091483,0.0002224870,3399.17517049,3402.77891758,3396.28476333,3398.82893058,3397.30994911,3400.47647750
eth4h:row14781:1719648000,2024-06-29 08:00:00,3400.45000000,-0.01661186,0.02766181,-0.07476871,-0.04390214,-0.07052471,-0.03285476,-0.0001773830,0.0008308484,-0.0010176676,-0.0002705106,-0.0006428304,0.0002368076,3399.84687162,3403.27643231,3396.99123235,3399.53026668,3398.26478986,3401.25534780
eth4h:row14782:1719662400,2024-06-29 12:00:00,3394.62000000,-0.01594226,0.03122796,-0.07581799,-0.04535131,-0.07165301,-0.03540507,-0.0001643440,0.0009002913,-0.0010381001,-0.0002987300,-0.0006648016,0.0001871460,3394.06216051,3397.67752314,3391.09787314,3393.60607663,3392.36400114,3395.25534884
eth4h:row14783:1719676800,2024-06-29 16:00:00,3387.02000000,-0.01666527,0.03110630,-0.07572430,-0.04252909,-0.06996496,-0.03018453,-0.0001784229,0.0008979224,-0.0010362755,-0.0002437734,-0.0006319305,0.0002888045,3386.41573192,3390.06264701,3383.51193207,3386.19443541,3384.88031484,3387.99832803
eth4h:row14784:1719691200,2024-06-29 20:00:00,3378.80000000,-0.01700692,0.03096343,-0.07534497,-0.04331068,-0.07134636,-0.03167000,-0.0001850759,0.0008951403,-0.0010288890,-0.0002589932,-0.0006588302,0.0002598783,3378.17472345,3381.82585408,3375.32537764,3377.92502695,3376.57467751,3379.67819085
eth4h:row14785:1719705600,2024-06-30 00:00:00,3371.28000000,-0.01705365,0.03065104,-0.07604586,-0.04472945,-0.06920935,-0.03488716,-0.0001859859,0.0008890572,-0.0010425373,-0.0002866207,-0.0006172167,0.0001972310,3370.65304791,3374.27859354,3367.76714617,3370.31385980,3369.19983177,3371.94498660
eth4h:row14786:1719720000,2024-06-30 04:00:00,3394.03000000,-0.01741951,0.03129972,-0.07481080,-0.04182718,-0.06995620,-0.03160801,-0.0001931101,0.0009016888,-0.0010184871,-0.0002301053,-0.0006317599,0.0002610854,3393.37464195,3397.09173886,3390.57498410,3393.24910561,3391.88646513,3394.91624731
eth4h:row14787:1719734400,2024-06-30 08:00:00,3389.19000000,-0.01909332,0.03311694,-0.07589411,-0.04346744,-0.07345568,-0.03425617,-0.0002257040,0.0009370753,-0.0010395823,-0.0002620458,-0.0006999047,0.0002095182,3388.42513245,3392.36741480,3385.66848893,3388.30199332,3386.81872001,3389.90017135
eth4h:row14788:1719748800,2024-06-30 12:00:00,3399.80000000,-0.01706688,0.03105927,-0.07568114,-0.04431127,-0.07118653,-0.03321498,-0.0001862435,0.0008970066,-0.0010354352,-0.0002784774,-0.0006557179,0.0002297931,3399.16686823,3402.85101138,3396.28154931,3398.85336423,3397.57142102,3400.58134033
eth4h:row14789:1719763200,2024-06-30 16:00:00,3428.41000000,-0.01788669,0.02878440,-0.07407539,-0.04242144,-0.07137461,-0.03088678,-0.0002022074,0.0008527085,-0.0010041667,-0.0002416772,-0.0006593804,0.0002751298,3427.71682021,3431.33468095,3424.96903280,3427.58153165,3426.15011878,3429.35338753
eth4h:row14790:1719777600,2024-06-30 20:00:00,3438.16000000,-0.01950138,0.02778167,-0.07383060,-0.04220609,-0.07303363,-0.03134592,-0.0002336500,0.0008331825,-0.0009993998,-0.0002374837,-0.0006916862,0.0002661891,3437.35676776,3441.02580835,3434.72561997,3437.34359008,3435.78269428,3439.07532269
eth4h:row14791:1719792000,2024-07-01 00:00:00,3498.23000000,-0.01761525,0.02667643,-0.07109743,-0.04053335,-0.07573874,-0.02753374,-0.0001969217,0.0008116601,-0.0009461772,-0.0002049106,-0.0007443625,0.0003404231,3497.54119041,3501.07052645,3494.92161988,3497.51324909,3495.62701781,3499.42108101
eth4h:row14792:1719806400,2024-07-01 04:00:00,3490.58000000,-0.01779764,0.02620620,-0.07279968,-0.04193495,-0.07476307,-0.02751454,-0.0002004734,0.0008025036,-0.0009793248,-0.0002322038,-0.0007253634,0.0003407968,3489.88030184,3493.38232729,3487.16326162,3489.76956823,3488.04897900,3491.76978133
eth4h:row14793:1719820800,2024-07-01 08:00:00,3459.60000000,-0.01677363,0.02691616,-0.07360034,-0.04395006,-0.07460891,-0.03040889,-0.0001805330,0.0008163284,-0.0009949161,-0.0002714438,-0.0007223613,0.0002844358,3458.97548434,3462.42532262,3456.15969980,3458.66104059,3457.10182108,3460.58417397
eth4h:row14794:1719835200,2024-07-01 12:00:00,3474.35000000,-0.01541071,0.02694638,-0.07176291,-0.04254858,-0.07601871,-0.02824515,-0.0001539931,0.0008169168,-0.0009591361,-0.0002441529,-0.0007498141,0.0003265699,3473.81501527,3477.18941457,3471.01922302,3473.50183094,3471.74585969,3475.48480341
eth4h:row14795:1719849600,2024-07-01 16:00:00,3471.47000000,-0.01524692,0.02800936,-0.07345443,-0.04606191,-0.07796223,-0.03177078,-0.0001508036,0.0008376162,-0.0009920748,-0.0003125675,-0.0007876602,0.0002579159,3470.94652939,3474.37897777,3468.02774980,3470.38510078,3468.73673797,3472.36546271
eth4h:row14796:1719864000,2024-07-01 20:00:00,3442.20000000,-0.01445692,0.03009916,-0.07407271,-0.04649232,-0.07726061,-0.03409753,-0.0001354200,0.0008783105,-0.0010041145,-0.0003209487,-0.0007739976,0.0002126073,3441.73388873,3445.22464866,3438.74537190,3441.09540753,3439.53677625,3442.93191471
eth4h:row14797:1719878400,2024-07-02 00:00:00,3457.03000000,-0.01435857,0.02986301,-0.07320368,-0.04529784,-0.07673427,-0.03229227,-0.0001335049,0.0008737120,-0.0009871919,-0.0002976889,-0.0007637483,0.0002477609,3456.56850028,3460.05176836,3453.61893205,3456.00103379,3454.39070726,3457.88662288
eth4h:row14798:1719892800,2024-07-02 04:00:00,3439.00000000,-0.01338689,0.03217459,-0.07491701,-0.04756771,-0.07611956,-0.03546781,-0.0001145837,0.0009187251,-0.0010205554,-0.0003418896,-0.0007517780,0.0001859241,3438.60596939,3442.16094741,3435.49210035,3437.82444272,3436.41560705,3439.63945227
eth4h:row14799:1719907200,2024-07-02 08:00:00,3453.26000000,-0.01097553,0.03191609,-0.07158583,-0.04632090,-0.07829788,-0.03573492,-0.0000676275,0.0009136913,-0.0009556878,-0.0003176106,-0.0007941962,0.0001807228,3453.02647249,3456.41665538,3449.96133818,3452.16338203,3450.51852284,3453.88413920
eth4h:row14800:1719921600,2024-07-02 12:00:00,3415.65000000,-0.01352375,0.03134752,-0.07195704,-0.04381393,-0.07657868,-0.03155793,-0.0001172486,0.0009026196,-0.0009629164,-0.0002687928,-0.0007607184,0.0002620606,3415.24954345,3418.73442452,3412.36259752,3414.73202128,3413.05264040,3416.54522471
eth4h:row14801:1719936000,2024-07-02 16:00:00,3415.37000000,-0.01393478,0.03063161,-0.07159608,-0.04449413,-0.07857539,-0.03357678,-0.0001252525,0.0008886788,-0.0009558874,-0.0002820384,-0.0007996000,0.0002227478,3414.94224300,3418.40651605,3412.10685071,3414.40687041,3412.64016173,3416.13085094
eth4h:row14802:1719950400,2024-07-02 20:00:00,3421.35000000,-0.01418119,0.02847649,-0.07116180,-0.04354457,-0.07655479,-0.03141722,-0.0001300508,0.0008467124,-0.0009474307,-0.0002635477,-0.0007602532,0.0002648007,3420.90507975,3424.24812631,3418.11004289,3420.44842983,3418.74989615,3422.25609581
eth4h:row14803:1719964800,2024-07-03 00:00:00,3360.33000000,-0.01514499,0.03089518,-0.07388281,-0.04454527,-0.07357608,-0.03381550,-0.0001488188,0.0008938113,-0.0010004166,-0.0002830342,-0.0007022492,0.0002180993,3359.82995684,3363.33484366,3356.96995121,3359.37904616,3357.97103923,3361.06296563
eth4h:row14804:1719979200,2024-07-03 04:00:00,3352.20000000,-0.01462882,0.03079028,-0.07369857,-0.04527472,-0.07530440,-0.03453967,-0.0001387674,0.0008917685,-0.0009968289,-0.0002972385,-0.0007359046,0.0002039977,3351.73485617,3355.19071980,3348.86009500,3351.20374506,3349.73400792,3352.88391100
eth4h:row14805:1719993600,2024-07-03 08:00:00,3307.50000000,-0.01363962,0.02913863,-0.07223468,-0.04524473,-0.07594983,-0.03417912,-0.0001195049,0.0008596063,-0.0009683228,-0.0002966547,-0.0007484730,0.0002110186,3307.10476116,3310.34437025,3304.29882237,3306.51896005,3305.02535184,3308.19801782
eth4h:row14806:1720008000,2024-07-03 12:00:00,3304.26000000,-0.01497130,0.03221787,-0.07349645,-0.04609392,-0.07633491,-0.03857281,-0.0001454366,0.0009195677,-0.0009928931,-0.0003131908,-0.0007559715,0.0001254609,3303.77947451,3307.29988840,3300.98085126,3303.22529819,3301.76301756,3304.67458142
eth4h:row14807:1720022400,2024-07-03 16:00:00,3266.29000000,-0.01826696,0.03033001,-0.07306372,-0.04265032,-0.07523997,-0.03412982,-0.0002096125,0.0008828058,-0.0009844666,-0.0002461342,-0.0007346500,0.0002119785,3265.60541658,3269.17477301,3263.07602882,3265.48615339,3263.89130139,3266.98245672
eth4h:row14808:1720036800,2024-07-03 20:00:00,3295.48000000,-0.01502805,0.03081054,-0.07229858,-0.04416971,-0.07597192,-0.03535050,-0.0001465416,0.0008921632,-0.0009695671,-0.0002757208,-0.0007489030,0.0001882085,3294.99711051,3298.42141778,3292.28635958,3294.57149274,3293.01292903,3296.10029588
eth4h:row14809:1720051200,2024-07-04 00:00:00,3243.20000000,-0.01494889,0.03018434,-0.07291650,-0.04533921,-0.07391067,-0.03721729,-0.0001450002,0.0008799691,-0.0009815998,-0.0002984944,-0.0007087647,0.0001518569,3242.72976939,3246.05517198,3240.01803763,3242.23206749,3240.90214887,3243.69253967
eth4h:row14810:1720065600,2024-07-04 04:00:00,3182.21000000,-0.01525037,0.02989257,-0.07196366,-0.04040067,-0.07078204,-0.03055498,-0.0001508709,0.0008742877,-0.0009630453,-0.0002023269,-0.0006478413,0.0002815910,3181.72993335,3184.99338349,3179.14686295,3181.56621836,3180.14910060,3183.10620777
eth4h:row14811:1720080000,2024-07-04 08:00:00,3159.45000000,-0.01500468,0.02851642,-0.07086980,-0.04158221,-0.07347897,-0.03240305,-0.0001460866,0.0008474901,-0.0009417446,-0.0002253349,-0.0007003582,0.0002456038,3158.98848039,3162.12873744,3156.47600558,3158.73814579,3157.23802794,3160.22606811
eth4h:row14812:1720094400,2024-07-04 12:00:00,3138.79000000,-0.01538341,0.03136773,-0.07402574,-0.04211084,-0.07060513,-0.03224340,-0.0001534615,0.0009030131,-0.0010031999,-0.0002356289,-0.0006443964,0.0002487126,3138.30835350,3141.62564856,3135.64274525,3138.05049743,3136.76802651,3139.57075378
eth4h:row14813:1720108800,2024-07-04 16:00:00,3133.82000000,-0.01631312,0.03141887,-0.07384407,-0.04104350,-0.07032262,-0.03223657,-0.0001715657,0.0009040089,-0.0009996621,-0.0002148448,-0.0006388951,0.0002488455,3133.28239019,3136.65428222,3130.68880416,3133.14678748,3131.81845713,3134.59993410
eth4h:row14814:1720123200,2024-07-04 20:00:00,3059.70000000,-0.01873522,0.03192867,-0.07879221,-0.04317562,-0.06706092,-0.03206086,-0.0002187307,0.0009139362,-0.0010960165,-0.0002563632,-0.0005753806,0.0002522672,3059.03082279,3062.49764873,3056.34835553,3058.91570618,3057.94001448,3060.47195925
eth4h:row14815:1720137600,2024-07-05 00:00:00,2920.99000000,-0.01479070,0.03629506,-0.07879364,-0.04362897,-0.06720647,-0.03245853,-0.0001419198,0.0009989623,-0.0010960443,-0.0002651912,-0.0005782149,0.0002445235,2920.57548312,2923.90941693,2917.79021941,2920.21548178,2919.30152820,2921.70433794
eth4h:row14816:1720152000,2024-07-05 04:00:00,2882.21000000,-0.01876919,0.03290070,-0.07814961,-0.04118393,-0.06807688,-0.02951423,-0.0002193923,0.0009328644,-0.0010835032,-0.0002175793,-0.0005951642,0.0003018572,2881.57773466,2884.89996560,2879.08880732,2881.58295894,2880.49512213,2883.08014707
eth4h:row14817:1720166400,2024-07-05 08:00:00,2947.42000000,-0.01853173,0.03436507,-0.07982343,-0.04157410,-0.06567566,-0.03100499,-0.0002147682,0.0009613798,-0.0011160972,-0.0002251771,-0.0005484057,0.0002728279,2946.78705591,2950.25495251,2944.13222778,2946.75638332,2945.80406127,2948.22424811
eth4h:row14818:1720180800,2024-07-05 12:00:00,2990.99000000,-0.01800339,0.04189111,-0.08288877,-0.03844790,-0.06006435,-0.02783490,-0.0002044800,0.0011079332,-0.0011757883,-0.0001643010,-0.0004391375,0.0003345585,2990.37846490,2994.30565341,2987.47529577,2990.49861772,2989.67683246,2991.99082857
eth4h:row14819:1720195200,2024-07-05 16:00:00,2987.99000000,-0.02084391,0.04242099,-0.08517873,-0.03832481,-0.05928265,-0.02621051,-0.0002597930,0.0011182515,-0.0012203801,-0.0001619042,-0.0004239156,0.0003661900,2987.21384204,2991.33319329,2984.34574061,2987.50627099,2986.72361290,2989.08437244
eth4h:row14820:1720209600,2024-07-05 20:00:00,2981.78000000,-0.01795821,0.04035593,-0.08224737,-0.04057459,-0.06186824,-0.03066916,-0.0002036002,0.0010780389,-0.0011632983,-0.0002057138,-0.0004742644,0.0002793674,2981.17297077,2984.99620810,2978.31331728,2981.16666989,2980.36618329,2982.61312853
eth4h:row14821:1720224000,2024-07-06 00:00:00,2980.01000000,-0.01970058,0.03859294,-0.08220922,-0.03974221,-0.06261583,-0.02673527,-0.0002375290,0.0010437085,-0.0011625554,-0.0001895050,-0.0004888220,0.0003559715,2979.30224537,2983.12188558,2976.54758619,2979.44532675,2978.55366147,2981.07098732
eth4h:row14822:1720238400,2024-07-06 04:00:00,3004.69000000,-0.02753084,0.03870661,-0.08677631,-0.03530596,-0.06067302,-0.01644182,-0.0003900064,0.0010459219,-0.0012514896,-0.0001031185,-0.0004509900,0.0005564142,3003.51838015,3007.83431529,3000.93201379,3004.38017680,3003.33522039,3006.36231749
eth4h:row14823:1720252800,2024-07-06 08:00:00,3005.65000000,-0.02755945,0.04027528,-0.08504694,-0.03391502,-0.06362678,-0.01764264,-0.0003905635,0.0010764685,-0.0012178139,-0.0000760331,-0.0005085082,0.0005330308,3004.47633195,3008.88722964,3001.99190568,3005.42147986,3004.12199095,3007.25253096
eth4h:row14824:1720267200,2024-07-06 12:00:00,3020.00000000,-0.02610033,0.03969909,-0.08642053,-0.03474019,-0.05807081,-0.01797232,-0.0003621503,0.0010652483,-0.0012445615,-0.0000921014,-0.0004003177,0.0005266111,3018.90650416,3023.21876393,3016.24376208,3019.72186652,3018.79128255,3021.59078430
eth4h:row14825:1720281600,2024-07-06 16:00:00,3058.21000000,-0.02469461,0.04020549,-0.08572906,-0.03605638,-0.06026392,-0.02051419,-0.0003347770,0.0010751094,-0.0012310966,-0.0001177314,-0.0004430237,0.0004771137,3057.18635298,3061.49967826,3054.44736468,3057.84997394,3056.85544048,3059.66946190
eth4h:row14826:1720296000,2024-07-06 20:00:00,3066.83000000,-0.02486019,0.04260153,-0.08483260,-0.03625665,-0.06648043,-0.02018270,-0.0003380013,0.0011217672,-0.0012136401,-0.0001216312,-0.0005640768,0.0004835687,3065.79358249,3070.27219962,3063.11022988,3066.45700039,3065.10056023,3068.31338173
eth4h:row14827:1720310400,2024-07-07 00:00:00,3050.76000000,-0.02505438,0.04266954,-0.08405583,-0.03380368,-0.06671837,-0.01660305,-0.0003417828,0.0011230915,-0.0011985142,-0.0000738649,-0.0005687102,0.0005532746,3049.71748083,3054.18820744,3047.10581104,3050.53466410,3049.02549499,3052.44837509
eth4h:row14828:1720324800,2024-07-07 04:00:00,3004.42000000,-0.03077846,0.04237438,-0.08707689,-0.03323768,-0.06301548,-0.01889893,-0.0004532468,0.0011173439,-0.0012573429,-0.0000628432,-0.0004966043,0.0005085673,3003.05856492,3007.77884645,3000.64478786,3004.23119854,3002.92836245,3005.94833831
eth4h:row14829:1720339200,2024-07-07 08:00:00,3015.51000000,-0.02994173,0.04261882,-0.08694976,-0.03177450,-0.06019523,-0.01763874,-0.0004369533,0.0011221038,-0.0012548671,-0.0000343510,-0.0004416861,0.0005331068,3014.19265093,3018.89561437,3011.72830885,3015.40641588,3014.17838539,3017.11801742
eth4h:row14830:1720353600,2024-07-07 12:00:00,2970.99000000,-0.02535873,0.04612107,-0.08707946,-0.03168766,-0.06101555,-0.01372146,-0.0003477092,0.0011903025,-0.0012573928,-0.0000326599,-0.0004576601,0.0006093873,2969.95713901,2974.52848246,2967.25664632,2970.89296923,2969.63060755,2972.80103529
eth4h:row14831:1720368000,2024-07-07 16:00:00,2985.19000000,-0.02528982,0.04887546,-0.08915531,-0.03281448,-0.05980565,-0.01430755,-0.0003463675,0.0012439383,-0.0012978155,-0.0000546024,-0.0004340999,0.0005979744,2984.15620634,2988.90570287,2981.31828716,2985.02700580,2983.89441054,2986.97560103
eth4h:row14832:1720382400,2024-07-07 20:00:00,2931.00000000,-0.02772038,0.04668439,-0.08785140,-0.02911780,-0.05642790,-0.01186010,-0.0003936973,0.0012012721,-0.0012724246,0.0000173824,-0.0003683255,0.0006456333,2929.84630022,2934.52304402,2927.27289517,2931.05094832,2929.92063673,2932.89296229
eth4h:row14833:1720396800,2024-07-08 00:00:00,2879.71000000,-0.02939348,0.05052877,-0.08941137,-0.02879218,-0.05662732,-0.01350635,-0.0004262774,0.0012761331,-0.0013028017,0.0000237232,-0.0003722088,0.0006135762,2878.48270633,2883.38723894,2875.96075166,2879.77831666,2878.63834598,2881.47746356
eth4h:row14834:1720411200,2024-07-08 04:00:00,2927.00000000,-0.03151839,0.05130035,-0.09158354,-0.03124998,-0.06055022,-0.01490627,-0.0004676553,0.0012911579,-0.0013451001,-0.0000241371,-0.0004485987,0.0005863157,2925.63149284,2930.78166015,2923.06553879,2926.92935148,2925.68724601,2928.71664939
eth4h:row14835:1720425600,2024-07-08 08:00:00,3053.97000000,-0.03210549,0.04935033,-0.09078293,-0.03066419,-0.06047894,-0.01274074,-0.0004790880,0.0012531854,-0.0013295099,-0.0000127300,-0.0004472108,0.0006284847,3052.50723018,3057.79958975,3049.91241444,3053.93112307,3052.60453683,3055.88997666
eth4h:row14836:1720440000,2024-07-08 12:00:00,2969.21000000,-0.03225641,0.05083591,-0.09352731,-0.03062777,-0.05632647,-0.01035887,-0.0004820268,0.0012821140,-0.0013829507,-0.0000120209,-0.0003663503,0.0006748666,2967.77910617,2973.01930715,2965.10656691,2969.17430771,2968.12242815,2971.21449691
eth4h:row14837:1720454400,2024-07-08 16:00:00,3004.59000000,-0.03379266,0.04685868,-0.09022092,-0.02759961,-0.05833944,-0.00598426,-0.0005119419,0.0012046659,-0.0013185660,0.0000469459,-0.0004055485,0.0007600526,3003.05221806,3008.21170802,3000.63086066,3004.73105646,3003.37173996,3006.87451459
eth4h:row14838:1720468800,2024-07-08 20:00:00,3019.01000000,-0.03243046,0.04247887,-0.08359139,-0.02774374,-0.06661080,-0.00805527,-0.0004854159,0.0011193785,-0.0011894703,0.0000441394,-0.0005666155,0.0007197242,3017.54488006,3022.39130713,3015.42111227,3019.14326018,3017.29986681,3021.18363673
eth4h:row14839:1720483200,2024-07-09 00:00:00,3064.45000000,-0.03141050,0.03975297,-0.08169698,-0.02822964,-0.06899618,-0.00825345,-0.0004655545,0.0010662975,-0.0011525806,0.0000346776,-0.0006130655,0.0007158650,3063.02366349,3067.71935824,3060.92000900,3064.55626958,3062.57186708,3066.64451786
eth4h:row14840:1720497600,2024-07-09 04:00:00,3061.93000000,-0.03489785,0.03575558,-0.08355289,-0.02723835,-0.06919695,-0.00215339,-0.0005334631,0.0009884571,-0.0011887205,0.0000539807,-0.0006169753,0.0008346504,3060.29700893,3064.95808274,3058.29238365,3062.09528965,3060.04144759,3064.48670808
eth4h:row14841:1720512000,2024-07-09 08:00:00,3083.47000000,-0.03153567,0.03658182,-0.08225041,-0.03122870,-0.07354882,-0.00676334,-0.0004679919,0.0010045463,-0.0011633575,-0.0000237228,-0.0007017185,0.0007448818,3082.02729852,3086.56904476,3079.88490795,3083.39685243,3081.30703100,3085.76767626
eth4h:row14842:1720526400,2024-07-09 12:00:00,3067.83000000,-0.02341096,0.04087073,-0.08182531,-0.03598456,-0.07117535,-0.01674719,-0.0003097808,0.0010880636,-0.0011550796,-0.0001163328,-0.0006555003,0.0005504678,3066.87979243,3071.16981084,3064.28845808,3067.47313162,3065.81969554,3069.51920658
eth4h:row14843:1720540800,2024-07-09 16:00:00,3068.99000000,-0.02198069,0.03687090,-0.07987594,-0.03783665,-0.07491615,-0.01712064,-0.0002819293,0.0010101756,-0.0011171198,-0.0001523983,-0.0007283443,0.0005431956,3068.12488376,3072.09178517,3065.56348483,3068.52232674,3066.75553239,3070.65751481
eth4h:row14844:1720555200,2024-07-09 20:00:00,3066.65000000,-0.01729684,0.04005183,-0.07809579,-0.04179845,-0.08234145,-0.02212594,-0.0001907214,0.0010721171,-0.0010824552,-0.0002295458,-0.0008729359,0.0004457282,3066.06518000,3069.93957114,3063.33228484,3065.94614404,3063.97417930,3068.01719714
eth4h:row14845:1720569600,2024-07-10 00:00:00,3080.00000000,-0.01484208,0.03713984,-0.07607459,-0.04193018,-0.08355279,-0.02167898,-0.0001429203,0.0010154125,-0.0010430968,-0.0002321109,-0.0008965242,0.0004544318,3079.55983696,3083.12905897,3076.78893692,3079.28518132,3077.23994288,3081.39996806
eth4h:row14846:1720584000,2024-07-10 04:00:00,3097.08000000,-0.01827507,0.03475410,-0.07836228,-0.03971396,-0.07576019,-0.01969975,-0.0002097703,0.0009689555,-0.0010876445,-0.0001889548,-0.0007447800,0.0004929731,3096.43039262,3100.08238701,3093.71330911,3096.49484706,3094.77421548,3098.60715345
eth4h:row14847:1720598400,2024-07-10 08:00:00,3102.22000000,-0.01553910,0.03432698,-0.07700484,-0.04245697,-0.07702838,-0.02422806,-0.0001564932,0.0009606381,-0.0010612114,-0.0002423689,-0.0007694753,0.0004047939,3101.73456169,3105.20154263,3098.92963500,3101.46820934,3099.83383639,3103.47601408
eth4h:row14848:1720612800,2024-07-10 12:00:00,3122.76000000,-0.01051502,0.03595144,-0.07773554,-0.04438273,-0.07495080,-0.02231831,-0.0000586602,0.0009922711,-0.0010754401,-0.0002798691,-0.0007290190,0.0004419822,3122.57682374,3125.86016222,3119.40346399,3121.88615831,3120.48427837,3124.14050926
eth4h:row14849:1720627200,2024-07-10 16:00:00,3107.03000000,-0.01010292,0.03669936,-0.07824623,-0.04677866,-0.07657878,-0.02608850,-0.0000506353,0.0010068352,-0.0010853847,-0.0003265246,-0.0007607204,0.0003685659,3106.87267863,3110.15984243,3103.65950665,3106.01564388,3104.66731772,3108.17535637
eth4h:row14850:1720641600,2024-07-10 20:00:00,3101.05000000,-0.01355617,0.03410936,-0.07665526,-0.04567788,-0.07811747,-0.02756752,-0.0001178800,0.0009564005,-0.0010544040,-0.0003050893,-0.0007906831,0.0003397653,3100.68446989,3104.01726449,3097.78196354,3100.10404708,3098.59902119,3102.10380815
eth4h:row14851:1720656000,2024-07-11 00:00:00,3077.20000000,-0.01370328,0.03416658,-0.07714557,-0.04569547,-0.07516640,-0.02961357,-0.0001207445,0.0009575147,-0.0010639517,-0.0003054317,-0.0007332174,0.0002999229,3076.82846746,3080.14787547,3073.92774879,3076.26026905,3074.94457037,3078.12306119
eth4h:row14852:1720670400,2024-07-11 04:00:00,3118.22000000,-0.01627927,0.03458042,-0.08046334,-0.04910390,-0.07555614,-0.03432574,-0.0001709064,0.0009655733,-0.0011285582,-0.0003718036,-0.0007408067,0.0002081634,3117.68712176,3121.23232402,3114.70289225,3117.06085019,3115.91085702,3118.86916683
eth4h:row14853:1720684800,2024-07-11 08:00:00,3147.04000000,-0.01583223,0.03336210,-0.07843559,-0.04861687,-0.07597478,-0.03513553,-0.0001622014,0.0009418492,-0.0010890722,-0.0003623197,-0.0007489587,0.0001923945,3146.52958720,3150.00543326,3143.61451202,3145.89997190,3144.68387938,3147.64553147
eth4h:row14854:1720699200,2024-07-11 12:00:00,3117.95000000,-0.01239626,0.03260655,-0.07558136,-0.04725043,-0.07474653,-0.03326788,-0.0000952933,0.0009271365,-0.0010334922,-0.0003357113,-0.0007250413,0.0002287630,3117.65289444,3120.84210569,3114.72928749,3116.90344458,3115.69017669,3118.66335318
eth4h:row14855:1720713600,2024-07-11 16:00:00,3107.11000000,-0.01554077,0.03032411,-0.07392483,-0.04527144,-0.07480083,-0.03353341,-0.0001565257,0.0008826909,-0.0010012348,-0.0002971747,-0.0007260987,0.0002235925,3106.62369554,3109.85382859,3104.00061009,3106.18678271,3104.85475030,3107.80480415
eth4h:row14856:1720728000,2024-07-11 20:00:00,3099.57000000,-0.01420252,0.02537311,-0.06777012,-0.04233579,-0.07737917,-0.03352120,-0.0001304663,0.0007862809,-0.0008813850,-0.0002400093,-0.0007763062,0.0002238301,3099.16563700,3102.00809104,3096.83928895,3098.82616366,3097.16471840,3100.26385484
eth4h:row14857:1720742400,2024-07-12 00:00:00,3085.74000000,-0.01455216,0.02695698,-0.06936239,-0.04336379,-0.07620695,-0.03609112,-0.0001372748,0.0008171234,-0.0009123912,-0.0002600274,-0.0007534798,0.0001737866,3085.31643478,3088.26246085,3082.92588189,3084.93772736,3083.41583287,3086.27630693
eth4h:row14858:1720756800,2024-07-12 04:00:00,3072.30000000,-0.01513450,0.02793760,-0.07489698,-0.04581312,-0.07227083,-0.03490081,-0.0001486145,0.0008362188,-0.0010201654,-0.0003077229,-0.0006768323,0.0001969652,3071.84344545,3074.87018945,3069.16734404,3071.35472844,3070.22127180,3072.90519589
eth4h:row14859:1720771200,2024-07-12 08:00:00,3070.00000000,-0.01381557,0.03059299,-0.07329046,-0.04474555,-0.07232542,-0.03676557,-0.0001229312,0.0008879267,-0.0009888818,-0.0002869341,-0.0006778954,0.0001606530,3069.62262440,3072.72714558,3066.96563340,3069.11923871,3067.91956625,3070.49324446
eth4h:row14860:1720785600,2024-07-12 12:00:00,3131.34000000,-0.01333194,0.02604688,-0.07161342,-0.04555736,-0.07324179,-0.03749264,-0.0001135135,0.0007994011,-0.0009562252,-0.0003027424,-0.0006957396,0.0001464949,3130.98457077,3133.84419750,3128.34716507,3130.39215398,3129.16216045,3131.79875887
eth4h:row14861:1720800000,2024-07-12 16:00:00,3116.10000000,-0.01597803,0.02560014,-0.07300603,-0.04504935,-0.07214232,-0.03512144,-0.0001650404,0.0007907019,-0.0009833431,-0.0002928500,-0.0006743299,0.0001926690,3115.58576013,3118.56488051,3113.03731070,3115.18758362,3113.99942907,3116.70043374
eth4h:row14862:1720814400,2024-07-12 20:00:00,3133.88000000,-0.01724606,0.02677656,-0.07416236,-0.04458819,-0.07161666,-0.03379599,-0.0001897325,0.0008136101,-0.0010058601,-0.0002838699,-0.0006640939,0.0002184792,3133.28545751,3136.43079384,3130.72933993,3132.99051200,3131.79950034,3134.56476226
eth4h:row14863:1720828800,2024-07-13 00:00:00,3120.94000000,-0.01952427,0.02573843,-0.07516115,-0.04259340,-0.06926745,-0.02978937,-0.0002340957,0.0007933946,-0.0010253095,-0.0002450257,-0.0006183480,0.0002964995,3120.20948689,3123.41711962,3117.74171049,3120.17538312,3119.01076938,3121.86549437
eth4h:row14864:1720843200,2024-07-13 04:00:00,3140.21000000,-0.01694195,0.02567358,-0.07429086,-0.04452286,-0.06754689,-0.03383046,-0.0001838108,0.0007921318,-0.0010083625,-0.0002825978,-0.0005848438,0.0002178080,3139.63284867,3142.69844576,3137.04512586,3139.32270888,3138.37400457,3140.89403734
eth4h:row14865:1720857600,2024-07-13 08:00:00,3156.84000000,-0.01634603,0.02712644,-0.07426070,-0.04502736,-0.06945792,-0.03446853,-0.0001722064,0.0008204232,-0.0010077752,-0.0002924217,-0.0006220570,0.0002053830,3156.29641888,3159.43100751,3153.66021738,3155.91700629,3154.87687632,3157.48842788
eth4h:row14866:1720872000,2024-07-13 12:00:00,3154.87000000,-0.01628273,0.02841319,-0.07360958,-0.04386870,-0.07169397,-0.03116503,-0.0001709737,0.0008454798,-0.0009950960,-0.0002698594,-0.0006655993,0.0002697115,3154.33064623,3157.53850674,3151.73216282,3154.01874338,3152.77081948,3155.72101946
eth4h:row14867:1720886400,2024-07-13 16:00:00,3163.75000000,-0.01541250,0.02898086,-0.07228350,-0.04517768,-0.07663780,-0.03475998,-0.0001540279,0.0008565340,-0.0009692734,-0.0002953490,-0.0007618697,0.0001997076,3163.26273169,3166.46102039,3160.68494689,3162.81572770,3161.34055256,3164.38188805
eth4h:row14868:1720900800,2024-07-13 20:00:00,3175.93000000,-0.01807313,0.02486468,-0.07226240,-0.04453645,-0.07288089,-0.03551006,-0.0002058380,0.0007763804,-0.0009688625,-0.0002828625,-0.0006887120,0.0001851014,3175.27634025,3178.39668709,3172.85445051,3175.03177569,3173.74345185,3176.51792359
eth4h:row14869:1720915200,2024-07-14 00:00:00,3172.75000000,-0.01791816,0.02672977,-0.07330792,-0.04405962,-0.07208289,-0.03514933,-0.0002028202,0.0008126989,-0.0009892219,-0.0002735771,-0.0006731727,0.0001921258,3172.10656735,3175.32953860,3169.61299811,3171.88212704,3170.61491016,3173.35962574
eth4h:row14870:1720929600,2024-07-14 04:00:00,3195.40000000,-0.01630633,0.02710784,-0.07355111,-0.04462896,-0.07537898,-0.03327047,-0.0001714334,0.0008200611,-0.0009939574,-0.0002846638,-0.0007373569,0.0002287125,3194.85224882,3198.02149791,3192.22548636,3194.49051470,3193.04471809,3196.13091153
eth4h:row14871:1720944000,2024-07-14 08:00:00,3202.84000000,-0.01291506,0.02994234,-0.07406234,-0.04398618,-0.07143605,-0.03105527,-0.0001053958,0.0008752568,-0.0010039125,-0.0002721471,-0.0006605768,0.0002718489,3202.50245198,3205.64453472,3199.62624230,3201.96847487,3200.72497696,3203.71080680
eth4h:row14872:1720958400,2024-07-14 12:00:00,3190.48000000,-0.01394479,0.02731366,-0.07142930,-0.04247437,-0.07211599,-0.03247439,-0.0001254475,0.0008240689,-0.0009526398,-0.0002427079,-0.0006738171,0.0002442144,3190.07978723,3193.11025888,3187.44206891,3189.70573940,3188.33092406,3191.25925643
eth4h:row14873:1720972800,2024-07-14 16:00:00,3190.90000000,-0.01367526,0.02847637,-0.07212602,-0.04239009,-0.07208191,-0.03094086,-0.0001201990,0.0008467101,-0.0009662069,-0.0002410667,-0.0006731535,0.0002740768,3190.51648011,3193.60291138,3187.81841927,3190.13087308,3188.75275725,3191.77467146
eth4h:row14874:1720987200,2024-07-14 20:00:00,3245.08000000,-0.01257508,0.03231294,-0.07326966,-0.04493259,-0.07621549,-0.03367009,-0.0000987753,0.0009214190,-0.0009884767,-0.0002905763,-0.0007536461,0.0002209308,3244.75948206,3248.07145641,3241.87389875,3244.13719372,3242.63527948,3245.79701727
eth4h:row14875:1721001600,2024-07-15 00:00:00,3329.37000000,-0.01622229,0.03220076,-0.07720112,-0.04605315,-0.07489197,-0.03348228,-0.0001697968,0.0009192346,-0.0010650335,-0.0003123969,-0.0007278734,0.0002245881,3328.80473160,3332.43187929,3325.82599706,3328.33007756,3326.94752195,3330.11782073
eth4h:row14876:1721016000,2024-07-15 04:00:00,3355.95000000,-0.01551406,0.03042919,-0.07756376,-0.04618452,-0.07107693,-0.03324005,-0.0001560057,0.0008847372,-0.0010720950,-0.0003149550,-0.0006535837,0.0002293050,3355.42649349,3358.92044760,3352.35403072,3354.89319311,3353.75732235,3356.71962445
eth4h:row14877:1721030400,2024-07-15 08:00:00,3339.68000000,-0.01628904,0.03271145,-0.07825755,-0.04581229,-0.07119516,-0.03319814,-0.0001710968,0.0009291793,-0.0010856052,-0.0003077066,-0.0006558859,0.0002301210,3339.10864046,3342.78460356,3336.05639320,3338.65251641,3337.49026913,3340.44861888
eth4h:row14878:1721044800,2024-07-15 12:00:00,3367.83000000,-0.01641159,0.03310866,-0.07526224,-0.04404233,-0.07514986,-0.03214025,-0.0001734831,0.0009369140,-0.0010272780,-0.0002732405,-0.0007328953,0.0002507212,3367.24578909,3370.98684564,3364.37207879,3366.90989821,3365.36263744,3368.67449212
eth4h:row14879:1721059200,2024-07-15 16:00:00,3406.00000000,-0.01476877,0.03167398,-0.07374703,-0.04408840,-0.07482268,-0.03242553,-0.0001414927,0.0009089766,-0.0009977726,-0.0002741377,-0.0007265241,0.0002451659,3405.51811007,3409.09738187,3402.60328153,3405.06641502,3403.52635761,3406.83513742
eth4h:row14880:1721073600,2024-07-15 20:00:00,3483.39000000,-0.01587432,0.03056813,-0.07409691,-0.04410456,-0.07403947,-0.03235736,-0.0001630208,0.0008874427,-0.0010045857,-0.0002744522,-0.0007112729,0.0002464934,3482.82218124,3486.48268115,3479.89239334,3482.43410704,3480.91324012,3484.24873854
eth4h:row14881:1721088000,2024-07-16 00:00:00,3469.51000000,-0.01546269,0.03284699,-0.07314812,-0.04148517,-0.07468355,-0.03038242,-0.0001550052,0.0009318186,-0.0009861101,-0.0002234453,-0.0007238148,0.0002849511,3468.97224957,3472.74446081,3466.09036740,3468.73484073,3466.99962595,3470.49878161
eth4h:row14882:1721102400,2024-07-16 04:00:00,3376.80000000,-0.01478880,0.03224713,-0.07214164,-0.04319529,-0.07632810,-0.03472609,-0.0001418827,0.0009201376,-0.0009665110,-0.0002567462,-0.0007558389,0.0002003675,3376.32092465,3379.90855070,3373.53786227,3375.93313079,3374.24864756,3377.47666861
eth4h:row14883:1721116800,2024-07-16 08:00:00,3419.79000000,-0.01363723,0.02751077,-0.07219052,-0.04599677,-0.07561579,-0.03407044,-0.0001194585,0.0008279072,-0.0009674628,-0.0003112989,-0.0007419683,0.0002131348,3419.38150150,3422.62244116,3416.48308039,3418.72558878,3417.25356537,3420.51895408
eth4h:row14884:1721131200,2024-07-16 12:00:00,3476.25000000,-0.01346593,0.02904839,-0.07188689,-0.04560129,-0.07783853,-0.03397323,-0.0001161227,0.0008578491,-0.0009615503,-0.0003035979,-0.0007852512,0.0002150279,3475.84635189,3479.23337727,3472.90901724,3475.19477815,3473.52134205,3476.99757110
eth4h:row14885:1721145600,2024-07-16 16:00:00,3474.40000000,-0.01495402,0.02880509,-0.07330643,-0.04478936,-0.07639457,-0.03303997,-0.0001451000,0.0008531112,-0.0009891929,-0.0002877872,-0.0007571333,0.0002332011,3473.89590102,3477.36531426,3470.96484758,3473.40025607,3471.77041155,3475.21032844
eth4h:row14886:1721160000,2024-07-16 20:00:00,3444.13000000,-0.01406734,0.02968849,-0.07302957,-0.04366068,-0.07403305,-0.03362032,-0.0001278339,0.0008703135,-0.0009838016,-0.0002658087,-0.0007111478,0.0002218999,3443.68975163,3447.12877765,3440.74332575,3443.21464193,3441.68158519,3444.89433706
eth4h:row14887:1721174400,2024-07-17 00:00:00,3480.25000000,-0.01124184,0.03245903,-0.07371198,-0.04598181,-0.07337368,-0.03836876,-0.0000728134,0.0009242638,-0.0009970901,-0.0003110076,-0.0006983079,0.0001294345,3479.99660039,3483.46815616,3476.78160668,3479.16778416,3477.82056235,3480.70049342
eth4h:row14888:1721188800,2024-07-17 04:00:00,3486.22000000,-0.01025217,0.03211052,-0.07337701,-0.04620210,-0.07370983,-0.03670343,-0.0000535416,0.0009174774,-0.0009905671,-0.0003152974,-0.0007048538,0.0001618630,3486.03334717,3489.41999572,3482.76837496,3485.12097708,3483.76359047,3486.78433584
eth4h:row14889:1721203200,2024-07-17 08:00:00,3449.03000000,-0.01005321,0.03159130,-0.07196646,-0.04560677,-0.07648230,-0.03436002,-0.0000496673,0.0009073668,-0.0009630998,-0.0003037046,-0.0007588416,0.0002074960,3448.85870030,3452.16095544,3445.70983894,3447.98267265,3446.41372552,3449.74573422
eth4h:row14890:1721217600,2024-07-17 12:00:00,3437.17000000,-0.01385932,0.03046448,-0.07331681,-0.04439549,-0.07409532,-0.03360590,-0.0001237831,0.0008854243,-0.0009893948,-0.0002801175,-0.0007123604,0.0002221808,3436.74456265,3440.21470158,3433.77096355,3436.20732349,3434.72236803,3437.93375812
eth4h:row14891:1721232000,2024-07-17 16:00:00,3416.79000000,-0.01573412,0.03004945,-0.07580953,-0.04286943,-0.06800209,-0.03134292,-0.0001602909,0.0008773425,-0.0010379353,-0.0002504008,-0.0005937079,0.0002662475,3416.24236353,3419.78901063,3413.24543295,3415.93454020,3414.76202701,3417.69983281
eth4h:row14892:1721246400,2024-07-17 20:00:00,3387.05000000,-0.01512103,0.03007776,-0.07523178,-0.04422359,-0.07040350,-0.03301628,-0.0001483522,0.0008778939,-0.0010266849,-0.0002767701,-0.0006404702,0.0002336625,3386.54756083,3390.02477599,3383.57435145,3386.11269559,3384.88139009,3387.84151898
eth4h:row14893:1721260800,2024-07-18 00:00:00,3431.40000000,-0.01344733,0.02845896,-0.07418626,-0.04656158,-0.07293133,-0.03340274,-0.0001157606,0.0008463712,-0.0010063255,-0.0003222974,-0.0006896942,0.0002261370,3431.00280215,3434.30546745,3427.94863141,3430.29424678,3429.03419910,3432.17605417
eth4h:row14894:1721275200,2024-07-18 04:00:00,3433.00000000,-0.01400797,0.02748979,-0.07275140,-0.04508529,-0.07405767,-0.03198138,-0.0001266779,0.0008274987,-0.0009783847,-0.0002935499,-0.0007116272,0.0002538149,3432.56514248,3435.84197861,3429.64284790,3431.99239103,3430.55785299,3433.87145726
eth4h:row14895:1721289600,2024-07-18 08:00:00,3458.83000000,-0.01836460,0.02418632,-0.07186132,-0.04430233,-0.07709987,-0.03161294,-0.0002115137,0.0007631708,-0.0009610524,-0.0002783033,-0.0007708676,0.0002609893,3458.09848755,3461.47068542,3455.50747999,3457.86753001,3456.16472758,3459.73283556
eth4h:row14896:1721304000,2024-07-18 12:00:00,3389.28000000,-0.01797466,0.02631665,-0.07145017,-0.04333393,-0.07709654,-0.03234408,-0.0002039206,0.0008046543,-0.0009530461,-0.0002594459,-0.0007708026,0.0002467520,3388.58892661,3392.00829632,3386.05139876,3388.40077925,3386.66854088,3390.11641466
eth4h:row14897:1721318400,2024-07-18 16:00:00,3405.60000000,-0.01468711,0.02781690,-0.07228839,-0.04545782,-0.07560948,-0.03579251,-0.0001399025,0.0008338684,-0.0009693686,-0.0003008041,-0.0007418453,0.0001796013,3405.12358122,3408.44100666,3402.30031786,3404.57573556,3403.07450868,3406.21170511
eth4h:row14898:1721332800,2024-07-18 20:00:00,3426.50000000,-0.01271670,0.02677299,-0.07290506,-0.04724322,-0.07559410,-0.03509983,-0.0001015331,0.0008135404,-0.0009813769,-0.0003355709,-0.0007415458,0.0001930898,3426.15211463,3429.28873048,3423.13896152,3425.35035929,3423.96003518,3427.16168592
eth4h:row14899:1721347200,2024-07-19 00:00:00,3429.59000000,-0.00919657,0.02716650,-0.06972312,-0.04690341,-0.07762177,-0.03545506,-0.0000329861,0.0008212032,-0.0009194156,-0.0003289539,-0.0007810304,0.0001861724,3429.47687303,3432.40754694,3426.43823053,3428.46200858,3426.91243171,3430.22855458
eth4h:row14900:1721361600,2024-07-19 04:00:00,3391.59000000,-0.01110809,0.02888239,-0.07143282,-0.04493592,-0.07457177,-0.03470134,-0.0000702089,0.0008546166,-0.0009527083,-0.0002906413,-0.0007216383,0.0002008494,3391.35188871,3394.48974801,3388.36034271,3390.60440719,3389.14338182,3392.27126731
eth4h:row14901:1721376000,2024-07-19 08:00:00,3404.54000000,-0.01229649,0.02671684,-0.07183229,-0.04565833,-0.07391757,-0.03537823,-0.0000933503,0.0008124471,-0.0009604871,-0.0003047086,-0.0007088990,0.0001876685,3404.22219992,3407.30713247,3401.27155302,3403.50276536,3402.12738022,3405.17898503
eth4h:row14902:1721390400,2024-07-19 12:00:00,3465.00000000,-0.01172047,0.02914817,-0.07335507,-0.04753868,-0.07419434,-0.03747224,-0.0000821336,0.0008597920,-0.0009901400,-0.0003413243,-0.0007142886,0.0001468921,3464.71541878,3467.98046049,3461.57086292,3463.81751303,3462.52587377,3465.50901857
eth4h:row14903:1721404800,2024-07-19 16:00:00,3522.97000000,-0.01186304,0.02953274,-0.07617151,-0.04815332,-0.07147035,-0.03540605,-0.0000849099,0.0008672807,-0.0010449840,-0.0003532932,-0.0006612447,0.0001871268,3522.67087759,3526.02672916,3519.29047544,3521.72557859,3520.64122468,3523.62930379
eth4h:row14904:1721419200,2024-07-19 20:00:00,3503.53000000,-0.01427977,0.02869392,-0.07606625,-0.04662506,-0.07150903,-0.03364087,-0.0001319705,0.0008509466,-0.0010429343,-0.0003235336,-0.0006619980,0.0002214998,3503.06766785,3506.51258560,3499.87795318,3502.39667384,3501.21143765,3504.30611716
eth4h:row14905:1721433600,2024-07-20 00:00:00,3495.01000000,-0.01446359,0.02714438,-0.07334786,-0.04719285,-0.07347822,-0.03780058,-0.0001355500,0.0008207726,-0.0009899995,-0.0003345901,-0.0007003437,0.0001404986,3494.53628341,3497.87978589,3491.55165388,3493.84079983,3492.56314869,3495.50107836
eth4h:row14906:1721448000,2024-07-20 04:00:00,3487.40000000,-0.01588063,0.02624429,-0.07414185,-0.04637538,-0.07166258,-0.03585353,-0.0001631438,0.0008032453,-0.0010054608,-0.0003186715,-0.0006649879,0.0001784131,3486.83109860,3490.20236288,3483.89531805,3486.28884208,3485.08169212,3488.02225321
eth4h:row14907:1721462400,2024-07-20 08:00:00,3484.81000000,-0.01775198,0.02562983,-0.07561015,-0.04692857,-0.07176599,-0.03586605,-0.0001995843,0.0007912799,-0.0010340528,-0.0003294437,-0.0006670017,0.0001781693,3484.11455609,3487.56855136,3481.20838480,3483.66214042,3482.48640095,3485.43094154
eth4h:row14908:1721476800,2024-07-20 12:00:00,3503.72000000,-0.01764374,0.02649505,-0.07484376,-0.04647253,-0.07273103,-0.03484800,-0.0001974765,0.0008081282,-0.0010191289,-0.0003205634,-0.0006857938,0.0001979936,3503.02816594,3506.55259937,3500.15107654,3502.59701564,3501.31799426,3504.41378278
eth4h:row14909:1721491200,2024-07-20 16:00:00,3514.45000000,-0.01612620,0.02508069,-0.07253175,-0.04559360,-0.07112302,-0.03672292,-0.0001679258,0.0007805866,-0.0009741076,-0.0003034481,-0.0006544812,0.0001614835,3513.85988271,3517.19440367,3511.02821434,3513.38370852,3512.15061106,3515.01757152
eth4h:row14910:1721505600,2024-07-20 20:00:00,3517.50000000,-0.01630907,0.02420641,-0.07308143,-0.04718457,-0.07147522,-0.03909273,-0.0001714867,0.0007635619,-0.0009848113,-0.0003344288,-0.0006613396,0.0001153366,3516.89684710,3520.18685464,3514.03763130,3516.32384346,3515.17450696,3517.90572005
eth4h:row14911:1721520000,2024-07-21 00:00:00,3510.47000000,-0.01664405,0.02457942,-0.07199299,-0.04592739,-0.07318963,-0.03678348,-0.0001780097,0.0007708254,-0.0009636163,-0.0003099479,-0.0006947240,0.0001603043,3509.84515784,3513.17700256,3507.08888317,3509.38210584,3508.03203914,3511.03278840
eth4h:row14912:1721534400,2024-07-21 04:00:00,3485.01000000,-0.01545076,0.02649123,-0.07082646,-0.04434894,-0.07512937,-0.03491115,-0.0001547731,0.0008080539,-0.0009409008,-0.0002792110,-0.0007324963,0.0001967639,3484.47065604,3487.82721410,3481.73249344,3484.03708277,3482.45817767,3485.69579148
eth4h:row14913:1721548800,2024-07-21 08:00:00,3498.79000000,-0.01771658,0.02154548,-0.07100444,-0.04509984,-0.07323083,-0.03540481,-0.0001988948,0.0007117460,-0.0009443666,-0.0002938331,-0.0006955263,0.0001871509,3498.09417791,3501.28113633,3495.48741936,3497.76209063,3496.35734552,3499.44486292
eth4h:row14914:1721563200,2024-07-21 12:00:00,3499.95000000,-0.01676684,0.02289767,-0.07155775,-0.04513244,-0.07243028,-0.03518353,-0.0001804007,0.0007380770,-0.0009551411,-0.0002944680,-0.0006799373,0.0001914599,3499.31866351,3502.53418625,3496.60864995,3498.91952842,3497.57106214,3500.62016416
eth4h:row14915:1721577600,2024-07-21 16:00:00,3490.72000000,-0.01554136,0.02681423,-0.07174414,-0.04432033,-0.07285368,-0.03505507,-0.0001565373,0.0008143436,-0.0009587705,-0.0002786539,-0.0006881822,0.0001939614,3490.17361491,3493.56380328,3487.37480452,3489.74743291,3488.31857511,3491.39713066
eth4h:row14916:1721592000,2024-07-21 20:00:00,3535.92000000,-0.01456969,0.02564944,-0.07181995,-0.04433106,-0.07336490,-0.03322836,-0.0001376160,0.0007916618,-0.0009602469,-0.0002788628,-0.0006981370,0.0002295325,3535.43343423,3538.72036098,3532.52627352,3534.93410099,3533.45230502,3536.73170179
eth4h:row14917:1721606400,2024-07-22 00:00:00,3517.33000000,-0.01366060,0.02523983,-0.07085996,-0.04586009,-0.07437904,-0.03612195,-0.0001199135,0.0007836856,-0.0009415531,-0.0003086375,-0.0007178852,0.0001731863,3516.90825008,3520.08756135,3514.01980564,3516.24458760,3514.80586691,3517.93920599
eth4h:row14918:1721620800,2024-07-22 04:00:00,3478.89000000,-0.01599078,0.02592457,-0.07257550,-0.04572229,-0.07437731,-0.03488576,-0.0001652888,0.0007970194,-0.0009749596,-0.0003059540,-0.0007178516,0.0001972583,3478.31502612,3481.66384816,3475.49987584,3477.82578244,3476.39356953,3479.57630763
eth4h:row14919:1721635200,2024-07-22 08:00:00,3500.31000000,-0.01851909,0.02460755,-0.07294195,-0.04470192,-0.07569984,-0.03273636,-0.0002145221,0.0007713732,-0.0009820954,-0.0002860845,-0.0007436048,0.0002391133,3499.55918658,3503.01108704,3496.87404927,3499.30875887,3497.70812007,3501.14707070
eth4h:row14920:1721649600,2024-07-22 12:00:00,3457.15000000,-0.01678484,0.02866770,-0.07458191,-0.04622350,-0.07474615,-0.03532847,-0.0001807512,0.0008504359,-0.0010140301,-0.0003157141,-0.0007250338,0.0001886374,3456.52517237,3460.09133485,3453.64612271,3456.05870126,3454.64435786,3457.80220936
eth4h:row14921:1721664000,2024-07-22 16:00:00,3498.14000000,-0.01566331,0.02641619,-0.07359695,-0.04569535,-0.07288742,-0.03371083,-0.0001589120,0.0008065926,-0.0009948500,-0.0003054294,-0.0006888391,0.0002201375,3497.58414765,3500.96271222,3494.66160600,3497.07172837,3495.73117407,3498.91015644
eth4h:row14922:1721678400,2024-07-22 20:00:00,3439.60000000,-0.01520686,0.02753134,-0.07388144,-0.04560093,-0.07123436,-0.03433993,-0.0001500236,0.0008283076,-0.0010003899,-0.0003035909,-0.0006566493,0.0002078872,3439.08401752,3442.45022726,3436.16077957,3438.55592727,3437.34213032,3440.31512299
eth4h:row14923:1721692800,2024-07-23 00:00:00,3474.99000000,-0.01276283,0.02748103,-0.07033550,-0.04645739,-0.07696505,-0.03729456,-0.0001024314,0.0008273280,-0.0009313404,-0.0003202686,-0.0007682421,0.0001503521,3474.63407007,3477.86614627,3471.75510822,3473.87724808,3472.32139151,3475.51251125
eth4h:row14924:1721707200,2024-07-23 04:00:00,3454.84000000,-0.01545959,0.02332265,-0.06965958,-0.04489968,-0.07734436,-0.03351968,-0.0001549449,0.0007463526,-0.0009181783,-0.0002899356,-0.0007756283,0.0002238597,3454.30473180,3457.41949137,3451.66929662,3453.83846413,3452.16136712,3455.61348616
eth4h:row14925:1721721600,2024-07-23 08:00:00,3516.00000000,-0.01702325,0.02079577,-0.07147019,-0.04765586,-0.07594003,-0.03684201,-0.0001853939,0.0006971471,-0.0009534361,-0.0003436062,-0.0007482820,0.0001591645,3515.34821543,3518.45202383,3512.64931641,3514.79208811,3513.37002442,3516.55966685
eth4h:row14926:1721736000,2024-07-23 12:00:00,3454.38000000,-0.01794951,0.02067644,-0.07336187,-0.04689608,-0.07301773,-0.03401941,-0.0002034308,0.0006948234,-0.0009902723,-0.0003288111,-0.0006913766,0.0002141287,3453.67734436,3456.78101824,3450.96091638,3453.24434814,3451.99254778,3455.11976099
eth4h:row14927:1721750400,2024-07-23 16:00:00,3457.03000000,-0.01645761,0.01907850,-0.07213777,-0.04786042,-0.07324524,-0.03440587,-0.0001743791,0.0006637070,-0.0009664356,-0.0003475896,-0.0006958069,0.0002066032,3456.42721865,3459.32521658,3453.69061711,3455.82858103,3454.62541126,3457.74430712
eth4h:row14928:1721764800,2024-07-23 20:00:00,3482.51000000,-0.01434999,0.01846380,-0.07055753,-0.05111317,-0.07782751,-0.03955008,-0.0001333378,0.0006517370,-0.0009356639,-0.0004109298,-0.0007850367,0.0001064308,3482.04568078,3484.78042035,3479.25306521,3481.07922683,3479.77717449,3482.88066609
eth4h:row14929:1721779200,2024-07-24 00:00:00,3448.36000000,-0.01324527,0.01905991,-0.06963366,-0.04876159,-0.07543458,-0.03671758,-0.0001118259,0.0006633449,-0.0009176734,-0.0003651378,-0.0007384396,0.0001615877,3447.97440561,3450.64821075,3445.19698314,3447.10110317,3445.81453453,3448.91725749
eth4h:row14930:1721793600,2024-07-24 04:00:00,3446.69000000,-0.01352851,0.02037109,-0.06953161,-0.04937820,-0.07904938,-0.03803992,-0.0001173414,0.0006888773,-0.0009156864,-0.0003771450,-0.0008088299,0.0001358379,3446.28558427,3449.06516457,3443.53535749,3445.39034328,3443.90334106,3447.15822286
eth4h:row14931:1721808000,2024-07-24 08:00:00,3459.63000000,-0.01447063,0.01947505,-0.06993305,-0.05035852,-0.07770336,-0.04044810,-0.0001356870,0.0006714289,-0.0009235035,-0.0003962345,-0.0007826191,0.0000889438,3459.16060508,3461.95367572,3456.43649444,3458.25944663,3456.92348681,3459.93772647
eth4h:row14932:1721822400,2024-07-24 12:00:00,3414.87000000,-0.00954812,0.02386398,-0.07031672,-0.05153100,-0.07403930,-0.04363511,-0.0000398318,0.0007568938,-0.0009309747,-0.0004190661,-0.0007112694,0.0000268836,3414.73398245,3417.45567249,3411.69232169,3413.43924350,3412.44197109,3414.96180523
eth4h:row14933:1721836800,2024-07-24 16:00:00,3363.00000000,-0.01270037,0.02318806,-0.07278913,-0.05219511,-0.07297300,-0.04383078,-0.0001012150,0.0007437318,-0.0009791194,-0.0004319983,-0.0006905056,0.0000230734,3362.65963106,3365.50210046,3359.70883294,3361.54750341,3360.67863137,3363.07759675
eth4h:row14934:1721851200,2024-07-24 20:00:00,3335.81000000,-0.00991993,0.02658148,-0.07218265,-0.05183307,-0.07373990,-0.04265405,-0.0000470720,0.0008098112,-0.0009673096,-0.0004249484,-0.0007054393,0.0000459877,3335.65298037,3338.51247035,3332.58479921,3334.39275403,3333.45761824,3335.96340967
eth4h:row14935:1721865600,2024-07-25 00:00:00,3168.30000000,-0.00933175,0.02627272,-0.07090252,-0.05007802,-0.07111335,-0.04514432,-0.0000356185,0.0008037989,-0.0009423818,-0.0003907724,-0.0006542929,-0.0000025049,3168.18715187,3170.84769985,3165.31565809,3167.06215761,3166.22768187,3168.29206374
eth4h:row14936:1721880000,2024-07-25 04:00:00,3171.84000000,-0.01342433,0.02533967,-0.07409357,-0.04814802,-0.06580496,-0.04201427,-0.0001153126,0.0007856298,-0.0010045207,-0.0003531899,-0.0005509235,0.0000584460,3171.47426811,3174.33287098,3168.65542082,3170.71993604,3170.09304018,3172.02538688
eth4h:row14937:1721894400,2024-07-25 08:00:00,3172.50000000,-0.01457481,0.02615834,-0.07253098,-0.04614173,-0.06860515,-0.04164597,-0.0001377158,0.0008015716,-0.0009740925,-0.0003141217,-0.0006054512,0.0000656178,3172.06312658,3175.04400529,3169.41119608,3171.50360552,3170.57978729,3172.70817938
eth4h:row14938:1721908800,2024-07-25 12:00:00,3142.28000000,-0.01408737,0.02973772,-0.07592415,-0.04682926,-0.06573984,-0.04098592,-0.0001282239,0.0008712722,-0.0010401672,-0.0003275100,-0.0005496554,0.0000784708,3141.87711054,3145.01897434,3139.01320256,3141.25104035,3140.55330332,3142.52658694
eth4h:row14939:1721923200,2024-07-25 16:00:00,3123.88000000,-0.01810067,0.02627123,-0.07778602,-0.04594366,-0.06159343,-0.03830631,-0.0002063742,0.0008037699,-0.0010764232,-0.0003102648,-0.0004689131,0.0001306505,3123.23537824,3126.39189004,3120.51919240,3122.91092049,3122.41551517,3124.28816330
eth4h:row14940:1721937600,2024-07-25 20:00:00,3175.48000000,-0.01972716,0.02562035,-0.07497584,-0.04429637,-0.06720695,-0.03757776,-0.0002380466,0.0007910954,-0.0010217010,-0.0002781873,-0.0005782242,0.0001448374,3174.72417768,3177.99310140,3172.23726586,3174.59674475,3173.64439135,3175.93996170
eth4h:row14941:1721952000,2024-07-26 00:00:00,3236.21000000,-0.01772862,0.02852560,-0.07609414,-0.04537795,-0.06532685,-0.03846168,-0.0001991293,0.0008476688,-0.0010434775,-0.0002992488,-0.0005416134,0.0001276250,3235.56563992,3238.95439730,3232.83484898,3235.24171287,3234.45769978,3236.62304755
eth4h:row14942:1721966400,2024-07-26 04:00:00,3251.00000000,-0.02137797,0.02756549,-0.07720988,-0.04334621,-0.06629303,-0.03440527,-0.0002701926,0.0008289727,-0.0010652041,-0.0002596850,-0.0005604276,0.0002066148,3250.12172256,3253.69610764,3247.53886521,3250.15587367,3249.17856023,3251.67177401
eth4h:row14943:1721980800,2024-07-26 08:00:00,3246.86000000,-0.02114015,0.02596975,-0.07472222,-0.04457490,-0.07038572,-0.03616102,-0.0002655615,0.0007978992,-0.0010167623,-0.0002836111,-0.0006401240,0.0001724254,3245.99787345,3249.45170085,3243.56039288,3245.93928507,3244.78227210,3247.41988955
eth4h:row14944:1721995200,2024-07-26 12:00:00,3255.02000000,-0.01712065,0.02239133,-0.07164048,-0.04467331,-0.07228678,-0.03361487,-0.0001872904,0.0007282171,-0.0009567521,-0.0002855274,-0.0006771430,0.0002220061,3254.41042293,3257.39122459,3251.90724210,3254.09073542,3252.81663197,3255.74271467
eth4h:row14945:1722009600,2024-07-26 16:00:00,3274.19000000,-0.02052205,0.02366270,-0.07362478,-0.04295747,-0.07144542,-0.03068363,-0.0002535253,0.0007529743,-0.0009953920,-0.0002521151,-0.0006607593,0.0002790857,3273.36001508,3276.65630919,3270.93251891,3273.36463131,3272.02726318,3275.10390700
eth4h:row14946:1722024000,2024-07-26 20:00:00,3274.61000000,-0.02050703,0.02425672,-0.07276010,-0.04197429,-0.07289329,-0.02997280,-0.0002532329,0.0007645415,-0.0009785542,-0.0002329698,-0.0006889534,0.0002929275,3273.78086616,3277.11453255,3271.40718410,3273.84720355,3272.35472314,3275.56936396
eth4h:row14947:1722038400,2024-07-27 00:00:00,3245.00000000,-0.01675360,0.02655042,-0.07288831,-0.04201124,-0.07080474,-0.02989560,-0.0001801430,0.0008092065,-0.0009810508,-0.0002336894,-0.0006482835,0.0002944309,3244.41548851,3247.62693774,3241.81805137,3244.24176638,3242.89700176,3245.95556894
eth4h:row14948:1722052800,2024-07-27 04:00:00,3272.31000000,-0.01359181,0.02731235,-0.07564878,-0.04723005,-0.06865615,-0.03565603,-0.0001185740,0.0008240433,-0.0010348049,-0.0003353144,-0.0006064442,0.0001822589,3271.92201198,3275.00763660,3268.92554885,3271.21293138,3270.32612821,3272.90646212
eth4h:row14949:1722067200,2024-07-27 08:00:00,3278.41000000,-0.01444094,0.03196854,-0.07485043,-0.04491369,-0.07244582,-0.03486120,-0.0001351090,0.0009147127,-0.0010192589,-0.0002902083,-0.0006802400,0.0001977365,3277.96708732,3281.41017506,3275.07015377,3277.45871610,3276.18065274,3279.05832542
eth4h:row14950:1722081600,2024-07-27 12:00:00,3280.97000000,-0.01434236,0.03233165,-0.07573175,-0.04370181,-0.06982219,-0.03201761,-0.0001331892,0.0009217835,-0.0010364206,-0.0002666096,-0.0006291504,0.0002531092,3280.53303926,3283.99573823,3277.57129665,3280.09537860,3278.90642557,3281.80054895
eth4h:row14951:1722096000,2024-07-27 16:00:00,3261.00000000,-0.01767891,0.03252638,-0.07959967,-0.04522483,-0.06874029,-0.03245595,-0.0001981613,0.0009255754,-0.0011117401,-0.0002962671,-0.0006080828,0.0002445737,3260.35386002,3264.01969859,3257.37663013,3260.03401625,3259.01764485,3261.79765227
eth4h:row14952:1722110400,2024-07-27 20:00:00,3249.01000000,-0.01938980,0.03312326,-0.07902550,-0.04374049,-0.06827483,-0.03243687,-0.0002314772,0.0009371983,-0.0011005593,-0.0002673628,-0.0005990188,0.0002449451,3248.25801523,3252.05639412,3245.43623869,3248.14145156,3247.06436472,3249.80592650
eth4h:row14953:1722124800,2024-07-28 00:00:00,3237.70000000,-0.01924281,0.03325064,-0.07917648,-0.04214958,-0.06716132,-0.02899044,-0.0002286150,0.0009396787,-0.0011034993,-0.0002363834,-0.0005773357,0.0003120569,3236.95989780,3240.74382763,3234.12917088,3236.93475206,3235.83129965,3238.71050415
eth4h:row14954:1722139200,2024-07-28 04:00:00,3227.69000000,-0.01987987,0.03339297,-0.08037262,-0.04233800,-0.06613678,-0.02757650,-0.0002410203,0.0009424504,-0.0011267917,-0.0002400522,-0.0005573849,0.0003395903,3226.91215505,3230.73337158,3224.05511409,3226.91527878,3225.89143554,3228.78627839
eth4h:row14955:1722153600,2024-07-28 08:00:00,3256.46000000,-0.01860766,0.03494764,-0.07633077,-0.03983275,-0.07004493,-0.02784556,-0.0002162469,0.0009727242,-0.0010480854,-0.0001912680,-0.0006334878,0.0003343510,3255.75587680,3259.62917853,3253.04873993,3255.83720282,3254.39772545,3257.54898283
eth4h:row14956:1722168000,2024-07-28 12:00:00,3268.61000000,-0.02106683,0.03283060,-0.07558643,-0.03939233,-0.07012054,-0.02904600,-0.0002641339,0.0009314995,-0.0010335909,-0.0001826918,-0.0006349602,0.0003109751,3267.74676337,3271.65612693,3265.23333984,3268.01290615,3266.53522165,3269.62661443
eth4h:row14957:1722182400,2024-07-28 16:00:00,3271.85000000,-0.02168887,0.03425897,-0.07674741,-0.03990654,-0.07107645,-0.02871057,-0.0002762466,0.0009593138,-0.0010561984,-0.0001927050,-0.0006535744,0.0003175068,3270.94628723,3274.99023681,3268.39610143,3271.21955903,3269.71230115,3272.88899954
eth4h:row14958:1722196800,2024-07-28 20:00:00,3270.16000000,-0.02217500,0.03122688,-0.07430517,-0.03990690,-0.07474650,-0.02806931,-0.0002857131,0.0009002705,-0.0010086411,-0.0001927119,-0.0007250408,0.0003299939,3269.22580595,3273.10535404,3266.86324517,3269.52986190,3267.78986004,3271.23931086
eth4h:row14959:1722211200,2024-07-29 00:00:00,3348.98000000,-0.02248685,0.02610154,-0.07343375,-0.04034398,-0.07387680,-0.02653482,-0.0002917857,0.0008004655,-0.0009916721,-0.0002012231,-0.0007081051,0.0003598748,3348.00295800,3351.66181601,3345.66055626,3348.30617556,3346.60940957,3350.18543037
eth4h:row14960:1722225600,2024-07-29 04:00:00,3366.91000000,-0.02226238,0.02071060,-0.07135063,-0.04056452,-0.07495411,-0.02620545,-0.0002874146,0.0006954885,-0.0009511078,-0.0002055176,-0.0007290834,0.0003662887,3365.94243985,3369.25246169,3363.70922818,3366.21811179,3364.45613653,3368.14348686
eth4h:row14961:1722240000,2024-07-29 08:00:00,3375.00000000,-0.02333479,0.02087612,-0.07231265,-0.03905974,-0.07344745,-0.02202445,-0.0003082974,0.0006987117,-0.0009698410,-0.0001762153,-0.0006997445,0.0004477046,3373.95965653,3377.35897598,3371.72837339,3374.40532577,3372.63918839,3376.51134118
eth4h:row14962:1722254400,2024-07-29 12:00:00,3308.67000000,-0.01958816,0.02532280,-0.07203089,-0.04034410,-0.07515593,-0.02477640,-0.0002353399,0.0007853013,-0.0009643545,-0.0002012255,-0.0007330134,0.0003941163,3307.89142943,3311.26932328,3305.48080721,3308.00427837,3306.24558918,3309.97425794
eth4h:row14963:1722268800,2024-07-29 16:00:00,3311.02000000,-0.01603119,0.02590377,-0.07150465,-0.04409705,-0.07638845,-0.03136041,-0.0001660757,0.0007966143,-0.0009541069,-0.0002743060,-0.0007570141,0.0002659068,3310.47016572,3313.65865689,3307.86243945,3310.11189196,3308.51445975,3311.90053984
eth4h:row14964:1722283200,2024-07-29 20:00:00,3317.66000000,-0.01215117,0.02573050,-0.07046204,-0.04829172,-0.07907838,-0.03697195,-0.0000905206,0.0007932403,-0.0009338045,-0.0003559883,-0.0008093946,0.0001566342,3317.35969699,3320.29274559,3314.56340034,3316.47916221,3314.97579033,3318.17969977
eth4h:row14965:1722297600,2024-07-30 00:00:00,3321.00000000,-0.01258402,0.02857275,-0.07143395,-0.04794924,-0.08066176,-0.03655719,-0.0000989494,0.0008485869,-0.0009527304,-0.0003493190,-0.0008402276,0.0001647107,3320.67140528,3323.81935318,3317.83748919,3319.84011409,3318.21077623,3321.54704945
eth4h:row14966:1722312000,2024-07-30 04:00:00,3340.90000000,-0.01287584,0.02831150,-0.07199424,-0.04734818,-0.08054557,-0.03616015,-0.0001046321,0.0008434997,-0.0009636407,-0.0003376148,-0.0008379651,0.0001724423,3340.55045306,3343.71923693,3337.68212353,3339.77225303,3338.10161497,3341.47616207
eth4h:row14967:1722326400,2024-07-30 08:00:00,3334.65000000,-0.01223128,0.02463664,-0.07095229,-0.04751746,-0.07867427,-0.03646850,-0.0000920806,0.0007719396,-0.0009433510,-0.0003409111,-0.0008015255,0.0001664378,3334.34295773,3337.22514228,3331.50573795,3333.51337446,3331.97826373,3335.20505810
eth4h:row14968:1722340800,2024-07-30 12:00:00,3321.00000000,-0.01147287,0.02503479,-0.07170611,-0.04769478,-0.07414590,-0.03697389,-0.0000773122,0.0007796929,-0.0009580300,-0.0003443641,-0.0007133453,0.0001565965,3320.74325623,3323.59036989,3317.81990594,3319.85656363,3318.63182518,3321.52009768
eth4h:row14969:1722355200,2024-07-30 16:00:00,3272.79000000,-0.01138084,0.02681977,-0.07252371,-0.04520677,-0.07318552,-0.03142717,-0.0000755201,0.0008144516,-0.0009739509,-0.0002959154,-0.0006946439,0.0002646069,3272.54284795,3275.45661466,3269.60401488,3271.82167442,3270.51736572,3273.65611727
eth4h:row14970:1722369600,2024-07-30 20:00:00,3279.21000000,-0.01028292,0.02792657,-0.07187121,-0.04529176,-0.07319380,-0.03253536,-0.0000541405,0.0008360041,-0.0009612451,-0.0002975705,-0.0006948053,0.0002430274,3279.03246669,3281.95257913,3276.05939009,3278.23434906,3276.93237898,3280.00703460
eth4h:row14971:1722384000,2024-07-31 00:00:00,3294.01000000,-0.01087003,0.02643777,-0.07315087,-0.04857604,-0.07045086,-0.03864550,-0.0000655731,0.0008070128,-0.0009861635,-0.0003615247,-0.0006413923,0.0001240455,3293.79400853,3296.66938118,3290.76316873,3292.81934940,3291.89792472,3294.41863232
eth4h:row14972:1722398400,2024-07-31 04:00:00,3317.50000000,-0.01368575,0.02682818,-0.07538574,-0.04807959,-0.06729530,-0.03881660,-0.0001204033,0.0008146152,-0.0010296829,-0.0003518574,-0.0005799446,0.0001207137,3317.10058623,3320.20358699,3314.08578505,3316.33291834,3315.57659154,3317.90049203
eth4h:row14973:1722412800,2024-07-31 08:00:00,3322.87000000,-0.01497905,0.02761341,-0.07635622,-0.04969225,-0.07270508,-0.03818667,-0.0001455875,0.0008299059,-0.0010485810,-0.0003832606,-0.0006852883,0.0001329803,3322.38626683,3325.62881402,3319.38752793,3321.59671901,3320.59365602,3323.31190565
eth4h:row14974:1722427200,2024-07-31 12:00:00,3302.36000000,-0.01585679,0.02692021,-0.07559686,-0.04974584,-0.07485065,-0.03728985,-0.0001626796,0.0008164073,-0.0010337940,-0.0003843040,-0.0007270687,0.0001504438,3301.82281720,3305.05717160,3298.94780410,3301.09113368,3299.95982992,3302.85685687
eth4h:row14975:1722441600,2024-07-31 16:00:00,3266.19000000,-0.01773648,0.02392412,-0.07570850,-0.04846714,-0.06951803,-0.03771874,-0.0001992825,0.0007580650,-0.0010359679,-0.0003594041,-0.0006232275,0.0001420922,3265.53917031,3268.66692290,3262.80808396,3265.01632882,3264.15505472,3266.65413297
eth4h:row14976:1722456000,2024-07-31 20:00:00,3232.74000000,-0.01971965,0.02307607,-0.07462811,-0.04472606,-0.06831595,-0.03502020,-0.0002379004,0.0007415509,-0.0010149296,-0.0002865546,-0.0005998197,0.0001946404,3231.97102141,3235.13813039,3229.46066090,3231.81377635,3230.80152041,3233.36928308
eth4h:row14977:1722470400,2024-08-01 00:00:00,3178.22000000,-0.01550524,0.02895940,-0.07339745,-0.04477308,-0.07063518,-0.03712707,-0.0001558339,0.0008561162,-0.0009909652,-0.0002874703,-0.0006449817,0.0001536136,3177.72476409,3180.94209062,3175.07205454,3177.30648739,3176.17076723,3178.70825521
eth4h:row14978:1722484800,2024-08-01 04:00:00,3166.81000000,-0.01306861,0.02930654,-0.07304167,-0.04501067,-0.06955777,-0.03799659,-0.0001083857,0.0008628759,-0.0009840372,-0.0002920968,-0.0006240014,0.0001366817,3166.46678179,3169.54374341,3163.69527401,3165.88512015,3164.83452258,3167.24287452
eth4h:row14979:1722499200,2024-08-01 08:00:00,3188.39000000,-0.01350420,0.02815349,-0.07316535,-0.04424099,-0.06629753,-0.03739944,-0.0001168679,0.0008404227,-0.0009864456,-0.0002771090,-0.0005605153,0.0001483099,3188.01740147,3191.07072177,3185.24637760,3187.50659083,3186.60335953,3188.86290480
eth4h:row14980:1722513600,2024-08-01 12:00:00,3117.18000000,-0.01353924,0.03071750,-0.07249295,-0.04197739,-0.06895906,-0.03411446,-0.0001175503,0.0008903514,-0.0009733520,-0.0002330302,-0.0006123427,0.0002122777,3116.81359600,3119.95662134,3114.14736269,3116.45368763,3115.27180178,3117.84177800
eth4h:row14981:1722528000,2024-08-01 16:00:00,3131.64000000,-0.01680629,0.03163619,-0.07537549,-0.04133091,-0.06861556,-0.03140990,-0.0001811691,0.0009082408,-0.0010294833,-0.0002204415,-0.0006056538,0.0002649432,3131.07269509,3134.48557510,3128.41768796,3130.94973257,3129.74388465,3132.46981654
eth4h:row14982:1722542400,2024-08-01 20:00:00,3203.40000000,-0.01825147,0.02779366,-0.07692134,-0.04270742,-0.06669214,-0.03087146,-0.0002093107,0.0008334158,-0.0010595853,-0.0002472461,-0.0005681995,0.0002754281,3202.72956423,3206.07087688,3200.00752212,3202.60806980,3201.58034679,3204.28242787
eth4h:row14983:1722556800,2024-08-02 00:00:00,3168.27000000,-0.01903324,0.03075559,-0.07962095,-0.04221896,-0.06289457,-0.02987113,-0.0002245341,0.0008910930,-0.0011121544,-0.0002377344,-0.0004942499,0.0002949074,3167.55869526,3171.09448154,3164.74835316,3167.51688283,3166.70446979,3169.20448391
eth4h:row14984:1722571200,2024-08-02 04:00:00,3147.42000000,-0.01995723,0.03181208,-0.08057319,-0.04166428,-0.06362310,-0.02692166,-0.0002425268,0.0009116659,-0.0011306973,-0.0002269332,-0.0005084365,0.0003523420,3146.65675881,3150.29070383,3143.86323183,3146.70582705,3145.82014354,3148.52916375
eth4h:row14985:1722585600,2024-08-02 08:00:00,3153.73000000,-0.02065187,0.03229929,-0.07812732,-0.04141806,-0.06930509,-0.02822494,-0.0002560533,0.0009211532,-0.0010830692,-0.0002221384,-0.0006190810,0.0003269634,3152.92258046,3156.63640697,3150.31614136,3153.02951317,3151.77818987,3154.76132277
eth4h:row14986:1722600000,2024-08-02 12:00:00,3038.99000000,-0.01813726,0.03478009,-0.07862448,-0.04331217,-0.06771643,-0.03264075,-0.0002070869,0.0009694615,-0.0010927503,-0.0002590223,-0.0005881453,0.0002409750,3038.36073024,3041.93761249,3035.67095648,3038.20293589,3037.20315772,3039.72240887
eth4h:row14987:1722614400,2024-08-02 16:00:00,3011.64000000,-0.02208953,0.03637923,-0.08097630,-0.03860823,-0.06522596,-0.02561319,-0.0002840487,0.0010006012,-0.0011385469,-0.0001674232,-0.0005396487,0.0003778217,3010.78466910,3014.65495873,3008.21305772,3011.13582378,3010.01521083,3012.77807786
eth4h:row14988:1722628800,2024-08-02 20:00:00,2989.61000000,-0.02170961,0.03765620,-0.08100801,-0.03930638,-0.06663130,-0.02650480,-0.0002766506,0.0010254674,-0.0011391644,-0.0001810182,-0.0005670147,0.0003604595,2988.78303711,2992.67732014,2986.20628172,2989.06887529,2987.91532760,2990.68782751
eth4h:row14989:1722643200,2024-08-03 00:00:00,2982.50000000,-0.01662355,0.04005713,-0.08076804,-0.04135356,-0.06433380,-0.03105288,-0.0001776104,0.0010722204,-0.0011344916,-0.0002208826,-0.0005222758,0.0002718953,2981.97032388,2985.69961252,2979.11829755,2981.84129044,2980.94271922,2983.31103798
eth4h:row14990:1722657600,2024-08-03 04:00:00,2983.90000000,-0.01958065,0.03566057,-0.08138912,-0.03976844,-0.06222220,-0.02645096,-0.0002351937,0.0009866070,-0.0011465858,-0.0001900157,-0.0004811570,0.0003615079,2983.19828807,2986.84538931,2980.48066342,2983.33306607,2982.46462093,2984.97889830
eth4h:row14991:1722672000,2024-08-03 08:00:00,2997.21000000,-0.02128308,0.03710748,-0.08071958,-0.03855775,-0.06755640,-0.02418348,-0.0002683448,0.0010147823,-0.0011335479,-0.0001664401,-0.0005850289,0.0004056621,2996.40582220,3000.25305938,2993.81444368,2996.71118552,2995.45705824,2998.42610124
eth4h:row14992:1722686400,2024-08-03 12:00:00,2942.40000000,-0.01998918,0.03957964,-0.08003860,-0.03734956,-0.06849219,-0.02345773,-0.0002431489,0.0010629223,-0.0011202873,-0.0001429133,-0.0006032515,0.0004197945,2941.68464555,2945.52920535,2939.10551251,2941.97952194,2940.62552813,2943.63546255
eth4h:row14993:1722700800,2024-08-03 16:00:00,2893.53000000,-0.02422397,0.03682715,-0.08265846,-0.03597484,-0.06344770,-0.02050140,-0.0003256123,0.0010093236,-0.0011713034,-0.0001161436,-0.0005050209,0.0004773626,2892.58798431,2896.45198262,2890.14278253,2893.19395460,2892.06907571,2894.91159281
eth4h:row14994:1722715200,2024-08-03 20:00:00,2903.64000000,-0.02213101,0.03851748,-0.08184379,-0.03944514,-0.06781220,-0.02716127,-0.0002848565,0.0010422391,-0.0011554394,-0.0001837202,-0.0005900102,0.0003476761,2902.81299703,2906.66786485,2900.28695755,2903.10659168,2901.92732795,2904.64970184
eth4h:row14995:1722729600,2024-08-04 00:00:00,2915.78000000,-0.01855486,0.04113657,-0.08238094,-0.03937475,-0.06743255,-0.02322712,-0.0002152185,0.0010932402,-0.0011658993,-0.0001823494,-0.0005826173,0.0004242851,2915.15253763,2918.96939101,2912.38247502,2915.24835761,2914.08171076,2917.01738451
eth4h:row14996:1722744000,2024-08-04 04:00:00,2893.24000000,-0.01990943,0.04360772,-0.08441763,-0.03892456,-0.06715715,-0.02222311,-0.0002415960,0.0011413605,-0.0012055595,-0.0001735829,-0.0005772545,0.0004438360,2892.54108935,2896.54411509,2889.75412871,2892.73782662,2891.57034625,2894.52440920
eth4h:row14997:1722758400,2024-08-04 08:00:00,2914.22000000,-0.02267866,0.04009450,-0.08201288,-0.03813712,-0.06913652,-0.02310621,-0.0002955208,0.0010729482,-0.0011587322,-0.0001582493,-0.0006157983,0.0004266395,2913.35891472,2917.34848512,2910.84515514,2913.75886333,2912.42598060,2915.46358671
eth4h:row14998:1722772800,2024-08-04 12:00:00,2826.98000000,-0.02028005,0.03977413,-0.08072966,-0.03712038,-0.06727348,-0.02162946,-0.0002488130,0.0010667096,-0.0011337441,-0.0001384505,-0.0005795198,0.0004553960,2826.27669809,2829.99717558,2823.77674433,2826.58863024,2825.34218372,2828.26768868
eth4h:row14999:1722787200,2024-08-04 16:00:00,2757.55000000,-0.02137237,0.04416043,-0.08456033,-0.03794466,-0.06699431,-0.02186513,-0.0002700835,0.0011521234,-0.0012083381,-0.0001545015,-0.0005740835,0.0004508070,2756.80533186,2760.72886878,2754.21995950,2757.12398744,2755.96739034,2758.79340319
eth4h:row15000:1722801600,2024-08-04 20:00:00,2688.92000000,-0.02385359,0.04380787,-0.08448272,-0.03582756,-0.06762922,-0.01870069,-0.0003183999,0.0011452580,-0.0012068269,-0.0001132756,-0.0005864470,0.0005124277,2688.06398436,2692.00127132,2685.67689624,2688.61542835,2687.34355327,2690.29823012
eth4h:row15001:1722816000,2024-08-05 00:00:00,2312.72000000,-0.01941710,0.04396439,-0.08369385,-0.03627513,-0.06307957,-0.02137419,-0.0002320088,0.0011483060,-0.0011914654,-0.0001219910,-0.0004978523,0.0004603669,2312.18349083,2315.37723552,2309.96611494,2312.43788610,2311.56889352,2313.78494487
eth4h:row15002:1722830400,2024-08-05 04:00:00,2357.55000000,-0.02186244,0.04355616,-0.08555936,-0.03680388,-0.06230247,-0.02289821,-0.0002796265,0.0011403565,-0.0012277922,-0.0001322874,-0.0004827201,0.0004306900,2356.89085865,2360.23998099,2354.65719486,2357.23814657,2356.41223775,2358.56559186
eth4h:row15003:1722844800,2024-08-05 08:00:00,2290.57000000,-0.02620106,0.03935535,-0.08265369,-0.03407471,-0.06923756,-0.01742258,-0.0003641118,0.0010585547,-0.0011712106,-0.0000791425,-0.0006177660,0.0005373160,2289.73612821,2292.99597742,2287.88883063,2290.38872569,2289.15540080,2291.80109053
eth4h:row15004:1722859200,2024-08-05 12:00:00,2450.80000000,-0.02366226,0.04802824,-0.08559578,-0.03368358,-0.06508155,-0.01978975,-0.0003146742,0.0012274406,-0.0012285013,-0.0000715262,-0.0005368367,0.0004912205,2450.02891788,2453.81005827,2447.79103760,2450.62470988,2449.48467374,2452.00417885
eth4h:row15005:1722873600,2024-08-05 16:00:00,2404.90000000,-0.02781026,0.04650367,-0.09159844,-0.03329943,-0.05657605,-0.01516655,-0.0003954476,0.0011977529,-0.0013453902,-0.0000640457,-0.0003712104,0.0005812474,2403.94917600,2407.78220167,2401.66664655,2404.74598152,2404.00744189,2406.29824816
eth4h:row15006:1722888000,2024-08-05 20:00:00,2419.59000000,-0.02558320,0.05405010,-0.09100478,-0.03016142,-0.05377102,-0.01830616,-0.0003520803,0.0013447032,-0.0013338300,-0.0000029398,-0.0003165886,0.0005201102,2418.73825999,2422.84581902,2416.36482977,2419.58288695,2418.82410671,2420.84878067
eth4h:row15007:1722902400,2024-08-06 00:00:00,2491.90000000,-0.01881878,0.05534274,-0.08759546,-0.03566388,-0.06055892,-0.02755078,-0.0002203580,0.0013698747,-0.0012674407,-0.0001100883,-0.0004487682,0.0003400911,2491.35095043,2495.31592993,2488.74366519,2491.62568594,2490.78196546,2492.74761725
eth4h:row15008:1722916800,2024-08-06 04:00:00,2523.41000000,-0.02454703,0.04854722,-0.08734196,-0.03164534,-0.06249555,-0.01578781,-0.0003319032,0.0012375465,-0.0012625044,-0.0000318359,-0.0004864799,0.0005691497,2522.57261118,2526.53477040,2520.22619408,2523.32966634,2522.18271042,2524.84660683
eth4h:row15009:1722931200,2024-08-06 08:00:00,2458.91000000,-0.02735310,0.05011673,-0.08808576,-0.03146378,-0.06405437,-0.01841178,-0.0003865453,0.0012681093,-0.0012769884,-0.0000283005,-0.0005168345,0.0005180535,2457.95970362,2462.03014464,2455.77200452,2458.84041271,2457.63947874,2460.18417683
eth4h:row15010:1722945600,2024-08-06 12:00:00,2527.60000000,-0.03411810,0.04718936,-0.09060567,-0.02566747,-0.05768177,-0.00762809,-0.0005182792,0.0012111053,-0.0013260581,0.0000845702,-0.0003927420,0.0007280425,2526.29033692,2530.66304412,2524.25047688,2527.81376873,2526.60750029,2529.44087017
eth4h:row15011:1722960000,2024-08-06 16:00:00,2493.04000000,-0.03254025,0.04767037,-0.09229409,-0.02635900,-0.05201204,-0.00831779,-0.0004875539,0.0012204719,-0.0013589364,0.0000711041,-0.0002823363,0.0007146120,2491.82480490,2496.08454273,2489.65441800,2493.21727169,2492.33622373,2494.82219312
eth4h:row15012:1722974400,2024-08-06 20:00:00,2461.33000000,-0.02824431,0.04843242,-0.09102385,-0.03161893,-0.05711811,-0.01736080,-0.0004038996,0.0012353111,-0.0013342014,-0.0000313217,-0.0003817658,0.0005385190,2460.33607043,2464.37238695,2458.04827987,2461.25290820,2460.39052773,2462.65582992
eth4h:row15013:1722988800,2024-08-07 00:00:00,2507.27000000,-0.02821987,0.04892112,-0.09127443,-0.02799277,-0.05413716,-0.01029455,-0.0004034238,0.0012448274,-0.0013390808,0.0000392901,-0.0003237183,0.0006761189,2506.25871169,2510.39306187,2503.91480973,2507.36851282,2506.45848222,2508.96578596
eth4h:row15014:1723003200,2024-08-07 04:00:00,2510.72000000,-0.03100281,0.04985804,-0.09236126,-0.02844028,-0.05756651,-0.01062584,-0.0004576155,0.0012630720,-0.0013602445,0.0000305758,-0.0003904975,0.0006696679,2509.57131839,2513.89322375,2507.30712857,2510.79676838,2509.73976145,2512.40191177
eth4h:row15015:1723017600,2024-08-07 08:00:00,2473.01000000,-0.03823297,0.05399431,-0.09684276,-0.02664767,-0.05321663,-0.01446414,-0.0005984073,0.0013436168,-0.0014475119,0.0000654830,-0.0003057929,0.0005949253,2471.53057539,2476.33501112,2469.43287808,2473.17194536,2472.25388679,2474.48169399
eth4h:row15016:1723032000,2024-08-07 12:00:00,2412.75000000,-0.03358727,0.05458576,-0.09592288,-0.02695219,-0.05018786,-0.01237845,-0.0005079423,0.0013551342,-0.0014295993,0.0000595531,-0.0002468142,0.0006355395,2411.52477353,2416.02181635,2409.30319865,2412.89369103,2412.15457250,2414.28388540
eth4h:row15017:1723046400,2024-08-07 16:00:00,2350.45000000,-0.03413622,0.05711801,-0.09906387,-0.02935378,-0.05167576,-0.01195040,-0.0005186320,0.0014044441,-0.0014907632,0.0000127873,-0.0002757878,0.0006438749,2349.23129738,2353.75339492,2346.94864610,2350.48005615,2349.80186403,2351.96388310
eth4h:row15018:1723060800,2024-08-07 20:00:00,2342.80000000,-0.02997904,0.05801333,-0.09713577,-0.02669291,-0.05089870,-0.00651550,-0.0004376798,0.0014218786,-0.0014532178,0.0000646020,-0.0002606564,0.0007497079,2341.77482805,2346.13354657,2339.39787394,2342.95135452,2342.18941382,2344.55707412
eth4h:row15019:1723075200,2024-08-08 00:00:00,2430.41000000,-0.03215854,0.05414379,-0.09391766,-0.02057908,-0.04834023,0.00037298,-0.0004801210,0.0013465278,-0.0013905520,0.0001836556,-0.0002108357,0.0008838461,2429.24338931,2433.68481893,2427.03273723,2430.85639941,2429.89763680,2432.55905798
eth4h:row15020:1723089600,2024-08-08 04:00:00,2414.00000000,-0.03642552,0.05412710,-0.09670585,-0.02131144,-0.04600816,-0.00167691,-0.0005632111,0.0013462028,-0.0014448459,0.0001693944,-0.0001654236,0.0008439289,2412.64079116,2417.25192195,2410.51466054,2414.40895279,2413.60070056,2416.03810415
eth4h:row15021:1723104000,2024-08-08 08:00:00,2447.63000000,-0.03329449,0.06020112,-0.09430736,-0.01826165,-0.04990839,0.00070469,-0.0005022410,0.0014644811,-0.0013981405,0.0002287825,-0.0002413721,0.0008903055,2446.40100843,2451.21713376,2444.21026068,2448.19003902,2447.03928168,2449.81010886
eth4h:row15022:1723118400,2024-08-08 12:00:00,2507.20000000,-0.03520172,0.05908013,-0.09949779,-0.02219663,-0.04661028,0.00098166,-0.0005393802,0.0014426523,-0.0014992129,0.0001521573,-0.0001771487,0.0008956989,2505.84803059,2510.81962815,2503.44398964,2507.58151780,2506.75589221,2509.44670226
eth4h:row15023:1723132800,2024-08-08 16:00:00,2573.53000000,-0.03396671,0.06057287,-0.10214298,-0.02451543,-0.04441964,0.00093899,-0.0005153311,0.0014717202,-0.0015507224,0.0001070037,-0.0001344905,0.0008948678,2572.20412164,2577.32030444,2569.54226224,2573.80539193,2573.18390795,2575.83399996
eth4h:row15024:1723147200,2024-08-08 20:00:00,2682.50000000,-0.03492766,0.05356783,-0.09694659,-0.02066038,-0.04451013,0.00288512,-0.0005340434,0.0013353122,-0.0014495338,0.0001820724,-0.0001362527,0.0009327646,2681.06781094,2686.08436762,2678.61444229,2682.98845381,2682.13452707,2685.00330846
eth4h:row15025:1723161600,2024-08-09 00:00:00,2694.67000000,-0.03746955,0.04981471,-0.09760057,-0.02159641,-0.04690500,0.00664515,-0.0005835414,0.0012622282,-0.0014622687,0.0001638453,-0.0001828876,0.0010059830,2693.09800709,2698.07343599,2690.73254785,2695.11154508,2694.17722333,2697.38215618
eth4h:row15026:1723176000,2024-08-09 04:00:00,2670.21000000,-0.03885644,0.05002481,-0.09446936,-0.01973126,-0.05384335,0.00711348,-0.0006105480,0.0012663196,-0.0014012952,0.0002001650,-0.0003179970,0.0010151027,2668.58020634,2673.59348102,2666.47086808,2670.74453608,2669.36101611,2672.92191355
eth4h:row15027:1723190400,2024-08-09 08:00:00,2634.92000000,-0.03751533,0.04699070,-0.09439724,-0.02111713,-0.05527106,0.01035598,-0.0005844328,0.0012072367,-0.0013998907,0.0001731782,-0.0003457986,0.0010782435,2633.38051613,2638.10289310,2631.23398049,2635.37635027,2634.00900584,2637.76261765
eth4h:row15028:1723204800,2024-08-09 12:00:00,2557.82000000,-0.03348987,0.04694886,-0.09380691,-0.02419673,-0.05397873,0.00656820,-0.0005060457,0.0012064220,-0.0013883955,0.0001132098,-0.0003206332,0.0010044846,2556.52595360,2560.90767234,2554.27119848,2558.10958667,2557.00000941,2560.39058157
eth4h:row15029:1723219200,2024-08-09 16:00:00,2590.80000000,-0.02905564,0.04852629,-0.09103303,-0.02730755,-0.06169533,-0.00125928,-0.0004196987,0.0012371391,-0.0013343801,0.0000526332,-0.0004708973,0.0008520614,2589.71287274,2594.00716350,2587.34519353,2590.93636563,2589.58028659,2593.00846140
eth4h:row15030:1723233600,2024-08-09 20:00:00,2598.78000000,-0.02559738,0.05007625,-0.09046780,-0.02923523,-0.06425516,-0.00388854,-0.0003523565,0.0012673212,-0.0013233735,0.0000150959,-0.0005207446,0.0008008621,2597.86446419,2602.07557691,2595.34311815,2598.81923121,2597.42705178,2600.86209813
eth4h:row15031:1723248000,2024-08-10 00:00:00,2602.59000000,-0.02318804,0.05314357,-0.09102046,-0.03275303,-0.06762254,-0.00876124,-0.0003054399,0.0013270506,-0.0013341352,-0.0000534058,-0.0005863170,0.0007059769,2601.79518666,2606.04606119,2599.12010821,2602.45101035,2601.06450452,2604.42801723
eth4h:row15032:1723262400,2024-08-10 04:00:00,2634.27000000,-0.02445679,0.04958857,-0.09123027,-0.03329341,-0.06682096,-0.00747853,-0.0003301459,0.0012578246,-0.0013382208,-0.0000639284,-0.0005707080,0.0007309549,2633.40045005,2637.58553440,2630.74712288,2634.10160062,2632.76702999,2636.19623642
eth4h:row15033:1723276800,2024-08-10 08:00:00,2636.58000000,-0.02069919,0.05025876,-0.09025734,-0.03275238,-0.06401137,-0.00498801,-0.0002569749,0.0012708752,-0.0013192751,-0.0000533930,-0.0005159971,0.0007794524,2635.90255228,2639.93289427,2633.10391903,2636.43922879,2635.21988327,2638.63588970
eth4h:row15034:1723291200,2024-08-10 12:00:00,2599.49000000,-0.02093690,0.05123968,-0.09163135,-0.03401409,-0.06201359,-0.00500680,-0.0002616036,0.0012899764,-0.0013460309,-0.0000779621,-0.0004770947,0.0007790865,2598.81005296,2602.84544447,2595.99335986,2599.28734616,2598.25009299,2601.51601664
eth4h:row15035:1723305600,2024-08-10 16:00:00,2603.01000000,-0.01795678,0.05271191,-0.09087764,-0.03296147,-0.06096359,-0.00260692,-0.0002035724,0.0013186450,-0.0013313542,-0.0000574647,-0.0004566483,0.0008258189,2602.48015307,2606.44471014,2599.54677749,2602.86042323,2601.82161134,2605.16050269
eth4h:row15036:1723320000,2024-08-10 20:00:00,2609.92000000,-0.01534062,0.05295593,-0.09070574,-0.03568570,-0.06125541,-0.00762099,-0.0001526282,0.0013233968,-0.0013280069,-0.0001105132,-0.0004623309,0.0007281809,2609.52168314,2613.37624617,2606.45630873,2609.63158545,2608.71363218,2611.82118595
eth4h:row15037:1723334400,2024-08-11 00:00:00,2646.38000000,-0.01887899,0.05294598,-0.09272950,-0.03803227,-0.06217011,-0.01185928,-0.0002215303,0.0013232029,-0.0013674152,-0.0001562076,-0.0004801426,0.0006456493,2645.79381167,2649.88401553,2642.76377290,2645.96664752,2645.10966526,2648.08918506
eth4h:row15038:1723348800,2024-08-11 04:00:00,2677.79000000,-0.02098649,0.05385632,-0.09310257,-0.03852664,-0.06476806,-0.01344657,-0.0002625693,0.0013409299,-0.0013746798,-0.0001658342,-0.0005307321,0.0006147403,2677.08698687,2681.38313714,2674.11142520,2677.34596753,2676.36918787,2679.43665152
eth4h:row15039:1723363200,2024-08-11 08:00:00,2652.61000000,-0.02377181,0.05454195,-0.09475654,-0.04061614,-0.06679262,-0.01683378,-0.0003168075,0.0013542811,-0.0014068873,-0.0002065228,-0.0005701561,0.0005487817,2651.76976641,2656.20481318,2648.88070072,2652.06223224,2651.09802933,2654.06610321
eth4h:row15040:1723377600,2024-08-11 12:00:00,2614.07000000,-0.02314203,0.05358744,-0.09362154,-0.03958927,-0.06509362,-0.01654848,-0.0003045438,0.0013356941,-0.0013847858,-0.0001865267,-0.0005370717,0.0005543372,2613.27402233,2617.56393072,2610.45257833,2613.58245161,2612.66643387,2615.51947798
eth4h:row15041:1723392000,2024-08-11 16:00:00,2599.06000000,-0.02128594,0.05075807,-0.08790182,-0.03554414,-0.06623684,-0.01480154,-0.0002684005,0.0012805982,-0.0012734065,-0.0001077566,-0.0005593334,0.0005883550,2598.36250458,2602.39048350,2595.75244636,2598.77994933,2597.60666541,2600.58962000
eth4h:row15042:1723406400,2024-08-11 20:00:00,2555.38000000,-0.01887100,0.05066449,-0.08613365,-0.03380368,-0.06535268,-0.01359146,-0.0002213747,0.0012787759,-0.0012389752,-0.0000738649,-0.0005421163,0.0006119187,2554.81436604,2558.64984862,2552.21590802,2555.19125397,2553.99506231,2556.94416336
eth4h:row15043:1723420800,2024-08-12 00:00:00,2541.02000000,-0.01582449,0.05093998,-0.08243655,-0.03108661,-0.06783064,-0.01184913,-0.0001620505,0.0012841405,-0.0011669822,-0.0000209557,-0.0005903692,0.0006458469,2540.60825984,2544.28512275,2538.05640436,2540.96675164,2539.52030283,2542.66163992
eth4h:row15044:1723435200,2024-08-12 04:00:00,2567.27000000,-0.01756089,0.05174834,-0.08357399,-0.03057621,-0.06760381,-0.01183278,-0.0001958632,0.0012998816,-0.0011891313,-0.0000110169,-0.0005859522,0.0006461652,2566.76721560,2570.60931681,2564.21899318,2567.24171681,2565.76614301,2568.92941661
eth4h:row15045:1723449600,2024-08-12 08:00:00,2673.60000000,-0.01785283,0.05025423,-0.08463841,-0.03242831,-0.06808183,-0.01359306,-0.0002015481,0.0012707870,-0.0012098586,-0.0000470824,-0.0005952605,0.0006118877,2673.06119519,2676.99973583,2670.36727798,2673.47412334,2672.00898499,2675.23644347
eth4h:row15046:1723464000,2024-08-12 12:00:00,2689.20000000,-0.02031212,0.04991735,-0.08654147,-0.03288005,-0.06813855,-0.01256281,-0.0002494375,0.0012642269,-0.0012469165,-0.0000558792,-0.0005963652,0.0006319496,2688.52929645,2692.60190887,2685.84888176,2689.04973392,2687.59673278,2690.89997592
eth4h:row15047:1723478400,2024-08-12 16:00:00,2660.09000000,-0.02164488,0.05307520,-0.09026360,-0.03424464,-0.06496894,-0.01396304,-0.0002753901,0.0013257193,-0.0013193970,-0.0000824516,-0.0005346439,0.0006046831,2659.35753848,2663.61887120,2656.58259956,2659.87068038,2658.66817927,2661.69899785
eth4h:row15048:1723492800,2024-08-12 20:00:00,2722.30000000,-0.02241998,0.04972667,-0.08919119,-0.03357719,-0.06463936,-0.01268719,-0.0002904834,0.0012605139,-0.0012985142,-0.0000694544,-0.0005282260,0.0006295276,2721.50933175,2725.73366061,2718.76734890,2722.11093087,2720.86239022,2724.01430240
eth4h:row15049:1723507200,2024-08-13 00:00:00,2656.39000000,-0.02045195,0.05022199,-0.08759128,-0.03340767,-0.06398459,-0.01277303,-0.0002521604,0.0012701591,-0.0012673594,-0.0000661534,-0.0005154757,0.0006278559,2655.72024811,2659.76618156,2653.02553148,2656.21427647,2655.02104841,2658.05835381
eth4h:row15050:1723521600,2024-08-13 04:00:00,2648.94000000,-0.01979821,0.05388243,-0.08750617,-0.03224896,-0.06428355,-0.01250243,-0.0002394301,0.0013414382,-0.0012657020,-0.0000435900,-0.0005212973,0.0006331253,2648.30583984,2652.49577382,2645.58935223,2648.82453526,2647.55947454,2650.61764207
eth4h:row15051:1723536000,2024-08-13 08:00:00,2644.65000000,-0.02201800,0.05158610,-0.08585715,-0.02989809,-0.06495388,-0.00850844,-0.0002826559,0.0012967222,-0.0012335909,0.0000021881,-0.0005343505,0.0007108996,2643.90257977,2648.08160082,2641.38959533,2644.65578668,2643.23720738,2646.53074915
eth4h:row15052:1723550400,2024-08-13 12:00:00,2652.00000000,-0.01976996,0.05237175,-0.08493679,-0.03196261,-0.06669399,-0.01206961,-0.0002388800,0.0013120210,-0.0012156689,-0.0000380141,-0.0005682355,0.0006415536,2651.36656594,2655.48176332,2648.77800482,2651.89918847,2650.49346762,2653.70194593
eth4h:row15053:1723564800,2024-08-13 16:00:00,2711.46000000,-0.02136271,0.04921675,-0.08472209,-0.03308491,-0.06750046,-0.01419103,-0.0002698955,0.0012505843,-0.0012114882,-0.0000598684,-0.0005839396,0.0006002435,2710.72828802,2714.85303063,2708.17708723,2711.29767407,2709.87713321,2713.08802484
eth4h:row15054:1723579200,2024-08-13 20:00:00,2702.44000000,-0.02323883,0.04842824,-0.08514749,-0.03177248,-0.06706753,-0.01089558,-0.0003064288,0.0012352298,-0.0012197719,-0.0000343116,-0.0005755094,0.0006644153,2701.61202154,2705.78019701,2699.14564919,2702.34727662,2700.88516785,2704.23613914
eth4h:row15055:1723593600,2024-08-14 00:00:00,2709.39000000,-0.02257149,0.04923267,-0.08448749,-0.03219054,-0.07017677,-0.01269415,-0.0002934339,0.0012508942,-0.0012069198,-0.0000424525,-0.0006360550,0.0006293920,2708.59508982,2712.78128099,2706.12195612,2709.27498199,2707.66722699,2711.09580527
eth4h:row15056:1723608000,2024-08-14 04:00:00,2727.57000000,-0.02192109,0.04622329,-0.08337461,-0.03252022,-0.07085767,-0.01190890,-0.0002807686,0.0011922931,-0.0011852489,-0.0000488722,-0.0006493142,0.0006446830,2726.80429142,2730.82400235,2724.33906579,2727.43670091,2725.79952497,2729.32898501
eth4h:row15057:1723622400,2024-08-14 08:00:00,2750.24000000,-0.02163999,0.04675198,-0.08208316,-0.03214727,-0.06995519,-0.01451167,-0.0002752949,0.0012025883,-0.0011601006,-0.0000416099,-0.0006317402,0.0005939997,2749.48297717,2753.54939584,2747.05129485,2750.12556523,2748.50311162,2751.87412697
eth4h:row15058:1723636800,2024-08-14 12:00:00,2674.21000000,-0.02006464,0.04857934,-0.08226680,-0.03262977,-0.07185124,-0.01461416,-0.0002446183,0.0012381721,-0.0011636766,-0.0000510055,-0.0006686617,0.0005920039,2673.55591918,2677.52318300,2671.09989421,2674.07360402,2672.42245586,2675.79361148
eth4h:row15059:1723651200,2024-08-14 16:00:00,2669.06000000,-0.01672404,0.04973913,-0.08215659,-0.03349916,-0.07182840,-0.01358822,-0.0001795673,0.0012607565,-0.0011615306,-0.0000679351,-0.0006682169,0.0006119820,2668.58076702,2672.42715681,2665.96160502,2668.87868337,2667.27708479,2670.69391651
eth4h:row15060:1723665600,2024-08-14 20:00:00,2661.45000000,-0.01662879,0.04994936,-0.08198249,-0.03560654,-0.07244332,-0.01948955,-0.0001777126,0.0012648502,-0.0011581402,-0.0001089718,-0.0006801912,0.0004970662,2660.97706886,2664.81846532,2658.36945185,2661.15999285,2659.64032055,2662.77324564
eth4h:row15061:1723680000,2024-08-15 00:00:00,2652.50000000,-0.01722162,0.04699147,-0.08203929,-0.03558562,-0.07089120,-0.01859183,-0.0001892566,0.0012072518,-0.0011592464,-0.0001085644,-0.0006499671,0.0005145474,2651.99804430,2655.70416921,2649.42688062,2652.21204860,2650.77652253,2653.86518805
eth4h:row15062:1723694400,2024-08-15 04:00:00,2615.16000000,-0.01662533,0.04958010,-0.08306085,-0.03514723,-0.07098307,-0.01690399,-0.0001776453,0.0012576598,-0.0011791391,-0.0001000276,-0.0006517559,0.0005474144,2614.69547046,2618.45105069,2612.07817986,2614.89842478,2613.45610923,2616.59196810
eth4h:row15063:1723708800,2024-08-15 08:00:00,2637.73000000,-0.01841776,0.04923899,-0.08315133,-0.03664235,-0.07456887,-0.01888404,-0.0002125490,0.0012510173,-0.0011809010,-0.0001291419,-0.0007215817,0.0005088572,2637.16941274,2641.03191075,2634.61694044,2637.38938044,2635.82734893,2639.07256936
eth4h:row15064:1723723200,2024-08-15 12:00:00,2668.40000000,-0.01727657,0.04660714,-0.08108353,-0.03406988,-0.07012063,-0.01626673,-0.0001903268,0.0011997678,-0.0011406350,-0.0000790485,-0.0006349619,0.0005598237,2667.89218038,2671.60338172,2665.35806479,2668.18907531,2666.70620547,2669.89425179
eth4h:row15065:1723737600,2024-08-15 16:00:00,2549.59000000,-0.01708667,0.04757429,-0.08172833,-0.03545646,-0.06978846,-0.01890184,-0.0001866289,0.0012186009,-0.0011531911,-0.0001060492,-0.0006284935,0.0005085107,2549.11421731,2552.69882644,2546.65153004,2549.31963233,2547.98810276,2550.88682349
eth4h:row15066:1723752000,2024-08-15 20:00:00,2569.89000000,-0.01740460,0.04818363,-0.08133780,-0.03476201,-0.07104120,-0.01867661,-0.0001928199,0.0012304664,-0.0011455864,-0.0000925262,-0.0006528879,0.0005128966,2569.39452186,2573.05410963,2566.94765460,2569.65222878,2568.21269754,2571.20842589
eth4h:row15067:1723766400,2024-08-16 00:00:00,2580.08000000,-0.01602571,0.04517133,-0.07805716,-0.03416322,-0.07429314,-0.01829704,-0.0001659689,0.0011718084,-0.0010817030,-0.0000808661,-0.0007162124,0.0005202877,2579.65182247,2583.10513151,2577.29062851,2579.87136738,2578.23277629,2581.42273328
eth4h:row15068:1723780800,2024-08-16 04:00:00,2617.45000000,-0.01850312,0.04649193,-0.08358210,-0.03696142,-0.06804484,-0.02185920,-0.0002142111,0.0011975242,-0.0011892892,-0.0001353550,-0.0005945403,0.0004509225,2616.88937329,2620.58633737,2614.33894535,2617.09573900,2615.89428288,2618.63053330
eth4h:row15069:1723795200,2024-08-16 08:00:00,2612.52000000,-0.02106898,0.04529173,-0.08529448,-0.03526197,-0.06482646,-0.01678833,-0.0002641757,0.0011741530,-0.0012226341,-0.0001022619,-0.0005318693,0.0005496667,2611.82992695,2615.58929964,2609.32779574,2612.25285230,2611.13085027,2613.95640990
eth4h:row15070:1723809600,2024-08-16 12:00:00,2568.97000000,-0.01969318,0.04751743,-0.08333319,-0.03527872,-0.06867197,-0.01784138,-0.0002373850,0.0012174936,-0.0011844422,-0.0001025881,-0.0006067524,0.0005291608,2568.36023733,2572.09960928,2565.92900476,2568.70646780,2567.41174419,2570.32975793
eth4h:row15071:1723824000,2024-08-16 16:00:00,2620.40000000,-0.01711266,0.04719342,-0.08465420,-0.03970627,-0.06723198,-0.02404387,-0.0001871349,0.0012111842,-0.0012101662,-0.0001888051,-0.0005787117,0.0004083807,2619.90967754,2623.57570984,2617.23079853,2619.90530181,2618.88398260,2621.47033936
eth4h:row15072:1723838400,2024-08-16 20:00:00,2592.73000000,-0.02105908,0.04692412,-0.08443134,-0.03323130,-0.06481297,-0.01536618,-0.0002639830,0.0012059403,-0.0012058264,-0.0000627190,-0.0005316067,0.0005773600,2592.04565371,2595.85856357,2589.60550180,2592.56739163,2591.35205366,2594.22737082
eth4h:row15073:1723852800,2024-08-17 00:00:00,2595.77000000,-0.02116244,0.05353767,-0.08591580,-0.03249488,-0.06409174,-0.01858942,-0.0002659956,0.0013347249,-0.0012347330,-0.0000483789,-0.0005175623,0.0005145944,2595.07962843,2599.23695211,2592.56689510,2595.64442250,2594.42687497,2597.10611235
eth4h:row15074:1723867200,2024-08-17 04:00:00,2600.24000000,-0.02127497,0.04738808,-0.08404522,-0.03321962,-0.06757902,-0.01657503,-0.0002681869,0.0012149749,-0.0011983076,-0.0000624915,-0.0005854694,0.0005538201,2599.54274308,2603.40114641,2597.12597878,2600.07751212,2598.71808459,2601.68046410
eth4h:row15075:1723881600,2024-08-17 08:00:00,2599.23000000,-0.02170889,0.04588044,-0.08328115,-0.03322850,-0.06514227,-0.01826433,-0.0002766366,0.0011856169,-0.0011834290,-0.0000626645,-0.0005380191,0.0005209247,2598.51105721,2602.31351862,2596.15581535,2599.06712575,2597.83194069,2600.58435574
eth4h:row15076:1723896000,2024-08-17 12:00:00,2606.78000000,-0.02473645,0.04754324,-0.08666878,-0.03243844,-0.06465919,-0.01474787,-0.0003355918,0.0012179962,-0.0012493957,-0.0000472798,-0.0005286122,0.0005894002,2605.90533280,2609.95698244,2603.52513392,2606.65675498,2605.40238853,2608.31688961
eth4h:row15077:1723910400,2024-08-17 16:00:00,2614.94000000,-0.02882617,0.04818065,-0.08913910,-0.02651010,-0.05966922,-0.00294062,-0.0004152301,0.0012304084,-0.0012974998,0.0000681618,-0.0004314431,0.0008193209,2613.85442355,2618.15942432,2611.54931613,2615.11824511,2613.81204546,2617.08335286
eth4h:row15078:1723924800,2024-08-17 20:00:00,2614.51000000,-0.02417629,0.05234957,-0.08917289,-0.03140305,-0.05947468,-0.01579681,-0.0003246838,0.0013115893,-0.0012981579,-0.0000271177,-0.0004276550,0.0005689744,2613.66124875,2617.94141303,2611.11815532,2614.43910138,2613.39213082,2615.99801264
eth4h:row15079:1723939200,2024-08-18 00:00:00,2606.60000000,-0.02532237,0.04935402,-0.08910292,-0.03236447,-0.05693393,-0.01904134,-0.0003470012,0.0012532574,-0.0012967952,-0.0000458394,-0.0003781793,0.0005057941,2605.69566360,2609.86878856,2603.22196430,2606.48051785,2605.61442416,2607.91873650
eth4h:row15080:1723953600,2024-08-18 04:00:00,2608.06000000,-0.02560453,0.05019922,-0.08870762,-0.03030942,-0.06020269,-0.01219129,-0.0003524958,0.0012697157,-0.0012890977,-0.0000058217,-0.0004418314,0.0006391841,2607.14083178,2611.37359795,2604.70012201,2608.04481663,2606.90793166,2609.72756324
eth4h:row15081:1723968000,2024-08-18 08:00:00,2649.40000000,-0.03000336,0.05221761,-0.09001153,-0.03032015,-0.06817770,-0.01109397,-0.0004381534,0.0013090195,-0.0013144885,-0.0000060306,-0.0005971275,0.0006605520,2648.23941070,2652.87038724,2645.91968203,2649.38402245,2647.81844268,2651.15064465
eth4h:row15082:1723982400,2024-08-18 12:00:00,2672.20000000,-0.03344898,0.05132712,-0.09200286,-0.02574984,-0.05705236,-0.00630201,-0.0005052495,0.0012916791,-0.0013532654,0.0000829662,-0.0003804856,0.0007538651,2670.85021332,2675.65385502,2668.58624992,2672.42171141,2671.18345985,2674.21523780
eth4h:row15083:1723996800,2024-08-18 16:00:00,2667.90000000,-0.03402166,0.05040766,-0.09273123,-0.02507113,-0.05090651,-0.00850685,-0.0005164012,0.0012737746,-0.0013674488,0.0000961827,-0.0002608084,0.0007109307,2666.52264883,2671.30046843,2664.25427656,2668.15661828,2667.20427993,2669.79736633
eth4h:row15084:1724011200,2024-08-18 20:00:00,2612.15000000,-0.03178387,0.05320437,-0.09310561,-0.02806858,-0.05560156,-0.00982755,-0.0004728250,0.0013282344,-0.0013747390,0.0000378137,-0.0003522342,0.0006852128,2610.91520220,2615.62185281,2608.56144278,2612.24877699,2611.23007334,2613.94049200
eth4h:row15085:1724025600,2024-08-19 00:00:00,2644.41000000,-0.02619951,0.05003179,-0.08680170,-0.02727072,-0.06420933,-0.00466935,-0.0003640816,0.0012664554,-0.0012519840,0.0000533505,-0.0005198520,0.0007856576,2643.44739411,2647.76114884,2641.10131256,2644.55108429,2643.03565545,2646.48841724
eth4h:row15086:1724040000,2024-08-19 04:00:00,2614.31000000,-0.03302162,0.04659403,-0.08925217,-0.02672015,-0.06252199,-0.00447347,-0.0004969275,0.0011995125,-0.0012997016,0.0000640716,-0.0004869948,0.0007894719,2613.01120025,2617.44777898,2610.91438432,2614.47750839,2613.03715451,2616.37473916
eth4h:row15087:1724054400,2024-08-19 08:00:00,2587.90000000,-0.03663104,0.05353767,-0.09628516,-0.02347348,-0.05059782,-0.00324909,-0.0005672131,0.0013347249,-0.0014366539,0.0001272934,-0.0002547973,0.0008133141,2586.43252541,2591.35644081,2584.18475288,2588.22944352,2587.24069405,2590.00563174
eth4h:row15088:1724068800,2024-08-19 12:00:00,2584.53000000,-0.03574793,0.05301446,-0.09370553,-0.02410279,-0.05637190,-0.00468555,-0.0005500166,0.0013245365,-0.0013864211,0.0001150390,-0.0003672351,0.0007853422,2583.10885645,2587.95557258,2580.94923574,2584.82733889,2583.58104423,2586.56053774
eth4h:row15089:1724083200,2024-08-19 16:00:00,2606.63000000,-0.02997296,0.05701906,-0.09609335,-0.03228347,-0.05866631,-0.01340881,-0.0004375614,0.0014025174,-0.0014329188,-0.0000442620,-0.0004119137,0.0006154756,2605.48968871,2610.28840891,2602.89758558,2606.51462786,2605.55651460,2608.23481095
eth4h:row15090:1724097600,2024-08-19 20:00:00,2636.36000000,-0.02763789,0.05425692,-0.09334456,-0.02919010,-0.05776543,-0.00840282,-0.0003920910,0.0013487307,-0.0013793921,0.0000159745,-0.0003943710,0.0007129563,2635.32650968,2639.91813874,2632.72593276,2636.40211494,2635.32050111,2638.24027979
eth4h:row15091:1724112000,2024-08-20 00:00:00,2661.99000000,-0.03824656,0.04564530,-0.09489160,-0.02287696,-0.05282535,0.00586066,-0.0005986720,0.0011810381,-0.0014095174,0.0001389094,-0.0002981736,0.0009907068,2660.39681817,2665.13576878,2658.24052199,2662.35980109,2661.19638308,2664.62855845
eth4h:row15092:1724126400,2024-08-20 04:00:00,2674.81000000,-0.03660028,0.05194683,-0.09533136,-0.02353923,-0.05459768,0.00134048,-0.0005666142,0.0013037466,-0.0014180808,0.0001260132,-0.0003326859,0.0009026861,2673.29484395,2678.29954867,2671.01959151,2675.14708251,2673.92027637,2677.22560397
eth4h:row15093:1724140800,2024-08-20 08:00:00,2642.45000000,-0.03530364,0.05056746,-0.09400683,-0.02410070,-0.05376323,-0.00198595,-0.0005413650,0.0012768863,-0.0013922883,0.0001150796,-0.0003164368,0.0008379111,2641.01985732,2645.82626337,2638.77350762,2642.75410969,2641.61396384,2644.66506598
eth4h:row15094:1724155200,2024-08-20 12:00:00,2574.99000000,-0.03553824,0.05344880,-0.09988444,-0.02708868,-0.04786933,-0.00088140,-0.0005459334,0.0013329944,-0.0015067422,0.0000568952,-0.0002016658,0.0008594198,2573.58461072,2578.42473588,2571.11307545,2575.13650865,2574.47076489,2577.20394852
eth4h:row15095:1724169600,2024-08-20 16:00:00,2601.94000000,-0.03071623,0.05493618,-0.09598707,-0.02858995,-0.05758661,-0.00211441,-0.0004520350,0.0013619578,-0.0014308493,0.0000276613,-0.0003908890,0.0008354095,2600.76409780,2605.48614668,2598.21967811,2602.01197411,2600.92312912,2604.11459368
eth4h:row15096:1724184000,2024-08-20 20:00:00,2572.82000000,-0.03108733,0.05577607,-0.09748828,-0.02676080,-0.05154620,-0.00125256,-0.0004592614,0.0013783128,-0.0014600820,0.0000632800,-0.0002732650,0.0008521923,2571.63867447,2576.36859568,2569.06621287,2572.98281326,2572.11703428,2575.01347179
eth4h:row15097:1724198400,2024-08-21 00:00:00,2591.50000000,-0.03332822,0.05611373,-0.09845304,-0.02768807,-0.04959846,-0.00760902,-0.0005028980,0.0013848880,-0.0014788687,0.0000452235,-0.0002353369,0.0007284139,2590.19706755,2595.09142351,2587.67034437,2591.61719923,2590.89019617,2593.38837224
eth4h:row15098:1724212800,2024-08-21 04:00:00,2600.72000000,-0.03615861,0.05339105,-0.09709048,-0.02744273,-0.05483419,-0.00572008,-0.0005580136,0.0013318697,-0.0014523357,0.0000500008,-0.0003372915,0.0007651970,2599.26916762,2604.18612779,2596.94562301,2600.85004127,2599.84294725,2602.71082477
eth4h:row15099:1724227200,2024-08-21 08:00:00,2577.60000000,-0.02763431,0.05862869,-0.09800821,-0.02994637,-0.05462681,-0.00437313,-0.0003920213,0.0014338614,-0.0014702066,0.0000012479,-0.0003332532,0.0007914259,2576.58972386,2581.29857206,2573.81317996,2577.60321665,2576.74114966,2579.64078679
eth4h:row15100:1724241600,2024-08-21 12:00:00,2601.89000000,-0.03091710,0.05439455,-0.09760349,-0.02841197,-0.05495559,-0.00112348,-0.0004559465,0.0013514107,-0.0014623256,0.0000311271,-0.0003396555,0.0008547057,2600.70394781,2605.40859908,2598.08797023,2601.97099054,2601.00640391,2604.11480084
eth4h:row15101:1724256000,2024-08-21 16:00:00,2646.43000000,-0.03520005,0.04682476,-0.09556424,-0.02483318,-0.05193128,0.00500530,-0.0005393477,0.0012040054,-0.0014226155,0.0001008161,-0.0002807636,0.0009740506,2645.00303889,2649.61823504,2642.66782427,2646.69681632,2645.68708318,2649.00901257
eth4h:row15102:1724270400,2024-08-21 20:00:00,2630.71000000,-0.02855723,0.05281795,-0.09423947,-0.02673952,-0.05411317,-0.00213694,-0.0004099932,0.0013207098,-0.0013968184,0.0000636944,-0.0003232511,0.0008349708,2629.63164794,2634.18669986,2627.03794094,2630.87756678,2629.85975749,2632.90748331
eth4h:row15103:1724284800,2024-08-22 00:00:00,2616.59000000,-0.03337948,0.05458236,-0.09900223,-0.02846096,-0.05486183,-0.00205561,-0.0005038962,0.0013550680,-0.0014895631,0.0000301730,-0.0003378297,0.0008365545,2615.27184250,2620.13806080,2612.69532554,2616.66895162,2615.70618741,2618.77983605
eth4h:row15104:1724299200,2024-08-22 04:00:00,2636.29000000,-0.03050153,0.05255038,-0.09751963,-0.03190402,-0.05940092,-0.00256873,-0.0004478543,0.0013154996,-0.0014606925,-0.0000368732,-0.0004262187,0.0008265626,2635.10959059,2639.76032042,2632.44200194,2636.19279340,2635.16660346,2638.46995953
eth4h:row15105:1724313600,2024-08-22 08:00:00,2641.91000000,-0.02851205,0.05186058,-0.09814405,-0.03472362,-0.05678097,-0.00803600,-0.0004091134,0.0013020671,-0.0014728517,-0.0000917788,-0.0003752007,0.0007200994,2640.82938033,2645.35218459,2638.02172242,2641.66753992,2640.91893933,2643.81312296
eth4h:row15106:1724328000,2024-08-22 12:00:00,2599.40000000,-0.03218906,0.05169589,-0.10077547,-0.03182606,-0.05171773,-0.00208845,-0.0004807152,0.0012988602,-0.0015240931,-0.0000353550,-0.0002766052,0.0008359150,2598.15072916,2602.77845071,2595.44128998,2599.30809979,2598.68109196,2601.57378588
eth4h:row15107:1724342400,2024-08-22 16:00:00,2606.60000000,-0.03370159,0.05283744,-0.09531628,-0.02849970,-0.06038058,-0.00313401,-0.0005101684,0.0013210893,-0.0014177871,0.0000294186,-0.0004452955,0.0008155551,2605.27053415,2610.04582712,2602.90701459,2606.67668361,2605.43955127,2608.72669297
eth4h:row15108:1724356800,2024-08-22 20:00:00,2622.88000000,-0.02488213,0.05544043,-0.09632235,-0.03444956,-0.05793596,-0.01011915,-0.0003384285,0.0013717770,-0.0014373781,-0.0000864420,-0.0003976917,0.0006795345,2621.99249291,2626.48047553,2619.11263789,2622.65328285,2621.83710988,2624.66294320
eth4h:row15109:1724371200,2024-08-23 00:00:00,2635.72000000,-0.02449601,0.05627257,-0.09479379,-0.03047643,-0.05532426,-0.00559255,-0.0003309096,0.0013879812,-0.0014076127,-0.0000090739,-0.0003468345,0.0007676803,2634.84795913,2639.38086978,2632.01253702,2635.69608377,2634.80599986,2637.74416711
eth4h:row15110:1724385600,2024-08-23 04:00:00,2669.23000000,-0.02903276,0.05340499,-0.09224337,-0.02888225,-0.06220873,-0.00423295,-0.0004192530,0.0013321413,-0.0013579487,0.0000219694,-0.0004808947,0.0007941555,2668.11115185,2672.78816089,2665.60778251,2669.28864201,2667.94669003,2671.35062559
eth4h:row15111:1724400000,2024-08-23 08:00:00,2653.27000000,-0.02567654,0.05318166,-0.08974641,-0.02910857,-0.06326467,-0.00539833,-0.0003538979,0.0013277922,-0.0013093259,0.0000175623,-0.0005014568,0.0007714623,2652.33117943,2656.79533122,2649.79827829,2653.31659800,2651.93983326,2655.31768759
eth4h:row15112:1724414400,2024-08-23 12:00:00,2671.09000000,-0.02811222,0.05224902,-0.09329217,-0.02976553,-0.05838843,-0.00553545,-0.0004013276,0.0013096312,-0.0013783719,0.0000047694,-0.0004065026,0.0007687922,2670.01823295,2674.59043444,2667.41078087,2671.10273953,2670.00441560,2673.14430271
eth4h:row15113:1724428800,2024-08-23 16:00:00,2746.54000000,-0.03366880,0.05083442,-0.09569793,-0.02996663,-0.05918631,-0.00497058,-0.0005095301,0.0012820850,-0.0014252189,0.0000008533,-0.0004220397,0.0007797919,2745.14091180,2750.06355594,2742.62836735,2746.54234361,2745.38109578,2748.68256486
eth4h:row15114:1724443200,2024-08-23 20:00:00,2762.48000000,-0.02576201,0.05352325,-0.09385901,-0.03088240,-0.05847660,-0.00537672,-0.0003555623,0.0013344440,-0.0013894099,-0.0000169793,-0.0004082195,0.0007718831,2761.49794083,2766.16883569,2758.64444819,2762.43309552,2761.35253184,2764.61313469
eth4h:row15115:1724457600,2024-08-24 00:00:00,2746.60000000,-0.02609174,0.05374540,-0.09698503,-0.03353230,-0.05563170,-0.00805939,-0.0003619831,0.0013387699,-0.0014502825,-0.0000685804,-0.0003528213,0.0007196438,2745.60595702,2750.27952777,2742.61954127,2746.41164351,2745.63111207,2748.57728517
eth4h:row15116:1724472000,2024-08-24 04:00:00,2758.48000000,-0.03003066,0.05275691,-0.09272664,-0.03052465,-0.06254916,-0.00805981,-0.0004386850,0.0013195213,-0.0013673594,-0.0000100129,-0.0004875238,0.0007196357,2757.27016166,2762.12227557,2754.71074389,2758.45237972,2757.13550309,2760.46581519
eth4h:row15117:1724486400,2024-08-24 08:00:00,2756.31000000,-0.02669792,0.05380929,-0.08988016,-0.02984880,-0.06403847,-0.00895592,-0.0003737872,0.0013400141,-0.0013119304,0.0000031479,-0.0005165249,0.0007021859,2755.27991919,2760.00597004,2752.69628411,2756.31867672,2754.88666480,2758.24612167
eth4h:row15118:1724500800,2024-08-24 12:00:00,2761.07000000,-0.02819638,0.05372471,-0.09468292,-0.03154777,-0.06076511,-0.00673790,-0.0004029665,0.0013383671,-0.0014054538,-0.0000299358,-0.0004527832,0.0007453771,2759.95760553,2764.76779923,2757.19216925,2760.98734628,2759.82011678,2763.12880554
eth4h:row15119:1724515200,2024-08-24 16:00:00,2793.01000000,-0.03053897,0.05256379,-0.09291112,-0.02953706,-0.06160877,-0.00647595,-0.0004485832,0.0013157607,-0.0013709517,0.0000092183,-0.0004692117,0.0007504780,2791.75738366,2796.68735154,2789.18354169,2793.03574680,2791.69979452,2795.10687917
eth4h:row15120:1724529600,2024-08-24 20:00:00,2768.00000000,-0.02601378,0.04983950,-0.08999383,-0.03005968,-0.05998229,-0.00831283,-0.0003604650,0.0012627110,-0.0013141438,-0.0000009585,-0.0004375396,0.0007147087,2767.00241272,2771.49739181,2764.36483904,2767.99734683,2766.78915543,2769.97902072
eth4h:row15121:1724544000,2024-08-25 00:00:00,2764.53000000,-0.02609222,0.04925639,-0.09159153,-0.03112064,-0.05922838,-0.00680500,-0.0003619924,0.0012513562,-0.0013452556,-0.0000216185,-0.0004228588,0.0007440705,2763.52944217,2767.99157712,2760.81350090,2764.47023574,2763.36124130,2766.58777060
eth4h:row15122:1724558400,2024-08-25 04:00:00,2743.40000000,-0.02749925,0.05227537,-0.08898836,-0.03008441,-0.06679225,-0.00832781,-0.0003893912,0.0013101442,-0.0012945644,-0.0000014402,-0.0005701488,0.0007144170,2742.33195201,2746.99660516,2739.85078977,2743.39604898,2741.83629951,2745.36063200
eth4h:row15123:1724572800,2024-08-25 08:00:00,2750.99000000,-0.02621012,0.05050058,-0.08840995,-0.03081385,-0.06541258,-0.00902038,-0.0003642882,0.0012755841,-0.0012833013,-0.0000156445,-0.0005432828,0.0007009306,2749.98802921,2754.50135802,2747.46191531,2750.94696249,2749.49584046,2752.91892908
eth4h:row15124:1724587200,2024-08-25 12:00:00,2763.81000000,-0.02515690,0.04911990,-0.09102326,-0.03377847,-0.06223727,-0.01085491,-0.0003437792,0.0012486983,-0.0013341898,-0.0000733740,-0.0004814504,0.0006652072,2762.86002299,2767.26332036,2760.12501177,2763.60721570,2762.47968291,2765.64911789
eth4h:row15125:1724601600,2024-08-25 16:00:00,2766.30000000,-0.02597647,0.05245657,-0.09103452,-0.03406636,-0.06537390,-0.01331287,-0.0003597384,0.0013136727,-0.0013344091,-0.0000789800,-0.0005425295,0.0006173437,2765.30503462,2769.93640067,2762.61108583,2766.08152618,2764.79960772,2768.00828510
eth4h:row15126:1724616000,2024-08-25 20:00:00,2746.13000000,-0.02322118,0.05287916,-0.08972400,-0.03301708,-0.06446671,-0.01172305,-0.0003060852,0.0013219018,-0.0013088894,-0.0000585476,-0.0005248641,0.0006483020,2745.28957888,2749.76251463,2742.53797073,2745.96922549,2744.68903323,2747.91089878
eth4h:row15127:1724630400,2024-08-26 00:00:00,2744.34000000,-0.02226298,0.04963959,-0.09008133,-0.03530816,-0.06455366,-0.01124543,-0.0002874262,0.0012588182,-0.0013158477,-0.0001031615,-0.0005265572,0.0006576028,2743.55131802,2747.79680029,2740.73124142,2744.05690448,2742.89532841,2746.14527904
eth4h:row15128:1724644800,2024-08-26 04:00:00,2733.13000000,-0.02324526,0.05010767,-0.08969115,-0.03561787,-0.06571461,-0.01230386,-0.0003065541,0.0012679329,-0.0013082499,-0.0001091923,-0.0005491642,0.0006369921,2732.29227618,2736.59762336,2729.55672080,2732.83157952,2731.62947497,2734.87153689
eth4h:row15129:1724659200,2024-08-26 08:00:00,2737.35000000,-0.02284842,0.05029721,-0.08764052,-0.03228186,-0.06528802,-0.00934356,-0.0002988264,0.0012716238,-0.0012683182,-0.0000442307,-0.0005408573,0.0006946375,2736.53212988,2740.83309365,2733.88037004,2737.22892784,2735.86988471,2739.25212643
eth4h:row15130:1724673600,2024-08-26 12:00:00,2721.69000000,-0.02354031,0.05040766,-0.08962356,-0.03346584,-0.06434618,-0.00978443,-0.0003122994,0.0012737746,-0.0013069337,-0.0000672863,-0.0005225169,0.0006860526,2720.84015047,2725.15902842,2718.13525501,2721.50687382,2720.26824246,2723.55786303
eth4h:row15131:1724688000,2024-08-26 16:00:00,2680.83000000,-0.02112870,0.05178208,-0.08977228,-0.03575401,-0.06484132,-0.01360431,-0.0002653387,0.0013005385,-0.0013098296,-0.0001118433,-0.0005321586,0.0006116686,2680.11876653,2684.31879078,2677.32086824,2680.53018394,2679.40375280,2682.47028110
eth4h:row15132:1724702400,2024-08-26 20:00:00,2680.49000000,-0.01958304,0.05050940,-0.08798759,-0.03521578,-0.06458062,-0.01364430,-0.0002352401,0.0012757558,-0.0012750768,-0.0001013624,-0.0005270821,0.0006108898,2679.85951538,2683.91183301,2677.07434758,2680.21831282,2679.07753395,2682.12798420
eth4h:row15133:1724716800,2024-08-27 00:00:00,2685.27000000,-0.02193277,0.05050165,-0.09034508,-0.03610251,-0.06482367,-0.01349960,-0.0002809961,0.0012756049,-0.0013209836,-0.0001186297,-0.0005318150,0.0006137076,2684.51555556,2688.69752932,2681.72514412,2684.95146604,2683.84231270,2686.91847639
eth4h:row15134:1724731200,2024-08-27 04:00:00,2687.90000000,-0.02223437,0.05169476,-0.08853798,-0.03424792,-0.06809942,-0.01339794,-0.0002868691,0.0012988381,-0.0012857944,-0.0000825154,-0.0005956032,0.0006156871,2687.12903509,2691.39341516,2684.44613420,2687.67821592,2686.29955473,2689.55541498
eth4h:row15135:1724745600,2024-08-27 08:00:00,2626.67000000,-0.02312498,0.05026741,-0.08931052,-0.03350399,-0.06414887,-0.01279552,-0.0003042119,0.0012710435,-0.0013008379,-0.0000680291,-0.0005186748,0.0006274180,2625.87105733,2630.01073451,2623.25534965,2626.49131611,2625.30796576,2628.31853723
eth4h:row15136:1724760000,2024-08-27 12:00:00,2579.30000000,-0.02287488,0.04933871,-0.09086894,-0.03489308,-0.06219124,-0.01362131,-0.0002993417,0.0012529591,-0.0013311848,-0.0000950785,-0.0004805540,0.0006113375,2578.52802352,2582.53378284,2575.86875940,2579.05477557,2578.06080472,2580.87730491
eth4h:row15137:1724774400,2024-08-27 16:00:00,2584.00000000,-0.02179592,0.05006940,-0.08925151,-0.03340958,-0.06324679,-0.01191385,-0.0002783312,0.0012671878,-0.0012996888,-0.0000661906,-0.0005011086,0.0006445867,2583.28089222,2587.27648869,2580.64378564,2583.82896919,2582.70545976,2585.66614893
eth4h:row15138:1724788800,2024-08-27 20:00:00,2457.33000000,-0.02119093,0.05522109,-0.09088301,-0.03131656,-0.05977491,-0.01079075,-0.0002665504,0.0013675058,-0.0013314587,-0.0000254336,-0.0004335013,0.0006664566,2456.67508500,2460.69271170,2454.06034378,2457.26750205,2456.26497515,2458.96824976
eth4h:row15139:1724803200,2024-08-28 00:00:00,2478.45000000,-0.02351301,0.05464805,-0.09151023,-0.03101323,-0.05910714,-0.01224079,-0.0003117678,0.0013563471,-0.0013436725,-0.0000195269,-0.0004204980,0.0006382201,2477.67741942,2481.81391921,2475.12201138,2478.40160393,2477.40803584,2480.03230151
eth4h:row15140:1724817600,2024-08-28 04:00:00,2437.02000000,-0.02423589,0.05294663,-0.09106629,-0.03091846,-0.05981636,-0.01165950,-0.0003258445,0.0013232157,-0.0013350278,-0.0000176815,-0.0004343085,0.0006495396,2436.22603987,2440.24683756,2433.76868141,2436.97691028,2435.96181123,2438.60345511
eth4h:row15141:1724832000,2024-08-28 08:00:00,2523.20000000,-0.02389770,0.05649067,-0.09299814,-0.03114311,-0.05868864,-0.01207801,-0.0003192588,0.0013922281,-0.0013726463,-0.0000220560,-0.0004123486,0.0006413899,2522.39457472,2526.71531638,2519.73891483,2523.14434881,2522.15977643,2524.81887412
eth4h:row15142:1724846400,2024-08-28 12:00:00,2496.05000000,-0.03026276,0.05539490,-0.09641176,-0.02800296,-0.05510793,-0.00402006,-0.0004432046,0.0013708903,-0.0014391191,0.0000390916,-0.0003426219,0.0007983011,2494.94398420,2499.47415724,2492.46047020,2496.14757655,2495.19494521,2498.04339505
eth4h:row15143:1724860800,2024-08-28 16:00:00,2504.88000000,-0.02933996,0.05941326,-0.09738731,-0.02642642,-0.05029335,-0.00391256,-0.0004252351,0.0014491393,-0.0014581158,0.0000697914,-0.0002488683,0.0008003944,2503.81506352,2508.51255143,2501.23025632,2505.05482516,2504.25669232,2506.88569445
eth4h:row15144:1724875200,2024-08-28 20:00:00,2528.33000000,-0.02778571,0.05692912,-0.09537827,-0.02842997,-0.05187270,-0.00766207,-0.0003949694,0.0014007660,-0.0014189942,0.0000307766,-0.0002796229,0.0007273809,2527.33158411,2531.87408028,2524.74485854,2528.40781453,2527.62311983,2530.16972791
eth4h:row15145:1724889600,2024-08-29 00:00:00,2523.40000000,-0.03059595,0.05579145,-0.09522187,-0.02663235,-0.05258365,-0.00420546,-0.0004496928,0.0013786122,-0.0014159486,0.0000657813,-0.0002934671,0.0007946908,2522.26550034,2526.88118918,2519.82952361,2523.56599791,2522.65957373,2525.40611989
eth4h:row15146:1724904000,2024-08-29 04:00:00,2547.53000000,-0.03063409,0.05547560,-0.09296941,-0.02667300,-0.05964761,-0.00524714,-0.0004504356,0.0013724618,-0.0013720869,0.0000649897,-0.0004310224,0.0007744064,2546.38276016,2551.02878814,2544.03696450,2547.69556857,2546.43219416,2549.50358753
eth4h:row15147:1724918400,2024-08-29 08:00:00,2555.21000000,-0.03650241,0.04983247,-0.09449815,-0.02402334,-0.05769357,0.00292787,-0.0005647084,0.0012625741,-0.0014018558,0.0001165862,-0.0003929718,0.0009335971,2553.76745883,2558.43817941,2551.63047371,2555.50791957,2554.20607182,2557.59665064
eth4h:row15148:1724932800,2024-08-29 12:00:00,2575.97000000,-0.03557615,0.05330754,-0.09574591,-0.02394537,-0.05447969,-0.00028213,-0.0005466715,0.0013302436,-0.0014261533,0.0001181043,-0.0003303884,0.0008710892,2574.56217534,2579.39894768,2572.29889038,2576.27425123,2575.11907004,2578.21487714
eth4h:row15149:1724947200,2024-08-29 16:00:00,2528.54000000,-0.03595476,0.05252618,-0.09516507,-0.02396516,-0.05574932,-0.00103485,-0.0005540441,0.0013150283,-0.0014148425,0.0001177190,-0.0003551116,0.0008564316,2527.13946526,2531.86728897,2524.96504370,2528.83767474,2527.64224565,2530.70644917
eth4h:row15150:1724961600,2024-08-29 20:00:00,2527.61000000,-0.03036671,0.05648584,-0.09460407,-0.02411906,-0.05507723,-0.00007355,-0.0004452288,0.0013921341,-0.0014039183,0.0001147222,-0.0003420241,0.0008751509,2526.48488562,2531.13122242,2524.06393190,2527.89998949,2526.74564427,2529.82300845
eth4h:row15151:1724976000,2024-08-30 00:00:00,2516.80000000,-0.02778726,0.05681879,-0.09244209,-0.02585928,-0.06004548,-0.00430277,-0.0003949996,0.0013986176,-0.0013618184,0.0000808352,-0.0004387702,0.0007927960,2515.80606129,2520.32250346,2513.37490818,2517.00345421,2515.69594551,2518.79610024
eth4h:row15152:1724990400,2024-08-30 04:00:00,2517.41000000,-0.03237813,0.05519808,-0.09508079,-0.02361326,-0.05433652,-0.00069418,-0.0004843969,0.0013670578,-0.0014132013,0.0001245716,-0.0003276004,0.0008630654,2516.19086978,2520.85379826,2513.85490547,2517.72361735,2516.58543045,2519.58362741
eth4h:row15153:1725004800,2024-08-30 08:00:00,2512.44000000,-0.03279142,0.05372960,-0.09436964,-0.02381961,-0.05524126,-0.00132054,-0.0004924450,0.0013384623,-0.0013993534,0.0001205534,-0.0003452183,0.0008508685,2511.20306616,2515.80505768,2508.92666743,2512.74290136,2511.57280949,2514.57866582
eth4h:row15154:1725019200,2024-08-30 12:00:00,2448.75000000,-0.03486483,0.05631090,-0.09837937,-0.02631215,-0.05380226,-0.00278604,-0.0005328201,0.0013887275,-0.0014774341,0.0000720164,-0.0003171968,0.0008223311,2447.44560434,2452.15300883,2445.13480461,2448.92635650,2447.97338761,2450.76451142
eth4h:row15155:1725033600,2024-08-30 16:00:00,2506.94000000,-0.03154271,0.05650670,-0.09821253,-0.02692739,-0.05204656,-0.00122282,-0.0004681289,0.0013925403,-0.0014741853,0.0000600359,-0.0002830083,0.0008527714,2505.76670360,2510.43344680,2503.24702854,2507.09051103,2506.23061555,2509.07875863
eth4h:row15156:1725048000,2024-08-30 20:00:00,2526.00000000,-0.03242498,0.05324901,-0.09735131,-0.02719311,-0.05290226,-0.00063227,-0.0004853092,0.0013291038,-0.0014574148,0.0000548617,-0.0002996712,0.0008642711,2524.77440649,2529.35954827,2522.32125161,2526.13858438,2525.24314397,2528.18409244
eth4h:row15157:1725062400,2024-08-31 00:00:00,2523.52000000,-0.03007858,0.05806953,-0.09923177,-0.02858792,-0.04843425,-0.00497926,-0.0004396182,0.0014229731,-0.0014940328,0.0000277008,-0.0002126664,0.0007796227,2522.41085861,2527.11345719,2519.75259330,2523.58990447,2522.98338921,2525.48816062
eth4h:row15158:1725076800,2024-08-31 04:00:00,2521.01000000,-0.03197508,0.05211610,-0.09242063,-0.02541647,-0.05852420,-0.00199081,-0.0004765484,0.0013070429,-0.0013614006,0.0000894578,-0.0004091463,0.0008378165,2519.80890292,2524.30722256,2517.58023077,2521.23553412,2519.97874899,2523.12302874
eth4h:row15159:1725091200,2024-08-31 08:00:00,2525.50000000,-0.03391152,0.05027504,-0.09399014,-0.03035734,-0.06128277,-0.00691771,-0.0005142563,0.0012711921,-0.0013919634,-0.0000067549,-0.0004628637,0.0007418756,2524.20157958,2528.71243696,2521.98704206,2525.48294054,2524.33130830,2527.37430209
eth4h:row15160:1725105600,2024-08-31 12:00:00,2519.19000000,-0.03010492,0.05358566,-0.09438365,-0.03028451,-0.06151471,-0.00576153,-0.0004401312,0.0013356593,-0.0013996261,-0.0000053366,-0.0004673801,0.0007643898,2518.08146992,2522.55702756,2515.66654223,2519.17655621,2518.01285576,2521.11637922
eth4h:row15161:1725120000,2024-08-31 16:00:00,2499.80000000,-0.03690844,0.04848070,-0.09542995,-0.02590774,-0.05730296,0.00300813,-0.0005726149,0.0012362512,-0.0014200005,0.0000798916,-0.0003853653,0.0009351600,2498.36898707,2502.89229181,2496.25280175,2499.99972089,2498.83684935,2502.13880631
eth4h:row15162:1725134400,2024-08-31 20:00:00,2513.01000000,-0.02901058,0.05161626,-0.09277420,-0.02970491,-0.06051803,-0.00504435,-0.0004188212,0.0012973095,-0.0013682857,0.0000059498,-0.0004479720,0.0007783553,2511.95771841,2516.27226739,2509.57383583,2513.02495196,2511.88449410,2514.96677599
eth4h:row15163:1725148800,2024-09-01 00:00:00,2488.74000000,-0.02350133,0.05095322,-0.08754038,-0.02959703,-0.06356220,-0.00923615,-0.0003115404,0.0012843982,-0.0012663682,0.0000080506,-0.0005072506,0.0006967290,2487.96477782,2491.93858686,2485.59033346,2488.76003598,2487.47790531,2490.47458151
eth4h:row15164:1725163200,2024-09-01 04:00:00,2486.82000000,-0.02591090,0.05154086,-0.09245705,-0.03129707,-0.06070394,-0.00705373,-0.0003584617,0.0012958413,-0.0013621097,-0.0000250541,-0.0004515921,0.0007392270,2485.92873011,2490.04461280,2483.43498421,2486.75769585,2485.69722528,2488.65900409
eth4h:row15165:1725177600,2024-09-01 08:00:00,2477.74000000,-0.02684789,0.05207426,-0.08940982,-0.03040097,-0.06997901,-0.00787581,-0.0003767074,0.0013062281,-0.0013027715,-0.0000076045,-0.0006322041,0.0007232187,2476.80679272,2480.97860836,2474.51417256,2477.72115805,2476.17405755,2479.53259607
eth4h:row15166:1725192000,2024-09-01 12:00:00,2480.83000000,-0.02672224,0.05434657,-0.09370273,-0.03017191,-0.06064733,-0.00715273,-0.0003742607,0.0013504764,-0.0013863666,-0.0000031441,-0.0004504897,0.0007372991,2479.90169648,2484.18256563,2477.39304314,2480.82220014,2479.71266321,2482.65978822
eth4h:row15167:1725206400,2024-09-01 16:00:00,2501.71000000,-0.02987771,0.05344857,-0.09695780,-0.03028003,-0.05571866,-0.00710655,-0.0004357067,0.0013329897,-0.0014497520,-0.0000052495,-0.0003545147,0.0007381983,2500.62022564,2505.04697729,2498.08576858,2501.69686727,2500.82326428,2503.55743998
eth4h:row15168:1725220800,2024-09-01 20:00:00,2425.72000000,-0.03021853,0.05735368,-0.09716278,-0.02840231,-0.05473203,-0.00615164,-0.0004423434,0.0014090334,-0.0014537436,0.0000313151,-0.0003353021,0.0007567932,2424.64723602,2429.14032972,2422.19618708,2425.79596291,2424.90678739,2427.55646316
eth4h:row15169:1725235200,2024-09-02 00:00:00,2450.52000000,-0.02333217,0.05835200,-0.09591650,-0.02844397,-0.05245057,-0.00337779,-0.0003082464,0.0014284735,-0.0014294751,0.0000305038,-0.0002908756,0.0008108079,2449.76475252,2454.02300434,2447.01954517,2450.59475135,2449.80730712,2452.50770677
eth4h:row15170:1725249600,2024-09-02 04:00:00,2441.14000000,-0.03121679,0.05490918,-0.09587877,-0.02550439,-0.05348885,-0.00090645,-0.0004617823,0.0013614320,-0.0014287404,0.0000877458,-0.0003110939,0.0008589320,2440.01298490,2444.46570940,2437.65473502,2441.35420923,2440.38069424,2443.23767399
eth4h:row15171:1725264000,2024-09-02 08:00:00,2515.81000000,-0.03396301,0.05842025,-0.09827166,-0.02356742,-0.04829167,-0.00211462,-0.0005152591,0.0014298025,-0.0014753367,0.0001254642,-0.0002098900,0.0008354055,2514.51403984,2519.40968424,2512.10106974,2516.12566381,2515.28201193,2517.91259957
eth4h:row15172:1725278400,2024-09-02 12:00:00,2513.20000000,-0.03576689,0.05693299,-0.09790622,-0.02147708,-0.04998812,0.00353033,-0.0005503857,0.0014008414,-0.0014682206,0.0001661689,-0.0002429248,0.0009453286,2511.81715125,2516.72306171,2509.51277536,2513.61765044,2512.58955555,2515.57692320
eth4h:row15173:1725292800,2024-09-02 16:00:00,2524.25000000,-0.03707414,0.06254847,-0.10302471,-0.02501319,-0.04743015,-0.00102353,-0.0005758415,0.0015101906,-0.0015678922,0.0000973109,-0.0001931137,0.0008566521,2522.79685041,2528.06497863,2520.29534924,2524.49564903,2523.76257981,2526.41333065
eth4h:row15174:1725307200,2024-09-02 20:00:00,2538.01000000,-0.03295879,0.05743045,-0.09665173,-0.02558599,-0.05333074,-0.00305263,-0.0004957041,0.0014105284,-0.0014437920,0.0000861569,-0.0003080150,0.0008171397,2536.75220973,2541.59246114,2534.34828550,2538.22867639,2537.22837529,2540.08475626
eth4h:row15175:1725321600,2024-09-03 00:00:00,2516.00000000,-0.03855400,0.05128152,-0.09694111,-0.02164237,-0.04885839,0.00513457,-0.0006046587,0.0012907912,-0.0014494271,0.0001629504,-0.0002209257,0.0009765678,2514.47913855,2519.24972751,2512.35588312,2516.41001657,2515.44421229,2518.45824473
eth4h:row15176:1725336000,2024-09-03 04:00:00,2519.55000000,-0.03712027,0.05499674,-0.09591823,-0.02290301,-0.05717688,0.00170477,-0.0005767399,0.0013631370,-0.0014295088,0.0001384022,-0.0003829102,0.0009097799,2518.09729392,2522.98683374,2515.95085431,2519.89873533,2518.58542325,2521.84327887
eth4h:row15177:1725350400,2024-09-03 08:00:00,2509.59000000,-0.04031651,0.05326492,-0.09232002,-0.01712481,-0.05990973,0.00726304,-0.0006389798,0.0013294137,-0.0013594413,0.0002509200,-0.0004361267,0.0010180151,2507.98693499,2512.92850193,2506.18067753,2510.21978536,2508.49573937,2512.14610138
eth4h:row15178:1725364800,2024-09-03 12:00:00,2444.01000000,-0.03347294,0.05727161,-0.09609871,-0.02329872,-0.05446154,0.00020044,-0.0005057161,0.0014074352,-0.0014330233,0.0001306965,-0.0003300349,0.0008804862,2442.77433730,2447.45220747,2440.51018503,2444.32944437,2443.20352438,2446.16286483
eth4h:row15179:1725379200,2024-09-03 16:00:00,2447.60000000,-0.03166251,0.05275751,-0.09320705,-0.02540139,-0.06054208,-0.00089305,-0.0004704618,0.0013195329,-0.0013767145,0.0000897515,-0.0004484403,0.0008591929,2446.44876842,2450.83182048,2444.23267216,2447.81968553,2446.50264361,2449.70386411
eth4h:row15180:1725393600,2024-09-03 20:00:00,2425.29000000,-0.02845602,0.05729390,-0.09421008,-0.02572964,-0.05868122,-0.00009974,-0.0004080223,0.0014078693,-0.0013962462,0.0000833596,-0.0004122041,0.0008746408,2424.30062933,2428.70689602,2421.90606092,2425.49217973,2424.29049148,2427.41218555
eth4h:row15181:1725408000,2024-09-04 00:00:00,2373.00000000,-0.02813404,0.05918366,-0.09502905,-0.02658830,-0.06047565,-0.00328150,-0.0004017524,0.0014446684,-0.0014121939,0.0000666390,-0.0004471467,0.0008126830,2372.04683304,2376.43067558,2369.65122907,2373.15813963,2371.93915802,2374.92928059
eth4h:row15182:1725422400,2024-09-04 04:00:00,2401.52000000,-0.03250890,0.05422408,-0.09676724,-0.02683465,-0.05858077,-0.00024184,-0.0004869434,0.0013480912,-0.0014460414,0.0000618419,-0.0004102481,0.0008718738,2400.35088040,2404.75965120,2398.04981234,2401.66851927,2400.53498305,2403.61473534
eth4h:row15183:1725436800,2024-09-04 08:00:00,2398.77000000,-0.02671235,0.05774719,-0.09632545,-0.02978126,-0.05802775,-0.00589668,-0.0003740681,0.0014166962,-0.0014374385,0.0000044630,-0.0003994791,0.0007617579,2397.87286457,2402.17073668,2395.32439273,2398.78070570,2397.81193290,2400.59797826
eth4h:row15184:1725451200,2024-09-04 12:00:00,2455.40000000,-0.02934282,0.05782438,-0.09808861,-0.02848337,-0.05542249,-0.00329841,-0.0004252908,0.0014181993,-0.0014717723,0.0000297366,-0.0003487473,0.0008123537,2454.35596294,2458.88471691,2451.78886832,2455.47301636,2454.54383519,2457.39546357
eth4h:row15185:1725465600,2024-09-04 16:00:00,2452.16000000,-0.03083174,0.05365170,-0.09847020,-0.02758018,-0.05389242,0.00513533,-0.0004542844,0.0013369453,-0.0014792029,0.0000473243,-0.0003189526,0.0009765826,2451.04627496,2455.44059625,2448.53543915,2452.27604942,2451.37800199,2454.55590651
eth4h:row15186:1725480000,2024-09-04 20:00:00,2450.71000000,-0.02778070,0.05762631,-0.09607439,-0.02846948,-0.05603259,-0.00249245,-0.0003948719,0.0014143424,-0.0014325497,0.0000300070,-0.0003606276,0.0008280480,2449.74247443,2454.17859527,2447.20174954,2450.78353967,2449.82636557,2452.74014585
eth4h:row15187:1725494400,2024-09-05 00:00:00,2405.55000000,-0.03108471,0.05481780,-0.09861743,-0.02904026,-0.05097838,-0.00130635,-0.0004592103,0.0013596527,-0.0014820698,0.0000188925,-0.0002622079,0.0008511448,2404.44560028,2408.82293700,2401.98744766,2405.59544717,2404.91932846,2407.59834286
eth4h:row15188:1725508800,2024-09-05 04:00:00,2412.40000000,-0.03357427,0.05417902,-0.09693372,-0.02632366,-0.05542370,0.00198204,-0.0005076892,0.0013472137,-0.0014492831,0.0000717924,-0.0003487708,0.0009151790,2411.17556135,2415.65220866,2408.90628169,2412.57319817,2411.55877203,2414.60878841
eth4h:row15189:1725523200,2024-09-05 08:00:00,2389.54000000,-0.02978711,0.05611927,-0.09772175,-0.03350983,-0.06023671,-0.00780904,-0.0004339425,0.0013849959,-0.0014646284,-0.0000681428,-0.0004424939,0.0007245190,2388.50330206,2392.85179606,2386.04277362,2389.37717552,2388.48287708,2391.27189434
eth4h:row15190:1725537600,2024-09-05 12:00:00,2371.43000000,-0.03094416,0.05516041,-0.09870010,-0.02895908,-0.05307284,0.00036192,-0.0004564734,0.0013663242,-0.0014836796,0.0000204733,-0.0003029930,0.0008836308,2370.34775225,2374.67235677,2367.91416644,2371.47855147,2370.71158206,2373.52639466
eth4h:row15191:1725552000,2024-09-05 16:00:00,2363.97000000,-0.03338103,0.05473603,-0.09463912,-0.02758310,-0.05962406,-0.00483378,-0.0005039263,0.0013580602,-0.0014046008,0.0000472674,-0.0004305639,0.0007824556,2362.77903338,2367.18259459,2360.65189681,2364.08174134,2362.95237891,2365.82042546
eth4h:row15192:1725566400,2024-09-05 20:00:00,2368.81000000,-0.02837854,0.05508704,-0.09212410,-0.02881948,-0.06248631,-0.00625762,-0.0004065135,0.0013648954,-0.0013556262,0.0000231916,-0.0004863000,0.0007547295,2367.84724251,2372.04538540,2365.60095471,2368.86493709,2367.65832787,2370.59848561
eth4h:row15193:1725580800,2024-09-06 00:00:00,2392.63000000,-0.02650683,0.05581004,-0.09057467,-0.02591984,-0.06126009,-0.00332234,-0.0003700661,0.0013789744,-0.0013254545,0.0000796559,-0.0004624220,0.0008118876,2391.74473265,2395.93165137,2389.46077848,2392.82059478,2391.52385095,2394.57333552
eth4h:row15194:1725595200,2024-09-06 04:00:00,2344.45000000,-0.03343921,0.05124796,-0.09408890,-0.02745615,-0.06166511,-0.00297205,-0.0005050591,0.0012901377,-0.0013938866,0.0000497396,-0.0004703088,0.0008187089,2343.26621305,2347.47661533,2341.18437906,2344.56661497,2343.34764379,2346.37020805
eth4h:row15195:1725609600,2024-09-06 08:00:00,2372.95000000,-0.03045838,0.05244923,-0.09314340,-0.02475755,-0.05822590,0.00056117,-0.0004470140,0.0013135299,-0.0013754749,0.0001022890,-0.0004033377,0.0008875106,2371.88949529,2376.06898876,2369.68831064,2373.19273918,2371.99309268,2375.05695318
eth4h:row15196:1725624000,2024-09-06 12:00:00,2290.21000000,-0.03022211,0.05272967,-0.09533399,-0.02682332,-0.05672875,0.00015173,-0.0004424131,0.0013189909,-0.0014181319,0.0000620625,-0.0003741840,0.0008795377,2289.19700530,2293.23275910,2286.96448206,2290.35214052,2289.35320038,2292.22521210
eth4h:row15197:1725638400,2024-09-06 16:00:00,2222.56000000,-0.03373008,0.05920715,-0.10173588,-0.02763538,-0.05108218,-0.00253456,-0.0005107232,0.0014451257,-0.0015427950,0.0000462495,-0.0002642292,0.0008272280,2221.42517681,2225.77420046,2219.13368935,2222.66279463,2221.97281229,2224.39932443
eth4h:row15198:1725652800,2024-09-06 20:00:00,2225.23000000,-0.02859263,0.05769248,-0.09746521,-0.02644334,-0.05291510,-0.00056412,-0.0004106826,0.0014156307,-0.0014596328,0.0000694618,-0.0002999213,0.0008655980,2224.31632437,2228.38233465,2221.98435052,2225.38457376,2224.56270615,2227.15698856
eth4h:row15199:1725667200,2024-09-07 00:00:00,2238.41000000,-0.03120868,0.05963302,-0.10261791,-0.02920238,-0.04868104,-0.00256937,-0.0004616245,0.0014534187,-0.0015599706,0.0000157354,-0.0002174721,0.0008265501,2237.37693359,2241.66571231,2234.92086842,2238.44522261,2237.92326112,2240.26092289
eth4h:row15200:1725681600,2024-09-07 04:00:00,2288.11000000,-0.03319960,0.06309230,-0.10284012,-0.02711813,-0.04898879,-0.00416401,-0.0005003932,0.0015207806,-0.0015642976,0.0000563218,-0.0002234650,0.0007954981,2286.96533163,2291.59236056,2284.53351316,2288.23887409,2287.59874468,2289.93091131
eth4h:row15201:1725696000,2024-09-07 08:00:00,2283.70000000,-0.03930800,0.05512256,-0.09900218,-0.02169482,-0.05121467,0.00464690,-0.0006193412,0.0013655872,-0.0014895619,0.0001619290,-0.0002668091,0.0009670715,2282.28604840,2286.82072177,2280.30081972,2284.06982718,2283.09076934,2285.90956938
eth4h:row15202:1725710400,2024-09-07 12:00:00,2300.49000000,-0.03668051,0.05821306,-0.10255640,-0.02678959,-0.04840953,0.00003210,-0.0005681765,0.0014257680,-0.0015587728,0.0000627194,-0.0002121850,0.0008772082,2299.18328697,2303.77230439,2296.90685221,2300.63428992,2300.00192234,2302.50889410
eth4h:row15203:1725724800,2024-09-07 16:00:00,2290.44000000,-0.03912466,0.05575223,-0.09851282,-0.02092842,-0.05233409,0.00669088,-0.0006157710,0.0013778485,-0.0014800328,0.0001768529,-0.0002886074,0.0010068735,2289.03004768,2293.59805452,2287.05258103,2290.84510679,2289.77905748,2292.74734481
eth4h:row15204:1725739200,2024-09-07 20:00:00,2273.58000000,-0.03996854,0.05368883,-0.09839993,-0.02025155,-0.04897918,0.00757313,-0.0006322038,0.0013376684,-0.0014778345,0.0001900335,-0.0002232778,0.0010240535,2272.14308842,2276.62333112,2270.22250658,2274.01209741,2273.07241669,2275.90946010
eth4h:row15205:1725753600,2024-09-08 00:00:00,2286.04000000,-0.03591161,0.05521948,-0.09674483,-0.02233891,-0.05429759,0.00372258,-0.0005532038,0.0013674744,-0.0014456050,0.0001493868,-0.0003268422,0.0009490724,2284.77570371,2289.16823966,2282.73767674,2286.38152965,2285.29294768,2288.21064728
eth4h:row15206:1725768000,2024-09-08 04:00:00,2294.94000000,-0.03712885,0.05484778,-0.09504663,-0.02162186,-0.05858781,0.00261280,-0.0005769070,0.0013602365,-0.0014125363,0.0001633497,-0.0004103851,0.0009274618,2293.61641478,2298.06378518,2291.70060245,2295.31490827,2293.99838414,2297.06945657
eth4h:row15207:1725782400,2024-09-08 08:00:00,2296.60000000,-0.03841393,0.05634976,-0.09916668,-0.02303956,-0.05538689,0.00258886,-0.0006019311,0.0013894843,-0.0014927654,0.0001357431,-0.0003480541,0.0009269955,2295.21802095,2299.79330754,2293.17427259,2296.91176871,2295.80079808,2298.72992497
eth4h:row15208:1725796800,2024-09-08 12:00:00,2245.74000000,-0.03864913,0.05376590,-0.09851342,-0.02391754,-0.05762774,0.00373289,-0.0006065111,0.0013391691,-0.0014800444,0.0001186464,-0.0003916898,0.0009492732,2244.37834665,2248.74944031,2242.41866353,2246.00646473,2244.86053873,2247.87283287
eth4h:row15209:1725811200,2024-09-08 16:00:00,2272.09000000,-0.03710597,0.05499352,-0.10124206,-0.02356712,-0.04980566,0.00559169,-0.0005764613,0.0013630743,-0.0015331788,0.0001254700,-0.0002393717,0.0009854693,2270.78060538,2275.18913925,2268.60914885,2272.37509695,2271.54619106,2274.33017855
eth4h:row15210:1725825600,2024-09-08 20:00:00,2297.30000000,-0.03596037,0.05632771,-0.09942102,-0.02252511,-0.05135334,0.00375270,-0.0005541532,0.0013890548,-0.0014977180,0.0001457608,-0.0002695094,0.0009496588,2296.02729644,2300.49329291,2293.86186785,2297.63488077,2296.68093948,2299.48268739
eth4h:row15211:1725840000,2024-09-09 00:00:00,2304.23000000,-0.03637915,0.05952407,-0.10338604,-0.02210484,-0.04423879,0.00555873,-0.0005623081,0.0014512970,-0.0015749282,0.0001539447,-0.0001309690,0.0009848274,2302.93467699,2307.57654988,2300.60385949,2304.58475137,2303.92823702,2306.50038671
eth4h:row15212:1725854400,2024-09-09 04:00:00,2314.33000000,-0.03311961,0.06044949,-0.10106676,-0.02273874,-0.04766351,0.00420578,-0.0004988356,0.0014693176,-0.0015297653,0.0001416010,-0.0001976580,0.0009584816,2313.17581765,2317.73298515,2310.79232495,2314.65773461,2313.87259932,2316.54930623
eth4h:row15213:1725868800,2024-09-09 08:00:00,2315.29000000,-0.03828447,0.05751855,-0.10191380,-0.02453027,-0.04947545,0.00203091,-0.0005994101,0.0014122439,-0.0015462596,0.0001067147,-0.0002329416,0.0009161308,2313.90260753,2318.56206402,2311.71272709,2315.53708861,2314.75073552,2317.41208030
eth4h:row15214:1725883200,2024-09-09 12:00:00,2292.55000000,-0.03978436,0.05693031,-0.10294997,-0.02366595,-0.04758987,0.00416108,-0.0006286173,0.0014007892,-0.0015664367,0.0001235456,-0.0001962240,0.0009576111,2291.10931630,2295.76362955,2288.96167675,2292.83325191,2292.10019078,2294.74642291
eth4h:row15215:1725897600,2024-09-09 16:00:00,2350.57000000,-0.04489176,0.05314631,-0.10456818,-0.02266435,-0.04767648,0.00735014,-0.0007280729,0.0013271040,-0.0015979478,0.0001430495,-0.0001979105,0.0010197111,2348.85923648,2353.69152157,2346.81691135,2350.90627193,2350.10484362,2352.96812489
eth4h:row15216:1725912000,2024-09-09 20:00:00,2359.50000000,-0.04414134,0.05669702,-0.10740130,-0.02299033,-0.04243550,0.00667090,-0.0007134601,0.0013962463,-0.0016531168,0.0001367018,-0.0000958538,0.0010064844,2357.81719135,2362.79674420,2355.60269313,2359.82256992,2359.27384388,2361.87599547
eth4h:row15217:1725926400,2024-09-10 00:00:00,2340.84000000,-0.03908591,0.05975325,-0.10386556,-0.02106927,-0.04272692,0.00504181,-0.0006150165,0.0014557598,-0.0015842658,0.0001741102,-0.0001015286,0.0009747615,2339.40078730,2344.25018229,2337.13442341,2341.24759970,2340.60234990,2343.12287319
eth4h:row15218:1725940800,2024-09-10 04:00:00,2363.51000000,-0.04009705,0.05524028,-0.10129248,-0.02184723,-0.04645616,0.00493890,-0.0006347062,0.0013678795,-0.0015341607,0.0001589612,-0.0001741475,0.0009727576,2362.01034159,2366.74520908,2359.88677579,2363.88573614,2363.09843659,2365.81024095
eth4h:row15219:1725955200,2024-09-10 08:00:00,2351.00000000,-0.03746359,0.05743302,-0.09839159,-0.02278237,-0.05231023,0.00316945,-0.0005834254,0.0014105783,-0.0014776720,0.0001407514,-0.0002881428,0.0009383013,2349.62876699,2354.31860961,2347.52855859,2351.33092977,2350.32267381,2353.20698168
eth4h:row15220:1725969600,2024-09-10 12:00:00,2325.01000000,-0.04173975,0.05705995,-0.09852081,-0.01926110,-0.05337841,0.00648970,-0.0006666943,0.0014033137,-0.0014801883,0.0002093204,-0.0003089432,0.0010029560,2323.46044572,2328.27500866,2321.57109306,2325.49672291,2324.29181486,2327.34305244
eth4h:row15221:1725984000,2024-09-10 16:00:00,2380.73000000,-0.04474728,0.05096806,-0.10167139,-0.02072189,-0.04934353,0.01052887,-0.0007252595,0.0012846872,-0.0015415391,0.0001808746,-0.0002303727,0.0010816100,2379.00397904,2383.79045881,2377.06283884,2381.16065261,2380.18160794,2383.30641457
eth4h:row15222:1725998400,2024-09-10 20:00:00,2388.52000000,-0.03790562,0.05569930,-0.09971707,-0.02328406,-0.05051542,0.00320919,-0.0005920329,0.0013768178,-0.0015034830,0.0001309820,-0.0002531927,0.0009390752,2387.10633605,2391.81082186,2384.93159898,2388.83287362,2387.91532077,2390.76405343
eth4h:row15223:1726012800,2024-09-11 00:00:00,2348.31000000,-0.03542309,0.05458219,-0.10149854,-0.02499328,-0.04690627,0.00371725,-0.0005436909,0.0013550645,-0.0015381732,0.0000976986,-0.0001829123,0.0009489685,2347.03359214,2351.49426855,2344.70066916,2348.53943776,2347.88050457,2350.53952990
eth4h:row15224:1726027200,2024-09-11 04:00:00,2341.66000000,-0.03488832,0.05069143,-0.09651994,-0.02476953,-0.05540398,0.00595099,-0.0005332774,0.0012793005,-0.0014412257,0.0001020557,-0.0003483869,0.0009924658,2340.41157856,2344.65760388,2338.28757012,2341.89899204,2340.84433840,2343.98517114
eth4h:row15225:1726041600,2024-09-11 08:00:00,2327.59000000,-0.03309887,0.05274279,-0.09655284,-0.02854846,-0.05951696,0.00007989,-0.0004984317,0.0013192462,-0.0014418664,0.0000284692,-0.0004284782,0.0008781388,2326.43014442,2330.66269064,2324.23634444,2327.65626547,2326.59289209,2329.63484476
eth4h:row15226:1726056000,2024-09-11 12:00:00,2325.90000000,-0.03536003,0.05281086,-0.09907436,-0.02648435,-0.05500916,0.00293857,-0.0005424630,0.0013205717,-0.0014909675,0.0000686632,-0.0003406986,0.0009338055,2324.63862758,2328.97354667,2322.43474265,2326.05970926,2325.10770405,2328.07295254
eth4h:row15227:1726070400,2024-09-11 16:00:00,2340.60000000,-0.03843932,0.05089451,-0.09910911,-0.02674929,-0.05591166,0.00192918,-0.0006024256,0.0012832549,-0.0014916442,0.0000635040,-0.0003582729,0.0009141498,2339.19038734,2343.60551451,2337.11126030,2340.74864225,2339.76157658,2342.74063727
eth4h:row15228:1726084800,2024-09-11 20:00:00,2340.55000000,-0.02915149,0.05677552,-0.09985178,-0.03213356,-0.05441441,-0.00553214,-0.0004215651,0.0013977749,-0.0015061061,-0.0000413429,-0.0003291171,0.0007688566,2339.56351383,2343.82384963,2337.02753656,2340.45323682,2339.77981161,2342.35023932
eth4h:row15229:1726099200,2024-09-12 00:00:00,2368.00000000,-0.02592115,0.05494685,-0.09874242,-0.03183339,-0.05259775,-0.00242486,-0.0003586613,0.0013621655,-0.0014845037,-0.0000354978,-0.0002937416,0.0008293642,2367.15084232,2371.22780586,2364.48730316,2367.91594274,2367.30452201,2369.96474899
eth4h:row15230:1726113600,2024-09-12 04:00:00,2359.59000000,-0.03117888,0.05148274,-0.09662610,-0.03010742,-0.05778292,0.00050924,-0.0004610442,0.0012947096,-0.0014432929,-0.0000018882,-0.0003947116,0.0008864994,2358.50237557,2362.64696235,2356.18687694,2359.58554460,2358.65882615,2361.68270256
eth4h:row15231:1726128000,2024-09-12 08:00:00,2348.55000000,-0.02977376,0.05329026,-0.09362691,-0.02811668,-0.05990833,-0.00090938,-0.0004336825,0.0013299070,-0.0013848902,0.0000368771,-0.0004360994,0.0008588748,2347.53169584,2351.67543083,2345.29976719,2348.63660922,2347.52602193,2350.56797695
eth4h:row15232:1726142400,2024-09-12 12:00:00,2323.20000000,-0.03348892,0.05101974,-0.09775382,-0.02776555,-0.05425029,0.00282495,-0.0005060271,0.0012856935,-0.0014652528,0.0000437146,-0.0003259212,0.0009315929,2322.02469513,2326.18884411,2319.79841737,2323.30155993,2322.44294316,2325.36528515
eth4h:row15233:1726156800,2024-09-12 16:00:00,2361.03000000,-0.03626006,0.05159570,-0.10127800,-0.03026925,-0.05141081,-0.00141118,-0.0005599891,0.0012969091,-0.0015338787,-0.0000050394,-0.0002706286,0.0008491034,2359.70821908,2364.09402769,2357.41124249,2361.01810177,2360.39112426,2363.03561002
eth4h:row15234:1726171200,2024-09-12 20:00:00,2361.76000000,-0.02807407,0.05494023,-0.09908234,-0.03242574,-0.05172769,-0.00572964,-0.0004005848,0.0013620367,-0.0014911230,-0.0000470325,-0.0002767990,0.0007650107,2360.81410439,2364.97899546,2358.24094961,2361.64892305,2361.10635766,2363.56746301
eth4h:row15235:1726185600,2024-09-13 00:00:00,2356.04000000,-0.02796142,0.05617953,-0.10076158,-0.03154860,-0.04778704,-0.00301745,-0.0003983911,0.0013861694,-0.0015238226,-0.0000299521,-0.0002000635,0.0008178248,2355.10156159,2359.30813506,2352.45254696,2355.96943273,2355.56868951,2357.96761599
eth4h:row15236:1726200000,2024-09-13 04:00:00,2348.88000000,-0.03180306,0.05317492,-0.09560721,-0.03073130,-0.05969775,-0.00661109,-0.0004731987,0.0013276611,-0.0014234524,-0.0000140370,-0.0004319988,0.0007478464,2347.76877596,2352.00058762,2345.53885971,2348.84702909,2347.86550581,2350.63725851
eth4h:row15237:1726214400,2024-09-13 08:00:00,2354.35000000,-0.03154736,0.05078406,-0.09210717,-0.02860842,-0.06168670,-0.00564760,-0.0004682194,0.0012811042,-0.0013552966,0.0000273015,-0.0004707292,0.0007666084,2353.24790563,2357.36810053,2351.16131879,2354.41427821,2353.24199940,2356.15555646
eth4h:row15238:1726228800,2024-09-13 12:00:00,2407.79000000,-0.03411262,0.05036385,-0.09818541,-0.02926622,-0.05454171,-0.00247781,-0.0005181724,0.0012729215,-0.0014736572,0.0000144923,-0.0003315961,0.0008283332,2406.54267284,2410.85687913,2404.24435602,2407.82489478,2406.99171870,2409.78527867
eth4h:row15239:1726243200,2024-09-13 16:00:00,2421.07000000,-0.03873890,0.05112679,-0.10005181,-0.02775882,-0.05470758,-0.00048077,-0.0006082591,0.0012877781,-0.0015100013,0.0000438457,-0.0003348259,0.0008672212,2419.59780990,2424.18980924,2417.41693980,2421.17615592,2420.25949873,2423.17051395
eth4h:row15240:1726257600,2024-09-13 20:00:00,2439.19000000,-0.02852564,0.05474515,-0.09612446,-0.02797542,-0.05183305,-0.00355908,-0.0004093780,0.0013582378,-0.0014335247,0.0000396279,-0.0002788508,0.0008072777,2438.19165361,2442.50525102,2435.69586598,2439.28666178,2438.50992480,2441.15989883
eth4h:row15241:1726272000,2024-09-14 00:00:00,2432.94000000,-0.02881818,0.04927499,-0.09499394,-0.03016422,-0.05300767,-0.00402063,-0.0004150746,0.0012517183,-0.0014115102,-0.0000029943,-0.0003017238,0.0007982901,2431.93035798,2435.98726234,2429.50830281,2432.93271498,2432.20603472,2434.88296731
eth4h:row15242:1726286400,2024-09-14 04:00:00,2420.23000000,-0.03170888,0.05179108,-0.09431582,-0.02940152,-0.05915238,-0.00360368,-0.0004713648,0.0013007138,-0.0013983053,0.0000118576,-0.0004213789,0.0008064093,2419.08945749,2423.38007469,2416.84814463,2420.25869834,2419.21038089,2422.18248307
eth4h:row15243:1726300800,2024-09-14 08:00:00,2417.07000000,-0.03151517,0.05219401,-0.09287917,-0.02676145,-0.06151329,-0.00062097,-0.0004675927,0.0013085599,-0.0013703296,0.0000632673,-0.0004673526,0.0008644910,2415.94006000,2420.23495119,2413.76008579,2417.22292622,2415.94064006,2419.16043878
eth4h:row15244:1726315200,2024-09-14 12:00:00,2418.54000000,-0.03592794,0.05064458,-0.09995394,-0.02922760,-0.05335679,-0.00027483,-0.0005535218,0.0012783882,-0.0015080955,0.0000152445,-0.0003085222,0.0008712313,2417.20165575,2421.63381021,2414.89535958,2418.57686962,2417.79394184,2420.64802600
eth4h:row15245:1726329600,2024-09-14 16:00:00,2408.71000000,-0.03210287,0.05469293,-0.10107040,-0.03341768,-0.05232484,-0.00917384,-0.0004790369,0.0013572211,-0.0015298361,-0.0000663484,-0.0002884272,0.0006979425,2407.55641539,2411.98137142,2405.02788580,2408.55019116,2408.01536272,2410.39172783
eth4h:row15246:1726344000,2024-09-14 20:00:00,2417.79000000,-0.02896814,0.05325175,-0.09687858,-0.03117160,-0.05453821,-0.00659182,-0.0004179948,0.0013291572,-0.0014482095,-0.0000226108,-0.0003315279,0.0007482216,2416.77958744,2421.00575959,2414.29106774,2417.73533234,2416.98856810,2419.59971968
eth4h:row15247:1726358400,2024-09-15 00:00:00,2420.09000000,-0.02830379,0.05496449,-0.09759384,-0.03202377,-0.05551894,-0.00534033,-0.0004050580,0.0013625091,-0.0014621376,-0.0000392050,-0.0003506256,0.0007725917,2419.10992171,2423.38964198,2416.55408112,2419.99512231,2419.24160335,2421.96046380
eth4h:row15248:1726372800,2024-09-15 04:00:00,2422.90000000,-0.03071981,0.05479909,-0.09365671,-0.02865640,-0.06244649,-0.00456515,-0.0004521047,0.0013592882,-0.0013854706,0.0000263672,-0.0004855246,0.0007876868,2421.80484320,2426.19565879,2419.54546772,2422.96388588,2421.72390793,2424.80923812
eth4h:row15249:1726387200,2024-09-15 08:00:00,2406.86000000,-0.03334014,0.05117781,-0.09507786,-0.02638124,-0.05415690,-0.00205800,-0.0005031301,0.0012887716,-0.0014131445,0.0000706712,-0.0003241028,0.0008365081,2405.64934085,2409.96389251,2403.46116123,2407.03010164,2406.08005644,2408.87420023
eth4h:row15250:1726401600,2024-09-15 12:00:00,2408.71000000,-0.03228192,0.05291391,-0.09707730,-0.02862320,-0.05394975,-0.00460654,-0.0004825235,0.0013225785,-0.0014520792,0.0000270137,-0.0003200688,0.0007868807,2407.54802108,2411.89781564,2405.21490054,2408.77506899,2407.93917035,2410.60611328
eth4h:row15251:1726416000,2024-09-15 16:00:00,2372.35000000,-0.03107362,0.05565495,-0.09779512,-0.02892755,-0.05542091,-0.00322571,-0.0004589944,0.0013759543,-0.0014660572,0.0000210873,-0.0003487165,0.0008137694,2371.26135448,2375.61649194,2368.87454753,2372.40002695,2371.52286654,2374.28133152
eth4h:row15252:1726430400,2024-09-15 20:00:00,2316.10000000,-0.02741580,0.05626727,-0.09824758,-0.02896843,-0.05134347,-0.00143832,-0.0003877663,0.0013878779,-0.0014748678,0.0000202911,-0.0002693173,0.0008485750,2315.20206856,2319.31669563,2312.68657645,2316.14699661,2315.47631816,2318.06621875
eth4h:row15253:1726444800,2024-09-16 00:00:00,2278.38000000,-0.03067153,0.05379701,-0.09759872,-0.02932725,-0.05298119,-0.00338035,-0.0004511645,0.0013397750,-0.0014622327,0.0000133038,-0.0003012082,0.0008107580,2277.35230764,2281.43456233,2275.05091271,2278.41031136,2277.69383657,2280.22796389
eth4h:row15254:1726459200,2024-09-16 04:00:00,2310.69000000,-0.03125291,0.05223662,-0.09543919,-0.02790866,-0.05507735,-0.00262600,-0.0004624857,0.0013093898,-0.0014201804,0.0000409278,-0.0003420264,0.0008254475,2309.62158598,2313.71757557,2307.41073237,2310.78457341,2309.89981809,2312.59814067
eth4h:row15255:1726473600,2024-09-16 08:00:00,2307.80000000,-0.03170471,0.05740888,-0.09722858,-0.02716802,-0.05479709,-0.00430762,-0.0004712836,0.0014101082,-0.0014550250,0.0000553503,-0.0003365689,0.0007927015,2306.71262796,2311.05654326,2304.44453511,2307.92774099,2307.02339688,2309.63012169
eth4h:row15256:1726488000,2024-09-16 12:00:00,2287.72000000,-0.03308170,0.05916543,-0.10231053,-0.02843473,-0.04865589,-0.00362610,-0.0004980974,0.0014443132,-0.0015539850,0.0000306837,-0.0002169823,0.0008059726,2286.58077628,2291.02657153,2284.16767828,2287.79019683,2287.22365903,2289.56458282
eth4h:row15257:1726502400,2024-09-16 16:00:00,2275.22000000,-0.03036444,0.05422140,-0.09769409,-0.02813021,-0.05231794,-0.00092199,-0.0004451847,0.0013480390,-0.0014640898,0.0000366136,-0.0002882928,0.0008586293,2274.20733222,2278.28915347,2271.89131091,2275.30330550,2274.56416490,2277.17440960
eth4h:row15258:1726516800,2024-09-16 20:00:00,2295.68000000,-0.03011696,0.05177666,-0.09472280,-0.02793322,-0.05402536,-0.00202342,-0.0004403656,0.0013004329,-0.0014062303,0.0000404496,-0.0003215412,0.0008371813,2294.66928400,2298.66731973,2292.45401392,2295.77286124,2294.94196307,2297.60270507
eth4h:row15259:1726531200,2024-09-17 00:00:00,2284.18000000,-0.03388815,0.05265517,-0.09535467,-0.02354161,-0.05330685,0.00542108,-0.0005138013,0.0013175400,-0.0014185346,0.0001259667,-0.0003075498,0.0009821469,2283.00668674,2287.19148199,2280.94210868,2284.46774883,2283.47760883,2286.42450227
eth4h:row15260:1726545600,2024-09-17 04:00:00,2309.18000000,-0.03770392,0.05081476,-0.09537756,-0.02100525,-0.05507382,0.01032251,-0.0005881052,0.0012817020,-0.0014189803,0.0001753568,-0.0003419577,0.0010775918,2307.82235848,2312.14157805,2305.90564272,2309.58496592,2308.39049321,2311.66969463
eth4h:row15261:1726560000,2024-09-17 08:00:00,2308.12000000,-0.03153675,0.05137665,-0.09646296,-0.02825914,-0.05465463,0.00102392,-0.0004680128,0.0012926436,-0.0014401161,0.0000341031,-0.0003337949,0.0008965218,2307.04002298,2311.10550575,2304.79843142,2308.19871529,2307.34968978,2310.19020774
eth4h:row15262:1726574400,2024-09-17 12:00:00,2383.79000000,-0.03121750,0.04747958,-0.09486680,-0.02845256,-0.05465527,0.00089182,-0.0004617963,0.0012167566,-0.0014090345,0.0000303367,-0.0003338074,0.0008939495,2382.68942881,2386.69225746,2380.43352286,2383.86231736,2382.99440600,2385.92194056
eth4h:row15263:1726588800,2024-09-17 16:00:00,2353.09000000,-0.03367965,0.04741431,-0.09481662,-0.02835373,-0.05992721,0.00183744,-0.0005097413,0.0012154856,-0.0014080572,0.0000322611,-0.0004364671,0.0009123632,2351.89083851,2355.95188603,2349.77904616,2353.16591443,2352.06317775,2355.23785244
eth4h:row15264:1726603200,2024-09-17 20:00:00,2341.80000000,-0.03249996,0.04938216,-0.09416538,-0.02890823,-0.06217523,-0.00051829,-0.0004867693,0.0012538052,-0.0013953757,0.0000214633,-0.0004802424,0.0008664906,2340.66036109,2344.73800250,2338.53458788,2341.85026339,2340.67563834,2343.83002700
eth4h:row15265:1726617600,2024-09-18 00:00:00,2334.79000000,-0.03297858,0.04452170,-0.09231620,-0.02933131,-0.06279230,-0.00083553,-0.0004960895,0.0011591582,-0.0013593671,0.0000132249,-0.0004922585,0.0008603129,2333.63202251,2337.49796024,2331.61831962,2334.82087755,2333.64096267,2336.79951424
eth4h:row15266:1726632000,2024-09-18 04:00:00,2330.00000000,-0.03388660,0.04528386,-0.09370738,-0.03037332,-0.06035160,-0.00489349,-0.0005137711,0.0011739997,-0.0013864571,-0.0000070660,-0.0004447311,0.0007812929,2328.80322069,2332.73702573,2326.77179329,2329.98353635,2328.96400698,2331.82112383
eth4h:row15267:1726646400,2024-09-18 08:00:00,2300.59000000,-0.02979522,0.04937053,-0.09384822,-0.02862088,-0.05882183,-0.00231434,-0.0004341003,0.0012535789,-0.0013891998,0.0000270589,-0.0004149421,0.0008315163,2299.59152988,2303.47577944,2297.39623974,2300.65225237,2299.63558628,2302.50377375
eth4h:row15268:1726660800,2024-09-18 12:00:00,2296.00000000,-0.03006308,0.04793591,-0.09358519,-0.02699081,-0.05685383,0.00275633,-0.0004393164,0.0012256427,-0.0013840778,0.0000588010,-0.0003766197,0.0009302567,2294.99155112,2298.81580081,2292.82435565,2296.13501104,2295.13544406,2298.13686318
eth4h:row15269:1726675200,2024-09-18 16:00:00,2315.19000000,-0.02639167,0.05295677,-0.09352904,-0.03021101,-0.05634644,-0.00704996,-0.0003678236,0.0013234130,-0.0013829844,-0.0000039055,-0.0003667392,0.0007393004,2314.33857497,2318.25598091,2311.99034139,2315.18095814,2314.34108484,2316.90225375
eth4h:row15270:1726689600,2024-09-18 20:00:00,2374.75000000,-0.02807241,0.04828299,-0.09303647,-0.02992807,-0.05442140,-0.00644245,-0.0004005523,0.0012324013,-0.0013733926,0.0000016042,-0.0003292532,0.0007511303,2373.79897899,2377.67844905,2371.49077451,2374.75380969,2373.96823458,2376.53441665
eth4h:row15271:1726704000,2024-09-19 00:00:00,2403.68000000,-0.03189747,0.05138344,-0.09777754,-0.03116344,-0.05293516,-0.00472486,-0.0004750372,0.0012927759,-0.0014657148,-0.0000224518,-0.0003003119,0.0007845768,2402.53843372,2406.78942910,2400.15947143,2403.62603359,2402.95825470,2405.56661144
eth4h:row15272:1726718400,2024-09-19 04:00:00,2438.06000000,-0.03277259,0.05050571,-0.09783738,-0.03338550,-0.05679918,-0.00831900,-0.0004920782,0.0012756839,-0.0014668801,-0.0000657217,-0.0003755553,0.0007145885,2436.86057897,2441.17217848,2434.48628012,2437.89977188,2437.14454548,2439.80283236
eth4h:row15273:1726732800,2024-09-19 08:00:00,2435.35000000,-0.03476780,0.04280729,-0.09590685,-0.03081207,-0.05300580,-0.00313264,-0.0005309305,0.0011257738,-0.0014292871,-0.0000156097,-0.0003016876,0.0008155818,2434.05734155,2438.09319714,2431.87167207,2435.31198528,2434.61539598,2437.33703726
eth4h:row15274:1726747200,2024-09-19 12:00:00,2440.00000000,-0.03695839,0.04188485,-0.09517603,-0.03122817,-0.05464426,-0.00518128,-0.0005735875,0.0011078113,-0.0014150561,-0.0000237123,-0.0003335930,0.0007756889,2438.60084775,2442.70455733,2436.54970492,2439.94214262,2439.18616886,2441.89341519
eth4h:row15275:1726761600,2024-09-19 16:00:00,2460.93000000,-0.03860335,0.04426152,-0.09198879,-0.02620647,-0.05952469,-0.00020438,-0.0006056197,0.0011540919,-0.0013529915,0.0000740743,-0.0004286288,0.0008726033,2459.44006343,2463.77177892,2457.60263412,2461.11229834,2459.87540059,2463.07835272
eth4h:row15276:1726776000,2024-09-19 20:00:00,2465.21000000,-0.03523235,0.04653455,-0.08999913,-0.02484606,-0.05860925,-0.00031146,-0.0005399768,0.0011983541,-0.0013142471,0.0001005654,-0.0004108026,0.0008705181,2463.87920314,2468.16596536,2461.97223298,2465.45792739,2464.19749328,2467.35694428
eth4h:row15277:1726790400,2024-09-20 00:00:00,2520.56000000,-0.02989285,0.04697586,-0.08791506,-0.03102539,-0.06279178,-0.01198512,-0.0004360015,0.0012069477,-0.0012736642,-0.0000197637,-0.0004922483,0.0006431988,2519.46127160,2523.60402080,2517.35169651,2520.51018486,2519.31956390,2522.18174270
eth4h:row15278:1726804800,2024-09-20 04:00:00,2561.00000000,-0.02920036,0.04624987,-0.08761602,-0.03116993,-0.06078415,-0.01259382,-0.0004225168,0.0011928108,-0.0012678411,-0.0000225783,-0.0004531541,0.0006313457,2559.91816299,2564.05661096,2557.75511631,2560.94217751,2559.83973534,2562.61738696
eth4h:row15279:1726819200,2024-09-20 08:00:00,2544.96000000,-0.02716367,0.04694391,-0.08557677,-0.03249590,-0.07039757,-0.01298877,-0.0003828567,0.0012063256,-0.0012281311,-0.0000483986,-0.0006403547,0.0006236548,2543.98583160,2548.03190292,2541.83637407,2544.83683036,2543.33084465,2546.54767166
eth4h:row15280:1726833600,2024-09-20 12:00:00,2560.27000000,-0.03092377,0.04388524,-0.08659350,-0.03321139,-0.07158658,-0.01182256,-0.0004560765,0.0011467646,-0.0012479298,-0.0000623314,-0.0006635080,0.0006463643,2559.10258731,2563.20771108,2557.07695552,2560.11041989,2558.57180372,2561.92540195
eth4h:row15281:1726848000,2024-09-20 16:00:00,2540.98000000,-0.02771931,0.04303802,-0.08596908,-0.03318010,-0.06855829,-0.01067617,-0.0003936764,0.0011302668,-0.0012357706,-0.0000617220,-0.0006045387,0.0006686877,2539.97987290,2543.85360900,2537.84187101,2540.82317048,2539.44434357,2542.67969040
eth4h:row15282:1726862400,2024-09-20 20:00:00,2561.40000000,-0.02846353,0.03958476,-0.08516490,-0.03387330,-0.06750405,-0.01346777,-0.0004081686,0.0010630221,-0.0012201108,-0.0000752206,-0.0005840096,0.0006143274,2560.35473030,2564.12427259,2558.27671390,2561.20733718,2559.90455460,2562.97402163
eth4h:row15283:1726876800,2024-09-21 00:00:00,2544.00000000,-0.02206903,0.04237408,-0.08414548,-0.03547261,-0.06918935,-0.01358199,-0.0002836494,0.0011173381,-0.0012002599,-0.0001063638,-0.0006168273,0.0006121033,2543.27849822,2546.84409668,2540.94837066,2543.72942500,2542.43127528,2545.55766737
eth4h:row15284:1726891200,2024-09-21 04:00:00,2555.77000000,-0.01899343,0.04448766,-0.08105092,-0.03563426,-0.07364586,-0.01586343,-0.0002237588,0.0011584955,-0.0011400001,-0.0001095115,-0.0007036081,0.0005676771,2555.19818807,2558.73256376,2552.85808204,2555.49012913,2553.97237205,2557.22126399
eth4h:row15285:1726905600,2024-09-21 08:00:00,2556.50000000,-0.02110915,0.04077578,-0.08563619,-0.04031299,-0.06962869,-0.01953128,-0.0002649580,0.0010862147,-0.0012292883,-0.0002006196,-0.0006253823,0.0004962537,2555.82272471,2559.27841650,2553.35925541,2555.98716749,2554.90170998,2557.76898747
eth4h:row15286:1726920000,2024-09-21 12:00:00,2560.00000000,-0.02068155,0.04152209,-0.08304881,-0.03962712,-0.07242477,-0.02049362,-0.0002566313,0.0011007474,-0.0011789047,-0.0001872637,-0.0006798300,0.0004775141,2559.34310817,2562.81946491,2556.98378234,2559.52064973,2558.26022668,2561.22272799
eth4h:row15287:1726934400,2024-09-21 16:00:00,2572.05000000,-0.02233689,0.04235614,-0.08492481,-0.04088787,-0.07289928,-0.02192653,-0.0002888655,0.0011169887,-0.0012154356,-0.0002118143,-0.0006890701,0.0004496113,2571.30713086,2574.92455595,2568.92573782,2571.50526083,2570.27828775,2573.20668263
eth4h:row15288:1726948800,2024-09-21 20:00:00,2612.40000000,-0.02140622,0.04260141,-0.08726632,-0.04264943,-0.07059301,-0.02165213,-0.0002707427,0.0011217649,-0.0012610315,-0.0002461167,-0.0006441605,0.0004549547,2611.69280739,2615.33214285,2609.10775765,2611.75712372,2610.71773696,2613.58879405
eth4h:row15289:1726963200,2024-09-22 00:00:00,2594.71000000,-0.01895945,0.04276551,-0.08538394,-0.04110704,-0.06792337,-0.02133989,-0.0002230972,0.0011249602,-0.0012243763,-0.0002160820,-0.0005921749,0.0004610349,2594.13119211,2597.63058797,2591.53504266,2594.14939032,2593.17393272,2595.90652760
eth4h:row15290:1726977600,2024-09-22 04:00:00,2587.99000000,-0.01838725,0.04070402,-0.08297151,-0.03999386,-0.06831878,-0.02013576,-0.0002119547,0.0010848172,-0.0011773993,-0.0001944053,-0.0005998748,0.0004844828,2587.44152142,2590.79901947,2584.94469559,2587.48692982,2586.43799558,2589.24414033
eth4h:row15291:1726992000,2024-09-22 08:00:00,2580.59000000,-0.01689200,0.04178835,-0.07870614,-0.03766267,-0.07247318,-0.02064974,-0.0001828381,0.0011059322,-0.0010943404,-0.0001490103,-0.0006807727,0.0004744740,2580.11821293,2583.44553619,2577.76750067,2580.20549413,2578.83380253,2581.81471339
eth4h:row15292:1727006400,2024-09-22 12:00:00,2570.51000000,-0.01875739,0.04028959,-0.07946133,-0.03898225,-0.07308356,-0.02273720,-0.0002191625,0.0010767471,-0.0011090462,-0.0001747064,-0.0006926586,0.0004338252,2569.94670235,2573.27927974,2567.66076604,2570.06095462,2568.73013064,2571.62539406
eth4h:row15293:1727020800,2024-09-22 16:00:00,2578.37000000,-0.02035515,0.03944445,-0.08196091,-0.03959272,-0.07066947,-0.02144646,-0.0002502755,0.0010602899,-0.0011577201,-0.0001865940,-0.0006456494,0.0004589596,2577.72477801,2581.10526951,2575.38669653,2577.88893645,2576.70581435,2579.55363925
eth4h:row15294:1727035200,2024-09-22 20:00:00,2581.00000000,-0.02056782,0.04028804,-0.08418577,-0.04136435,-0.06932363,-0.02434495,-0.0002544167,0.0010767169,-0.0012010445,-0.0002210927,-0.0006194420,0.0004025179,2580.34343393,2583.78050293,2577.90196503,2580.42942290,2579.40171533,2582.03910774
eth4h:row15295:1727049600,2024-09-23 00:00:00,2676.71000000,-0.02074688,0.03788400,-0.08326917,-0.04087565,-0.06932428,-0.02341254,-0.0002579034,0.0010299035,-0.0011831957,-0.0002115763,-0.0006194547,0.0004206745,2676.01975642,2679.46817313,2673.54480123,2676.14373145,2675.05241274,2677.83626065
eth4h:row15296:1727064000,2024-09-23 04:00:00,2646.48000000,-0.01967483,0.03907628,-0.08183300,-0.03964232,-0.06977746,-0.02316933,-0.0002370276,0.0010531204,-0.0011552293,-0.0001875597,-0.0006282793,0.0004254104,2645.85278566,2649.26853024,2643.42447408,2645.98367355,2644.81779353,2647.60607956
eth4h:row15297:1727078400,2024-09-23 08:00:00,2646.00000000,-0.02001374,0.03825039,-0.08051836,-0.03868232,-0.07218610,-0.02170057,-0.0002436271,0.0010370382,-0.0011296295,-0.0001688659,-0.0006751824,0.0004540114,2645.35544113,2648.74542630,2643.01268793,2645.55321849,2644.21407044,2647.20158681
eth4h:row15298:1727092800,2024-09-23 12:00:00,2675.38000000,-0.02159064,0.03596599,-0.07951694,-0.03637723,-0.07176797,-0.01799076,-0.0002743339,0.0009925543,-0.0011101291,-0.0001239793,-0.0006670403,0.0005262519,2674.64615334,2678.03677811,2672.41163086,2675.04832891,2673.59600891,2676.78829422
eth4h:row15299:1727107200,2024-09-23 16:00:00,2672.97000000,-0.02080207,0.03815342,-0.08011853,-0.03631608,-0.06998672,-0.01939994,-0.0002589782,0.0010351498,-0.0011218437,-0.0001227884,-0.0006323542,0.0004988113,2672.27784874,2675.73835682,2669.97302678,2672.64181039,2671.28027061,2674.30364011
eth4h:row15300:1727121600,2024-09-23 20:00:00,2646.97000000,-0.02118163,0.03884781,-0.08237719,-0.03642945,-0.06607930,-0.01895167,-0.0002663693,0.0010486716,-0.0011658262,-0.0001249960,-0.0005562657,0.0005075404,2646.26502226,2649.74725817,2643.88589111,2646.63915997,2645.49799071,2648.31378514
eth4h:row15301:1727136000,2024-09-24 00:00:00,2627.40000000,-0.02012556,0.04071451,-0.08340805,-0.03788094,-0.06594938,-0.01877904,-0.0002458046,0.0010850215,-0.0011859000,-0.0001532607,-0.0005537358,0.0005109020,2626.75425249,2630.25233262,2624.28601307,2626.99735371,2625.94551736,2628.74268681
eth4h:row15302:1727150400,2024-09-24 04:00:00,2647.00000000,-0.01709168,0.04363734,-0.08230787,-0.04060302,-0.06885913,-0.02568623,-0.0001867264,0.0011419374,-0.0011644763,-0.0002062674,-0.0006103969,0.0003763993,2646.50578146,2650.02443470,2643.91942508,2646.45406648,2645.38477252,2647.99651641
eth4h:row15303:1727164800,2024-09-24 08:00:00,2636.85000000,-0.01908689,0.04005075,-0.08213013,-0.03990917,-0.06779823,-0.02370631,-0.0002255787,0.0010720963,-0.0011610152,-0.0001927560,-0.0005897381,0.0004149539,2636.25524992,2639.67847294,2633.79035349,2636.34178025,2635.29540762,2637.94439820
eth4h:row15304:1727179200,2024-09-24 12:00:00,2612.44000000,-0.02215784,0.04128040,-0.08307420,-0.03946112,-0.06959954,-0.02337286,-0.0002853788,0.0010960409,-0.0011793991,-0.0001840313,-0.0006248147,0.0004214473,2611.69457134,2615.30491086,2609.36070682,2611.95927361,2610.80821885,2613.54123773
eth4h:row15305:1727193600,2024-09-24 16:00:00,2650.49000000,-0.02276139,0.03868444,-0.08271783,-0.03956465,-0.07150733,-0.02251590,-0.0002971318,0.0010454902,-0.0011724594,-0.0001860473,-0.0006619649,0.0004381345,2649.70257219,2653.26251033,2647.38422901,2649.99692924,2648.73604917,2651.65152563
eth4h:row15306:1727208000,2024-09-24 20:00:00,2653.20000000,-0.02169733,0.03838957,-0.08229958,-0.03796921,-0.06732197,-0.02070680,-0.0002764115,0.0010397483,-0.0011643150,-0.0001549796,-0.0005804640,0.0004733629,2652.46672645,2655.96009494,2650.11263708,2652.78883986,2651.66035978,2654.45622388
eth4h:row15307:1727222400,2024-09-25 00:00:00,2646.60000000,-0.02253180,0.03663195,-0.08085858,-0.03785996,-0.06916772,-0.02141159,-0.0002926609,0.0010055224,-0.0011362546,-0.0001528521,-0.0006164060,0.0004596386,2645.82555708,2649.26255412,2643.59449636,2646.19549245,2644.96912270,2647.81675910
eth4h:row15308:1727236800,2024-09-25 04:00:00,2621.47000000,-0.02070301,0.03738386,-0.07965928,-0.03664194,-0.07070442,-0.01768124,-0.0002570491,0.0010201643,-0.0011129007,-0.0001291338,-0.0006463298,0.0005322792,2620.79623999,2624.14569476,2618.55418690,2621.13150145,2619.77621323,2622.86572544
eth4h:row15309:1727251200,2024-09-25 08:00:00,2627.40000000,-0.01854830,0.03846390,-0.07884323,-0.03800569,-0.07166295,-0.02144838,-0.0002150909,0.0010411957,-0.0010970100,-0.0001556900,-0.0006649952,0.0004589222,2626.83493105,2630.13706223,2624.51929633,2626.99097199,2625.65337256,2628.60604881
eth4h:row15310:1727265600,2024-09-25 12:00:00,2600.81000000,-0.02312033,0.03950680,-0.08162355,-0.03744422,-0.06974010,-0.02222818,-0.0003041213,0.0010615040,-0.0011511507,-0.0001447565,-0.0006275519,0.0004437374,2600.01915844,2603.57223593,2597.81779838,2600.43354322,2599.17836881,2601.96433272
eth4h:row15311:1727280000,2024-09-25 16:00:00,2570.69000000,-0.02067177,0.04150499,-0.08260476,-0.03798483,-0.06741618,-0.02183622,-0.0002564409,0.0011004143,-0.0011702577,-0.0001552837,-0.0005822985,0.0004513700,2570.03085434,2573.52038111,2567.68338995,2570.29084463,2569.19352693,2571.85059416
eth4h:row15312:1727294400,2024-09-25 20:00:00,2579.95000000,-0.01948814,0.04384518,-0.08427303,-0.04084901,-0.06986779,-0.02472520,-0.0002333923,0.0011459846,-0.0012027437,-0.0002110575,-0.0006300383,0.0003951134,2579.34792972,2582.90827775,2576.84884673,2579.40553966,2578.32504455,2580.96957414
eth4h:row15313:1727308800,2024-09-26 00:00:00,2602.30000000,-0.02049368,0.04259253,-0.08449262,-0.04043744,-0.06765711,-0.02405379,-0.0002529729,0.0011215919,-0.0012070196,-0.0002030431,-0.0005869902,0.0004081875,2601.64177199,2605.22035612,2599.16086775,2601.77167468,2600.77292369,2603.36244305
eth4h:row15314:1727323200,2024-09-26 04:00:00,2629.80000000,-0.02067642,0.04050387,-0.08137994,-0.03699742,-0.06861432,-0.02068111,-0.0002565315,0.0010809197,-0.0011464070,-0.0001360561,-0.0006056297,0.0004738632,2629.12546004,2632.64413944,2626.78690629,2629.44222412,2628.20779722,2631.04646074
eth4h:row15315:1727337600,2024-09-26 08:00:00,2628.80000000,-0.02298467,0.03807236,-0.08216917,-0.03688107,-0.06748593,-0.01944196,-0.0003014797,0.0010335712,-0.0011617755,-0.0001337904,-0.0005836567,0.0004979930,2628.00758975,2631.51845669,2625.74769804,2628.44831526,2627.26613086,2630.10944997
eth4h:row15316:1727352000,2024-09-26 12:00:00,2652.01000000,-0.02248375,0.03773064,-0.08017325,-0.03603856,-0.07065316,-0.01846993,-0.0002917254,0.0010269171,-0.0011229092,-0.0001173843,-0.0006453316,0.0005169212,2651.23645425,2654.73479327,2649.03370490,2651.69871385,2650.29912616,2653.38123462
eth4h:row15317:1727366400,2024-09-26 16:00:00,2648.99000000,-0.02533012,0.03393102,-0.07896613,-0.03537915,-0.07201950,-0.01792615,-0.0003471521,0.0009529278,-0.0010994033,-0.0001045438,-0.0006719383,0.0005275100,2648.07055721,2651.51549926,2646.07929199,2648.71307894,2647.21064007,2650.38773741
eth4h:row15318:1727380800,2024-09-26 20:00:00,2632.26000000,-0.02482860,0.03383488,-0.08220219,-0.03725956,-0.06792931,-0.01676616,-0.0003373862,0.0009510556,-0.0011624185,-0.0001411607,-0.0005922907,0.0005500984,2631.37206162,2634.76461646,2629.20199003,2631.88845459,2630.70139856,2633.70840046
eth4h:row15319:1727395200,2024-09-27 00:00:00,2638.66000000,-0.02492468,0.03409875,-0.08056759,-0.03708814,-0.07105353,-0.01779884,-0.0003392572,0.0009561939,-0.0011305882,-0.0001378226,-0.0006531282,0.0005299892,2637.76496744,2641.18427726,2635.67844787,2638.29635808,2636.93717954,2640.05883200
eth4h:row15320:1727409600,2024-09-27 04:00:00,2657.27000000,-0.02461546,0.03524590,-0.08093517,-0.03792743,-0.07067387,-0.01957273,-0.0003332356,0.0009785322,-0.0011377461,-0.0001541660,-0.0006457350,0.0004954465,2656.38465048,2659.87149685,2654.24842070,2656.86037085,2655.55466174,2658.58686123
eth4h:row15321:1727424000,2024-09-27 08:00:00,2652.00000000,-0.02172153,0.03648675,-0.08181047,-0.04009662,-0.06855607,-0.02341891,-0.0002768827,0.0010026951,-0.0011547905,-0.0001964063,-0.0006044954,0.0004205504,2651.26580873,2654.66048088,2648.93926307,2651.47918153,2650.39736257,2653.11553410
eth4h:row15322:1727438400,2024-09-27 12:00:00,2683.62000000,-0.02327066,0.03607745,-0.08247619,-0.03963689,-0.06986380,-0.01980832,-0.0003070486,0.0009947247,-0.0011677541,-0.0001874541,-0.0006299606,0.0004908589,2682.79612485,2686.29079128,2680.48802083,2683.11699163,2681.92995761,2684.93760215
eth4h:row15323:1727452800,2024-09-27 16:00:00,2701.37000000,-0.02224069,0.03830237,-0.08147001,-0.03919308,-0.07095905,-0.02091422,-0.0002869921,0.0010380503,-0.0011481608,-0.0001788117,-0.0006512882,0.0004693238,2700.59483926,2704.17561380,2698.27017279,2700.88700657,2699.61120240,2702.63811482
eth4h:row15324:1727467200,2024-09-27 20:00:00,2694.43000000,-0.02231066,0.03541661,-0.07987546,-0.03856299,-0.07002047,-0.02138616,-0.0002883548,0.0009818564,-0.0011171105,-0.0001665423,-0.0006330114,0.0004601339,2693.65316025,2697.07684241,2691.42170457,2693.98130091,2692.72493484,2695.67008387
eth4h:row15325:1727481600,2024-09-28 00:00:00,2690.31000000,-0.02489011,0.03250230,-0.08139061,-0.03846453,-0.06766871,-0.01819244,-0.0003385840,0.0009251065,-0.0011466148,-0.0001646248,-0.0005872159,0.0005223247,2689.39925826,2692.79997476,2687.22701865,2689.86714463,2688.73067086,2691.71558248
eth4h:row15326:1727496000,2024-09-28 04:00:00,2677.93000000,-0.02427225,0.03531296,-0.08088421,-0.03786741,-0.07094510,-0.01856379,-0.0003265525,0.0009798379,-0.0011367537,-0.0001529972,-0.0006510166,0.0005150934,2677.05565808,2680.55522336,2674.88758272,2677.52031550,2676.18719047,2679.30973952
eth4h:row15327:1727510400,2024-09-28 08:00:00,2675.22000000,-0.02328460,0.03421164,-0.07950114,-0.03751866,-0.07087101,-0.01974983,-0.0003073202,0.0009583922,-0.0011098215,-0.0001462061,-0.0006495739,0.0004919978,2674.39797730,2677.78513903,2672.25263031,2674.82889503,2673.48281123,2676.53652625
eth4h:row15328:1727524800,2024-09-28 12:00:00,2669.90000000,-0.02377133,0.03352023,-0.08029216,-0.03842727,-0.06960052,-0.02142781,-0.0003167982,0.0009449284,-0.0011252248,-0.0001638994,-0.0006248339,0.0004593229,2669.05431446,2672.42405673,2666.89745202,2669.46244083,2668.23227711,2671.12662786
eth4h:row15329:1727539200,2024-09-28 16:00:00,2678.34000000,-0.02343803,0.03680510,-0.08129036,-0.03998993,-0.07060747,-0.02540172,-0.0003103077,0.0010088942,-0.0011446625,-0.0001943287,-0.0006444420,0.0003819395,2677.50901936,2681.04352525,2675.27595856,2677.81957213,2676.61452132,2679.36315909
eth4h:row15330:1727553600,2024-09-28 20:00:00,2675.21000000,-0.02185409,0.03818066,-0.08156490,-0.04047106,-0.07120717,-0.02612069,-0.0002794640,0.0010356802,-0.0011500086,-0.0002036977,-0.0006561198,0.0003679391,2674.46247949,2677.98209723,2672.13525389,2674.66512142,2673.45531750,2676.19449557
eth4h:row15331:1727568000,2024-09-29 00:00:00,2674.96000000,-0.02209930,0.03756464,-0.08077025,-0.04109917,-0.07252482,-0.02737119,-0.0002842390,0.0010236846,-0.0011345345,-0.0002159288,-0.0006817782,0.0003435882,2674.19978000,2677.69971753,2671.92688650,2674.38246135,2673.13689221,2675.87924273
eth4h:row15332:1727582400,2024-09-29 04:00:00,2640.44000000,-0.02278750,0.03736449,-0.08131885,-0.04050652,-0.07057263,-0.02676144,-0.0002976401,0.0010197871,-0.0011452173,-0.0002043883,-0.0006437636,0.0003554619,2639.65421599,2643.13406011,2637.41785321,2639.90038016,2638.74072796,2641.37874270
eth4h:row15333:1727596800,2024-09-29 08:00:00,2652.49000000,-0.02216785,0.03674818,-0.08086806,-0.03819303,-0.06841598,-0.02240592,-0.0002855738,0.0010077858,-0.0011364392,-0.0001593380,-0.0006017676,0.0004402763,2651.73262648,2655.16448908,2649.47731867,2652.06739130,2650.89429773,2653.65808550
eth4h:row15334:1727611200,2024-09-29 12:00:00,2666.38000000,-0.02304523,0.03649289,-0.08097851,-0.03869663,-0.06853029,-0.02300392,-0.0003026589,0.0010028146,-0.0011385899,-0.0001691445,-0.0006039934,0.0004286315,2665.57311849,2669.05522595,2663.34581437,2665.92903467,2664.77001024,2667.52313952
eth4h:row15335:1727625600,2024-09-29 16:00:00,2666.78000000,-0.02126484,0.03810186,-0.08069544,-0.03821216,-0.06704356,-0.02310162,-0.0002679896,0.0010341458,-0.0011330779,-0.0001597105,-0.0005750425,0.0004267289,2666.06542637,2669.53926576,2663.76004188,2666.35412112,2665.24692896,2667.91823494
eth4h:row15336:1727640000,2024-09-29 20:00:00,2657.62000000,-0.02103393,0.03604025,-0.08100718,-0.03864066,-0.06558397,-0.02252578,-0.0002634932,0.0009940005,-0.0011391482,-0.0001680546,-0.0005466203,0.0004379422,2656.91982748,2660.26298885,2654.59430072,2657.17341222,2656.16768799,2658.78413871
eth4h:row15337:1727654400,2024-09-30 00:00:00,2629.89000000,-0.02316516,0.03581793,-0.08249884,-0.04021273,-0.06785682,-0.02414849,-0.0003049942,0.0009896712,-0.0011681951,-0.0001986673,-0.0005908790,0.0004063434,2629.08802120,2632.49401462,2626.81956906,2629.36757867,2628.33651221,2630.95885571
eth4h:row15338:1727668800,2024-09-30 04:00:00,2637.82000000,-0.02344279,0.03734107,-0.08231299,-0.04016153,-0.06944884,-0.02466659,-0.0003104006,0.0010193310,-0.0011645762,-0.0001976703,-0.0006218803,0.0003962546,2637.00134622,2640.51018245,2634.74984576,2637.29863283,2636.18010178,2638.86545542
eth4h:row15339:1727683200,2024-09-30 08:00:00,2628.94000000,-0.02726429,0.03630526,-0.08622306,-0.03954510,-0.06473944,-0.02213534,-0.0003848159,0.0009991608,-0.0012407162,-0.0001856666,-0.0005301747,0.0004455451,2627.92853677,2631.56804651,2625.68025410,2628.45193884,2627.54657189,2630.11157239
eth4h:row15340:1727697600,2024-09-30 12:00:00,2596.00000000,-0.02520197,0.04060221,-0.08711105,-0.04024492,-0.06400338,-0.02451783,-0.0003446566,0.0010828348,-0.0012580079,-0.0001992941,-0.0005158416,0.0003991513,2595.10542554,2598.81256161,2592.73626478,2595.48268409,2594.66122058,2597.03640371
eth4h:row15341:1727712000,2024-09-30 16:00:00,2595.31000000,-0.02238743,0.04089267,-0.08470469,-0.03931491,-0.06468368,-0.02392324,-0.0002898497,0.0010884907,-0.0012111493,-0.0001811841,-0.0005290889,0.0004107296,2594.55785913,2598.13650895,2592.16859490,2594.83981361,2593.93721346,2596.37618964
eth4h:row15342:1727726400,2024-09-30 20:00:00,2602.23000000,-0.02168577,0.03997011,-0.08416431,-0.03875063,-0.06432171,-0.02293655,-0.0002761863,0.0010705259,-0.0012006266,-0.0001701961,-0.0005220404,0.0004299434,2601.51139898,2605.01724617,2599.10756818,2601.78714841,2600.87188523,2603.34905211
eth4h:row15343:1727740800,2024-10-01 00:00:00,2629.83000000,-0.02363937,0.03931028,-0.08372169,-0.03706382,-0.06508784,-0.02048671,-0.0003142285,0.0010576772,-0.0011920075,-0.0001373490,-0.0005369591,0.0004776487,2629.00376236,2632.61298280,2626.69709056,2629.46882017,2628.41826781,2631.08643500
eth4h:row15344:1727755200,2024-10-01 04:00:00,2645.61000000,-0.02665215,0.03769017,-0.08325570,-0.03393678,-0.06671742,-0.01412263,-0.0003728958,0.0010261290,-0.0011829333,-0.0000764567,-0.0005686916,0.0006015754,2644.62364711,2648.32613049,2642.48227001,2645.40773306,2644.10589152,2647.20201267
eth4h:row15345:1727769600,2024-10-01 08:00:00,2628.87000000,-0.02722495,0.03799207,-0.08519887,-0.03622852,-0.06458832,-0.01737731,-0.0003840498,0.0010320078,-0.0012207724,-0.0001210834,-0.0005272321,0.0005381975,2627.86057675,2631.58441479,2625.66270613,2628.55170678,2627.48434060,2630.28523204
eth4h:row15346:1727784000,2024-10-01 12:00:00,2524.81000000,-0.02752273,0.03868622,-0.08702575,-0.03661082,-0.06266676,-0.01688361,-0.0003898486,0.0010455250,-0.0012563470,-0.0001285279,-0.0004898138,0.0005478113,2523.82589832,2527.45113242,2521.63995430,2524.48551223,2523.57361601,2526.19349845
eth4h:row15347:1727798400,2024-10-01 16:00:00,2488.71000000,-0.02669041,0.03585405,-0.08523535,-0.03674213,-0.06596789,-0.01398816,-0.0003736409,0.0009903745,-0.0012214827,-0.0001310849,-0.0005540962,0.0006041939,2487.78028978,2491.17597590,2485.67193954,2488.38378908,2487.33139731,2490.21411765
eth4h:row15348:1727812800,2024-10-01 20:00:00,2447.79000000,-0.02531045,0.04009271,-0.08635508,-0.03780184,-0.06660317,-0.01704123,-0.0003467691,0.0010729134,-0.0012432871,-0.0001517205,-0.0005664669,0.0005447419,2446.94132931,2450.41767600,2444.74858530,2447.41864830,2446.40380066,2449.12377711
eth4h:row15349:1727827200,2024-10-02 00:00:00,2489.60000000,-0.02614789,0.04301471,-0.08765119,-0.03508018,-0.06239455,-0.01640895,-0.0003630765,0.0011298130,-0.0012685259,-0.0000987219,-0.0004845131,0.0005570543,2488.69624882,2492.41437194,2486.44388010,2489.35423411,2488.39404837,2490.98722884
eth4h:row15350:1727841600,2024-10-02 04:00:00,2482.04000000,-0.02723103,0.04516722,-0.08817624,-0.03412096,-0.06191366,-0.01629457,-0.0003841682,0.0011717283,-0.0012787503,-0.0000800432,-0.0004751488,0.0005592817,2481.08666223,2484.94998106,2478.86811911,2481.84133752,2480.86094182,2483.42854774
eth4h:row15351:1727856000,2024-10-02 08:00:00,2455.22000000,-0.02197688,0.05016542,-0.08835619,-0.03803144,-0.06371850,-0.02352020,-0.0002818550,0.0012690576,-0.0012822543,-0.0001561914,-0.0005102942,0.0004185781,2454.52808145,2458.33779351,2452.07380103,2454.83654573,2453.96743520,2456.24791640
eth4h:row15352:1727870400,2024-10-02 12:00:00,2460.40000000,-0.02239733,0.04521353,-0.08619135,-0.03640984,-0.06471312,-0.01828500,-0.0002900424,0.0011726302,-0.0012400988,-0.0001246142,-0.0005296623,0.0005205222,2459.68648318,2463.28683150,2457.35075211,2460.09341844,2459.09716398,2461.68102619
eth4h:row15353:1727884800,2024-10-02 16:00:00,2371.77000000,-0.02869003,0.04468120,-0.08944219,-0.03228758,-0.06084653,-0.01012024,-0.0004125791,0.0011622642,-0.0013034018,-0.0000443421,-0.0004543687,0.0006795133,2370.79165899,2374.52822594,2368.68064452,2371.66483307,2370.69258671,2373.38219702
eth4h:row15354:1727899200,2024-10-02 20:00:00,2364.10000000,-0.02758830,0.04972834,-0.09019773,-0.03069083,-0.05935829,-0.01149544,-0.0003911253,0.0012605464,-0.0013181145,-0.0000132489,-0.0004253885,0.0006527343,2363.17552151,2367.08193677,2360.98589843,2364.06867856,2363.09455296,2365.64363293
eth4h:row15355:1727913600,2024-10-03 00:00:00,2399.32000000,-0.03013008,0.04635978,-0.08974778,-0.02841358,-0.05692801,-0.00772465,-0.0004406210,0.0011949510,-0.0013093525,0.0000310958,-0.0003780641,0.0007261622,2398.26304216,2402.18878360,2396.18050005,2399.39460983,2398.41307464,2401.06292818
eth4h:row15356:1727928000,2024-10-03 04:00:00,2364.66000000,-0.02706950,0.05211288,-0.09133714,-0.03204612,-0.05821820,-0.01481494,-0.0003810228,0.0013069802,-0.0013403019,-0.0000396402,-0.0004031877,0.0005880942,2363.75918224,2367.75258439,2361.49276480,2364.56626622,2363.70679027,2366.05105179
eth4h:row15357:1727942400,2024-10-03 08:00:00,2352.34000000,-0.02749651,0.05187614,-0.09213703,-0.03136716,-0.05824307,-0.01233953,-0.0003893379,0.0013023700,-0.0013558781,-0.0000264190,-0.0004036720,0.0006362975,2351.42432325,2355.40561298,2349.15267507,2352.27785433,2351.39061779,2353.83726427
eth4h:row15358:1727956800,2024-10-03 12:00:00,2340.59000000,-0.03059225,0.04819436,-0.09263366,-0.03025214,-0.05867933,-0.00582070,-0.0004496208,0.0012306753,-0.0013655488,-0.0000047063,-0.0004121673,0.0007632375,2339.53785855,2343.47227962,2337.39599144,2340.57898445,2339.62548420,2342.37710800
eth4h:row15359:1727971200,2024-10-03 16:00:00,2353.51000000,-0.03283804,0.05029012,-0.09244501,-0.03066693,-0.06050420,-0.01367321,-0.0004933526,0.0012714857,-0.0013618753,-0.0000127834,-0.0004477027,0.0006103269,2352.34917607,2356.50435760,2350.30699449,2353.47991425,2352.45656309,2354.94684878
eth4h:row15360:1727985600,2024-10-03 20:00:00,2349.80000000,-0.03462594,0.04798449,-0.09314697,-0.02798496,-0.05664930,-0.00968510,-0.0005281681,0.0012265886,-0.0013755445,0.0000394421,-0.0003726368,0.0006879868,2348.55923825,2352.68400633,2346.56996758,2349.89268298,2348.92454112,2351.41718765
eth4h:row15361:1728000000,2024-10-04 00:00:00,2367.06000000,-0.03326135,0.05021454,-0.09436231,-0.02852569,-0.05685529,-0.00687222,-0.0005015957,0.0012700140,-0.0013992106,0.0000289125,-0.0003766481,0.0007427615,2365.87299061,2370.06810909,2363.75030060,2367.12843869,2366.16861922,2368.81881420
eth4h:row15362:1728014400,2024-10-04 04:00:00,2381.60000000,-0.02917235,0.05193949,-0.09240668,-0.03113590,-0.06193826,-0.01135760,-0.0004219713,0.0013036038,-0.0013611290,-0.0000219156,-0.0004756279,0.0006554184,2380.59524515,2384.70668739,2378.36054045,2381.54780637,2380.46751402,2383.16145603
eth4h:row15363:1728028800,2024-10-04 08:00:00,2386.20000000,-0.02905850,0.04938931,-0.08986502,-0.02624671,-0.05766954,-0.00453677,-0.0004197544,0.0012539445,-0.0013116356,0.0000732908,-0.0003925037,0.0007882393,2385.19859219,2389.19403914,2383.07222685,2386.37489295,2385.26359134,2388.08163799
eth4h:row15364:1728043200,2024-10-04 12:00:00,2417.05000000,-0.03321652,0.04719801,-0.09067952,-0.02716528,-0.05931867,-0.00608420,-0.0005007229,0.0012112736,-0.0013274962,0.0000554037,-0.0004246169,0.0007581065,2415.84003073,2419.97948260,2413.84350416,2417.18391723,2416.02389753,2418.88307600
eth4h:row15365:1728057600,2024-10-04 16:00:00,2428.90000000,-0.03479259,0.04839528,-0.09155493,-0.02758263,-0.06209547,-0.00620010,-0.0005314134,0.0012345880,-0.0013445430,0.0000472767,-0.0004786891,0.0007558495,2427.60959300,2431.90054256,2425.63643411,2429.01483304,2427.73759020,2430.73657696
eth4h:row15366:1728072000,2024-10-04 20:00:00,2414.41000000,-0.03090327,0.05249841,-0.09444647,-0.02772395,-0.05621776,-0.00517398,-0.0004556772,0.0013144874,-0.0014008495,0.0000445247,-0.0003642336,0.0007758311,2413.31005902,2417.58579846,2411.03014294,2414.51750334,2413.53075099,2416.28390116
eth4h:row15367:1728086400,2024-10-05 00:00:00,2399.60000000,-0.03516095,0.05183167,-0.09980249,-0.03097097,-0.05295535,-0.00699222,-0.0005385863,0.0013015042,-0.0015051463,-0.0000187040,-0.0003007051,0.0007404248,2398.30795627,2402.72512266,2395.99096778,2399.55511825,2398.87853660,2401.37738128
eth4h:row15368:1728100800,2024-10-05 04:00:00,2415.10000000,-0.03322642,0.05037469,-0.09633350,-0.02946595,-0.05469917,-0.00507861,-0.0005009155,0.0012731327,-0.0014375952,0.0000106029,-0.0003346623,0.0007776882,2413.89054181,2418.17670093,2411.63055834,2415.12560729,2414.29189241,2416.97892520
eth4h:row15369:1728115200,2024-10-05 08:00:00,2417.19000000,-0.03305309,0.05028189,-0.09322285,-0.02775614,-0.05824405,-0.00578749,-0.0004975403,0.0012713256,-0.0013770220,0.0000438980,-0.0004036912,0.0007638843,2415.98764966,2420.26498965,2413.86376679,2417.29611205,2416.21439866,2419.03715890
eth4h:row15370:1728129600,2024-10-05 12:00:00,2415.01000000,-0.03989403,0.05242390,-0.09772276,-0.02580522,-0.05518267,-0.00279039,-0.0006307529,0.0013130366,-0.0014646481,0.0000818879,-0.0003440773,0.0008222464,2413.48720568,2418.18307927,2411.47544926,2415.20776822,2414.17919273,2416.99654976
eth4h:row15371:1728144000,2024-10-05 16:00:00,2396.54000000,-0.03970783,0.05328543,-0.09614622,-0.02262567,-0.05442047,-0.00033289,-0.0006271270,0.0013298130,-0.0014339483,0.0001438028,-0.0003292352,0.0008701008,2395.03753626,2399.72906991,2393.10594817,2396.88465390,2395.75110444,2398.62613892
eth4h:row15372:1728158400,2024-10-05 20:00:00,2414.66000000,-0.03609912,0.05201573,-0.09604054,-0.02589826,-0.05260739,-0.00490194,-0.0005568553,0.0013050883,-0.0014318905,0.0000800761,-0.0002939294,0.0007811284,2413.31575814,2417.81340187,2411.20494559,2414.85336430,2413.95036484,2416.54689635
eth4h:row15373:1728172800,2024-10-06 00:00:00,2413.64000000,-0.03563743,0.05221707,-0.09607588,-0.02691875,-0.05329907,-0.00564950,-0.0005478647,0.0013090091,-0.0014325787,0.0000602042,-0.0003073984,0.0007665713,2412.31801397,2416.80154547,2410.18474620,2413.78531574,2412.89816503,2415.49093638
eth4h:row15374:1728187200,2024-10-06 04:00:00,2417.38000000,-0.03768091,0.05509282,-0.09515899,-0.02306078,-0.05574280,-0.00232257,-0.0005876572,0.0013650080,-0.0014147241,0.0001353299,-0.0003549847,0.0008313562,2415.95982660,2420.68199617,2413.96249217,2417.70716588,2416.52201927,2419.39053941
eth4h:row15375:1728201600,2024-10-06 08:00:00,2426.63000000,-0.03847663,0.05479688,-0.09713262,-0.02390812,-0.05465748,-0.00083147,-0.0006031522,0.0013592453,-0.0014531563,0.0001188298,-0.0003338504,0.0008603921,2425.16681420,2429.93062803,2423.10628822,2426.91837301,2425.82000390,2428.71875176
eth4h:row15376:1728216000,2024-10-06 12:00:00,2446.62000000,-0.03788536,0.05297101,-0.09510087,-0.02384065,-0.05500383,-0.00196799,-0.0005916383,0.0013236904,-0.0014135925,0.0001201436,-0.0003405947,0.0008382607,2445.17291405,2449.86071182,2443.16391970,2446.91396351,2445.78683599,2448.67176528
eth4h:row15377:1728230400,2024-10-06 16:00:00,2441.39000000,-0.03858559,0.05043382,-0.09404277,-0.02402816,-0.05496605,-0.00285548,-0.0006052739,0.0012742841,-0.0013929882,0.0001164922,-0.0003398592,0.0008209789,2439.91273757,2444.50300747,2437.99154002,2441.67441940,2440.56041222,2443.39515265
eth4h:row15378:1728244800,2024-10-06 20:00:00,2440.03000000,-0.03793614,0.04842360,-0.09405946,-0.02370666,-0.05632827,0.00263363,-0.0005926272,0.0012351393,-0.0013933132,0.0001227528,-0.0003663854,0.0009278675,2438.58440029,2443.04563890,2436.63264129,2440.32953899,2439.13617228,2442.29507516
eth4h:row15379:1728259200,2024-10-07 00:00:00,2495.34000000,-0.03688436,0.04896206,-0.09231823,-0.02377693,-0.06069580,0.00327322,-0.0005721460,0.0012456248,-0.0013594065,0.0001213844,-0.0004514337,0.0009403221,2493.91270963,2498.45019405,2491.95012318,2495.64291375,2494.21377375,2497.68752680
eth4h:row15380:1728273600,2024-10-07 04:00:00,2480.53000000,-0.03675001,0.04889245,-0.09217041,-0.02463440,-0.05959674,-0.00001353,-0.0005695298,0.0012442691,-0.0013565281,0.0001046870,-0.0004300317,0.0008763197,2479.11766643,2483.61836790,2477.16737274,2480.78969280,2479.46352268,2482.70469009
eth4h:row15381:1728288000,2024-10-07 08:00:00,2475.84000000,-0.03524785,0.04691649,-0.09079038,-0.02579443,-0.05997441,-0.00278304,-0.0005402786,0.0012057917,-0.0013296550,0.0000820980,-0.0004373861,0.0008223894,2474.50271800,2478.82714791,2472.55017457,2476.04326984,2474.75733890,2477.87694205
eth4h:row15382:1728302400,2024-10-07 12:00:00,2474.23000000,-0.03224688,0.04653616,-0.09001660,-0.03047309,-0.06655701,-0.00546231,-0.0004818411,0.0011983855,-0.0013145872,-0.0000090089,-0.0005655680,0.0007702163,2473.03810155,2477.19685862,2470.97954593,2474.20770993,2472.83105045,2476.13642646
eth4h:row15383:1728316800,2024-10-07 16:00:00,2445.62000000,-0.02869730,0.04936165,-0.08935999,-0.03179012,-0.06863052,-0.00717854,-0.0004127207,0.0012534059,-0.0013018012,-0.0000346551,-0.0006059451,0.0007367965,2444.61085015,2448.68727651,2442.43836028,2445.53524818,2444.13853741,2447.42258834
eth4h:row15384:1728331200,2024-10-07 20:00:00,2422.71000000,-0.02912407,0.04575700,-0.08928096,-0.03123019,-0.06642650,-0.00644680,-0.0004210312,0.0011832132,-0.0013002622,-0.0000237518,-0.0005630267,0.0007510455,2421.69017831,2425.57827891,2419.56188897,2422.65245700,2421.34633361,2424.53024897
eth4h:row15385:1728345600,2024-10-08 00:00:00,2438.13000000,-0.02903645,0.04377640,-0.08838724,-0.03170918,-0.06578372,-0.00680056,-0.0004193250,0.0011446452,-0.0012828591,-0.0000330789,-0.0005505100,0.0007441569,2437.10784553,2440.92239165,2435.00422824,2438.04935057,2436.78815449,2439.94502661
eth4h:row15386:1728360000,2024-10-08 04:00:00,2428.60000000,-0.02290754,0.04859865,-0.08699416,-0.03339873,-0.06788565,-0.01195743,-0.0002999777,0.0012385482,-0.0012557318,-0.0000659793,-0.0005914405,0.0006437379,2427.87158331,2431.60980162,2425.55224364,2428.43976786,2427.16405232,2430.16388529
eth4h:row15387:1728374400,2024-10-08 08:00:00,2439.71000000,-0.02218633,0.04847569,-0.08894699,-0.03487925,-0.06617253,-0.01138390,-0.0002859336,0.0012361537,-0.0012937589,-0.0000948093,-0.0005580810,0.0006549062,2439.01250462,2442.72772138,2436.55564434,2439.47870385,2438.34882397,2441.30830457
eth4h:row15388:1728388800,2024-10-08 12:00:00,2419.50000000,-0.02356677,0.04877032,-0.09034907,-0.03567646,-0.06491369,-0.01080113,-0.0003128148,0.0012418909,-0.0013210614,-0.0001103332,-0.0005335679,0.0006662544,2418.74326303,2422.50662164,2416.30580226,2419.23306343,2418.20937671,2421.11253963
eth4h:row15389:1728403200,2024-10-08 16:00:00,2440.13000000,-0.02213292,0.04710973,-0.08889299,-0.03663472,-0.06575160,-0.01363200,-0.0002848937,0.0012095546,-0.0012927074,-0.0001289934,-0.0005498844,0.0006111295,2439.43492147,2443.08325618,2436.97766396,2439.81525971,2438.78857949,2441.62169108
eth4h:row15390:1728417600,2024-10-08 20:00:00,2440.89000000,-0.02506726,0.04584879,-0.09135013,-0.03704922,-0.06121602,-0.01346016,-0.0003420335,0.0011850006,-0.0013405549,-0.0001370647,-0.0004615637,0.0006144757,2440.05527656,2443.78417056,2437.62004525,2440.55546312,2439.76363371,2442.39032843
eth4h:row15391:1728432000,2024-10-09 00:00:00,2446.78000000,-0.02728157,0.04707719,-0.09272855,-0.03743301,-0.06183085,-0.01434040,-0.0003851525,0.0012089209,-0.0013673966,-0.0001445382,-0.0004735363,0.0005973349,2445.83779809,2449.73975212,2443.43656782,2446.42637227,2445.62163505,2448.24198362
eth4h:row15392:1728446400,2024-10-09 04:00:00,2436.01000000,-0.02471285,0.04765720,-0.09165161,-0.03797207,-0.06268996,-0.01365830,-0.0003351322,0.0012202154,-0.0013464256,-0.0001550354,-0.0004902656,0.0006106173,2435.19375147,2438.98427111,2432.73230095,2435.63236159,2434.81600080,2437.49792410
eth4h:row15393:1728460800,2024-10-09 08:00:00,2441.70000000,-0.02420406,0.04487277,-0.09018248,-0.03755836,-0.06154296,-0.01376941,-0.0003252247,0.0011659946,-0.0013178173,-0.0001469791,-0.0004679303,0.0006084535,2440.90602803,2444.54866945,2438.48440468,2441.34114741,2440.55772189,2443.18611305
eth4h:row15394:1728475200,2024-10-09 12:00:00,2461.30000000,-0.02676110,0.04406012,-0.08755218,-0.03660492,-0.06504942,-0.01710094,-0.0003750175,0.0011501700,-0.0012665980,-0.0001284130,-0.0005362111,0.0005435792,2460.37714251,2464.13254205,2458.18449569,2460.98395729,2459.98057744,2462.63827526
eth4h:row15395:1728489600,2024-10-09 16:00:00,2418.30000000,-0.02815323,0.04485042,-0.08847111,-0.03421114,-0.06333497,-0.01248327,-0.0004021261,0.0011655593,-0.0012844921,-0.0000817993,-0.0005028258,0.0006334985,2417.32773386,2421.12031546,2415.19570685,2418.10219285,2417.08432200,2419.83247478
eth4h:row15396:1728504000,2024-10-09 20:00:00,2370.47000000,-0.02553659,0.04744894,-0.08902209,-0.03655718,-0.06519626,-0.01777301,-0.0003511726,0.0012161600,-0.0012952214,-0.0001274833,-0.0005390704,0.0005304921,2369.63770192,2373.35462449,2367.40170408,2370.16782384,2369.19249416,2371.72784917
eth4h:row15397:1728518400,2024-10-10 00:00:00,2395.30000000,-0.02683263,0.04351348,-0.08699518,-0.03696362,-0.06645341,-0.01862059,-0.0003764103,0.0011395255,-0.0012557516,-0.0001353980,-0.0005635507,0.0005139873,2394.39855409,2398.03106114,2392.29398606,2394.97570323,2393.95050729,2396.53147030
eth4h:row15398:1728532800,2024-10-10 04:00:00,2395.80000000,-0.02425616,0.04626770,-0.08649366,-0.03343169,-0.06291682,-0.01556052,-0.0003262391,0.0011931578,-0.0012459857,-0.0000666212,-0.0004946831,0.0005735756,2395.01852384,2398.66027348,2392.81672645,2395.64039426,2394.61513127,2397.17456667
eth4h:row15399:1728547200,2024-10-10 08:00:00,2406.56000000,-0.02599733,0.04652113,-0.08858602,-0.03318630,-0.06241560,-0.01392716,-0.0003601446,0.0011980930,-0.0012867299,-0.0000618427,-0.0004849231,0.0006053818,2405.69344636,2409.44501053,2403.46539868,2406.41117641,2405.39328636,2408.01732872
eth4h:row15400:1728561600,2024-10-10 12:00:00,2404.63000000,-0.02648203,0.04580117,-0.08661281,-0.03197412,-0.06568123,-0.01079061,-0.0003695832,0.0011840732,-0.0012483059,-0.0000382381,-0.0005485142,0.0006664593,2403.74145330,2407.47894433,2401.63015903,2404.53805321,2403.31138797,2406.23312207
eth4h:row15401:1728576000,2024-10-10 16:00:00,2367.13000000,-0.02439528,0.04503150,-0.08351212,-0.03226755,-0.06755877,-0.01581668,-0.0003289481,0.0011690855,-0.0011879266,-0.0000439521,-0.0005850751,0.0005685874,2366.35146512,2369.89899555,2364.31969295,2367.02596192,2365.74545632,2368.47630290
eth4h:row15402:1728590400,2024-10-10 20:00:00,2386.49000000,-0.02804487,0.04343296,-0.08969968,-0.03329186,-0.06178418,-0.01069978,-0.0004000160,0.0011379574,-0.0013084159,-0.0000638983,-0.0004726275,0.0006682281,2385.53555664,2389.20726975,2383.36952046,2386.33751232,2385.36234563,2388.08525266
eth4h:row15403:1728604800,2024-10-11 00:00:00,2411.10000000,-0.03106313,0.04657746,-0.09011101,-0.02994619,-0.06401213,-0.00521853,-0.0004587901,0.0011991898,-0.0013164257,0.0000012514,-0.0005160119,0.0007749635,2409.99406484,2413.99310088,2407.92805431,2411.10301726,2409.85616462,2412.96923867
eth4h:row15404:1728619200,2024-10-11 04:00:00,2407.64000000,-0.02748590,0.04901475,-0.08962374,-0.03278760,-0.06399325,-0.01204010,-0.0003891313,0.0012466508,-0.0013069372,-0.0000540790,-0.0005156443,0.0006421281,2406.70329428,2410.64335809,2404.49542107,2407.50980082,2406.39883426,2409.18650976
eth4h:row15405:1728633600,2024-10-11 08:00:00,2417.82000000,-0.02763109,0.04401416,-0.08996438,-0.03490899,-0.06009569,-0.01333551,-0.0003919587,0.0011492751,-0.0013135704,-0.0000953884,-0.0004397477,0.0006169029,2416.87250023,2420.60033775,2414.64610816,2417.58937892,2416.75700289,2419.31202040
eth4h:row15406:1728648000,2024-10-11 12:00:00,2443.81000000,-0.02853911,0.04425085,-0.08630901,-0.03374074,-0.06871480,-0.01262751,-0.0004096403,0.0011538841,-0.0012423899,-0.0000726393,-0.0006075863,0.0006306897,2442.80912189,2446.63150115,2440.77572036,2443.63248986,2442.32562552,2445.35177187
eth4h:row15407:1728662400,2024-10-11 16:00:00,2459.60000000,-0.02872508,0.04633493,-0.08705806,-0.03325848,-0.07032751,-0.01036304,-0.0004132616,0.0011944670,-0.0012569761,-0.0000632483,-0.0006389903,0.0006747853,2458.58375172,2462.53966643,2456.51028389,2459.44443945,2458.02884149,2461.26026210
eth4h:row15408:1728676800,2024-10-11 20:00:00,2439.50000000,-0.03105455,0.04342312,-0.08789825,-0.02979932,-0.06456399,-0.00560443,-0.0004586230,0.0011377659,-0.0012733369,0.0000041113,-0.0005267583,0.0007674490,2438.38144573,2442.27715949,2436.39567146,2439.51002954,2438.21531156,2441.37291045
eth4h:row15409:1728691200,2024-10-12 00:00:00,2439.04000000,-0.03143411,0.04207302,-0.08715831,-0.03305755,-0.06539688,-0.01371041,-0.0004660141,0.0011114755,-0.0012589283,-0.0000593357,-0.0005429769,0.0006096026,2437.90363765,2441.75244039,2435.97135546,2438.89528225,2437.71601703,2440.52729839
eth4h:row15410:1728705600,2024-10-12 04:00:00,2446.69000000,-0.02651768,0.04528881,-0.08592188,-0.03276001,-0.06575072,-0.01316967,-0.0003702773,0.0011740961,-0.0012348514,-0.0000535416,-0.0005498673,0.0006201322,2445.78421393,2449.56433619,2443.67056620,2446.55900385,2445.34501510,2448.20774182
eth4h:row15411:1728720000,2024-10-12 08:00:00,2452.50000000,-0.02489584,0.04692978,-0.08588510,-0.03251950,-0.06848846,-0.01182931,-0.0003386954,0.0012060505,-0.0012341352,-0.0000488583,-0.0006031789,0.0006462328,2451.66949011,2455.45962331,2449.47515029,2452.38017801,2451.02114971,2454.08539818
eth4h:row15412:1728734400,2024-10-12 12:00:00,2473.11000000,-0.02821522,0.04671729,-0.08745258,-0.03249482,-0.06721264,-0.01196810,-0.0004033332,0.0012019127,-0.0012646586,-0.0000483778,-0.0005783350,0.0006435302,2472.11271368,2476.08424946,2469.98433712,2472.99035938,2471.68012732,2474.70203315
eth4h:row15413:1728748800,2024-10-12 16:00:00,2472.60000000,-0.02696889,0.04591263,-0.08566730,-0.03024922,-0.06392084,-0.01184508,-0.0003790636,0.0011862437,-0.0012298941,-0.0000046494,-0.0005142343,0.0006459258,2471.66290499,2475.53484648,2469.56083309,2472.58850380,2471.32883103,2474.19763209
eth4h:row15414:1728763200,2024-10-12 20:00:00,2476.40000000,-0.02805035,0.04706533,-0.08897924,-0.03301315,-0.06220895,-0.01538065,-0.0004001228,0.0012086899,-0.0012943868,-0.0000584710,-0.0004808991,0.0005770783,2475.40933406,2479.39500933,2473.19665404,2476.25520676,2475.20938789,2477.82948900
eth4h:row15415:1728777600,2024-10-13 00:00:00,2457.86000000,-0.02753644,0.04911912,-0.08886551,-0.03344230,-0.06590106,-0.01412773,-0.0003901155,0.0012486832,-0.0012921723,-0.0000668278,-0.0005527948,0.0006014761,2456.90133771,2460.93100537,2454.68607249,2457.69575213,2456.50168334,2459.33878885
eth4h:row15416:1728792000,2024-10-13 04:00:00,2465.00000000,-0.02691846,0.04619593,-0.08685886,-0.03167061,-0.06662691,-0.01010045,-0.0003780817,0.0011917603,-0.0012530971,-0.0000323280,-0.0005669291,0.0006798987,2464.06820486,2467.93944046,2461.91305014,2464.92031280,2463.60291576,2466.67652010
eth4h:row15417:1728806400,2024-10-13 08:00:00,2458.27000000,-0.02850227,0.04383684,-0.09025239,-0.03357313,-0.06064619,-0.01163008,-0.0004089230,0.0011458221,-0.0013191788,-0.0000693755,-0.0004504677,0.0006501124,2457.26496229,2461.08835450,2455.02924038,2458.09946229,2457.16287816,2459.86867130
eth4h:row15418:1728820800,2024-10-13 12:00:00,2440.51000000,-0.02997809,0.04733611,-0.08851152,-0.03018568,-0.06254089,-0.01084981,-0.0004376613,0.0012139628,-0.0012852791,-0.0000034122,-0.0004873628,0.0006653064,2439.44211702,2443.47448746,2437.37527853,2440.50167257,2439.32087609,2442.13422721
eth4h:row15419:1728835200,2024-10-13 16:00:00,2458.09000000,-0.02947800,0.04797895,-0.08711981,-0.03046415,-0.06513254,-0.01260437,-0.0004279232,0.0012264807,-0.0012581785,-0.0000088348,-0.0005378296,0.0006311403,2457.03835123,2461.10664945,2454.99922870,2458.06828328,2456.76832179,2459.64188935
eth4h:row15420:1728849600,2024-10-13 20:00:00,2468.91000000,-0.02634280,0.04846323,-0.08912777,-0.03492222,-0.06477721,-0.01555714,-0.0003668719,0.0012359111,-0.0012972792,-0.0000956461,-0.0005309103,0.0005736415,2468.00439244,2471.96323974,2465.70921091,2468.67386965,2467.59957815,2470.32667553
eth4h:row15421:1728864000,2024-10-14 00:00:00,2521.11000000,-0.02726405,0.04606671,-0.08734726,-0.03364311,-0.06622009,-0.01393012,-0.0003848112,0.0011892440,-0.0012626077,-0.0000707381,-0.0005590073,0.0006053241,2520.14003518,2524.10999848,2517.92883591,2520.93166779,2519.70107506,2522.63655054
eth4h:row15422:1728878400,2024-10-14 04:00:00,2535.78000000,-0.02986293,0.04390235,-0.08769458,-0.03263585,-0.06556694,-0.01122611,-0.0004354188,0.0011470977,-0.0012693709,-0.0000511239,-0.0005462886,0.0006579788,2534.67611395,2538.69045637,2532.56319677,2535.65036434,2534.39511057,2537.44903854
eth4h:row15423:1728892800,2024-10-14 08:00:00,2537.90000000,-0.02821128,0.04626734,-0.08686059,-0.03253249,-0.06631550,-0.01307043,-0.0004032566,0.0011931508,-0.0012531308,-0.0000491113,-0.0005608652,0.0006220647,2536.87678132,2540.92990470,2534.72167126,2537.77536349,2536.47697931,2539.47922920
eth4h:row15424:1728907200,2024-10-14 12:00:00,2635.47000000,-0.02823787,0.04252280,-0.08493208,-0.03250710,-0.06843440,-0.01193404,-0.0004037743,0.0011202340,-0.0012155772,-0.0000486169,-0.0006021262,0.0006441935,2634.40607978,2638.42399725,2632.26832898,2635.34187485,2633.88359210,2637.16829963
eth4h:row15425:1728921600,2024-10-14 16:00:00,2620.51000000,-0.02704804,0.04521734,-0.08637642,-0.03318248,-0.06677483,-0.01162526,-0.0003806050,0.0011727044,-0.0012437026,-0.0000617684,-0.0005698096,0.0006502064,2619.51281067,2623.58488632,2617.25289066,2620.34814022,2619.01723351,2622.21442635
eth4h:row15426:1728936000,2024-10-14 20:00:00,2629.79000000,-0.02511888,0.04414011,-0.08603334,-0.03419147,-0.06650008,-0.01238560,-0.0003430387,0.0011517276,-0.0012370218,-0.0000814163,-0.0005644595,0.0006354003,2628.88803507,2632.82054662,2626.53890366,2629.57590101,2628.30600889,2631.46150023
eth4h:row15427:1728950400,2024-10-15 00:00:00,2612.32000000,-0.02636700,0.04366959,-0.08578574,-0.03296403,-0.06546205,-0.01117986,-0.0003673431,0.0011425653,-0.0012322004,-0.0000575146,-0.0005442461,0.0006588795,2611.36055843,2615.30645191,2609.10308065,2612.16975788,2610.89864179,2614.04177122
eth4h:row15428:1728964800,2024-10-15 04:00:00,2615.66000000,-0.02345996,0.04572690,-0.08410459,-0.03586630,-0.06869724,-0.01867574,-0.0003107348,0.0011826270,-0.0011994636,-0.0001140300,-0.0006072445,0.0005129134,2614.84734955,2618.75518005,2612.52449179,2615.36175332,2614.07213706,2617.00195123
eth4h:row15429:1728979200,2024-10-15 08:00:00,2586.20000000,-0.02301591,0.04446048,-0.08616816,-0.03754936,-0.06715986,-0.01925295,-0.0003020878,0.0011579662,-0.0012396473,-0.0001468039,-0.0005773073,0.0005016735,2585.41885841,2589.19646683,2582.99601060,2585.82036368,2584.70739881,2587.49775343
eth4h:row15430:1728993600,2024-10-15 12:00:00,2573.45000000,-0.02213078,0.04515577,-0.08672713,-0.03907267,-0.06850263,-0.01842633,-0.0002848519,0.0011715055,-0.0012505320,-0.0001764672,-0.0006034549,0.0005177702,2572.71705235,2576.46657736,2570.23382973,2572.99591065,2571.89750750,2574.78280086
eth4h:row15431:1729008000,2024-10-15 16:00:00,2592.11000000,-0.02209859,0.04530466,-0.08463197,-0.03769742,-0.07194252,-0.01976946,-0.0002842251,0.0011744048,-0.0012097333,-0.0001496870,-0.0006704393,0.0004916157,2591.37336195,2595.15597474,2588.97613427,2591.72202391,2590.37273007,2593.38463519
eth4h:row15432:1729022400,2024-10-15 20:00:00,2607.41000000,-0.02090173,0.04049665,-0.08264553,-0.03749607,-0.06923395,-0.01961842,-0.0002609188,0.0010807792,-0.0011710516,-0.0001457662,-0.0006176957,0.0004945568,2606.72976641,2610.22955798,2604.35837562,2607.02995536,2605.79991125,2608.69983130
eth4h:row15433:1729036800,2024-10-16 00:00:00,2617.23000000,-0.02224474,0.04178382,-0.08350652,-0.03770266,-0.06984743,-0.01964673,-0.0002870711,0.0011058439,-0.0011878175,-0.0001497891,-0.0006296420,0.0004940055,2616.47877681,2620.12584883,2614.12305413,2616.83799677,2615.58260086,2618.52324541
eth4h:row15434:1729051200,2024-10-16 04:00:00,2607.13000000,-0.02153902,0.04121292,-0.08227115,-0.03778670,-0.07316512,-0.01895900,-0.0002733287,0.0010947270,-0.0011637614,-0.0001514257,-0.0006942467,0.0005073976,2606.41749387,2609.98565849,2604.09768759,2606.73524348,2605.32063678,2608.45318721
eth4h:row15435:1729065600,2024-10-16 08:00:00,2630.40000000,-0.01900046,0.04125793,-0.08268564,-0.03842191,-0.07049003,-0.01798066,-0.0002238957,0.0010956033,-0.0011718327,-0.0001637949,-0.0006421552,0.0005264486,2629.81113064,2633.28345430,2627.31941662,2629.96918905,2628.71141728,2631.78513494
eth4h:row15436:1729080000,2024-10-16 12:00:00,2607.67000000,-0.02190011,0.04040165,-0.08411711,-0.03909324,-0.06763893,-0.02062761,-0.0002803601,0.0010789291,-0.0011997074,-0.0001768676,-0.0005866362,0.0004749049,2606.93901593,2610.48500945,2604.54343492,2607.20882847,2606.14069507,2608.90868937
eth4h:row15437:1729094400,2024-10-16 16:00:00,2614.93000000,-0.02088492,0.04208571,-0.08466797,-0.03923373,-0.06668030,-0.01964110,-0.0002605915,0.0011117227,-0.0012104343,-0.0001796033,-0.0005679688,0.0004941152,2614.24866022,2617.83869370,2611.76671388,2614.46039212,2613.44522304,2616.22239587
eth4h:row15438:1729108800,2024-10-16 20:00:00,2611.10000000,-0.01722317,0.04331154,-0.08358788,-0.04206787,-0.07041277,-0.02338555,-0.0001892868,0.0011355931,-0.0011894018,-0.0002347921,-0.0006406506,0.0004212000,2610.60580000,2614.06683144,2607.99619923,2610.48700638,2609.42773284,2612.20002708
eth4h:row15439:1729123200,2024-10-17 00:00:00,2640.80000000,-0.01933818,0.04251850,-0.08480125,-0.04335217,-0.06970383,-0.02462887,-0.0002304721,0.0011201504,-0.0012130296,-0.0002598011,-0.0006268456,0.0003969890,2640.19143946,2643.75975051,2637.59857363,2640.11400645,2639.14514483,2641.84857670
eth4h:row15440:1729137600,2024-10-17 04:00:00,2628.50000000,-0.01957696,0.04095877,-0.08256667,-0.04060386,-0.06995060,-0.02238458,-0.0002351217,0.0010897779,-0.0011695160,-0.0002062837,-0.0006316508,0.0004406918,2627.88205518,2631.36604267,2625.42772412,2627.95783933,2626.84023014,2629.65861363
eth4h:row15441:1729152000,2024-10-17 08:00:00,2598.01000000,-0.02017372,0.04135234,-0.08220553,-0.03933005,-0.07050957,-0.02123451,-0.0002467424,0.0010974418,-0.0011624835,-0.0001814789,-0.0006425356,0.0004630869,2597.36903992,2600.86272995,2594.99161106,2597.53855867,2596.34122234,2599.21338312
eth4h:row15442:1729166400,2024-10-17 12:00:00,2630.82000000,-0.01993971,0.03987027,-0.08076137,-0.04001043,-0.07209712,-0.02306385,-0.0002421856,0.0010685817,-0.0011343616,-0.0001947280,-0.0006734498,0.0004274645,2630.18293049,2633.63274878,2627.83739092,2630.30775553,2629.04887132,2631.94482249
eth4h:row15443:1729180800,2024-10-17 16:00:00,2595.59000000,-0.01850872,0.04253293,-0.07911681,-0.03706948,-0.07304774,-0.02167920,-0.0002143202,0.0011204313,-0.0011023375,-0.0001374593,-0.0006919610,0.0004544275,2595.03377231,2598.49981001,2592.73036032,2595.23323652,2593.79457411,2596.76977541
eth4h:row15444:1729195200,2024-10-17 20:00:00,2605.80000000,-0.01795929,0.04117174,-0.08086955,-0.03868542,-0.06994472,-0.02246832,-0.0002036211,0.0010939250,-0.0011364682,-0.0001689263,-0.0006315365,0.0004390610,2605.26945815,2608.65210950,2602.84027335,2605.35984908,2604.15486181,2606.94435646
eth4h:row15445:1729209600,2024-10-18 00:00:00,2609.99000000,-0.01843112,0.04191042,-0.08106213,-0.03774385,-0.07169127,-0.02027203,-0.0002128090,0.0011083092,-0.0011402183,-0.0001505911,-0.0006655468,0.0004818292,2609.43462979,2612.88427954,2607.01573759,2609.59698820,2608.25350754,2611.24787235
eth4h:row15446:1729224000,2024-10-18 04:00:00,2644.50000000,-0.01731186,0.04126567,-0.07787614,-0.03702889,-0.07395352,-0.02268168,-0.0001910139,0.0010957542,-0.0010781781,-0.0001366689,-0.0007095992,0.0004349064,2643.99491202,2647.39931023,2641.65029457,2644.13860382,2642.62413060,2645.65036014
eth4h:row15447:1729238400,2024-10-18 08:00:00,2621.98000000,-0.01946979,0.03924657,-0.08146250,-0.03831868,-0.07044773,-0.02090525,-0.0002330348,0.0010564365,-0.0011480145,-0.0001617847,-0.0006413314,0.0004694985,2621.36905849,2624.75141896,2618.97165597,2621.55583816,2620.29898106,2623.21130468
eth4h:row15448:1729252800,2024-10-18 12:00:00,2653.15000000,-0.02102010,0.03868163,-0.08112084,-0.03733645,-0.07156295,-0.01763008,-0.0002632239,0.0010454356,-0.0011413616,-0.0001426580,-0.0006630478,0.0005332754,2652.45171938,2655.92514790,2650.12352403,2652.77153404,2651.39141772,2654.56523687
eth4h:row15449:1729267200,2024-10-18 16:00:00,2651.31000000,-0.02032833,0.03926391,-0.08162396,-0.03873853,-0.07248691,-0.01924304,-0.0002497532,0.0010567742,-0.0011511588,-0.0001699604,-0.0006810400,0.0005018664,2650.64790964,2654.11331706,2648.25967720,2650.85942049,2649.50496660,2652.64093744
eth4h:row15450:1729281600,2024-10-18 20:00:00,2642.17000000,-0.02116911,0.03700758,-0.08155327,-0.03822420,-0.06816055,-0.02001890,-0.0002661256,0.0010128370,-0.0011497822,-0.0001599450,-0.0005967935,0.0004867583,2641.46694450,2644.84744322,2639.13382565,2641.74743191,2640.59364054,2643.45641114
eth4h:row15451:1729296000,2024-10-19 00:00:00,2646.41000000,-0.02190094,0.03660161,-0.08082151,-0.03850053,-0.07067855,-0.01931601,-0.0002803763,0.0010049317,-0.0011355327,-0.0001653259,-0.0006458261,0.0005004455,2645.66811331,2649.07079795,2643.40662050,2645.97251612,2644.70143119,2647.73471537
eth4h:row15452:1729310400,2024-10-19 04:00:00,2641.05000000,-0.02130406,0.03921217,-0.07946902,-0.03731964,-0.07418005,-0.01879030,-0.0002687534,0.0010557668,-0.0011091959,-0.0001423306,-0.0007140103,0.0005106826,2640.34030433,2643.83980525,2638.12218229,2640.67412439,2639.16493611,2642.39908274
eth4h:row15453:1729324800,2024-10-19 08:00:00,2631.48000000,-0.01808732,0.04018540,-0.07925522,-0.03947506,-0.07261288,-0.02257616,-0.0002061142,0.0010747182,-0.0011050325,-0.0001843029,-0.0006834931,0.0004369611,2630.93767044,2634.30961973,2628.57373501,2630.99505541,2629.68201619,2632.63010563
eth4h:row15454:1729339200,2024-10-19 12:00:00,2645.70000000,-0.02240865,0.03604395,-0.07903867,-0.03754083,-0.07143030,-0.02046814,-0.0002902629,0.0009940724,-0.0011008158,-0.0001466379,-0.0006604648,0.0004780103,2644.93216283,2648.33132505,2642.78917400,2645.31206855,2643.95318531,2646.96497411
eth4h:row15455:1729353600,2024-10-19 16:00:00,2641.34000000,-0.01911562,0.03964067,-0.07947391,-0.03849123,-0.07123254,-0.02204562,-0.0002261381,0.0010641108,-0.0011092911,-0.0001651448,-0.0006566139,0.0004472922,2640.74275984,2644.15217448,2638.41160969,2640.90383242,2639.60622861,2642.52171513
eth4h:row15456:1729368000,2024-10-19 20:00:00,2648.20000000,-0.01879995,0.03814042,-0.07915180,-0.03831420,-0.07251687,-0.02146235,-0.0002199912,0.0010348967,-0.0011030188,-0.0001616976,-0.0006816235,0.0004586503,2647.61748334,2650.94203213,2645.28059603,2647.77182699,2646.39553966,2649.41487624
eth4h:row15457:1729382400,2024-10-20 00:00:00,2640.25000000,-0.02149408,0.03895087,-0.08009934,-0.03781895,-0.07160290,-0.02120977,-0.0002724536,0.0010506784,-0.0011214700,-0.0001520536,-0.0006638258,0.0004635686,2639.53075244,2643.02551142,2637.29069858,2639.84857102,2638.49791560,2641.47422079
eth4h:row15458:1729396800,2024-10-20 04:00:00,2646.10000000,-0.02111988,0.03853119,-0.07900333,-0.03716610,-0.07141447,-0.02241483,-0.0002651669,0.0010425061,-0.0011001275,-0.0001393408,-0.0006601566,0.0004401027,2645.39843495,2648.86001378,2643.19055317,2645.73131611,2644.35373609,2647.26481216
eth4h:row15459:1729411200,2024-10-20 08:00:00,2649.49000000,-0.02128141,0.03819651,-0.08012521,-0.03672193,-0.07027346,-0.02012202,-0.0002683123,0.0010359889,-0.0011219737,-0.0001306914,-0.0006379379,0.0004847503,2648.77920461,2652.23626459,2646.51900887,2649.14375699,2647.80032902,2650.77465241
eth4h:row15460:1729425600,2024-10-20 12:00:00,2706.58000000,-0.02196019,0.03815091,-0.07955592,-0.03757678,-0.07182622,-0.02201084,-0.0002815300,0.0010351010,-0.0011108881,-0.0001473378,-0.0006681745,0.0004479695,2705.81812371,2709.38303414,2703.57496183,2706.18124787,2704.77213626,2707.79273686
eth4h:row15461:1729440000,2024-10-20 16:00:00,2699.86000000,-0.02190464,0.03905053,-0.07895350,-0.03578154,-0.07170631,-0.02095216,-0.0002804483,0.0010526190,-0.0010991572,-0.0001123795,-0.0006658395,0.0004685850,2699.10293507,2702.70342025,2696.89405968,2699.55660809,2698.06292481,2701.12541047
eth4h:row15462:1729454400,2024-10-20 20:00:00,2746.91000000,-0.02175813,0.03605706,-0.08009207,-0.03710042,-0.06804726,-0.02049902,-0.0002775953,0.0009943278,-0.0011213284,-0.0001380617,-0.0005945874,0.0004774091,2746.14757639,2749.64268726,2743.83153817,2746.53078312,2745.27720752,2748.22171278
eth4h:row15463:1729468800,2024-10-21 00:00:00,2733.81000000,-0.02255862,0.03896142,-0.08053171,-0.03778766,-0.07169385,-0.02220806,-0.0002931832,0.0010508838,-0.0011298895,-0.0001514442,-0.0006655970,0.0004441291,2733.00861040,2736.68442677,2730.72284121,2733.39601157,2731.99098981,2735.02443427
eth4h:row15464:1729483200,2024-10-21 04:00:00,2722.01000000,-0.02292888,0.03683711,-0.07851594,-0.03688781,-0.07222259,-0.02157306,-0.0003003933,0.0010095175,-0.0010906367,-0.0001339216,-0.0006758930,0.0004564943,2721.19244933,2724.75930418,2719.04289421,2721.64548853,2720.17083414,2723.25286578
eth4h:row15465:1729497600,2024-10-21 08:00:00,2704.77000000,-0.02248364,0.03597737,-0.08074104,-0.03802453,-0.06985410,-0.02103746,-0.0002917230,0.0009927760,-0.0011339658,-0.0001560568,-0.0006297717,0.0004669241,2703.98107134,2707.45656397,2701.70462174,2704.34793532,2703.06714875,2706.03321725
eth4h:row15466:1729512000,2024-10-21 12:00:00,2679.43000000,-0.02480607,0.03765983,-0.08186119,-0.03748701,-0.06888607,-0.02066433,-0.0003369475,0.0010255382,-0.0011557783,-0.0001455898,-0.0006109215,0.0004741899,2678.52732496,2682.17926740,2676.33496195,2679.03993068,2677.79357855,2680.70086001
eth4h:row15467:1729526400,2024-10-21 16:00:00,2680.10000000,-0.02091508,0.04030890,-0.07994967,-0.03660647,-0.06985721,-0.02163776,-0.0002611788,0.0010771231,-0.0011185555,-0.0001284432,-0.0006298323,0.0004552344,2679.40010608,2682.98835296,2677.10383531,2679.75578146,2678.41251789,2681.32035152
eth4h:row15468:1729540800,2024-10-21 20:00:00,2666.70000000,-0.01995628,0.03894765,-0.08070957,-0.03919629,-0.06831244,-0.02507116,-0.0002425082,0.0010506157,-0.0011333529,-0.0001788744,-0.0005997512,0.0003883765,2666.05338167,2669.50314916,2663.67939975,2666.22303831,2665.10112303,2667.73588485
eth4h:row15469:1729555200,2024-10-22 00:00:00,2644.56000000,-0.01968687,0.04170228,-0.08235829,-0.03946767,-0.06698313,-0.02514830,-0.0002372620,0.0011042561,-0.0011654583,-0.0001841589,-0.0005738659,0.0003868743,2643.93262081,2647.48188459,2641.47967101,2644.07302549,2643.04281261,2645.58331033
eth4h:row15470:1729569600,2024-10-22 04:00:00,2646.79000000,-0.02083747,0.03876884,-0.07946181,-0.03761081,-0.07267708,-0.02332040,-0.0002596676,0.0010471337,-0.0011090554,-0.0001480005,-0.0006847431,0.0004224687,2646.10280358,2649.56299457,2643.85619034,2646.39830267,2644.97824915,2647.90842205
eth4h:row15471:1729584000,2024-10-22 08:00:00,2632.90000000,-0.02234142,0.03936089,-0.08311718,-0.03849093,-0.06711595,-0.02288828,-0.0002889537,0.0010586626,-0.0011802359,-0.0001651390,-0.0005764521,0.0004308832,2632.13932375,2635.68882882,2629.79438981,2632.46524141,2631.38269650,2634.03471692
eth4h:row15472:1729598400,2024-10-22 12:00:00,2624.33000000,-0.02400665,0.03991599,-0.08419042,-0.03733722,-0.06493229,-0.02292081,-0.0003213805,0.0010694720,-0.0012011350,-0.0001426730,-0.0005339301,0.0004302498,2623.48672695,2627.13814874,2621.17971771,2623.95560556,2622.92916530,2625.45936039
eth4h:row15473:1729612800,2024-10-22 16:00:00,2628.01000000,-0.02410023,0.04063279,-0.08461600,-0.03559373,-0.06384742,-0.01811713,-0.0003232028,0.0010834302,-0.0012094222,-0.0001087222,-0.0005128047,0.0005237912,2627.16075710,2630.85880840,2624.83354759,2627.72429240,2626.66268964,2629.38688917
eth4h:row15474:1729627200,2024-10-22 20:00:00,2622.81000000,-0.01962261,0.04195143,-0.08394694,-0.03926096,-0.06440187,-0.02433115,-0.0002360108,0.0011091078,-0.0011963937,-0.0001801337,-0.0005236013,0.0004027866,2622.19106154,2625.72059269,2619.67396309,2622.33758602,2621.43705286,2623.86664542
eth4h:row15475:1729641600,2024-10-23 00:00:00,2616.50000000,-0.02200787,0.04191083,-0.08420926,-0.03678266,-0.06346515,-0.02044713,-0.0002824586,0.0011083173,-0.0012015018,-0.0001318742,-0.0005053607,0.0004784194,2615.76105153,2619.40151992,2613.35815845,2616.15497402,2615.17805774,2617.75208389
eth4h:row15476:1729656000,2024-10-23 04:00:00,2602.81000000,-0.02446406,0.04179025,-0.08462726,-0.03527544,-0.06341435,-0.01863065,-0.0003302875,0.0011059693,-0.0012096416,-0.0001025243,-0.0005043715,0.0005137915,2601.95046629,2605.69022037,2599.66343633,2602.54316253,2601.49754773,2604.14764517
eth4h:row15477:1729670400,2024-10-23 08:00:00,2580.93000000,-0.02491479,0.04292292,-0.08604961,-0.03723190,-0.06562586,-0.02154371,-0.0003390645,0.0011280255,-0.0012373387,-0.0001406221,-0.0005474359,0.0004570660,2580.05504654,2583.84299762,2577.73849039,2580.56708962,2579.51749283,2582.10992487
eth4h:row15478:1729684800,2024-10-23 12:00:00,2540.22000000,-0.02549355,0.04386062,-0.08806645,-0.03680394,-0.06034716,-0.01975193,-0.0003503346,0.0011462852,-0.0012766123,-0.0001322885,-0.0004446446,0.0004919569,2539.33022880,2543.13348619,2536.97919291,2539.88398029,2539.09075596,2541.46998623
eth4h:row15479:1729699200,2024-10-23 16:00:00,2512.51000000,-0.02576928,0.04550404,-0.08896100,-0.03592692,-0.06122372,-0.01852783,-0.0003557039,0.0011782873,-0.0012940317,-0.0001152104,-0.0004617137,0.0005157936,2511.61644929,2515.47220337,2509.26083517,2512.22054941,2511.35020740,2513.80627091
eth4h:row15480:1729713600,2024-10-23 20:00:00,2524.61000000,-0.02435892,0.04487968,-0.08706485,-0.03529320,-0.06161113,-0.01837176,-0.0003282401,0.0011661292,-0.0012571084,-0.0001028701,-0.0004692578,0.0005188328,2523.78145775,2527.55573875,2521.43828559,2524.35030640,2523.42558496,2525.92019044
eth4h:row15481:1729728000,2024-10-24 00:00:00,2544.80000000,-0.02263491,0.04541940,-0.08602416,-0.03380642,-0.06202335,-0.01515066,-0.0002946688,0.0011766391,-0.0012368431,-0.0000739183,-0.0004772847,0.0005815567,2544.05023723,2547.79607352,2541.65442745,2544.61189957,2543.58569564,2546.28037591
eth4h:row15482:1729742400,2024-10-24 04:00:00,2544.76000000,-0.02745967,0.04515345,-0.08558082,-0.03111957,-0.06431748,-0.01452344,-0.0003886206,0.0011714602,-0.0012282100,-0.0000215976,-0.0005219580,0.0005937705,2543.77124608,2547.74283185,2541.63641894,2544.70503994,2543.43208866,2546.27145197
eth4h:row15483:1729756800,2024-10-24 08:00:00,2529.47000000,-0.02750628,0.04302908,-0.08689331,-0.03148810,-0.06272973,-0.01065874,-0.0003895282,0.0011300927,-0.0012537680,-0.0000287740,-0.0004910401,0.0006690272,2528.48489196,2532.33015139,2526.30061875,2529.39721805,2528.22823380,2531.16285056
eth4h:row15484:1729771200,2024-10-24 12:00:00,2525.84000000,-0.02757518,0.04312301,-0.08638280,-0.03149490,-0.06545278,-0.00956279,-0.0003908699,0.0011319219,-0.0012438268,-0.0000289063,-0.0005440656,0.0006903685,2524.85291799,2528.70067238,2522.70024550,2525.76698830,2524.46615102,2527.58436246
eth4h:row15485:1729785600,2024-10-24 16:00:00,2539.96000000,-0.03015547,0.04300875,-0.08931904,-0.03233699,-0.06320295,-0.00878653,-0.0004411154,0.0011296969,-0.0013010038,-0.0000453043,-0.0005002549,0.0007054845,2538.83983156,2542.83100634,2536.65765094,2539.84493150,2538.68969027,2541.75253469
eth4h:row15486:1729800000,2024-10-24 20:00:00,2535.82000000,-0.02929108,0.04351044,-0.08869850,-0.03080402,-0.06201455,-0.00743711,-0.0004242834,0.0011394663,-0.0012889201,-0.0000154530,-0.0004771135,0.0007317615,2534.74432198,2538.71112825,2532.55363616,2535.78081432,2534.61041456,2537.67629466
eth4h:row15487:1729814400,2024-10-25 00:00:00,2521.73000000,-0.02790647,0.04451150,-0.08856689,-0.03238909,-0.06360079,-0.00918513,-0.0003973210,0.0011589598,-0.0012863573,-0.0000463187,-0.0005080021,0.0006977225,2520.72826284,2524.65427784,2518.48823963,2521.61319939,2520.44928115,2523.49008178
eth4h:row15488:1729828800,2024-10-25 04:00:00,2484.07000000,-0.02741878,0.04709483,-0.08823704,-0.03274743,-0.06566444,-0.01127475,-0.0003878243,0.0012092644,-0.0012799342,-0.0000532967,-0.0005481872,0.0006570317,2483.10680398,2487.07571449,2480.89258781,2483.93761084,2482.70863784,2485.70264903
eth4h:row15489:1729843200,2024-10-25 08:00:00,2545.13000000,-0.02727835,0.04276187,-0.08529853,-0.03215329,-0.06800124,-0.01068917,-0.0003850898,0.0011248894,-0.0012227131,-0.0000417271,-0.0005936913,0.0006684347,2544.15008509,2547.99460065,2542.01993808,2545.02380130,2543.61942687,2546.83182197
eth4h:row15490:1729857600,2024-10-25 12:00:00,2524.86000000,-0.02908020,0.04414452,-0.08829527,-0.03211556,-0.06546991,-0.00821781,-0.0004201769,0.0011518135,-0.0012810681,-0.0000409924,-0.0005443990,0.0007165591,2523.79933499,2527.76984333,2521.62755323,2524.75650205,2523.48584272,2526.66985969
eth4h:row15491:1729872000,2024-10-25 16:00:00,2476.10000000,-0.02874248,0.05037255,-0.09029036,-0.02981273,-0.06201923,-0.00801336,-0.0004136005,0.0012730909,-0.0013199181,0.0000038501,-0.0004772046,0.0007205402,2475.07609547,2479.25430789,2472.83390665,2476.10953337,2474.91867549,2477.88477244
eth4h:row15492:1729886400,2024-10-25 20:00:00,2440.62000000,-0.02860372,0.04605449,-0.08853655,-0.03039430,-0.06249002,-0.00854784,-0.0004108985,0.0011890061,-0.0012857665,-0.0000074745,-0.0004863722,0.0007101324,2439.61735893,2443.52363788,2437.48394901,2440.60175759,2439.43323890,2442.35377894
eth4h:row15493:1729900800,2024-10-26 00:00:00,2452.27000000,-0.02528887,0.04681707,-0.08837449,-0.03310023,-0.06230361,-0.01226578,-0.0003463489,0.0012038557,-0.0012826107,-0.0000601667,-0.0004827422,0.0006377335,2451.42080606,2455.22395694,2449.12670856,2452.12245945,2451.08647147,2453.83439351
eth4h:row15494:1729915200,2024-10-26 04:00:00,2465.61000000,-0.02701848,0.04948903,-0.08901864,-0.03072284,-0.06336795,-0.01062119,-0.0003800293,0.0012558863,-0.0012951541,-0.0000138721,-0.0005034680,0.0006697585,2464.67317406,2468.70847107,2462.41872226,2465.57579693,2464.36895682,2467.26191630
eth4h:row15495:1729929600,2024-10-26 08:00:00,2472.98000000,-0.03490930,0.04646028,-0.09179734,-0.02713422,-0.06051080,-0.00221260,-0.0005336860,0.0011969079,-0.0013492634,0.0000560084,-0.0004478312,0.0008334976,2471.66055743,2475.94170145,2469.64554861,2473.11851156,2471.87277027,2475.04208218
eth4h:row15496:1729944000,2024-10-26 12:00:00,2457.59000000,-0.03174477,0.04771287,-0.09113651,-0.03083168,-0.06188681,-0.00935599,-0.0004720636,0.0012212994,-0.0013363950,-0.0000159915,-0.0004746259,0.0006943955,2456.43013508,2460.59328688,2454.30788251,2457.55069968,2456.42384087,2459.29713199
eth4h:row15497:1729958400,2024-10-26 16:00:00,2486.68000000,-0.03105562,0.04542942,-0.09131228,-0.03168206,-0.05868481,-0.01103349,-0.0004586439,0.0011768341,-0.0013398179,-0.0000325508,-0.0004122741,0.0006617298,2485.53976093,2489.60813247,2483.35053266,2486.59905780,2485.65501766,2488.32605484
eth4h:row15498:1729972800,2024-10-26 20:00:00,2482.51000000,-0.03333585,0.04623682,-0.09250056,-0.02989839,-0.05836694,-0.00587400,-0.0005030465,0.0011925566,-0.0013629570,0.0000021823,-0.0004060842,0.0007621996,2481.26149599,2485.47229961,2479.12875036,2482.51541750,2481.50209660,2484.40288937
eth4h:row15499:1729987200,2024-10-27 00:00:00,2484.64000000,-0.03279774,0.04631300,-0.09010213,-0.02969585,-0.06424710,-0.00603506,-0.0004925680,0.0011940399,-0.0013162527,0.0000061262,-0.0005205876,0.0007590634,2483.41644722,2487.60853123,2481.37173719,2484.65522151,2483.34686392,2486.52671538
eth4h:row15500:1730001600,2024-10-27 04:00:00,2481.26000000,-0.03055196,0.04416377,-0.08869629,-0.03090314,-0.06318207,-0.00772997,-0.0004488362,0.0011521884,-0.0012888771,-0.0000173832,-0.0004998484,0.0007260586,2480.14657056,2484.12052662,2478.06402076,2481.21686819,2480.02005608,2483.06219430
eth4h:row15501:1730016000,2024-10-27 08:00:00,2469.86000000,-0.03220122,0.04391313,-0.08786421,-0.03091745,-0.06304461,-0.01150322,-0.0004809520,0.0011473078,-0.0012726742,-0.0000176617,-0.0004971716,0.0006525828,2468.67240152,2472.69531577,2466.71867236,2469.81637836,2468.63236095,2471.47231429
eth4h:row15502:1730030400,2024-10-27 12:00:00,2501.97000000,-0.03237217,0.04350156,-0.08782756,-0.03099821,-0.06595665,-0.01027093,-0.0004842808,0.0011392933,-0.0012719604,-0.0000192345,-0.0005538774,0.0006765789,2500.75863731,2504.82210215,2498.78961645,2501.92187645,2500.58459913,2503.66335279
eth4h:row15503:1730044800,2024-10-27 16:00:00,2494.59000000,-0.02804654,0.04479755,-0.08739989,-0.03158961,-0.06708346,-0.00748050,-0.0004000485,0.0011645298,-0.0012636325,-0.0000307506,-0.0005758196,0.0007309166,2493.59224252,2497.49671661,2491.43974573,2494.51329095,2493.15397971,2496.41400370
eth4h:row15504:1730059200,2024-10-27 20:00:00,2507.80000000,-0.02873473,0.04483987,-0.08846580,-0.03289274,-0.06540038,-0.01126113,-0.0004134496,0.0011653539,-0.0012843888,-0.0000561264,-0.0005430451,0.0006572969,2506.76336528,2510.72417804,2504.58107733,2507.65925016,2506.43852116,2509.44891105
eth4h:row15505:1730073600,2024-10-28 00:00:00,2477.71000000,-0.03004317,0.04359592,-0.08810323,-0.03150086,-0.06291944,-0.01054158,-0.0004389287,0.0011411307,-0.0012773285,-0.0000290224,-0.0004947342,0.0006713085,2476.62270058,2480.53900474,2474.54717092,2477.63809197,2476.48449533,2479.37386631
eth4h:row15506:1730088000,2024-10-28 04:00:00,2511.77000000,-0.02680044,0.04583520,-0.08673113,-0.03151582,-0.06571041,-0.01025363,-0.0003757835,0.0011847360,-0.0012506098,-0.0000293137,-0.0005490824,0.0006769157,2510.82629552,2514.74754770,2508.63071925,2511.69637175,2510.39120999,2513.47083226
eth4h:row15507:1730102400,2024-10-28 08:00:00,2527.12000000,-0.02738922,0.04641492,-0.08901506,-0.03462825,-0.06690431,-0.01293058,-0.0003872486,0.0011960247,-0.0012950844,-0.0000899217,-0.0005723309,0.0006247880,2526.14156566,2530.14430603,2523.84928466,2526.89276735,2525.67406497,2528.69940747
eth4h:row15508:1730116800,2024-10-28 12:00:00,2501.02000000,-0.02884691,0.04797775,-0.09090780,-0.03222333,-0.06144900,-0.01003342,-0.0004156340,0.0012264575,-0.0013319415,-0.0000430909,-0.0004661005,0.0006812038,2499.98070697,2504.08927643,2497.69100507,2500.91223113,2499.85454498,2502.72428487
eth4h:row15509:1730131200,2024-10-28 16:00:00,2506.70000000,-0.02927451,0.04383982,-0.08990818,-0.03381954,-0.06261988,-0.01115721,-0.0004239607,0.0011458802,-0.0013124759,-0.0000741737,-0.0004889009,0.0006593205,2505.63748298,2509.57402411,2503.41217469,2506.51407572,2505.47477154,2508.35326376
eth4h:row15510:1730145600,2024-10-28 20:00:00,2567.48000000,-0.02882080,0.04347486,-0.08849066,-0.03427980,-0.06535129,-0.01113259,-0.0004151257,0.0011387734,-0.0012848728,-0.0000831364,-0.0005420893,0.0006597999,2566.41439437,2570.40544322,2564.18323314,2567.26655785,2566.08857373,2569.17458203
eth4h:row15511:1730160000,2024-10-29 00:00:00,2607.75000000,-0.02677076,0.04659552,-0.08572441,-0.03350578,-0.06806229,-0.01479974,-0.0003752055,0.0011995415,-0.0012310060,-0.0000680639,-0.0005948801,0.0005883902,2606.77174135,2610.87998121,2604.54181902,2607.57251238,2606.19916266,2609.28482592
eth4h:row15512:1730174400,2024-10-29 04:00:00,2613.30000000,-0.03272264,0.03856755,-0.08837449,-0.03323964,-0.06490108,-0.00926177,-0.0004911055,0.0010432141,-0.0012826107,-0.0000628815,-0.0005333225,0.0006962302,2612.01690896,2616.02765393,2609.95030216,2613.13567692,2611.90664000,2615.12009189
eth4h:row15513:1730188800,2024-10-29 08:00:00,2631.59000000,-0.02860444,0.04169566,-0.08634596,-0.03461633,-0.06799579,-0.01251088,-0.0004109124,0.0011041273,-0.0012431095,-0.0000896895,-0.0005935851,0.0006329608,2630.50886912,2634.49721507,2628.32067786,2631.35398448,2630.02839087,2633.25622063
eth4h:row15514:1730203200,2024-10-29 12:00:00,2648.52000000,-0.02690070,0.04065961,-0.08248126,-0.03404055,-0.07149810,-0.01531951,-0.0003777358,0.0010839525,-0.0011678527,-0.0000784775,-0.0006617850,0.0005782688,2647.51974815,2651.39242643,2645.42872408,2648.31215905,2646.76782898,2650.05199942
eth4h:row15515:1730217600,2024-10-29 16:00:00,2624.74000000,-0.03054588,0.03885043,-0.08440881,-0.03183190,-0.06657824,-0.01049736,-0.0004487178,0.0010487226,-0.0012053877,-0.0000354688,-0.0005659814,0.0006721698,2623.56249659,2627.49406816,2621.57807673,2624.64690536,2623.25486619,2626.50486393
eth4h:row15516:1730232000,2024-10-29 20:00:00,2638.80000000,-0.02645640,0.03861947,-0.08187710,-0.03480945,-0.07277785,-0.01382862,-0.0003690841,0.0010442250,-0.0011560882,-0.0000934501,-0.0006867055,0.0006073007,2637.82624050,2641.55694023,2635.75107728,2638.55341535,2636.98854353,2640.40303177
eth4h:row15517:1730246400,2024-10-30 00:00:00,2641.70000000,-0.02342730,0.04014654,-0.08293372,-0.03665696,-0.06975667,-0.01584121,-0.0003100988,0.0010739615,-0.0011766634,-0.0001294263,-0.0006278745,0.0005681097,2640.88093900,2644.53860798,2638.59343634,2641.35811667,2640.04186441,2643.20120188
eth4h:row15518:1730260800,2024-10-30 04:00:00,2668.60000000,-0.02144830,0.03961725,-0.08209228,-0.03799443,-0.06810643,-0.01971505,-0.0002715622,0.0010636547,-0.0011602782,-0.0001554706,-0.0005957396,0.0004926751,2667.87540756,2671.43997902,2665.50547720,2668.18514338,2667.01068273,2669.91507663
eth4h:row15519:1730275200,2024-10-30 08:00:00,2659.18000000,-0.02290158,0.03716672,-0.07990997,-0.03805111,-0.07405341,-0.02021435,-0.0002998617,0.0010159360,-0.0011177825,-0.0001565744,-0.0007115442,0.0004829524,2658.38273337,2661.88292945,2656.20927568,2658.76367305,2657.28854896,2660.46456758
eth4h:row15520:1730289600,2024-10-30 12:00:00,2683.08000000,-0.01862876,0.03891737,-0.08107942,-0.04136113,-0.07289176,-0.02170843,-0.0002166578,0.0010500261,-0.0011405549,-0.0002210300,-0.0006889236,0.0004538584,2682.49875285,2685.89878362,2680.02154445,2682.48702439,2681.23219955,2684.29801489
eth4h:row15521:1730304000,2024-10-30 16:00:00,2655.00000000,-0.02247851,0.03782947,-0.08130913,-0.04085450,-0.07570937,-0.02255389,-0.0002916232,0.0010288415,-0.0011450281,-0.0002111643,-0.0007437905,0.0004373949,2654.22585322,2657.73297985,2651.96169011,2654.43941802,2653.02597034,2656.16153745
eth4h:row15522:1730318400,2024-10-30 20:00:00,2659.19000000,-0.02375000,0.03428800,-0.08101445,-0.04072164,-0.07215600,-0.02287027,-0.0003163827,0.0009598790,-0.0011392898,-0.0002085771,-0.0006745962,0.0004312340,2658.34881143,2661.74372617,2656.16213716,2658.63541158,2657.39672540,2660.33698056
eth4h:row15523:1730332800,2024-10-31 00:00:00,2657.00000000,-0.01785164,0.03619034,-0.07857542,-0.04146073,-0.07375339,-0.02401885,-0.0002015249,0.0009969230,-0.0010917951,-0.0002229695,-0.0007057019,0.0004088679,2656.46460222,2659.65014527,2654.10068347,2656.40763615,2655.12561141,2658.08658414
eth4h:row15524:1730347200,2024-10-31 04:00:00,2646.80000000,-0.01819902,0.03644759,-0.07952517,-0.04194532,-0.07278018,-0.02499184,-0.0002082893,0.0010019325,-0.0011102892,-0.0002324057,-0.0006867508,0.0003899211,2646.24875723,2649.45324388,2643.86291727,2646.18493998,2644.98293204,2647.83224440
eth4h:row15525:1730361600,2024-10-31 08:00:00,2638.81000000,-0.01604967,0.03666634,-0.07802408,-0.04212342,-0.07342777,-0.02647307,-0.0001664355,0.0010061922,-0.0010810589,-0.0002358738,-0.0006993612,0.0003610772,2638.37084488,2641.46648617,2635.95883245,2638.18764720,2636.96516388,2639.76298629
eth4h:row15526:1730376000,2024-10-31 12:00:00,2562.86000000,-0.01724725,0.03711063,-0.07876580,-0.04181216,-0.07180955,-0.02711886,-0.0001897557,0.0010148438,-0.0010955023,-0.0002298128,-0.0006678498,0.0003485020,2562.37372880,2565.46222279,2560.05391836,2562.27108966,2561.14896582,2563.75331736
eth4h:row15527:1730390400,2024-10-31 16:00:00,2514.33000000,-0.01756649,0.03935594,-0.08223324,-0.04357014,-0.06902860,-0.02916126,-0.0001959723,0.0010585663,-0.0011630232,-0.0002640456,-0.0006136969,0.0003087307,2513.83730931,2516.99299425,2511.40747572,2513.66618976,2512.78743675,2515.10637061
eth4h:row15528:1730404800,2024-10-31 20:00:00,2518.61000000,-0.01895754,0.03842867,-0.08009338,-0.04229633,-0.07204795,-0.03024014,-0.0002230600,0.0010405097,-0.0011213539,-0.0002392409,-0.0006724922,0.0002877216,2518.04826143,2521.23200210,2515.78732972,2518.00751747,2516.91682376,2519.33476285
eth4h:row15529:1730419200,2024-11-01 00:00:00,2503.20000000,-0.01858120,0.04012711,-0.08416551,-0.04285793,-0.06435919,-0.02916930,-0.0002157315,0.0010735831,-0.0012006498,-0.0002501768,-0.0005227702,0.0003085740,2502.66003903,2505.88883624,2500.19633685,2502.57383582,2501.89174359,2503.97254156
eth4h:row15530:1730433600,2024-11-01 04:00:00,2504.12000000,-0.01828365,0.04111291,-0.08442407,-0.04152898,-0.06413953,-0.02686074,-0.0002099375,0.0010927794,-0.0012056848,-0.0002242984,-0.0005184928,0.0003535282,2503.59434655,2506.85794653,2501.10263985,2503.55839277,2502.82196823,2505.00543364
eth4h:row15531:1730448000,2024-11-01 08:00:00,2515.44000000,-0.01966767,0.03907669,-0.08052569,-0.03887127,-0.06862307,-0.02456140,-0.0002368883,0.0010531286,-0.0011297723,-0.0001725453,-0.0006058000,0.0003983029,2514.84419234,2518.09047710,2512.59973038,2515.00601021,2513.91660787,2516.44210658
eth4h:row15532:1730462400,2024-11-01 12:00:00,2500.03000000,-0.01759868,0.03716404,-0.07767694,-0.03878770,-0.06964205,-0.02562520,-0.0001965990,0.0010158838,-0.0010742991,-0.0001709180,-0.0006256426,0.0003775878,2499.53854482,2502.57103037,2497.34566211,2499.60273641,2498.46636398,2500.97415908
eth4h:row15533:1730476800,2024-11-01 16:00:00,2514.49000000,-0.02149813,0.03657032,-0.08163058,-0.03777144,-0.06610608,-0.02132649,-0.0002725325,0.0010043223,-0.0011512876,-0.0001511285,-0.0005567872,0.0004612957,2513.80481313,2517.01662698,2511.59676454,2514.11001751,2513.09035389,2515.65019109
eth4h:row15534:1730491200,2024-11-01 20:00:00,2511.49000000,-0.02342122,0.03878374,-0.08379274,-0.03830354,-0.06666549,-0.02196323,-0.0003099804,0.0010474239,-0.0011933910,-0.0001614899,-0.0005676804,0.0004488966,2510.71160795,2514.12197270,2508.49459813,2511.08445259,2510.06468102,2512.61765233
eth4h:row15535:1730505600,2024-11-02 00:00:00,2506.70000000,-0.02195542,0.03923429,-0.08263689,-0.03854654,-0.06717677,-0.02439636,-0.0002814372,0.0010561974,-0.0011708833,-0.0001662219,-0.0005776366,0.0004015168,2505.99462070,2509.34896863,2503.76666457,2506.28336616,2505.25245641,2507.70668423
eth4h:row15536:1730520000,2024-11-02 04:00:00,2507.35000000,-0.02151935,0.03708798,-0.08309584,-0.04004119,-0.06577258,-0.02505412,-0.0002729457,0.0010144027,-0.0011798204,-0.0001953269,-0.0005502929,0.0003887082,2506.66572299,2509.89475321,2504.39352165,2506.86029488,2505.97060259,2508.32481695
eth4h:row15537:1730534400,2024-11-02 08:00:00,2502.13000000,-0.02224116,0.03871865,-0.08322334,-0.03919021,-0.06827493,-0.02236384,-0.0002870014,0.0010461564,-0.0011823031,-0.0001787560,-0.0005990208,0.0004410957,2501.41198814,2504.74898902,2499.17347203,2501.68276921,2500.63162083,2503.23392222
eth4h:row15538:1730548800,2024-11-02 12:00:00,2488.79000000,-0.02258914,0.04231251,-0.08343761,-0.03569708,-0.06693202,-0.01757124,-0.0002937774,0.0011161391,-0.0011864757,-0.0001107348,-0.0005728706,0.0005344212,2488.05895705,2491.56938664,2485.83886217,2488.51441949,2487.36465367,2490.12041772
eth4h:row15539:1730563200,2024-11-02 16:00:00,2493.02000000,-0.02374332,0.04226137,-0.08487277,-0.03367178,-0.06253535,-0.01462671,-0.0003162527,0.0011151432,-0.0012144224,-0.0000712964,-0.0004872548,0.0005917596,2492.23170040,2495.80162508,2489.99425837,2492.84226304,2491.80555988,2494.49570507
eth4h:row15540:1730577600,2024-11-02 20:00:00,2494.23000000,-0.02277761,0.04337151,-0.08540063,-0.03531687,-0.06030453,-0.01952967,-0.0002974475,0.0011367608,-0.0012247013,-0.0001033309,-0.0004438144,0.0004962851,2493.48820790,2497.06695495,2491.17718310,2493.97228224,2493.12327033,2495.46815629
eth4h:row15541:1730592000,2024-11-03 00:00:00,2449.59000000,-0.02199953,0.04575754,-0.08697002,-0.03549347,-0.06061755,-0.01791715,-0.0002822961,0.0011832236,-0.0012552618,-0.0001067700,-0.0004499100,0.0005276853,2448.89858797,2452.49012812,2446.51705241,2449.32847127,2448.48815287,2450.88295371
eth4h:row15542:1730606400,2024-11-03 04:00:00,2450.03000000,-0.02536254,0.04676516,-0.08822273,-0.03367130,-0.06298397,-0.01457753,-0.0003477835,0.0012028448,-0.0012796556,-0.0000712871,-0.0004959909,0.0005927171,2449.17806817,2452.97877886,2446.89681051,2449.85535071,2448.81510871,2451.48260523
eth4h:row15543:1730620800,2024-11-03 08:00:00,2454.47000000,-0.02970283,0.04645324,-0.09044658,-0.03296278,-0.06016665,-0.01498499,-0.0004323013,0.0011967710,-0.0013229603,-0.0000574902,-0.0004411295,0.0005847828,2453.40915880,2457.40919685,2451.22498071,2454.32889611,2453.38749963,2455.90575157
eth4h:row15544:1730635200,2024-11-03 12:00:00,2442.63000000,-0.03281860,0.04695214,-0.09113031,-0.02925180,-0.05574535,-0.01319374,-0.0004929742,0.0012064858,-0.0013362743,0.0000147732,-0.0003550344,0.0006196636,2441.42614311,2445.57877685,2439.36815608,2442.66608580,2441.76293633,2444.14407792
eth4h:row15545:1730649600,2024-11-03 16:00:00,2452.89000000,-0.03393691,0.04784120,-0.09327220,-0.02930913,-0.05439598,-0.01172474,-0.0005147508,0.0012237984,-0.0013779831,0.0000136567,-0.0003287582,0.0006482692,2451.62769794,2455.89368035,2449.51228687,2452.92349852,2452.08372482,2454.48064859
eth4h:row15546:1730664000,2024-11-03 20:00:00,2457.73000000,-0.03048318,0.05000240,-0.09147631,-0.02952538,-0.05815649,-0.01077881,-0.0004474968,0.0012658832,-0.0013430120,0.0000094457,-0.0004019861,0.0006666891,2456.63041975,2460.84316906,2454.43145454,2457.75321521,2456.74222514,2459.36908804
eth4h:row15547:1730678400,2024-11-04 00:00:00,2473.76000000,-0.03022652,0.04888225,-0.08950316,-0.02642725,-0.05659002,-0.00681412,-0.0004424989,0.0012440707,-0.0013045892,0.0000697751,-0.0003714825,0.0007438929,2472.66560597,2476.83944736,2470.53486373,2473.93261297,2472.84121203,2475.60089710
eth4h:row15548:1730692800,2024-11-04 04:00:00,2459.67000000,-0.03448706,0.04552985,-0.08917146,-0.02393554,-0.05609258,-0.00348779,-0.0005254638,0.0011787898,-0.0012981300,0.0001182959,-0.0003617959,0.0008086659,2458.37787208,2462.57114359,2456.47910010,2459.96098599,2458.78026254,2461.65985574
eth4h:row15549:1730707200,2024-11-04 08:00:00,2470.20000000,-0.03600364,0.04549421,-0.08818727,-0.02438752,-0.05997983,-0.00479018,-0.0005549959,0.0011780958,-0.0012789650,0.0001094945,-0.0004374917,0.0007833047,2468.82942953,2473.11184702,2467.04272010,2470.47048809,2469.11954443,2472.13567717
eth4h:row15550:1730721600,2024-11-04 12:00:00,2442.60000000,-0.03579800,0.04766656,-0.09045994,-0.02641330,-0.06122527,-0.00493702,-0.0005509916,0.0012203976,-0.0013232203,0.0000700467,-0.0004617439,0.0007804453,2441.25451871,2445.58276288,2439.37003965,2442.77110215,2441.47240468,2444.50705987
eth4h:row15551:1730736000,2024-11-04 16:00:00,2430.43000000,-0.03638845,0.04944999,-0.09366327,-0.02625160,-0.05746937,-0.00391757,-0.0005624892,0.0012551261,-0.0013855982,0.0000731956,-0.0003886059,0.0008002969,2429.06329384,2433.48241120,2427.06473248,2430.60790339,2429.48570400,2432.37584409
eth4h:row15552:1730750400,2024-11-04 20:00:00,2398.21000000,-0.03452723,0.04804934,-0.09278946,-0.02675859,-0.05695251,-0.00389689,-0.0005262460,0.0012278514,-0.0013685828,0.0000633230,-0.0003785412,0.0008006996,2396.94828349,2401.15645412,2394.93009600,2398.36186658,2397.30235061,2400.13101486
eth4h:row15553:1730764800,2024-11-05 00:00:00,2420.41000000,-0.03202956,0.04956413,-0.09124755,-0.02689676,-0.05807399,-0.00538471,-0.0004776093,0.0012573487,-0.0013385574,0.0000606325,-0.0004003795,0.0007717275,2419.25426579,2423.45521352,2417.17230975,2420.55676003,2419.44111146,2422.27861798
eth4h:row15554:1730779200,2024-11-05 04:00:00,2443.40000000,-0.03215544,0.05119879,-0.09145658,-0.02684424,-0.05924623,-0.00694961,-0.0004800606,0.0012891802,-0.0013426278,0.0000616551,-0.0004232064,0.0007412544,2442.22730144,2446.55201413,2440.12162443,2443.55065267,2442.36615622,2445.21185242
eth4h:row15555:1730793600,2024-11-05 08:00:00,2440.63000000,-0.03327279,0.05270649,-0.09250944,-0.02592180,-0.05910929,-0.00438672,-0.0005018185,0.0013185394,-0.0013631300,0.0000796176,-0.0004205398,0.0007911612,2439.40555384,2443.85018921,2437.30537061,2440.82432493,2439.60383380,2442.56169590
eth4h:row15556:1730808000,2024-11-05 12:00:00,2441.19000000,-0.03241675,0.05118562,-0.09233343,-0.02681879,-0.06020511,-0.00305378,-0.0004851490,0.0012889237,-0.0013597025,0.0000621507,-0.0004418784,0.0008171173,2440.00594640,2444.33853621,2437.87296349,2441.34172635,2440.11152908,2443.18555388
eth4h:row15557:1730822400,2024-11-05 16:00:00,2408.40000000,-0.03294222,0.04811335,-0.09232550,-0.02736251,-0.05928921,-0.00275193,-0.0004953815,0.0012290980,-0.0013595481,0.0000515630,-0.0004240433,0.0008229953,2407.20721875,2411.36197952,2405.12788911,2408.52418763,2407.37895071,2410.38291767
eth4h:row15558:1730836800,2024-11-05 20:00:00,2422.55000000,-0.03414123,0.04874892,-0.09339898,-0.02667509,-0.05737882,-0.00169241,-0.0005187295,0.0012414742,-0.0013804518,0.0000649491,-0.0003868426,0.0008436271,2421.29367764,2425.55940107,2419.20809366,2422.70734747,2421.61303576,2424.59459111
eth4h:row15559:1730851200,2024-11-06 00:00:00,2579.31000000,-0.03562133,0.04631639,-0.09316992,-0.02640836,-0.05935315,0.00148754,-0.0005475513,0.0011941061,-0.0013759914,0.0000701431,-0.0004252884,0.0009055498,2577.89808195,2582.39180935,2575.76333239,2579.49092708,2578.21328267,2581.64675149
eth4h:row15560:1730865600,2024-11-06 04:00:00,2594.00000000,-0.03187995,0.05429132,-0.09500598,-0.02817206,-0.05706786,-0.00376582,-0.0004746960,0.0013494005,-0.0014117447,0.0000357988,-0.0003807873,0.0008032520,2592.76893086,2597.50270752,2590.34051802,2594.09286374,2593.01242566,2596.08447265
eth4h:row15561:1730880000,2024-11-06 08:00:00,2629.02000000,-0.03011327,0.05523414,-0.09446996,-0.02886061,-0.05548938,-0.00806148,-0.0004402937,0.0013677600,-0.0014013068,0.0000223907,-0.0003500499,0.0007196032,2627.86271394,2632.61832855,2625.33851654,2629.07886631,2628.09987297,2630.91253211
eth4h:row15562:1730894400,2024-11-06 12:00:00,2634.19000000,-0.03197937,0.04954440,-0.09246951,-0.02972959,-0.06010011,-0.00611390,-0.0004766320,0.0012569646,-0.0013623523,0.0000054693,-0.0004398339,0.0007575282,2632.93475999,2637.50316530,2630.60374862,2634.20440718,2633.03164867,2636.18622913
eth4h:row15563:1730908800,2024-11-06 16:00:00,2687.25000000,-0.02939527,0.05292351,-0.09184103,-0.03091018,-0.06252876,-0.00883118,-0.0004263122,0.0013227654,-0.0013501142,-0.0000175201,-0.0004871266,0.0007046149,2686.10463666,2690.80695320,2683.62435374,2687.20291942,2685.94128791,2689.14414360
eth4h:row15564:1730923200,2024-11-06 20:00:00,2721.87000000,-0.03308766,0.05077917,-0.09318208,-0.02705370,-0.05990236,-0.00312760,-0.0004982135,0.0012810090,-0.0013762281,0.0000575765,-0.0004359831,0.0008156799,2720.51426536,2725.35897429,2718.12666237,2722.02672021,2720.68356935,2724.09108024
eth4h:row15565:1730937600,2024-11-07 00:00:00,2852.42000000,-0.03502970,0.05038137,-0.09423416,-0.02603171,-0.05624904,-0.00139148,-0.0005360305,0.0012732627,-0.0013967151,0.0000774774,-0.0003648426,0.0008494870,2850.89142558,2856.05419318,2848.43876275,2852.64100653,2851.37950543,2854.84412327
eth4h:row15566:1730952000,2024-11-07 04:00:00,2820.29000000,-0.02562254,0.05415464,-0.09123718,-0.03083323,-0.05990711,-0.01193747,-0.0003528463,0.0013467390,-0.0013383554,-0.0000160217,-0.0004360757,0.0006441268,2819.29504654,2824.09075337,2816.51797433,2820.24481449,2819.06040831,2822.10720949
eth4h:row15567:1730966400,2024-11-07 08:00:00,2792.28000000,-0.02374332,0.05124266,-0.08935498,-0.03185515,-0.06107380,-0.01164737,-0.0003162527,0.0012900344,-0.0013017037,-0.0000359214,-0.0004587944,0.0006497758,2791.39707359,2795.88446174,2788.64764337,2792.17969912,2790.99921154,2794.09494545
eth4h:row15568:1730980800,2024-11-07 12:00:00,2847.49000000,-0.02654522,0.05013991,-0.08764666,-0.03233628,-0.06894095,-0.01060430,-0.0003708135,0.0012685608,-0.0012684377,-0.0000452904,-0.0006119902,0.0006700872,2846.43430791,2851.10450641,2843.88042604,2847.36103905,2845.74789722,2849.39870610
eth4h:row15569:1730995200,2024-11-07 16:00:00,2885.00000000,-0.02925866,0.04453451,-0.08591609,-0.03288428,-0.07393499,-0.01033590,-0.0004236520,0.0011594078,-0.0012347388,-0.0000559616,-0.0007092382,0.0006753137,2883.77802298,2888.34683125,2881.43997695,2884.83855535,2882.95457318,2886.94893811
eth4h:row15570:1731009600,2024-11-07 20:00:00,2895.47000000,-0.02868943,0.04370291,-0.08897995,-0.03410624,-0.06651624,-0.01093882,-0.0004125675,0.0011432141,-0.0012944008,-0.0000797565,-0.0005647741,0.0006635732,2894.27566946,2898.78203493,2891.72452598,2895.23907661,2893.83517537,2897.39199405
eth4h:row15571:1731024000,2024-11-08 00:00:00,2902.42000000,-0.02860169,0.04344524,-0.08792549,-0.03573845,-0.06846353,-0.01587000,-0.0004108590,0.0011381965,-0.0012738673,-0.0001115403,-0.0006026935,0.0005675491,2901.22775947,2905.72540505,2898.72505591,2902.09628112,2900.67125740,2904.06773350
eth4h:row15572:1731038400,2024-11-08 04:00:00,2911.96000000,-0.01945214,0.04606182,-0.08498745,-0.03737847,-0.07039690,-0.01516264,-0.0002326913,0.0011891488,-0.0012166555,-0.0001434762,-0.0006403416,0.0005813234,2911.28249112,2915.42481352,2908.41930218,2911.54223293,2910.09594771,2913.65328263
eth4h:row15573:1731052800,2024-11-08 08:00:00,2914.39000000,-0.01248436,0.04547036,-0.07992303,-0.03939251,-0.07621434,-0.01654397,-0.0000970088,0.0011776315,-0.0011180367,-0.0001826953,-0.0007536238,0.0005544251,2914.10729234,2917.82409909,2911.13342581,2913.85760320,2912.19447388,2916.00625906
eth4h:row15574:1731067200,2024-11-08 12:00:00,2937.04000000,-0.01776187,0.04367352,-0.07846325,-0.03873328,-0.07951181,-0.01960471,-0.0001997770,0.0011426419,-0.0010896107,-0.0001698583,-0.0008178347,0.0004948238,2936.45330570,2940.39790298,2933.84151265,2936.54116175,2934.63896867,2938.49367683
eth4h:row15575:1731081600,2024-11-08 16:00:00,2949.96000000,-0.01677113,0.04345495,-0.07773476,-0.03875349,-0.07882640,-0.02119271,-0.0001804843,0.0011383857,-0.0010754250,-0.0001702518,-0.0008044879,0.0004639009,2949.42762666,2953.32010446,2946.78924460,2949.45780685,2947.58774733,2951.32880646
eth4h:row15576:1731096000,2024-11-08 20:00:00,2961.75000000,-0.01603072,0.04509033,-0.08211475,-0.04204879,-0.07706013,-0.02273565,-0.0001660664,0.0011702310,-0.0011607158,-0.0002344207,-0.0007700937,0.0004338554,2961.25819366,2965.21796056,2958.31424441,2961.05578598,2959.47005304,2963.03525009
eth4h:row15577:1731110400,2024-11-09 00:00:00,2965.50000000,-0.01303892,0.04537565,-0.08335375,-0.04556439,-0.07475239,-0.02637827,-0.0001078077,0.0011757872,-0.0011848427,-0.0003028794,-0.0007251554,0.0003629233,2965.18031364,2968.98884756,2961.98842985,2964.60194715,2963.35033125,2966.57644436
eth4h:row15578:1731124800,2024-11-09 04:00:00,3030.38000000,-0.00886004,0.04287744,-0.07785057,-0.04286913,-0.07543564,-0.02426229,-0.0000264330,0.0011271399,-0.0010776802,-0.0002503950,-0.0007384602,0.0004041274,3030.29989915,3033.79758805,3027.11597870,3029.62130304,3028.14301118,3031.60490718
eth4h:row15579:1731139200,2024-11-09 08:00:00,3051.60000000,-0.00978499,0.04008640,-0.07758128,-0.04330341,-0.07472867,-0.02465647,-0.0000444443,0.0010727903,-0.0010724362,-0.0002588516,-0.0007246934,0.0003964516,3051.46437690,3054.87548363,3048.32910778,3050.81019057,3049.38932666,3052.81005161
eth4h:row15580:1731153600,2024-11-09 12:00:00,3040.88000000,-0.01144307,0.04293031,-0.07450330,-0.04026202,-0.08109979,-0.02565431,-0.0000767318,0.0011281695,-0.0010124992,-0.0001996272,-0.0008487573,0.0003770208,3040.64667667,3044.31256386,3037.80266972,3040.27301821,3038.30012579,3042.02669121
eth4h:row15581:1731168000,2024-11-09 16:00:00,3070.39000000,-0.01270013,0.04325444,-0.07410490,-0.03896312,-0.08136402,-0.02687493,-0.0001012104,0.0011344812,-0.0010047412,-0.0001743338,-0.0008539026,0.0003532520,3070.07926034,3073.87527634,3067.30660185,3069.85477375,3067.76930509,3071.47481300
eth4h:row15582:1731182400,2024-11-09 20:00:00,3126.21000000,-0.01150982,0.03903455,-0.07922732,-0.04423509,-0.07454664,-0.02813308,-0.0000780318,0.0010523080,-0.0011044894,-0.0002769941,-0.0007211487,0.0003287523,3125.96606578,3129.50146719,3122.75904046,3125.34417820,3123.95635031,3127.23791753
eth4h:row15583:1731196800,2024-11-10 00:00:00,3134.82000000,-0.01109665,0.03934176,-0.07862215,-0.04474048,-0.07536812,-0.02955359,-0.0000699860,0.0010582901,-0.0010927051,-0.0002868354,-0.0007371454,0.0003010908,3134.60061415,3138.13930495,3131.39643716,3133.92095149,3132.51003334,3135.76400768
eth4h:row15584:1731211200,2024-11-10 04:00:00,3185.89000000,-0.01052897,0.03838015,-0.07655435,-0.04243634,-0.07448842,-0.02735549,-0.0000589318,0.0010395649,-0.0010524390,-0.0002419673,-0.0007200151,0.0003438941,3185.70225540,3189.20366166,3182.53880878,3185.11921190,3183.59693687,3186.98579713
eth4h:row15585:1731225600,2024-11-10 08:00:00,3220.00000000,-0.01209288,0.03782064,-0.07641923,-0.04196529,-0.07479255,-0.02795161,-0.0000893855,0.0010286697,-0.0010498078,-0.0002327946,-0.0007259374,0.0003322859,3219.71219165,3223.31402074,3216.62139267,3219.25048876,3217.66332988,3221.07013844
eth4h:row15586:1731240000,2024-11-10 12:00:00,3209.53000000,-0.01124280,0.03731091,-0.07555222,-0.04276321,-0.07627538,-0.02899444,-0.0000728320,0.0010187437,-0.0010329247,-0.0002483325,-0.0007548123,0.0003119791,3209.29625212,3212.80135439,3206.21650891,3208.73306844,3207.10832142,3210.53146247
eth4h:row15587:1731254400,2024-11-10 16:00:00,3164.27000000,-0.01114528,0.03671224,-0.07445996,-0.04201243,-0.07616986,-0.02845543,-0.0000709331,0.0010070859,-0.0010116553,-0.0002337127,-0.0007527576,0.0003224750,3164.04555644,3167.45829679,3161.07046801,3163.53055648,3161.88896799,3165.29056267
eth4h:row15588:1731268800,2024-11-10 20:00:00,3183.21000000,-0.01162963,0.03566862,-0.07511847,-0.04276149,-0.07662909,-0.02786833,-0.0000803647,0.0009867637,-0.0010244785,-0.0002482988,-0.0007617000,0.0003339077,3182.95419246,3186.35262625,3179.95053986,3182.41971086,3180.78627215,3184.27307569
eth4h:row15589:1731283200,2024-11-11 00:00:00,3195.07000000,-0.01166456,0.03532249,-0.07432907,-0.04203616,-0.07639149,-0.02752444,-0.0000810449,0.0009800237,-0.0010091065,-0.0002341746,-0.0007570733,0.0003406042,3194.81106641,3198.20277902,3191.84746026,3194.32188337,3192.65201333,3196.15843949
eth4h:row15590:1731297600,2024-11-11 04:00:00,3140.16000000,-0.01088553,0.03458054,-0.07304525,-0.04168252,-0.07646218,-0.02786944,-0.0000658749,0.0009655756,-0.0009841068,-0.0002272883,-0.0007584498,0.0003338859,3139.95314907,3143.19352622,3137.07126724,3139.44635937,3137.77924916,3141.20863021
eth4h:row15591:1731312000,2024-11-11 08:00:00,3197.79000000,-0.01131527,0.03394068,-0.07283222,-0.04214005,-0.07736415,-0.02856490,-0.0000742433,0.0009531158,-0.0009799586,-0.0002361976,-0.0007760137,0.0003203435,3197.55259418,3200.83931712,3194.65783324,3197.03477872,3195.30943379,3198.81455526
eth4h:row15592:1731326400,2024-11-11 12:00:00,3236.98000000,-0.00964277,0.03551138,-0.07298153,-0.04291080,-0.07754077,-0.02969721,-0.0000416749,0.0009837018,-0.0009828660,-0.0002512063,-0.0007794530,0.0002982942,3236.84510199,3240.16578980,3233.80004525,3236.16695237,3234.45790913,3237.94571637
eth4h:row15593:1731340800,2024-11-11 16:00:00,3300.20000000,-0.01020830,0.03512300,-0.07246249,-0.04214505,-0.07758962,-0.02888259,-0.0000526874,0.0009761389,-0.0009727589,-0.0002362951,-0.0007804042,0.0003141571,3300.02612578,3303.42302635,3296.99126193,3299.42027089,3297.62551470,3301.23694412
eth4h:row15594:1731355200,2024-11-11 20:00:00,3371.59000000,-0.01091878,0.03482140,-0.07280224,-0.04272113,-0.07692632,-0.03023815,-0.0000665226,0.0009702659,-0.0009793747,-0.0002475130,-0.0007674880,0.0002877605,3371.36572066,3374.86292630,3368.28956634,3370.75559079,3369.00333797,3372.56035010
eth4h:row15595:1731369600,2024-11-12 00:00:00,3335.60000000,-0.01004474,0.03651179,-0.07302248,-0.04267744,-0.07645731,-0.03097185,-0.0000495025,0.0010031825,-0.0009836634,-0.0002466623,-0.0007583549,0.0002734732,3335.43488365,3338.94789466,3332.32050548,3334.77733481,3333.07139018,3336.51232205
eth4h:row15596:1731384000,2024-11-12 04:00:00,3368.72000000,-0.01098089,0.03514648,-0.07282000,-0.04227541,-0.07683228,-0.02931133,-0.0000677320,0.0009765962,-0.0009797206,-0.0002388335,-0.0007656567,0.0003058084,3368.49183765,3372.01148608,3365.42121173,3367.91553277,3366.14170405,3369.75034035
eth4h:row15597:1731398400,2024-11-12 08:00:00,3282.42000000,-0.01081591,0.03542871,-0.07240539,-0.04219733,-0.07707724,-0.02969557,-0.0000645192,0.0009820920,-0.0009716470,-0.0002373131,-0.0007704268,0.0002983261,3282.20822759,3285.64522179,3279.23219543,3281.64113131,3279.89210958,3283.39937768
eth4h:row15598:1731412800,2024-11-12 12:00:00,3261.65000000,-0.01130717,0.03311229,-0.07102411,-0.04181914,-0.07734863,-0.03000684,-0.0000740855,0.0009369848,-0.0009447496,-0.0002299486,-0.0007757116,0.0002922648,3261.40836799,3264.70754864,3258.57001263,3260.90007440,3259.12088125,3262.60340479
eth4h:row15599:1731427200,2024-11-12 16:00:00,3272.82000000,-0.01313989,0.03093947,-0.07143503,-0.04160170,-0.07740706,-0.02857810,-0.0001097738,0.0008946737,-0.0009527513,-0.0002257145,-0.0007768494,0.0003200864,3272.46074973,3275.74941621,3269.70330157,3272.08136056,3270.27849915,3273.86775280
eth4h:row15600:1731441600,2024-11-12 20:00:00,3243.80000000,-0.01302927,0.03181345,-0.07047074,-0.04199324,-0.07997175,-0.03089246,-0.0001076196,0.0009116926,-0.0009339739,-0.0002333389,-0.0008267910,0.0002750192,3243.45092225,3246.75869692,3240.77178977,3243.04318353,3241.11916361,3244.69223011
eth4h:row15601:1731456000,2024-11-13 00:00:00,3207.99000000,-0.01316457,0.03056146,-0.07010596,-0.04193405,-0.08063482,-0.02971328,-0.0001102543,0.0008873127,-0.0009268706,-0.0002321864,-0.0008397029,0.0002979811,3207.63632465,3210.83775356,3205.01798592,3207.24523492,3205.29737204,3208.94606284
eth4h:row15602:1731470400,2024-11-13 04:00:00,3160.89000000,-0.01251512,0.03024716,-0.07036906,-0.04342906,-0.08005682,-0.03149885,-0.0000976077,0.0008811925,-0.0009319938,-0.0002612983,-0.0008284476,0.0002632112,3160.58148795,3163.67658012,3157.94544246,3160.06417261,3158.27245263,3161.72209100
eth4h:row15603:1731484800,2024-11-13 08:00:00,3168.00000000,-0.01189189,0.03004123,-0.06925922,-0.04458736,-0.08227943,-0.03418049,-0.0000854717,0.0008771824,-0.0009103821,-0.0002838537,-0.0008717282,0.0002109920,3167.72923727,3170.78013292,3165.11722191,3167.10087920,3165.23956845,3168.66849303
eth4h:row15604:1731499200,2024-11-13 12:00:00,3309.28000000,-0.01112478,0.02735294,-0.06741404,-0.04416726,-0.08310464,-0.03254549,-0.0000705338,0.0008248338,-0.0008744512,-0.0002756733,-0.0008877974,0.0002428300,3309.04659200,3312.01073191,3306.38746105,3308.36784575,3306.34333360,3310.08369020
eth4h:row15605:1731513600,2024-11-13 16:00:00,3158.81000000,-0.00990002,0.02968366,-0.06876861,-0.04557417,-0.08273499,-0.03458640,-0.0000466844,0.0008702195,-0.0009008286,-0.0003030697,-0.0008805992,0.0002030878,3158.66253642,3161.56005447,3155.96573486,3157.85280530,3156.02957883,3159.45158085
eth4h:row15606:1731528000,2024-11-13 20:00:00,3187.16000000,-0.01015823,0.02838046,-0.06832283,-0.04549531,-0.08189864,-0.03487499,-0.0000517124,0.0008448426,-0.0008921479,-0.0003015342,-0.0008643132,0.0001974681,3186.99518860,3189.85378622,3184.31784974,3186.19910720,3184.40648554,3187.78942456
eth4h:row15607:1731542400,2024-11-14 00:00:00,3217.21000000,-0.00810545,0.02862562,-0.06770217,-0.04530482,-0.08088581,-0.03456840,-0.0000117389,0.0008496164,-0.0008800619,-0.0002978247,-0.0008445905,0.0002034383,3217.17223386,3219.94455594,3214.37990165,3216.25197815,3214.49392207,3217.86457032
eth4h:row15608:1731556800,2024-11-14 04:00:00,3217.62000000,-0.00735252,0.02681119,-0.06748080,-0.04854361,-0.08375059,-0.03778660,0.0000029227,0.0008142844,-0.0008757511,-0.0003608933,-0.0009003759,0.0001407707,3217.62940431,3220.24112484,3214.80339911,3216.45899217,3214.72423637,3218.07297862
eth4h:row15609:1731571200,2024-11-14 08:00:00,3185.23000000,-0.00751917,0.02655871,-0.06757050,-0.04877726,-0.08327496,-0.03806099,-0.0000003225,0.0008093678,-0.0008774980,-0.0003654431,-0.0008911140,0.0001354276,3185.22897280,3187.80906619,3182.43619316,3184.06619239,3182.39286119,3185.66139721
eth4h:row15610:1731585600,2024-11-14 12:00:00,3077.68000000,-0.00846045,0.02817685,-0.06716108,-0.04788784,-0.08355330,-0.03911998,-0.0000186518,0.0008408777,-0.0008695253,-0.0003481235,-0.0008965341,0.0001148059,3077.62259621,3080.26904093,3075.00504252,3076.60877361,3074.92199155,3078.03335620
eth4h:row15611:1731600000,2024-11-14 16:00:00,3145.41000000,-0.01020579,0.02595783,-0.06769007,-0.04897968,-0.08360866,-0.04052719,-0.0000526386,0.0007976671,-0.0008798263,-0.0003693847,-0.0008976120,0.0000874036,3145.24443436,3147.91999094,3142.64380275,3144.24834815,3142.58790888,3145.68493227
eth4h:row15612:1731614400,2024-11-14 20:00:00,3058.82000000,-0.00611763,0.02659095,-0.06692176,-0.05147718,-0.08207761,-0.04502363,0.0000269695,0.0008099957,-0.0008648652,-0.0004180180,-0.0008677982,-0.0000001548,3058.90249609,3061.29863485,3056.17567668,3057.54162530,3056.16671308,3058.81952640
eth4h:row15613:1731628800,2024-11-15 00:00:00,3082.44000000,-0.00798326,0.02836109,-0.06749945,-0.05028180,-0.08104102,-0.04473401,-0.0000093595,0.0008444654,-0.0008761144,-0.0003947408,-0.0008476129,0.0000054849,3082.41115010,3085.04411319,3079.74061249,3081.22347542,3079.82839103,3082.45690684
eth4h:row15614:1731643200,2024-11-15 04:00:00,3039.48000000,-0.00957732,0.02631242,-0.06740116,-0.04818849,-0.08016154,-0.04212299,-0.0000404005,0.0008045719,-0.0008742005,-0.0003539780,-0.0008304869,0.0000563290,3039.35720602,3041.92646428,3036.82404620,3038.40428144,3036.95679953,3039.65121559
eth4h:row15615:1731657600,2024-11-15 08:00:00,3104.29000000,-0.00846152,0.02333243,-0.06577223,-0.04886113,-0.07969756,-0.04282575,-0.0000186727,0.0007465430,-0.0008424805,-0.0003670761,-0.0008214520,0.0000426441,3104.23203504,3106.60835115,3101.67579761,3103.15069830,3101.74102199,3104.42238238
eth4h:row15616:1731672000,2024-11-15 12:00:00,3023.73000000,-0.01058917,0.02676100,-0.06905889,-0.04778634,-0.07353589,-0.04463099,-0.0000601040,0.0008133071,-0.0009064811,-0.0003461469,-0.0007014666,0.0000074911,3023.54826706,3026.19022148,3020.99028789,3022.68352631,3021.60969800,3023.75265113
eth4h:row15617:1731686400,2024-11-15 16:00:00,3039.58000000,-0.01219933,0.02313692,-0.06822108,-0.04654078,-0.07409960,-0.04029227,-0.0000914584,0.0007427360,-0.0008901667,-0.0003218924,-0.0007124437,0.0000919781,3039.30201750,3041.83844400,3036.87547107,3038.60173987,3037.41524161,3039.85958774
eth4h:row15618:1731700800,2024-11-15 20:00:00,3090.01000000,-0.01211672,0.02340258,-0.06888538,-0.04790638,-0.07649800,-0.04029132,-0.0000898497,0.0007479091,-0.0009031024,-0.0003484845,-0.0007591474,0.0000919967,3089.73237588,3092.32191098,3087.22066437,3088.93336698,3087.66511715,3090.29428380
eth4h:row15619:1731715200,2024-11-16 00:00:00,3154.78000000,-0.01250439,0.02038778,-0.06780630,-0.04925637,-0.07750455,-0.04242229,-0.0000973987,0.0006892023,-0.0008820896,-0.0003747726,-0.0007787476,0.0000505007,3154.47274334,3156.95503109,3151.99842845,3153.59789654,3152.32417885,3154.93932248
eth4h:row15620:1731729600,2024-11-16 04:00:00,3106.66000000,-0.01846140,0.02003885,-0.06909757,-0.04499839,-0.07389483,-0.03833763,-0.0002133986,0.0006824077,-0.0009072344,-0.0002918577,-0.0007084562,0.0001300406,3105.99711384,3108.78073234,3103.84280942,3105.75342978,3104.45984687,3107.06401825
eth4h:row15621:1731744000,2024-11-16 08:00:00,3195.34000000,-0.01670222,0.01764912,-0.06628417,-0.04712258,-0.08057491,-0.03977912,-0.0001791425,0.0006358729,-0.0008524495,-0.0003332217,-0.0008385365,0.0001019706,3194.76762996,3197.37247632,3192.61729468,3194.27542083,3192.66171398,3195.66584748
eth4h:row15622:1731758400,2024-11-16 12:00:00,3141.11000000,-0.01479881,0.02040035,-0.06707650,-0.04756717,-0.07929786,-0.03964337,-0.0001420776,0.0006894472,-0.0008678783,-0.0003418791,-0.0008136685,0.0001046141,3140.66375019,3143.27637624,3138.38508140,3140.03630360,3138.55521729,3141.43862149
eth4h:row15623:1731772800,2024-11-16 16:00:00,3169.01000000,-0.01486509,0.01576293,-0.06396913,-0.04640285,-0.08068600,-0.03844921,-0.0001433683,0.0005991435,-0.0008073690,-0.0003192066,-0.0008406997,0.0001278678,3168.55569695,3170.90926056,3166.45247211,3167.99859263,3166.34693394,3169.41524037
eth4h:row15624:1731787200,2024-11-16 20:00:00,3132.87000000,-0.01688473,0.01826901,-0.06548434,-0.04518811,-0.07990667,-0.03717005,-0.0001826965,0.0006479439,-0.0008368744,-0.0002955521,-0.0008255239,0.0001527767,3132.29768786,3134.90058182,3130.24927793,3131.94421058,3130.28480822,3133.34866618
eth4h:row15625:1731801600,2024-11-17 00:00:00,3080.68000000,-0.01258879,0.02239955,-0.06549119,-0.04621945,-0.07952593,-0.03931671,-0.0000990423,0.0007283773,-0.0008370079,-0.0003156352,-0.0008181098,0.0001109751,3080.37489760,3082.92471478,3078.10252528,3079.70778245,3078.16069618,3081.02189784
eth4h:row15626:1731816000,2024-11-17 04:00:00,3136.79000000,-0.01317780,0.01924253,-0.06336426,-0.04650746,-0.08229256,-0.04026571,-0.0001105120,0.0006669012,-0.0007955905,-0.0003212435,-0.0008719838,0.0000924955,3136.44336616,3138.88262661,3134.29539211,3135.78248830,3134.05596204,3137.08015237
eth4h:row15627:1731830400,2024-11-17 08:00:00,3105.52000000,-0.01228576,0.01824273,-0.06512403,-0.04880683,-0.07886928,-0.04162430,-0.0000931414,0.0006474321,-0.0008298582,-0.0003660188,-0.0008053230,0.0000660397,3105.23076098,3107.53126420,3102.94392785,3104.38352936,3103.02006018,3105.72509447
eth4h:row15628:1731844800,2024-11-17 12:00:00,3086.21000000,-0.01171582,0.02288259,-0.06754207,-0.04846374,-0.07761532,-0.03998384,-0.0000820431,0.0007377834,-0.0008769443,-0.0003593380,-0.0007809048,0.0000979843,3085.95680827,3088.48779461,3083.50475205,3085.10120685,3083.80090469,3086.51241499
eth4h:row15629:1731859200,2024-11-17 16:00:00,3097.74000000,-0.01631622,0.01738966,-0.06815945,-0.04746548,-0.07736233,-0.03716576,-0.0001716260,0.0006308205,-0.0008889665,-0.0003398990,-0.0007759783,0.0001528603,3097.20839282,3099.69473444,3094.98743641,3096.68726013,3095.33715342,3098.21355763
eth4h:row15630:1731873600,2024-11-17 20:00:00,3076.00000000,-0.01380985,0.01952488,-0.06688534,-0.04876284,-0.07812183,-0.04156252,-0.0001228198,0.0006723993,-0.0008641560,-0.0003651622,-0.0007907679,0.0000672428,3075.62222956,3078.06899565,3073.34300424,3074.87696612,3073.56855955,3076.20684570
eth4h:row15631:1731888000,2024-11-18 00:00:00,3111.96000000,-0.01444917,0.01594032,-0.06665920,-0.04849223,-0.07663885,-0.04112455,-0.0001352691,0.0006025976,-0.0008597524,-0.0003598928,-0.0007618901,0.0000757714,3111.53907630,3113.83582484,3109.28563460,3110.84022966,3109.58993161,3112.19580644
eth4h:row15632:1731902400,2024-11-18 04:00:00,3130.55000000,-0.01569061,0.01855994,-0.06816351,-0.04668311,-0.07848269,-0.03464830,-0.0001594436,0.0006536091,-0.0008890455,-0.0003246640,-0.0007977949,0.0002018824,3130.05089358,3132.59682496,3127.76803552,3129.53378795,3128.05345932,3131.18206681
eth4h:row15633:1731916800,2024-11-18 08:00:00,3056.28000000,-0.01445906,0.02174903,-0.06648468,-0.04825244,-0.08031343,-0.04347264,-0.0001354618,0.0007157097,-0.0008563540,-0.0003552234,-0.0008334446,0.0000300473,3055.86601880,3058.46819229,3053.66386274,3055.19453072,3053.73382115,3056.37183434
eth4h:row15634:1731931200,2024-11-18 12:00:00,3143.41000000,-0.01410620,0.01361806,-0.06429064,-0.04844097,-0.07900897,-0.04123662,-0.0001285906,0.0005573767,-0.0008136297,-0.0003588946,-0.0008080430,0.0000735890,3143.00581289,3145.16255186,3140.85346853,3142.28204963,3140.87101549,3143.64132899
eth4h:row15635:1731945600,2024-11-18 16:00:00,3127.17000000,-0.01473789,0.01733596,-0.06574338,-0.04949365,-0.07864989,-0.04413336,-0.0001408914,0.0006297748,-0.0008419187,-0.0003793932,-0.0008010508,0.0000171813,3126.72943956,3129.14003300,3124.53828503,3125.98379801,3124.66598094,3127.22372916
eth4h:row15636:1731960000,2024-11-18 20:00:00,3207.80000000,-0.01343958,0.01716895,-0.06335663,-0.04998646,-0.08578558,-0.04487133,-0.0001156097,0.0006265226,-0.0007954419,-0.0003889896,-0.0009400030,0.0000028110,3207.42916868,3209.81038876,3205.24939589,3206.55244172,3204.78607528,3207.80901706
eth4h:row15637:1731974400,2024-11-19 00:00:00,3148.50000000,-0.01416497,0.01506723,-0.06462734,-0.04714279,-0.07895203,-0.03845563,-0.0001297351,0.0005855961,-0.0008201863,-0.0003336151,-0.0008069343,0.0001277428,3148.09155565,3150.34428930,3145.91870214,3147.44978791,3145.96039223,3148.90222382
eth4h:row15638:1731988800,2024-11-19 04:00:00,3118.08000000,-0.01271980,0.01408471,-0.06372868,-0.05178873,-0.08047050,-0.04787269,-0.0001015934,0.0005664636,-0.0008026869,-0.0004240849,-0.0008365033,-0.0000556341,3117.76323969,3119.84677918,3115.57816239,3116.75794983,3115.47280655,3117.90653336
eth4h:row15639:1732003200,2024-11-19 08:00:00,3126.51000000,-0.01279550,0.01393015,-0.06425356,-0.05034940,-0.07893173,-0.04496324,-0.0001030675,0.0005634540,-0.0008129077,-0.0003960570,-0.0008065391,0.0000010212,3126.18777513,3128.27214089,3123.96946859,3125.27196913,3123.98936419,3126.51319286
eth4h:row15640:1732017600,2024-11-19 12:00:00,3104.36000000,-0.00911717,0.01857568,-0.06412797,-0.04913143,-0.07924974,-0.04149997,-0.0000314401,0.0006539156,-0.0008104622,-0.0003723398,-0.0008127315,0.0000684609,3104.26240015,3106.39065319,3101.84505284,3103.20433840,3101.83801371,3104.57253452
eth4h:row15641:1732032000,2024-11-19 16:00:00,3122.19000000,-0.01225798,0.01898415,-0.06698477,-0.05220507,-0.07992530,-0.04685175,-0.0000926005,0.0006618697,-0.0008660920,-0.0004321922,-0.0008258866,-0.0000357535,3121.90089693,3124.25716682,3119.48706678,3120.84090554,3119.61248966,3122.07837277
eth4h:row15642:1732046400,2024-11-19 20:00:00,3107.44000000,-0.00933449,0.01461322,-0.06460916,-0.05120633,-0.07552940,-0.04538506,-0.0000356719,0.0005767553,-0.0008198323,-0.0004127439,-0.0007402859,-0.0000071929,3107.32915367,3109.23274935,3104.89346433,3106.15768763,3105.14045727,3107.41764872
eth4h:row15643:1732060800,2024-11-20 00:00:00,3096.00000000,-0.01078765,0.01968671,-0.06764155,-0.05195681,-0.07452613,-0.04738447,-0.0000639691,0.0006755505,-0.0008788815,-0.0004273580,-0.0007207495,-0.0000461270,3095.80195806,3098.09221093,3093.28017834,3094.67718245,3093.76936362,3095.85719409
eth4h:row15644:1732075200,2024-11-20 04:00:00,3109.54000000,-0.01435869,0.01625741,-0.06994169,-0.05341278,-0.07740672,-0.04547061,-0.0001335072,0.0006087724,-0.0009236718,-0.0004557097,-0.0007768427,-0.0000088587,3109.12488159,3111.43357846,3106.66913169,3108.12327535,3107.12531460,3109.51245362
eth4h:row15645:1732089600,2024-11-20 08:00:00,3099.82000000,-0.01099174,0.01984412,-0.06776445,-0.04988359,-0.07575499,-0.04101747,-0.0000679432,0.0006786158,-0.0008812748,-0.0003869863,-0.0007446787,0.0000778565,3099.60939540,3101.92430082,3097.08941020,3098.62064417,3097.51248922,3100.06135061
eth4h:row15646:1732104000,2024-11-20 12:00:00,3130.00000000,-0.01425855,0.01564110,-0.06928473,-0.05183027,-0.07323226,-0.04626001,-0.0001315573,0.0005967711,-0.0009108789,-0.0004248938,-0.0006955542,-0.0000242306,3129.58825268,3131.86845087,3127.15024722,3128.67036475,3127.82367236,3129.92415901
eth4h:row15647:1732118400,2024-11-20 16:00:00,3058.05000000,-0.01473217,0.01879317,-0.06937259,-0.04851935,-0.07198012,-0.04094138,-0.0001407800,0.0006581509,-0.0009125897,-0.0003604209,-0.0006711714,0.0000793381,3057.61951798,3060.06332069,3055.26052808,3056.94801360,3055.99821301,3058.29262957
eth4h:row15648:1732132800,2024-11-20 20:00:00,3069.97000000,-0.00988154,0.02264846,-0.06620025,-0.04960940,-0.07706618,-0.04593095,-0.0000463246,0.0007332243,-0.0008508153,-0.0003816472,-0.0007702115,-0.0000178229,3069.82778831,3072.22180193,3067.35913348,3068.79857803,3067.60638419,3069.91528483
eth4h:row15649:1732147200,2024-11-21 00:00:00,3081.98000000,-0.01348369,0.02128358,-0.07022088,-0.05139212,-0.07508172,-0.04584762,-0.0001164686,0.0007066460,-0.0009291084,-0.0004163618,-0.0007315684,-0.0000162002,3081.62106706,3084.15863864,3079.11783639,3080.69704851,3079.72614542,3081.93007157
eth4h:row15650:1732161600,2024-11-21 04:00:00,3137.02000000,-0.01220899,0.01916958,-0.06597184,-0.04854141,-0.07508489,-0.04392749,-0.0000916465,0.0006654805,-0.0008463676,-0.0003608503,-0.0007316302,0.0000211902,3136.73251640,3139.10832043,3134.36605125,3135.88820959,3134.72570088,3137.08647483
eth4h:row15651:1732176000,2024-11-21 08:00:00,3147.75000000,-0.01477628,0.01762451,-0.06675606,-0.04835204,-0.07733333,-0.04291287,-0.0001416389,0.0006353936,-0.0008616385,-0.0003571629,-0.0007754136,0.0000409477,3147.30418769,3149.75069565,3145.03894545,3146.62594138,3145.31013785,3147.87889591
eth4h:row15652:1732190400,2024-11-21 12:00:00,3277.03000000,-0.01512175,0.01658470,-0.06779777,-0.04885696,-0.07450977,-0.04035335,-0.0001483662,0.0006151457,-0.0008819236,-0.0003669949,-0.0007204309,0.0000907887,3276.54383570,3279.04647090,3274.14118397,3275.82756735,3274.66997667,3277.32753090
eth4h:row15653:1732204800,2024-11-21 16:00:00,3347.00000000,-0.01298587,0.02038635,-0.06671756,-0.04738669,-0.07665516,-0.04122120,-0.0001067747,0.0006891745,-0.0008608887,-0.0003383646,-0.0007622078,0.0000738894,3346.64264431,3349.30746192,3344.11984531,3345.86768522,3344.44986252,3347.24731679
eth4h:row15654:1732219200,2024-11-21 20:00:00,3355.81000000,-0.01377444,0.01736558,-0.06861108,-0.04939632,-0.07249889,-0.04123711,-0.0001221303,0.0006303516,-0.0008977610,-0.0003774978,-0.0006812733,0.0000735795,3355.40017881,3357.92600708,3352.79863674,3354.54342812,3353.52455491,3356.05692774
eth4h:row15655:1732233600,2024-11-22 00:00:00,3365.80000000,-0.01067858,0.02260912,-0.06852853,-0.04832188,-0.07330997,-0.04053986,-0.0000618451,0.0007324582,-0.0008961534,-0.0003565756,-0.0006970674,0.0000871570,3365.59184836,3368.26621097,3362.78507791,3364.60005195,3363.45462804,3366.09336578
eth4h:row15656:1732248000,2024-11-22 04:00:00,3362.66000000,-0.01329439,0.02223278,-0.06739258,-0.04819314,-0.07795614,-0.04278867,-0.0001127823,0.0007251297,-0.0008740333,-0.0003540685,-0.0007875415,0.0000433663,3362.28077289,3365.09924905,3359.72220708,3361.46959877,3360.01280829,3362.80582927
eth4h:row15657:1732262400,2024-11-22 08:00:00,3344.75000000,-0.01208859,0.02205498,-0.06985300,-0.04983542,-0.07313004,-0.04301568,-0.0000893019,0.0007216675,-0.0009219447,-0.0003860485,-0.0006935636,0.0000389456,3344.45132080,3347.16466841,3341.66774647,3343.45901353,3342.43100732,3344.88026579
eth4h:row15658:1732276800,2024-11-22 12:00:00,3314.15000000,-0.01142650,0.02119870,-0.06874149,-0.05078892,-0.07620418,-0.04445850,-0.0000764092,0.0007049932,-0.0009003005,-0.0004046158,-0.0007534259,0.0000108498,3313.89677825,3316.48727715,3311.16761180,3312.80931395,3311.65397410,3314.18595802
eth4h:row15659:1732291200,2024-11-22 16:00:00,3282.40000000,-0.01297419,0.02151764,-0.07205235,-0.04965160,-0.07184373,-0.03948006,-0.0001065472,0.0007112040,-0.0009647723,-0.0003824690,-0.0006685155,0.0001077943,3282.05028822,3284.73528634,3279.23475839,3281.14482388,3280.20639814,3282.75384312
eth4h:row15660:1732305600,2024-11-22 20:00:00,3327.78000000,-0.01016753,0.02039451,-0.06778591,-0.04856865,-0.07615642,-0.04101532,-0.0000518935,0.0006893335,-0.0008816926,-0.0003613807,-0.0007524959,0.0000778983,3327.60731448,3330.07474094,3324.84721403,3326.57762169,3325.27680124,3328.03923854
eth4h:row15661:1732320000,2024-11-23 00:00:00,3345.51000000,-0.01318805,0.02256126,-0.06954240,-0.04759322,-0.07459709,-0.04024993,-0.0001107117,0.0007315262,-0.0009158965,-0.0003423863,-0.0007221312,0.0000928028,3345.13963356,3347.95822358,3342.44726205,3344.36473914,3343.09497478,3345.82048705
eth4h:row15662:1732334400,2024-11-23 04:00:00,3341.34000000,-0.01144199,0.02260477,-0.06842052,-0.04863588,-0.07680446,-0.04236614,-0.0000767109,0.0007323735,-0.0008940503,-0.0003626900,-0.0007651150,0.0000515940,3341.08369251,3343.78800516,3338.35400901,3340.12834923,3338.78446847,3341.51239757
eth4h:row15663:1732348800,2024-11-23 08:00:00,3354.65000000,-0.01153581,0.02506132,-0.06901687,-0.04830102,-0.07754059,-0.04188300,-0.0000785378,0.0007802094,-0.0009056628,-0.0003561693,-0.0007794496,0.0000610021,3354.38654340,3357.26835081,3351.61319362,3353.45538935,3352.03623829,3354.85464701
eth4h:row15664:1732363200,2024-11-23 12:00:00,3460.33000000,-0.01058941,0.02462704,-0.06942337,-0.04968308,-0.07548602,-0.04334399,-0.0000601087,0.0007717528,-0.0009135786,-0.0003830818,-0.0007394412,0.0000325526,3460.12201035,3463.00154998,3457.17016019,3459.00466439,3457.77223516,3460.44264460
eth4h:row15665:1732377600,2024-11-23 16:00:00,3407.83000000,-0.01021020,0.02341826,-0.06810384,-0.04756902,-0.07520133,-0.03994366,-0.0000527245,0.0007482143,-0.0008878836,-0.0003419151,-0.0007338976,0.0000987666,3407.65032862,3410.38074140,3404.80558635,3406.66501061,3405.32991941,3408.16659643
eth4h:row15666:1732392000,2024-11-23 20:00:00,3393.91000000,-0.00927966,0.02293027,-0.06825315,-0.04907898,-0.07419927,-0.04186704,-0.0000346041,0.0007387119,-0.0008907911,-0.0003713184,-0.0007143846,0.0000613129,3393.79255887,3396.41804802,3390.88808124,3392.65001270,3391.48630868,3394.11809682
eth4h:row15667:1732406400,2024-11-24 00:00:00,3427.00000000,-0.01044171,0.02252139,-0.06814080,-0.04817365,-0.07624176,-0.03961439,-0.0000572325,0.0007307497,-0.0008886033,-0.0003536890,-0.0007541577,0.0001051784,3426.80386968,3429.50519448,3423.95610924,3425.78812225,3424.41647602,3427.36046550
eth4h:row15668:1732420800,2024-11-24 04:00:00,3422.51000000,-0.01126318,0.02181018,-0.06820648,-0.04846064,-0.07590166,-0.04058571,-0.0000732289,0.0007169006,-0.0008898823,-0.0003592776,-0.0007475349,0.0000862641,3422.25938246,3424.96447910,3419.46572359,3421.28058970,3419.95251047,3422.80525262
eth4h:row15669:1732435200,2024-11-24 08:00:00,3344.22000000,-0.01020675,0.02151311,-0.06919723,-0.05021654,-0.07576980,-0.04153856,-0.0000526572,0.0007111158,-0.0009091750,-0.0003934698,-0.0007449672,0.0000677094,3344.04390745,3346.59897341,3341.18090052,3342.90440919,3341.72959364,3344.44644264
eth4h:row15670:1732449600,2024-11-24 12:00:00,3294.39000000,-0.01160400,0.02268262,-0.06858765,-0.04880784,-0.07549588,-0.04225170,-0.0000798656,0.0007338893,-0.0008973048,-0.0003660385,-0.0007396333,0.0000538225,3294.12690193,3296.80860505,3291.43525385,3293.18434707,3291.95426033,3294.56731707
eth4h:row15671:1732464000,2024-11-24 16:00:00,3326.63000000,-0.00983660,0.02415652,-0.06833821,-0.04972075,-0.07794175,-0.04293494,-0.0000454494,0.0007625904,-0.0008924474,-0.0003838154,-0.0007872612,0.0000405180,3326.47881008,3329.16782370,3323.66248207,3325.35343332,3324.01210397,3326.76479115
eth4h:row15672:1732478400,2024-11-24 20:00:00,3361.20000000,-0.00939887,0.02028633,-0.06632274,-0.04974471,-0.07871720,-0.04300330,-0.0000369254,0.0006872268,-0.0008532005,-0.0003842819,-0.0008023615,0.0000391867,3361.07588853,3363.51070077,3358.33344569,3359.90859967,3358.50418413,3361.33171698
eth4h:row15673:1732492800,2024-11-25 00:00:00,3362.44000000,-0.00821822,0.02074010,-0.06640928,-0.04985503,-0.07836263,-0.04194250,-0.0000139348,0.0006960630,-0.0008548857,-0.0003864303,-0.0007954570,0.0000598435,3362.39314524,3364.78128495,3359.56672631,3361.14090216,3359.76638718,3362.64122614
eth4h:row15674:1732507200,2024-11-25 04:00:00,3399.41000000,-0.00984435,0.01930107,-0.06571280,-0.04743163,-0.07835229,-0.03908783,-0.0000456003,0.0006680409,-0.0008413233,-0.0003392398,-0.0007952556,0.0001154321,3399.25498945,3401.68170377,3396.55119993,3398.25698055,3396.70767485,3399.80242372
eth4h:row15675:1732521600,2024-11-25 08:00:00,3471.84000000,-0.00998228,0.01613278,-0.06689077,-0.04919891,-0.07634787,-0.03895557,-0.0000482861,0.0006063454,-0.0008642617,-0.0003736537,-0.0007562239,0.0001180076,3471.67236248,3473.94577269,3468.84071810,3470.54297656,3469.21550394,3472.24972783
eth4h:row15676:1732536000,2024-11-25 12:00:00,3518.41000000,-0.00919156,0.01689149,-0.06669181,-0.05029671,-0.07635780,-0.04102268,-0.0000328886,0.0006211196,-0.0008603873,-0.0003950309,-0.0007564172,0.0000777550,3518.29428627,3520.59603233,3515.38410652,3517.02039372,3515.74962047,3518.68358449
eth4h:row15677:1732550400,2024-11-25 16:00:00,3464.00000000,-0.00963252,0.01822622,-0.06781822,-0.05029289,-0.07588236,-0.04024386,-0.0000414753,0.0006471105,-0.0008823217,-0.0003949566,-0.0007471591,0.0000929209,3463.85633266,3466.24231638,3460.94498557,3462.63214033,3461.41280752,3464.32189290
eth4h:row15678:1732564800,2024-11-25 20:00:00,3414.49000000,-0.00959616,0.01727677,-0.06710582,-0.05121414,-0.07769439,-0.04151439,-0.0000407673,0.0006286222,-0.0008684494,-0.0004128960,-0.0007824444,0.0000681800,3414.35080345,3416.63709903,3411.52597560,3413.08046180,3411.81939639,3414.72280789
eth4h:row15679:1732579200,2024-11-26 00:00:00,3434.61000000,-0.00856416,0.01740170,-0.06655853,-0.05310575,-0.07922222,-0.04429057,-0.0000206714,0.0006310550,-0.0008577921,-0.0004497311,-0.0008121956,0.0000141200,3434.53900259,3436.77811176,3431.66508203,3433.06569648,3431.82155742,3434.65849697
eth4h:row15680:1732593600,2024-11-26 04:00:00,3394.80000000,-0.00865679,0.01696981,-0.06574696,-0.05189733,-0.07797721,-0.04414968,-0.0000224751,0.0006226448,-0.0008419884,-0.0004261996,-0.0007879518,0.0000168635,3394.72370249,3396.91441259,3391.94282093,3393.35344586,3392.12611489,3394.85724876
eth4h:row15681:1732608000,2024-11-26 08:00:00,3323.01000000,-0.00888937,0.01793976,-0.06602310,-0.05211721,-0.07872844,-0.04458478,-0.0000270040,0.0006415324,-0.0008473658,-0.0004304813,-0.0008025803,0.0000083909,3322.92026662,3325.14250241,3320.19538780,3321.57981412,3320.34408758,3323.03788318
eth4h:row15682:1732622400,2024-11-26 12:00:00,3296.32000000,-0.00782065,0.01867021,-0.06486981,-0.05181400,-0.07973069,-0.04485316,-0.0000061932,0.0006557564,-0.0008249079,-0.0004245770,-0.0008220970,0.0000031647,3296.29958540,3298.48229180,3293.60196075,3294.92075546,3293.61121882,3296.33043185
eth4h:row15683:1732636800,2024-11-26 16:00:00,3300.61000000,-0.00729566,0.01591898,-0.06380849,-0.05210606,-0.07882932,-0.04543478,0.0000040300,0.0006021821,-0.0008042410,-0.0004302643,-0.0008045447,-0.0000081611,3300.62330158,3302.59816685,3297.95658126,3299.19017090,3297.95557953,3300.58306336
eth4h:row15684:1732651200,2024-11-26 20:00:00,3324.73000000,-0.00856500,0.01358576,-0.06373119,-0.05264352,-0.07900313,-0.04629874,-0.0000206876,0.0005567476,-0.0008027356,-0.0004407301,-0.0008079293,-0.0000249848,3324.66121991,3326.58155087,3322.06219176,3323.26501442,3322.04493818,3324.64693336
eth4h:row15685:1732665600,2024-11-27 00:00:00,3361.03000000,-0.00947015,0.01253755,-0.06273144,-0.05159275,-0.08122386,-0.04426807,-0.0000383136,0.0005363360,-0.0007832677,-0.0004202686,-0.0008511733,0.0000145581,3360.90122932,3362.83312503,3358.39844464,3359.61776150,3358.17039827,3361.07893068
eth4h:row15686:1732680000,2024-11-27 04:00:00,3424.11000000,-0.01014178,0.01152230,-0.06294709,-0.05172114,-0.08123545,-0.04446640,-0.0000513920,0.0005165663,-0.0007874670,-0.0004227687,-0.0008513990,0.0000106960,3423.93403251,3425.87923683,3421.41468785,3422.66269957,3421.19595677,3424.14662448
eth4h:row15687:1732694400,2024-11-27 08:00:00,3460.43000000,-0.01032035,0.00825579,-0.06299137,-0.05370389,-0.08048770,-0.04671125,-0.0000548694,0.0004529580,-0.0007883293,-0.0004613784,-0.0008368381,-0.0000330175,3460.24013343,3461.99778460,3457.70311645,3458.83380059,3457.53539164,3460.31574711
eth4h:row15688:1732708800,2024-11-27 12:00:00,3552.79000000,-0.00936418,0.00801064,-0.06136089,-0.05391548,-0.08197591,-0.04744428,-0.0000362499,0.0004481842,-0.0007565792,-0.0004654988,-0.0008658178,-0.0000472917,3552.66121398,3554.38266118,3550.10304965,3551.13656543,3549.71526260,3552.62198636
eth4h:row15689:1732723200,2024-11-27 16:00:00,3589.60000000,-0.00714247,0.01151026,-0.06123304,-0.05483321,-0.08321060,-0.04987786,0.0000070130,0.0005163319,-0.0007540895,-0.0004833696,-0.0008898608,-0.0000946805,3589.62517379,3591.45390344,3586.89414057,3587.86531559,3586.40717653,3589.26015092
eth4h:row15690:1732737600,2024-11-27 20:00:00,3653.28000000,-0.00734930,0.00991393,-0.06087308,-0.05600361,-0.08337209,-0.05220392,0.0000029854,0.0004852468,-0.0007470802,-0.0005061606,-0.0008930053,-0.0001399754,3653.29090661,3655.05317245,3650.55172596,3651.43132151,3650.01905772,3652.76866633
eth4h:row15691:1732752000,2024-11-28 00:00:00,3598.80000000,-0.00542502,0.01221640,-0.06100469,-0.05696825,-0.08170110,-0.05600495,0.0000404565,0.0005300823,-0.0007496430,-0.0005249449,-0.0008604665,-0.0002139923,3598.94559798,3600.70816604,3596.10319571,3596.91132403,3595.70468513,3598.02996676
eth4h:row15692:1732766400,2024-11-28 04:00:00,3592.40000000,-0.00477629,0.01455928,-0.06070285,-0.05635617,-0.08167362,-0.05626750,0.0000530893,0.0005757049,-0.0007437654,-0.0005130260,-0.0008599314,-0.0002191048,3592.59072307,3594.46875760,3589.72909071,3590.55747817,3589.31211027,3591.61297411
eth4h:row15693:1732780800,2024-11-28 08:00:00,3620.51000000,-0.00433116,0.01456351,-0.06051665,-0.05521838,-0.08058113,-0.05527892,0.0000617572,0.0005757873,-0.0007401394,-0.0004908699,-0.0008386575,-0.0001998545,3620.73359945,3622.59524385,3617.83130925,3618.73323670,3617.47490516,3619.78649713
eth4h:row15694:1732795200,2024-11-28 12:00:00,3541.78000000,-0.00246589,0.01330538,-0.05965941,-0.05592714,-0.07896595,-0.05580081,0.0000980793,0.0005512878,-0.0007234466,-0.0005046715,-0.0008072053,-0.0002100170,3542.12739218,3543.73307846,3539.21863777,3539.99301569,3538.92221002,3541.03624396
eth4h:row15695:1732809600,2024-11-28 16:00:00,3575.05000000,-0.00509732,0.00999404,-0.06082373,-0.05456553,-0.07583109,-0.05252553,0.0000468379,0.0004868067,-0.0007461192,-0.0004781571,-0.0007461606,-0.0001462381,3575.21745184,3576.79078197,3572.38358140,3573.34097318,3572.38343340,3574.52722960
eth4h:row15696:1732824000,2024-11-28 20:00:00,3578.79000000,-0.00722985,0.01028652,-0.06161719,-0.05299632,-0.07548708,-0.05178818,0.0000053114,0.0004925021,-0.0007615701,-0.0004476001,-0.0007394618,-0.0001318797,3578.80900847,3580.55299575,3576.06553824,3577.18849179,3576.14459966,3578.31806119
eth4h:row15697:1732838400,2024-11-29 00:00:00,3583.82000000,-0.00955145,0.00946094,-0.06271588,-0.05324261,-0.07591045,-0.05090177,-0.0000398968,0.0004764257,-0.0007829647,-0.0004523960,-0.0007477061,-0.0001146188,3583.67702008,3585.52783057,3581.01509358,3582.19906098,3581.14135759,3583.40925032
eth4h:row15698:1732852800,2024-11-29 04:00:00,3544.49000000,-0.01072388,0.00705815,-0.06437289,-0.05478416,-0.07455137,-0.05175879,-0.0000627272,0.0004296367,-0.0008152314,-0.0004824144,-0.0007212410,-0.0001313075,3544.26767117,3546.01317001,3541.60159798,3542.78049930,3541.93449013,3544.02461230
eth4h:row15699:1732867200,2024-11-29 08:00:00,3594.74000000,-0.01078241,0.00763733,-0.06524753,-0.05656592,-0.07457267,-0.05387093,-0.0000638669,0.0004409149,-0.0008322631,-0.0005171104,-0.0007216557,-0.0001724368,3594.51042228,3596.32532390,3591.74947519,3592.88160319,3592.14677135,3594.12018794
eth4h:row15700:1732881600,2024-11-29 12:00:00,3613.95000000,-0.01124780,0.00892747,-0.06475579,-0.05495797,-0.07595146,-0.05218085,-0.0000729295,0.0004660376,-0.0008226876,-0.0004857989,-0.0007485046,-0.0001395263,3613.68644616,3615.63462925,3610.97807097,3612.19477332,3611.24595389,3613.44579427
eth4h:row15701:1732896000,2024-11-29 16:00:00,3582.79000000,-0.00986986,0.00881589,-0.06251328,-0.05473069,-0.07752085,-0.05271670,-0.0000460971,0.0004638649,-0.0007790196,-0.0004813733,-0.0007790651,-0.0001499607,3582.62484772,3584.45231591,3580.00002323,3581.06575561,3579.99986036,3582.25276261
eth4h:row15702:1732910400,2024-11-29 20:00:00,3592.21000000,-0.00939422,0.00701536,-0.06130164,-0.05563573,-0.07765967,-0.05465048,-0.0000368349,0.0004288033,-0.0007554255,-0.0004989969,-0.0007817683,-0.0001876169,3592.07768374,3593.75068178,3589.49737780,3590.41794538,3589.40282153,3591.53610375
eth4h:row15703:1732924800,2024-11-30 00:00:00,3657.12000000,-0.00755828,0.00551356,-0.05822843,-0.05419097,-0.07994843,-0.05205065,-0.0000010839,0.0003995590,-0.0006955812,-0.0004708634,-0.0008263369,-0.0001369908,3657.11603609,3658.58152721,3654.57706047,3655.39840135,3654.09923494,3656.61904264
eth4h:row15704:1732939200,2024-11-30 04:00:00,3703.07000000,-0.00718122,0.00764186,-0.05765127,-0.05370287,-0.08171844,-0.05143989,0.0000062585,0.0004410031,-0.0006843425,-0.0004613587,-0.0008608042,-0.0001250977,3703.09317581,3704.70342554,3700.53669892,3701.36195059,3699.88375322,3702.60678360
eth4h:row15705:1732953600,2024-11-30 08:00:00,3653.69000000,-0.00655835,0.00803525,-0.05783420,-0.05336348,-0.08042032,-0.05181312,0.0000183875,0.0004486635,-0.0006879046,-0.0004547498,-0.0008355260,-0.0001323655,3653.75718298,3655.32964531,3651.17747430,3652.02886291,3650.63852210,3653.20640954
eth4h:row15706:1732968000,2024-11-30 12:00:00,3674.00000000,-0.00563436,0.00592119,-0.05754482,-0.05431352,-0.07843250,-0.05263406,0.0000363803,0.0004074968,-0.0006822695,-0.0004732498,-0.0007968176,-0.0001483514,3674.13366355,3675.49744848,3671.49419680,3672.26169177,3671.07365829,3673.45499730
eth4h:row15707:1732982400,2024-11-30 16:00:00,3689.56000000,-0.00501828,0.00822342,-0.05889934,-0.05587546,-0.07934669,-0.05508118,0.0000483770,0.0004523278,-0.0007086458,-0.0005036652,-0.0008146194,-0.0001960040,3689.73849406,3691.22926801,3686.94633516,3687.70216510,3686.55563683,3688.83690250
eth4h:row15708:1732996800,2024-11-30 20:00:00,3703.60000000,-0.00505917,0.00479657,-0.05790203,-0.05653356,-0.08117047,-0.05347725,0.0000475808,0.0003855973,-0.0006892254,-0.0005164801,-0.0008501336,-0.0001647709,3703.77622427,3705.02837349,3701.04826428,3701.68765807,3700.45278316,3702.98980490
eth4h:row15709:1733011200,2024-12-01 00:00:00,3707.00000000,-0.00610809,0.00560946,-0.05979889,-0.05651436,-0.07953957,-0.05255007,0.0000271553,0.0004014265,-0.0007261626,-0.0005161064,-0.0008183753,-0.0001467160,3707.10066589,3708.48838686,3704.30909233,3705.08728722,3703.96752377,3706.45616355
eth4h:row15710:1733025600,2024-12-01 04:00:00,3702.31000000,-0.00667446,0.00696189,-0.06181311,-0.05706291,-0.07746255,-0.05411160,0.0000161265,0.0004277622,-0.0007653852,-0.0005267881,-0.0007779300,-0.0001771233,3702.36970597,3703.89404693,3699.47739091,3700.36018093,3699.43098212,3701.65429266
eth4h:row15711:1733040000,2024-12-01 08:00:00,3692.42000000,-0.00791948,0.00340570,-0.06144934,-0.05693321,-0.07652643,-0.05343136,-0.0000081176,0.0003585130,-0.0007583016,-0.0005242624,-0.0007597010,-0.0001638771,3692.39002668,3693.74401795,3689.62109330,3690.48471025,3689.61592999,3691.81494632
eth4h:row15712:1733054400,2024-12-01 12:00:00,3728.59000000,-0.00545089,0.00638176,-0.06152695,-0.05872832,-0.07848935,-0.05602553,0.0000399528,0.0004164654,-0.0007598128,-0.0005592184,-0.0007979246,-0.0002143931,3728.73897065,3730.14315194,3725.75804558,3726.50548683,3725.61605312,3727.79070186
eth4h:row15713:1733068800,2024-12-01 16:00:00,3707.96000000,-0.00694339,0.00663812,-0.06140327,-0.05745200,-0.07953221,-0.05501356,0.0000108896,0.0004214574,-0.0007574044,-0.0005343649,-0.0008182320,-0.0001946872,3708.00037842,3709.52307655,3705.15263802,3705.97912555,3704.92726953,3707.23817800
eth4h:row15714:1733083200,2024-12-01 20:00:00,3707.61000000,-0.00884943,0.00446166,-0.06025868,-0.05590205,-0.08013690,-0.05336225,-0.0000262264,0.0003790755,-0.0007351160,-0.0005041828,-0.0008300070,-0.0001625313,3707.51276416,3709.01573044,3704.88547798,3705.74115792,3704.53393460,3707.00744612
eth4h:row15715:1733097600,2024-12-02 00:00:00,3685.01000000,-0.00870650,0.00596494,-0.06056833,-0.05644558,-0.07823713,-0.05641111,-0.0000234431,0.0004083488,-0.0007411457,-0.0005147670,-0.0007930132,-0.0002219014,3684.92361307,3686.51507660,3682.27988243,3683.11356669,3682.08889691,3684.19238167
eth4h:row15716:1733112000,2024-12-02 04:00:00,3666.88000000,-0.00812357,0.00552798,-0.06120705,-0.05641786,-0.07657480,-0.05484610,-0.0000120917,0.0003998399,-0.0007535835,-0.0005142273,-0.0007606429,-0.0001914263,3666.83566145,3668.34645805,3664.11774073,3664.99487505,3664.09187424,3666.17813002
eth4h:row15717:1733126400,2024-12-02 08:00:00,3588.99000000,-0.00587373,0.00872434,-0.06030529,-0.05584578,-0.07737097,-0.05453553,0.0000317190,0.0004620821,-0.0007360237,-0.0005030871,-0.0007761466,-0.0001853786,3589.10384103,3590.64879115,3586.34939027,3587.18487939,3586.20549840,3588.32473976
eth4h:row15718:1733140800,2024-12-02 12:00:00,3672.13000000,-0.00609307,0.00536592,-0.05851113,-0.05660937,-0.07885066,-0.05609859,0.0000274477,0.0003966840,-0.0007010863,-0.0005179565,-0.0008049603,-0.0002158158,3672.23079306,3673.58696427,3669.55642222,3670.22848887,3669.17527066,3671.33758200
eth4h:row15719:1733155200,2024-12-02 16:00:00,3612.17000000,-0.00739579,0.00341565,-0.06031578,-0.05604379,-0.07476544,-0.05273601,0.0000020801,0.0003587068,-0.0007362280,-0.0005069429,-0.0007254096,-0.0001503368,3612.17751369,3613.46594253,3609.51159817,3610.33930017,3609.55064751,3611.62699892
eth4h:row15720:1733169600,2024-12-02 20:00:00,3643.42000000,-0.00901799,0.00247617,-0.05997293,-0.05709402,-0.07771689,-0.05536013,-0.0000295087,0.0003404123,-0.0007295518,-0.0005273939,-0.0007828825,-0.0002014359,3643.31248885,3644.66047625,3640.76290584,3641.49898903,3640.56874633,3642.68615832
eth4h:row15721:1733184000,2024-12-03 00:00:00,3639.75000000,-0.01143663,0.00201620,-0.06120806,-0.05714337,-0.07952666,-0.05330234,-0.0000766065,0.0003314554,-0.0007536032,-0.0005283550,-0.0008181240,-0.0001613649,3639.47118226,3640.95661488,3637.00810599,3637.82742797,3636.77345087,3639.16271959
eth4h:row15722:1733198400,2024-12-03 04:00:00,3616.85000000,-0.00869362,0.00322224,-0.06100964,-0.05722300,-0.07661557,-0.05406804,-0.0000231924,0.0003549405,-0.0007497393,-0.0005299056,-0.0007614368,-0.0001762752,3616.76611767,3618.13399429,3614.13932156,3614.93391857,3614.09704550,3616.21249541
eth4h:row15723:1733212800,2024-12-03 08:00:00,3613.81000000,-0.00959032,0.00257404,-0.06201523,-0.05905746,-0.07794388,-0.05583511,-0.0000406535,0.0003423182,-0.0007693210,-0.0005656276,-0.0007873027,-0.0002106850,3613.66308893,3615.04728456,3611.03088912,3611.76650726,3610.96595744,3613.04870462
eth4h:row15724:1733227200,2024-12-03 12:00:00,3571.79000000,-0.00805287,0.00509162,-0.05985671,-0.05657749,-0.07821907,-0.05495327,-0.0000107151,0.0003913426,-0.0007272885,-0.0005173355,-0.0007926615,-0.0001935132,3571.75172796,3573.18806718,3569.19322275,3569.94266396,3568.95990141,3571.09887851
eth4h:row15725:1733241600,2024-12-03 16:00:00,3577.34000000,-0.00537388,0.00699426,-0.05760138,-0.05774961,-0.08323047,-0.05833260,0.0000414524,0.0004283924,-0.0006833710,-0.0005401602,-0.0008902476,-0.0002593183,3577.48829242,3578.87283362,3574.89618481,3575.40818526,3574.15669891,3576.41245051
eth4h:row15726:1733256000,2024-12-03 20:00:00,3614.51000000,-0.00916200,0.00148667,-0.06006765,-0.05878822,-0.07941365,-0.05731098,-0.0000323129,0.0003211440,-0.0007313961,-0.0005603849,-0.0008159234,-0.0002394244,3614.39320650,3615.67096471,3611.86732809,3612.48505075,3611.56203959,3613.64470171
eth4h:row15727:1733270400,2024-12-04 00:00:00,3661.80000000,-0.00650601,0.00442714,-0.05904566,-0.05828760,-0.07916829,-0.05733490,0.0000194066,0.0003784034,-0.0007114952,-0.0005506364,-0.0008111455,-0.0002398901,3661.87106381,3663.18589994,3659.19557349,3659.78423474,3658.83095181,3660.92167573
eth4h:row15728:1733284800,2024-12-04 04:00:00,3714.99000000,-0.00968950,-0.00008195,-0.05991297,-0.05830989,-0.07907045,-0.05499056,-0.0000425849,0.0002905986,-0.0007283841,-0.0005510705,-0.0008092402,-0.0001942392,3714.83180101,3716.06972789,3712.28504545,3712.94334270,3711.98489670,3714.26847355
eth4h:row15729:1733299200,2024-12-04 08:00:00,3729.09000000,-0.00797622,-0.00107848,-0.05942076,-0.05883626,-0.07883763,-0.05446641,-0.0000092225,0.0002711934,-0.0007187993,-0.0005613204,-0.0008047067,-0.0001840325,3729.05560855,3730.10144160,3726.41049580,3726.99737323,3726.09038354,3728.40378938
eth4h:row15730:1733313600,2024-12-04 12:00:00,3821.00000000,-0.00751238,-0.00080745,-0.05830120,-0.05956535,-0.08028440,-0.05713947,-0.0000001902,0.0002764709,-0.0006969984,-0.0005755177,-0.0008328793,-0.0002360846,3820.99927335,3822.05654149,3818.33769697,3818.80157956,3817.81889294,3820.09802736
eth4h:row15731:1733328000,2024-12-04 16:00:00,3841.15000000,-0.00862150,0.00074644,-0.06102090,-0.05884008,-0.07749507,-0.05454500,-0.0000217880,0.0003067296,-0.0007499587,-0.0005613946,-0.0007785631,-0.0001855628,3841.06631012,3842.32837530,3838.27037606,3838.99420415,3838.16058621,3840.43729140
eth4h:row15732:1733342400,2024-12-04 20:00:00,3837.80000000,-0.00614600,0.00245125,-0.05945241,-0.06119428,-0.08050227,-0.06062007,0.0000264171,0.0003399272,-0.0007194156,-0.0006072377,-0.0008371219,-0.0003038617,3837.90138475,3839.10479428,3835.04001961,3835.47025061,3834.58863794,3836.63401674
eth4h:row15733:1733356800,2024-12-05 00:00:00,3832.66000000,-0.00656705,0.00401295,-0.06064551,-0.06201832,-0.08022311,-0.06205792,0.0000182181,0.0003703379,-0.0007426488,-0.0006232840,-0.0008316859,-0.0003318609,3832.72982434,3834.07964226,3829.81473632,3830.27190873,3829.47375593,3831.38830114
eth4h:row15734:1733371200,2024-12-05 04:00:00,3850.98000000,-0.00546222,0.00361002,-0.06061768,-0.06132488,-0.07790625,-0.06036737,0.0000397323,0.0003624918,-0.0007421068,-0.0006097807,-0.0007865700,-0.0002989410,3851.13301130,3852.37620170,3848.12322186,3848.63246244,3847.95212565,3849.82895613
eth4h:row15735:1733385600,2024-12-05 08:00:00,3930.98000000,-0.00585096,0.00277806,-0.06011336,-0.06156562,-0.07995716,-0.06136283,0.0000321624,0.0003462911,-0.0007322863,-0.0006144687,-0.0008265070,-0.0003183254,3931.10643174,3932.34149928,3928.10245086,3928.56527788,3927.73235992,3929.72886833
eth4h:row15736:1733400000,2024-12-05 12:00:00,3888.00000000,-0.00544159,0.00399769,-0.06022631,-0.05917088,-0.07653451,-0.05805671,0.0000401339,0.0003700408,-0.0007344858,-0.0005678364,-0.0007598583,-0.0002539459,3888.15604367,3889.43898488,3885.14536772,3885.79287889,3885.04679309,3887.01278389
eth4h:row15737:1733414400,2024-12-05 16:00:00,3830.81000000,-0.00656478,0.00267429,-0.05830400,-0.05661283,-0.07736599,-0.05638346,0.0000182622,0.0003442704,-0.0006970530,-0.0005180238,-0.0007760497,-0.0002213629,3830.87995960,3832.12906158,3828.14065297,3828.82606306,3827.83825443,3829.96209466
eth4h:row15738:1733428800,2024-12-05 20:00:00,3785.20000000,-0.00811272,0.00214387,-0.06065910,-0.05925248,-0.07681191,-0.05896052,-0.0000118805,0.0003339416,-0.0007429134,-0.0005694253,-0.0007652601,-0.0002715457,3785.15503036,3786.46424681,3782.38896840,3783.04522479,3782.30444567,3784.17228477
eth4h:row15739:1733443200,2024-12-06 00:00:00,3907.01000000,-0.00627284,0.00002361,-0.05702584,-0.05863212,-0.08058479,-0.05731481,0.0000239472,0.0002926542,-0.0006721635,-0.0005573451,-0.0008387288,-0.0002394990,3907.10356290,3908.15357014,3904.38473280,3904.83305399,3903.73445187,3906.07438717
eth4h:row15740:1733457600,2024-12-06 04:00:00,3893.75000000,-0.00862079,0.00012095,-0.05775344,-0.05881421,-0.08087111,-0.05951027,-0.0000217740,0.0002945496,-0.0006863318,-0.0005608909,-0.0008443041,-0.0002822509,3893.66521832,3894.89707127,3891.07851226,3891.56664338,3890.46387824,3892.65114079
eth4h:row15741:1733472000,2024-12-06 08:00:00,3867.02000000,-0.00769286,-0.00223713,-0.05746286,-0.05970125,-0.07872733,-0.06105613,-0.0000037047,0.0002486311,-0.0006806736,-0.0005781640,-0.0008025588,-0.0003123532,3867.00567393,3867.98158084,3864.38871732,3864.78487434,3863.91773400,3865.81231266
eth4h:row15742:1733486400,2024-12-06 12:00:00,3993.02000000,-0.00727432,-0.00035023,-0.05701899,-0.05887435,-0.07961112,-0.06068936,0.0000044455,0.0002853744,-0.0006720300,-0.0005620620,-0.0008197687,-0.0003052110,3993.03775121,3994.15966849,3990.33747206,3990.77630568,3989.74798856,3991.80147242
eth4h:row15743:1733500800,2024-12-06 16:00:00,4067.62000000,-0.00399439,0.00207747,-0.05816119,-0.06216697,-0.07928452,-0.06510596,0.0000683150,0.0003326486,-0.0006942720,-0.0006261787,-0.0008134088,-0.0003912148,4067.89788892,4068.97331320,4064.79694544,4065.07374031,4064.31270742,4066.02899812
eth4h:row15744:1733515200,2024-12-06 20:00:00,3998.87000000,-0.00289123,0.00138349,-0.05574613,-0.06032906,-0.07935408,-0.06422795,0.0000897967,0.0003191349,-0.0006472439,-0.0005903894,-0.0008147633,-0.0003741175,3999.22910147,4000.14638266,3996.28259321,3996.50980640,3995.61319446,3997.37423250
eth4h:row15745:1733529600,2024-12-07 00:00:00,3986.87000000,-0.00245230,0.00171561,-0.05554151,-0.06034110,-0.07903656,-0.06444034,0.0000983439,0.0003256022,-0.0006432593,-0.0005906238,-0.0008085804,-0.0003782533,3987.26210358,3988.16834488,3984.30623340,3984.51595478,3983.64759804,3985.36223852
eth4h:row15746:1733544000,2024-12-07 04:00:00,3985.87000000,-0.00354188,0.00383497,-0.05723005,-0.05983017,-0.07701704,-0.06424665,0.0000771268,0.0003668722,-0.0006761400,-0.0005806746,-0.0007692545,-0.0003744817,3986.17742930,3987.33257306,3983.17590482,3983.55617854,3982.80503052,3984.37764416
eth4h:row15747:1733558400,2024-12-07 08:00:00,3998.30000000,-0.00371056,-0.00015312,-0.05600273,-0.05930392,-0.07593177,-0.06341583,0.0000738421,0.0002892128,-0.0006522406,-0.0005704270,-0.0007481213,-0.0003583031,3998.59525381,3999.45652673,3995.69299672,3996.01991214,3995.30990524,3996.86765344
eth4h:row15748:1733572800,2024-12-07 12:00:00,4004.71000000,-0.00267904,0.00049234,-0.05620306,-0.05994723,-0.07571127,-0.06322111,0.0000939287,0.0003017817,-0.0006561416,-0.0005829541,-0.0007438274,-0.0003545115,4005.08617485,4005.91873059,4002.08320500,4002.37611815,4001.73229459,4003.29053607
eth4h:row15749:1733587200,2024-12-07 16:00:00,4012.19000000,-0.00372093,0.00054348,-0.05773985,-0.05964271,-0.07290709,-0.06308861,0.0000736402,0.0003027776,-0.0006860672,-0.0005770242,-0.0006892221,-0.0003519313,4012.48546917,4013.40498503,4009.43831203,4009.87553690,4009.42566255,4010.77823328
eth4h:row15750:1733601600,2024-12-07 20:00:00,3996.22000000,-0.00605433,-0.00229996,-0.05831181,-0.05938707,-0.07257426,-0.06136578,0.0000282022,0.0002474077,-0.0006972050,-0.0005720461,-0.0006827410,-0.0003183829,3996.33270370,3997.20881798,3993.43478642,3993.93463156,3993.49254814,3994.94787457
eth4h:row15751:1733616000,2024-12-08 00:00:00,3989.28000000,-0.00607722,-0.00273930,-0.05760627,-0.06096725,-0.07483909,-0.06460980,0.0000277565,0.0002388524,-0.0006834661,-0.0006028167,-0.0007268436,-0.0003815531,3989.39072991,3990.23296293,3986.55439372,3986.87592010,3986.38147099,3987.75816832
eth4h:row15752:1733630400,2024-12-08 04:00:00,3980.60000000,-0.00610786,-0.00039487,-0.05923974,-0.06059478,-0.07357249,-0.06420089,0.0000271599,0.0002845051,-0.0007152744,-0.0005955637,-0.0007021793,-0.0003735906,3980.70811415,3981.73266214,3977.75379695,3978.23000512,3977.80588618,3979.11316312
eth4h:row15753:1733644800,2024-12-08 08:00:00,3971.84000000,-0.00753276,-0.00206481,-0.06018781,-0.06009392,-0.07202494,-0.06265883,-0.0000005871,0.0002519866,-0.0007337360,-0.0005858105,-0.0006720442,-0.0003435623,3971.83766804,3972.84097644,3968.92678692,3969.51393568,3969.17164469,3970.47566007
eth4h:row15754:1733659200,2024-12-08 12:00:00,3990.79000000,-0.00565236,-0.00102120,-0.05920552,-0.06062971,-0.07438412,-0.06276996,0.0000360297,0.0002723088,-0.0007146081,-0.0005962438,-0.0007179842,-0.0003457263,3990.93378975,3991.87687508,3987.93916777,3988.41122540,3987.92570435,3989.41051731
eth4h:row15755:1733673600,2024-12-08 16:00:00,3989.99000000,-0.00323622,-0.00089734,-0.05712455,-0.05931173,-0.07297963,-0.06195613,0.0000830787,0.0002747206,-0.0006740856,-0.0005705790,-0.0006906347,-0.0003298787,3990.32149709,3991.08628320,3987.30131152,3987.71404471,3987.23532589,3988.67400422
eth4h:row15756:1733688000,2024-12-08 20:00:00,4004.15000000,-0.00495188,-0.00176685,-0.05747747,-0.05870996,-0.07372728,-0.06020295,0.0000496700,0.0002577888,-0.0006809579,-0.0005588609,-0.0007051936,-0.0002957393,4004.34889092,4005.18235794,4001.42427045,4001.91286232,4001.32729459,4002.96599050
eth4h:row15757:1733702400,2024-12-09 00:00:00,3929.37000000,-0.00506930,-0.00053220,-0.05733650,-0.05859796,-0.07454154,-0.06055310,0.0000473834,0.0002818309,-0.0006782129,-0.0005566800,-0.0007210495,-0.0003025577,3929.55619147,3930.47757402,3926.70595390,3927.18320706,3926.53775095,3928.18131875
eth4h:row15758:1733716800,2024-12-09 04:00:00,3918.44000000,-0.00433676,-0.00111257,-0.05822741,-0.05988060,-0.07378249,-0.06023694,0.0000616481,0.0002705295,-0.0006955615,-0.0005816565,-0.0007062686,-0.0002964012,3918.68157180,3919.50019685,3915.71543164,3916.16147667,3915.67350579,3917.27874183
eth4h:row15759:1733731200,2024-12-09 08:00:00,3850.88000000,-0.00659351,0.00143916,-0.06130963,-0.06003265,-0.07119364,-0.06096363,0.0000177027,0.0003202190,-0.0007555810,-0.0005846174,-0.0006558563,-0.0003105518,3850.94817174,3852.11332230,3847.97144721,3848.62936664,3848.35520409,3849.68428792
eth4h:row15760:1733745600,2024-12-09 12:00:00,3824.00000000,-0.00578098,0.00392241,-0.06065469,-0.05943773,-0.07252711,-0.06149286,0.0000335250,0.0003685749,-0.0007428275,-0.0005730327,-0.0006818229,-0.0003208574,3824.12820182,3825.40969011,3821.16048227,3821.80935068,3821.39359804,3822.77323807
eth4h:row15761:1733760000,2024-12-09 16:00:00,3795.78000000,-0.00535040,0.00188769,-0.06032752,-0.05994127,-0.07255858,-0.06014466,0.0000419097,0.0003289530,-0.0007364566,-0.0005828381,-0.0006824357,-0.0002946042,3795.93908337,3797.02883872,3792.98560183,3793.56831957,3793.19050793,3794.66191205
eth4h:row15762:1733774400,2024-12-09 20:00:00,3712.00000000,-0.00564425,0.00004334,-0.06048249,-0.06111250,-0.07209200,-0.06158167,0.0000361876,0.0002930384,-0.0007394744,-0.0006056453,-0.0006733500,-0.0003225868,3712.13433080,3713.08791780,3709.25608584,3709.75252548,3709.50136629,3710.80275087
eth4h:row15763:1733788800,2024-12-10 00:00:00,3682.40000000,-0.00848274,-0.00026595,-0.06114524,-0.05888317,-0.07158396,-0.05871531,-0.0000190859,0.0002870156,-0.0007523799,-0.0005622338,-0.0006634570,-0.0002667707,3682.32971872,3683.45705808,3679.63047838,3680.33021213,3679.95769632,3681.41777462
eth4h:row15764:1733803200,2024-12-10 04:00:00,3734.55000000,-0.01069789,-0.00559204,-0.05836480,-0.05690215,-0.07492402,-0.05386762,-0.0000622211,0.0001833015,-0.0006982369,-0.0005236577,-0.0007284975,-0.0001723724,3734.31763938,3735.23461135,3731.94330971,3732.59488600,3731.83038029,3733.90632216
eth4h:row15765:1733817600,2024-12-10 08:00:00,3750.11000000,-0.01046257,-0.00519197,-0.06004345,-0.06071494,-0.07444689,-0.05899721,-0.0000576388,0.0001910919,-0.0007309248,-0.0005979036,-0.0007192064,-0.0002722601,3749.89385447,3750.82668422,3747.36995292,3747.86846602,3747.41386672,3749.08913369
eth4h:row15766:1733832000,2024-12-10 12:00:00,3567.75000000,-0.01053588,-0.00321226,-0.06154715,-0.05979548,-0.07136619,-0.05879578,-0.0000590664,0.0002296425,-0.0007602063,-0.0005799990,-0.0006592165,-0.0002683376,3567.53927206,3568.56940103,3565.03880473,3565.68130837,3565.39885553,3566.79276697
eth4h:row15767:1733846400,2024-12-10 16:00:00,3628.82000000,-0.00974207,-0.00364571,-0.05881762,-0.05901317,-0.07692075,-0.05726021,-0.0000436086,0.0002212021,-0.0007070545,-0.0005647652,-0.0007673795,-0.0002384358,3628.66175576,3629.62279129,3626.25513344,3626.77114724,3626.03638628,3627.95486256
eth4h:row15768:1733860800,2024-12-10 20:00:00,3628.25000000,-0.00622087,0.00187654,-0.05909508,-0.06178204,-0.07868502,-0.06388399,0.0000249593,0.0003287360,-0.0007124574,-0.0006186831,-0.0008017348,-0.0003674196,3628.34055957,3629.44293240,3625.66594706,3626.00595738,3625.34227165,3626.91715481
eth4h:row15769:1733875200,2024-12-11 00:00:00,3665.23000000,-0.00638096,0.00127632,-0.05822771,-0.05987344,-0.07655835,-0.06156245,0.0000218417,0.0003170480,-0.0006955673,-0.0005815172,-0.0007603226,-0.0003222125,3665.31005572,3666.39223814,3662.68147228,3663.09922528,3662.44430207,3664.04920733
eth4h:row15770:1733889600,2024-12-11 04:00:00,3652.58000000,-0.00833826,0.00051541,-0.05892038,-0.05994109,-0.07656065,-0.06142035,-0.0000162724,0.0003022309,-0.0007090555,-0.0005828346,-0.0007603673,-0.0003194455,3652.52056409,3653.68408932,3649.99103613,3650.45177037,3649.80375340,3651.41338626
eth4h:row15771:1733904000,2024-12-11 08:00:00,3716.84000000,-0.00411301,-0.00076400,-0.05580323,-0.06311296,-0.08154941,-0.06347807,0.0000660053,0.0002773171,-0.0006483558,-0.0006445998,-0.0008575126,-0.0003595151,3717.08533907,3717.87088610,3714.43094618,3714.44489775,3713.65412913,3715.50398004
eth4h:row15772:1733918400,2024-12-11 12:00:00,3787.34000000,-0.00456827,-0.00303345,-0.05643391,-0.06105075,-0.07888684,-0.05965937,0.0000571400,0.0002331245,-0.0006606369,-0.0006044428,-0.0008056648,-0.0002851543,3787.55641496,3788.22302464,3784.83876977,3785.05146134,3784.28990237,3786.26017775
eth4h:row15773:1733932800,2024-12-11 16:00:00,3803.91000000,-0.00810616,-0.00387048,-0.05853658,-0.05999253,-0.07680142,-0.05694380,-0.0000117528,0.0002168252,-0.0007015819,-0.0005838362,-0.0007650558,-0.0002322744,3803.86529373,3804.73487289,3801.24218152,3801.68978771,3801.00090959,3803.02655181
eth4h:row15774:1733947200,2024-12-11 20:00:00,3831.81000000,-0.00773649,-0.00664275,-0.05571329,-0.06013111,-0.08079812,-0.05760577,-0.0000045543,0.0001628412,-0.0006466044,-0.0005865348,-0.0008428829,-0.0002451648,3831.79254883,3832.43402726,3829.33313576,3829.56316911,3828.58159371,3830.87069026
eth4h:row15775:1733961600,2024-12-12 00:00:00,3935.00000000,-0.00367324,-0.00716292,-0.05465715,-0.06346451,-0.08290735,-0.06239956,0.0000745687,0.0001527120,-0.0006260384,-0.0006514454,-0.0008839556,-0.0003385136,3935.29343874,3935.60096759,3932.53730973,3932.43739703,3931.52317172,3933.66817461
eth4h:row15776:1733976000,2024-12-12 04:00:00,3905.40000000,-0.00631087,-0.00234543,-0.05740642,-0.06349371,-0.08226919,-0.06522039,0.0000232066,0.0002465221,-0.0006795744,-0.0006520142,-0.0008715288,-0.0003934430,3905.49063229,3906.36288619,3902.74689169,3902.85445386,3901.99781402,3903.86374997
eth4h:row15777:1733990400,2024-12-12 08:00:00,3913.38000000,-0.00631850,-0.00422602,-0.05581611,-0.06193737,-0.08548167,-0.06239487,0.0000230581,0.0002099018,-0.0006486065,-0.0006217078,-0.0009340850,-0.0003384221,3913.47023607,3914.20151161,3910.84257916,3910.94777733,3909.72627721,3912.05584961
eth4h:row15778:1734004800,2024-12-12 12:00:00,3957.67000000,-0.00151222,0.00138099,-0.05789333,-0.06342559,-0.08164677,-0.06353292,0.0001166500,0.0003190862,-0.0006890559,-0.0006506875,-0.0008594085,-0.0003605832,3958.13168915,3958.93303921,3954.94388331,3955.09563121,3954.27020576,3956.24318788
eth4h:row15779:1734019200,2024-12-12 16:00:00,3871.14000000,-0.00204413,0.00130988,-0.05754977,-0.06352888,-0.08046171,-0.06808093,0.0001062922,0.0003177015,-0.0006823658,-0.0006526990,-0.0008363321,-0.0004491459,3871.55149374,3872.37006228,3868.49936739,3868.61413538,3867.90379499,3869.40168357
eth4h:row15780:1734033600,2024-12-12 20:00:00,3881.61000000,-0.00277965,0.00004376,-0.05514019,-0.06080733,-0.08039185,-0.06407928,0.0000919695,0.0002930465,-0.0006354445,-0.0005997026,-0.0008349717,-0.0003712225,3881.96700607,3882.74765887,3879.14423573,3879.28288620,3878.37031803,3880.16932641
eth4h:row15781:1734048000,2024-12-13 00:00:00,3932.83000000,0.00094206,0.00389523,-0.05644768,-0.06304274,-0.08054399,-0.06551465,0.0001644418,0.0003680456,-0.0006609050,-0.0006432325,-0.0008379344,-0.0003991732,3933.47677490,3934.27772722,3930.23163169,3930.30108929,3929.53592691,3931.26043284
eth4h:row15782:1734062400,2024-12-13 04:00:00,3885.64000000,-0.00280290,0.00299091,-0.05835020,-0.06089531,-0.07727115,-0.06254950,0.0000915168,0.0003504359,-0.0006979525,-0.0006014158,-0.0007742027,-0.0003414333,3885.99561768,3887.00190637,3882.92895410,3883.30381743,3882.63289103,3884.31353960
eth4h:row15783:1734076800,2024-12-13 08:00:00,3901.50000000,-0.00585823,-0.00345694,-0.05558472,-0.05922530,-0.07475063,-0.06323215,0.0000320208,0.0002248779,-0.0006441008,-0.0005688961,-0.0007251211,-0.0003547265,3901.62493110,3902.37745986,3898.98784984,3899.28108323,3898.67196535,3900.11628013
eth4h:row15784:1734091200,2024-12-13 12:00:00,3886.21000000,-0.00586491,-0.00072872,-0.05629443,-0.05943845,-0.07654646,-0.06358242,0.0000318908,0.0002780042,-0.0006579209,-0.0005730466,-0.0007600910,-0.0003615472,3886.33393629,3887.29053283,3883.65402205,3883.98365843,3883.25724903,3884.80520580
eth4h:row15785:1734105600,2024-12-13 16:00:00,3917.98000000,-0.00686162,-0.00166987,-0.05735599,-0.06008361,-0.07540219,-0.06288695,0.0000124820,0.0002596772,-0.0006785925,-0.0005856097,-0.0007378087,-0.0003480044,3918.02890469,3918.99754210,3915.32219011,3915.68626445,3915.09034630,3916.61676280
eth4h:row15786:1734120000,2024-12-13 20:00:00,3906.80000000,-0.00795882,-0.00261061,-0.05393600,-0.05774633,-0.08049260,-0.06271105,-0.0000088836,0.0002413583,-0.0006119955,-0.0005400963,-0.0008369336,-0.0003445790,3906.76529369,3907.74305240,3904.40978760,3904.69052142,3903.53163581,3905.45403066
eth4h:row15787:1734134400,2024-12-14 00:00:00,3910.83000000,-0.00848334,-0.00843470,-0.05329495,-0.05978439,-0.07617305,-0.06617887,-0.0000190975,0.0001279467,-0.0005995124,-0.0005797832,-0.0007528197,-0.0004121075,3910.75531358,3911.33040998,3908.48611143,3908.56322379,3907.88695808,3909.21864982
eth4h:row15788:1734148800,2024-12-14 04:00:00,3920.76000000,-0.00673406,-0.01049810,-0.05239689,-0.06010501,-0.07827073,-0.06384471,0.0000149659,0.0000877666,-0.0005820246,-0.0005860264,-0.0007936675,-0.0003666547,3920.81867805,3921.10412692,3918.47868519,3918.46300418,3917.64945473,3919.32269848
eth4h:row15789:1734163200,2024-12-14 08:00:00,3894.53000000,-0.00740473,-0.00805615,-0.05187040,-0.06040828,-0.08033165,-0.06728423,0.0000019060,0.0001353182,-0.0005717724,-0.0005919319,-0.0008337995,-0.0004336318,3894.53742298,3895.05703633,3892.30385178,3892.22538555,3891.28409636,3892.84157394
eth4h:row15790:1734177600,2024-12-14 12:00:00,3889.01000000,-0.00555043,-0.01181166,-0.04999685,-0.06153451,-0.08036765,-0.06746477,0.0000380145,0.0000621877,-0.0005352890,-0.0006138628,-0.0008345005,-0.0004371475,3889.15784157,3889.25185622,3886.92881282,3886.62341400,3885.76597291,3887.31030052
eth4h:row15791:1734192000,2024-12-14 16:00:00,3859.11000000,-0.00374477,-0.01194929,-0.05045085,-0.06183503,-0.07865939,-0.06645603,0.0000731759,0.0000595077,-0.0005441298,-0.0006197149,-0.0008012357,-0.0004175046,3859.39240412,3859.33965374,3857.01071433,3856.71919287,3856.01918184,3857.49914017
eth4h:row15792:1734206400,2024-12-14 20:00:00,3870.29000000,-0.00282137,-0.01074671,-0.05054384,-0.06374751,-0.08097337,-0.06964515,0.0000911570,0.0000829255,-0.0005459405,-0.0006569563,-0.0008462956,-0.0004796057,3870.64282015,3870.61095885,3868.17762870,3867.74822362,3867.01597638,3868.43423174
eth4h:row15793:1734220800,2024-12-15 00:00:00,3874.48000000,-0.00324802,-0.01063888,-0.04960536,-0.06072758,-0.08122250,-0.06492202,0.0000828489,0.0000850251,-0.0005276657,-0.0005981496,-0.0008511469,-0.0003876330,3874.80100979,3874.80944207,3872.43610909,3872.16317418,3871.18365152,3872.97841490
eth4h:row15794:1734235200,2024-12-15 04:00:00,3845.20000000,-0.00017326,-0.00884151,-0.05139738,-0.06336682,-0.07848048,-0.06738457,0.0001427233,0.0001200252,-0.0005625613,-0.0006495431,-0.0007977519,-0.0004355858,3845.74883892,3845.66154844,3843.03744765,3842.70318790,3842.13370760,3843.52545014
eth4h:row15795:1734249600,2024-12-15 08:00:00,3877.61000000,-0.00203459,-0.00792473,-0.05474048,-0.06463705,-0.07653284,-0.06844811,0.0001064779,0.0001378775,-0.0006276610,-0.0006742782,-0.0007598258,-0.0004562960,3878.02290166,3878.14467184,3875.17693889,3874.99629354,3874.66481094,3875.84106577
eth4h:row15796:1734264000,2024-12-15 12:00:00,3894.76000000,-0.00104051,-0.00619935,-0.05353164,-0.06202523,-0.07542452,-0.06614816,0.0001258356,0.0001714754,-0.0006041215,-0.0006234186,-0.0007382437,-0.0004115094,3895.25013014,3895.42791285,3892.40780246,3892.33269080,3891.88577907,3893.15759927
eth4h:row15797:1734278400,2024-12-15 16:00:00,3904.09000000,-0.00251954,-0.00502186,-0.05497413,-0.06248377,-0.07629834,-0.06661081,0.0000970347,0.0001944045,-0.0006322109,-0.0006323477,-0.0007552594,-0.0004205186,3904.46885039,3904.84904638,3901.62257187,3901.62203820,3901.14251242,3902.44860284
eth4h:row15798:1734292800,2024-12-15 20:00:00,3959.09000000,-0.00455086,-0.00878768,-0.05642652,-0.06396811,-0.07483697,-0.06595466,0.0000574790,0.0001210732,-0.0006604930,-0.0006612519,-0.0007268024,-0.0004077413,3959.31757092,3959.56936890,3956.47591228,3956.47290942,3956.21356943,3957.47604453
eth4h:row15799:1734307200,2024-12-16 00:00:00,3942.60000000,-0.00558095,-0.00496738,-0.05636113,-0.06150870,-0.07436790,-0.06476638,0.0000374202,0.0001954653,-0.0006592197,-0.0006133602,-0.0007176682,-0.0003846022,3942.74753577,3943.37071696,3940.00181684,3940.18250741,3939.77153653,3941.08395910
eth4h:row15800:1734321600,2024-12-16 04:00:00,3974.01000000,-0.00860541,-0.00753050,-0.05720025,-0.06136910,-0.07415363,-0.06383534,-0.0000214746,0.0001455541,-0.0006755596,-0.0006106419,-0.0007134958,-0.0003664722,3973.92466076,3974.58847568,3971.32622583,3971.58404358,3971.17557166,3972.55390275
eth4h:row15801:1734336000,2024-12-16 08:00:00,3909.67000000,-0.00781815,-0.00620799,-0.05789524,-0.06119863,-0.07367530,-0.06130421,-0.0000061444,0.0001713071,-0.0006890931,-0.0006073224,-0.0007041815,-0.0003171839,3909.64597742,3910.33981167,3906.97680150,3907.29629062,3906.91785200,3908.43011232
eth4h:row15802:1734350400,2024-12-16 12:00:00,3941.21000000,-0.00609057,-0.00077855,-0.05608999,-0.05995182,-0.07628712,-0.06502837,0.0000274965,0.0002770339,-0.0006539398,-0.0005830435,-0.0007550409,-0.0003897039,3941.31837093,3942.30199988,3938.63352838,3938.91277292,3938.23534827,3939.67439438
eth4h:row15803:1734364800,2024-12-16 16:00:00,4056.88000000,-0.00830536,-0.00552635,-0.05599784,-0.05907283,-0.07512614,-0.06161928,-0.0000156317,0.0001845806,-0.0006521454,-0.0005659271,-0.0007324334,-0.0003233192,4056.81658437,4057.62889029,4054.23518679,4054.58475134,4053.90969363,4055.56854483
eth4h:row15804:1734379200,2024-12-16 20:00:00,3986.24000000,-0.00666325,-0.00339030,-0.05664503,-0.06078027,-0.07482636,-0.06413662,0.0000163448,0.0002261756,-0.0006647480,-0.0005991757,-0.0007265958,-0.0003723391,3986.30515465,3987.14169199,3983.59103551,3983.85225740,3983.34466688,3984.75604336
eth4h:row15805:1734393600,2024-12-17 00:00:00,4035.01000000,-0.00731926,-0.00231313,-0.05700248,-0.06049732,-0.07789291,-0.06321272,0.0000035704,0.0002471512,-0.0006717085,-0.0005936660,-0.0007863103,-0.0003543481,4035.02440664,4036.00738085,4032.30055940,4032.61526283,4031.83847715,4033.58045522
eth4h:row15806:1734408000,2024-12-17 04:00:00,3994.24000000,-0.00916092,-0.00321876,-0.05899595,-0.05812518,-0.07265598,-0.05842146,-0.0000322920,0.0002295160,-0.0007105272,-0.0005474735,-0.0006843322,-0.0002610486,3994.11101996,3995.15684705,3991.40299182,3992.05385774,3991.50754789,3993.19744540
eth4h:row15807:1734422400,2024-12-17 08:00:00,3997.14000000,-0.00679784,-0.00241463,-0.05835002,-0.06101732,-0.07517534,-0.06267658,0.0000137240,0.0002451746,-0.0006979490,-0.0006037917,-0.0007333915,-0.0003439078,3997.19485696,3998.12011729,3994.35117346,3994.72728867,3994.20960619,3995.76558855
eth4h:row15808:1734436800,2024-12-17 12:00:00,3939.18000000,-0.00791197,-0.00253313,-0.06033062,-0.05903618,-0.07206310,-0.05764047,-0.0000079713,0.0002428672,-0.0007365170,-0.0005652133,-0.0006727873,-0.0002458406,3939.14859968,3940.13681368,3936.27979526,3936.95415236,3936.53066097,3938.21170869
eth4h:row15809:1734451200,2024-12-17 16:00:00,3943.99000000,-0.00632422,0.00345195,-0.06088059,-0.05890761,-0.07324082,-0.05824184,0.0000229467,0.0003594137,-0.0007472265,-0.0005627097,-0.0006957207,-0.0002575509,3944.08050242,3945.40777879,3941.04404701,3941.77130293,3941.24703863,3942.97435263
eth4h:row15810:1734465600,2024-12-17 20:00:00,3893.01000000,-0.00746565,0.00303377,-0.06126361,-0.06052808,-0.07594556,-0.06138616,0.0000007198,0.0003512704,-0.0007546850,-0.0005942649,-0.0007483897,-0.0003187798,3893.01280216,3894.37773948,3890.07311226,3890.69720821,3890.09760135,3891.76918479
eth4h:row15811:1734480000,2024-12-18 00:00:00,3849.81000000,-0.00464778,0.00345291,-0.06096100,-0.06046305,-0.07338659,-0.05964866,0.0000555917,0.0003594323,-0.0007487922,-0.0005929986,-0.0006985595,-0.0002849457,3850.02402346,3851.19399465,3846.92837120,3847.52774492,3847.12161793,3848.71316966
eth4h:row15812:1734494400,2024-12-18 04:00:00,3847.33000000,-0.00770824,0.00585849,-0.06178128,-0.05942945,-0.07696158,-0.05941084,-0.0000040041,0.0004062758,-0.0007647654,-0.0005728714,-0.0007681745,-0.0002803146,3847.31459478,3848.89339470,3844.38881996,3845.12660600,3844.37571401,3846.25168848
eth4h:row15813:1734508800,2024-12-18 08:00:00,3882.65000000,-0.00929873,0.00353856,-0.06109535,-0.05763380,-0.07830934,-0.05625099,-0.0000349755,0.0003611002,-0.0007514084,-0.0005379050,-0.0007944193,-0.0002187833,3882.51420474,3884.05227867,3879.73364007,3880.56206488,3879.56677264,3881.80063393
eth4h:row15814:1734523200,2024-12-18 12:00:00,3867.98000000,-0.00743561,0.00423301,-0.05959921,-0.05637095,-0.07677463,-0.05453008,0.0000013048,0.0003746231,-0.0007222744,-0.0005133138,-0.0007645341,-0.0001852724,3867.98504684,3869.42930626,3865.18726589,3865.99502192,3865.02392768,3867.26343649
eth4h:row15815:1734537600,2024-12-18 16:00:00,3770.29000000,-0.01027637,0.00404442,-0.06175863,-0.05683969,-0.07456638,-0.05696764,-0.0000540128,0.0003709508,-0.0007643243,-0.0005224413,-0.0007215332,-0.0002327386,3770.08636143,3771.68885143,3767.40937660,3768.32075909,3767.57059175,3769.41260995
eth4h:row15816:1734552000,2024-12-18 20:00:00,3626.80000000,-0.00579469,0.00818081,-0.06130373,-0.05568610,-0.07195520,-0.05563470,0.0000332581,0.0004514979,-0.0007554661,-0.0004999777,-0.0006706862,-0.0002067825,3626.92062235,3628.43786232,3624.06111028,3624.98713411,3624.36837076,3626.05011863
eth4h:row15817:1734566400,2024-12-19 00:00:00,3668.90000000,-0.00555997,0.00692899,-0.05915778,-0.05630152,-0.07698989,-0.05797621,0.0000378288,0.0004271215,-0.0007136784,-0.0005119616,-0.0007687258,-0.0002523784,3669.03879267,3670.46740071,3666.28251935,3667.02214469,3666.08070557,3667.97416586
eth4h:row15818:1734580800,2024-12-19 04:00:00,3693.79000000,-0.00700753,0.00879879,-0.06236016,-0.05748890,-0.07289466,-0.05972203,0.0000096407,0.0004635318,-0.0007760378,-0.0005350834,-0.0006889801,-0.0002863744,3693.82561095,3695.50258583,3690.92459118,3691.81404307,3691.24592855,3692.73234442
eth4h:row15819:1734595200,2024-12-19 08:00:00,3705.62000000,-0.00762873,0.00614888,-0.05988728,-0.05513529,-0.07328799,-0.05706349,-0.0000024558,0.0004119306,-0.0007278839,-0.0004892519,-0.0006966394,-0.0002346050,3705.61089973,3707.14677274,3702.92372031,3703.80746168,3703.03941803,3704.75074500
eth4h:row15820:1734609600,2024-12-19 12:00:00,3613.92000000,-0.01038842,0.00948740,-0.06462651,-0.05596999,-0.07199758,-0.05558668,-0.0000561949,0.0004769410,-0.0008201701,-0.0005055060,-0.0006715115,-0.0002058473,3613.71692182,3615.64403768,3610.95718620,3612.09360350,3611.49402596,3613.17616079
eth4h:row15821:1734624000,2024-12-19 16:00:00,3439.44000000,-0.00663548,0.00872178,-0.06370633,-0.05735491,-0.07006350,-0.05728516,0.0000168856,0.0004620322,-0.0008022516,-0.0005324742,-0.0006338494,-0.0002389215,3439.49807760,3441.02949907,3436.68181026,3437.60907449,3437.26060381,3438.61834187
eth4h:row15822:1734638400,2024-12-19 20:00:00,3417.01000000,-0.00787633,0.00907368,-0.06430101,-0.05467663,-0.06942922,-0.05365938,-0.0000072772,0.0004688848,-0.0008138316,-0.0004803206,-0.0006214981,-0.0001683173,3416.98513371,3418.61255962,3414.23026046,3415.36913393,3414.88699454,3416.43490651
eth4h:row15823:1734652800,2024-12-20 00:00:00,3413.87000000,-0.00776248,0.01196463,-0.06587254,-0.05456964,-0.06807502,-0.05346849,-0.0000050604,0.0005251797,-0.0008444339,-0.0004782372,-0.0005951279,-0.0001646002,3413.85272466,3415.66336599,3410.98842927,3412.23775084,3411.83891503,3413.30812240
eth4h:row15824:1734667200,2024-12-20 04:00:00,3390.48000000,-0.00858026,0.01780427,-0.06473374,-0.05117617,-0.07317008,-0.05272117,-0.0000209848,0.0006388942,-0.0008222581,-0.0004121566,-0.0006943433,-0.0001500477,3390.40885231,3392.64684997,3387.69329620,3389.08287910,3388.12665999,3389.97130429
eth4h:row15825:1734681600,2024-12-20 08:00:00,3104.56000000,-0.00939756,0.01570542,-0.06732833,-0.05332540,-0.06669897,-0.05513018,-0.0000368999,0.0005980234,-0.0008727821,-0.0004540081,-0.0005683324,-0.0001969580,3104.44544417,3106.41715485,3101.85157757,3103.15082441,3102.79607932,3103.94859219
eth4h:row15826:1734696000,2024-12-20 12:00:00,3374.61000000,-0.00911098,0.01460821,-0.06882893,-0.05491571,-0.06725508,-0.05452816,-0.0000313194,0.0005766578,-0.0009020032,-0.0004849760,-0.0005791614,-0.0001852350,3374.50431094,3376.55655630,3371.56746333,3372.97379187,3372.65612185,3373.98496215
eth4h:row15827:1734710400,2024-12-20 16:00:00,3479.35000000,-0.01033466,0.01991636,-0.07112735,-0.05091248,-0.06574288,-0.04907831,-0.0000551480,0.0006800226,-0.0009467599,-0.0004070218,-0.0005497146,-0.0000791110,3479.15812618,3481.71684114,3476.05744990,3477.93411678,3477.43787602,3479.07475613
eth4h:row15828:1734724800,2024-12-20 20:00:00,3472.21000000,-0.01165836,0.02856965,-0.07743608,-0.04771696,-0.05537607,-0.04518172,-0.0000809242,0.0008485265,-0.0010696088,-0.0003447959,-0.0003478434,-0.0000032332,3471.92902564,3475.15751272,3468.49807897,3471.01300262,3471.00242462,3472.19877360
eth4h:row15829:1734739200,2024-12-21 00:00:00,3467.64000000,-0.01461916,0.02503986,-0.07591038,-0.04834143,-0.05837946,-0.04663205,-0.0001385794,0.0007797916,-0.0010398991,-0.0003569563,-0.0004063279,-0.0000314753,3467.15948989,3470.34509101,3464.03587845,3466.40242511,3466.23128724,3467.53085683
eth4h:row15830:1734753600,2024-12-21 04:00:00,3523.46000000,-0.01123147,0.02746869,-0.07422339,-0.04945711,-0.06094833,-0.04790699,-0.0000726114,0.0008270878,-0.0010070486,-0.0003786817,-0.0004563511,-0.0000563020,3523.20416577,3526.37541621,3519.91349044,3522.12598276,3521.85243185,3523.26162763
eth4h:row15831:1734768000,2024-12-21 08:00:00,3442.23000000,-0.01634758,0.02890182,-0.07691383,-0.04651974,-0.06261852,-0.04225054,-0.0001722365,0.0008549950,-0.0010594390,-0.0003214826,-0.0004888745,0.0000538451,3441.63717328,3445.17434787,3438.58509826,3441.12356066,3440.54759268,3442.41535231
eth4h:row15832:1734782400,2024-12-21 12:00:00,3390.40000000,-0.02692943,0.02088601,-0.07778638,-0.04013316,-0.06362684,-0.02707964,-0.0003782952,0.0006989044,-0.0010764301,-0.0001971178,-0.0005085093,0.0003492657,3389.11767043,3392.77039359,3386.75243486,3389.73175756,3388.67638824,3391.58435715
eth4h:row15833:1734796800,2024-12-21 16:00:00,3359.89000000,-0.02582591,0.02340896,-0.07715904,-0.03847514,-0.06082558,-0.02869519,-0.0003568065,0.0007480333,-0.0010642140,-0.0001648314,-0.0004539607,0.0003178062,3358.69138309,3362.40424977,3356.31625982,3359.33623017,3358.36508802,3360.95796373
eth4h:row15834:1734811200,2024-12-21 20:00:00,3338.92000000,-0.02807217,0.02438194,-0.07932150,-0.03635703,-0.05634116,-0.02757763,-0.0004005476,0.0007669801,-0.0011063232,-0.0001235858,-0.0003666364,0.0003395683,3337.58287134,3341.48186745,3335.22811788,3338.50738240,3337.69605464,3340.05398378
eth4h:row15835:1734825600,2024-12-22 00:00:00,3356.38000000,-0.02711837,0.02942772,-0.07962971,-0.03611754,-0.05811020,-0.02600462,-0.0003819746,0.0008652356,-0.0011123250,-0.0001189222,-0.0004010846,0.0003701993,3355.09819307,3359.28531610,3352.64869005,3355.98087557,3355.03407762,3357.62275940
eth4h:row15836:1734840000,2024-12-22 04:00:00,3332.40000000,-0.01997595,0.03200371,-0.07569896,-0.03988890,-0.06664085,-0.03125643,-0.0002428913,0.0009153975,-0.0010357822,-0.0001923614,-0.0005672007,0.0002679316,3331.59068744,3335.45186709,3328.95014625,3331.75903652,3330.51039624,3333.29297490
eth4h:row15837:1734854400,2024-12-22 08:00:00,3381.03000000,-0.02349382,0.02784235,-0.07659715,-0.03829954,-0.06239501,-0.02816648,-0.0003113941,0.0008343640,-0.0010532724,-0.0001614121,-0.0004845221,0.0003281017,3379.97733108,3383.85218703,3377.47072921,3380.48430492,3379.39221308,3382.13950368
eth4h:row15838:1734868800,2024-12-22 12:00:00,3302.38000000,-0.02864616,0.02994681,-0.07804918,-0.03548918,-0.06396253,-0.02538764,-0.0004117249,0.0008753439,-0.0010815475,-0.0001066864,-0.0005150462,0.0003822137,3301.02060782,3305.27198364,3298.81024989,3302.02769970,3300.67955956,3303.64245600
eth4h:row15839:1734883200,2024-12-22 16:00:00,3247.14000000,-0.02908843,0.03315599,-0.07926833,-0.03592382,-0.06437361,-0.02567491,-0.0004203371,0.0009378356,-0.0011052879,-0.0001151500,-0.0005230511,0.0003766198,3245.77539349,3250.18671179,3243.55295818,3246.76611323,3245.44202397,3248.36316755
eth4h:row15840:1734897600,2024-12-22 20:00:00,3281.83000000,-0.02064209,0.03290177,-0.07887750,-0.03862999,-0.06334317,-0.02337202,-0.0002558629,0.0009328853,-0.0010976774,-0.0001678469,-0.0005029854,0.0004214635,3280.99040877,3284.89299943,3278.22958588,3281.27920139,3280.17970248,3283.21346313
eth4h:row15841:1734912000,2024-12-23 00:00:00,3351.00000000,-0.02027588,0.03235585,-0.07653647,-0.03886352,-0.06795695,-0.02523197,-0.0002487318,0.0009222547,-0.0010520908,-0.0001723944,-0.0005928289,0.0003852450,3350.16660350,3354.09190104,3347.47629758,3350.42235627,3349.01401896,3352.29120484
eth4h:row15842:1734926400,2024-12-23 04:00:00,3305.20000000,-0.02296512,0.03162313,-0.07707434,-0.03625624,-0.06812046,-0.01870614,-0.0003010990,0.0009079866,-0.0010625647,-0.0001216231,-0.0005960129,0.0005123215,3304.20495756,3308.20244007,3301.68987625,3304.79803576,3303.23064494,3306.89375878
eth4h:row15843:1734940800,2024-12-23 08:00:00,3339.54000000,-0.02371805,0.02889420,-0.07401054,-0.03432826,-0.07383293,-0.01465767,-0.0003157606,0.0008548464,-0.0010029039,-0.0000840800,-0.0007072509,0.0005911566,3338.48567146,3342.39601432,3336.19244128,3339.25922322,3337.17894251,3341.51477481
eth4h:row15844:1734955200,2024-12-23 12:00:00,3277.20000000,-0.02470105,0.03416545,-0.07752865,-0.03850703,-0.07212475,-0.02487209,-0.0003349024,0.0009574927,-0.0010714114,-0.0001654524,-0.0006739877,0.0003922529,3276.10264177,3280.33939779,3273.69065097,3276.65782429,3274.99195155,3278.48574332
eth4h:row15845:1734969600,2024-12-23 16:00:00,3338.21000000,-0.02128129,0.03009195,-0.07523756,-0.03979538,-0.07410920,-0.02422790,-0.0002683100,0.0008781701,-0.0010267975,-0.0001905403,-0.0007126306,0.0004047971,3337.31444510,3341.14280379,3334.78409357,3337.57399704,3335.83193695,3339.56157140
eth4h:row15846:1734984000,2024-12-23 20:00:00,3422.53000000,-0.02070766,0.03123272,-0.07756125,-0.04132180,-0.07448229,-0.02235901,-0.0002571397,0.0009003842,-0.0010720463,-0.0002202639,-0.0007198958,0.0004411897,3421.65004490,3425.61297966,3418.86285554,3421.77622305,3420.06702171,3424.04031816
eth4h:row15847:1734998400,2024-12-24 00:00:00,3396.94000000,-0.01726954,0.03077043,-0.07545995,-0.04376702,-0.07883000,-0.02616924,-0.0001901898,0.0008913820,-0.0010311279,-0.0002678793,-0.0008045581,0.0003669938,3396.29399807,3399.96932122,3393.43912549,3396.03015181,3394.20806360,3398.18688461
eth4h:row15848:1735012800,2024-12-24 04:00:00,3401.22000000,-0.02096670,0.02612747,-0.07189851,-0.03826169,-0.07623540,-0.02348940,-0.0002621840,0.0008009703,-0.0009617766,-0.0001606751,-0.0007540338,0.0004191779,3400.32837159,3403.94536769,3397.95035863,3400.67355266,3398.65633197,3402.64601498
eth4h:row15849:1735027200,2024-12-24 08:00:00,3414.56000000,-0.01963656,0.02236308,-0.07053595,-0.04326342,-0.07961474,-0.02864976,-0.0002362824,0.0007276670,-0.0009352437,-0.0002580728,-0.0008198392,0.0003186910,3413.75329487,3417.04556674,3411.36804717,3413.67890854,3411.76175707,3415.64836285
eth4h:row15850:1735041600,2024-12-24 12:00:00,3493.07000000,-0.01755743,0.02600641,-0.07269453,-0.04524468,-0.07960857,-0.02915217,-0.0001957959,0.0007986130,-0.0009772774,-0.0002966536,-0.0008197191,0.0003089077,3492.38613834,3495.86072540,3489.65796910,3492.03392205,3490.20783715,3494.14920278
eth4h:row15851:1735056000,2024-12-24 16:00:00,3465.52000000,-0.01485984,0.02493800,-0.07113468,-0.04398028,-0.07946932,-0.02737483,-0.0001432662,0.0007778080,-0.0009469026,-0.0002720322,-0.0008170075,0.0003435174,3465.02354378,3468.21655769,3462.24004312,3464.57739509,3462.68980064,3466.71067108
eth4h:row15852:1735070400,2024-12-24 20:00:00,3493.18000000,-0.01544588,0.02641488,-0.07131045,-0.04379712,-0.07826400,-0.03043811,-0.0001546779,0.0008065671,-0.0009503255,-0.0002684655,-0.0007935363,0.0002838668,3492.63972405,3495.99862064,3489.86191900,3492.24232762,3490.40913424,3494.17173843
eth4h:row15853:1735084800,2024-12-25 00:00:00,3478.23000000,-0.01157134,0.02468235,-0.06951105,-0.04741947,-0.07945311,-0.03671565,-0.0000792296,0.0007728299,-0.0009152859,-0.0003390030,-0.0008166917,0.0001616251,3477.95443217,3480.91911900,3475.04788148,3477.05106950,3475.39051791,3478.79221472
eth4h:row15854:1735099200,2024-12-25 04:00:00,3489.22000000,-0.01096385,0.02749879,-0.06832307,-0.04624138,-0.08357269,-0.03332923,-0.0000674000,0.0008276739,-0.0008921526,-0.0003160623,-0.0008969116,0.0002275684,3488.98483440,3492.10913187,3486.10847152,3488.11736334,3486.09188124,3490.01412648
eth4h:row15855:1735113600,2024-12-25 08:00:00,3471.04000000,-0.01211696,0.02775050,-0.06803160,-0.04761193,-0.08615334,-0.03701681,-0.0000898544,0.0008325754,-0.0008864769,-0.0003427508,-0.0009471643,0.0001557608,3470.72812586,3473.93110602,3467.96436663,3469.85050215,3467.75391129,3471.58069411
eth4h:row15856:1735128000,2024-12-25 12:00:00,3472.99000000,-0.01194387,0.02326942,-0.06730919,-0.04678551,-0.08332929,-0.03284421,-0.0000864838,0.0007453161,-0.0008724096,-0.0003266581,-0.0008921720,0.0002370131,3472.68965564,3475.57944036,3469.96145156,3471.85570503,3469.89287746,3473.81324151
eth4h:row15857:1735142400,2024-12-25 16:00:00,3481.21000000,-0.01225691,0.02200384,-0.06828206,-0.04742388,-0.07798618,-0.03698782,-0.0000925796,0.0007206716,-0.0008913541,-0.0003390889,-0.0007881265,0.0001563252,3480.88772575,3483.71971341,3478.10839189,3480.02976054,3478.46744718,3481.75424334
eth4h:row15858:1735156800,2024-12-25 20:00:00,3497.00000000,-0.01111620,0.02157862,-0.06784790,-0.04940538,-0.08014517,-0.03989862,-0.0000703667,0.0007123914,-0.0008828997,-0.0003776742,-0.0008301680,0.0000996438,3496.75393629,3499.49212019,3493.91386226,3495.67952254,3494.09810714,3497.34847168
eth4h:row15859:1735171200,2024-12-26 00:00:00,3455.71000000,-0.00849598,0.02563936,-0.06813055,-0.04872022,-0.07810414,-0.03911310,-0.0000193436,0.0007914656,-0.0008884036,-0.0003643323,-0.0007904234,0.0001149400,3455.64315485,3458.44615826,3452.64129804,3454.45120248,3452.97960509,3456.10722209
eth4h:row15860:1735185600,2024-12-26 04:00:00,3422.00000000,-0.00782065,0.02572967,-0.06873827,-0.05061547,-0.08023435,-0.04230384,-0.0000061932,0.0007932240,-0.0009002378,-0.0004012382,-0.0008319047,0.0000528072,3421.97880705,3424.71548947,3418.92077237,3420.62723830,3419.15440601,3422.18071101
eth4h:row15861:1735200000,2024-12-26 08:00:00,3373.28000000,-0.01183109,0.02599079,-0.06924658,-0.04836939,-0.07638212,-0.04261163,-0.0000842878,0.0007983089,-0.0009101360,-0.0003575006,-0.0007568908,0.0000468138,3372.99568563,3375.97399472,3370.21125300,3372.07426589,3370.72776157,3373.43791969
eth4h:row15862:1735214400,2024-12-26 12:00:00,3344.13000000,-0.01075511,0.02646584,-0.06823003,-0.04696469,-0.07633933,-0.04240542,-0.0000633354,0.0008075595,-0.0008903408,-0.0003301471,-0.0007560577,0.0000508291,3343.91820504,3346.83167463,3341.15390974,3343.02612755,3341.60260038,3344.29998352
eth4h:row15863:1735228800,2024-12-26 16:00:00,3339.75000000,-0.01385980,0.02668280,-0.07236176,-0.04848484,-0.07421744,-0.04239207,-0.0001237924,0.0008117843,-0.0009707974,-0.0003597488,-0.0007147383,0.0000510891,3339.33658985,3342.46225744,3336.50935269,3338.54874494,3337.36380546,3339.92062923
eth4h:row15864:1735243200,2024-12-26 20:00:00,3335.05000000,-0.01191621,0.02496065,-0.07246166,-0.04858456,-0.07102217,-0.04020688,-0.0000859452,0.0007782490,-0.0009727427,-0.0003616906,-0.0006525173,0.0000936411,3334.76338064,3337.64650969,3331.80743190,3333.84396178,3332.87453186,3335.36231231
eth4h:row15865:1735257600,2024-12-27 00:00:00,3379.40000000,-0.01464264,0.02357156,-0.07144194,-0.04487119,-0.06944329,-0.03652793,-0.0001390367,0.0007511996,-0.0009528859,-0.0002893808,-0.0006217720,0.0001652806,3378.93017209,3381.93955762,3376.18135114,3378.42220805,3377.29943672,3379.95859555
eth4h:row15866:1735272000,2024-12-27 04:00:00,3326.02000000,-0.01618033,0.02306760,-0.07195007,-0.04422836,-0.06829365,-0.03554260,-0.0001689797,0.0007413861,-0.0009627806,-0.0002768629,-0.0005993853,0.0001844677,3325.45801764,3328.48677932,3322.81931341,3325.09927578,3324.02702990,3326.63359986
eth4h:row15867:1735286400,2024-12-27 08:00:00,3419.27000000,-0.01643412,0.02243150,-0.06947493,-0.04328410,-0.07298245,-0.03532940,-0.0001739218,0.0007289994,-0.0009145826,-0.0002584756,-0.0006906895,0.0001886194,3418.67536601,3421.76355463,3416.14422485,3418.38631641,3416.90916144,3419.91500157
eth4h:row15868:1735300800,2024-12-27 12:00:00,3326.32000000,-0.01749735,0.02345050,-0.07209413,-0.04492847,-0.07095407,-0.03616121,-0.0001946259,0.0007488423,-0.0009655860,-0.0002904962,-0.0006511913,0.0001724217,3325.67267499,3328.81182187,3323.10970224,3325.35385704,3324.15463452,3326.89357910
eth4h:row15869:1735315200,2024-12-27 16:00:00,3355.00000000,-0.01749783,0.02578480,-0.07338571,-0.04409478,-0.07034642,-0.03498625,-0.0001946352,0.0007942976,-0.0009907366,-0.0002742619,-0.0006393585,0.0001953014,3354.34706252,3357.66592724,3351.67772485,3354.07997757,3352.85563773,3355.65530023
eth4h:row15870:1735329600,2024-12-27 20:00:00,3333.51000000,-0.01824205,0.02625580,-0.07299309,-0.04305546,-0.07038583,-0.03473110,-0.0002091273,0.0008034693,-0.0009830912,-0.0002540232,-0.0006401260,0.0002002700,3332.81294485,3336.18944915,3330.23446593,3332.66331852,3331.37681634,3334.17766876
eth4h:row15871:1735344000,2024-12-28 00:00:00,3345.51000000,-0.01539152,0.02856351,-0.07248705,-0.04312168,-0.06943342,-0.03467022,-0.0001536194,0.0008484070,-0.0009732371,-0.0002553128,-0.0006215799,0.0002014556,3344.99610436,3348.34955849,3342.25560940,3344.65595767,3343.43114426,3346.18403956
eth4h:row15872:1735358400,2024-12-28 04:00:00,3335.53000000,-0.01518087,0.02925474,-0.07301097,-0.04236869,-0.06952789,-0.03457418,-0.0001495175,0.0008618673,-0.0009834394,-0.0002406500,-0.0006234196,0.0002033257,3335.03131701,3338.40602347,3332.25132076,3334.72740133,3333.45121327,3336.20826798
eth4h:row15873:1735372800,2024-12-28 08:00:00,3359.23000000,-0.01714449,0.02708472,-0.07389074,-0.04151384,-0.06863953,-0.02917516,-0.0001877547,0.0008196107,-0.0010005709,-0.0002240036,-0.0006061207,0.0003084599,3358.59934792,3361.98438958,3355.87053307,3358.47760455,3357.19451823,3360.26634771
eth4h:row15874:1735387200,2024-12-28 12:00:00,3368.38000000,-0.01635509,0.03130669,-0.07460146,-0.04056452,-0.06855451,-0.02997279,-0.0001723828,0.0009018246,-0.0010144108,-0.0002055176,-0.0006044650,0.0002929278,3367.79939933,3371.41905795,3364.96481150,3367.68780971,3366.34454756,3369.36683677
eth4h:row15875:1735401600,2024-12-28 16:00:00,3400.87000000,-0.02002935,0.02689994,-0.07609367,-0.04073397,-0.06751773,-0.02753251,-0.0002439312,0.0008160127,-0.0010434682,-0.0002088174,-0.0005842759,0.0003404469,3400.04052278,3403.64628554,3397.32315114,3400.15991330,3398.88353384,3402.02801272
eth4h:row15876:1735416000,2024-12-28 20:00:00,3404.00000000,-0.02088814,0.03013731,-0.07898193,-0.04175691,-0.06629696,-0.02786553,-0.0002606542,0.0008790534,-0.0010997109,-0.0002287369,-0.0005605042,0.0003339622,3403.11284878,3406.99361327,3400.25864179,3403.22146880,3402.09257821,3405.13699723
eth4h:row15877:1735430400,2024-12-29 00:00:00,3382.98000000,-0.01989203,0.02993787,-0.07793783,-0.04228787,-0.07038978,-0.02760076,-0.0002412570,0.0008751698,-0.0010793794,-0.0002390761,-0.0006402029,0.0003391179,3382.16393070,3385.94197775,3379.33045112,3382.17130696,3380.81489948,3384.12742369
eth4h:row15878:1735444800,2024-12-29 04:00:00,3407.61000000,-0.02116792,0.03183282,-0.08028465,-0.04059068,-0.06702459,-0.02343478,-0.0002661024,0.0009120698,-0.0011250785,-0.0002060271,-0.0005746731,0.0004202413,3406.70334751,3410.71939597,3403.77832709,3406.90801214,3405.65230067,3409.04231949
eth4h:row15879:1735459200,2024-12-29 08:00:00,3398.36000000,-0.02202528,0.03166241,-0.07774287,-0.03996484,-0.07175450,-0.02590721,-0.0002827975,0.0009087514,-0.0010755828,-0.0001938401,-0.0006667779,0.0003720961,3397.39908823,3401.44966822,3394.70674739,3397.70132541,3396.09480379,3399.62475174
eth4h:row15880:1735473600,2024-12-29 12:00:00,3373.82000000,-0.02169542,0.03525276,-0.07982629,-0.03963713,-0.06861995,-0.02511721,-0.0002763743,0.0009786657,-0.0011161529,-0.0001874587,-0.0006057394,0.0003874796,3372.88769162,3377.12345803,3370.05640164,3373.18760729,3371.77696321,3375.12753982
eth4h:row15881:1735488000,2024-12-29 16:00:00,3362.60000000,-0.02050047,0.03581566,-0.08036839,-0.04090456,-0.06894445,-0.02569767,-0.0002531052,0.0009896270,-0.0011267093,-0.0002121392,-0.0006120584,0.0003761764,3361.74901623,3365.92936706,3358.81346103,3361.88673623,3360.54252225,3363.86516880
eth4h:row15882:1735502400,2024-12-29 20:00:00,3356.48000000,-0.02064436,0.04071642,-0.08070248,-0.04039500,-0.07109474,-0.02713382,-0.0002559070,0.0010850586,-0.0011332148,-0.0002022167,-0.0006539305,0.0003482106,3355.62116304,3360.12395421,3352.67854147,3355.80133243,3354.28581297,3357.64896550
eth4h:row15883:1735516800,2024-12-30 00:00:00,3403.76000000,-0.01844482,0.03833611,-0.07851683,-0.03960614,-0.07030658,-0.02581647,-0.0002130759,0.0010387072,-0.0010906541,-0.0001868552,-0.0006385829,0.0003738632,3403.03481793,3407.29734688,3400.04969874,3403.12404925,3401.58711091,3405.03277854
eth4h:row15884:1735531200,2024-12-30 04:00:00,3427.00000000,-0.02139406,0.03624178,-0.07783263,-0.03731022,-0.07144515,-0.02211448,-0.0002705060,0.0009979247,-0.0010773308,-0.0001421473,-0.0006607541,0.0004459514,3426.07310142,3430.42159488,3423.30997540,3426.51289596,3424.73634379,3428.52861615
eth4h:row15885:1735545600,2024-12-30 08:00:00,3424.13000000,-0.02201800,0.03599770,-0.07841127,-0.03878210,-0.07160345,-0.02421990,-0.0002826559,0.0009931717,-0.0010885986,-0.0001708089,-0.0006638365,0.0004049530,3423.16228630,3427.53243848,3420.40452503,3423.54517811,3421.85769180,3425.51689237
eth4h:row15886:1735560000,2024-12-30 12:00:00,3324.16000000,-0.02195721,0.03583980,-0.07762062,-0.03494654,-0.07089978,-0.01750266,-0.0002814720,0.0009900971,-0.0010732023,-0.0000961197,-0.0006501342,0.0005357566,3323.22447373,3327.45287111,3320.59441752,3323.84049821,3321.99955226,3325.94141781
eth4h:row15887:1735574400,2024-12-30 16:00:00,3401.93000000,-0.02414768,0.03096343,-0.07840949,-0.03874789,-0.07205410,-0.02020704,-0.0003241267,0.0008951403,-0.0010885638,-0.0001701427,-0.0006726121,0.0004830946,3400.82752241,3404.97656794,3398.22879709,3401.35123581,3399.64259022,3403.57385105
eth4h:row15888:1735588800,2024-12-30 20:00:00,3361.84000000,-0.02166133,0.03306241,-0.07815700,-0.03847359,-0.07267512,-0.02002769,-0.0002757104,0.0009360133,-0.0010836472,-0.0001648013,-0.0006847051,0.0004865871,3360.91323345,3364.98820011,3358.19892477,3361.28601021,3359.53891889,3363.47622590
