row_id,DATE_TIME,close_origin,y_hat_z_h1,y_hat_z_h2,y_hat_z_h3,y_hat_z_h4,y_hat_z_h5,y_hat_z_h6,logret_hat_h1,logret_hat_h2,logret_hat_h3,logret_hat_h4,logret_hat_h5,logret_hat_h6,close_hat_h1,close_hat_h2,close_hat_h3,close_hat_h4,close_hat_h5,close_hat_h6
eth4h:row13699:1704067200,2024-01-01 00:00:00,2273.81000000,0.00285477,-0.05269347,-0.01594147,-0.08332469,-0.02942269,-0.05718426,0.0002016878,-0.0007338971,0.0001278659,-0.0010381795,0.0001575426,-0.0002369567,2274.26864589,2272.14186953,2274.10076142,2271.45060203,2274.16825005,2273.27126923
eth4h:row13700:1704081600,2024-01-01 04:00:00,2284.67000000,-0.00051247,-0.04742877,-0.02367249,-0.07985687,-0.03534511,-0.05278344,0.0001361179,-0.0006313785,-0.0000226790,-0.0009706513,0.0000422162,-0.0001512603,2284.98100572,2283.22796378,2284.61818657,2282.45345795,2284.76645208,2284.32444630
eth4h:row13701:1704096000,2024-01-01 08:00:00,2304.47000000,-0.00201403,-0.04710388,-0.01596525,-0.08695340,-0.02906325,-0.05849504,0.0001068783,-0.0006250520,0.0001274028,-0.0011088409,0.0001645420,-0.0002624814,2304.71631098,2303.03003657,2304.76361468,2301.91612560,2304.84921327,2303.86519896
eth4h:row13702:1704110400,2024-01-01 12:00:00,2314.70000000,0.00185014,-0.05077626,-0.01672682,-0.08374394,-0.02936247,-0.05729135,0.0001821246,-0.0006965636,0.0001125729,-0.0010463437,0.0001587153,-0.0002390422,2315.12160229,2313.08822575,2314.96058720,2312.27929500,2315.06740739,2314.14675521
eth4h:row13703:1704124800,2024-01-01 16:00:00,2337.26000000,0.00197149,-0.05062452,-0.01687106,-0.08497474,-0.02840187,-0.05931496,0.0001844878,-0.0006936088,0.0001097641,-0.0010703107,0.0001774208,-0.0002784476,2337.69123565,2335.63941804,2337.51656130,2334.75974397,2337.67471532,2336.60928626
eth4h:row13704:1704139200,2024-01-01 20:00:00,2352.04000000,-0.00424348,-0.04196797,-0.02198603,-0.08068961,-0.03237527,-0.05605216,0.0000634645,-0.0005250412,0.0000101611,-0.0009868671,0.0001000475,-0.0002149115,2352.18927584,2350.80540614,2352.06389932,2349.71999413,2352.27532754,2351.53457382
eth4h:row13705:1704153600,2024-01-02 00:00:00,2386.43000000,0.00175155,-0.04744007,-0.01641824,-0.08359455,-0.02736790,-0.05657264,0.0001802049,-0.0006315984,0.0001185817,-0.0010434344,0.0001975551,-0.0002250468,2386.86008509,2384.92321042,2386.71300374,2383.94121543,2386.90149802,2385.89300201
eth4h:row13706:1704168000,2024-01-02 04:00:00,2385.84000000,-0.00057655,-0.04554686,-0.02335831,-0.07732095,-0.03500757,-0.05391557,0.0001348702,-0.0005947323,-0.0000165611,-0.0009212697,0.0000487892,-0.0001733061,2386.16180044,2384.42148571,2385.80048821,2383.64301012,2385.95640609,2385.42655525
eth4h:row13707:1704182400,2024-01-02 08:00:00,2391.24000000,0.00047309,-0.04914315,-0.02027848,-0.07883829,-0.03442696,-0.05285055,0.0001553096,-0.0006647623,0.0000434120,-0.0009508166,0.0000600952,-0.0001525672,2391.61141146,2389.65092200,2391.34381070,2388.96744986,2391.38370629,2390.87520304
eth4h:row13708:1704196800,2024-01-02 12:00:00,2357.48000000,-0.00407701,-0.04607214,-0.02029928,-0.07861598,-0.03652523,-0.05399717,0.0000667063,-0.0006049610,0.0000430069,-0.0009464876,0.0000192359,-0.0001748950,2357.63726397,2356.05424778,2357.58139009,2355.24973006,2357.52534869,2357.06772449
eth4h:row13709:1704211200,2024-01-02 16:00:00,2369.19000000,-0.00062447,-0.04652172,-0.01807513,-0.08280014,-0.03445487,-0.05658466,0.0001339370,-0.0006137157,0.0000863174,-0.0010279650,0.0000595517,-0.0002252810,2369.50734352,2367.73643702,2369.39451106,2366.75580694,2369.33109346,2368.65632672
eth4h:row13710:1704225600,2024-01-02 20:00:00,2355.34000000,0.00026585,-0.04947327,-0.01751282,-0.08281302,-0.03352003,-0.05651066,0.0001512740,-0.0006711907,0.0000972671,-0.0010282160,0.0000777558,-0.0002238400,2355.69632861,2353.75964813,2355.56910833,2352.91944637,2355.52314848,2354.81283973
eth4h:row13711:1704240000,2024-01-03 00:00:00,2368.51000000,0.00425042,-0.05269590,-0.01976701,-0.08297057,-0.03479451,-0.05483238,0.0002288649,-0.0007339444,0.0000533717,-0.0010312839,0.0000529380,-0.0001911590,2369.05213080,2366.77228302,2368.63641477,2366.06865274,2368.63538758,2368.05728138
eth4h:row13712:1704254400,2024-01-03 04:00:00,2361.64000000,0.00485654,-0.05244955,-0.01644900,-0.08654143,-0.02964747,-0.05765384,0.0002406678,-0.0007291474,0.0001179828,-0.0011008186,0.0001531655,-0.0002461008,2362.20843900,2359.91864401,2361.91864936,2359.04169310,2362.00174951,2361.05887002
eth4h:row13713:1704268800,2024-01-03 08:00:00,2307.68000000,-0.00121491,-0.04790975,-0.01883128,-0.08243792,-0.03326716,-0.05481600,0.0001224394,-0.0006407445,0.0000715931,-0.0010209116,0.0000826800,-0.0001908401,2307.96256829,2306.20184026,2307.84521984,2305.32526491,2307.87080677,2307.23964423
eth4h:row13714:1704283200,2024-01-03 12:00:00,2240.40000000,0.00367172,-0.05144608,-0.01968518,-0.08127563,-0.03433731,-0.05282348,0.0002175959,-0.0007096069,0.0000549653,-0.0009982785,0.0000618410,-0.0001520400,2240.88755495,2238.81076064,2240.52314764,2238.16457281,2240.53855278,2240.05939556
eth4h:row13715:1704297600,2024-01-03 16:00:00,2206.53000000,-0.00187450,-0.04733491,-0.02261397,-0.07579263,-0.04025409,-0.04915114,0.0001095954,-0.0006295507,-0.0000020666,-0.0008915089,-0.0000533754,-0.0000805292,2206.77183884,2205.14131460,2206.52543994,2204.56373548,2206.41222865,2206.35231697
eth4h:row13716:1704312000,2024-01-03 20:00:00,2209.72000000,0.00082029,-0.04585277,-0.01978960,-0.07672054,-0.03453100,-0.05306517,0.0001620706,-0.0006006892,0.0000529318,-0.0009095779,0.0000580692,-0.0001567465,2210.07815956,2208.39304370,2209.83696756,2207.71100124,2209.84832044,2209.37366129
eth4h:row13717:1704326400,2024-01-04 00:00:00,2231.08000000,0.00070001,-0.04463413,-0.02472952,-0.07489462,-0.03442363,-0.05564684,0.0001597283,-0.0005769590,-0.0000432623,-0.0008740222,0.0000601600,-0.0002070190,2231.43639511,2229.79312969,2230.98348034,2229.13083844,2231.21422586,2230.61817196
eth4h:row13718:1704340800,2024-01-04 04:00:00,2221.85000000,-0.00126647,-0.04038888,-0.02981278,-0.07367846,-0.03897871,-0.05296019,0.0001214354,-0.0004942919,-0.0001422479,-0.0008503402,-0.0000285402,-0.0001547023,2222.11982770,2220.75202903,2221.53396896,2219.96147477,2221.78658875,2221.50630138
eth4h:row13719:1704355200,2024-01-04 08:00:00,2228.14000000,0.00110395,-0.04179525,-0.03114494,-0.07389028,-0.03940875,-0.05168324,0.0001675942,-0.0005216779,-0.0001681889,-0.0008544649,-0.0000369143,-0.0001298363,2228.51345461,2226.97793174,2227.76528305,2226.23694574,2228.05775118,2227.85072529
eth4h:row13720:1704369600,2024-01-04 12:00:00,2276.87000000,-0.00096201,-0.04027990,-0.03285727,-0.07140642,-0.04309876,-0.05290195,0.0001273641,-0.0004921696,-0.0002015327,-0.0008060971,-0.0001087692,-0.0001535680,2277.16001007,2275.74966960,2276.41118248,2275.03536125,2276.62236011,2276.52037250
eth4h:row13721:1704384000,2024-01-04 16:00:00,2274.27000000,-0.00191360,-0.03836130,-0.02898630,-0.06956142,-0.03878241,-0.05338844,0.0001088340,-0.0004548090,-0.0001261540,-0.0007701697,-0.0000247177,-0.0001630414,2274.51753142,2273.23587673,2273.98310976,2272.51910057,2274.21378592,2273.89923008
eth4h:row13722:1704398400,2024-01-04 20:00:00,2267.11000000,-0.00611477,-0.03485151,-0.02882751,-0.06875922,-0.03927438,-0.05215878,0.0000270252,-0.0003864634,-0.0001230620,-0.0007545485,-0.0000342978,-0.0001390964,2267.17127002,2266.23401419,2266.83102206,2265.40000083,2267.03224454,2266.79467499
eth4h:row13723:1704412800,2024-01-05 00:00:00,2242.28000000,-0.00999932,-0.03045033,-0.03013810,-0.06717333,-0.04020140,-0.05005512,-0.0000486181,-0.0003007600,-0.0001485829,-0.0007236668,-0.0000523495,-0.0000981323,2242.17098735,2241.60571318,2241.94686039,2240.65792346,2242.16262074,2242.05997075
eth4h:row13724:1704427200,2024-01-05 04:00:00,2252.75000000,-0.00982874,-0.03046164,-0.02924785,-0.07019261,-0.03546036,-0.05263428,-0.0000452962,-0.0003009803,-0.0001312471,-0.0007824606,0.0000399720,-0.0001483557,2252.64796126,2252.07206871,2252.45435258,2250.98800132,2252.84004878,2252.41581648
eth4h:row13725:1704441600,2024-01-05 08:00:00,2241.97000000,-0.00678055,-0.03352642,-0.03067442,-0.07095735,-0.03516909,-0.05658098,0.0000140605,-0.0003606602,-0.0001590266,-0.0007973523,0.0000456439,-0.0002252093,2242.00152352,2241.16155636,2241.61349553,2240.18307255,2242.07233467,2241.46514438
eth4h:row13726:1704456000,2024-01-05 12:00:00,2224.99000000,-0.00478892,-0.03832226,-0.03056898,-0.07172132,-0.03667027,-0.05468101,0.0000528432,-0.0004540488,-0.0001569734,-0.0008122289,0.0000164117,-0.0001882114,2225.10757874,2223.97997538,2224.64076328,2223.18353250,2225.02651616,2224.57127086
eth4h:row13727:1704470400,2024-01-05 16:00:00,2234.26000000,-0.00418716,-0.03952017,-0.02855214,-0.07663634,-0.03383330,-0.05746616,0.0000645614,-0.0004773756,-0.0001176997,-0.0009079385,0.0000716556,-0.0002424461,2234.40425152,2233.19367324,2233.99704374,2232.23234997,2234.42010299,2233.71837796
eth4h:row13728:1704484800,2024-01-05 20:00:00,2268.78000000,-0.00188880,-0.03811869,-0.02516904,-0.07531178,-0.03060082,-0.05966788,0.0001093169,-0.0004500848,-0.0000518211,-0.0008821455,0.0001346010,-0.0002853199,2269.02802947,2267.75908644,2268.66243228,2266.77948851,2269.08540063,2268.13276427
eth4h:row13729:1704499200,2024-01-06 00:00:00,2252.99000000,-0.00702845,-0.03918000,-0.01941850,-0.07849605,-0.02791893,-0.06111287,0.0000092333,-0.0004707514,0.0000601581,-0.0009441523,0.0001868251,-0.0003134581,2253.01080263,2251.92965141,2253.12553978,2250.86383813,2253.41095449,2252.28389280
eth4h:row13730:1704513600,2024-01-06 04:00:00,2233.12000000,-0.00700926,-0.03977111,-0.02015122,-0.07597071,-0.02832839,-0.06188212,0.0000096070,-0.0004822621,0.0000458900,-0.0008949767,0.0001788518,-0.0003284374,2233.14145377,2232.04331057,2233.22248025,2231.12230373,2233.51943316,2232.38668031
eth4h:row13731:1704528000,2024-01-06 08:00:00,2238.67000000,-0.00932061,-0.03576197,-0.01224580,-0.08177754,-0.02031670,-0.06611138,-0.0000354015,-0.0004041927,0.0001998310,-0.0010080522,0.0003348621,-0.0004107931,2238.59074915,2237.76532881,2239.11740045,2236.41444077,2239.41977136,2237.75055857
eth4h:row13732:1704542400,2024-01-06 12:00:00,2246.40000000,-0.00365155,-0.03998022,-0.01538321,-0.07798894,-0.02506635,-0.06422982,0.0000749912,-0.0004863340,0.0001387368,-0.0009342773,0.0002423729,-0.0003741539,2246.56846645,2245.30776493,2246.71167988,2244.30221952,2246.94453237,2245.55965782
eth4h:row13733:1704556800,2024-01-06 16:00:00,2244.63000000,0.00524146,-0.05351709,-0.01111075,-0.08195920,-0.02254371,-0.06582274,0.0002481634,-0.0007499353,0.0002219337,-0.0010115897,0.0002914958,-0.0004051726,2245.18710408,2242.94730375,2245.12821434,2242.36050358,2245.28439563,2243.72072166
eth4h:row13734:1704571200,2024-01-06 20:00:00,2240.78000000,0.00306536,-0.04858486,-0.01551571,-0.07747678,-0.02397086,-0.06563633,0.0002057884,-0.0006538909,0.0001361566,-0.0009243043,0.0002637053,-0.0004015426,2241.24117400,2239.31525333,2241.08511773,2238.70979441,2241.37098343,2239.88041201
eth4h:row13735:1704585600,2024-01-07 00:00:00,2242.20000000,0.00660879,-0.05023013,-0.01293066,-0.08069077,-0.01950205,-0.06841194,0.0002747892,-0.0006859289,0.0001864949,-0.0009868897,0.0003507256,-0.0004555916,2242.81621696,2240.66253757,2242.61819790,2239.98828745,2242.98653491,2241.17870520
eth4h:row13736:1704600000,2024-01-07 04:00:00,2249.15000000,0.00094391,-0.04340650,-0.01998964,-0.07579701,-0.02320175,-0.06668029,0.0001644778,-0.0005530535,0.0000490366,-0.0008915942,0.0002786820,-0.0004218715,2249.51996563,2247.90644370,2249.26029335,2247.14556460,2249.77688498,2248.20134791
eth4h:row13737:1704614400,2024-01-07 08:00:00,2237.04000000,-0.00102030,-0.04215118,-0.03163209,-0.06415206,-0.03018461,-0.05874421,0.0001262290,-0.0005286089,-0.0001776751,-0.0006648341,0.0001427058,-0.0002673335,2237.32239716,2235.85779335,2236.64256902,2235.55323388,2237.35926144,2236.44204410
eth4h:row13738:1704628800,2024-01-07 12:00:00,2230.83000000,-0.00369232,-0.04100633,-0.03014001,-0.06514597,-0.03286120,-0.05654863,0.0000741973,-0.0005063152,-0.0001486200,-0.0006841883,0.0000905850,-0.0002245793,2230.99552761,2229.70078265,2230.49847869,2229.30421431,2231.03208889,2230.32905794
eth4h:row13739:1704643200,2024-01-07 16:00:00,2248.60000000,-0.00216984,-0.04164839,-0.02760818,-0.06594129,-0.02966483,-0.05959817,0.0001038443,-0.0005188180,-0.0000993181,-0.0006996754,0.0001528275,-0.0002839625,2248.83351641,2247.43368841,2248.37668431,2247.02726016,2248.94367411,2247.96157260
eth4h:row13740:1704657600,2024-01-07 20:00:00,2221.42000000,-0.00187789,-0.04467261,-0.02530166,-0.06467338,-0.02938309,-0.05973559,0.0001095293,-0.0005777082,-0.0000544036,-0.0006749856,0.0001583137,-0.0002866384,2221.66332382,2220.13703815,2221.29914997,2219.92107944,2221.77170900,2220.78334694
eth4h:row13741:1704672000,2024-01-08 00:00:00,2190.87000000,-0.00090938,-0.04742888,-0.03048339,-0.06139170,-0.03607048,-0.05469433,0.0001283890,-0.0006313805,-0.0001553066,-0.0006110820,0.0000280912,-0.0001884708,2191.15130171,2189.48716394,2190.52976979,2189.53160779,2190.93154513,2190.45712381
eth4h:row13742:1704686400,2024-01-08 04:00:00,2224.08000000,-0.00206189,-0.04515022,-0.03053280,-0.06421673,-0.03387303,-0.05802835,0.0001059463,-0.0005870086,-0.0001562688,-0.0006660934,0.0000708819,-0.0002533936,2224.31564546,2222.77482896,2223.73247279,2222.59904828,2224.23765254,2223.51650378
eth4h:row13743:1704700800,2024-01-08 08:00:00,2240.61000000,-0.00276058,-0.04557073,-0.02865550,-0.06454851,-0.03143875,-0.06196509,0.0000923409,-0.0005951972,-0.0001197123,-0.0006725540,0.0001182841,-0.0003300531,2240.81690945,2239.27679208,2240.34178746,2239.10357545,2240.87504430,2239.87060186
eth4h:row13744:1704715200,2024-01-08 12:00:00,2269.59000000,0.00251336,-0.05314672,-0.02943971,-0.06606530,-0.03153221,-0.06315687,0.0001950394,-0.0007427232,-0.0001349833,-0.0007020902,0.0001164644,-0.0003532604,2270.03270271,2267.90494874,2269.28366401,2267.99710240,2269.85434172,2268.78838534
eth4h:row13745:1704729600,2024-01-08 16:00:00,2354.56000000,-0.00307702,-0.04738583,-0.03485390,-0.06446820,-0.03409865,-0.06023932,0.0000861789,-0.0006305422,-0.0002404129,-0.0006709903,0.0000664883,-0.0002964475,2354.76292207,2353.07581845,2353.99400149,2352.98064308,2354.71655588,2353.86209992
eth4h:row13746:1704744000,2024-01-08 20:00:00,2330.44000000,-0.00241636,-0.04964587,-0.02792433,-0.06637526,-0.03085338,-0.06164131,0.0000990438,-0.0006745517,-0.0001054743,-0.0007081260,0.0001296831,-0.0003237483,2330.67082696,2328.86852779,2330.19421132,2328.79033909,2330.74223827,2329.68564617
eth4h:row13747:1704758400,2024-01-09 00:00:00,2309.13000000,0.00279594,-0.05534272,-0.02602478,-0.06540178,-0.03206658,-0.06135199,0.0002005422,-0.0007854855,-0.0000684849,-0.0006891696,0.0001060586,-0.0003181144,2309.59312439,2307.31692399,2308.97186487,2307.53916609,2309.37491617,2308.39554936
eth4h:row13748:1704772800,2024-01-09 04:00:00,2306.05000000,0.00289805,-0.05132674,-0.02480611,-0.06479917,-0.02707624,-0.06158391,0.0002025304,-0.0007072829,-0.0000447538,-0.0006774352,0.0002032346,-0.0003226306,2306.51709254,2304.41954684,2305.94679779,2304.48832961,2306.51871671,2305.30611781
eth4h:row13749:1704787200,2024-01-09 08:00:00,2298.76000000,0.00052447,-0.04403041,-0.02335730,-0.06647007,-0.02465510,-0.06168657,0.0001563101,-0.0005652028,-0.0000165414,-0.0007099723,0.0002503811,-0.0003246295,2299.11934757,2297.46110152,2298.72197569,2297.12852330,2299.33563802,2298.01387575
eth4h:row13750:1704801600,2024-01-09 12:00:00,2257.18000000,0.00363083,-0.04899311,-0.02726718,-0.06737915,-0.02713794,-0.06216375,0.0002167997,-0.0006618406,-0.0000926779,-0.0007276746,0.0002020331,-0.0003339216,2257.66940900,2255.68660085,2256.97081890,2255.53810496,2257.63607121,2256.42640474
eth4h:row13751:1704816000,2024-01-09 16:00:00,2270.91000000,0.00845713,-0.04830627,-0.03091815,-0.06579059,-0.02630594,-0.06164435,0.0003107816,-0.0006484659,-0.0001637726,-0.0006967409,0.0002182347,-0.0003238075,2271.61586675,2269.43786966,2270.53811770,2269.32831513,2271.40564535,2270.17478140
eth4h:row13752:1704830400,2024-01-09 20:00:00,2344.29000000,0.00988109,-0.04587266,-0.03288564,-0.06402633,-0.02901860,-0.05981808,0.0003385101,-0.0006010765,-0.0002020852,-0.0006623856,0.0001654115,-0.0002882448,2345.08370007,2342.88132566,2343.81630161,2342.73769016,2344.67780453,2343.61436801
eth4h:row13753:1704844800,2024-01-10 00:00:00,2361.51000000,0.00520791,-0.05098613,-0.03309473,-0.06329194,-0.03883304,-0.05561721,0.0002475099,-0.0007006503,-0.0002061568,-0.0006480850,-0.0000257037,-0.0002064418,2362.09456948,2359.85598686,2361.02320880,2359.98003663,2361.44930121,2361.02253593
eth4h:row13754:1704859200,2024-01-10 04:00:00,2368.75000000,0.00331331,-0.05057651,-0.03338846,-0.06066920,-0.04007731,-0.05085111,0.0002106168,-0.0006926739,-0.0002118766,-0.0005970129,-0.0000499332,-0.0001136325,2369.24895110,2367.10979693,2368.24817046,2367.33624775,2368.63172376,2368.48084838
eth4h:row13755:1704873600,2024-01-10 08:00:00,2402.21000000,0.00164170,-0.04337291,-0.03573879,-0.05688523,-0.04213784,-0.04783798,0.0001780658,-0.0005523994,-0.0002576442,-0.0005233282,-0.0000900574,-0.0000549582,2402.63778945,2400.88338701,2401.59116423,2400.95318456,2401.99367285,2402.07798251
eth4h:row13756:1704888000,2024-01-10 12:00:00,2449.30000000,-0.00364118,-0.03915232,-0.03300872,-0.06259748,-0.04186493,-0.05210000,0.0000751931,-0.0004702126,-0.0002044820,-0.0006345620,-0.0000847432,-0.0001379517,2449.48417742,2448.14857911,2448.79921353,2447.74626030,2449.09244736,2448.96213813
eth4h:row13757:1704902400,2024-01-10 16:00:00,2477.90000000,-0.00015431,-0.04798810,-0.02451929,-0.07518323,-0.03379090,-0.05842059,0.0001430924,-0.0006422702,-0.0000391687,-0.0008796422,0.0000724811,-0.0002610317,2478.25459405,2476.30902955,2477.80294589,2475.72129300,2478.07960751,2477.25327401
eth4h:row13758:1704916800,2024-01-10 20:00:00,2584.38000000,0.00392033,-0.05412884,-0.02638921,-0.07439384,-0.03686227,-0.05644334,0.0002224371,-0.0007618479,-0.0000755812,-0.0008642705,0.0000126729,-0.0002225290,2584.95492589,2582.41184544,2584.18467672,2582.14736144,2584.41275175,2583.80496447
eth4h:row13759:1704931200,2024-01-11 00:00:00,2613.01000000,-0.00057637,-0.04912986,-0.03573665,-0.06791249,-0.04569030,-0.05180424,0.0001348737,-0.0006645035,-0.0002576024,-0.0007380603,-0.0001592339,-0.0001321925,2613.36245007,2611.27422253,2612.33696898,2611.08215267,2612.59395332,2612.66460256
eth4h:row13760:1704945600,2024-01-11 04:00:00,2589.15000000,0.00211586,-0.05337662,-0.02438154,-0.07654665,-0.03924728,-0.05406273,0.0001872989,-0.0007471999,-0.0000364863,-0.0009061920,-0.0000337701,-0.0001761718,2589.63499039,2587.21610999,2589.05553311,2586.80479582,2589.06256565,2588.69390501
eth4h:row13761:1704960000,2024-01-11 08:00:00,2657.90000000,0.01028706,-0.05765583,-0.01736322,-0.07515255,-0.03345613,-0.04961529,0.0003464154,-0.0008305283,0.0001001804,-0.0008790447,0.0000790000,-0.0000895674,2658.82089697,2655.69345530,2658.16628289,2655.56461361,2658.10998252,2657.66194949
eth4h:row13762:1704974400,2024-01-11 12:00:00,2613.19000000,0.00413109,-0.04851714,-0.02847775,-0.06888582,-0.03880971,-0.04560695,0.0002265412,-0.0006525721,-0.0001162512,-0.0007570137,-0.0000252493,-0.0000115137,2613.78206231,2611.48526149,2612.88623122,2611.21252784,2613.12401959,2613.15991276
eth4h:row13763:1704988800,2024-01-11 16:00:00,2622.07000000,-0.00113862,-0.04873753,-0.02469304,-0.07263812,-0.03703567,-0.05360485,0.0001239251,-0.0006568637,-0.0000425520,-0.0008300818,0.0000092963,-0.0001672555,2622.39496036,2620.34822307,2621.95842801,2619.89437052,2622.09437577,2621.63148105
eth4h:row13764:1705003200,2024-01-11 20:00:00,2618.01000000,0.00575937,-0.05221629,-0.02392134,-0.07244660,-0.03292696,-0.05535195,0.0002582484,-0.0007246051,-0.0000275248,-0.0008263523,0.0000893045,-0.0002012765,2618.68618433,2616.11366374,2617.93794080,2615.84749512,2618.24381049,2617.48310906
eth4h:row13765:1705017600,2024-01-12 00:00:00,2589.81000000,0.01375837,-0.05879830,-0.03268441,-0.07022366,-0.04760420,-0.04671454,0.0004140118,-0.0008527755,-0.0001981667,-0.0007830653,-0.0001965029,-0.0000330816,2590.88243376,2587.60241501,2589.29683662,2587.78280345,2589.30114473,2589.72432646
eth4h:row13766:1705032000,2024-01-12 04:00:00,2595.73000000,0.01625509,-0.06193145,-0.02759984,-0.07286280,-0.04428303,-0.04559759,0.0004626300,-0.0009137867,-0.0000991557,-0.0008344569,-0.0001318305,-0.0000113314,2596.93114035,2593.35913972,2595.47263146,2593.56487854,2595.38782629,2595.70058679
eth4h:row13767:1705046400,2024-01-12 08:00:00,2647.59000000,0.02210189,-0.06597434,-0.02156946,-0.07566108,-0.03321063,-0.05079662,0.0005764838,-0.0009925134,0.0000182730,-0.0008889473,0.0000837807,-0.0001125713,2649.11673265,2644.96353515,2647.63837982,2645.23747783,2647.81182626,2647.29197406
eth4h:row13768:1705060800,2024-01-12 12:00:00,2647.02000000,0.01875914,-0.06254672,-0.03016302,-0.06612258,-0.04494418,-0.04288451,0.0005113910,-0.0009257678,-0.0001490680,-0.0007032056,-0.0001447049,0.0000415000,2648.37400829,2644.57060813,2646.62544339,2645.15925508,2646.63699091,2647.12985363
eth4h:row13769:1705075200,2024-01-12 16:00:00,2584.43000000,0.00648231,-0.05495399,-0.03019133,-0.07190004,-0.04754537,-0.03885693,0.0002723262,-0.0007779159,-0.0001496193,-0.0008157092,-0.0001953575,0.0001199283,2585.13390394,2582.42031258,2584.04334823,2582.32271626,2583.92516154,2584.73996498
eth4h:row13770:1705089600,2024-01-12 20:00:00,2522.54000000,0.00064726,-0.05010018,-0.03311362,-0.07426158,-0.04855338,-0.04227120,0.0001587011,-0.0006833983,-0.0002065247,-0.0008616950,-0.0002149862,0.0000534427,2522.94036169,2520.81668925,2522.01908686,2520.36727611,2521.99774701,2522.67481505
eth4h:row13771:1705104000,2024-01-13 00:00:00,2548.53000000,0.00653930,-0.05008252,-0.03631690,-0.06942751,-0.04927595,-0.03772657,0.0002734358,-0.0006830545,-0.0002689016,-0.0007675619,-0.0002290567,0.0001419396,2549.22695472,2546.78980950,2547.84478843,2546.57459595,2547.94630891,2548.89176301
eth4h:row13772:1705118400,2024-01-13 04:00:00,2550.99000000,0.00676883,-0.04966792,-0.03886631,-0.07003443,-0.04753526,-0.04122821,0.0002779056,-0.0006749812,-0.0003185458,-0.0007793805,-0.0001951605,0.0000737528,2551.69903289,2549.26871080,2550.17752223,2549.00258280,2550.49219616,2551.17814948
eth4h:row13773:1705132800,2024-01-13 08:00:00,2542.50000000,0.01136185,-0.05616428,-0.02575686,-0.08198306,-0.03942333,-0.04459061,0.0003673446,-0.0008014836,-0.0000632677,-0.0010120542,-0.0000371983,0.0000082772,2543.43414527,2540.46304426,2542.33914701,2539.92815377,2542.40542513,2542.52104495
eth4h:row13774:1705147200,2024-01-13 12:00:00,2563.83000000,0.01134403,-0.05563772,-0.01972785,-0.08198534,-0.03394067,-0.04258131,0.0003669976,-0.0007912300,0.0000541343,-0.0010120986,0.0000695648,0.0000474041,2564.77109209,2561.80222318,2563.96879479,2561.23646387,2564.00835853,2563.95153882
eth4h:row13775:1705161600,2024-01-13 16:00:00,2571.91000000,0.00414939,-0.04700115,-0.02810904,-0.07722014,-0.04324788,-0.04276039,0.0002268975,-0.0006230515,-0.0001090713,-0.0009193067,-0.0001116731,0.0000439168,2572.49362628,2570.30806659,2571.62949381,2569.54671238,2571.62280296,2572.02295258
eth4h:row13776:1705176000,2024-01-13 20:00:00,2578.19000000,0.00379709,-0.04902719,-0.01852801,-0.08401410,-0.03912148,-0.04520670,0.0002200374,-0.0006625042,0.0000774986,-0.0010516044,-0.0000313203,-0.0000037198,2578.75736063,2576.48250390,2578.38981381,2575.48018912,2578.10925146,2578.18040977
eth4h:row13777:1705190400,2024-01-14 00:00:00,2550.99000000,0.00797139,-0.05203371,-0.02175125,-0.08196975,-0.04165199,-0.03909422,0.0003013227,-0.0007210497,0.0000147329,-0.0010117951,-0.0000805965,0.0001153077,2551.75878706,2549.15127249,2551.02758385,2548.41022612,2550.78440737,2551.28416575
eth4h:row13778:1705204800,2024-01-14 04:00:00,2550.83000000,0.00781668,-0.05202620,-0.02656117,-0.07968180,-0.04445162,-0.04376917,0.0002983102,-0.0007209034,-0.0000789298,-0.0009672421,-0.0001351134,0.0000242730,2551.59105210,2548.99176060,2550.62867148,2548.36392256,2550.48537193,2550.89191712
eth4h:row13779:1705219200,2024-01-14 08:00:00,2538.00000000,0.00161089,-0.04690433,-0.02265879,-0.08507827,-0.03822397,-0.04768229,0.0001774657,-0.0006211660,-0.0000029394,-0.0010723267,-0.0000138432,-0.0000519265,2538.45044791,2536.42397014,2537.99253969,2535.27989340,2537.96486609,2537.86821392
eth4h:row13780:1705233600,2024-01-14 12:00:00,2537.68000000,0.01342107,-0.05655785,-0.02338191,-0.08716935,-0.03700696,-0.04317185,0.0004074435,-0.0008091476,-0.0000170207,-0.0011130460,0.0000098554,0.0000359047,2538.71417192,2535.62747295,2537.63680723,2534.85701675,2537.70500985,2537.77111628
eth4h:row13781:1705248000,2024-01-14 16:00:00,2501.00000000,0.00633628,-0.04978175,-0.02901873,-0.08378874,-0.04458149,-0.04034599,0.0002694826,-0.0006771978,-0.0001267854,-0.0010472159,-0.0001376422,0.0000909321,2501.67406678,2499.30690177,2500.68292971,2498.38228392,2500.65578048,2501.22743164
eth4h:row13782:1705262400,2024-01-14 20:00:00,2472.87000000,0.00134004,-0.04650323,-0.02473256,-0.08810697,-0.03749535,-0.04399671,0.0001721916,-0.0006133556,-0.0000433215,-0.0011313042,0.0000003450,0.0000198422,2473.29584412,2471.35371643,2472.76287379,2470.07401352,2472.87085302,2472.91906758
eth4h:row13783:1705276800,2024-01-15 00:00:00,2503.32000000,0.01057268,-0.05451973,-0.01322934,-0.09668648,-0.02815729,-0.04823690,0.0003519773,-0.0007694595,0.0001806788,-0.0012983716,0.0001821835,-0.0000627263,2504.20126698,2501.39453741,2503.77233770,2500.07186945,2503.77610507,2503.16298098
eth4h:row13784:1705291200,2024-01-15 04:00:00,2513.29000000,-0.00187062,-0.04126245,-0.01929792,-0.08895954,-0.03960821,-0.04245131,0.0001096709,-0.0005113027,0.0000625062,-0.0011479062,-0.0000407984,0.0000499355,2513.56564981,2512.00527662,2513.44710108,2510.40663405,2513.18746390,2513.41550548
eth4h:row13785:1705305600,2024-01-15 08:00:00,2539.35000000,-0.00307177,-0.04247163,-0.01337102,-0.09549518,-0.03466149,-0.04535631,0.0000862810,-0.0005348489,0.0001779199,-0.0012751736,0.0000555284,-0.0000066330,2539.56910714,2537.99219456,2539.80184103,2536.11395171,2539.49100986,2539.33315643
eth4h:row13786:1705320000,2024-01-15 12:00:00,2514.49000000,0.00134970,-0.04513751,-0.01114335,-0.09530741,-0.03429464,-0.04561757,0.0001723796,-0.0005867611,0.0002212988,-0.0012715172,0.0000626720,-0.0000117206,2514.92348423,2513.01502782,2515.04651525,2511.29481461,2514.64759307,2514.46052894
eth4h:row13787:1705334400,2024-01-15 16:00:00,2534.70000000,0.00305612,-0.04358280,-0.01132455,-0.09495755,-0.03558745,-0.04614524,0.0002056085,-0.0005564864,0.0002177704,-0.0012647043,0.0000374972,-0.0000219957,2535.22120946,2533.28986621,2535.25204269,2531.49638024,2534.79504589,2534.64424812
eth4h:row13788:1705348800,2024-01-15 20:00:00,2511.78000000,0.00334019,-0.04210028,-0.01442274,-0.09432875,-0.03652996,-0.04588606,0.0002111403,-0.0005276176,0.0001574398,-0.0012524598,0.0000191439,-0.0000169488,2512.31039389,2510.45509012,2512.17548534,2508.63606576,2511.82808577,2511.73742869
eth4h:row13789:1705363200,2024-01-16 00:00:00,2537.60000000,0.00355370,-0.04335228,-0.01201156,-0.09643507,-0.03357408,-0.04757764,0.0002152978,-0.0005519975,0.0002043925,-0.0012934759,0.0000767032,-0.0000498887,2538.14639850,2536.19963756,2538.11871936,2534.31979743,2537.79464956,2537.47340567
eth4h:row13790:1705377600,2024-01-16 04:00:00,2528.26000000,-0.00033515,-0.03668536,-0.01390794,-0.09507886,-0.03535583,-0.05027469,0.0001395709,-0.0004221738,0.0001674645,-0.0012670666,0.0000420076,-0.0001024079,2528.61289623,2527.19286013,2528.68342937,2525.05855494,2528.36620825,2528.00109946
eth4h:row13791:1705392000,2024-01-16 08:00:00,2530.77000000,-0.00312876,-0.03495331,-0.01534006,-0.09384799,-0.03618556,-0.05095121,0.0000851714,-0.0003884458,0.0001395771,-0.0012430981,0.0000258503,-0.0001155815,2530.98555842,2529.78712381,2531.12326216,2527.62595917,2530.83542195,2530.47750665
eth4h:row13792:1705406400,2024-01-16 12:00:00,2559.44000000,-0.00818401,-0.03132957,-0.01532647,-0.09353265,-0.03831358,-0.05087919,-0.0000132686,-0.0003178814,0.0001398417,-0.0012369576,-0.0000155882,-0.0001141791,2559.40603994,2558.62653103,2559.79794152,2556.27603854,2559.40010333,2559.14778201
eth4h:row13793:1705420800,2024-01-16 16:00:00,2574.06000000,-0.00934865,-0.03156690,-0.01453224,-0.09395911,-0.03861321,-0.05142006,-0.0000359476,-0.0003225029,0.0001553077,-0.0012452619,-0.0000214229,-0.0001247114,2573.96747042,2573.22999212,2574.45980231,2570.85661611,2574.00485685,2573.73900547
eth4h:row13794:1705435200,2024-01-16 20:00:00,2587.40000000,-0.00932126,-0.03134479,-0.01063677,-0.09400883,-0.04038031,-0.04951102,-0.0000354143,-0.0003181776,0.0002311634,-0.0012462302,-0.0000558334,-0.0000875371,2587.30837078,2586.57687817,2587.99818124,2584.17751242,2587.25554058,2587.17351646
eth4h:row13795:1705449600,2024-01-17 00:00:00,2571.43000000,-0.00413202,-0.03771248,-0.00714454,-0.09609687,-0.03729955,-0.04971831,0.0000656350,-0.0004421748,0.0002991671,-0.0012868903,0.0000041578,-0.0000915736,2571.59878130,2570.29322982,2572.19940240,2568.12298013,2571.44069141,2571.19453565
eth4h:row13796:1705464000,2024-01-17 04:00:00,2552.52000000,-0.00222336,-0.03839704,-0.00519725,-0.09942257,-0.03246840,-0.05378435,0.0001028020,-0.0004555051,0.0003370863,-0.0013516511,0.0000982340,-0.0001707509,2552.78241768,2551.35757887,2553.38056447,2549.07221418,2552.77075649,2552.08419222
eth4h:row13797:1705478400,2024-01-17 08:00:00,2542.85000000,-0.00281214,-0.03821526,-0.00577172,-0.09903057,-0.03028084,-0.05646300,0.0000913369,-0.0004519653,0.0003258997,-0.0013440176,0.0001408319,-0.0002229117,2543.08226663,2541.70097960,2543.67884914,2539.43466038,2543.20813969,2542.28323206
eth4h:row13798:1705492800,2024-01-17 12:00:00,2539.46000000,0.00113768,-0.04213989,-0.00626984,-0.10153298,-0.02874123,-0.05918904,0.0001682511,-0.0005283889,0.0003162000,-0.0013927467,0.0001708125,-0.0002759956,2539.88730295,2538.11853195,2540.26310417,2535.92563726,2539.89380859,2538.75921683
eth4h:row13799:1705507200,2024-01-17 16:00:00,2533.29000000,0.00243712,-0.04309590,-0.00932827,-0.09785753,-0.03122851,-0.05757757,0.0001935549,-0.0005470052,0.0002566436,-0.0013211753,0.0001223781,-0.0002446157,2533.78037823,2531.90465611,2533.94023609,2529.94528969,2533.60003824,2532.67039323
eth4h:row13800:1705521600,2024-01-17 20:00:00,2530.19000000,0.00266005,-0.04428156,-0.01027342,-0.09419443,-0.03205422,-0.05464602,0.0001978958,-0.0005700933,0.0002382388,-0.0012498442,0.0001062993,-0.0001875301,2530.69076363,2528.74796675,2530.79286130,2527.02963203,2530.45897181,2529.71555767
eth4h:row13801:1705536000,2024-01-18 00:00:00,2529.94000000,-0.00038068,-0.04207584,-0.01361152,-0.08859642,-0.03512711,-0.05388653,0.0001386842,-0.0005271418,0.0001732366,-0.0011408351,0.0000464613,-0.0001727405,2530.29088698,2528.60671442,2530.37831608,2527.05540138,2530.05754713,2529.50301453
eth4h:row13802:1705550400,2024-01-18 04:00:00,2538.99000000,-0.00021075,-0.04219636,-0.00878927,-0.09047978,-0.03267500,-0.05330589,0.0001419933,-0.0005294886,0.0002671395,-0.0011775094,0.0000942109,-0.0001614339,2539.35054504,2537.64598949,2539.66835525,2536.00207484,2539.22921190,2538.58015412
eth4h:row13803:1705564800,2024-01-18 08:00:00,2522.41000000,-0.00174271,-0.04075278,-0.01156774,-0.08860439,-0.03363565,-0.05502681,0.0001121617,-0.0005013780,0.0002130348,-0.0011409903,0.0000755042,-0.0001949451,2522.69293358,2521.14563600,2522.94741845,2519.53359584,2522.60045986,2521.91831655
eth4h:row13804:1705579200,2024-01-18 12:00:00,2525.64000000,0.00106485,-0.04581100,-0.01307896,-0.08848232,-0.03565793,-0.05645844,0.0001668328,-0.0005998758,0.0001836072,-0.0011386133,0.0000361247,-0.0002228229,2526.06139471,2524.12538393,2526.10376818,2522.76590929,2525.73123961,2525.07729215
eth4h:row13805:1705593600,2024-01-18 16:00:00,2439.50000000,0.00127770,-0.04672964,-0.01555744,-0.08689429,-0.03751887,-0.05606838,0.0001709775,-0.0006177644,0.0001353441,-0.0011076898,-0.0000001131,-0.0002152275,2439.91713538,2437.99342916,2439.83019432,2436.79928678,2439.49972415,2438.97500898
eth4h:row13806:1705608000,2024-01-18 20:00:00,2470.81000000,0.00631029,-0.05036822,-0.02161494,-0.08339332,-0.03928137,-0.05339304,0.0002689765,-0.0006886179,0.0000173874,-0.0010395160,-0.0000344338,-0.0001631311,2471.47467931,2469.10914172,2470.85296132,2468.24288796,2470.72492197,2470.40696704
eth4h:row13807:1705622400,2024-01-19 00:00:00,2460.40000000,0.00755073,-0.04711945,-0.02113440,-0.08438055,-0.03566314,-0.05283555,0.0002931313,-0.0006253552,0.0000267447,-0.0010587402,0.0000360233,-0.0001522750,2461.12132591,2458.86185709,2460.46580361,2457.79645406,2460.48863326,2460.02537111
eth4h:row13808:1705636800,2024-01-19 04:00:00,2465.51000000,0.00176797,-0.04452091,-0.02346167,-0.08014674,-0.03293980,-0.05354034,0.0001805247,-0.0005747543,-0.0000185737,-0.0009762960,0.0000890545,-0.0001659994,2465.95512551,2464.09334479,2465.46420679,2463.10410716,2465.72957456,2465.10076088
eth4h:row13809:1705651200,2024-01-19 08:00:00,2488.97000000,0.00125707,-0.04290560,-0.02141395,-0.08247131,-0.03072610,-0.05529297,0.0001705760,-0.0005432995,0.0000213012,-0.0010215619,0.0001321614,-0.0002001280,2489.39459464,2487.61811118,2489.02301856,2486.42866145,2489.29896755,2488.47193714
eth4h:row13810:1705665600,2024-01-19 12:00:00,2462.98000000,-0.01061450,-0.02943802,-0.02936861,-0.07475245,-0.03793526,-0.05351045,-0.0000605973,-0.0002810475,-0.0001335986,-0.0008712537,-0.0000082214,-0.0001654173,2462.83075446,2462.28788294,2462.65097134,2460.83505404,2462.95975098,2462.57261423
eth4h:row13811:1705680000,2024-01-19 16:00:00,2493.37000000,-0.00793775,-0.03216687,-0.02372762,-0.07920198,-0.03827579,-0.05324929,-0.0000084733,-0.0003341859,-0.0000237526,-0.0009578987,-0.0000148524,-0.0001603318,2493.34887296,2492.53689012,2493.31077665,2490.98274758,2493.33296763,2492.97026554
eth4h:row13812:1705694400,2024-01-19 20:00:00,2492.00000000,-0.00513374,-0.03379726,-0.02222731,-0.07992080,-0.03588722,-0.05480442,0.0000461287,-0.0003659343,0.0000054627,-0.0009718961,0.0000316599,-0.0001906146,2492.11495546,2491.08825848,2492.01361297,2489.57921137,2492.07889766,2491.52503369
eth4h:row13813:1705708800,2024-01-20 00:00:00,2481.22000000,0.00129504,-0.04150829,-0.01633319,-0.08438301,-0.03266941,-0.05497923,0.0001713153,-0.0005160898,0.0001202380,-0.0010587881,0.0000943198,-0.0001940186,2481.64510736,2479.93979793,2481.51835485,2478.59430409,2481.45403909,2480.73864397
eth4h:row13814:1705723200,2024-01-20 04:00:00,2478.47000000,0.00227393,-0.04493916,-0.01413354,-0.08574797,-0.02908283,-0.05672992,0.0001903770,-0.0005828987,0.0001630714,-0.0010853678,0.0001641607,-0.0002281095,2478.94188863,2477.02572406,2478.87420054,2475.78140788,2478.87690078,2477.90470188
eth4h:row13815:1705737600,2024-01-20 08:00:00,2470.59000000,-0.00100588,-0.03669386,-0.01479992,-0.08889726,-0.02427702,-0.06131614,0.0001265099,-0.0004223392,0.0001500951,-0.0011466933,0.0002577433,-0.0003174162,2470.90257384,2469.54679330,2470.96085127,2467.75861467,2471.22686019,2469.80591906
eth4h:row13816:1705752000,2024-01-20 12:00:00,2463.83000000,-0.00557147,-0.03387523,-0.01763275,-0.08617346,-0.02578023,-0.06346061,0.0000376048,-0.0003674525,0.0000949319,-0.0010936532,0.0002284716,-0.0003591752,2463.92265348,2462.92482585,2464.06390709,2461.13689732,2464.39297958,2462.94521233
eth4h:row13817:1705766400,2024-01-20 16:00:00,2461.52000000,-0.00852441,-0.03383194,-0.02247050,-0.08391272,-0.03090373,-0.06077889,-0.0000198972,-0.0003666096,0.0000007271,-0.0010496301,0.0001287026,-0.0003069545,2461.47102304,2460.61774866,2461.52178980,2458.93767000,2461.83682446,2460.76454125
eth4h:row13818:1705780800,2024-01-20 20:00:00,2472.01000000,-0.01026278,-0.03248233,-0.02242115,-0.08499075,-0.03012294,-0.06323137,-0.0000537482,-0.0003403288,0.0000016881,-0.0010706226,0.0001439067,-0.0003547112,2471.87713742,2471.16884706,2472.01417312,2469.36482650,2472.36576438,2471.13330578
eth4h:row13819:1705795200,2024-01-21 00:00:00,2475.42000000,-0.01155325,-0.03274183,-0.01720956,-0.08299638,-0.02850398,-0.06214098,-0.0000788773,-0.0003453820,0.0001031726,-0.0010317865,0.0001754326,-0.0003334782,2475.22475314,2474.56518205,2475.67540879,2472.86721222,2475.85430738,2474.59463904
eth4h:row13820:1705809600,2024-01-21 04:00:00,2476.06000000,-0.01271503,-0.03279896,-0.01234260,-0.08655784,-0.02512056,-0.06556945,-0.0001015006,-0.0003464945,0.0001979461,-0.0011011381,0.0002413174,-0.0004002403,2475.80869123,2475.20220737,2476.55017495,2473.33501656,2476.65758839,2475.06917925
eth4h:row13821:1705824000,2024-01-21 08:00:00,2473.65000000,-0.01038664,-0.03349385,-0.01039853,-0.08705248,-0.02227256,-0.06462478,-0.0000561601,-0.0003600259,0.0002358026,-0.0011107702,0.0002967759,-0.0003818448,2473.51108347,2472.75958215,2474.23336181,2470.90386868,2474.38422855,2472.70562984
eth4h:row13822:1705838400,2024-01-21 12:00:00,2468.01000000,-0.00797691,-0.03606008,-0.00615087,-0.08747397,-0.01935073,-0.06402909,-0.0000092359,-0.0004099978,0.0003185167,-0.0011189779,0.0003536723,-0.0003702451,2467.98720585,2466.99832878,2468.79622756,2465.24989585,2468.88302109,2467.09640057
eth4h:row13823:1705852800,2024-01-21 16:00:00,2474.26000000,-0.00251787,-0.04284656,-0.00974753,-0.08831146,-0.02062307,-0.06867488,0.0000970671,-0.0005421498,0.0002484794,-0.0011352862,0.0003288961,-0.0004607119,2474.50018098,2472.91894393,2474.87487910,2471.45260062,2475.07390841,2473.12034153
eth4h:row13824:1705867200,2024-01-21 20:00:00,2457.05000000,0.00256504,-0.04780209,-0.00731608,-0.09003595,-0.01708238,-0.06817158,0.0001960457,-0.0006386481,0.0002958267,-0.0011688668,0.0003978435,-0.0004509112,2457.53174139,2455.48131073,2457.77696854,2454.17971371,2458.02771591,2455.94233842
eth4h:row13825:1705881600,2024-01-22 00:00:00,2437.56000000,0.00437302,-0.05041829,-0.00979903,-0.08592427,-0.02123306,-0.06496083,0.0002312524,-0.0006895929,0.0002474766,-0.0010888007,0.0003170180,-0.0003883887,2438.12375675,2435.87965549,2438.16331374,2434.90742719,2438.33287283,2436.61346306
eth4h:row13826:1705896000,2024-01-22 04:00:00,2420.80000000,0.00671662,-0.05165587,-0.01362428,-0.08434185,-0.02200004,-0.06605633,0.0002768888,-0.0007136922,0.0001729882,-0.0010579866,0.0003020826,-0.0004097213,2421.47038530,2419.07291037,2421.21880602,2418.24018029,2421.53139201,2419.80834992
eth4h:row13827:1705910400,2024-01-22 08:00:00,2381.34000000,0.00018908,-0.04880755,-0.01661375,-0.07681598,-0.02364970,-0.06237922,0.0001497790,-0.0006582272,0.0001147747,-0.0009114365,0.0002699591,-0.0003381174,2381.69670153,2379.77305311,2381.61333330,2379.17054869,2381.98295123,2380.53496362
eth4h:row13828:1705924800,2024-01-22 12:00:00,2379.61000000,0.00402738,-0.05824022,-0.01493087,-0.07698148,-0.03144533,-0.05862861,0.0002245217,-0.0008419081,0.0001475451,-0.0009146594,0.0001181560,-0.0002650824,2380.14433395,2377.60743020,2379.96112570,2377.43446252,2379.89118188,2378.97929081
eth4h:row13829:1705939200,2024-01-22 16:00:00,2321.87000000,-0.00386642,-0.05274647,-0.02195844,-0.07425404,-0.03606319,-0.05772815,0.0000708069,-0.0007349293,0.0000106984,-0.0008615482,0.0000282331,-0.0002475479,2322.03441032,2320.16421667,2321.89484053,2319.87045859,2321.93555460,2321.29529717
eth4h:row13830:1705953600,2024-01-22 20:00:00,2314.20000000,-0.00405722,-0.05322920,-0.01924553,-0.07391018,-0.03235363,-0.05952504,0.0000670916,-0.0007443293,0.0000635264,-0.0008548523,0.0001004688,-0.0002825383,2314.35526865,2312.47811413,2314.34701750,2312.22254621,2314.43251668,2313.54624212
eth4h:row13831:1705968000,2024-01-23 00:00:00,2339.16000000,0.00776673,-0.05894208,-0.02213254,-0.07391250,-0.02995123,-0.06219056,0.0002973376,-0.0008555753,0.0000073081,-0.0008548975,0.0001472504,-0.0003344436,2339.85562352,2337.15952840,2339.17709493,2337.16111242,2339.50446771,2338.37781375
eth4h:row13832:1705982400,2024-01-23 04:00:00,2323.49000000,0.01013548,-0.06310119,-0.02574595,-0.07439747,-0.03050373,-0.06080272,0.0003434638,-0.0009365649,-0.0000630553,-0.0008643413,0.0001364917,-0.0003074185,2324.28817178,2321.31491946,2323.34349631,2321.48257921,2323.80715884,2322.77582596
eth4h:row13833:1705996800,2024-01-23 08:00:00,2218.14000000,0.00786687,-0.06538993,-0.02238944,-0.07431345,-0.02966091,-0.05927675,0.0002992875,-0.0009811333,0.0000023056,-0.0008627051,0.0001529038,-0.0002777036,2218.80396088,2215.96477631,2218.14511421,2216.22722454,2218.47918793,2217.52410013
eth4h:row13834:1706011200,2024-01-23 12:00:00,2219.39000000,0.00612421,-0.05897488,-0.02736869,-0.07044142,-0.02970226,-0.06091277,0.0002653529,-0.0008562139,-0.0000946546,-0.0007873058,0.0001520986,-0.0003095614,2219.97899976,2217.49054061,2219.17993454,2217.64334900,2219.72759172,2218.70306887
eth4h:row13835:1706025600,2024-01-23 16:00:00,2185.70000000,0.00017197,-0.04533365,-0.03082063,-0.06474894,-0.03075393,-0.05723169,0.0001494459,-0.0005905806,-0.0001618737,-0.0006764570,0.0001316197,-0.0002378803,2186.02666837,2184.40954909,2185.34622127,2184.22196783,2185.98770006,2185.18012678
eth4h:row13836:1706040000,2024-01-23 20:00:00,2242.60000000,0.00368185,-0.04923314,-0.02992233,-0.06210527,-0.03729600,-0.04760868,0.0002177932,-0.0006665146,-0.0001443812,-0.0006249773,0.0000042270,-0.0000504931,2243.08847631,2241.10577229,2242.27623404,2241.19886390,2242.60947941,2242.48676706
eth4h:row13837:1706054400,2024-01-24 00:00:00,2213.45000000,0.00696314,-0.05570659,-0.03020736,-0.06318027,-0.03743093,-0.04894760,0.0002816894,-0.0007925711,-0.0001499316,-0.0006459105,0.0000015993,-0.0000765655,2214.07359317,2211.69637846,2213.11815888,2212.02077108,2213.45354008,2213.28053248
eth4h:row13838:1706068800,2024-01-24 04:00:00,2234.51000000,0.00051553,-0.04867648,-0.02876314,-0.06289820,-0.03542031,-0.05567496,0.0001561360,-0.0006556748,-0.0001218085,-0.0006404179,0.0000407520,-0.0002075665,2234.85891477,2233.04536824,2234.23783431,2233.07943796,2234.60106260,2234.04623872
eth4h:row13839:1706083200,2024-01-24 08:00:00,2244.16000000,-0.00133555,-0.04616402,-0.03116360,-0.06322621,-0.03990714,-0.05473568,0.0001200902,-0.0006067502,-0.0001685522,-0.0006468051,-0.0000466193,-0.0001892761,2244.42951784,2242.79876847,2243.78177375,2242.70893528,2244.05538126,2243.73527445
eth4h:row13840:1706097600,2024-01-24 12:00:00,2234.88000000,0.00372834,-0.04819490,-0.03933122,-0.06360111,-0.04834237,-0.04809960,0.0002186986,-0.0006462972,-0.0003275991,-0.0006541054,-0.0002108773,-0.0000600527,2235.36881849,2233.43606999,2234.14797534,2233.41863092,2234.40876429,2234.74579352
eth4h:row13841:1706112000,2024-01-24 16:00:00,2213.13000000,0.00078268,-0.04823838,-0.04170915,-0.05823340,-0.04918566,-0.04425552,0.0001613382,-0.0006471439,-0.0003739041,-0.0005495809,-0.0002272986,0.0000148025,2213.48709114,2211.69824975,2212.30265641,2211.91404021,2212.62701581,2213.16276016
eth4h:row13842:1706126400,2024-01-24 20:00:00,2235.02000000,0.00102897,-0.04637866,-0.03794804,-0.06159969,-0.04113808,-0.05229304,0.0001661341,-0.0006109298,-0.0003006645,-0.0006151321,-0.0000705894,-0.0001417109,2235.39134380,2233.65497673,2234.34810983,2233.64559012,2234.86223695,2234.70329584
eth4h:row13843:1706140800,2024-01-25 00:00:00,2216.88000000,-0.00702195,-0.04338279,-0.03387621,-0.06407446,-0.03734579,-0.05759593,0.0000093598,-0.0005525918,-0.0002213744,-0.0006633229,0.0000032574,-0.0002449732,2216.90074969,2215.65530868,2216.38929388,2215.40998039,2216.88722121,2216.33699031
eth4h:row13844:1706155200,2024-01-25 04:00:00,2227.64000000,-0.01676880,-0.03262717,-0.03377565,-0.06549999,-0.04343179,-0.04922087,-0.0001804390,-0.0003431492,-0.0002194163,-0.0006910821,-0.0001152543,-0.0000818869,2227.23808312,2226.87571829,2227.15127303,2226.10104975,2227.38326966,2227.45759285
eth4h:row13845:1706169600,2024-01-25 08:00:00,2231.59000000,-0.01576554,-0.03577654,-0.03702381,-0.06390995,-0.04583503,-0.04766507,-0.0001609026,-0.0004044765,-0.0002826671,-0.0006601194,-0.0001620523,-0.0000515911,2231.23096030,2230.68755689,2230.95929200,2230.11737022,2231.22839498,2231.47487282
eth4h:row13846:1706184000,2024-01-25 12:00:00,2188.00000000,-0.01627781,-0.03606394,-0.02998647,-0.06555484,-0.04015407,-0.05461194,-0.0001708780,-0.0004100729,-0.0001456301,-0.0006921502,-0.0000514278,-0.0001868665,2187.62615094,2187.10294436,2187.68138453,2186.48609938,2187.88747881,2187.59117430
eth4h:row13847:1706198400,2024-01-25 16:00:00,2218.21000000,-0.00446122,-0.04724655,-0.01867243,-0.07230346,-0.02976015,-0.05973648,0.0000592246,-0.0006278300,0.0000746863,-0.0008235649,0.0001509713,-0.0002866558,2218.34137647,2216.81777823,2218.37567602,2216.38391212,2218.54491125,2217.57422830
eth4h:row13848:1706212800,2024-01-25 20:00:00,2218.64000000,0.00041200,-0.04708739,-0.01773879,-0.07787789,-0.02836368,-0.05766181,0.0001541199,-0.0006247307,0.0000928670,-0.0009321150,0.0001781645,-0.0002462560,2218.98196304,2217.25438024,2218.84604808,2216.57293591,2219.03531810,2218.09371377
eth4h:row13849:1706227200,2024-01-26 00:00:00,2223.42000000,-0.00385957,-0.04887483,-0.01898142,-0.07615952,-0.03228189,-0.05495211,0.0000709404,-0.0006595373,0.0000686694,-0.0008986534,0.0001018659,-0.0001934905,2223.57773593,2221.95405514,2223.57268605,2221.42281356,2223.64650212,2222.98983108
eth4h:row13850:1706241600,2024-01-26 04:00:00,2197.47000000,0.00303281,-0.05497830,-0.01404175,-0.07968256,-0.02564084,-0.06130969,0.0002051547,-0.0007783892,0.0001648588,-0.0009672569,0.0002311860,-0.0003172906,2197.92086751,2195.76017869,2197.83230222,2195.34550952,2197.97808305,2196.77287404
eth4h:row13851:1706256000,2024-01-26 08:00:00,2254.02000000,0.00570131,-0.05097385,-0.02396866,-0.06903072,-0.02743480,-0.05927620,0.0002571180,-0.0007004112,-0.0000284464,-0.0007598353,0.0001962524,-0.0002776928,2254.59962353,2252.44181194,2253.95588222,2252.30796647,2254.46240026,2253.39416171
eth4h:row13852:1706270400,2024-01-26 12:00:00,2257.90000000,-0.00139682,-0.04254897,-0.02379152,-0.06950909,-0.03164631,-0.05706031,0.0001188970,-0.0005363549,-0.0000249969,-0.0007691506,0.0001142424,-0.0002345431,2258.16847360,2256.68928902,2257.84356031,2256.16400258,2258.15796263,2257.37048719
eth4h:row13853:1706284800,2024-01-26 16:00:00,2258.51000000,0.00018985,-0.04864204,-0.02569279,-0.07106452,-0.03434508,-0.05497170,0.0001497941,-0.0006550043,-0.0000620200,-0.0007994392,0.0000616898,-0.0001938720,2258.84833687,2257.03115071,2258.36993164,2256.70518010,2258.64933130,2258.07218054
eth4h:row13854:1706299200,2024-01-26 20:00:00,2267.68000000,-0.00022208,-0.04486747,-0.02748140,-0.06582581,-0.02918961,-0.05852547,0.0001417727,-0.0005815027,-0.0000968494,-0.0006974266,0.0001620814,-0.0002630739,2268.00151796,2266.36172131,2267.46038720,2266.09901103,2268.04757845,2267.08351109
eth4h:row13855:1706313600,2024-01-27 00:00:00,2274.13000000,-0.00735896,-0.03354010,-0.03780076,-0.05643039,-0.03730440,-0.05499869,0.0000027974,-0.0003609266,-0.0002977965,-0.0005144712,0.0000040633,-0.0001943975,2274.13636161,2273.30935407,2273.45287291,2272.96032662,2274.13924051,2273.68795774
eth4h:row13856:1706328000,2024-01-27 04:00:00,2258.45000000,-0.00658893,-0.03866936,-0.03604397,-0.06099847,-0.03891808,-0.05517287,0.0000177921,-0.0004608079,-0.0002635868,-0.0006034247,-0.0000273596,-0.0001977893,2258.49018292,2257.40952809,2257.85478073,2257.08760649,2258.38821066,2258.00334695
eth4h:row13857:1706342400,2024-01-27 08:00:00,2265.48000000,-0.00804954,-0.03419927,-0.03645888,-0.06066759,-0.04027224,-0.05114221,-0.0000106502,-0.0003737625,-0.0002716663,-0.0005969816,-0.0000537289,-0.0001193009,2265.45587239,2264.63340680,2264.86462906,2264.12795382,2265.35828162,2265.20974232
eth4h:row13858:1706356800,2024-01-27 12:00:00,2270.18000000,-0.00230729,-0.03954597,-0.03278955,-0.06223263,-0.03734696,-0.05367171,0.0001011678,-0.0004778779,-0.0002002142,-0.0006274573,0.0000032346,-0.0001685575,2270.40968070,2269.09539027,2269.72552328,2268.75600574,2270.18734311,2269.79737642
eth4h:row13859:1706371200,2024-01-27 16:00:00,2272.69000000,-0.00825172,-0.03544217,-0.03253653,-0.06297365,-0.03582017,-0.05938389,-0.0000145872,-0.0003979654,-0.0001952871,-0.0006418870,0.0000329655,-0.0002797899,2272.65684814,2271.78572799,2272.24621624,2271.23165791,2272.76492156,2272.05421330
eth4h:row13860:1706385600,2024-01-27 20:00:00,2267.94000000,-0.00458615,-0.04115091,-0.02613797,-0.07037228,-0.02919202,-0.06176718,0.0000567918,-0.0005091307,-0.0000706890,-0.0007859594,0.0001620345,-0.0003261993,2268.06880411,2266.78561590,2267.77968722,2266.15819145,2268.30751430,2267.20032014
eth4h:row13861:1706400000,2024-01-28 00:00:00,2287.17000000,-0.00363277,-0.03792301,-0.03136870,-0.06555694,-0.03777649,-0.05364529,0.0000753568,-0.0004462743,-0.0001725461,-0.0006921911,-0.0000051295,-0.0001680430,2287.34236023,2286.14952257,2286.77539182,2285.58738908,2287.15826799,2286.78568935
eth4h:row13862:1706414400,2024-01-28 04:00:00,2282.92000000,-0.00645994,-0.04030702,-0.03237745,-0.06514829,-0.03778297,-0.05575836,0.0000203038,-0.0004926977,-0.0001921893,-0.0006842335,-0.0000052557,-0.0002091906,2282.96635240,2281.79548768,2282.48128938,2281.35848386,2282.90800163,2282.44248462
eth4h:row13863:1706428800,2024-01-28 08:00:00,2281.08000000,-0.00524955,-0.04350260,-0.02636894,-0.06748319,-0.03193416,-0.06153066,0.0000438735,-0.0005549248,-0.0000751866,-0.0007297005,0.0001086372,-0.0003215935,2281.18008127,2279.81452338,2280.90849975,2279.41610187,2281.32782364,2280.34653745
eth4h:row13864:1706443200,2024-01-28 12:00:00,2270.17000000,0.00319780,-0.04891649,-0.02458360,-0.06712948,-0.03114262,-0.05644538,0.0002083674,-0.0006603486,-0.0000404210,-0.0007228128,0.0001240506,-0.0002225688,2270.64307876,2268.67139134,2270.07823927,2268.52968494,2270.45163353,2269.66478730
eth4h:row13865:1706457600,2024-01-28 16:00:00,2253.89000000,-0.00473242,-0.04234441,-0.03085169,-0.06636098,-0.03990802,-0.05241736,0.0000539435,-0.0005323715,-0.0001624784,-0.0007078480,-0.0000466366,-0.0001441317,2254.01158608,2252.69041263,2253.52382127,2252.29515304,2253.78488875,2253.56516635
eth4h:row13866:1706472000,2024-01-28 20:00:00,2256.90000000,-0.00210493,-0.04631825,-0.02262601,-0.07276659,-0.03119460,-0.05988324,0.0001051083,-0.0006097534,-0.0000023011,-0.0008325833,0.0001230384,-0.0002895137,2257.13723131,2255.52426693,2256.89480670,2255.02172469,2257.17770244,2256.24669113
eth4h:row13867:1706486400,2024-01-29 00:00:00,2272.11000000,0.00520606,-0.05260751,-0.02310791,-0.06973286,-0.02802686,-0.06117324,0.0002474739,-0.0007322232,-0.0000116851,-0.0007735080,0.0001847235,-0.0003146335,2272.67235758,2270.44691737,2272.08345030,2270.35318417,2272.52975077,2271.39523046
eth4h:row13868:1706500800,2024-01-29 04:00:00,2259.40000000,0.00242616,-0.05359578,-0.03337338,-0.06302996,-0.04142463,-0.05320542,0.0001933414,-0.0007514677,-0.0002115830,-0.0006429836,-0.0000761693,-0.0001594775,2259.83687772,2257.70277171,2258.92200004,2257.94770991,2259.22790968,2259.03970516
eth4h:row13869:1706515200,2024-01-29 08:00:00,2264.17000000,0.00122876,-0.05389187,-0.02698257,-0.07066077,-0.03761666,-0.05401235,0.0001700246,-0.0007572333,-0.0000871357,-0.0007915771,-0.0000020172,-0.0001751907,2264.55499740,2262.45614401,2263.97271848,2262.37844406,2264.16543281,2263.77337317
eth4h:row13870:1706529600,2024-01-29 12:00:00,2275.80000000,0.00675757,-0.05492805,-0.02824303,-0.06568360,-0.03591155,-0.05180591,0.0002776862,-0.0007774107,-0.0001116805,-0.0006946575,0.0000311862,-0.0001322250,2276.43204605,2274.03145620,2275.54585180,2274.21964737,2275.87097461,2275.49910229
eth4h:row13871:1706544000,2024-01-29 16:00:00,2293.46000000,0.00867666,-0.05448695,-0.03201893,-0.06195863,-0.03803165,-0.05252550,0.0003150564,-0.0007688212,-0.0001852079,-0.0006221217,-0.0000100982,-0.0001462375,2294.18268301,2291.69741703,2293.03527254,2292.03363247,2293.43684032,2293.12463472
eth4h:row13872:1706558400,2024-01-29 20:00:00,2317.60000000,0.00041045,-0.04869546,-0.03507474,-0.06368491,-0.04003230,-0.05296365,0.0001540898,-0.0006560445,-0.0002447132,-0.0006557373,-0.0000490567,-0.0001547696,2317.95714597,2316.08004988,2317.03292215,2316.08076139,2317.48630894,2317.24133379
eth4h:row13873:1706572800,2024-01-30 00:00:00,2311.40000000,0.00707919,-0.05639283,-0.02747491,-0.06907307,-0.03546867,-0.05429471,0.0002839492,-0.0008059342,-0.0000967229,-0.0007606600,0.0000398103,-0.0001806891,2312.05641338,2309.53791408,2311.17644554,2309.64247902,2311.49201926,2310.98239291
eth4h:row13874:1706587200,2024-01-30 04:00:00,2309.29000000,0.00295789,-0.05047891,-0.03813865,-0.06098874,-0.04464282,-0.05116948,0.0002036957,-0.0006907733,-0.0003043763,-0.0006032353,-0.0001388366,-0.0001198319,2309.76044040,2307.69535506,2308.58721374,2307.89737493,2308.96940838,2309.01328996
eth4h:row13875:1706601600,2024-01-30 08:00:00,2314.01000000,0.00610061,-0.05016160,-0.03100958,-0.06919351,-0.03720264,-0.05432480,0.0002648933,-0.0006845944,-0.0001655530,-0.0007630054,0.0000060449,-0.0001812750,2314.62304693,2312.42638379,2313.62694033,2312.24507124,2314.02398792,2313.59056594
eth4h:row13876:1706616000,2024-01-30 12:00:00,2340.91000000,0.01119883,-0.05493459,-0.02477315,-0.07093637,-0.03259039,-0.05310652,0.0003641702,-0.0007775381,-0.0000441120,-0.0007969437,0.0000958585,-0.0001575517,2341.76264488,2339.09056070,2340.80674016,2339.04516959,2341.13440690,2340.54121469
eth4h:row13877:1706630400,2024-01-30 16:00:00,2374.93000000,0.00751288,-0.05393134,-0.02940628,-0.06867009,-0.03739302,-0.05073240,0.0002923942,-0.0007580020,-0.0001343321,-0.0007528130,0.0000023377,-0.0001113207,2375.62451741,2373.13048048,2374.61099203,2373.14279467,2374.93555183,2374.66563585
eth4h:row13878:1706644800,2024-01-30 20:00:00,2343.01000000,0.00204868,-0.05147989,-0.02999588,-0.06898361,-0.03890070,-0.05000428,0.0001859908,-0.0007102653,-0.0001458135,-0.0007589181,-0.0000270211,-0.0000971422,2343.44581891,2341.34643219,2342.66838244,2341.23252184,2342.94669021,2342.78240585
eth4h:row13879:1706659200,2024-01-31 00:00:00,2342.91000000,-0.00079267,-0.04884407,-0.02654174,-0.07090597,-0.03828212,-0.05109072,0.0001306616,-0.0006589384,-0.0000785514,-0.0007963518,-0.0000149756,-0.0001182984,2343.21614840,2341.36667527,2342.72596835,2341.04496210,2342.87491372,2342.63285396
eth4h:row13880:1706673600,2024-01-31 04:00:00,2340.84000000,0.00038202,-0.04568262,-0.03555193,-0.06726480,-0.04387591,-0.04893049,0.0001535361,-0.0005973760,-0.0002540055,-0.0007254478,-0.0001239026,-0.0000762324,2341.19943111,2339.44205587,2340.24548926,2339.14245853,2340.54998173,2340.66155887
eth4h:row13881:1706688000,2024-01-31 08:00:00,2300.18000000,-0.00191074,-0.04448602,-0.03557703,-0.06768091,-0.04256157,-0.05001094,0.0001088897,-0.0005740747,-0.0002544941,-0.0007335508,-0.0000983087,-0.0000972719,2300.43047963,2298.85990385,2299.59469214,2298.49331991,2299.95388350,2299.95626793
eth4h:row13882:1706702400,2024-01-31 12:00:00,2329.42000000,0.00342245,-0.04856071,-0.03237119,-0.06937298,-0.03758459,-0.05262347,0.0002127420,-0.0006534205,-0.0001920674,-0.0007665002,-0.0000013927,-0.0001481453,2329.91561817,2327.89840634,2328.97263727,2327.63518322,2329.41675578,2329.07493286
eth4h:row13883:1706716800,2024-01-31 16:00:00,2323.38000000,0.00324030,-0.04960105,-0.03061828,-0.07172461,-0.03669573,-0.05470898,0.0002091950,-0.0006736789,-0.0001579332,-0.0008122931,0.0000159159,-0.0001887561,2323.86609028,2321.81531506,2323.01309008,2321.49350087,2323.41697908,2322.94148930
eth4h:row13884:1706731200,2024-01-31 20:00:00,2283.14000000,-0.00526725,-0.04533683,-0.03233215,-0.06774946,-0.04261443,-0.04902161,0.0000435288,-0.0005906424,-0.0001913072,-0.0007348855,-0.0000993380,-0.0000780068,2283.23938457,2281.79187888,2282.70326070,2281.46276980,2282.91320864,2282.96190648
eth4h:row13885:1706745600,2024-02-01 00:00:00,2257.21000000,-0.00175910,-0.04471210,-0.03036043,-0.06831516,-0.03939346,-0.04878778,0.0001118425,-0.0005784771,-0.0001529122,-0.0007459015,-0.0000366166,-0.0000734535,2257.46246609,2255.90463328,2256.86487153,2255.52697150,2257.12735007,2257.04420612
eth4h:row13886:1706760000,2024-02-01 04:00:00,2271.96000000,-0.00173979,-0.04065093,-0.03285732,-0.06584930,-0.03991813,-0.04910583,0.0001122185,-0.0004993947,-0.0002015339,-0.0006978842,-0.0000468334,-0.0000796468,2272.21497034,2270.82567838,2271.50216927,2270.37498817,2271.85359877,2271.77905277
eth4h:row13887:1706774400,2024-02-01 08:00:00,2266.66000000,-0.00185143,-0.04800405,-0.03094181,-0.06385690,-0.04171136,-0.04901650,0.0001100446,-0.0006425807,-0.0001642334,-0.0006590864,-0.0000817527,-0.0000779073,2266.90944742,2265.20395585,2266.28776940,2265.16656738,2266.47470202,2266.48341756
eth4h:row13888:1706788800,2024-02-01 12:00:00,2288.88000000,0.00339581,-0.05524628,-0.02725711,-0.07159354,-0.04086635,-0.05127647,0.0002122232,-0.0007836076,-0.0000924818,-0.0008097407,-0.0000652980,-0.0001219153,2289.36580493,2287.08711890,2288.66833007,2287.02735081,2288.73054560,2288.60096749
eth4h:row13889:1706803200,2024-02-01 16:00:00,2304.79000000,0.00062711,-0.04976840,-0.03107890,-0.07127737,-0.04254283,-0.05047911,0.0001583088,-0.0006769378,-0.0001669029,-0.0008035840,-0.0000979438,-0.0001063884,2305.15489745,2303.23032858,2304.40535597,2302.93865170,2304.56427123,2304.54481006
eth4h:row13890:1706817600,2024-02-01 20:00:00,2304.28000000,-0.00082623,-0.04819059,-0.03443035,-0.06834817,-0.04550583,-0.04824706,0.0001300082,-0.0006462133,-0.0002321651,-0.0007465442,-0.0001556418,-0.0000629242,2304.57959467,2302.79142457,2303.74508860,2302.56039511,2303.92138567,2304.13500965
eth4h:row13891:1706832000,2024-02-02 00:00:00,2301.66000000,0.00722779,-0.05627690,-0.03290107,-0.07146709,-0.04215155,-0.05012319,0.0002868428,-0.0008036767,-0.0002023858,-0.0008072784,-0.0000903244,-0.0000994578,2302.32030920,2299.81095255,2301.19422385,2299.80266946,2301.45211333,2301.43109343
eth4h:row13892:1706846400,2024-02-02 04:00:00,2313.73000000,0.00760020,-0.05326553,-0.03047856,-0.07029480,-0.03834728,-0.04838546,0.0002940946,-0.0007450367,-0.0001552126,-0.0007844506,-0.0000162445,-0.0000656193,2314.41055565,2312.00682825,2313.37090779,2311.91570489,2313.69241485,2313.57817975
eth4h:row13893:1706860800,2024-02-02 08:00:00,2318.36000000,0.00114323,-0.04856375,-0.02817925,-0.07248291,-0.03714250,-0.05010321,0.0001683591,-0.0006534797,-0.0001104385,-0.0008270594,0.0000072160,-0.0000990686,2318.75034979,2316.84549367,2318.10397784,2316.44337124,2318.37672931,2318.13033458
eth4h:row13894:1706875200,2024-02-02 12:00:00,2313.99000000,-0.00205087,-0.04491611,-0.03054914,-0.07251428,-0.03988524,-0.05136960,0.0001061610,-0.0005824498,-0.0001565868,-0.0008276702,-0.0000461929,-0.0001237289,2314.23566852,2312.64260942,2313.62768797,2312.07557177,2313.88311255,2313.70371037
eth4h:row13895:1706889600,2024-02-02 16:00:00,2301.41000000,0.00035990,-0.04263657,-0.03272131,-0.06748733,-0.04234367,-0.04434615,0.0001531055,-0.0005380608,-0.0001988852,-0.0007297812,-0.0000940655,0.0000130377,2301.76238556,2300.17203462,2300.95232911,2299.73108696,2301.19352682,2301.44000535
eth4h:row13896:1706904000,2024-02-02 20:00:00,2309.06000000,0.00507111,-0.04619396,-0.03678390,-0.06554200,-0.04847120,-0.04127460,0.0002448462,-0.0006073331,-0.0002779954,-0.0006919001,-0.0002133861,0.0000728495,2309.62543372,2307.65805708,2308.41818109,2307.46291382,2308.56733134,2309.22821990
eth4h:row13897:1706918400,2024-02-03 00:00:00,2321.45000000,0.00390692,-0.04882562,-0.03206995,-0.06947611,-0.04242104,-0.04824062,0.0002221759,-0.0006585791,-0.0001862014,-0.0007685085,-0.0000955721,-0.0000627988,2321.96582762,2319.92164481,2321.01778304,2319.66663140,2321.22814478,2321.30422026
eth4h:row13898:1706932800,2024-02-03 04:00:00,2314.39000000,0.00670208,-0.05255735,-0.02456435,-0.07392050,-0.03611389,-0.05034945,0.0002766056,-0.0007312465,-0.0000400461,-0.0008550534,0.0000272460,-0.0001038637,2315.03026186,2312.69822913,2314.29731951,2312.41191886,2314.45305870,2314.14963143
eth4h:row13899:1706947200,2024-02-03 08:00:00,2303.89000000,0.00794793,-0.05077468,-0.03337177,-0.07130116,-0.04654014,-0.04494029,0.0003008660,-0.0006965328,-0.0002115516,-0.0008040474,-0.0001757828,0.0000014682,2304.58326644,2302.28582379,2303.40265990,2302.03830787,2303.48505143,2303.89338246
eth4h:row13900:1706961600,2024-02-03 12:00:00,2303.64000000,-0.00388848,-0.03980263,-0.03839895,-0.06984079,-0.04979473,-0.04515729,0.0000703775,-0.0004828758,-0.0003094450,-0.0007756097,-0.0002391589,-0.0000027576,2303.80213010,2302.52789657,2302.92726043,2301.85396712,2303.08912981,2303.63364758
eth4h:row13901:1706976000,2024-02-03 16:00:00,2303.46000000,0.00057961,-0.04479644,-0.02963099,-0.07370161,-0.04064211,-0.05037329,0.0001573838,-0.0005801195,-0.0001387079,-0.0008507908,-0.0000609314,-0.0001043279,2303.82255572,2302.12410555,2303.14051415,2301.50107088,2303.31965122,2303.21969729
eth4h:row13902:1706990400,2024-02-03 20:00:00,2296.49000000,0.00359560,-0.04805091,-0.03198298,-0.07096864,-0.04360272,-0.04946273,0.0002161137,-0.0006434933,-0.0001845080,-0.0007975723,-0.0001185828,-0.0000865967,2296.98635669,2295.01269945,2296.06631839,2294.65911352,2296.21769185,2296.29114027
eth4h:row13903:1707004800,2024-02-04 00:00:00,2302.96000000,-0.00867449,-0.03834471,-0.03486344,-0.07104363,-0.04787240,-0.04464292,-0.0000228198,-0.0004544860,-0.0002405986,-0.0007990324,-0.0002017257,0.0000072587,2302.90744750,2301.91357465,2302.40597773,2301.12059536,2302.49548071,2302.97671666
eth4h:row13904:1707019200,2024-02-04 04:00:00,2290.78000000,-0.00439750,-0.04432312,-0.02352872,-0.07870354,-0.04085599,-0.04774492,0.0000604654,-0.0005709026,-0.0000198795,-0.0009481926,-0.0000650962,-0.0000531461,2290.91851700,2289.47256106,2290.73446100,2288.60892877,2290.63088382,2290.65825723
eth4h:row13905:1707033600,2024-02-04 08:00:00,2305.62000000,-0.00384097,-0.04271123,-0.02931466,-0.07186474,-0.04415005,-0.04749089,0.0000713025,-0.0005395145,-0.0001325482,-0.0008150218,-0.0001292410,-0.0000481993,2305.78440243,2304.37642002,2305.31441453,2303.74163501,2305.32203863,2305.50887338
eth4h:row13906:1707048000,2024-02-04 12:00:00,2301.68000000,-0.00597649,-0.03998724,-0.03275612,-0.07011248,-0.04551911,-0.04610311,0.0000297180,-0.0004864707,-0.0001995630,-0.0007809004,-0.0001559003,-0.0000211754,2301.74840234,2300.56057250,2301.22071558,2299.88331885,2301.32119533,2301.63126154
eth4h:row13907:1707062400,2024-02-04 16:00:00,2279.65000000,-0.00050919,-0.04812968,-0.02762720,-0.07485777,-0.04449075,-0.04437577,0.0001361818,-0.0006450271,-0.0000996884,-0.0008733046,-0.0001358754,0.0000124609,2279.96046791,2278.18003805,2279.42275667,2277.66004015,2279.34027270,2279.67840661
eth4h:row13908:1707076800,2024-02-04 20:00:00,2289.79000000,0.00415386,-0.05213796,-0.02754691,-0.07574700,-0.04415765,-0.04498155,0.0002269846,-0.0007230797,-0.0000981250,-0.0008906204,-0.0001293888,0.0000006647,2290.30980605,2288.13489783,2289.56532544,2287.75157418,2289.49374590,2289.79152197
eth4h:row13909:1707091200,2024-02-05 00:00:00,2296.27000000,-0.00005322,-0.04880282,-0.03043738,-0.07256049,-0.04705538,-0.04523418,0.0001450609,-0.0006581352,-0.0001544106,-0.0008285700,-0.0001858159,-0.0000042548,2296.60312317,2294.75924115,2295.91545897,2294.36816752,2295.84335615,2296.26022978
eth4h:row13910:1707105600,2024-02-05 04:00:00,2310.17000000,0.00023300,-0.04909457,-0.03011474,-0.07235496,-0.04646285,-0.04562644,0.0001506345,-0.0006638164,-0.0001481279,-0.0008245677,-0.0001742777,-0.0000118932,2310.51801740,2308.63698022,2309.82782478,2308.26589349,2309.76742404,2310.14252483
eth4h:row13911:1707120000,2024-02-05 08:00:00,2329.62000000,-0.00029718,-0.04524653,-0.03358379,-0.07067370,-0.04757468,-0.04508104,0.0001403103,-0.0005888840,-0.0002156801,-0.0007918290,-0.0001959283,-0.0000012728,2329.94689256,2328.24852795,2329.11760145,2327.77606955,2329.16360632,2329.61703492
eth4h:row13912:1707134400,2024-02-05 12:00:00,2298.71000000,-0.00474333,-0.04154012,-0.03452870,-0.06969111,-0.04881823,-0.04474678,0.0000537311,-0.0005167096,-0.0002340803,-0.0007726950,-0.0002201436,0.0000052363,2298.83351561,2297.52254118,2298.17198035,2296.93448434,2298.20400931,2298.72203670
eth4h:row13913:1707148800,2024-02-05 16:00:00,2304.48000000,-0.00483738,-0.04033163,-0.03298363,-0.07088476,-0.04453093,-0.04769713,0.0000518996,-0.0004931770,-0.0002039933,-0.0007959389,-0.0001366577,-0.0000522155,2304.59960468,2303.34376361,2304.00994942,2302.64650450,2304.16509661,2304.35967351
eth4h:row13914:1707163200,2024-02-05 20:00:00,2301.83000000,-0.00598430,-0.03782831,-0.03424278,-0.07145770,-0.04438407,-0.04761594,0.0000295659,-0.0004444303,-0.0002285125,-0.0008070956,-0.0001337979,-0.0000506344,2301.89805679,2300.80722437,2301.30406314,2299.97295272,2301.52204050,2301.71345117
eth4h:row13915:1707177600,2024-02-06 00:00:00,2316.85000000,-0.01051711,-0.03583023,-0.03655770,-0.06808190,-0.04789391,-0.04583412,-0.0000587008,-0.0004055219,-0.0002735907,-0.0007413592,-0.0002021445,-0.0000159373,2316.71400302,2315.91065697,2316.21621814,2315.13301851,2316.38170879,2316.81307601
eth4h:row13916:1707192000,2024-02-06 04:00:00,2327.16000000,-0.00696592,-0.03903140,-0.03619900,-0.06856689,-0.04735641,-0.04518101,0.0000104508,-0.0004678578,-0.0002666058,-0.0007508033,-0.0001916779,-0.0000032195,2327.18432092,2326.07147460,2326.53964845,2325.41341640,2326.71397766,2327.15250770
eth4h:row13917:1707206400,2024-02-06 08:00:00,2325.49000000,-0.00541454,-0.04026479,-0.03312203,-0.06906058,-0.04555233,-0.04693355,0.0000406608,-0.0004918753,-0.0002066884,-0.0007604168,-0.0001565472,-0.0000373465,2325.58455823,2324.34643010,2325.00939786,2323.72233043,2325.12597944,2325.40315283
eth4h:row13918:1707220800,2024-02-06 12:00:00,2343.74000000,-0.00617771,-0.03915706,-0.02938279,-0.07182902,-0.04324514,-0.04864923,0.0000257996,-0.0004703048,-0.0001338748,-0.0008143263,-0.0001116198,-0.0000707555,2343.80046826,2342.63798692,2343.42625322,2341.83220786,2343.47840676,2343.57417334
eth4h:row13919:1707235200,2024-02-06 16:00:00,2379.12000000,-0.00668596,-0.04091744,-0.03302750,-0.07331510,-0.04592597,-0.04852053,0.0000159025,-0.0005045844,-0.0002048476,-0.0008432644,-0.0001638231,-0.0000682493,2379.15783431,2377.91983598,2378.63269295,2377.11461841,2378.73027720,2378.95763219
eth4h:row13920:1707249600,2024-02-06 20:00:00,2372.64000000,-0.00746207,-0.04203014,-0.03477671,-0.07168865,-0.04776897,-0.04708826,0.0000007894,-0.0005262518,-0.0002389098,-0.0008115929,-0.0001997115,-0.0000403590,2372.64187300,2371.39172237,2372.07322074,2370.71516347,2372.16620390,2372.54424462
eth4h:row13921:1707264000,2024-02-07 00:00:00,2364.75000000,-0.00642799,-0.04231344,-0.03525486,-0.07018174,-0.04677904,-0.04778371,0.0000209259,-0.0005317685,-0.0002482207,-0.0007822491,-0.0001804349,-0.0000539014,2364.79948506,2363.49283475,2364.16309291,2362.90089984,2364.32335509,2364.62254010
eth4h:row13922:1707278400,2024-02-07 04:00:00,2362.92000000,-0.00515508,-0.04131180,-0.03389194,-0.07192695,-0.04434747,-0.05095942,0.0000457132,-0.0005122637,-0.0002216808,-0.0008162332,-0.0001330851,-0.0001157414,2363.02801914,2361.70987186,2362.39624407,2360.99209306,2362.60555139,2362.64652814
eth4h:row13923:1707292800,2024-02-07 08:00:00,2361.66000000,-0.00674163,-0.03978777,-0.02872303,-0.07374704,-0.04069005,-0.05105879,0.0000148185,-0.0004825865,-0.0001210273,-0.0008516755,-0.0000618649,-0.0001176765,2361.69499641,2360.52056978,2361.37419185,2359.64948828,2361.51390072,2361.38210438
eth4h:row13924:1707307200,2024-02-07 12:00:00,2369.66000000,-0.00510155,-0.04199746,-0.02997085,-0.07337478,-0.04248472,-0.04843415,0.0000467555,-0.0005256155,-0.0001453260,-0.0008444265,-0.0000968123,-0.0000665672,2369.77079722,2368.41479730,2369.31565179,2367.65984082,2369.43059896,2369.50226355
eth4h:row13925:1707321600,2024-02-07 16:00:00,2419.96000000,-0.00658410,-0.04108123,-0.03015712,-0.07182281,-0.04210226,-0.05021254,0.0000178861,-0.0005077739,-0.0001489531,-0.0008142053,-0.0000893647,-0.0001011976,2420.00328406,2418.73151934,2419.59956628,2417.99045776,2419.74375074,2419.71511822
eth4h:row13926:1707336000,2024-02-07 20:00:00,2425.10000000,-0.00595533,-0.04528913,-0.02565100,-0.07271326,-0.04255178,-0.04877917,0.0000301300,-0.0005897136,-0.0000612063,-0.0008315448,-0.0000981180,-0.0000732858,2425.17306945,2423.67030721,2424.95157307,2423.08425885,2424.86206567,2424.92228117
eth4h:row13927:1707350400,2024-02-08 00:00:00,2433.48000000,0.00191296,-0.05337645,-0.02073261,-0.07955782,-0.04332774,-0.04985263,0.0001833480,-0.0007471967,0.0000345688,-0.0009648279,-0.0001132282,-0.0000941892,2433.92621456,2431.66239091,2433.56412398,2431.13324278,2433.20447698,2433.25080329
eth4h:row13928:1707364800,2024-02-08 04:00:00,2421.21000000,0.00093133,-0.05059639,-0.02476868,-0.07698074,-0.04449303,-0.04740941,0.0001642329,-0.0006930609,-0.0000440249,-0.0009146449,-0.0001359196,-0.0000466127,2421.60767495,2419.53253528,2421.10340880,2418.99646519,2420.88093236,2421.09714356
eth4h:row13929:1707379200,2024-02-08 08:00:00,2425.30000000,0.00327743,-0.05091877,-0.02524837,-0.07675709,-0.04148158,-0.04922680,0.0002099181,-0.0006993387,-0.0000533660,-0.0009102897,-0.0000772783,-0.0000820024,2425.80916776,2423.60448673,2425.17057491,2423.09327886,2425.11258417,2425.10112768
eth4h:row13930:1707393600,2024-02-08 12:00:00,2453.88000000,0.00867761,-0.05562383,-0.02597227,-0.07873988,-0.03920427,-0.05167889,0.0003150749,-0.0007909595,-0.0000674623,-0.0009489003,-0.0000329325,-0.0001297516,2454.65327790,2451.93984761,2453.71446107,2451.55261684,2453.79918888,2453.56162583
eth4h:row13931:1707408000,2024-02-08 16:00:00,2421.53000000,0.00278909,-0.05120625,-0.03072062,-0.07615024,-0.04202738,-0.04792988,0.0002004087,-0.0007049366,-0.0001599261,-0.0008984726,-0.0000879066,-0.0000567477,2422.01534430,2419.82357630,2421.14276512,2419.35529866,2421.31714095,2421.39258774
eth4h:row13932:1707422400,2024-02-08 20:00:00,2419.55000000,0.00145556,-0.05077441,-0.03200712,-0.07523164,-0.04679321,-0.04514898,0.0001744410,-0.0006965276,-0.0001849780,-0.0008805849,-0.0001807108,-0.0000025956,2419.97210551,2417.86530349,2419.10247778,2417.42031852,2419.11280060,2419.54371970
eth4h:row13933:1707436800,2024-02-09 00:00:00,2448.67000000,-0.00028782,-0.04639894,-0.02977034,-0.07586740,-0.04338670,-0.04766270,0.0001404925,-0.0006113247,-0.0001414215,-0.0008929650,-0.0001143763,-0.0000515449,2449.01404394,2447.17352501,2448.32372988,2446.48439947,2448.38994627,2448.54378669
eth4h:row13934:1707451200,2024-02-09 04:00:00,2453.61000000,-0.00281613,-0.04222761,-0.02985999,-0.07110666,-0.04387202,-0.04601648,0.0000912591,-0.0005300971,-0.0001431672,-0.0008002598,-0.0001238269,-0.0000194884,2453.83392453,2452.30969307,2453.25874877,2451.64726004,2453.30619590,2453.56218364
eth4h:row13935:1707465600,2024-02-09 08:00:00,2503.20000000,0.00037790,-0.04467346,-0.02628865,-0.07416308,-0.04355910,-0.04526014,0.0001534560,-0.0005777247,-0.0000736232,-0.0008597770,-0.0001177335,-0.0000047603,2503.58416065,2501.75425718,2503.01571320,2501.04873115,2502.90530681,2503.18808404
eth4h:row13936:1707480000,2024-02-09 12:00:00,2495.33000000,-0.00459342,-0.04355136,-0.03122928,-0.07283001,-0.04622388,-0.04526212,0.0000566502,-0.0005558742,-0.0001698313,-0.0008338183,-0.0001696242,-0.0000047989,2495.47136500,2493.94329591,2494.90625092,2493.25021541,2494.90676743,2495.31802520
eth4h:row13937:1707494400,2024-02-09 16:00:00,2485.96000000,-0.00342732,-0.04769710,-0.02591326,-0.07706369,-0.04501859,-0.04834532,0.0000793576,-0.0006366035,-0.0000663133,-0.0009162602,-0.0001461539,-0.0000648375,2486.15728766,2484.37793267,2485.79515329,2483.68325695,2485.59669388,2485.79882170
eth4h:row13938:1707508800,2024-02-09 20:00:00,2486.56000000,0.00127394,-0.05021049,-0.03329828,-0.07396348,-0.04846443,-0.04542919,0.0001709044,-0.0006855465,-0.0002101205,-0.0008558902,-0.0002132542,-0.0000080523,2486.98500042,2484.85593176,2486.03757764,2484.43268816,2486.02978721,2486.53997766
eth4h:row13939:1707523200,2024-02-10 00:00:00,2512.21000000,0.00183667,-0.04888262,-0.03563049,-0.07254758,-0.04896593,-0.04224148,0.0001818623,-0.0006596890,-0.0002555353,-0.0008283187,-0.0002230198,0.0000540216,2512.66691790,2510.55326917,2511.56812376,2510.12995098,2511.64978994,2512.34571733
eth4h:row13940:1707537600,2024-02-10 04:00:00,2495.21000000,0.00303132,-0.05167881,-0.03084096,-0.07493627,-0.04554249,-0.04272489,0.0002051257,-0.0007141387,-0.0001622695,-0.0008748332,-0.0001563557,0.0000446083,2495.72188411,2493.42871000,2494.80513638,2493.02806192,2494.81989010,2495.32130953
eth4h:row13941:1707552000,2024-02-10 08:00:00,2483.10000000,0.00234498,-0.05080567,-0.02885696,-0.07713766,-0.04079988,-0.04677539,0.0001917605,-0.0006971363,-0.0001236354,-0.0009177006,-0.0000640036,-0.0000342666,2483.57620624,2481.36954398,2482.79301997,2480.82230289,2482.94107785,2483.01491404
eth4h:row13942:1707566400,2024-02-10 12:00:00,2490.45000000,-0.00789850,-0.04107414,-0.03324034,-0.07235958,-0.04558405,-0.04508839,-0.0000077090,-0.0005076358,-0.0002089923,-0.0008246577,-0.0001571649,-0.0000014158,2490.43080114,2489.18607924,2489.92956943,2488.39707786,2490.05861951,2490.44647396
eth4h:row13943:1707580800,2024-02-10 16:00:00,2497.51000000,-0.01029386,-0.03998929,-0.03276589,-0.07372046,-0.04950650,-0.04248791,-0.0000543535,-0.0004865107,-0.0001997534,-0.0008511579,-0.0002335462,0.0000492228,2497.37425524,2496.29523016,2497.01116374,2495.38512918,2496.92678412,2497.63293753
eth4h:row13944:1707595200,2024-02-10 20:00:00,2500.24000000,-0.00517302,-0.04467364,-0.03436222,-0.07316494,-0.05141872,-0.03993731,0.0000453639,-0.0005777282,-0.0002308385,-0.0008403404,-0.0002707826,0.0000988903,2500.35342309,2498.79595805,2499.66291497,2498.13982989,2499.56307020,2500.48726169
eth4h:row13945:1707609600,2024-02-11 00:00:00,2529.02000000,-0.00135528,-0.04753023,-0.02733853,-0.07556860,-0.04547533,-0.04326203,0.0001197060,-0.0006333542,-0.0000940673,-0.0008871465,-0.0001550479,0.0000341486,2529.32275707,2527.41874157,2528.78211319,2526.77738364,2528.62791103,2529.10636398
eth4h:row13946:1707624000,2024-02-11 04:00:00,2527.52000000,0.00287218,-0.05255418,-0.02585718,-0.07745141,-0.04351480,-0.04584522,0.0002020267,-0.0007311847,-0.0000652211,-0.0009238101,-0.0001168708,-0.0000161535,2528.03067804,2525.67259164,2527.35515776,2525.18612969,2527.22462386,2527.47917215
eth4h:row13947:1707638400,2024-02-11 08:00:00,2531.28000000,0.00279493,-0.05262938,-0.02641108,-0.07969633,-0.04274701,-0.04542284,0.0002005224,-0.0007326491,-0.0000760072,-0.0009675251,-0.0001019197,-0.0000079286,2531.78762934,2529.42613911,2531.08761177,2528.83210756,2531.02202597,2531.25993046
eth4h:row13948:1707652800,2024-02-11 12:00:00,2508.94000000,-0.00333380,-0.04477786,-0.03276160,-0.07469359,-0.04767882,-0.04157916,0.0000811787,-0.0005797576,-0.0001996698,-0.0008701076,-0.0001979561,0.0000669187,2509.14368075,2507.48584448,2508.43909041,2506.75790181,2508.44338919,2509.10790067
eth4h:row13949:1707667200,2024-02-11 16:00:00,2507.73000000,0.00336964,-0.04909904,-0.03464844,-0.07426108,-0.04771020,-0.04056556,0.0002117136,-0.0006639034,-0.0002364120,-0.0008616854,-0.0001985670,0.0000866565,2508.26097685,2506.06566202,2507.13721250,2505.57005631,2507.23209690,2507.94732057
eth4h:row13950:1707681600,2024-02-11 20:00:00,2507.21000000,0.00073488,-0.04696272,-0.03287151,-0.07515728,-0.04602581,-0.04377019,0.0001604073,-0.0006223032,-0.0002018101,-0.0008791370,-0.0001657672,0.0000242533,2507.61220706,2505.65024056,2506.70407076,2505.00678751,2506.79442129,2507.27080885
eth4h:row13951:1707696000,2024-02-12 00:00:00,2500.12000000,-0.00250625,-0.04518095,-0.02991917,-0.07719183,-0.04418520,-0.04493391,0.0000972935,-0.0005876070,-0.0001443197,-0.0009187554,-0.0001299254,0.0000015923,2500.36325717,2498.65134364,2499.75920945,2497.82405618,2499.79519212,2500.12398105
eth4h:row13952:1707710400,2024-02-12 04:00:00,2501.71000000,-0.00292521,-0.04489006,-0.03217288,-0.07464051,-0.04812229,-0.04056086,0.0000891351,-0.0005819426,-0.0001882059,-0.0008690740,-0.0002065918,0.0000867479,2501.93300011,2500.25457194,2501.23920781,2499.53677341,2501.19322065,2501.92702756
eth4h:row13953:1707724800,2024-02-12 08:00:00,2488.16000000,-0.00960307,-0.03825817,-0.03481128,-0.07187006,-0.05231390,-0.03955459,-0.0000409019,-0.0004528007,-0.0002395830,-0.0008151254,-0.0002882143,0.0001063430,2488.05823158,2487.03361434,2487.56395057,2486.13266401,2487.44298009,2488.42461238
eth4h:row13954:1707739200,2024-02-12 12:00:00,2557.87000000,-0.00131642,-0.04502127,-0.03105035,-0.07492034,-0.04874698,-0.03867870,0.0001204628,-0.0005844975,-0.0001663469,-0.0008745230,-0.0002187562,0.0001233990,2558.17814672,2556.37536819,2557.44454155,2555.63406157,2557.31051127,2558.18565816
eth4h:row13955:1707753600,2024-02-12 16:00:00,2610.25000000,0.00190152,-0.04627335,-0.02983048,-0.07706548,-0.04656830,-0.03950609,0.0001831251,-0.0006088792,-0.0001425926,-0.0009162950,-0.0001763312,0.0001072875,2610.72804615,2608.66115692,2609.87782413,2607.85933632,2609.78977210,2610.53006212
eth4h:row13956:1707768000,2024-02-12 20:00:00,2659.99000000,-0.00187307,-0.04331811,-0.03261688,-0.07763536,-0.04748820,-0.04188322,0.0001096233,-0.0005513322,-0.0001968517,-0.0009273922,-0.0001942441,0.0000609978,2660.28161281,2658.52386608,2659.46642796,2657.52428948,2659.47336275,2660.15225860
eth4h:row13957:1707782400,2024-02-13 00:00:00,2640.47000000,0.00158442,-0.04865421,-0.02961132,-0.08124071,-0.04484624,-0.04387178,0.0001769504,-0.0006552413,-0.0001383248,-0.0009975986,-0.0001427978,0.0000222749,2640.93727346,2638.74042165,2640.10478267,2637.83718418,2640.09297365,2640.52881695
eth4h:row13958:1707796800,2024-02-13 04:00:00,2648.64000000,-0.00045775,-0.04214238,-0.03520074,-0.07556954,-0.05049116,-0.04104649,0.0001371834,-0.0005284374,-0.0002471668,-0.0008871648,-0.0002527204,0.0000772914,2649.00337444,2647.24072941,2647.98542496,2646.29126186,2647.97071932,2648.84472488
eth4h:row13959:1707811200,2024-02-13 08:00:00,2681.75000000,-0.00294804,-0.03635956,-0.03420350,-0.07681943,-0.04870198,-0.04307095,0.0000886906,-0.0004158296,-0.0002277476,-0.0009115038,-0.0002178799,0.0000378694,2681.98785647,2680.63508086,2681.13930734,2679.30668843,2681.16576424,2681.85155826
eth4h:row13960:1707825600,2024-02-13 12:00:00,2630.99000000,-0.00681083,-0.03721708,-0.02969673,-0.07865003,-0.04717029,-0.04305314,0.0000134709,-0.0004325279,-0.0001399881,-0.0009471506,-0.0001880535,0.0000382162,2631.02544208,2629.85226957,2630.62171854,2628.49923593,2630.49527955,2631.09054830
eth4h:row13961:1707840000,2024-02-13 16:00:00,2611.42000000,-0.00620907,-0.03608516,-0.02751866,-0.08057986,-0.04523489,-0.04334875,0.0000251891,-0.0004104861,-0.0000975748,-0.0009847300,-0.0001503658,0.0000324598,2611.48578003,2610.34826828,2611.16520360,2608.84972215,2611.02736126,2611.50476762
eth4h:row13962:1707854400,2024-02-13 20:00:00,2639.99000000,-0.01077219,-0.03049505,-0.03007915,-0.07740726,-0.04737302,-0.04363053,-0.0000636679,-0.0003016308,-0.0001474350,-0.0009229503,-0.0001920013,0.0000269728,2639.82192271,2639.19381770,2639.60080190,2637.55454443,2639.48316723,2640.06120876
eth4h:row13963:1707868800,2024-02-14 00:00:00,2636.88000000,-0.01139795,-0.03517695,-0.02331605,-0.08180581,-0.04637769,-0.04447693,-0.0000758532,-0.0003928007,-0.0000157382,-0.0010086027,-0.0001726194,0.0000104909,2636.67999175,2635.84443512,2636.83850064,2634.22177654,2636.42486275,2636.90766345
eth4h:row13964:1707883200,2024-02-14 04:00:00,2653.05000000,-0.00468855,-0.03772487,-0.02431818,-0.08379477,-0.04581161,-0.04352235,0.0000547978,-0.0004424159,-0.0000352525,-0.0010473334,-0.0001615962,0.0000290794,2653.19538526,2651.87650805,2652.95647487,2650.27282663,2652.62131192,2653.12715015
eth4h:row13965:1707897600,2024-02-14 08:00:00,2755.87000000,-0.00369440,-0.03690454,-0.02499172,-0.08408348,-0.04498136,-0.04403957,0.0000741566,-0.0004264419,-0.0000483681,-0.0010529554,-0.0001454289,0.0000190076,2756.07437362,2754.69503214,2755.73670692,2752.96971893,2755.46924605,2755.92238309
eth4h:row13966:1707912000,2024-02-14 12:00:00,2749.40000000,-0.00259726,-0.04013039,-0.02357742,-0.08423996,-0.04558081,-0.04517741,0.0000955211,-0.0004892583,-0.0000208277,-0.0010560025,-0.0001571019,-0.0000031493,2749.66263830,2748.05516222,2749.34273686,2746.49815923,2748.96809795,2749.39134136
eth4h:row13967:1707926400,2024-02-14 16:00:00,2761.80000000,0.00255079,-0.04869902,-0.02226165,-0.08669971,-0.04484707,-0.04375914,0.0001957683,-0.0006561139,0.0000047941,-0.0011039008,-0.0001428139,0.0000244683,2762.34072591,2759.98853907,2761.81324039,2758.75292894,2761.40560476,2761.86757741
eth4h:row13968:1707940800,2024-02-14 20:00:00,2774.81000000,-0.00638937,-0.03789522,-0.02841547,-0.07896630,-0.04813999,-0.04177263,0.0000216780,-0.0004457331,-0.0001150383,-0.0009533094,-0.0002069364,0.0000631515,2774.87015305,2773.57345089,2774.49080898,2772.16600790,2774.23585033,2774.98523886
eth4h:row13969:1707955200,2024-02-15 00:00:00,2801.39000000,-0.00738420,-0.03678599,-0.02693614,-0.08020803,-0.04720791,-0.04185616,0.0000023058,-0.0004241333,-0.0000862316,-0.0009774894,-0.0001887862,0.0000615248,2801.39645955,2800.20208912,2801.14844215,2798.65300881,2800.86118612,2801.56236023
eth4h:row13970:1707969600,2024-02-15 04:00:00,2772.33000000,-0.00755029,-0.03866936,-0.02370587,-0.08225794,-0.04354787,-0.04707193,-0.0000009284,-0.0004608079,-0.0000233290,-0.0010174070,-0.0001175147,-0.0000400409,2772.32742623,2771.05278267,2772.26532515,2769.51084654,2772.00422953,2772.21899550
eth4h:row13971:1707984000,2024-02-15 08:00:00,2793.21000000,-0.00519954,-0.04046595,-0.01956120,-0.08307217,-0.04084241,-0.04859432,0.0000448474,-0.0004957926,0.0000573795,-0.0010332623,-0.0000648317,-0.0000696862,2793.33527088,2791.82549039,2793.37027758,2790.32537193,2793.02891733,2793.01535846
eth4h:row13972:1707998400,2024-02-15 12:00:00,2826.27000000,-0.00781344,-0.04014130,-0.02110985,-0.08233844,-0.04525559,-0.04848593,-0.0000060527,-0.0004894707,0.0000272229,-0.0010189744,-0.0001507688,-0.0000675756,2826.25289336,2824.88696212,2826.34694038,2823.39156988,2825.84391866,2826.07901966
eth4h:row13973:1708012800,2024-02-15 16:00:00,2834.13000000,-0.00258117,-0.04560106,-0.01708039,-0.08698356,-0.04462578,-0.04776258,0.0000958345,-0.0005957877,0.0001056878,-0.0011094282,-0.0001385048,-0.0000534899,2834.40162044,2832.44196323,2834.42954883,2830.98747979,2833.73748671,2833.97840660
eth4h:row13974:1708027200,2024-02-15 20:00:00,2822.59000000,0.00503011,-0.05247407,-0.01209572,-0.08801365,-0.04030390,-0.04664507,0.0002440476,-0.0007296247,0.0002027536,-0.0011294869,-0.0000543455,-0.0000317288,2823.27893047,2820.53131971,2823.16234833,2819.40372127,2822.43660921,2822.50044403
eth4h:row13975:1708041600,2024-02-16 00:00:00,2846.18000000,0.00459475,-0.05249327,-0.02198168,-0.07961556,-0.04703987,-0.04204547,0.0002355701,-0.0007299987,0.0000102458,-0.0009659523,-0.0001855140,0.0000578385,2846.85055384,2844.10305037,2846.20916149,2843.43205316,2845.65204278,2846.34462353
eth4h:row13976:1708056000,2024-02-16 04:00:00,2815.05000000,0.00687415,-0.05586281,-0.01687523,-0.08610329,-0.03731821,-0.04815168,0.0002799565,-0.0007956132,0.0001096828,-0.0010922868,0.0000037943,-0.0000610668,2815.83820185,2812.81119965,2815.35877963,2811.97683669,2815.06068123,2814.87809913
eth4h:row13977:1708070400,2024-02-16 08:00:00,2823.59000000,0.00430126,-0.05265163,-0.02002605,-0.08492775,-0.03855370,-0.04801113,0.0002298549,-0.0007330824,0.0000483274,-0.0010693958,-0.0000202641,-0.0000583299,2824.23909070,2821.52083453,2823.72646011,2820.57207879,2823.53278313,2823.42530496
eth4h:row13978:1708084800,2024-02-16 12:00:00,2776.01000000,0.01125116,-0.05787475,-0.02602759,-0.08047724,-0.04469570,-0.04031231,0.0003651893,-0.0008347914,-0.0000685395,-0.0009827316,-0.0001398662,0.0000915879,2777.02395416,2773.69357764,2775.81974031,2773.28326730,2775.62175713,2776.26426064
eth4h:row13979:1708099200,2024-02-16 16:00:00,2762.91000000,0.00464530,-0.05251434,-0.03200397,-0.07727799,-0.04820188,-0.03688083,0.0002365543,-0.0007304090,-0.0001849165,-0.0009204331,-0.0002081416,0.0001584087,2763.56365565,2760.89268240,2762.39913953,2760.36809612,2762.33498342,2763.34770355
eth4h:row13980:1708113600,2024-02-16 20:00:00,2801.80000000,0.00509072,-0.05266736,-0.02134856,-0.08419271,-0.03864016,-0.04764696,0.0002452280,-0.0007333888,0.0000225744,-0.0010550824,-0.0000219476,-0.0000512385,2802.48716416,2799.74594465,2801.86324977,2798.84542918,2801.73850780,2801.65644357
eth4h:row13981:1708128000,2024-02-17 00:00:00,2793.40000000,0.00522287,-0.05274236,-0.02189549,-0.08312894,-0.04059733,-0.04371310,0.0002478012,-0.0007348492,0.0000119241,-0.0010343678,-0.0000600594,0.0000253649,2794.09229377,2791.34802633,2793.43330901,2790.51209069,2793.23223497,2793.47085530
eth4h:row13982:1708142400,2024-02-17 04:00:00,2795.57000000,0.00096397,-0.04933377,-0.02606836,-0.08137131,-0.04917374,-0.03850008,0.0001648683,-0.0006684741,-0.0000693334,-0.0010001417,-0.0002270663,0.0001268773,2796.03093901,2793.70185821,2795.37618048,2792.77543166,2794.93529226,2795.92471681
eth4h:row13983:1708156800,2024-02-17 08:00:00,2780.57000000,-0.00046646,-0.04804233,-0.01569220,-0.09023166,-0.04034863,-0.04672232,0.0001370140,-0.0006433262,0.0001327199,-0.0011726778,-0.0000552164,-0.0000332330,2780.95100304,2778.78176185,2780.93906134,2777.31119831,2780.41647117,2780.47759477
eth4h:row13984:1708171200,2024-02-17 12:00:00,2754.33000000,0.00505341,-0.05149236,-0.01550248,-0.09006327,-0.03906185,-0.04416754,0.0002445015,-0.0007105082,0.0001364143,-0.0011693989,-0.0000301592,0.0000165157,2755.00352002,2752.37372112,2754.70575551,2751.11097194,2754.24693275,2754.37549001
eth4h:row13985:1708185600,2024-02-17 16:00:00,2774.31000000,0.00588996,-0.05082859,-0.01867100,-0.08885510,-0.04250687,-0.04190805,0.0002607915,-0.0006975826,0.0000747141,-0.0011458724,-0.0000972435,0.0000605144,2775.03361077,2772.37536440,2774.51728790,2771.13281536,2774.04022963,2774.47789085
eth4h:row13986:1708200000,2024-02-17 20:00:00,2785.93000000,0.00489030,-0.04751140,-0.02081111,-0.09086823,-0.03985236,-0.04241823,0.0002413253,-0.0006329875,0.0000330402,-0.0011850738,-0.0000455526,0.0000505797,2786.60239646,2784.16709921,2786.02204924,2782.63042282,2785.80309640,2786.07091494
eth4h:row13987:1708214400,2024-02-18 00:00:00,2781.68000000,0.00647170,-0.05059189,-0.02078494,-0.08863518,-0.03951121,-0.04160621,0.0002721196,-0.0006929733,0.0000335497,-0.0011415898,-0.0000389095,0.0000663921,2782.43705275,2779.75303775,2781.77332623,2778.50627429,2781.57176820,2781.86468761
eth4h:row13988:1708228800,2024-02-18 04:00:00,2801.00000000,-0.00082671,-0.04299985,-0.02677044,-0.08256130,-0.04493295,-0.04180720,0.0001299989,-0.0005451348,-0.0000830049,-0.0010233142,-0.0001444861,0.0000624783,2801.36415051,2799.47349358,2800.76751291,2798.13516301,2800.59532359,2801.17500713
eth4h:row13989:1708243200,2024-02-18 08:00:00,2803.40000000,-0.00311517,-0.04281126,-0.02178076,-0.08861056,-0.04131638,-0.04524694,0.0000854360,-0.0005414624,0.0000141584,-0.0011411105,-0.0000740612,-0.0000045032,2803.63952163,2801.88247513,2803.43969195,2800.20283541,2803.19238449,2803.38737572
eth4h:row13990:1708257600,2024-02-18 12:00:00,2807.49000000,-0.00603967,-0.04027209,-0.02149358,-0.08684999,-0.04606194,-0.04152980,0.0000284877,-0.0004920175,0.0000197505,-0.0011068271,-0.0001664708,0.0000678800,2807.56998003,2806.10900551,2807.54544994,2804.38431294,2807.02267367,2807.68057902
eth4h:row13991:1708272000,2024-02-18 16:00:00,2827.86000000,-0.00582026,-0.03897615,-0.02431389,-0.08707553,-0.04652229,-0.04052854,0.0000327601,-0.0004667819,-0.0000351690,-0.0011112191,-0.0001754351,0.0000873773,2827.95264254,2826.54031416,2827.76054879,2824.71937320,2827.36393748,2828.10710156
eth4h:row13992:1708286400,2024-02-18 20:00:00,2881.20000000,-0.00672923,-0.03852074,-0.02059570,-0.08717665,-0.04341429,-0.04382467,0.0000150599,-0.0004579138,0.0000372349,-0.0011131882,-0.0001149135,0.0000231924,2881.24339084,2879.88096082,2881.30728313,2877.99446669,2880.86893019,2881.26682285
eth4h:row13993:1708300800,2024-02-19 00:00:00,2886.78000000,-0.00160675,-0.04650974,-0.01256355,-0.09491804,-0.03799406,-0.04493528,0.0001148092,-0.0006134824,0.0001936435,-0.0012639351,-0.0000093662,0.0000015656,2887.11144781,2885.00955444,2887.33906030,2883.13360240,2886.75296185,2886.78451969
eth4h:row13994:1708315200,2024-02-19 04:00:00,2926.38000000,-0.00164001,-0.04479231,-0.01837238,-0.09513398,-0.04104391,-0.04425029,0.0001141615,-0.0005800391,0.0000805291,-0.0012681399,-0.0000687555,0.0000149044,2926.71409902,2924.68307741,2926.61566822,2922.67129285,2926.17880222,2926.42361620
eth4h:row13995:1708329600,2024-02-19 08:00:00,2913.20000000,-0.00642001,-0.04279546,-0.01398644,-0.09649152,-0.04022773,-0.04691070,0.0000210814,-0.0005411548,0.0001659359,-0.0012945751,-0.0000528621,-0.0000369013,2913.26141510,2911.62393420,2913.68344469,2909.43108402,2913.04600613,2913.09250102
eth4h:row13996:1708344000,2024-02-19 12:00:00,2908.93000000,-0.00072627,-0.04638450,-0.01385930,-0.09479468,-0.03856733,-0.04738653,0.0001319546,-0.0006110435,0.0001684117,-0.0012615328,-0.0000205296,-0.0000461673,2909.31387203,2907.15306010,2909.41993897,2905.26260323,2908.87028149,2908.79570576
eth4h:row13997:1708358400,2024-02-19 16:00:00,2934.03000000,0.00012178,-0.04650134,-0.01551184,-0.09509540,-0.03690971,-0.04777338,0.0001484686,-0.0006133187,0.0001362320,-0.0012673887,0.0000117491,-0.0000537003,2934.46564378,2932.23105616,2934.42973610,2930.31379911,2934.06447251,2933.87244590
eth4h:row13998:1708372800,2024-02-19 20:00:00,2944.80000000,-0.00887339,-0.03844695,-0.01394763,-0.09175836,-0.03796121,-0.04725821,-0.0000266930,-0.0004564769,0.0001666915,-0.0012024070,-0.0000087267,-0.0000436683,2944.72139560,2943.45607365,2945.29091416,2941.26127980,2944.77430169,2944.67140828
eth4h:row13999:1708387200,2024-02-20 00:00:00,2907.00000000,-0.00175904,-0.04679036,-0.01174476,-0.09539300,-0.03673600,-0.04710091,0.0001118436,-0.0006189468,0.0002095876,-0.0012731839,0.0000151316,-0.0000406053,2907.32514766,2905.20127828,2907.60933513,2903.30120957,2907.04398795,2906.88196271
eth4h:row14000:1708401600,2024-02-20 04:00:00,2921.78000000,-0.00735449,-0.04138361,-0.01484564,-0.09324448,-0.04093353,-0.04788723,0.0000028844,-0.0005136620,0.0001492049,-0.0012313460,-0.0000666062,-0.0000559172,2921.78842768,2920.27957800,2922.21597630,2918.18449193,2921.58539777,2921.61662682
eth4h:row14001:1708416000,2024-02-20 08:00:00,2935.31000000,-0.00768252,-0.03869440,-0.01486829,-0.08969715,-0.04333385,-0.04644578,-0.0000035033,-0.0004612954,0.0001487638,-0.0011622695,-0.0001133472,-0.0000278481,2935.29971666,2933.95626724,2935.74670036,2931.90036051,2934.97730971,2935.22825835
eth4h:row14002:1708430400,2024-02-20 12:00:00,2925.09000000,0.00150860,-0.04950066,-0.01089444,-0.09433120,-0.04282598,-0.04705919,0.0001754740,-0.0006717240,0.0002261458,-0.0012525077,-0.0001034575,-0.0000397929,2925.60332224,2923.12580655,2925.75157158,2921.42859576,2924.78739303,2924.97360463
eth4h:row14003:1708444800,2024-02-20 16:00:00,2985.98000000,0.00068910,-0.04810771,-0.00989273,-0.09615952,-0.04219324,-0.04595914,0.0001595159,-0.0006445994,0.0002456520,-0.0012881101,-0.0000911363,-0.0000183718,2986.45634932,2984.05585925,2986.71360216,2982.13620509,2985.70788127,2985.92514271
eth4h:row14004:1708459200,2024-02-20 20:00:00,3014.81000000,0.00135304,-0.05124848,-0.00953528,-0.09516190,-0.03949887,-0.04560069,0.0001724446,-0.0007057590,0.0002526126,-0.0012686837,-0.0000386691,-0.0000113918,3015.32993264,3012.68302143,3015.57167514,3010.98758502,3014.69342214,3014.77565608
eth4h:row14005:1708473600,2024-02-21 00:00:00,3005.14000000,-0.00118380,-0.05059956,-0.01672849,-0.09043215,-0.04616117,-0.04330549,0.0001230453,-0.0006931227,0.0001125404,-0.0011765820,-0.0001684032,0.0000333022,3005.50979106,3003.05779081,3005.47821875,3001.60628548,3004.63396736,3005.24007939
eth4h:row14006:1708488000,2024-02-21 04:00:00,2940.54000000,-0.00401526,-0.04411581,-0.02047595,-0.08891156,-0.04436506,-0.04320838,0.0000679087,-0.0005668658,0.0000395667,-0.0011469719,-0.0001334277,0.0000351932,2940.73969514,2938.87358095,2940.65634967,2937.16921682,2940.14767674,2940.64348886
eth4h:row14007:1708502400,2024-02-21 08:00:00,2899.10000000,-0.00269799,-0.04428886,-0.02010908,-0.08904535,-0.04457828,-0.04298846,0.0000935596,-0.0005702355,0.0000467106,-0.0011495770,-0.0001375798,0.0000394758,2899.37125128,2897.44730160,2899.23542187,2895.76917623,2898.70116972,2899.21444654
eth4h:row14008:1708516800,2024-02-21 12:00:00,2914.81000000,-0.00161027,-0.04578824,-0.02071371,-0.08567926,-0.04685131,-0.04329377,0.0001147407,-0.0005994327,0.0000349367,-0.0010840298,-0.0001818421,0.0000335305,2915.14446647,2913.06329100,2914.91183577,2911.65197111,2914.28001315,2914.90773681
eth4h:row14009:1708531200,2024-02-21 16:00:00,2913.00000000,-0.00632774,-0.04324947,-0.02023586,-0.08762170,-0.04382314,-0.04682413,0.0000228782,-0.0005499957,0.0000442419,-0.0011218546,-0.0001228750,-0.0000352157,2913.06664484,2911.39830309,2913.12887937,2909.73386984,2912.64208711,2912.89741833
eth4h:row14010:1708545600,2024-02-21 20:00:00,2967.90000000,-0.00355618,-0.04671061,-0.01772734,-0.08767548,-0.04540502,-0.04499608,0.0000768482,-0.0006173939,0.0000930899,-0.0011229019,-0.0001536786,0.0000003818,2968.12808663,2966.06820232,2968.17629432,2964.56921001,2967.44393219,2967.90113304
eth4h:row14011:1708560000,2024-02-22 00:00:00,2935.51000000,-0.00241547,-0.04819253,-0.02155050,-0.08520365,-0.04940665,-0.04005723,0.0000990612,-0.0006462511,0.0000186421,-0.0010747682,-0.0002316018,0.0000965550,2935.80080945,2933.61353644,2935.56472452,2932.35670198,2934.83020935,2935.79345191
eth4h:row14012:1708574400,2024-02-22 04:00:00,2993.79000000,-0.00092768,-0.04641154,-0.02086404,-0.08753152,-0.04583541,-0.04485594,0.0001280327,-0.0006115702,0.0000320095,-0.0011200985,-0.0001620597,0.0000031105,2994.17332753,2991.95964706,2993.88583136,2990.43853752,2993.30486656,2993.79931221
eth4h:row14013:1708588800,2024-02-22 08:00:00,2990.80000000,0.00674666,-0.05021124,-0.01644948,-0.08923601,-0.03894069,-0.04491562,0.0002774738,-0.0006855610,0.0001179735,-0.0011532897,-0.0000277999,0.0000019484,2991.62998383,2988.75032692,2991.15285603,2987.35272943,2990.71685726,2990.80582722
eth4h:row14014:1708603200,2024-02-22 12:00:00,2986.95000000,0.00660087,-0.05123578,-0.02108612,-0.08929251,-0.04151086,-0.04414522,0.0002746348,-0.0007055118,0.0000276849,-0.0011543900,-0.0000778483,0.0000169504,2987.77043311,2984.84341486,2987.03269448,2983.50388423,2986.71747996,2987.00063028
eth4h:row14015:1708617600,2024-02-22 16:00:00,2987.96000000,0.00158260,-0.04721349,-0.02728048,-0.08544965,-0.04407246,-0.04394866,0.0001769150,-0.0006271864,-0.0000929368,-0.0010795586,-0.0001277301,0.0000207780,2988.48866159,2986.08657956,2987.68232155,2984.73606261,2987.57837197,2988.02208435
eth4h:row14016:1708632000,2024-02-22 20:00:00,2971.40000000,0.00177510,-0.04569559,-0.02296224,-0.08813126,-0.03916583,-0.04519387,0.0001806634,-0.0005976285,-0.0000088484,-0.0011317772,-0.0000321840,-0.0000034699,2971.93687157,2969.62473725,2971.37370789,2968.03893951,2971.30436991,2971.38968948
eth4h:row14017:1708646400,2024-02-23 00:00:00,2955.95000000,-0.00097494,-0.04216094,-0.02885815,-0.08347002,-0.04764618,-0.04307663,0.0001271123,-0.0005287989,-0.0001236586,-0.0010410095,-0.0001973205,0.0000377589,2956.32576143,2954.38731007,2955.58449399,2952.87442909,2955.36678806,2956.06161545
eth4h:row14018:1708660800,2024-02-23 04:00:00,2933.62000000,-0.00351148,-0.03832628,-0.02208677,-0.08810468,-0.04111943,-0.04437537,0.0000777187,-0.0004541271,0.0000081995,-0.0011312596,-0.0000702262,0.0000124687,2933.84800610,2932.28806612,2933.64405436,2930.30319077,2933.41399023,2933.65657868
eth4h:row14019:1708675200,2024-02-23 08:00:00,2943.63000000,-0.00519966,-0.03670229,-0.01912066,-0.08848585,-0.03932933,-0.04532038,0.0000448450,-0.0004225034,0.0000659580,-0.0011386821,-0.0000353678,-0.0000059335,2943.76201014,2942.38656890,2943.82416241,2940.28004896,2943.52589226,2943.61253417
eth4h:row14020:1708689600,2024-02-23 12:00:00,2916.07000000,-0.00424581,-0.03815526,-0.02016773,-0.08845891,-0.04381254,-0.04258879,0.0000634193,-0.0004507968,0.0000455685,-0.0011381574,-0.0001226687,0.0000472584,2916.25494087,2914.75574111,2916.20288397,2912.75294128,2915.71231145,2916.20781203
eth4h:row14021:1708704000,2024-02-23 16:00:00,2945.99000000,-0.00973846,-0.03633520,-0.01988068,-0.09054509,-0.04361987,-0.04316626,-0.0000435384,-0.0004153552,0.0000511583,-0.0011787812,-0.0001189168,0.0000360135,2945.86173917,2944.76662197,2946.14071569,2942.51936824,2945.63969307,2946.09609736
eth4h:row14022:1708718400,2024-02-23 20:00:00,2922.24000000,-0.00485342,-0.03850743,-0.01878711,-0.09249914,-0.04331306,-0.04431296,0.0000515874,-0.0004576547,0.0000724531,-0.0012168321,-0.0001129424,0.0000136839,2922.39075457,2920.90292920,2922.45173314,2918.68628710,2921.90997382,2922.27998801
eth4h:row14023:1708732800,2024-02-24 00:00:00,2930.19000000,-0.00281536,-0.03997561,-0.02330395,-0.09029862,-0.04493586,-0.04207095,0.0000912742,-0.0004862443,-0.0000155026,-0.0011739819,-0.0001445429,0.0000573423,2930.45746301,2928.76555805,2930.14457491,2926.75202856,2929.76649258,2930.35802867
eth4h:row14024:1708747200,2024-02-24 04:00:00,2964.07000000,-0.00378298,-0.03812520,-0.02323261,-0.08988528,-0.04262890,-0.04549869,0.0000724319,-0.0004502116,-0.0000141132,-0.0011659329,-0.0000996198,-0.0000094056,2964.28470093,2962.73584173,2964.02816768,2960.61610720,2963.77473470,2964.04212127
eth4h:row14025:1708761600,2024-02-24 08:00:00,2961.53000000,0.00035877,-0.04276121,-0.01730999,-0.09058249,-0.03778441,-0.04597136,0.0001530835,-0.0005404877,0.0001012169,-0.0011795096,-0.0000052837,-0.0000186097,2961.98339599,2959.92976182,2961.82977208,2958.03890636,2961.51435213,2961.47488725
eth4h:row14026:1708776000,2024-02-24 12:00:00,2955.47000000,-0.00863190,-0.03664519,-0.01892265,-0.08947587,-0.04051386,-0.04584046,-0.0000219905,-0.0004213915,0.0000698138,-0.0011579605,-0.0000584339,-0.0000160609,2955.40500843,2954.22485239,2955.67633971,2952.04966310,2955.29730532,2955.42253290
eth4h:row14027:1708790400,2024-02-24 16:00:00,2987.10000000,-0.01487183,-0.03177212,-0.01819971,-0.09189749,-0.03959397,-0.04989951,-0.0001434995,-0.0003264991,0.0000838916,-0.0012051163,-0.0000405211,-0.0000951021,2986.67138344,2986.12487386,2987.35060299,2983.50236534,2986.97896176,2986.81593416
eth4h:row14028:1708804800,2024-02-24 20:00:00,2992.62000000,-0.01615273,-0.02950122,-0.01459041,-0.09143132,-0.03803288,-0.05257443,-0.0001684423,-0.0002822781,0.0001541749,-0.0011960387,-0.0000101223,-0.0001471904,2992.11595865,2991.77536818,2993.08142232,2989.04285036,2992.58970803,2992.17954752
eth4h:row14029:1708819200,2024-02-25 00:00:00,3025.17000000,-0.01182937,-0.03435349,-0.01965716,-0.08749086,-0.04503561,-0.04881569,-0.0000842542,-0.0003767657,0.0000555108,-0.0011193067,-0.0001464852,-0.0000739970,3024.91512758,3024.03043434,3025.33793432,3021.78580136,3024.72688970,3024.94615484
eth4h:row14030:1708833600,2024-02-25 04:00:00,3029.99000000,-0.01261209,-0.03613879,-0.01251897,-0.09329458,-0.03877909,-0.05558803,-0.0000994961,-0.0004115304,0.0001945117,-0.0012323216,-0.0000246532,-0.0002058737,3029.68854281,3028.74332340,3030.57942576,3026.25837773,3029.91530210,3029.36626908
eth4h:row14031:1708848000,2024-02-25 08:00:00,3040.36000000,-0.00685211,-0.04053345,-0.00842163,-0.09501044,-0.03560787,-0.05300350,0.0000126671,-0.0004971071,0.0002742986,-0.0012657344,0.0000370997,-0.0001555455,3040.39851294,3038.84899117,3041.19408079,3036.51414618,3040.47279839,3039.88712251
eth4h:row14032:1708862400,2024-02-25 12:00:00,3043.62000000,0.00045402,-0.04951546,-0.00749501,-0.09735948,-0.03462864,-0.05183872,0.0001549382,-0.0006720122,0.0002923424,-0.0013114768,0.0000561679,-0.0001328639,3044.09160961,3041.57533745,3044.50990917,3039.63097942,3043.79095852,3043.21563956
eth4h:row14033:1708876800,2024-02-25 16:00:00,3081.60000000,-0.00678172,-0.04295231,-0.01678916,-0.09237786,-0.03869899,-0.05064995,0.0000140379,-0.0005442091,0.0001113589,-0.0012144704,-0.0000230932,-0.0001097152,3081.64325950,3079.92342133,3081.94318256,3077.85975957,3081.52883677,3081.26192018
eth4h:row14034:1708891200,2024-02-25 20:00:00,3112.59000000,0.00170661,-0.05219409,-0.01022735,-0.09531245,-0.03039047,-0.05366615,0.0001793297,-0.0007241727,0.0002391360,-0.0012716152,0.0001386972,-0.0001684493,3113.14823000,3110.33676312,3113.33442140,3108.63449860,3113.02173734,3112.06573070
eth4h:row14035:1708905600,2024-02-26 00:00:00,3107.80000000,-0.00088107,-0.05032444,-0.01686677,-0.08994874,-0.03695767,-0.05319417,0.0001289403,-0.0006877654,0.0001098477,-0.0011671687,0.0000108151,-0.0001592585,3108.20074662,3105.66329762,3108.14140331,3104.17478910,3107.83361129,3107.30509593
eth4h:row14036:1708920000,2024-02-26 04:00:00,3087.19000000,-0.00179504,-0.04899096,-0.01526442,-0.09100236,-0.03470236,-0.05459731,0.0001111426,-0.0006617988,0.0001410500,-0.0011876856,0.0000547324,-0.0001865816,3087.53313739,3085.14757718,3087.62547880,3083.52556537,3087.35897404,3086.61404103
eth4h:row14037:1708934400,2024-02-26 08:00:00,3057.42000000,-0.00407033,-0.04627651,-0.01404389,-0.08892512,-0.03356612,-0.05297961,0.0000668363,-0.0006089407,0.0001648171,-0.0011472359,0.0000768582,-0.0001550803,3057.62435340,3055.55877933,3057.92395649,3053.91442921,3057.65499674,3056.94589102
eth4h:row14038:1708948800,2024-02-26 12:00:00,3145.60000000,-0.00031554,-0.04963778,-0.01478919,-0.08957417,-0.03681751,-0.05217951,0.0001399528,-0.0006743941,0.0001503040,-0.0011598748,0.0000135444,-0.0001395001,3146.04026631,3143.47934093,3146.07283184,3141.95361304,3145.64260556,3145.16121919
eth4h:row14039:1708963200,2024-02-26 16:00:00,3179.12000000,-0.00461846,-0.04852843,-0.01228204,-0.09107403,-0.03576886,-0.05476829,0.0000561627,-0.0006527920,0.0001991253,-0.0011890813,0.0000339647,-0.0001899109,3179.29855311,3177.04537307,3179.75310641,3175.34201440,3179.22797962,3178.51630766
eth4h:row14040:1708977600,2024-02-26 20:00:00,3175.94000000,-0.00091504,-0.05471016,-0.01244226,-0.08785282,-0.03905126,-0.05071466,0.0001282788,-0.0007731679,0.0001960055,-0.0011263551,-0.0000299529,-0.0001109754,3176.34743176,3173.48541420,3176.56256260,3172.36477751,3175.84487271,3175.58756834
eth4h:row14041:1708992000,2024-02-27 00:00:00,3216.56000000,0.00221248,-0.05505390,-0.01246467,-0.09018023,-0.03805263,-0.05183724,0.0001891804,-0.0007798615,0.0001955691,-0.0011716765,-0.0000105069,-0.0001328352,3217.16856754,3214.05250662,3217.18912110,3212.79343936,3216.52620413,3216.13275599
eth4h:row14042:1709006400,2024-02-27 04:00:00,3217.50000000,-0.00281953,-0.04862094,-0.01916030,-0.08421960,-0.04268854,-0.04766463,0.0000911930,-0.0006545934,0.0000651862,-0.0010556061,-0.0001007812,-0.0000515827,3217.79342677,3215.39453499,3217.70974335,3214.10537935,3217.17575289,3217.33403704
eth4h:row14043:1709020800,2024-02-27 08:00:00,3254.89000000,0.00750018,-0.05677304,-0.01743772,-0.08579196,-0.04060221,-0.04403717,0.0002921470,-0.0008133379,0.0000987296,-0.0010862243,-0.0000601545,0.0000190544,3255.84104535,3252.24375101,3255.21136981,3251.35637876,3254.69420968,3254.95202043
eth4h:row14044:1709035200,2024-02-27 12:00:00,3229.78000000,0.00202275,-0.05351514,-0.02712378,-0.07984017,-0.04659720,-0.04241947,0.0001854859,-0.0007498973,-0.0000898854,-0.0009703260,-0.0001768938,0.0000505556,3230.37913435,3227.35890462,3229.48970309,3226.64758032,3229.20872240,3229.94328749
eth4h:row14045:1709049600,2024-02-27 16:00:00,3250.72000000,-0.00118028,-0.05027674,-0.02560410,-0.08102308,-0.04487115,-0.04565249,0.0001231138,-0.0006868365,-0.0000602929,-0.0009933607,-0.0001432828,-0.0000124004,3251.12023302,3248.48805327,3250.52401064,3247.49246570,3250.25426110,3250.67968994
eth4h:row14046:1709064000,2024-02-27 20:00:00,3242.36000000,-0.00194715,-0.04733162,-0.02716270,-0.07919140,-0.04851862,-0.04222908,0.0001081806,-0.0006294866,-0.0000906433,-0.0009576927,-0.0002143094,0.0000542630,3242.71077931,3240.31962009,3242.06611516,3239.25630188,3241.66520629,3242.53594510
eth4h:row14047:1709078400,2024-02-28 00:00:00,3248.82000000,-0.00325405,-0.04671153,-0.03115597,-0.07675652,-0.05533008,-0.03834764,0.0000827317,-0.0006174118,-0.0001684036,-0.0009102787,-0.0003469477,0.0001298457,3249.08879144,3246.81475915,3248.27293293,3245.86401395,3247.69302473,3249.24187268
eth4h:row14048:1709092800,2024-02-28 04:00:00,3302.99000000,-0.00357883,-0.04530062,-0.02868518,-0.07572940,-0.05185695,-0.03635206,0.0000764072,-0.0005899373,-0.0001202903,-0.0008902777,-0.0002793161,0.0001687053,3303.24238178,3301.04201767,3302.59270617,3300.05073019,3302.06755043,3303.54727884
eth4h:row14049:1709107200,2024-02-28 08:00:00,3296.13000000,-0.00055610,-0.05030838,-0.02052810,-0.08312561,-0.04408792,-0.04338785,0.0001352683,-0.0006874526,0.0000385511,-0.0010343029,-0.0001280311,0.0000316984,3296.57589212,3293.86484562,3296.25707182,3292.72256581,3295.70801973,3296.23448379
eth4h:row14050:1709121600,2024-02-28 12:00:00,3348.39000000,0.00002284,-0.05169080,-0.02177742,-0.08404246,-0.04663923,-0.04199650,0.0001465419,-0.0007143723,0.0000142234,-0.0010521566,-0.0001777124,0.0000587920,3348.88071547,3345.99885704,3348.43762584,3344.86882212,3347.79500250,3348.58686428
eth4h:row14051:1709136000,2024-02-28 16:00:00,3299.12000000,-0.00138562,-0.05182980,-0.02226475,-0.08551615,-0.04595419,-0.03941188,0.0001191153,-0.0007170790,0.0000047338,-0.0010808536,-0.0001643726,0.0001091219,3299.51299892,3296.75511830,3299.13561725,3295.55606060,3298.57775950,3299.48002589
eth4h:row14052:1709150400,2024-02-28 20:00:00,3383.10000000,-0.00026893,-0.05278853,-0.02881679,-0.08161925,-0.05220310,-0.03802993,0.0001408604,-0.0007357481,-0.0001228531,-0.0010049698,-0.0002860567,0.0001360324,3383.57657851,3380.61180597,3382.68440126,3379.70179458,3382.13237986,3383.56024240
eth4h:row14053:1709164800,2024-02-29 00:00:00,3407.15000000,0.00122650,-0.05292137,-0.02467498,-0.08420229,-0.04453394,-0.04143862,0.0001699805,-0.0007383350,-0.0000422003,-0.0010552689,-0.0001367163,0.0000696556,3407.72919838,3404.63531046,3407.00622018,3403.55643687,3406.68421890,3407.38733528
eth4h:row14054:1709179200,2024-02-29 04:00:00,3467.99000000,0.00014741,-0.05304331,-0.02534368,-0.08353187,-0.04513760,-0.04098178,0.0001489677,-0.0007407094,-0.0000552219,-0.0010422140,-0.0001484713,0.0000785516,3468.50665707,3465.42217828,3467.79849627,3464.37749513,3467.47514126,3468.26242669
eth4h:row14055:1709193600,2024-02-29 08:00:00,3513.87000000,0.00243468,-0.05132061,-0.02438995,-0.08415754,-0.04435968,-0.03913388,0.0001935073,-0.0007071637,-0.0000366500,-0.0010543976,-0.0001333229,0.0001145353,3514.55002544,3511.38599715,3513.74121903,3510.16693664,3513.40155178,3514.27248512
eth4h:row14056:1709208000,2024-02-29 12:00:00,3468.42000000,-0.00666003,-0.04334763,-0.02545765,-0.08550347,-0.04487904,-0.04137444,0.0000164074,-0.0005519070,-0.0000574411,-0.0010806067,-0.0001434364,0.0000709053,3468.47690827,3466.50628282,3468.22077583,3464.67402648,3467.92253784,3468.66593820
eth4h:row14057:1709222400,2024-02-29 16:00:00,3403.26000000,-0.00574022,-0.04450230,-0.02780637,-0.07982336,-0.04977544,-0.03822366,0.0000343189,-0.0005743918,-0.0001031774,-0.0009699987,-0.0002387832,0.0001322599,3403.37679814,3401.30575654,3402.90887867,3399.96044264,3402.44745584,3403.71014457
eth4h:row14058:1709236800,2024-02-29 20:00:00,3340.09000000,-0.00309097,-0.04541148,-0.02581396,-0.08070095,-0.04730365,-0.03648660,0.0000859073,-0.0005920961,-0.0000643796,-0.0009870879,-0.0001906505,0.0001660853,3340.37695035,3338.11293096,3339.87497324,3336.79466428,3339.45327074,3340.64478608
eth4h:row14059:1709251200,2024-03-01 00:00:00,3367.79000000,-0.00526576,-0.04360834,-0.02720096,-0.08149217,-0.04996185,-0.03789596,0.0000435578,-0.0005569838,-0.0000913884,-0.0010024952,-0.0002424132,0.0001386413,3367.93669687,3365.91471785,3367.48223700,3364.41549835,3366.97370233,3368.25694704
eth4h:row14060:1709265600,2024-03-01 04:00:00,3365.41000000,0.00239159,-0.05106694,-0.02036026,-0.08690394,-0.04509839,-0.03622196,0.0001926682,-0.0007022239,0.0000418195,-0.0011078778,-0.0001477077,0.0001712387,3366.05846988,3363.04755837,3365.55074282,3361.68360145,3364.91293968,3365.98633788
eth4h:row14061:1709280000,2024-03-01 08:00:00,3410.90000000,-0.00142269,-0.04835966,-0.02405086,-0.08601345,-0.04753938,-0.03899186,0.0001183933,-0.0006495056,-0.0000300469,-0.0010905374,-0.0001952408,0.0001173009,3411.30385166,3408.68532073,3410.79751444,3407.18231351,3410.23411799,3411.30012499
eth4h:row14062:1709294400,2024-03-01 12:00:00,3390.76000000,0.00049801,-0.05066049,-0.02643832,-0.08523364,-0.05053353,-0.03709697,0.0001557948,-0.0006943092,-0.0000765376,-0.0010753523,-0.0002535453,0.0001541998,3391.28830392,3388.40658108,3390.50048916,3387.11569815,3389.90039770,3391.28289476
eth4h:row14063:1709308800,2024-03-01 16:00:00,3427.73000000,-0.00217455,-0.04822397,-0.02459249,-0.08836067,-0.04977775,-0.03644789,0.0001037526,-0.0006468633,-0.0000405940,-0.0011362444,-0.0002388283,0.0001668392,3428.08565435,3425.51344422,3427.59085769,3423.83747298,3426.91145889,3428.30192745
eth4h:row14064:1709323200,2024-03-01 20:00:00,3433.43000000,-0.00216352,-0.04609925,-0.02949896,-0.08561555,-0.05513967,-0.03407236,0.0001039673,-0.0006054888,-0.0001361370,-0.0010827890,-0.0003432400,0.0002130975,3433.78698309,3431.35172569,3432.96261505,3429.71433163,3432.25171177,3434.16173326
eth4h:row14065:1709337600,2024-03-02 00:00:00,3442.34000000,-0.00143825,-0.04735456,-0.02077242,-0.09050718,-0.04634313,-0.03725242,0.0001180904,-0.0006299335,0.0000337935,-0.0011780430,-0.0001719465,0.0001511727,3442.74653124,3440.17223770,3442.45633064,3438.28716298,3441.74815271,3442.86042733
eth4h:row14066:1709352000,2024-03-02 04:00:00,3430.25000000,-0.00778704,-0.04153953,-0.02349308,-0.08847524,-0.04758233,-0.03975496,-0.0000055386,-0.0005166983,-0.0000191854,-0.0011384755,-0.0001960771,0.0001024411,3430.23100139,3428.47805338,3430.18419001,3426.34696674,3429.57747242,3430.60141650
eth4h:row14067:1709366400,2024-03-02 08:00:00,3403.39000000,-0.00219627,-0.04401089,-0.02032694,-0.09139429,-0.04323164,-0.03847902,0.0001033295,-0.0005648227,0.0000424683,-0.0011953176,-0.0001113569,0.0001272873,3403.74168888,3401.46823092,3403.53453942,3399.32429838,3403.01103004,3403.82323584
eth4h:row14068:1709380800,2024-03-02 12:00:00,3418.05000000,-0.00740318,-0.03871082,-0.01873895,-0.09121460,-0.04546475,-0.03735461,0.0000019362,-0.0004616152,0.0000733910,-0.0011918185,-0.0001548419,0.0001491828,3418.05661790,3416.47254038,3418.30086319,3413.97873144,3417.52078351,3418.55995222
eth4h:row14069:1709395200,2024-03-02 16:00:00,3426.19000000,0.00112600,-0.04621913,-0.02010575,-0.09176831,-0.04700042,-0.03501160,0.0001680236,-0.0006078232,0.0000467756,-0.0012026008,-0.0001847458,0.0001948079,3426.76572927,3424.10811486,3426.35026584,3422.07213764,3425.55708437,3426.85751393
eth4h:row14070:1709409600,2024-03-02 20:00:00,3421.40000000,0.00143088,-0.04696524,-0.01591375,-0.09387438,-0.04213595,-0.03774474,0.0001739605,-0.0006223522,0.0001284056,-0.0012436120,-0.0000900206,0.0001415859,3421.99524013,3419.27134650,3421.83935527,3417.14775052,3421.09201741,3421.88445626
eth4h:row14071:1709424000,2024-03-03 00:00:00,3431.56000000,-0.00032567,-0.04417615,-0.02024671,-0.08898497,-0.04978788,-0.03530953,0.0001397555,-0.0005680406,0.0000440306,-0.0011484012,-0.0002390254,0.0001890063,3432.03961282,3429.61128798,3431.71109701,3427.62145422,3430.73986785,3432.20864773
eth4h:row14072:1709438400,2024-03-03 04:00:00,3392.76000000,0.00416024,-0.04707530,-0.01671317,-0.09523334,-0.04564533,-0.03821366,0.0002271088,-0.0006244954,0.0001128387,-0.0012700747,-0.0001583582,0.0001324546,3393.53061312,3390.64189835,3393.14285627,3388.45367650,3392.22277122,3393.20941642
eth4h:row14073:1709452800,2024-03-03 08:00:00,3413.39000000,-0.00193744,-0.03867869,-0.02339831,-0.09042363,-0.05154250,-0.03517761,0.0001083698,-0.0004609896,-0.0000173399,-0.0011764161,-0.0002731929,0.0001915751,3413.75992828,3411.81682545,3413.33081266,3409.37679420,3412.45761357,3414.04398334
eth4h:row14074:1709467200,2024-03-03 12:00:00,3422.50000000,0.00325126,-0.04380380,-0.02246454,-0.09074977,-0.04994739,-0.03610779,0.0002094085,-0.0005607899,0.0000008432,-0.0011827670,-0.0002421316,0.0001734620,3423.21677579,3420.58123455,3422.50288578,3418.45437300,3421.67140509,3423.09372518
eth4h:row14075:1709481600,2024-03-03 16:00:00,3465.20000000,-0.00318076,-0.04009651,-0.02452239,-0.09079377,-0.05099768,-0.03639667,0.0000841587,-0.0004885985,-0.0000392290,-0.0011836238,-0.0002625837,0.0001678365,3465.49163908,3463.50732215,3465.06406630,3461.10093301,3464.29021425,3465.78163589
eth4h:row14076:1709496000,2024-03-03 20:00:00,3487.81000000,0.00054280,-0.04310641,-0.01897874,-0.09576783,-0.04615469,-0.03803944,0.0001566670,-0.0005472098,0.0000687216,-0.0012804828,-0.0001682770,0.0001358472,3488.35646769,3485.90195837,3488.04969605,3483.34677755,3487.22313119,3488.28384154
eth4h:row14077:1709510400,2024-03-04 00:00:00,3471.85000000,-0.00348400,-0.03730884,-0.01671722,-0.09665042,-0.04525731,-0.03943522,0.0000782538,-0.0004343147,0.0001127598,-0.0012976694,-0.0001508024,0.0001086675,3472.12169610,3470.34245183,3472.24150714,3467.34760838,3471.32647631,3472.22729776
eth4h:row14078:1709524800,2024-03-04 04:00:00,3478.61000000,-0.00638198,-0.03631908,-0.01320955,-0.09983130,-0.04622095,-0.04050343,0.0000218219,-0.0004150412,0.0001810641,-0.0013596101,-0.0001695672,0.0000878662,3478.68591087,3477.16653314,3479.23990854,3473.88366039,3478.02019176,3478.91566578
eth4h:row14079:1709539200,2024-03-04 08:00:00,3506.91000000,-0.00771516,-0.03636000,-0.00720164,-0.10435835,-0.04164183,-0.04505935,-0.0000041388,-0.0004158380,0.0002980552,-0.0014477646,-0.0000803988,-0.0000008503,3506.89548564,3505.45199676,3507.95540855,3501.83649344,3506.62806009,3506.90701811
eth4h:row14080:1709553600,2024-03-04 12:00:00,3560.42000000,-0.00708692,-0.03706470,-0.00997176,-0.10200675,-0.04496343,-0.04246461,0.0000080947,-0.0004295606,0.0002441130,-0.0014019723,-0.0001450797,0.0000496767,3560.44882059,3558.89091225,3561.28925084,3555.43188718,3559.90349292,3560.59687413
eth4h:row14081:1709568000,2024-03-04 16:00:00,3593.01000000,-0.00545620,-0.03800996,-0.00879731,-0.10352691,-0.04528128,-0.04224005,0.0000398495,-0.0004479674,0.0002669829,-0.0014315741,-0.0001512692,0.0000540495,3593.15318251,3591.40080906,3593.96940015,3587.87002004,3592.46652922,3593.20420558
eth4h:row14082:1709582400,2024-03-04 20:00:00,3627.76000000,-0.00460904,-0.04060899,-0.01007673,-0.10087220,-0.04557665,-0.04114144,0.0000563461,-0.0004985779,0.0002420690,-0.0013798795,-0.0001570208,0.0000754424,3627.96441598,3625.95172978,3628.63827468,3622.75758051,3627.19041094,3628.03369725
eth4h:row14083:1709596800,2024-03-05 00:00:00,3689.81000000,0.00148554,-0.04689054,-0.00739011,-0.10237840,-0.04285593,-0.04231306,0.0001750248,-0.0006208976,0.0002943852,-0.0014092094,-0.0001040408,0.0000526277,3690.45586480,3687.51971681,3690.89638519,3684.61394715,3689.42612925,3690.00419117
eth4h:row14084:1709611200,2024-03-05 04:00:00,3672.98000000,-0.00285997,-0.04372512,-0.01176682,-0.09762667,-0.04563321,-0.04118174,0.0000904055,-0.0005592578,0.0002091582,-0.0013166798,-0.0001581223,0.0000746578,3673.31207245,3670.92643144,3673.74831421,3668.14704398,3672.39926595,3673.25422680
eth4h:row14085:1709625600,2024-03-05 08:00:00,3731.45000000,-0.00183057,-0.04382755,-0.01250526,-0.09843597,-0.04462080,-0.04174232,0.0001104508,-0.0005612525,0.0001947786,-0.0013324391,-0.0001384077,0.0000637417,3731.86216454,3729.35630214,3732.17687752,3726.48138114,3730.93357437,3731.68785644
eth4h:row14086:1709640000,2024-03-05 12:00:00,3783.01000000,-0.00435521,-0.04257447,-0.01539722,-0.09414163,-0.04617582,-0.04156490,0.0000612888,-0.0005368514,0.0001384640,-0.0012488162,-0.0001686885,0.0000671964,3783.24186343,3780.97963098,3783.53384698,3778.28866462,3782.37190371,3783.26421323
eth4h:row14087:1709654400,2024-03-05 16:00:00,3376.46000000,-0.00333329,-0.05353677,-0.01272109,-0.09670058,-0.05296026,-0.03883704,0.0000811886,-0.0007503186,0.0001905758,-0.0012986461,-0.0003008007,0.0001203157,3376.73414107,3373.92752940,3377.10353302,3372.07801926,3375.44451104,3376.86626562
eth4h:row14088:1709668800,2024-03-05 20:00:00,3553.65000000,-0.00173145,-0.04959583,-0.01289543,-0.09677716,-0.05085307,-0.04098036,0.0001123810,-0.0006735773,0.0001871809,-0.0013001373,-0.0002597678,0.0000785791,3554.04938531,3551.25714791,3554.31523758,3549.03276928,3552.72699600,3553.92925365
eth4h:row14089:1709683200,2024-03-06 00:00:00,3538.01000000,-0.00653781,-0.03525986,-0.01280972,-0.09604461,-0.03829574,-0.05072490,0.0000187874,-0.0003944152,0.0001888499,-0.0012858726,-0.0000152408,-0.0001111747,3538.07647053,3536.61483030,3538.67821601,3533.46349349,3537.95607818,3537.61668450
eth4h:row14090:1709697600,2024-03-06 04:00:00,3786.60000000,-0.00460427,-0.03850912,-0.01243844,-0.09539019,-0.03743202,-0.05035342,0.0000564390,-0.0004576875,0.0001960797,-0.0012731290,0.0000015782,-0.0001039409,3786.81371788,3784.86731721,3787.34254836,3781.78223704,3786.60597589,3786.20643800
eth4h:row14091:1709712000,2024-03-06 08:00:00,3879.74000000,0.00187312,-0.04210709,-0.00983193,-0.10058154,-0.02831253,-0.05169580,0.0001825721,-0.0005277502,0.0002468359,-0.0013742195,0.0001791606,-0.0001300809,3880.44839685,3877.69300647,3880.69777739,3874.41204743,3880.43515899,3879.23535265
eth4h:row14092:1709726400,2024-03-06 12:00:00,3790.94000000,0.00513656,-0.04853232,-0.00824365,-0.10145946,-0.03614148,-0.04720471,0.0002461206,-0.0006528678,0.0002777643,-0.0013913150,0.0000267087,-0.0000426266,3791.87314322,3788.46582527,3791.99313419,3785.66927572,3791.04125258,3790.77840842
eth4h:row14093:1709740800,2024-03-06 16:00:00,3852.59000000,-0.00276761,-0.04982457,-0.00695559,-0.09248304,-0.04424755,-0.04410308,0.0000922039,-0.0006780314,0.0003028465,-0.0012165187,-0.0001311396,0.0000177709,3852.94524027,3849.97870836,3853.75691991,3847.90610170,3852.08480615,3852.65846478
eth4h:row14094:1709755200,2024-03-06 20:00:00,3818.59000000,-0.00947331,-0.03811212,-0.01511696,-0.08648619,-0.04323164,-0.04642715,-0.0000383751,-0.0004499568,0.0001439215,-0.0010997430,-0.0001113569,-0.0000274854,3818.44346393,3816.87218595,3819.13961668,3814.39284080,3818.16479721,3818.48504603
eth4h:row14095:1709769600,2024-03-07 00:00:00,3775.18000000,-0.00345855,-0.04178631,-0.01374265,-0.07892966,-0.05070886,-0.03403372,0.0000787494,-0.0005215038,0.0001706831,-0.0009525959,-0.0002569596,0.0002138499,3775.47730491,3773.21174256,3775.82441438,3771.58549127,3774.21005601,3775.98740815
eth4h:row14096:1709784000,2024-03-07 04:00:00,3789.22000000,-0.00292249,-0.04260761,-0.01958283,-0.08218302,-0.04991024,-0.03383488,0.0000891879,-0.0005374967,0.0000569582,-0.0010159480,-0.0002414082,0.0002177219,3789.55796769,3787.18385403,3789.43583320,3785.37230442,3788.30536177,3790.04508596
eth4h:row14097:1709798400,2024-03-07 08:00:00,3787.58000000,-0.00371831,-0.04922767,-0.02117243,-0.09191783,-0.03652615,-0.05422171,0.0000736912,-0.0006664081,0.0000260042,-0.0012055124,0.0000192181,-0.0001792676,3787.85912162,3785.05676668,3787.67849434,3783.01677651,3787.65279062,3786.90107055
eth4h:row14098:1709812800,2024-03-07 12:00:00,3837.16000000,-0.00689929,-0.04969679,-0.01875522,-0.09148213,-0.04008993,-0.05324795,0.0000117485,-0.0006755432,0.0000730741,-0.0011970282,-0.0000501788,-0.0001603057,3837.20508105,3834.56870797,3837.44040726,3832.56955945,3836.96746076,3836.54493073
eth4h:row14099:1709827200,2024-03-07 16:00:00,3870.19000000,-0.00686066,-0.05037151,-0.03432044,-0.08816819,-0.05560082,-0.04526415,0.0000125006,-0.0006886820,-0.0002300249,-0.0011324963,-0.0003522200,-0.0000048384,3870.23837997,3867.52558732,3869.29986244,3865.80950523,3868.82708189,3870.17127468
eth4h:row14100:1709841600,2024-03-07 20:00:00,3868.76000000,-0.00001912,-0.05423434,-0.02540394,-0.08879541,-0.05274151,-0.03635978,0.0001457248,-0.0007639022,-0.0000563953,-0.0011447100,-0.0002965409,0.0001685550,3869.32381540,3865.80577405,3868.54182610,3864.33392549,3867.61292437,3869.41215367
eth4h:row14101:1709856000,2024-03-08 00:00:00,3900.85000000,0.00364242,-0.05775326,-0.00041267,-0.09140900,-0.03079280,-0.04347786,0.0002170255,-0.0008324257,0.0004302557,-0.0011956040,0.0001308626,0.0000299458,3901.69667561,3897.60418337,3902.52872408,3896.18891507,3901.36050889,3900.96681587
eth4h:row14102:1709870400,2024-03-08 04:00:00,3908.16000000,0.00791396,-0.06235301,-0.00031486,-0.09602755,-0.02403097,-0.05074327,0.0003002044,-0.0009219959,0.0004321604,-0.0012855404,0.0002625347,-0.0001115325,3909.33342299,3904.55835316,3909.84931687,3903.13913041,3909.18616246,3907.72413736
eth4h:row14103:1709884800,2024-03-08 08:00:00,3950.46000000,-0.00888943,-0.04818074,0.00077543,-0.09730257,-0.02377094,-0.04814302,-0.0000270052,-0.0006460215,0.0004533914,-0.0013103686,0.0002675982,-0.0000608982,3950.35331852,3947.90874196,3952.25151059,3945.28683133,3951.51727732,3950.21943134
eth4h:row14104:1709899200,2024-03-08 12:00:00,3900.75000000,-0.00391175,-0.05317476,-0.00889435,-0.09140714,-0.03439090,-0.04502287,0.0000699242,-0.0007432693,0.0002650933,-0.0011955677,0.0000607974,-0.0000001400,3901.02276653,3897.85176958,3901.78419970,3896.08917587,3900.98716258,3900.74945406
eth4h:row14105:1709913600,2024-03-08 16:00:00,3928.82000000,0.02006770,-0.07024445,-0.02202180,-0.08493607,-0.03970342,-0.04546691,0.0005368723,-0.0010756645,0.0000094646,-0.0010695577,-0.0000426524,-0.0000087867,3930.92984113,3924.59618004,3928.85718508,3924.62014681,3928.65242989,3928.78547890
eth4h:row14106:1709928000,2024-03-08 20:00:00,3883.36000000,0.01944293,-0.06650381,-0.01752767,-0.08192688,-0.03589765,-0.04348619,0.0005247062,-0.0010028236,0.0000969781,-0.0010109603,0.0000314568,0.0000297836,3885.39815770,3879.46762690,3883.73661927,3879.43606104,3883.48215983,3883.47566220
eth4h:row14107:1709942400,2024-03-09 00:00:00,3923.21000000,0.03209094,-0.07853988,-0.01532528,-0.08699425,-0.03382064,-0.03832885,0.0007709990,-0.0012372001,0.0001398649,-0.0011096362,0.0000719020,0.0001302116,3926.23595727,3918.35920560,3923.75875788,3918.85907839,3923.49209662,3923.72088070
eth4h:row14108:1709956800,2024-03-09 04:00:00,3925.47000000,0.00938303,-0.05956358,-0.02194801,-0.08391438,-0.03493612,-0.04294761,0.0003288115,-0.0008676776,0.0000109016,-0.0010496626,0.0000501806,0.0000402711,3926.76095185,3922.06543481,3925.51279398,3921.35174272,3925.66698726,3925.62808637
eth4h:row14109:1709971200,2024-03-09 08:00:00,3912.49000000,-0.02197026,-0.03029129,-0.05160096,-0.05361651,-0.05683787,-0.02850824,-0.0002817262,-0.0002976631,-0.0005665256,-0.0004596770,-0.0003763088,0.0003214468,3911.38790439,3911.32556950,3910.27410183,3910.69193162,3911.01797247,3913.74785942
eth4h:row14110:1709985600,2024-03-09 12:00:00,3916.66000000,-0.00218361,-0.04955651,-0.03848555,-0.06525651,-0.05389611,-0.03160747,0.0001035762,-0.0006728116,-0.0003111314,-0.0006863407,-0.0003190245,0.0002610959,3917.06569369,3914.02571212,3915.44159347,3913.97275899,3915.41068897,3917.68275738
eth4h:row14111:1710000000,2024-03-09 16:00:00,3881.18000000,-0.02004426,-0.02889635,-0.05104884,-0.05597082,-0.06893205,-0.02825090,-0.0002442214,-0.0002704996,-0.0005557743,-0.0005055221,-0.0006118168,0.0003264580,3880.23224854,3880.13028439,3879.02353906,3879.21847364,3878.80615512,3882.44724897
eth4h:row14112:1710014400,2024-03-09 20:00:00,3905.21000000,-0.00512787,-0.04677226,-0.03424844,-0.06845221,-0.05477396,-0.03023606,0.0000462431,-0.0006185943,-0.0002286228,-0.0007485701,-0.0003361187,0.0002878012,3905.39059304,3902.79500647,3904.31728211,3902.28777027,3903.89760653,3906.33408593
eth4h:row14113:1710028800,2024-03-10 00:00:00,3935.00000000,0.00070180,-0.04937397,-0.03063473,-0.07142887,-0.05066530,-0.03636225,0.0001597631,-0.0006692570,-0.0001582536,-0.0008065341,-0.0002561113,0.0001685068,3935.62871816,3932.36735470,3934.37732147,3931.82756787,3933.99233123,3935.66313012
eth4h:row14114:1710043200,2024-03-10 04:00:00,3944.82000000,-0.00602113,-0.04581055,-0.02895614,-0.07541887,-0.04828321,-0.04108448,0.0000288487,-0.0005998671,-0.0001255667,-0.0008842309,-0.0002097253,0.0000765517,3944.93380439,3942.45434176,3944.32469293,3941.33340995,3943.99275816,3945.12199429
eth4h:row14115:1710057600,2024-03-10 08:00:00,3932.72000000,-0.00922542,-0.04273410,-0.02699867,-0.07754049,-0.04460422,-0.04226082,-0.0000335479,-0.0005399599,-0.0000874491,-0.0009255447,-0.0001380849,0.0000536450,3932.58806773,3930.59706199,3932.37610215,3929.08177569,3932.17698833,3932.93097637
eth4h:row14116:1710072000,2024-03-10 12:00:00,3883.69000000,-0.01180231,-0.04014024,-0.03009483,-0.07750960,-0.04853053,-0.04531483,-0.0000837272,-0.0004894501,-0.0001477402,-0.0009249432,-0.0002145414,-0.0000058252,3883.36484307,3881.78959262,3883.11626522,3880.09946810,3882.85687720,3883.66737672
eth4h:row14117:1710086400,2024-03-10 16:00:00,3898.00000000,-0.01217787,-0.03641875,-0.02973809,-0.07387713,-0.04788566,-0.04347187,-0.0000910406,-0.0004169821,-0.0001407936,-0.0008542087,-0.0002019838,0.0000300625,3897.64513987,3896.37494252,3897.45122523,3894.67171629,3897.21274677,3898.11718523
eth4h:row14118:1710100800,2024-03-10 20:00:00,3878.47000000,-0.00592797,-0.04062194,-0.02669480,-0.07355845,-0.04441176,-0.04223733,0.0000306628,-0.0004988301,-0.0000815320,-0.0008480031,-0.0001343371,0.0000541023,3878.58892651,3876.53578497,3878.15379343,3875.18243936,3877.94901270,3878.67983979
eth4h:row14119:1710115200,2024-03-11 00:00:00,3866.93000000,-0.00218122,-0.04523350,-0.02050623,-0.07896177,-0.04085200,-0.04445135,0.0001036226,-0.0005886304,0.0000389770,-0.0009532212,-0.0000650184,0.0000109891,3867.33072213,3864.65447733,3867.08072445,3863.24571648,3866.67858650,3866.97249448
eth4h:row14120:1710129600,2024-03-11 04:00:00,4001.40000000,-0.00553523,-0.04139286,-0.01616189,-0.08113639,-0.03578524,-0.04597283,0.0000383104,-0.0005138422,0.0001235738,-0.0009955672,0.0000336456,-0.0000186385,4001.55329837,3999.34443996,4001.89449861,3997.41831985,4001.53463192,4001.32542079
eth4h:row14121:1710144000,2024-03-11 08:00:00,4034.25000000,-0.00485264,-0.04022431,-0.01961353,-0.08147109,-0.03681456,-0.04887531,0.0000516025,-0.0004910872,0.0000563604,-0.0010020846,0.0000136019,-0.0000751579,4034.45818260,4032.26931770,4034.47737846,4030.20936492,4034.30487365,4033.94680547
eth4h:row14122:1710158400,2024-03-11 12:00:00,4018.00000000,-0.00524633,-0.04130258,-0.02898320,-0.07416549,-0.04625844,-0.04410567,0.0000439362,-0.0005120841,-0.0001260937,-0.0008598240,-0.0001702973,0.0000177205,4018.17653963,4015.94297290,4017.49338753,4014.54671195,4017.31580375,4018.07120143
eth4h:row14123:1710172800,2024-03-11 16:00:00,4031.71000000,-0.00545042,-0.04102172,-0.02976432,-0.07202455,-0.04559479,-0.04528403,0.0000399621,-0.0005066150,-0.0001413043,-0.0008181338,-0.0001573741,-0.0000052254,4031.87111876,4029.66799257,4031.14034236,4028.41287054,4031.07556327,4031.68893259
eth4h:row14124:1710187200,2024-03-11 20:00:00,4064.80000000,-0.00253307,-0.04186997,-0.03318700,-0.06950134,-0.04707161,-0.04397466,0.0000967712,-0.0005231328,-0.0002079535,-0.0007689997,-0.0001861319,0.0000202716,4065.19337445,4062.67412589,4063.95479836,4061.67537156,4064.04348147,4064.88240089
eth4h:row14125:1710201600,2024-03-12 00:00:00,4028.69000000,-0.00765346,-0.03887306,-0.02692440,-0.07299757,-0.04205864,-0.04708124,-0.0000029375,-0.0004647745,-0.0000860029,-0.0008370812,-0.0000885152,-0.0000402223,4028.67816574,4026.81800260,4028.34353580,4025.31907030,4028.33341547,4028.52796006
eth4h:row14126:1710216000,2024-03-12 04:00:00,4027.13000000,-0.01285463,-0.03447874,-0.02973160,-0.07317248,-0.04314859,-0.04595362,-0.0001042189,-0.0003792046,-0.0001406671,-0.0008404872,-0.0001097397,-0.0000182644,4026.71031892,4025.60318337,4026.56355525,4023.74667073,4026.68808829,4027.05644745
eth4h:row14127:1710230400,2024-03-12 08:00:00,4020.83000000,-0.00934799,-0.03793545,-0.02640900,-0.07431182,-0.04040062,-0.04844479,-0.0000359348,-0.0004465166,-0.0000759666,-0.0008626735,-0.0000562289,-0.0000667744,4020.68551481,4019.03503354,4020.52456285,4017.36283241,4020.60391934,4020.56152041
eth4h:row14128:1710244800,2024-03-12 12:00:00,3988.46000000,-0.01654317,-0.03276874,-0.02787640,-0.07219596,-0.04400393,-0.04990157,-0.0001760453,-0.0003459061,-0.0001045412,-0.0008214716,-0.0001263956,-0.0000951421,3987.75791224,3987.08060606,3988.04306353,3985.18493857,3987.95590803,3988.08054760
eth4h:row14129:1710259200,2024-03-12 16:00:00,3980.23000000,-0.00574272,-0.04383975,-0.01782646,-0.08094122,-0.03569499,-0.05559865,0.0000342702,-0.0005614901,0.0000911597,-0.0009917666,0.0000354030,-0.0002060805,3980.36640542,3977.99576757,3980.59285306,3976.28449784,3980.37091474,3979.40983653
eth4h:row14130:1710273600,2024-03-12 20:00:00,3979.96000000,-0.00197362,-0.04660967,-0.01543542,-0.08003743,-0.03446064,-0.05240168,0.0001076652,-0.0006154283,0.0001377200,-0.0009741673,0.0000594394,-0.0001438265,3980.38852636,3977.51137372,3980.50815789,3976.08474103,3980.19657343,3979.38761756
eth4h:row14131:1710288000,2024-03-13 00:00:00,4043.78000000,-0.00018798,-0.05016227,-0.01645144,-0.08026113,-0.03330591,-0.05310898,0.0001424366,-0.0006846075,0.0001179352,-0.0009785233,0.0000819252,-0.0001575996,4044.35602341,4041.01254539,4044.25693221,4039.82500243,4044.11130117,4043.14275218
eth4h:row14132:1710302400,2024-03-13 04:00:00,4038.36000000,0.00086171,-0.05059293,-0.01510027,-0.08092415,-0.02850535,-0.05649360,0.0001628772,-0.0006929936,0.0001442465,-0.0009914343,0.0001754059,-0.0002235077,4039.01781041,4035.56241174,4038.94256119,4034.35821541,4039.06841418,4037.45749613
eth4h:row14133:1710316800,2024-03-13 08:00:00,4048.90000000,-0.00109242,-0.04960713,-0.02023849,-0.07510097,-0.03103042,-0.05383425,0.0001248246,-0.0006737973,0.0000441908,-0.0008780405,0.0001262356,-0.0001717226,4049.40543385,4046.17278112,4049.07892802,4045.34646228,4049.41114763,4048.20477192
eth4h:row14134:1710331200,2024-03-13 12:00:00,3962.80000000,-0.00179486,-0.04984301,-0.02813562,-0.07025832,-0.03774180,-0.05153998,0.0001111461,-0.0006783906,-0.0001095889,-0.0007837402,-0.0000044540,-0.0001270466,3963.24047416,3960.11258527,3962.36574479,3959.69541094,3962.78234977,3962.29657155
eth4h:row14135:1710345600,2024-03-13 16:00:00,4000.44000000,-0.00442772,-0.04662165,-0.02801779,-0.06983373,-0.03657416,-0.05238768,0.0000598769,-0.0006156615,-0.0001072943,-0.0007754722,0.0000182831,-0.0001435537,4000.67954108,3997.97784092,4000.01079869,3997.33897255,4000.51314125,3999.86576320
eth4h:row14136:1710360000,2024-03-13 20:00:00,4004.79000000,-0.00092166,-0.04684058,-0.02569869,-0.06987253,-0.03353584,-0.05314594,0.0001281499,-0.0006199247,-0.0000621349,-0.0007762278,0.0000774479,-0.0001583192,4005.30324641,4002.30810115,4004.54117064,4001.68257689,4005.10017474,4004.15601505
eth4h:row14137:1710374400,2024-03-14 00:00:00,3993.77000000,0.00132335,-0.05199610,-0.02683499,-0.06953166,-0.03603959,-0.05063390,0.0001718666,-0.0007203173,-0.0000842619,-0.0007695902,0.0000286928,-0.0001094027,3994.45645474,3990.89425429,3993.43349148,3990.69761614,3993.88459394,3993.33309472
eth4h:row14138:1710388800,2024-03-14 04:00:00,3963.46000000,-0.00515704,-0.04638907,-0.02787783,-0.07077961,-0.03648681,-0.05020740,0.0000456749,-0.0006111326,-0.0001045690,-0.0007938912,0.0000199841,-0.0001010975,3963.64103482,3961.03854034,3963.04556653,3960.31469273,3963.53920696,3963.05932434
eth4h:row14139:1710403200,2024-03-14 08:00:00,3955.04000000,-0.00324409,-0.04593064,-0.02693930,-0.07083178,-0.03301287,-0.05232435,0.0000829255,-0.0006022056,-0.0000862931,-0.0007949071,0.0000876315,-0.0001423205,3955.36798730,3952.65896980,3954.69872211,3951.89736000,3955.38660138,3954.47715678
eth4h:row14140:1710417600,2024-03-14 12:00:00,3845.81000000,-0.00525110,-0.04536000,-0.03008660,-0.06811136,-0.03868553,-0.05064622,0.0000438434,-0.0005910936,-0.0001475800,-0.0007419328,-0.0000228312,-0.0001096427,3845.97861697,3843.53743799,3845.24247711,3842.95772548,3845.72219657,3845.38835828
eth4h:row14141:1710432000,2024-03-14 16:00:00,3785.89000000,-0.00326340,-0.04778284,-0.03145513,-0.06765345,-0.03981201,-0.04839738,0.0000825495,-0.0006382732,-0.0001742291,-0.0007330160,-0.0000447670,-0.0000658514,3786.20253604,3783.47433898,3785.23044542,3783.11589897,3785.72052078,3785.64070210
eth4h:row14142:1710446400,2024-03-14 20:00:00,3881.70000000,0.00338520,-0.05106431,-0.02443006,-0.07367311,-0.03185257,-0.05159462,0.0002120166,-0.0007021728,-0.0000374311,-0.0008502360,0.0001102260,-0.0001281107,3882.52307199,3878.97533257,3881.55470630,3878.40104160,3882.12788797,3881.20274460
eth4h:row14143:1710460800,2024-03-15 00:00:00,3722.20000000,-0.00096010,-0.04697292,-0.02362749,-0.07320800,-0.03035475,-0.05552044,0.0001274013,-0.0006225017,-0.0000218027,-0.0008411790,0.0001393928,-0.0002045575,3722.67424328,3719.88364530,3722.11884693,3719.07028012,3722.71888420,3721.43867410
eth4h:row14144:1710475200,2024-03-15 04:00:00,3754.12000000,0.00014741,-0.05091456,-0.02069220,-0.07775243,-0.02689821,-0.05851609,0.0001489677,-0.0006992566,0.0000353558,-0.0009296718,0.0002067015,-0.0002628914,3754.67928438,3751.49582438,3754.25273208,3750.63152240,3754.89606243,3753.13320398
eth4h:row14145:1710489600,2024-03-15 08:00:00,3689.33000000,0.00142695,-0.04845543,-0.02198210,-0.07672819,-0.02774405,-0.05639838,0.0001738839,-0.0006513705,0.0000102377,-0.0009097271,0.0001902306,-0.0002216536,3689.97157074,3686.92766182,3689.36777028,3685.97524275,3690.03189004,3688.51233746
eth4h:row14146:1710504000,2024-03-15 12:00:00,3688.90000000,-0.00140851,-0.04758032,-0.02303078,-0.07623880,-0.03437322,-0.05325318,0.0001186696,-0.0006343295,-0.0000101832,-0.0009001971,0.0000611418,-0.0001604075,3689.33778609,3686.56076390,3688.86243538,3685.58075712,3689.12555290,3688.30832009
eth4h:row14147:1710518400,2024-03-15 16:00:00,3689.54000000,-0.00295340,-0.04488279,-0.02245518,-0.07630806,-0.02989235,-0.05696348,0.0000885861,-0.0005818010,0.0000010254,-0.0009015458,0.0001483970,-0.0002326576,3689.86685645,3687.39404632,3689.54378327,3686.21520965,3690.08755745,3688.68170030
eth4h:row14148:1710532800,2024-03-15 20:00:00,3742.19000000,0.00343300,-0.04632463,-0.01780834,-0.07767980,-0.02487186,-0.05696458,0.0002129474,-0.0006098776,0.0000915125,-0.0009282575,0.0002461601,-0.0002326791,3742.98697461,3739.90841784,3742.53247295,3738.71789581,3743.11129136,3741.31937196
eth4h:row14149:1710547200,2024-03-16 00:00:00,3735.52000000,0.00004293,-0.04447466,-0.02112212,-0.07610990,-0.03376428,-0.05095332,0.0001469331,-0.0005738536,0.0000269838,-0.0008976872,0.0000729995,-0.0001156227,3736.06891175,3733.37697344,3735.62079999,3732.16817636,3735.79270111,3735.08811395
eth4h:row14150:1710561600,2024-03-16 04:00:00,3740.19000000,0.00174208,-0.04679450,-0.02178225,-0.07953805,-0.03298115,-0.05044844,0.0001800203,-0.0006190275,0.0000141294,-0.0009644429,0.0000882493,-0.0001057913,3740.86337088,3737.87543601,3740.24284697,3736.58453925,3740.52008369,3739.79434152
eth4h:row14151:1710576000,2024-03-16 08:00:00,3692.29000000,-0.00011771,-0.04347658,-0.01966360,-0.07746594,-0.02765318,-0.05547681,0.0001438051,-0.0005544181,0.0000553855,-0.0009240930,0.0001920000,-0.0002037078,3692.82100817,3690.24349485,3692.49450486,3688.87955664,3692.99898772,3691.53792817
eth4h:row14152:1710590400,2024-03-16 12:00:00,3679.55000000,-0.00159620,-0.03950706,-0.02736720,-0.07087544,-0.03644791,-0.05145965,0.0001150146,-0.0004771203,-0.0000946255,-0.0007957573,0.0000207417,-0.0001254823,3679.97322631,3677.79483077,3679.20183703,3676.62313609,3679.62632101,3679.08831040
eth4h:row14153:1710604800,2024-03-16 16:00:00,3600.60000000,-0.00091725,-0.04156227,-0.02643481,-0.07677741,-0.03665921,-0.05015045,0.0001282358,-0.0005171411,-0.0000764692,-0.0009106855,0.0000166270,-0.0000999885,3601.06175546,3598.73846305,3600.32467566,3597.32247836,3600.65986767,3600.23999947
eth4h:row14154:1710619200,2024-03-16 20:00:00,3523.09000000,0.00160898,-0.04104784,-0.02134987,-0.07805791,-0.03397691,-0.04951584,0.0001774286,-0.0005071237,0.0000225489,-0.0009356205,0.0000688590,-0.0000876308,3523.71515224,3521.30381066,3523.16944270,3519.79526628,3523.33260469,3522.78128230
eth4h:row14155:1710633600,2024-03-17 00:00:00,3571.50000000,0.00144715,-0.04283530,-0.02037790,-0.07761109,-0.03165890,-0.05371929,0.0001742773,-0.0005419305,0.0000414760,-0.0009269195,0.0001139973,-0.0001694840,3572.12248574,3569.56501972,3571.64813451,3568.19104068,3571.90716472,3570.89473922
eth4h:row14156:1710648000,2024-03-17 04:00:00,3472.72000000,-0.00891395,-0.03575875,-0.02715262,-0.07398018,-0.03692214,-0.05428278,-0.0000274828,-0.0004041300,-0.0000904471,-0.0008562155,0.0000115070,-0.0001804567,3472.62456122,3471.31685320,3472.40591664,3469.74787595,3472.75996077,3472.09338099
eth4h:row14157:1710662400,2024-03-17 08:00:00,3578.99000000,-0.00392144,-0.03952260,-0.01899960,-0.07825495,-0.03459844,-0.05116611,0.0000697356,-0.0004774229,0.0000683153,-0.0009394574,0.0000567561,-0.0001197663,3579.23959184,3577.28171589,3579.23450829,3575.62927023,3579.19313515,3578.56138318
eth4h:row14158:1710676800,2024-03-17 12:00:00,3628.42000000,-0.00319778,-0.03497750,-0.02414116,-0.07576291,-0.03953142,-0.05005188,0.0000838274,-0.0003889168,-0.0000318054,-0.0008909303,-0.0000393030,-0.0000980690,3628.72417358,3627.00912091,3628.30459865,3625.18877029,3628.27739497,3628.06418185
eth4h:row14159:1710691200,2024-03-17 16:00:00,3651.18000000,-0.00028728,-0.04221037,-0.01954272,-0.07775202,-0.03413026,-0.05491585,0.0001405029,-0.0005297614,0.0000577393,-0.0009296639,0.0000658728,-0.0001927845,3651.69303760,3649.24625803,3651.39082268,3647.78720692,3651.42052155,3650.47617703
eth4h:row14160:1710705600,2024-03-17 20:00:00,3644.71000000,0.00116975,-0.04565451,-0.01142177,-0.08125426,-0.02593222,-0.05897964,0.0001688756,-0.0005968285,0.0002158773,-0.0009978624,0.0002255119,-0.0002719179,3645.32555445,3642.53538223,3645.49689517,3641.07489489,3645.53201825,3643.71907281
eth4h:row14161:1710720000,2024-03-18 00:00:00,3600.39000000,0.00669820,-0.04639275,-0.01705339,-0.07979611,-0.03154581,-0.05420094,0.0002765302,-0.0006112043,0.0001062136,-0.0009694680,0.0001161994,-0.0001788631,3601.38575420,3598.19009859,3600.77243069,3596.90122843,3600.80838757,3599.74608072
eth4h:row14162:1710734400,2024-03-18 04:00:00,3626.65000000,-0.00550537,-0.03572978,-0.02375820,-0.07357638,-0.03579717,-0.05184131,0.0000388919,-0.0004035659,-0.0000243480,-0.0008483522,0.0000334134,-0.0001329144,3626.79105022,3625.18670295,3626.56169926,3623.57462810,3626.77118058,3626.16799797
eth4h:row14163:1710748800,2024-03-18 08:00:00,3597.82000000,-0.00321512,-0.03713535,-0.02618906,-0.07006107,-0.03535857,-0.05445667,0.0000834896,-0.0004309363,-0.0000716837,-0.0007798993,0.0000419542,-0.0001838429,3598.12039307,3596.26990279,3597.56210415,3595.01515664,3597.97094669,3597.15862696
eth4h:row14164:1710763200,2024-03-18 12:00:00,3525.18000000,0.00385971,-0.04424801,-0.02624830,-0.06784326,-0.03477537,-0.05544209,0.0002212567,-0.0005694401,-0.0000728374,-0.0007367121,0.0000533108,-0.0002030318,3525.96005592,3523.17319251,3524.92324433,3522.58391349,3525.36793501,3524.46434917
eth4h:row14165:1710777600,2024-03-18 16:00:00,3478.89000000,-0.00851576,-0.03047742,-0.03212359,-0.06430991,-0.04305451,-0.05005782,-0.0000197289,-0.0003012876,-0.0001872460,-0.0006679078,-0.0001079076,-0.0000981848,3478.82136587,3477.84201158,3478.23865278,3476.56719797,3478.51462173,3478.54844266
eth4h:row14166:1710792000,2024-03-18 20:00:00,3520.46000000,-0.00431096,-0.03633884,-0.02686426,-0.07045405,-0.03618861,-0.05657316,0.0000621506,-0.0004154260,-0.0000848318,-0.0007875516,0.0000257909,-0.0002250569,3520.67880566,3518.99781329,3520.16136570,3517.68854759,3520.55079714,3519.66778516
eth4h:row14167:1710806400,2024-03-19 00:00:00,3419.17000000,-0.00533413,-0.03521468,-0.03200867,-0.06334175,-0.04078704,-0.05268171,0.0000422266,-0.0003935354,-0.0001850082,-0.0006490550,-0.0000637536,-0.0001492793,3419.31438282,3417.82470032,3418.53748398,3416.95149057,3418.95202263,3418.65962677
eth4h:row14168:1710820800,2024-03-19 04:00:00,3360.14000000,-0.00457798,-0.03996111,-0.03407296,-0.06250796,-0.04399899,-0.05089390,0.0000569508,-0.0004859620,-0.0002252058,-0.0006328187,-0.0001262994,-0.0001144655,3360.33136823,3358.50749634,3359.38336233,3358.01431330,3359.71564307,3359.75540177
eth4h:row14169:1710835200,2024-03-19 08:00:00,3276.51000000,-0.00675808,-0.03603947,-0.03351572,-0.06454885,-0.04067833,-0.05449671,0.0000144981,-0.0004095965,-0.0002143546,-0.0006725607,-0.0000616367,-0.0001846226,3276.55750354,3275.16822786,3275.80774016,3274.30708916,3276.30805310,3275.90513794
eth4h:row14170:1710849600,2024-03-19 12:00:00,3303.16000000,-0.00276719,-0.04039332,-0.02731630,-0.06668054,-0.03537051,-0.05720613,0.0000922120,-0.0004943783,-0.0000936343,-0.0007140706,0.0000417217,-0.0002373827,3303.46460518,3301.52739290,3302.85072529,3300.80215239,3303.29781645,3302.37598001
eth4h:row14171:1710864000,2024-03-19 16:00:00,3333.26000000,-0.00412398,-0.03801155,-0.03250947,-0.06462814,-0.03873625,-0.05583621,0.0000657917,-0.0004479985,-0.0001947602,-0.0006741046,-0.0000238189,-0.0002107064,3333.47930797,3331.76703910,3332.61087690,3331.01379114,3333.18060627,3332.55773476
eth4h:row14172:1710878400,2024-03-19 20:00:00,3158.64000000,-0.00169681,-0.04414879,-0.02802571,-0.07012141,-0.03570166,-0.05616485,0.0001130554,-0.0005675079,-0.0001074487,-0.0007810742,0.0000352732,-0.0002171061,3158.99712145,3156.84795542,3158.30062663,3156.17383112,3158.75141728,3157.95431455
eth4h:row14173:1710892800,2024-03-20 00:00:00,3161.02000000,-0.00583904,-0.04371852,-0.02444347,-0.07012753,-0.03464085,-0.05932427,0.0000323945,-0.0005591293,-0.0000376923,-0.0007811934,0.0000559302,-0.0002786289,3161.12240134,3159.25307514,3160.90085619,3158.55159620,3161.19680157,3160.13937113
eth4h:row14174:1710907200,2024-03-20 04:00:00,3218.48000000,-0.00092595,-0.04049683,-0.02960732,-0.06749141,-0.03339982,-0.05967780,0.0001280664,-0.0004963938,-0.0001382471,-0.0007298607,0.0000800966,-0.0002855131,3218.89220539,3216.88276285,3218.03508531,3216.13181497,3218.73779960,3217.56121282
eth4h:row14175:1710921600,2024-03-20 08:00:00,3293.26000000,-0.00550639,-0.03630944,-0.03119096,-0.06331912,-0.03560626,-0.05660131,0.0000388722,-0.0004148535,-0.0001690850,-0.0006486143,0.0000371310,-0.0002256051,3293.38801880,3291.89406308,3292.70320634,3291.12463719,3293.38228428,3292.51710763
eth4h:row14176:1710936000,2024-03-20 12:00:00,3292.55000000,-0.00245969,-0.03946905,-0.03098282,-0.06299172,-0.03843904,-0.05117599,0.0000981999,-0.0004763801,-0.0001650319,-0.0006422390,-0.0000180314,-0.0001199587,3292.87334412,3290.98186832,3292.00666907,3290.43607494,3292.49063131,3292.15505364
eth4h:row14177:1710950400,2024-03-20 16:00:00,3379.01000000,0.00340415,-0.04529190,-0.03031501,-0.06544611,-0.03325667,-0.05585439,0.0002123857,-0.0005897675,-0.0001520277,-0.0006900328,0.0000828841,-0.0002110604,3379.72772951,3377.01775711,3378.49633583,3376.67917643,3379.29007777,3378.29690002
eth4h:row14178:1710964800,2024-03-20 20:00:00,3516.53000000,-0.00667958,-0.03190942,-0.03493002,-0.05763896,-0.03721786,-0.05381519,0.0000160267,-0.0003291727,-0.0002418951,-0.0005380055,0.0000057486,-0.0001713515,3516.58635887,3515.37264494,3515.67947165,3514.63859631,3516.55021520,3515.92748890
eth4h:row14179:1710979200,2024-03-21 00:00:00,3510.59000000,-0.00119113,-0.03982693,-0.03311053,-0.06170166,-0.03699166,-0.05546149,0.0001229025,-0.0004833490,-0.0002064644,-0.0006171178,0.0000101532,-0.0002034096,3511.02148689,3508.89356971,3509.86526299,3508.42422088,3510.62564393,3509.87598508
eth4h:row14180:1710993600,2024-03-21 04:00:00,3516.03000000,-0.00541048,-0.03829207,-0.04082378,-0.05622718,-0.04601429,-0.04875686,0.0000407397,-0.0004534609,-0.0003566634,-0.0005105141,-0.0001655430,-0.0000728514,3516.17324505,3514.43597941,3514.77618428,3514.23547510,3515.44799390,3515.77386163
eth4h:row14181:1711008000,2024-03-21 08:00:00,3531.18000000,-0.00245379,-0.03824228,-0.03569057,-0.05783806,-0.03908888,-0.05114543,0.0000983149,-0.0004524914,-0.0002567052,-0.0005418824,-0.0000306856,-0.0001193636,3531.52718451,3529.58253279,3530.27364398,3529.26703389,3531.07164527,3530.75853089
eth4h:row14182:1711022400,2024-03-21 12:00:00,3497.60000000,-0.00175368,-0.04142185,-0.03412297,-0.06143169,-0.03888024,-0.05572665,0.0001119481,-0.0005144066,-0.0002261796,-0.0006118608,-0.0000266227,-0.0002085731,3497.99157161,3495.80127422,3496.80900383,3495.46061026,3497.50688578,3496.87057083
eth4h:row14183:1711036800,2024-03-21 16:00:00,3441.38000000,-0.00399541,-0.04118812,-0.03163281,-0.06447600,-0.03695405,-0.05527217,0.0000682952,-0.0005098553,-0.0001776890,-0.0006711420,0.0000108857,-0.0001997230,3441.61503791,3439.62584139,3440.76855889,3439.07112013,3441.41746216,3440.69274600
eth4h:row14184:1711051200,2024-03-21 20:00:00,3492.85000000,-0.00837581,-0.03847176,-0.03315290,-0.06479861,-0.03709753,-0.05508240,-0.0000170037,-0.0004569600,-0.0002072896,-0.0006774242,0.0000080917,-0.0001960277,3492.79060920,3491.25427186,3492.12604346,3490.48466027,3492.87826325,3492.16537182
eth4h:row14185:1711065600,2024-03-22 00:00:00,3522.01000000,-0.00447451,-0.04241620,-0.03301462,-0.06551021,-0.03987661,-0.05433338,0.0000589658,-0.0005337695,-0.0002045969,-0.0006912811,-0.0000460249,-0.0001814421,3522.21768413,3520.13056016,3521.28948149,3519.57614228,3521.84790358,3521.37101708
eth4h:row14186:1711080000,2024-03-22 04:00:00,3511.40000000,-0.00191598,-0.04832460,-0.02420541,-0.07013747,-0.03292617,-0.05892705,0.0001087876,-0.0006488228,-0.0000330566,-0.0007813870,0.0000893199,-0.0002708939,3511.78201754,3509.12246252,3511.28392712,3508.65730946,3511.71365179,3510.44891197
eth4h:row14187:1711094400,2024-03-22 08:00:00,3405.19000000,0.00220914,-0.05099848,-0.02512821,-0.06888109,-0.03390326,-0.05592141,0.0001891154,-0.0007008908,-0.0000510261,-0.0007569218,0.0000702933,-0.0002123656,3405.83403463,3402.80416975,3405.01625094,3402.61351282,3405.42937034,3404.46693161
eth4h:row14188:1711108800,2024-03-22 12:00:00,3349.31000000,0.00240774,-0.05158950,-0.02155795,-0.07046489,-0.03017192,-0.05567335,0.0001929827,-0.0007123998,0.0000184970,-0.0007877628,0.0001429529,-0.0002075352,3349.95642132,3346.92480206,3349.37195275,3346.67257702,3349.78882784,3348.61497254
eth4h:row14189:1711123200,2024-03-22 16:00:00,3340.46000000,-0.00419240,-0.04327810,-0.02684620,-0.06648330,-0.03176806,-0.05541434,0.0000644592,-0.0005505531,-0.0000844801,-0.0007102300,0.0001118716,-0.0002024915,3340.67533039,3338.62140559,3340.17780946,3338.08834751,3340.83372342,3339.78365385
eth4h:row14190:1711137600,2024-03-22 20:00:00,3336.35000000,0.00884820,-0.05534916,-0.02810004,-0.06443913,-0.03256863,-0.05424067,0.0003183968,-0.0007856109,-0.0001088960,-0.0006704242,0.0000962822,-0.0001796367,3337.41245222,3333.72995647,3335.98670459,3334.11398001,3336.67124644,3335.75072301
eth4h:row14191:1711152000,2024-03-23 00:00:00,3303.56000000,0.00198926,-0.05180232,-0.03661993,-0.05609835,-0.04347438,-0.04721584,0.0001848336,-0.0007165439,-0.0002748024,-0.0005080053,-0.0001160838,-0.0000428434,3304.17066547,3301.19370198,3302.65229844,3301.88220008,3303.17653257,3303.41846732
eth4h:row14192:1711166400,2024-03-23 04:00:00,3365.28000000,-0.00022053,-0.04612029,-0.03874066,-0.05798026,-0.04295661,-0.05057991,0.0001418029,-0.0006058986,-0.0003160991,-0.0005446515,-0.0001060013,-0.0001083514,3365.75724030,3363.24159929,3364.21640607,3363.44759419,3364.92329485,3364.91538692
eth4h:row14193:1711180800,2024-03-23 08:00:00,3364.99000000,-0.00022720,-0.04304653,-0.03429755,-0.06024073,-0.03789795,-0.05513837,0.0001416729,-0.0005460439,-0.0002295792,-0.0005886694,-0.0000074948,-0.0001971176,3365.46676168,3363.15306937,3364.21755707,3363.00971624,3364.96478015,3364.32676678
eth4h:row14194:1711195200,2024-03-23 12:00:00,3405.50000000,-0.00034570,-0.04344475,-0.04601225,-0.04985436,-0.04936271,-0.04424154,0.0001393655,-0.0005537983,-0.0004576976,-0.0003864171,-0.0002307462,0.0000150747,3405.97464225,3403.61456192,3403.94166753,3404.18431062,3404.71428436,3405.55133730
eth4h:row14195:1711209600,2024-03-23 16:00:00,3386.12000000,0.00068749,-0.04775660,-0.04860946,-0.05027473,-0.05165678,-0.04194527,0.0001594846,-0.0006377622,-0.0005082727,-0.0003946031,-0.0002754182,0.0000597896,3386.66007697,3383.96114919,3384.39936499,3384.78409023,3385.18752946,3386.32246076
eth4h:row14196:1711224000,2024-03-23 20:00:00,3329.53000000,-0.00973331,-0.03828515,-0.04500386,-0.05181082,-0.04953413,-0.04571893,-0.0000434380,-0.0004533262,-0.0004380613,-0.0004245150,-0.0002340843,-0.0000136943,3329.38537509,3328.02097877,3328.07178105,3328.11686443,3328.75070044,3329.48440479
eth4h:row14197:1711238400,2024-03-24 00:00:00,3307.62000000,-0.00656747,-0.03914903,-0.04563835,-0.05061774,-0.04741427,-0.04617148,0.0000182099,-0.0004701484,-0.0004504167,-0.0004012824,-0.0001928045,-0.0000225067,3307.68023210,3306.06529315,3306.13052822,3306.29297642,3306.98233760,3307.54555729
eth4h:row14198:1711252800,2024-03-24 04:00:00,3341.80000000,-0.00785797,-0.03308657,-0.05167541,-0.04819243,-0.05129088,-0.04289094,-0.0000069198,-0.0003520951,-0.0005679753,-0.0003540547,-0.0002682931,0.0000413747,3341.77687561,3340.62357584,3339.90247900,3340.61702937,3340.90353841,3341.93826869
eth4h:row14199:1711267200,2024-03-24 08:00:00,3387.38000000,-0.00215899,-0.04066455,-0.04531642,-0.05472061,-0.04976983,-0.04086111,0.0001040555,-0.0004996600,-0.0004441479,-0.0004811770,-0.0002386739,0.0000809013,3387.73249398,3385.68788463,3385.87583634,3385.75046275,3386.57161725,3387.65405464
eth4h:row14200:1711281600,2024-03-24 12:00:00,3397.51000000,0.00161112,-0.04844302,-0.03743323,-0.06232418,-0.04513001,-0.04781986,0.0001774703,-0.0006511288,-0.0002906398,-0.0006292401,-0.0001483236,-0.0000546053,3398.11301077,3395.29850354,3396.52269191,3395.37282290,3397.00610646,3397.32448285
eth4h:row14201:1711296000,2024-03-24 16:00:00,3382.50000000,-0.00220161,-0.04545125,-0.03427383,-0.06618144,-0.04171842,-0.05261555,0.0001032257,-0.0005928706,-0.0002291172,-0.0007043517,-0.0000818902,-0.0001479910,3382.84917880,3380.49520954,3381.72509978,3380.11836907,3382.22301763,3381.99945761
eth4h:row14202:1711310400,2024-03-24 20:00:00,3454.98000000,-0.00179755,-0.04177739,-0.02747342,-0.07097970,-0.03537479,-0.05373355,0.0001110938,-0.0005213300,-0.0000966939,-0.0007977876,0.0000416383,-0.0001697617,3455.36384835,3453.17928474,3454.64594078,3452.22475914,3455.12386254,3454.39352657
eth4h:row14203:1711324800,2024-03-25 00:00:00,3454.97000000,0.00184865,-0.04414697,-0.03161236,-0.07104941,-0.04282635,-0.04603025,0.0001820956,-0.0005674725,-0.0001772909,-0.0007991450,-0.0001034647,-0.0000197565,3455.59919219,3453.00995575,3454.35751953,3452.21008106,3454.61255122,3454.90174266
eth4h:row14204:1711339200,2024-03-25 04:00:00,3444.60000000,0.00362218,-0.04614748,-0.02431663,-0.07413054,-0.03341824,-0.05128299,0.0002166314,-0.0006064281,-0.0000352224,-0.0008591433,0.0000797379,-0.0001220424,3445.34628937,3442.51173097,3444.47867515,3441.64186599,3444.87467627,3444.17963839
eth4h:row14205:1711353600,2024-03-25 08:00:00,3436.19000000,0.00411905,-0.04872064,-0.01810976,-0.07566594,-0.02785853,-0.05775420,0.0002263068,-0.0006565349,0.0000856430,-0.0008890419,0.0001880013,-0.0002480551,3436.96772104,3433.93476177,3436.48429827,3433.13644073,3436.83606904,3435.33774133
eth4h:row14206:1711368000,2024-03-25 12:00:00,3581.49000000,0.00226427,-0.04544014,-0.01541188,-0.08186626,-0.02683083,-0.06156229,0.0001901890,-0.0005926541,0.0001381785,-0.0010097799,0.0002080135,-0.0003222095,3582.17122472,3579.36804400,3581.98491903,3577.87530875,3582.23507573,3580.33619571
eth4h:row14207:1711382400,2024-03-25 16:00:00,3638.96000000,-0.00426297,-0.03937264,-0.02185407,-0.07939757,-0.03522351,-0.05330925,0.0000630850,-0.0004745027,0.0000127308,-0.0009617075,0.0000445841,-0.0001614994,3639.18957098,3637.23371329,3639.00632709,3635.46206721,3639.12224337,3638.37235746
eth4h:row14208:1711396800,2024-03-25 20:00:00,3590.42000000,0.00439544,-0.04839939,-0.01738581,-0.08010997,-0.03674988,-0.05341601,0.0002316888,-0.0006502792,0.0000997405,-0.0009755798,0.0000148615,-0.0001635782,3591.25195647,3588.08598365,3590.77812826,3586.91896672,3590.47335933,3589.83273359
eth4h:row14209:1711411200,2024-03-26 00:00:00,3623.00000000,0.00109000,-0.04686369,-0.02359607,-0.07396939,-0.03244293,-0.05905547,0.0001673226,-0.0006203747,-0.0000211910,-0.0008560054,0.0000987299,-0.0002733946,3623.60626046,3620.75307933,3622.92322578,3619.90001943,3623.35771597,3622.00962685
eth4h:row14210:1711425600,2024-03-26 04:00:00,3635.13000000,-0.00633501,-0.03990930,-0.02486339,-0.07273862,-0.03065991,-0.06066143,0.0000227366,-0.0004849531,-0.0000458692,-0.0008320387,0.0001334505,-0.0003046671,3635.21265128,3633.36755987,3634.96326327,3632.10668913,3635.61514226,3634.02266407
eth4h:row14211:1711440000,2024-03-26 08:00:00,3631.60000000,-0.00576501,-0.03814174,-0.02615389,-0.07246888,-0.03856419,-0.05228717,0.0000338361,-0.0004505337,-0.0000709989,-0.0008267861,-0.0000204684,-0.0001415965,3631.72288112,3629.96421048,3631.34216949,3628.59868460,3631.52566787,3631.08581444
eth4h:row14212:1711454400,2024-03-26 12:00:00,3593.35000000,-0.00809397,-0.03637831,-0.03423044,-0.06817961,-0.04185430,-0.05037288,-0.0000115154,-0.0004161946,-0.0002282723,-0.0007432618,-0.0000845361,-0.0001043198,3593.30862121,3591.85477829,3592.52983152,3590.68019247,3593.04624494,3592.97516193
eth4h:row14213:1711468800,2024-03-26 16:00:00,3560.82000000,-0.00778185,-0.04156181,-0.03351667,-0.06266671,-0.04144492,-0.05250695,-0.0000054376,-0.0005171321,-0.0002143732,-0.0006359101,-0.0000765643,-0.0001458762,3560.80063778,3558.97906162,3560.05673741,3558.55635831,3560.54737858,3560.30059893
eth4h:row14214:1711483200,2024-03-26 20:00:00,3587.33000000,0.00117476,-0.05098085,-0.01975396,-0.07317932,-0.03077327,-0.06147923,0.0001689731,-0.0007005476,0.0000536259,-0.0008406204,0.0001312430,-0.0003205921,3587.93621336,3584.81778477,3587.52237890,3584.31568432,3587.80084299,3586.18011458
eth4h:row14215:1711497600,2024-03-27 00:00:00,3603.11000000,0.00025470,-0.04895766,-0.02053907,-0.07624777,-0.03523527,-0.05907754,0.0001510569,-0.0006611503,0.0000383375,-0.0009003718,0.0000443552,-0.0002738243,3603.65431587,3600.72859005,3603.24813694,3599.86732145,3603.26982005,3602.12351595
eth4h:row14216:1711512000,2024-03-27 04:00:00,3565.21000000,-0.00234925,-0.05030119,-0.01836881,-0.07693389,-0.03757598,-0.05518698,0.0001003507,-0.0006873127,0.0000805987,-0.0009137326,-0.0000012251,-0.0001980641,3565.56778917,3562.76042774,3565.49736299,3561.95383937,3565.20563210,3564.50392989
eth4h:row14217:1711526400,2024-03-27 08:00:00,3585.07000000,0.00096346,-0.05391179,-0.02388283,-0.07150304,-0.03584725,-0.05918514,0.0001648585,-0.0007576213,-0.0000267750,-0.0008079785,0.0000324383,-0.0002759196,3585.66107793,3582.35490334,3584.97401102,3582.17451026,3585.18629528,3584.08094532
eth4h:row14218:1711540800,2024-03-27 12:00:00,3514.30000000,0.00585295,-0.05788456,-0.02249661,-0.07160971,-0.03319486,-0.06061230,0.0002600707,-0.0008349824,0.0000002187,-0.0008100556,0.0000840877,-0.0003037104,3515.21408533,3511.36684622,3514.30076871,3511.45437443,3514.59552185,3513.23283244
eth4h:row14219:1711555200,2024-03-27 16:00:00,3491.18000000,0.00446768,-0.05650404,-0.02487489,-0.07234205,-0.04051176,-0.05246180,0.0002330955,-0.0008080998,-0.0000460932,-0.0008243165,-0.0000583930,-0.0001449970,3491.99387332,3488.35991790,3491.01908397,3488.30334869,3490.97614543,3490.67382604
eth4h:row14220:1711569600,2024-03-27 20:00:00,3501.19000000,0.00529451,-0.05462539,-0.02717426,-0.07288349,-0.03563945,-0.05665553,0.0002491964,-0.0007715171,-0.0000908685,-0.0008348597,0.0000364846,-0.0002266610,3502.06259256,3498.48981371,3500.87186673,3498.26821737,3501.31774199,3500.39650671
eth4h:row14221:1711584000,2024-03-28 00:00:00,3496.61000000,-0.00017326,-0.05105107,-0.02538052,-0.06895183,-0.03374046,-0.06094455,0.0001427233,-0.0007019148,-0.0000559392,-0.0007582992,0.0000734634,-0.0003101803,3497.10908338,3494.15653873,3496.41440790,3493.95952854,3496.86688213,3495.52558858
eth4h:row14222:1711598400,2024-03-28 04:00:00,3573.88000000,0.00618405,-0.05337979,-0.02512005,-0.06942417,-0.03343802,-0.05894738,0.0002665182,-0.0007472617,-0.0000508671,-0.0007674969,0.0000793527,-0.0002712897,3574.83263113,3571.21037394,3573.69821183,3571.13811041,3574.16360844,3572.91057469
eth4h:row14223:1711612800,2024-03-28 08:00:00,3579.73000000,0.00846757,-0.05204229,-0.02792301,-0.07225043,-0.03482931,-0.05451190,0.0003109847,-0.0007212168,-0.0001054488,-0.0008225322,0.0000522603,-0.0001849183,3580.84341448,3577.14916935,3579.35254162,3576.78676740,3579.91708282,3579.06810357
eth4h:row14224:1711627200,2024-03-28 12:00:00,3578.70000000,0.00103504,-0.04852566,-0.02674511,-0.06905015,-0.03835498,-0.05230200,0.0001662525,-0.0006527380,-0.0000825116,-0.0007602137,-0.0000163944,-0.0001418852,3579.29501711,3576.36480857,3578.40472785,3575.98045703,3578.64132984,3578.19227128
eth4h:row14225:1711641600,2024-03-28 16:00:00,3563.05000000,0.00625582,-0.05226722,-0.02969405,-0.06855370,-0.03761185,-0.05033620,0.0002679157,-0.0007255969,-0.0001399359,-0.0007505465,-0.0000019236,-0.0001036057,3564.00472487,3560.46559973,3562.55143645,3560.37676868,3563.04314619,3562.68086678
eth4h:row14226:1711656000,2024-03-28 20:00:00,3560.49000000,0.00457377,-0.04697660,-0.03197112,-0.06646132,-0.03906047,-0.04997206,0.0002351615,-0.0006225733,-0.0001842770,-0.0007098020,-0.0000301324,-0.0000965149,3561.32738873,3558.27402369,3559.83394406,3557.96365389,3560.38271551,3560.14637631
eth4h:row14227:1711670400,2024-03-29 00:00:00,3562.39000000,0.00040723,-0.04265623,-0.03024402,-0.06679325,-0.04574452,-0.04490796,0.0001540271,-0.0005384435,-0.0001506454,-0.0007162655,-0.0001602898,0.0000020975,3562.93874685,3560.47237053,3561.85338287,3559.83929669,3561.81903086,3562.39747221
eth4h:row14228:1711684800,2024-03-29 04:00:00,3519.43000000,0.00603069,-0.05222566,-0.02826318,-0.07484396,-0.04116271,-0.04996338,0.0002635318,-0.0007247876,-0.0001120728,-0.0008730356,-0.0000710690,-0.0000963457,3520.35760404,3516.88008492,3519.03558985,3516.35875301,3519.17988652,3519.09093434
eth4h:row14229:1711699200,2024-03-29 08:00:00,3549.85000000,-0.00044547,-0.04206495,-0.02804002,-0.07440053,-0.03931436,-0.05382199,0.0001374225,-0.0005269296,-0.0001077272,-0.0008644008,-0.0000350763,-0.0001714838,3550.33786288,3547.97997151,3549.46760516,3546.78283254,3549.72548665,3549.24131033
eth4h:row14230:1711713600,2024-03-29 12:00:00,3488.53000000,-0.00005739,-0.04367714,-0.02542129,-0.07827771,-0.03986546,-0.05295094,0.0001449797,-0.0005583235,-0.0000567331,-0.0009399005,-0.0000458077,-0.0001545221,3489.03580256,3486.58281536,3488.33209049,3485.25266937,3488.37020210,3487.99098680
eth4h:row14231:1711728000,2024-03-29 16:00:00,3500.34000000,0.00555385,-0.05197223,-0.02551266,-0.08235110,-0.04203569,-0.05046535,0.0002542465,-0.0007198524,-0.0000585124,-0.0010192211,-0.0000880683,-0.0001061206,3501.23006217,3497.82117842,3500.13519266,3496.77419715,3500.03174443,3499.96856153
eth4h:row14232:1711742400,2024-03-29 20:00:00,3509.74000000,-0.00218730,-0.04223594,-0.02143743,-0.08187123,-0.03665690,-0.05273207,0.0001035042,-0.0005302593,0.0000208439,-0.0010098765,0.0000166720,-0.0001502601,3510.10329169,3507.87942097,3509.81315734,3506.19738510,3509.79851479,3509.21266583
eth4h:row14233:1711756800,2024-03-30 00:00:00,3490.00000000,-0.00248199,-0.04543306,-0.01464185,-0.08492167,-0.03584243,-0.05384762,0.0000977659,-0.0005925163,0.0001531732,-0.0010692774,0.0000325321,-0.0001719829,3490.34121952,3487.93273060,3490.53461540,3486.27021642,3490.11353894,3489.39983124
eth4h:row14234:1711771200,2024-03-30 04:00:00,3492.64000000,-0.00256591,-0.04469168,-0.01441422,-0.08579169,-0.03403656,-0.05577663,0.0000961316,-0.0005780796,0.0001576058,-0.0010862191,0.0000676974,-0.0002095463,3492.97576932,3490.62155960,3493.19050370,3488.84828736,3492.87645074,3491.90820684
eth4h:row14235:1711785600,2024-03-30 08:00:00,3560.00000000,-0.00764920,-0.03813788,-0.01482120,-0.08492385,-0.03340191,-0.05544271,-0.0000028545,-0.0004504585,0.0001496807,-0.0010693197,0.0000800560,-0.0002030439,3559.98983795,3558.39672885,3560.53290330,3556.19525635,3560.28501065,3559.27723695
eth4h:row14236:1711800000,2024-03-30 12:00:00,3536.61000000,0.00127221,-0.04593945,-0.01347044,-0.08468416,-0.03519383,-0.05252434,0.0001708708,-0.0006023771,0.0001759839,-0.0010646524,0.0000451621,-0.0001462148,3537.21435488,3534.48026870,3537.23244111,3532.84674336,3536.76972439,3536.09293293
eth4h:row14237:1711814400,2024-03-30 16:00:00,3509.02000000,0.00139392,-0.04962750,-0.01264700,-0.08893350,-0.03296692,-0.05803547,0.0001732409,-0.0006741939,0.0001920186,-0.0011473990,0.0000885264,-0.0002535323,3509.62795828,3506.65503732,3509.69386165,3504.99606296,3509.33065467,3508.13046290
eth4h:row14238:1711828800,2024-03-30 20:00:00,3505.64000000,0.00223518,-0.04556826,-0.01247605,-0.08817457,-0.03102978,-0.05835756,0.0001896226,-0.0005951490,0.0001953474,-0.0011326204,0.0001262479,-0.0002598043,3506.30481151,3503.55424259,3506.32488442,3501.67168817,3506.08260778,3504.72933807
eth4h:row14239:1711843200,2024-03-31 00:00:00,3537.26000000,0.00666810,-0.04795510,-0.01620099,-0.08419125,-0.03461438,-0.05284183,0.0002759441,-0.0006416275,0.0001228124,-0.0010550539,0.0000564456,-0.0001523975,3538.23622054,3534.99112462,3537.69444594,3533.52996801,3537.45966834,3536.72097167
eth4h:row14240:1711857600,2024-03-31 04:00:00,3625.38000000,-0.00517749,-0.03524071,-0.02666345,-0.07875933,-0.04122037,-0.05165965,0.0000452768,-0.0003940423,-0.0000809215,-0.0009492790,-0.0000721918,-0.0001293770,3625.54414932,3623.95172828,3625.08664069,3621.94013583,3625.11828672,3624.91098963
eth4h:row14241:1711872000,2024-03-31 08:00:00,3609.20000000,-0.00296514,-0.03660348,-0.02099105,-0.07942012,-0.03376959,-0.05370212,0.0000883575,-0.0004205793,0.0000295361,-0.0009621465,0.0000728961,-0.0001691497,3609.51891381,3607.68236423,3609.30660343,3605.72909087,3609.46310610,3608.58955648
eth4h:row14242:1711886400,2024-03-31 12:00:00,3617.68000000,-0.00141542,-0.03929573,-0.02122160,-0.07843930,-0.03848378,-0.05122811,0.0001185349,-0.0004730051,0.0000250467,-0.0009430471,-0.0000189025,-0.0001209737,3618.10884681,3615.96922343,3617.77061196,3614.26996564,3617.61161757,3617.24238228
eth4h:row14243:1711900800,2024-03-31 16:00:00,3638.18000000,-0.00511836,-0.03742233,-0.02430090,-0.08026542,-0.04366028,-0.05133598,0.0000464282,-0.0004365246,-0.0000349160,-0.0009786069,-0.0001197038,-0.0001230742,3638.34891802,3636.59219136,3638.05297169,3634.62139362,3637.74452225,3637.73226131
eth4h:row14244:1711915200,2024-03-31 20:00:00,3645.29000000,-0.00414925,-0.03656092,-0.01413718,-0.08572158,-0.03441871,-0.05558970,0.0000652995,-0.0004197506,0.0001630006,-0.0010848539,0.0000602559,-0.0002059062,3645.52804356,3643.76020837,3645.88423290,3641.33753732,3645.50965693,3644.53948961
eth4h:row14245:1711929600,2024-04-01 00:00:00,3610.42000000,0.00141365,-0.04065600,-0.01753106,-0.08213045,-0.03747318,-0.05413435,0.0001736250,-0.0004994934,0.0000969120,-0.0010149243,0.0000007767,-0.0001775663,3611.04691373,3608.61706935,3610.76990989,3606.75755596,3610.42280430,3609.77896790
eth4h:row14246:1711944000,2024-04-01 04:00:00,3546.88000000,0.00164486,-0.04386738,-0.01578560,-0.08706342,-0.03471605,-0.05693676,0.0001781273,-0.0005620281,0.0001309011,-0.0011109832,0.0000544659,-0.0002321373,3547.51185237,3544.88711396,3547.34432083,3542.94166400,3547.07318932,3546.05673228
eth4h:row14247:1711958400,2024-04-01 08:00:00,3537.98000000,-0.00033962,-0.03921844,-0.01132312,-0.09064929,-0.02745809,-0.05897681,0.0001394839,-0.0004715000,0.0002177982,-0.0011808104,0.0001957989,-0.0002718628,3538.47352559,3536.31223552,3538.75064972,3533.80478206,3538.67280032,3537.01828567
eth4h:row14248:1711972800,2024-04-01 12:00:00,3444.04000000,0.00481285,-0.04754224,-0.01111641,-0.09099531,-0.03137556,-0.05897164,0.0002398170,-0.0006335881,0.0002218234,-0.0011875484,0.0001195146,-0.0002717621,3444.86603833,3441.85858829,3444.80405355,3439.95246348,3444.45163765,3443.10416766
eth4h:row14249:1711987200,2024-04-01 16:00:00,3486.33000000,-0.00770639,-0.03683160,-0.02114144,-0.08338162,-0.03763337,-0.05850240,-0.0000039682,-0.0004250215,0.0000266078,-0.0010392882,-0.0000023427,-0.0002626247,3486.31616565,3484.84854959,3486.42276470,3482.70858045,3486.32183249,3485.41452385
eth4h:row14250:1712001600,2024-04-01 20:00:00,3503.80000000,-0.00453507,-0.03604780,-0.01896515,-0.08156660,-0.03286924,-0.05764874,0.0000577865,-0.0004097587,0.0000689862,-0.0010039446,0.0000904285,-0.0002460016,3504.00247826,3502.36458164,3504.04172223,3500.28414402,3504.11685755,3502.93816574
eth4h:row14251:1712016000,2024-04-02 00:00:00,3366.08000000,0.00233419,-0.04981509,-0.01434222,-0.08210149,-0.03785326,-0.05427971,0.0001915505,-0.0006778469,0.0001590079,-0.0010143605,-0.0000066244,-0.0001803969,3366.72483590,3363.79908640,3366.61527584,3362.66731261,3366.05770166,3365.47282432
eth4h:row14252:1712030400,2024-04-02 04:00:00,3362.90000000,-0.00260751,-0.04329868,-0.02064076,-0.08030617,-0.03852929,-0.05424803,0.0000953215,-0.0005509538,0.0000363574,-0.0009794005,-0.0000197888,-0.0001797800,3363.22057189,3361.04770773,3363.02226856,3359.60798653,3362.83345296,3362.29547212
eth4h:row14253:1712044800,2024-04-02 08:00:00,3308.64000000,-0.00099223,-0.03910498,-0.01504650,-0.08473475,-0.02785451,-0.05983292,0.0001267757,-0.0004692907,0.0001452934,-0.0010656375,0.0001880795,-0.0002885338,3309.05948169,3307.08765032,3309.12075847,3305.11606708,3309.26234600,3307.68548326
eth4h:row14254:1712059200,2024-04-02 12:00:00,3240.13000000,-0.00151293,-0.04440597,-0.02133974,-0.07776001,-0.03833070,-0.05658088,0.0001166361,-0.0005725159,0.0000227462,-0.0009298195,-0.0000159216,-0.0002252073,3240.50793803,3238.27550497,3240.20370153,3237.11866424,3240.07841245,3239.40038137
eth4h:row14255:1712073600,2024-04-02 16:00:00,3277.53000000,-0.00066101,-0.04235108,-0.02833750,-0.07934332,-0.03665742,-0.05690909,0.0001332255,-0.0005325015,-0.0001135201,-0.0009606510,0.0000166618,-0.0002315985,3277.96667978,3275.78517511,3277.15795551,3274.38294945,3277.58461007,3276.77101688
eth4h:row14256:1712088000,2024-04-02 20:00:00,3278.96000000,0.00275351,-0.03938048,-0.02636835,-0.07613827,-0.03425971,-0.05448737,0.0001997158,-0.0004746553,-0.0000751750,-0.0008982396,0.0000633520,-0.0001844407,3279.61492544,3277.40399351,3278.71351340,3276.01603057,3279.16773530,3278.35528211
eth4h:row14257:1712102400,2024-04-03 00:00:00,3315.41000000,0.00457294,-0.04593173,-0.01919511,-0.07924774,-0.03812628,-0.05383611,0.0002351453,-0.0006022268,0.0000645083,-0.0009587898,-0.0000119410,-0.0001717589,3316.18969468,3313.41397242,3315.62387850,3312.23274198,3315.37041077,3314.84059771
eth4h:row14258:1712116800,2024-04-03 04:00:00,3305.53000000,-0.00475578,-0.03968985,-0.02373889,-0.08064957,-0.03735833,-0.05594736,0.0000534886,-0.0004806798,-0.0000239720,-0.0009860874,0.0000030132,-0.0002128708,3305.70681275,3303.94148037,3305.45076085,3302.27206512,3305.53996021,3304.82642418
eth4h:row14259:1712131200,2024-04-03 08:00:00,3317.53000000,-0.00507384,-0.03604856,-0.01946601,-0.07581401,-0.03619497,-0.05094311,0.0000472952,-0.0004097735,0.0000592331,-0.0008919253,0.0000256670,-0.0001154240,3317.68690699,3316.17084268,3317.72651337,3314.57233031,3317.61515226,3317.14709963
eth4h:row14260:1712145600,2024-04-03 12:00:00,3329.20000000,-0.00399755,-0.03666620,-0.02429673,-0.07281844,-0.04521870,-0.04884150,0.0000682535,-0.0004218007,-0.0000348347,-0.0008335931,-0.0001500505,-0.0000744996,3329.42723717,3327.79603739,3329.08403031,3326.42595816,3328.70048924,3328.95198533
eth4h:row14261:1712160000,2024-04-03 16:00:00,3314.29000000,-0.00401234,-0.03972071,-0.02369251,-0.08186090,-0.03971527,-0.05613599,0.0000679656,-0.0004812807,-0.0000230690,-0.0010096754,-0.0000428831,-0.0002165440,3314.51526540,3312.69527990,3314.21354360,3310.94533162,3314.14787600,3313.57238808
eth4h:row14262:1712174400,2024-04-03 20:00:00,3310.83000000,0.00463439,-0.04486433,-0.01009318,-0.08660758,-0.02618041,-0.05781683,0.0002363419,-0.0005814415,0.0002417487,-0.0011021067,0.0002206790,-0.0002492747,3311.61258043,3308.90550570,3311.63048559,3307.18312213,3311.56071138,3310.00479685
eth4h:row14263:1712188800,2024-04-04 00:00:00,3274.37000000,0.00534243,-0.04732169,-0.02175876,-0.08457096,-0.03752915,-0.05638518,0.0002501296,-0.0006292933,0.0000145867,-0.0010624480,-0.0000003131,-0.0002213965,3275.18911914,3272.31010895,3274.41776258,3270.89299960,3274.36897464,3273.64514625
eth4h:row14264:1712203200,2024-04-04 04:00:00,3322.79000000,0.00068034,-0.04520364,-0.01912304,-0.09041992,-0.03250492,-0.06087156,0.0001593453,-0.0005880489,0.0000659116,-0.0011763438,0.0000975229,-0.0003087591,3323.31951313,3320.83661146,3323.00901761,3318.88355462,3323.11406397,3321.76421679
eth4h:row14265:1712217600,2024-04-04 08:00:00,3340.37000000,0.00283785,-0.04392542,-0.00966295,-0.08802041,-0.02234653,-0.05955841,0.0002013581,-0.0005631583,0.0002501264,-0.0011296187,0.0002953356,-0.0002831883,3341.04267837,3338.48937259,3341.20561930,3336.59878613,3341.35667591,3339.42418016
eth4h:row14266:1712232000,2024-04-04 12:00:00,3364.12000000,0.00389124,-0.04720286,-0.01663723,-0.08525579,-0.03438769,-0.05822434,0.0002218707,-0.0006269793,0.0001143174,-0.0010757835,0.0000608601,-0.0002572102,3364.86648239,3362.01142762,3364.50459946,3360.50288112,3364.32474675,3363.25482540
eth4h:row14267:1712246400,2024-04-04 16:00:00,3366.09000000,-0.01198708,-0.03436597,-0.01572641,-0.08649603,-0.02839684,-0.06066930,-0.0000873253,-0.0003770086,0.0001320536,-0.0010999345,0.0001775187,-0.0003048203,3365.79606803,3364.82119435,3366.53453376,3362.38955703,3366.68759706,3365.06410367
eth4h:row14268:1712260800,2024-04-04 20:00:00,3327.40000000,-0.00514476,-0.03866355,-0.00720039,-0.08803950,-0.02276856,-0.06007544,0.0000459140,-0.0004606948,0.0002980796,-0.0011299904,0.0002871175,-0.0002932563,3327.55277778,3325.86743731,3328.39197781,3323.64219360,3328.35549185,3326.42436213
eth4h:row14269:1712275200,2024-04-05 00:00:00,3308.30000000,0.00640244,-0.04595482,-0.01393714,-0.08390906,-0.03213166,-0.05889162,0.0002707709,-0.0006026765,0.0001668958,-0.0010495590,0.0001047913,-0.0002702039,3309.19591278,3306.30676592,3308.85218751,3304.82956546,3308.64669933,3307.40620524
eth4h:row14270:1712289600,2024-04-05 04:00:00,3287.61000000,-0.00518124,-0.03609785,-0.01672741,-0.08553089,-0.02963005,-0.05903750,0.0000452037,-0.0004107334,0.0001125613,-0.0010811406,0.0001535047,-0.0002730446,3287.75861543,3286.25994619,3287.98007852,3284.05755206,3288.11470240,3286.71245828
eth4h:row14271:1712304000,2024-04-05 08:00:00,3243.51000000,0.00852896,-0.05073810,-0.00509253,-0.09125614,-0.02275518,-0.06236368,0.0003121802,-0.0006958204,0.0003391256,-0.0011926275,0.0002873779,-0.0003378148,3244.52271773,3241.25388447,3244.61014370,3239.64400669,3244.44224704,3242.41447952
eth4h:row14272:1712318400,2024-04-05 12:00:00,3326.43000000,0.01125837,-0.04821068,-0.01355657,-0.08615457,-0.02676439,-0.06057534,0.0003653297,-0.0006466045,0.0001743067,-0.0010932853,0.0002093072,-0.0003029908,3327.64546568,3324.27981071,3327.00986959,3322.79525030,3327.12631864,3325.42227488
eth4h:row14273:1712332800,2024-04-05 16:00:00,3320.10000000,-0.00608902,-0.03389315,-0.02374950,-0.07962938,-0.03313440,-0.05748146,0.0000275266,-0.0003678016,-0.0000241786,-0.0009662213,0.0000852651,-0.0002427441,3320.19139248,3318.87908658,3320.01972566,3316.89359785,3320.38310060,3319.29416301
eth4h:row14274:1712347200,2024-04-05 20:00:00,3317.85000000,-0.00029140,-0.04292764,-0.01696732,-0.07909253,-0.03201110,-0.05659952,0.0001404229,-0.0005437286,0.0001078896,-0.0009557675,0.0001071389,-0.0002255703,3318.31593471,3316.04648032,3318.20798085,3314.68042189,3318.20548996,3317.10167613
eth4h:row14275:1712361600,2024-04-06 00:00:00,3331.34000000,-0.00296091,-0.04082841,-0.02473458,-0.07389514,-0.03835632,-0.05478635,0.0000884399,-0.0005028506,-0.0000433610,-0.0008545595,-0.0000164205,-0.0001902626,3331.63463627,3329.66525464,3331.19555289,3328.49438783,3331.28529813,3330.70623080
eth4h:row14276:1712376000,2024-04-06 04:00:00,3330.39000000,-0.01324307,-0.02936244,-0.03147027,-0.06665441,-0.04276218,-0.05376587,-0.0001117830,-0.0002795757,-0.0001745239,-0.0007135620,-0.0001022152,-0.0001703911,3330.01773992,3329.45903386,3329.80881817,3328.01440803,3330.04960095,3329.82257968
eth4h:row14277:1712390400,2024-04-06 08:00:00,3330.67000000,-0.00932192,-0.03415906,-0.02406743,-0.07048546,-0.03659115,-0.05762785,-0.0000354270,-0.0003729796,-0.0000303696,-0.0007881633,0.0000179523,-0.0002455947,3330.55200637,3329.42795965,3330.56885041,3328.04592248,3330.72979386,3329.85210539
eth4h:row14278:1712404800,2024-04-06 12:00:00,3335.37000000,-0.00429415,-0.04080206,-0.02749434,-0.07108518,-0.03854142,-0.05757459,0.0000624780,-0.0005023376,-0.0000971013,-0.0007998417,-0.0000200250,-0.0002445577,3335.57839361,3333.69493890,3335.04614709,3332.70329874,3335.30320995,3334.55440937
eth4h:row14279:1712419200,2024-04-06 16:00:00,3349.24000000,-0.00547927,-0.04033202,-0.02504214,-0.07303229,-0.03629131,-0.05810791,0.0000394003,-0.0004931846,-0.0000493501,-0.0008377573,0.0000237911,-0.0002549428,3349.37196373,3347.58861376,3349.07471886,3346.43532466,3349.31968306,3348.38624423
eth4h:row14280:1712433600,2024-04-06 20:00:00,3351.59000000,-0.00571041,-0.04307070,-0.02432498,-0.07480535,-0.03497124,-0.06219833,0.0000348992,-0.0005465145,-0.0000353849,-0.0008722838,0.0000494966,-0.0003345951,3351.70696997,3349.75880779,3351.47140653,3348.66773698,3351.75589656,3350.46876217
eth4h:row14281:1712448000,2024-04-07 00:00:00,3388.41000000,-0.00137280,-0.04620123,-0.02452597,-0.07441820,-0.03385146,-0.06227668,0.0001193648,-0.0006074748,-0.0000392987,-0.0008647450,0.0000713019,-0.0003361208,3388.81448101,3386.35225156,3388.27684267,3385.48115604,3388.65160865,3387.27127646
eth4h:row14282:1712462400,2024-04-07 04:00:00,3385.19000000,-0.00753437,-0.03873731,-0.02756485,-0.06799121,-0.03484695,-0.05842570,-0.0000006185,-0.0004621311,-0.0000984743,-0.0007395932,0.0000519169,-0.0002611312,3385.18790633,3383.62595988,3384.85666207,3382.68726204,3385.36575324,3384.30613666
eth4h:row14283:1712476800,2024-04-07 08:00:00,3390.34000000,-0.00324987,-0.04430775,-0.02851703,-0.06809647,-0.03827200,-0.05490945,0.0000828129,-0.0005706034,-0.0001170161,-0.0007416430,-0.0000147786,-0.0001926597,3390.62077559,3388.40601228,3389.94329896,3387.82651036,3390.28989589,3389.68688103
eth4h:row14284:1712491200,2024-04-07 12:00:00,3390.13000000,-0.00305246,-0.04437597,-0.02220955,-0.07237418,-0.02937472,-0.06278829,0.0000866571,-0.0005719318,0.0000058085,-0.0008249421,0.0001584767,-0.0003460831,3390.42379146,3388.19163123,3390.14969174,3387.33449242,3390.66729936,3388.95693634
eth4h:row14285:1712505600,2024-04-07 16:00:00,3381.39000000,-0.00543659,-0.04208639,-0.02356282,-0.07090501,-0.03046546,-0.06302039,0.0000402314,-0.0005273472,-0.0000205434,-0.0007963332,0.0001372369,-0.0003506027,3381.52604066,3379.60730354,3381.32053561,3378.69835862,3381.85408330,3380.20468319
eth4h:row14286:1712520000,2024-04-07 20:00:00,3454.20000000,0.00007946,-0.04626539,-0.02398011,-0.07259463,-0.03076077,-0.06484412,0.0001476446,-0.0006087242,-0.0000286692,-0.0008292348,0.0001314865,-0.0003861161,3454.71003150,3452.09798466,3454.10097220,3451.33684444,3454.65421050,3452.86653520
eth4h:row14287:1712534400,2024-04-08 00:00:00,3423.00000000,-0.00086599,-0.04479483,-0.02527246,-0.07332291,-0.03327301,-0.06260281,0.0001292340,-0.0005800881,-0.0000538349,-0.0008434165,0.0000825659,-0.0003424714,3423.44239653,3421.01493417,3422.81572809,3420.11420258,3423.28263481,3421.82792122
eth4h:row14288:1712548800,2024-04-08 04:00:00,3473.88000000,0.00805081,-0.05286799,-0.01990446,-0.07624549,-0.02770402,-0.06189441,0.0003028693,-0.0007372956,0.0000506952,-0.0009003274,0.0001910099,-0.0003286768,3474.93229099,3471.31966757,3474.05611347,3470.75377821,3474.54360899,3472.73840391
eth4h:row14289:1712563200,2024-04-08 08:00:00,3633.08000000,0.00659973,-0.04796828,-0.02377137,-0.07363486,-0.02718633,-0.06272510,0.0002746128,-0.0006418843,-0.0000246045,-0.0008494911,0.0002010908,-0.0003448528,3634.07782713,3630.74873122,3632.99061081,3629.99504128,3633.81065246,3631.82733828
eth4h:row14290:1712577600,2024-04-08 12:00:00,3629.20000000,-0.00421255,-0.04367483,-0.02636274,-0.07222992,-0.03375302,-0.05805720,0.0000640669,-0.0005582785,-0.0000750659,-0.0008221329,0.0000732189,-0.0002539554,3629.43251910,3627.17446105,3628.92758102,3626.21754130,3629.46573571,3628.27846225
eth4h:row14291:1712592000,2024-04-08 16:00:00,3702.80000000,-0.00518458,-0.04440677,-0.02771952,-0.07027213,-0.03766032,-0.05332633,0.0000451387,-0.0005725316,-0.0001014863,-0.0007840092,-0.0000028675,-0.0001618320,3702.96714328,3700.68063686,3702.42423567,3699.89810835,3702.78938225,3702.20081706
eth4h:row14292:1712606400,2024-04-08 20:00:00,3694.61000000,-0.00831806,-0.04017854,-0.03343114,-0.06433819,-0.04101611,-0.05518848,-0.0000158790,-0.0004901958,-0.0002127076,-0.0006684586,-0.0000682142,-0.0001980934,3694.55133379,3692.79936136,3693.82421178,3692.14113160,3694.35798379,3693.87819468
eth4h:row14293:1712620800,2024-04-09 00:00:00,3692.29000000,-0.00783240,-0.03797443,-0.03071323,-0.06513581,-0.04098807,-0.05445803,-0.0000064218,-0.0004472757,-0.0001597822,-0.0006839904,-0.0000676682,-0.0001838694,3692.26628879,3690.63889786,3691.70008500,3689.76537270,3692.04015772,3691.61116343
eth4h:row14294:1712635200,2024-04-09 04:00:00,3641.81000000,0.00108213,-0.04632553,-0.02199831,-0.07442905,-0.03316681,-0.05696165,0.0001671694,-0.0006098953,0.0000099220,-0.0008649562,0.0000846339,-0.0002326219,3642.41885001,3639.58955427,3641.84613405,3638.66135574,3642.11823380,3640.96293370
eth4h:row14295:1712649600,2024-04-09 08:00:00,3632.85000000,0.00338919,-0.04931739,-0.02273926,-0.07751320,-0.03530902,-0.05588382,0.0002120943,-0.0006681552,-0.0000045064,-0.0009250134,0.0000429191,-0.0002116335,3633.62058864,3630.42350294,3632.83362912,3629.49111872,3633.00592206,3632.08124862
eth4h:row14296:1712664000,2024-04-09 12:00:00,3529.92000000,0.00094337,-0.05326031,-0.01843211,-0.07902905,-0.03272025,-0.05793894,0.0001644673,-0.0007449351,0.0000793661,-0.0009545313,0.0000933297,-0.0002516526,3530.50060429,3527.29141777,3530.20016711,3526.55218834,3530.24946174,3529.03179829
eth4h:row14297:1712678400,2024-04-09 16:00:00,3517.10000000,0.00031550,-0.05097541,-0.02223232,-0.07827052,-0.03459340,-0.05833910,0.0001522408,-0.0007004417,0.0000053652,-0.0009397606,0.0000568541,-0.0002594448,3517.63548696,3514.63733924,3517.11886984,3513.79632047,3517.29996738,3516.18762523
eth4h:row14298:1712692800,2024-04-09 20:00:00,3506.39000000,0.00122316,-0.04737030,-0.02193179,-0.07631280,-0.03482720,-0.05554897,0.0001699155,-0.0006302399,0.0000112173,-0.0009016381,0.0000523014,-0.0002051131,3506.98584074,3504.18082943,3506.42933232,3503.22993010,3506.57339392,3505.67086713
eth4h:row14299:1712707200,2024-04-10 00:00:00,3513.00000000,-0.00223624,-0.04724643,-0.02481183,-0.07158385,-0.04004669,-0.04932851,0.0001025513,-0.0006278277,-0.0000448652,-0.0008095521,-0.0000493369,-0.0000839831,3513.36028121,3510.79513347,3512.84239197,3510.15719424,3512.82668384,3512.70497973
eth4h:row14300:1712721600,2024-04-10 04:00:00,3536.61000000,0.00216700,-0.05232319,-0.02430501,-0.07410270,-0.03568222,-0.05477130,0.0001882948,-0.0007266868,-0.0000349960,-0.0008586012,0.0000356517,-0.0001899696,3537.27598785,3534.04092590,3536.48623482,3533.57476548,3536.73608846,3535.93821559
eth4h:row14301:1712736000,2024-04-10 08:00:00,3521.32000000,0.00253047,-0.05117911,-0.01746639,-0.07786576,-0.03053228,-0.05752119,0.0001953725,-0.0007044082,0.0000981713,-0.0009318788,0.0001359358,-0.0002435177,3522.00803645,3518.84042657,3521.66570954,3518.04008503,3521.79870592,3520.46260057
eth4h:row14302:1712750400,2024-04-10 12:00:00,3479.41000000,0.00355632,-0.05264951,-0.02313920,-0.07633886,-0.03972066,-0.05230615,0.0002153489,-0.0007330411,-0.0000122945,-0.0009021456,-0.0000429881,-0.0001419662,3480.15936767,3476.86038390,3479.36722278,3476.27248111,3479.26042983,3478.91607643
eth4h:row14303:1712764800,2024-04-10 16:00:00,3521.52000000,0.00831539,-0.05469313,-0.02417454,-0.08104834,-0.03759786,-0.05336817,0.0003080215,-0.0007728362,-0.0000324553,-0.0009938526,-0.0000016513,-0.0001626468,3522.60487106,3518.79949316,3521.40570976,3518.02186689,3521.51418507,3520.94728275
eth4h:row14304:1712779200,2024-04-10 20:00:00,3545.64000000,0.00534613,-0.04876643,-0.02273962,-0.07894504,-0.03200825,-0.05573135,0.0002502015,-0.0006574266,-0.0000045133,-0.0009528954,0.0001071945,-0.0002086645,3546.52723548,3543.30976809,3545.62399743,3542.26298529,3546.02009349,3544.90022801
eth4h:row14305:1712793600,2024-04-11 00:00:00,3575.84000000,0.01161266,-0.05657287,-0.02234044,-0.07781933,-0.03426874,-0.05326258,0.0003722287,-0.0008094400,0.0000032597,-0.0009309746,0.0000631762,-0.0001605906,3577.17127814,3572.94674304,3575.85165618,3572.51253280,3576.06591502,3575.26579970
eth4h:row14306:1712808000,2024-04-11 04:00:00,3583.40000000,0.00133474,-0.04632184,-0.02696010,-0.07713905,-0.03479208,-0.05319954,0.0001720883,-0.0006098234,-0.0000866982,-0.0009177276,0.0000529853,-0.0001593629,3584.01671431,3581.21542510,3583.08933927,3580.11292347,3583.58987267,3582.82898437
eth4h:row14307:1712822400,2024-04-11 08:00:00,3522.88000000,-0.00479477,-0.03988622,-0.02572652,-0.07551387,-0.03684168,-0.04973301,0.0000527295,-0.0004845036,-0.0000626769,-0.0008860807,0.0000130739,-0.0000918597,3523.06576451,3521.17356532,3522.65920372,3519.75982651,3522.92605806,3522.55640410
eth4h:row14308:1712836800,2024-04-11 12:00:00,3508.32000000,-0.00035529,-0.04234315,-0.02713480,-0.07371451,-0.04053357,-0.04656132,0.0001391786,-0.0005323471,-0.0000901001,-0.0008510421,-0.0000588178,-0.0000300981,3508.80831713,3506.45285311,3508.00391429,3505.33554219,3508.11365433,3508.21440798
eth4h:row14309:1712851200,2024-04-11 16:00:00,3517.70000000,-0.00212275,-0.03932662,-0.03156218,-0.07241620,-0.04337458,-0.04804764,0.0001047612,-0.0004736067,-0.0001763136,-0.0008257603,-0.0001141402,-0.0000590409,3518.06853787,3516.03438834,3517.07983624,3514.79642190,3517.29851186,3517.49231812
eth4h:row14310:1712865600,2024-04-11 20:00:00,3502.52000000,0.00519962,-0.05009124,-0.01648983,-0.08220565,-0.03678039,-0.04986746,0.0002473486,-0.0006832242,0.0001171877,-0.0010163888,0.0000142672,-0.0000944779,3503.38645051,3500.12781070,3502.93047648,3498.96188658,3502.56997154,3502.18910489
eth4h:row14311:1712880000,2024-04-12 00:00:00,3534.01000000,0.00873197,-0.05403055,-0.01764133,-0.08613010,-0.03668617,-0.05177588,0.0003161335,-0.0007599339,0.0000947647,-0.0010928088,0.0000161019,-0.0001316403,3535.12739545,3531.32540615,3534.34491538,3530.15011211,3534.06690488,3533.54481252
eth4h:row14312:1712894400,2024-04-12 04:00:00,3516.20000000,0.00046320,-0.04332772,-0.02445820,-0.08386517,-0.03859532,-0.05226462,0.0001551170,-0.0005515193,-0.0000379790,-0.0010487042,-0.0000210745,-0.0001411575,3516.74546458,3514.26128233,3516.06646089,3512.51447923,3516.12589856,3515.70369700
eth4h:row14313:1712908800,2024-04-12 08:00:00,3532.22000000,0.00530751,-0.04685380,-0.01738068,-0.08794452,-0.03418297,-0.05167588,0.0002494494,-0.0006201821,0.0000998403,-0.0011281408,0.0000648464,-0.0001296930,3533.10122006,3530.03005962,3532.57267569,3528.23740526,3532.44905911,3531.76192560
eth4h:row14314:1712923200,2024-04-12 12:00:00,3440.71000000,0.00962717,-0.05121380,-0.02386829,-0.08586727,-0.04032470,-0.05024140,0.0003335656,-0.0007050838,-0.0000264918,-0.0010876908,-0.0000547504,-0.0001017597,3441.85789392,3438.28486632,3440.61885061,3436.96960579,3440.52162494,3440.35989231
eth4h:row14315:1712937600,2024-04-12 16:00:00,3206.17000000,0.00132633,-0.04770176,-0.01888570,-0.08760044,-0.03629954,-0.05144780,0.0001719247,-0.0006366944,0.0000705334,-0.0011214406,0.0000236308,-0.0001252517,3206.72126705,3204.12929933,3206.39615001,3202.57648622,3206.24576520,3205.76844703
eth4h:row14316:1712952000,2024-04-12 20:00:00,3237.43000000,0.00001938,-0.04211871,-0.01067778,-0.08974504,-0.02993336,-0.05528759,0.0001464746,-0.0005279766,0.0002303648,-0.0011632021,0.0001475984,-0.0002000233,3237.90423601,3235.72116395,3238.17587591,3233.66640391,3237.90787461,3236.78250335
eth4h:row14317:1712966400,2024-04-13 00:00:00,3230.91000000,0.00031168,-0.03755817,-0.01270523,-0.09265547,-0.02989646,-0.05667555,0.0001521665,-0.0004391698,0.0001908846,-0.0012198763,0.0001483170,-0.0002270507,3231.40167380,3229.49139339,3231.52678976,3226.97109256,3231.38923427,3230.17650292
eth4h:row14318:1712980800,2024-04-13 04:00:00,3257.60000000,-0.00601797,-0.03394705,-0.01482376,-0.08791509,-0.03418920,-0.05246767,0.0000289102,-0.0003688511,0.0001496308,-0.0011275678,0.0000647251,-0.0001451113,3257.69417913,3256.39865224,3258.08747385,3253.92890538,3257.81085528,3257.12731961
eth4h:row14319:1712995200,2024-04-13 08:00:00,3268.20000000,0.00100345,-0.04042618,-0.01037779,-0.09213546,-0.02990752,-0.05611383,0.0001656373,-0.0004950181,0.0002362065,-0.0012097503,0.0001481017,-0.0002161125,3268.74138064,3266.58258207,3268.97206122,3264.24868469,3268.68406166,3267.49377736
eth4h:row14320:1713009600,2024-04-13 12:00:00,3272.39000000,0.00385530,-0.04189588,-0.01208421,-0.09088627,-0.03261209,-0.05857619,0.0002211708,-0.0005236374,0.0002029776,-0.0011854249,0.0000954360,-0.0002640616,3273.11383713,3270.67690275,3273.05428934,3268.51312568,3272.70231881,3271.52600150
eth4h:row14321:1713024000,2024-04-13 16:00:00,3085.20000000,-0.00360357,-0.04106742,-0.01294467,-0.08664304,-0.04186311,-0.05091020,0.0000759255,-0.0005075049,0.0001862222,-0.0011027973,-0.0000847078,-0.0001147830,3085.43425424,3083.63464301,3085.77458611,3081.79952519,3084.93867068,3084.84589186
eth4h:row14322:1713038400,2024-04-13 20:00:00,3007.01000000,0.00094606,-0.03865154,-0.02058121,-0.08177435,-0.04518597,-0.04482592,0.0001645196,-0.0004604609,0.0000375169,-0.0010079901,-0.0001494132,0.0000036952,3007.50475268,3005.62570825,3007.12281588,3003.98049070,3006.56074664,3007.02111150
eth4h:row14323:1713052800,2024-04-14 00:00:00,2970.85000000,-0.00291990,-0.03140523,-0.02288416,-0.07697041,-0.04215194,-0.04599478,0.0000892384,-0.0003193545,-0.0000073279,-0.0009144438,-0.0000903321,-0.0000190659,2971.11512574,2969.90139703,2970.82822984,2968.13456648,2970.58164904,2970.79335870
eth4h:row14324:1713067200,2024-04-14 04:00:00,3084.20000000,-0.00692563,-0.03306301,-0.02257552,-0.07783288,-0.04464429,-0.04693816,0.0000112355,-0.0003516363,-0.0000013180,-0.0009312384,-0.0001388651,-0.0000374361,3084.23465260,3083.11567396,3084.19593505,3081.32921144,3083.77174187,3084.08454170
eth4h:row14325:1713081600,2024-04-14 08:00:00,3027.01000000,-0.00270610,-0.04285195,-0.02313593,-0.08162610,-0.04294416,-0.05099069,0.0000934017,-0.0005422549,-0.0000122306,-0.0010051033,-0.0001057589,-0.0001163505,3027.29274118,3025.36903404,3026.97297800,3023.96907088,3026.68988378,3026.65782645
eth4h:row14326:1713096000,2024-04-14 12:00:00,3055.74000000,-0.00896700,-0.03187740,-0.02282801,-0.08232366,-0.04399186,-0.05026076,-0.0000285158,-0.0003285491,-0.0000062346,-0.0010186866,-0.0001261604,-0.0001021366,3055.65286436,3054.73620430,3055.72094875,3052.62874359,3055.35451085,3055.42791306
eth4h:row14327:1713110400,2024-04-14 16:00:00,3073.62000000,-0.00992214,-0.03444368,-0.02020809,-0.08408765,-0.04346706,-0.05337419,-0.0000471150,-0.0003785218,0.0000447827,-0.0010530367,-0.0001159411,-0.0001627640,3073.47518985,3072.45678794,3073.75764817,3070.38506897,3073.26366163,3073.11976605
eth4h:row14328:1713124800,2024-04-14 20:00:00,3155.11000000,-0.00129019,-0.04414362,-0.01456478,-0.08748174,-0.03845777,-0.05526424,0.0001209735,-0.0005674072,0.0001546739,-0.0011191291,-0.0000183960,-0.0001995686,3155.49170775,3153.32027566,3155.59805105,3151.58099968,3155.05195920,3154.48040194
eth4h:row14329:1713139200,2024-04-15 00:00:00,3146.50000000,-0.00093483,-0.04393463,-0.00759926,-0.08659151,-0.03077702,-0.05448317,0.0001278934,-0.0005633376,0.0002903124,-0.0011017939,0.0001311699,-0.0001843589,3146.90244236,3144.72795742,3147.41360045,3143.03511470,3146.91275321,3145.91996829
eth4h:row14330:1713153600,2024-04-15 04:00:00,3242.05000000,-0.00431501,-0.04202060,-0.00447890,-0.09162334,-0.03005066,-0.05862502,0.0000620717,-0.0005260661,0.0003510747,-0.0011997778,0.0001453143,-0.0002650125,3242.25124587,3240.34491590,3243.18840150,3238.16259292,3242.52115045,3241.19093009
eth4h:row14331:1713168000,2024-04-15 08:00:00,3229.64000000,-0.00936388,-0.03952573,-0.00675633,-0.08871095,-0.02697350,-0.06172752,-0.0000362441,-0.0004774839,0.0003067266,-0.0011430653,0.0002052353,-0.0003254269,3229.52294661,3228.09826708,3230.63076837,3225.95041959,3230.30290409,3228.58915925
eth4h:row14332:1713182400,2024-04-15 12:00:00,3163.21000000,-0.00255265,-0.04230231,-0.00980702,-0.08418696,-0.03166930,-0.05669949,0.0000963899,-0.0005315517,0.0002473211,-0.0010549704,0.0001137947,-0.0002275170,3163.51491613,3161.52903704,3163.99242526,3159.87466688,3163.56997689,3162.49039783
eth4h:row14333:1713196800,2024-04-15 16:00:00,3100.10000000,0.00727345,-0.05324605,-0.02030190,-0.07692339,-0.04130118,-0.04924759,0.0002877318,-0.0007446574,0.0000429558,-0.0009135280,-0.0000737654,-0.0000824072,3100.99212579,3097.79234678,3100.23317023,3097.26926503,3099.87132836,3099.84453994
eth4h:row14334:1713211200,2024-04-15 20:00:00,3101.99000000,0.00486852,-0.04846257,-0.01853999,-0.08127704,-0.03388008,-0.05452680,0.0002409011,-0.0006515095,0.0000772653,-0.0009983061,0.0000707445,-0.0001852085,3102.73736267,3099.96968232,3102.22968540,3098.89480978,3102.20945643,3101.41553835
eth4h:row14335:1713225600,2024-04-16 00:00:00,3072.19000000,0.00953920,-0.05678526,-0.01333430,-0.08254142,-0.02984851,-0.05668453,0.0003318524,-0.0008135758,0.0001786349,-0.0010229271,0.0001492507,-0.0002272257,3073.20968295,3069.69155702,3072.73884922,3069.04898036,3072.64856078,3071.49199889
eth4h:row14336:1713240000,2024-04-16 04:00:00,3107.29000000,0.00710465,-0.04862706,-0.02690264,-0.07403050,-0.03598563,-0.05045653,0.0002844448,-0.0006547126,-0.0000855793,-0.0008571954,0.0000297435,-0.0001059488,3108.17397823,3105.25628379,3107.02409176,3104.62758664,3107.38242293,3106.96080373
eth4h:row14337:1713254400,2024-04-16 08:00:00,3093.31000000,-0.01038711,-0.03485963,-0.04348579,-0.06112352,-0.04692975,-0.04429462,-0.0000561694,-0.0003866216,-0.0004085002,-0.0006058598,-0.0001833695,0.0000140411,3093.13625555,3092.11429081,3092.04664033,3091.43645534,3092.74283330,3093.35343387
eth4h:row14338:1713268800,2024-04-16 12:00:00,3009.04000000,-0.00559514,-0.04272588,-0.03483292,-0.06237486,-0.04563265,-0.04796188,0.0000371440,-0.0005397998,-0.0002400043,-0.0006302270,-0.0001581113,-0.0000573709,3009.15176978,3007.41615925,3008.31790405,3007.14421928,3008.56427453,3008.86737350
eth4h:row14339:1713283200,2024-04-16 16:00:00,3057.64000000,-0.00260811,-0.04253405,-0.03483590,-0.06266300,-0.04412322,-0.04995435,0.0000953099,-0.0005360644,-0.0002400624,-0.0006358379,-0.0001287184,-0.0000961699,3057.93143718,3056.00134722,3056.90606384,3055.69645463,3057.24645079,3057.34596129
eth4h:row14340:1713297600,2024-04-16 20:00:00,3084.22000000,-0.00668656,-0.03551656,-0.03456744,-0.06366293,-0.04591450,-0.04799695,0.0000158909,-0.0003994139,-0.0002348347,-0.0006553093,-0.0001635998,-0.0000580537,3084.26901147,3082.98836563,3083.49580319,3082.19954402,3083.71546356,3084.04095480
eth4h:row14341:1713312000,2024-04-17 00:00:00,3095.61000000,-0.00695704,-0.04267919,-0.02792522,-0.06551567,-0.04559258,-0.04754757,0.0000106238,-0.0005388907,-0.0001054918,-0.0006913873,-0.0001573310,-0.0000493031,3095.64288728,3093.94225409,3095.28345588,3093.47047416,3095.12300292,3095.45738056
eth4h:row14342:1713326400,2024-04-17 04:00:00,3076.60000000,-0.00236331,-0.04743806,-0.02927860,-0.06817341,-0.03993566,-0.05384571,0.0001000768,-0.0006315593,-0.0001318460,-0.0007431411,-0.0000471747,-0.0001719458,3076.90791155,3074.65755820,3076.19438943,3074.31450141,3076.45486578,3076.07103711
eth4h:row14343:1713340800,2024-04-17 08:00:00,3040.20000000,-0.00644057,-0.03891028,-0.04008743,-0.05565735,-0.04474624,-0.04816357,0.0000206810,-0.0004654994,-0.0003423245,-0.0004994178,-0.0001408505,-0.0000612984,3040.26287505,3038.78511819,3039.15944318,3038.68204902,3039.77181656,3040.01364643
eth4h:row14344:1713355200,2024-04-17 12:00:00,2946.80000000,-0.00883495,-0.04087524,-0.04171934,-0.05644739,-0.04792038,-0.04723317,-0.0000259443,-0.0005037626,-0.0003741025,-0.0005148022,-0.0002026599,-0.0000431809,2946.72354822,2945.31588610,2945.69780086,2945.28337119,2946.20286243,2946.67275740
eth4h:row14345:1713369600,2024-04-17 16:00:00,3001.60000000,-0.00917607,-0.03754777,-0.05493649,-0.04870931,-0.05592520,-0.04340922,-0.0000325869,-0.0004389673,-0.0006314780,-0.0003641198,-0.0003585365,0.0000312823,3001.50218888,3000.28268498,2999.70515400,3000.50725704,3000.52400982,3001.69389850
eth4h:row14346:1713384000,2024-04-17 20:00:00,2985.41000000,-0.00572722,-0.03753279,-0.04478904,-0.05192663,-0.04699019,-0.04358491,0.0000345719,-0.0004386757,-0.0004338783,-0.0004267702,-0.0001845466,0.0000278612,2985.51321316,2984.10066052,2984.11497641,2984.13618775,2984.85910367,2985.49317840
eth4h:row14347:1713398400,2024-04-18 00:00:00,3025.68000000,-0.00660246,-0.03945690,-0.04727259,-0.05130746,-0.05248202,-0.04318254,0.0000175286,-0.0004761436,-0.0004822400,-0.0004147132,-0.0002914881,0.0000356964,3025.73303647,3024.23968479,3024.22124788,3024.42547083,3024.79817882,3025.78800769
eth4h:row14348:1713412800,2024-04-18 04:00:00,2975.20000000,-0.00889193,-0.04157704,-0.03985747,-0.05930305,-0.04488756,-0.05180625,-0.0000270539,-0.0005174287,-0.0003378466,-0.0005704100,-0.0001436023,-0.0001322317,2975.11951021,2973.66094440,2974.19500850,2973.50340005,2974.77278518,2974.80661040
eth4h:row14349:1713427200,2024-04-18 08:00:00,3046.46000000,-0.01317434,-0.03025225,-0.04345062,-0.05389910,-0.04757495,-0.04465836,-0.0001104447,-0.0002969028,-0.0004078154,-0.0004651797,-0.0001959335,0.0000069581,3046.12355317,3045.55563164,3045.21786001,3045.04317807,3045.86315496,3046.48119774
eth4h:row14350:1713441600,2024-04-18 12:00:00,3069.17000000,-0.00927221,-0.03332579,-0.04834643,-0.05296480,-0.05164985,-0.04696899,-0.0000344590,-0.0003567534,-0.0005031506,-0.0004469862,-0.0002752834,-0.0000380365,3069.06424122,3068.07525840,3067.62613356,3067.79842987,3068.32522479,3069.05326183
eth4h:row14351:1713456000,2024-04-18 16:00:00,3064.19000000,-0.01510944,-0.03095278,-0.04749456,-0.05339091,-0.04938404,-0.05185124,-0.0001481265,-0.0003105442,-0.0004865623,-0.0004552839,-0.0002311615,-0.0001331077,3063.73614587,3063.23858127,3062.69944324,3062.79524128,3063.48175922,3063.78215996
eth4h:row14352:1713470400,2024-04-18 20:00:00,3064.40000000,-0.00448452,-0.04063299,-0.03652051,-0.05976053,-0.03594191,-0.05317613,0.0000587708,-0.0004990454,-0.0002728664,-0.0005793185,0.0000305950,-0.0001589071,3064.58010244,3062.87110685,3063.56394222,3062.62525063,3064.49375662,3063.91308384
eth4h:row14353:1713484800,2024-04-19 00:00:00,2979.80000000,-0.00692009,-0.03390838,-0.04305419,-0.05738369,-0.04626419,-0.04809842,0.0000113434,-0.0003680981,-0.0004000958,-0.0005330346,-0.0001704091,-0.0000600297,2979.83380127,2978.70334310,2978.60803310,2978.21208661,2979.29225808,2979.62112873
eth4h:row14354:1713499200,2024-04-19 04:00:00,3084.41000000,-0.01529186,-0.03003642,-0.03462055,-0.06763960,-0.03745797,-0.05511006,-0.0001516787,-0.0002927000,-0.0002358688,-0.0007327464,0.0000010730,-0.0001965662,3083.94219606,3083.50732517,3083.68256956,3082.15073745,3084.41330952,3083.80376873
eth4h:row14355:1713513600,2024-04-19 08:00:00,3102.61000000,-0.00741666,-0.03479084,-0.02897873,-0.06795415,-0.03088421,-0.05753099,0.0000016738,-0.0003852821,-0.0001260066,-0.0007388716,0.0001290826,-0.0002437087,3102.61519330,3101.41485001,3102.21907520,3100.31841637,3103.01051880,3101.85395922
eth4h:row14356:1713528000,2024-04-19 12:00:00,3080.74000000,-0.00650137,-0.04323970,-0.03572264,-0.06082832,-0.04430863,-0.05106962,0.0000194971,-0.0005498053,-0.0002573297,-0.0006001113,-0.0001323288,-0.0001178875,3080.80006615,3079.04665828,3079.94733619,3078.89176770,3080.33235629,3080.37684070
eth4h:row14357:1713542400,2024-04-19 16:00:00,3104.10000000,-0.01659482,-0.03494456,-0.03115651,-0.06695288,-0.04135724,-0.05504706,-0.0001770510,-0.0003882755,-0.0001684141,-0.0007193740,-0.0000748570,-0.0001953394,3103.55046463,3102.89498791,3103.57726984,3101.86779407,3103.86764509,3103.49370618
eth4h:row14358:1713556800,2024-04-19 20:00:00,3056.46000000,-0.00268119,-0.04298392,-0.02010014,-0.07595102,-0.02983352,-0.05663597,0.0000938869,-0.0005448246,0.0000468847,-0.0008945934,0.0001495426,-0.0002262800,3056.74697500,3054.79521896,3056.60330458,3053.72693379,3056.91710523,3055.76846245
eth4h:row14359:1713571200,2024-04-20 00:00:00,3055.99000000,-0.00095879,-0.04341100,-0.02803775,-0.06733005,-0.03828519,-0.05177399,0.0001274268,-0.0005531411,-0.0001076831,-0.0007267185,-0.0000150354,-0.0001316034,3056.37943991,3054.30007376,3055.66093922,3053.76996239,3055.94405232,3055.58784767
eth4h:row14360:1713585600,2024-04-20 04:00:00,3060.64000000,-0.00780015,-0.03957532,-0.03491106,-0.06691122,-0.03548429,-0.05520586,-0.0000057939,-0.0004784496,-0.0002415260,-0.0007185627,0.0000395060,-0.0001984317,3060.62226697,3059.17598841,3059.90086524,3058.44152816,3060.76091608,3060.03273219
eth4h:row14361:1713600000,2024-04-20 08:00:00,3047.39000000,-0.00434439,-0.04512969,-0.02533379,-0.07168168,-0.02798645,-0.06109177,0.0000614995,-0.0005866088,-0.0000550292,-0.0008114571,0.0001855102,-0.0003130472,3047.57741875,3045.60289850,3047.22230907,3044.91817684,3047.95537450,3046.43617246
eth4h:row14362:1713614400,2024-04-20 12:00:00,3109.86000000,-0.00439196,-0.04096064,-0.03109833,-0.06531005,-0.03645220,-0.05741376,0.0000605733,-0.0005054256,-0.0001672813,-0.0006873833,0.0000206580,-0.0002414259,3110.04838017,3108.28859431,3109.33982216,3107.72306868,3109.92424419,3109.10928987
eth4h:row14363:1713628800,2024-04-20 16:00:00,3148.21000000,-0.00597530,-0.03982183,-0.02875104,-0.07186292,-0.03603280,-0.05803981,0.0000297412,-0.0004832498,-0.0001215729,-0.0008149864,0.0000288251,-0.0002536167,3148.30363297,3146.68899568,3147.82728636,3145.64529693,3148.30074871,3147.41166252
eth4h:row14364:1713643200,2024-04-20 20:00:00,3155.79000000,-0.00199537,-0.04431458,-0.02081319,-0.07249320,-0.03317038,-0.05477642,0.0001072416,-0.0005707363,0.0000329996,-0.0008272596,0.0000845645,-0.0001900694,3156.12845006,3153.98938997,3155.89414149,3153.18042190,3156.05687893,3155.19023798
eth4h:row14365:1713657600,2024-04-21 00:00:00,3166.80000000,0.00286294,-0.05349217,-0.01840916,-0.07478686,-0.02808345,-0.05968302,0.0002018468,-0.0007494501,0.0000798130,-0.0008719237,0.0001836214,-0.0002856147,3167.43927286,3164.42753042,3167.05276177,3164.03999539,3167.38154563,3165.89564451
eth4h:row14366:1713672000,2024-04-21 04:00:00,3179.55000000,-0.00439077,-0.04442643,-0.02559730,-0.07252707,-0.03197579,-0.06036397,0.0000605965,-0.0005729143,-0.0000601606,-0.0008279192,0.0001078265,-0.0002988748,3179.74267546,3177.72891205,3179.35872223,3176.91867900,3179.89285819,3178.59985463
eth4h:row14367:1713686400,2024-04-21 08:00:00,3168.81000000,-0.00190263,-0.04470193,-0.01918402,-0.07526352,-0.02729153,-0.05986113,0.0001090476,-0.0005782792,0.0000647242,-0.0008812056,0.0001990424,-0.0002890831,3169.15556992,3166.97807277,3169.01510542,3166.01885681,3169.44079023,3167.89408303
eth4h:row14368:1713700800,2024-04-21 12:00:00,3158.82000000,-0.00072627,-0.04686901,-0.03086218,-0.07010250,-0.03751790,-0.05362833,0.0001319546,-0.0006204783,-0.0001626827,-0.0007807060,-0.0000000941,-0.0001677128,3159.23684834,3156.86062856,3158.30615645,3156.35485282,3158.81970285,3158.29026986
eth4h:row14369:1713715200,2024-04-21 16:00:00,3136.79000000,0.00247497,-0.05111752,-0.02804747,-0.07076366,-0.03196673,-0.05838621,0.0001942920,-0.0007032090,-0.0001078723,-0.0007935807,0.0001080029,-0.0002603623,3137.39951228,3134.58495649,3136.45164551,3134.30169145,3137.12880074,3135.97340457
eth4h:row14370:1713729600,2024-04-21 20:00:00,3147.67000000,0.00010110,-0.04906939,-0.02846351,-0.06570159,-0.03128526,-0.05695016,0.0001480659,-0.0006633260,-0.0001159738,-0.0006950078,0.0001212732,-0.0002323982,3148.13609705,3145.58276104,3147.30497397,3145.48310497,3148.05175103,3146.93857216
eth4h:row14371:1713744000,2024-04-22 00:00:00,3190.10000000,0.00634743,-0.05300334,-0.02969887,-0.06850763,-0.03506764,-0.05427807,0.0002696996,-0.0007399312,-0.0001400299,-0.0007496493,0.0000476194,-0.0001803650,3190.96048484,3187.74041860,3189.65332200,3187.70943998,3190.25191427,3189.52466951
eth4h:row14372:1713758400,2024-04-22 04:00:00,3203.60000000,-0.00915708,-0.04099411,-0.03135749,-0.06637989,-0.03949053,-0.05217671,-0.0000322172,-0.0005060773,-0.0001723279,-0.0007082162,-0.0000385068,-0.0001394455,3203.49679069,3201.97914090,3203.04797798,3201.33196180,3203.47664202,3203.15330349
eth4h:row14373:1713772800,2024-04-22 08:00:00,3194.54000000,-0.00476318,-0.04598643,-0.03086659,-0.06502812,-0.03870245,-0.05013373,0.0000533446,-0.0006032920,-0.0001627686,-0.0006818933,-0.0000231607,-0.0000996629,3194.71041610,3192.61334086,3194.02007156,3192.36240701,3194.46601314,3194.22163870
eth4h:row14374:1713787200,2024-04-22 12:00:00,3183.32000000,0.00131650,-0.05075103,-0.03232374,-0.06458610,-0.03685313,-0.05635116,0.0001717331,-0.0006960723,-0.0001911435,-0.0006732861,0.0000128509,-0.0002207340,3183.86672849,3181.10495012,3182.71158714,3181.17743632,3183.36090879,3182.61741050
eth4h:row14375:1713801600,2024-04-22 16:00:00,3188.23000000,-0.00608330,-0.04216766,-0.03359279,-0.06586647,-0.03865051,-0.05494168,0.0000276381,-0.0005289298,-0.0002158554,-0.0006982185,-0.0000221493,-0.0001932873,3188.31811775,3186.54409612,3187.54187765,3186.00469590,3188.15938372,3187.61381507
eth4h:row14376:1713816000,2024-04-22 20:00:00,3200.20000000,0.00886572,-0.05646375,-0.02345904,-0.07456967,-0.03101414,-0.05606272,0.0003187380,-0.0008073151,-0.0000185226,-0.0008676945,0.0001265525,-0.0002151172,3201.22018797,3197.61747268,3200.14072443,3197.42440834,3200.60501886,3199.51165582
eth4h:row14377:1713830400,2024-04-23 00:00:00,3183.90000000,0.00333644,-0.05391243,-0.02562520,-0.07363559,-0.03600671,-0.05664571,0.0002110671,-0.0007576337,-0.0000607038,-0.0008495053,0.0000293330,-0.0002264698,3184.57208761,3181.48868347,3183.70673117,3181.19640844,3183.99339477,3183.17902452
eth4h:row14378:1713844800,2024-04-23 04:00:00,3160.48000000,0.00419516,-0.05535929,-0.02078315,-0.07616438,-0.02981935,-0.05840115,0.0002277889,-0.0007858082,0.0000335846,-0.0008987480,0.0001498186,-0.0002606530,3161.20000440,3157.99744448,3160.58614513,3157.64080096,3160.95353408,3159.65631873
eth4h:row14379:1713859200,2024-04-23 08:00:00,3179.80000000,0.00807966,-0.05600819,-0.01924368,-0.07748996,-0.02878258,-0.05883705,0.0003034311,-0.0007984441,0.0000635624,-0.0009245608,0.0001700073,-0.0002691413,3180.76499654,3177.26212068,3180.00212213,3176.86144033,3180.34063516,3178.94429968
eth4h:row14380:1713873600,2024-04-23 12:00:00,3226.13000000,0.00184537,-0.04837638,-0.02501937,-0.07686253,-0.03652092,-0.05511128,0.0001820318,-0.0006498311,-0.0000489067,-0.0009123430,0.0000193199,-0.0001965900,3226.71731165,3224.03424127,3225.97222451,3223.18800529,3226.19232912,3225.49583736
eth4h:row14381:1713888000,2024-04-23 16:00:00,3218.31000000,0.00207991,-0.05319589,-0.02277663,-0.07764921,-0.03605077,-0.05277579,0.0001865990,-0.0007436807,-0.0000052341,-0.0009276618,0.0000284750,-0.0001511114,3218.91058954,3215.91749459,3218.29315509,3215.32588113,3218.40164266,3217.82371333
eth4h:row14382:1713902400,2024-04-23 20:00:00,3219.46000000,0.00335522,-0.05316287,-0.02783045,-0.07253145,-0.03875319,-0.05330598,0.0002114328,-0.0007430377,-0.0001036463,-0.0008280045,-0.0000241487,-0.0001614356,3220.14077127,3217.06870829,3219.12633221,3216.79537599,3219.38225516,3218.94030649
eth4h:row14383:1713916800,2024-04-24 00:00:00,3237.61000000,0.00300295,-0.04907684,-0.02984658,-0.07159515,-0.03884096,-0.05244986,0.0002045732,-0.0006634711,-0.0001429060,-0.0008097721,-0.0000258579,-0.0001447646,3238.27239595,3235.46265187,3237.14735913,3234.98933505,3237.52628317,3237.14134266
eth4h:row14384:1713931200,2024-04-24 04:00:00,3250.11000000,0.00615789,-0.05140440,-0.02564218,-0.07604894,-0.03923139,-0.04816670,0.0002660087,-0.0007087953,-0.0000610345,-0.0008965001,-0.0000334606,-0.0000613593,3250.97467254,3247.80715354,3249.91163705,3247.19758183,3250.00125110,3249.91058165
eth4h:row14385:1713945600,2024-04-24 08:00:00,3281.96000000,0.01067830,-0.05559956,-0.02602502,-0.07633698,-0.04039287,-0.04750242,0.0003540340,-0.0007904869,-0.0000684895,-0.0009021090,-0.0000560779,-0.0000484239,3283.12213127,3279.36667890,3281.73522775,3279.00064931,3281.77595970,3281.80107854
eth4h:row14386:1713960000,2024-04-24 12:00:00,3175.80000000,0.00532265,-0.05428554,-0.02421394,-0.07645375,-0.03890086,-0.05055656,0.0002497442,-0.0007648993,-0.0000332225,-0.0009043828,-0.0000270243,-0.0001078967,3176.59323670,3173.37176171,3175.69449363,3172.92915955,3175.71417749,3175.45736009
eth4h:row14387:1713974400,2024-04-24 16:00:00,3134.67000000,0.00594772,-0.05338943,-0.02345487,-0.07694717,-0.03967526,-0.05113774,0.0002619162,-0.0007474494,-0.0000184414,-0.0009139911,-0.0000421040,-0.0001192138,3135.49112830,3132.32786810,3134.61219289,3131.80624842,3134.53802062,3134.29632620
eth4h:row14388:1713988800,2024-04-24 20:00:00,3140.80000000,0.00790740,-0.05036515,-0.02411589,-0.07994822,-0.04131757,-0.04895268,0.0003000767,-0.0006885581,-0.0000313132,-0.0009724301,-0.0000740846,-0.0000766645,3141.74262243,3138.63812105,3140.70165295,3137.74727620,3140.56732380,3140.55922139
eth4h:row14389:1714003200,2024-04-25 00:00:00,3147.41000000,0.00100959,-0.04555282,-0.02875587,-0.07530284,-0.04563466,-0.04462268,0.0001657568,-0.0005948484,-0.0001216669,-0.0008819714,-0.0001581504,0.0000076528,3147.93174799,3145.53832498,3147.02708774,3144.63529829,3146.91227513,3147.43408656
eth4h:row14390:1714017600,2024-04-25 04:00:00,3136.39000000,0.00346811,-0.04874605,-0.02536127,-0.07829832,-0.03932939,-0.05044963,0.0002136311,-0.0006570296,-0.0000555643,-0.0009403018,-0.0000353691,-0.0001058145,3137.06010192,3134.32997566,3136.21573351,3133.44223297,3136.27907079,3136.05814210
eth4h:row14391:1714032000,2024-04-25 08:00:00,3112.00000000,0.00118465,-0.04694526,-0.02395472,-0.07934326,-0.03656749,-0.05479839,0.0001691657,-0.0006219631,-0.0000281748,-0.0009606498,0.0000184130,-0.0001904971,3112.52648830,3110.06505255,3111.91232134,3109.01189326,3112.05730173,3111.40722955
eth4h:row14392:1714046400,2024-04-25 12:00:00,3160.40000000,0.00121100,-0.04376647,-0.02009847,-0.08277297,-0.03844406,-0.05147281,0.0001696788,-0.0005600631,0.0000469172,-0.0010274360,-0.0000181292,-0.0001257386,3160.93629823,3158.63047229,3160.54828061,3157.15455871,3160.34270509,3160.00264083
eth4h:row14393:1714060800,2024-04-25 16:00:00,3165.84000000,0.00109060,-0.04263692,-0.02446392,-0.08095203,-0.04225326,-0.04780123,0.0001673342,-0.0005380675,-0.0000380904,-0.0009919772,-0.0000923051,-0.0000542426,3166.36979762,3164.13702273,3165.71941421,3162.70111595,3165.54779036,3165.66828114
eth4h:row14394:1714075200,2024-04-25 20:00:00,3155.80000000,-0.00029640,-0.04097699,-0.02462354,-0.07636116,-0.04031573,-0.04895932,0.0001403254,-0.0005057439,-0.0000411987,-0.0009025800,-0.0000545759,-0.0000767939,3156.24286986,3154.20437689,3155.66998791,3152.95292321,3155.62777421,3155.55766309
eth4h:row14395:1714089600,2024-04-26 00:00:00,3141.59000000,0.00070633,-0.04488119,-0.02183279,-0.07619272,-0.03769540,-0.05080944,0.0001598513,-0.0005817699,0.0000131451,-0.0008992999,-0.0000035506,-0.0001128209,3142.09222753,3139.76284893,3141.63129691,3138.76603840,3141.57884564,3141.23558308
eth4h:row14396:1714104000,2024-04-26 04:00:00,3135.46000000,0.00166352,-0.04479796,-0.02458706,-0.07837309,-0.04085387,-0.04837023,0.0001784906,-0.0005801491,-0.0000404883,-0.0009417579,-0.0000650548,-0.0000653227,3136.01970000,3133.64149339,3135.33305300,3132.50854591,3135.25602980,3135.25518998
eth4h:row14397:1714118400,2024-04-26 08:00:00,3128.63000000,-0.00558417,-0.03726043,-0.02588239,-0.07801364,-0.04255827,-0.04861558,0.0000373575,-0.0004333720,-0.0000657121,-0.0009347584,-0.0000982444,-0.0000701003,3128.74688010,3127.27443322,3128.42441804,3125.70685318,3128.32264476,3128.41068974
eth4h:row14398:1714132800,2024-04-26 12:00:00,3117.60000000,-0.00750261,-0.03690991,-0.02923575,-0.07602625,-0.04541077,-0.04887115,0.0000000002,-0.0004265463,-0.0001310114,-0.0008960581,-0.0001537907,-0.0000750770,3117.60000050,3116.27048268,3117.19158547,3114.80770034,3117.12057913,3117.36594878
eth4h:row14399:1714147200,2024-04-26 16:00:00,3133.84000000,-0.00414198,-0.04094346,-0.03122440,-0.07407877,-0.04493743,-0.05045857,0.0000654412,-0.0005050910,-0.0001697361,-0.0008581352,-0.0001445735,-0.0001059886,3134.04508881,3132.25752520,3133.30811937,3131.15189503,3133.38696263,3133.50786637
eth4h:row14400:1714161600,2024-04-26 20:00:00,3131.30000000,-0.00596677,-0.03975810,-0.02455124,-0.07889201,-0.04036275,-0.05292837,0.0000299072,-0.0004820088,-0.0000397908,-0.0009518627,-0.0000554913,-0.0001540825,3131.39364977,3129.79104968,3131.17540562,3128.32085054,3131.12624480,3130.81755877
eth4h:row14401:1714176000,2024-04-27 00:00:00,3122.18000000,-0.00483583,-0.04412264,-0.01933196,-0.08439173,-0.03911325,-0.05319747,0.0000519298,-0.0005669986,0.0000618434,-0.0010589578,-0.0000311600,-0.0001593226,3122.34213830,3120.41022994,3122.37309232,3118.87549299,3122.08271429,3121.68260579
eth4h:row14402:1714190400,2024-04-27 04:00:00,3120.59000000,-0.00622379,-0.04019637,-0.01812765,-0.08590704,-0.03499417,-0.05539604,0.0000249024,-0.0004905432,0.0000852948,-0.0010884653,0.0000490501,-0.0002021351,3120.66771105,3119.05959128,3120.85618149,3117.19519395,3120.74306892,3119.95928287
eth4h:row14403:1714204800,2024-04-27 08:00:00,3124.92000000,-0.00622844,-0.03747788,-0.01699087,-0.08509785,-0.03112684,-0.05824705,0.0000248118,-0.0004376064,0.0001074311,-0.0010727080,0.0001243579,-0.0002576524,3124.99753597,3123.55281421,3125.25573176,3121.56967052,3125.30863276,3124.11496063
eth4h:row14404:1714219200,2024-04-27 12:00:00,3145.05000000,-0.00032209,-0.04433459,-0.01685437,-0.08431448,-0.03113068,-0.05737703,0.0001398251,-0.0005711260,0.0001100891,-0.0010574536,0.0001242832,-0.0002407106,3145.48978773,3143.25429302,3145.39625472,3141.72601332,3145.44090122,3144.29304411
eth4h:row14405:1714233600,2024-04-27 16:00:00,3237.40000000,0.00294961,-0.04430601,-0.01749888,-0.08480988,-0.02824877,-0.05656973,0.0002035344,-0.0005705695,0.0000975387,-0.0010671005,0.0001804021,-0.0002249902,3238.05898928,3235.55336532,3237.71578731,3233.94721130,3237.98408653,3236.67169862
eth4h:row14406:1714248000,2024-04-27 20:00:00,3255.56000000,0.00366766,-0.04487611,-0.01329508,-0.08709927,-0.02642766,-0.05870799,0.0002175170,-0.0005816710,0.0001793986,-0.0011116814,0.0002158643,-0.0002666281,3256.26821666,3253.66688583,3256.14409521,3251.94286558,3256.26283496,3254.69209178
eth4h:row14407:1714262400,2024-04-28 00:00:00,3308.87000000,0.00304229,-0.04498154,-0.01557281,-0.08451723,-0.02870634,-0.05789880,0.0002053392,-0.0005837239,0.0001350447,-0.0010614016,0.0001714919,-0.0002508709,3309.54951058,3306.93909702,3309.31687541,3305.35982316,3309.43749320,3308.04000502
eth4h:row14408:1714276800,2024-04-28 04:00:00,3317.60000000,-0.00138133,-0.04168791,-0.02764406,-0.07417987,-0.03747801,-0.05334886,0.0001191988,-0.0005195875,-0.0001000169,-0.0008601040,0.0000006826,-0.0001622707,3317.99547758,3315.87666416,3317.26820063,3314.74774569,3317.60226447,3317.06169439
eth4h:row14409:1714291200,2024-04-28 08:00:00,3286.41000000,-0.00024926,-0.04349960,-0.02485069,-0.07378496,-0.04259647,-0.05056822,0.0001412435,-0.0005548664,-0.0000456220,-0.0008524140,-0.0000989882,-0.0001081236,3286.87421669,3284.58698720,3286.26007085,3283.60981177,3286.08470018,3286.05468063
eth4h:row14410:1714305600,2024-04-28 12:00:00,3321.01000000,-0.00291734,-0.04121387,-0.02479747,-0.07587673,-0.04183556,-0.05181716,0.0000892883,-0.0005103567,-0.0000445855,-0.0008931466,-0.0000841712,-0.0001324441,3321.30654061,3319.31553270,3320.86193437,3318.04517541,3320.73047823,3320.57018110
eth4h:row14411:1714320000,2024-04-28 16:00:00,3316.92000000,-0.00427102,-0.04040524,-0.02363136,-0.07939187,-0.03981766,-0.05456705,0.0000629283,-0.0004946105,-0.0000218781,-0.0009615963,-0.0000448770,-0.0001859922,3317.12873469,3315.27982234,3316.84743279,3313.73199488,3316.77114995,3316.30313604
eth4h:row14412:1714334400,2024-04-28 20:00:00,3263.45000000,-0.00358104,-0.04400329,-0.02552715,-0.07611828,-0.04043120,-0.05210838,0.0000763642,-0.0005646747,-0.0000587945,-0.0008978502,-0.0000568244,-0.0001381151,3263.69922037,3261.60773256,3263.25813288,3260.52122568,3263.26456179,3262.99929942
eth4h:row14413:1714348800,2024-04-29 00:00:00,3177.60000000,-0.00339143,-0.04425709,-0.03030339,-0.07667746,-0.04233960,-0.05268904,0.0000800563,-0.0005696168,-0.0001518014,-0.0009087391,-0.0000939863,-0.0001494221,3177.85439717,3175.79050096,3177.11767249,3174.71370239,3177.30136311,3177.12523190
eth4h:row14414:1714363200,2024-04-29 04:00:00,3189.00000000,-0.00226526,-0.04270519,-0.02674952,-0.07816221,-0.03993624,-0.05256651,0.0001019861,-0.0005393970,-0.0000825975,-0.0009376514,-0.0000471860,-0.0001470360,3189.32525013,3187.28032679,3188.73660742,3186.01123112,3188.84952738,3188.53113661
eth4h:row14415:1714377600,2024-04-29 08:00:00,3160.11000000,-0.00437724,-0.04280728,-0.02306369,-0.07670316,-0.03965475,-0.05340833,0.0000608600,-0.0005413849,-0.0000108239,-0.0009092396,-0.0000417047,-0.0001634288,3160.30233008,3158.39962705,3160.07579549,3157.23800869,3159.97821121,3159.59358932
eth4h:row14416:1714392000,2024-04-29 12:00:00,3182.45000000,-0.00185429,-0.04764353,-0.02551862,-0.07540809,-0.04136243,-0.05113962,0.0001099889,-0.0006355604,-0.0000586285,-0.0008840208,-0.0000749581,-0.0001192504,3182.80005340,3180.42800344,3182.26342327,3179.63789110,3182.21145847,3182.07051416
eth4h:row14417:1714406400,2024-04-29 16:00:00,3186.01000000,-0.00517695,-0.04042037,-0.02337286,-0.07367757,-0.03611989,-0.05192279,0.0000452872,-0.0004949050,-0.0000168443,-0.0008503228,0.0000271290,-0.0001345011,3186.15428889,3184.43361791,3185.95633435,3183.30201471,3186.09643459,3185.58150711
eth4h:row14418:1714420800,2024-04-29 20:00:00,3216.73000000,-0.00152050,-0.04490422,-0.02214709,-0.07410219,-0.03838586,-0.05234262,0.0001164887,-0.0005822182,0.0000070249,-0.0008585914,-0.0000169958,-0.0001426762,3217.10473437,3214.85770620,3216.75259734,3213.96932868,3216.67532965,3216.27108178
eth4h:row14419:1714435200,2024-04-30 00:00:00,3180.79000000,0.00324197,-0.05203147,-0.02210584,-0.07701668,-0.03808984,-0.05599334,0.0002092275,-0.0007210061,0.0000078281,-0.0009153447,-0.0000112314,-0.0002137662,3181.45557830,3178.49745744,3180.81489964,3177.87981272,3180.75427534,3180.11012720
eth4h:row14420:1714449600,2024-04-30 04:00:00,3157.35000000,0.00255157,-0.04823162,-0.02475950,-0.07571773,-0.03882806,-0.05282799,0.0001957834,-0.0006470122,-0.0000438462,-0.0008900505,-0.0000256067,-0.0001521279,3157.96821730,3155.30781688,3157.21156535,3154.54104926,3157.26915188,3156.86971555
eth4h:row14421:1714464000,2024-04-30 08:00:00,3007.45000000,0.00485320,-0.05223252,-0.02686378,-0.07229799,-0.04178675,-0.05262419,0.0002406028,-0.0007249211,-0.0000848225,-0.0008234584,-0.0000832207,-0.0001481593,3008.17368782,3005.27062610,3007.19491134,3004.97450933,3007.19972846,3007.00445144
eth4h:row14422:1714478400,2024-04-30 12:00:00,2994.12000000,0.00327529,-0.05332926,-0.02834007,-0.07416409,-0.04516558,-0.05234539,0.0002098763,-0.0007462777,-0.0001135700,-0.0008597967,-0.0001490161,-0.0001427302,2994.74846076,2991.88638845,2993.77997700,2991.54677179,2993.67386120,2993.69267910
eth4h:row14423:1714492800,2024-04-30 16:00:00,2928.96000000,0.00225134,-0.04381151,-0.02985981,-0.07283019,-0.03806433,-0.05182356,0.0001899371,-0.0005609402,-0.0001431637,-0.0008338218,-0.0000107347,-0.0001325688,2929.51637105,2927.31748922,2928.54070933,2926.51878729,2928.92855874,2928.57173695
eth4h:row14424:1714507200,2024-04-30 20:00:00,3014.05000000,-0.00311517,-0.03870122,-0.03372934,-0.06987025,-0.04253742,-0.05058802,0.0000854360,-0.0004614283,-0.0002185145,-0.0007761834,-0.0000978384,-0.0001085093,3014.30751950,3012.65955284,3013.39145837,3011.71145212,3013.75512447,3013.72296540
eth4h:row14425:1714521600,2024-05-01 00:00:00,3004.37000000,-0.01326170,-0.03477573,-0.03702017,-0.06926662,-0.04417206,-0.05444909,-0.0001121457,-0.0003849879,-0.0002825963,-0.0007644290,-0.0001296694,-0.0001836953,3004.03309177,3003.21357647,3003.52109602,3002.07425008,3003.98045032,3003.81816218
eth4h:row14426:1714536000,2024-05-01 04:00:00,2869.71000000,-0.00546585,-0.04561175,-0.03390517,-0.07013778,-0.04348120,-0.04861569,0.0000396615,-0.0005959960,-0.0002219385,-0.0007813931,-0.0001162165,-0.0000701023,2869.82381918,2868.00017390,2869.07317163,2867.46850435,2869.37651168,2869.50883365
eth4h:row14427:1714550400,2024-05-01 08:00:00,2905.39000000,-0.00185423,-0.04519135,-0.03190156,-0.06798208,-0.04788921,-0.04526006,0.0001099901,-0.0005878095,-0.0001829225,-0.0007394153,-0.0002020530,-0.0000047589,2905.70958157,2903.68268602,2904.85858744,2903.24250409,2904.80301660,2905.37617371
eth4h:row14428:1714564800,2024-05-01 12:00:00,2885.45000000,-0.00844582,-0.03391914,-0.03327748,-0.07121675,-0.04131436,-0.05101239,-0.0000183669,-0.0003683076,-0.0002097154,-0.0008024035,-0.0000740219,-0.0001167730,2885.39700374,2884.38746248,2884.84494005,2883.13563333,2885.23642143,2885.11307715
eth4h:row14429:1714579200,2024-05-01 16:00:00,2926.06000000,0.00069893,-0.04968330,-0.01725307,-0.08163331,-0.02855641,-0.05424679,0.0001597074,-0.0006752806,0.0001023253,-0.0010052437,0.0001744115,-0.0001797559,2926.52735082,2924.08475541,2926.35942543,2923.12007455,2926.57038292,2925.53407062
eth4h:row14430:1714593600,2024-05-01 20:00:00,2972.46000000,0.00476671,-0.04831670,-0.02135941,-0.08006078,-0.03047325,-0.05242146,0.0002389186,-0.0006486690,0.0000223632,-0.0009746220,0.0001370851,-0.0001442115,2973.17026089,2970.53248251,2972.52647444,2969.56438643,2972.86750801,2972.03136792
eth4h:row14431:1714608000,2024-05-02 00:00:00,2929.33000000,-0.00289034,-0.04496321,-0.02538928,-0.08372065,-0.03419871,-0.05546179,0.0000898141,-0.0005833670,-0.0000561098,-0.0010458901,0.0000645400,-0.0002034154,2929.59310694,2927.62162384,2929.16564043,2926.26784429,2929.51906495,2928.73418990
eth4h:row14432:1714622400,2024-05-02 04:00:00,2921.22000000,-0.00370895,-0.04846025,-0.01366934,-0.08822182,-0.03184225,-0.05699375,0.0000738734,-0.0006514642,0.0001721107,-0.0011335406,0.0001104270,-0.0002332469,2921.43580851,2919.31754948,2921.72281653,2917.91055466,2921.54259929,2920.53871383
eth4h:row14433:1714636800,2024-05-02 08:00:00,2995.55000000,0.00197966,-0.04747395,-0.01903775,-0.08493972,-0.03192323,-0.05639961,0.0001846468,-0.0006322583,0.0000675725,-0.0010696288,0.0001088501,-0.0002216774,2996.10316972,2993.65663731,2995.75242369,2992.34758656,2995.87608353,2994.88602797
eth4h:row14434:1714651200,2024-05-02 12:00:00,2990.17000000,-0.00428991,-0.03917575,-0.02377459,-0.07896152,-0.03862471,-0.04964911,0.0000625604,-0.0004706687,-0.0000246672,-0.0009532163,-0.0000216469,-0.0000902261,2990.35707197,2988.76295172,2990.09624172,2987.32107926,2990.10527287,2989.90022088
eth4h:row14435:1714665600,2024-05-02 16:00:00,2999.81000000,-0.00532644,-0.04366621,-0.01420095,-0.08205798,-0.03318310,-0.05051365,0.0000423763,-0.0005581108,0.0001617587,-0.0010135132,0.0000843168,-0.0001070610,2999.93712349,2998.13624074,3000.29528457,2996.77119319,3000.06294502,2999.48885443
eth4h:row14436:1714680000,2024-05-02 20:00:00,2986.19000000,-0.00216251,-0.04497281,-0.01404842,-0.08598241,-0.02642088,-0.06020664,0.0001039871,-0.0005835539,0.0001647288,-0.0010899330,0.0002159964,-0.0002958112,2986.50054126,2984.44790557,2986.68195214,2982.93702613,2986.83507609,2985.30678217
eth4h:row14437:1714694400,2024-05-03 00:00:00,3010.15000000,-0.00968494,-0.03379683,-0.02189925,-0.07563075,-0.03735438,-0.05114659,-0.0000424961,-0.0003659259,0.0000118510,-0.0008883568,0.0000030901,-0.0001193862,3010.02208310,3009.04870961,3010.18567347,3007.47710019,3010.15930164,3009.79065106
eth4h:row14438:1714708800,2024-05-03 04:00:00,2969.00000000,-0.00934051,-0.03718065,-0.02165958,-0.08158916,-0.04068647,-0.05114458,-0.0000357892,-0.0004318184,0.0000165181,-0.0010043839,-0.0000617951,-0.0001193470,2968.89374391,2967.71820792,2969.04904250,2966.01948116,2968.81653605,2968.64567980
eth4h:row14439:1714723200,2024-05-03 08:00:00,2979.50000000,0.00599302,-0.04714209,-0.02574882,-0.07874082,-0.03961433,-0.05263241,0.0002627983,-0.0006257960,-0.0000631110,-0.0009489186,-0.0000409175,-0.0001483194,2980.28311038,2977.63602425,2979.31196673,2976.67403799,2979.37808878,2979.05811503
eth4h:row14440:1714737600,2024-05-03 12:00:00,3075.52000000,0.00741978,-0.04586092,-0.01393911,-0.07984848,-0.02938912,-0.05398517,0.0002905813,-0.0006008479,0.0001668575,-0.0009704880,0.0001581963,-0.0001746615,3076.41381840,3073.67263533,3076.03321644,3072.53669273,3076.00657438,3074.98287211
eth4h:row14441:1714752000,2024-05-03 16:00:00,3072.50000000,0.00333817,-0.04559073,-0.01965394,-0.08124077,-0.03761171,-0.05229741,0.0002111008,-0.0005955866,0.0000555735,-0.0009975998,-0.0000019208,-0.0001417959,3073.14867569,3070.67060509,3072.67075430,3069.43640299,3072.49409827,3072.06436306
eth4h:row14442:1714766400,2024-05-03 20:00:00,3102.61000000,-0.00157093,-0.04530022,-0.01329556,-0.08668672,-0.03029846,-0.05586647,0.0001155067,-0.0005899295,0.0001793893,-0.0011036478,0.0001404888,-0.0002112957,3102.96839301,3100.78021874,3103.16662492,3099.18770027,3103.04591259,3101.95450099
eth4h:row14443:1714780800,2024-05-04 00:00:00,3112.00000000,-0.01128148,-0.03123111,-0.02620026,-0.07147186,-0.04003393,-0.04734466,-0.0000735853,-0.0003159640,-0.0000719019,-0.0008073712,-0.0000490883,-0.0000453519,3111.77101108,3111.01687546,3111.77624927,3109.48847475,3111.84724082,3111.85886811
eth4h:row14444:1714795200,2024-05-04 04:00:00,3095.94000000,0.00258196,-0.04422073,-0.02998665,-0.07114445,-0.04429092,-0.04912093,0.0001963754,-0.0005689088,-0.0001456336,-0.0008009957,-0.0001319840,-0.0000799408,3096.54802604,3094.17919333,3095.48915998,3093.46115842,3095.53141257,3095.69251803
eth4h:row14445:1714809600,2024-05-04 08:00:00,3130.45000000,-0.00708716,-0.03545047,-0.02425977,-0.07499084,-0.03796528,-0.05423271,0.0000080900,-0.0003981270,-0.0000341151,-0.0008758958,-0.0000088058,-0.0001794817,3130.47532557,3129.20393136,3130.34320623,3127.70925238,3130.42243406,3129.88819185
eth4h:row14446:1714824000,2024-05-04 12:00:00,3126.81000000,0.00584907,-0.04590024,-0.01590100,-0.08048891,-0.03110681,-0.05416624,0.0002599953,-0.0006016136,0.0001286540,-0.0009829588,0.0001247481,-0.0001781873,3127.62306147,3124.92943417,3127.21230257,3123.73798468,3127.20008783,3126.25289185
eth4h:row14447:1714838400,2024-05-04 16:00:00,3137.01000000,0.00170446,-0.04402234,-0.02416411,-0.07619596,-0.03911997,-0.05226976,0.0001792880,-0.0005650455,-0.0000322522,-0.0008993629,-0.0000312909,-0.0001412576,3137.57247853,3135.23794722,3136.90882612,3134.18995799,3136.91184168,3136.56690475
eth4h:row14448:1714852800,2024-05-04 20:00:00,3117.23000000,-0.00988602,-0.03615335,-0.02642169,-0.07526775,-0.03956068,-0.05447889,-0.0000464116,-0.0004118139,-0.0000762138,-0.0008812880,-0.0000398728,-0.0001842756,3117.08532766,3115.94654552,3116.99243306,3114.48403272,3117.10570992,3116.65562353
eth4h:row14449:1714867200,2024-05-05 00:00:00,3086.91000000,0.00254876,-0.04486743,-0.02766648,-0.07035789,-0.04032927,-0.04949170,0.0001957289,-0.0005815018,-0.0001004533,-0.0007856791,-0.0000548395,-0.0000871607,3087.51425654,3085.11547802,3086.59992533,3084.48563172,3086.74072012,3086.64095437
eth4h:row14450:1714881600,2024-05-05 04:00:00,3105.70000000,-0.00555413,-0.03657013,-0.04026642,-0.05994489,-0.05207172,-0.04441776,0.0000379425,-0.0004199299,-0.0003458100,-0.0005829084,-0.0002834983,0.0000116432,3105.81784031,3104.39609739,3104.62620358,3103.89018885,3104.81966404,3105.73616044
eth4h:row14451:1714896000,2024-05-05 08:00:00,3138.10000000,-0.00957297,-0.03610995,-0.03272381,-0.06758878,-0.04478849,-0.05097730,-0.0000403158,-0.0004109690,-0.0001989340,-0.0007317567,-0.0001416732,-0.0001160896,3137.97348763,3136.81060324,3137.47578745,3135.80451441,3137.65544670,3137.73572034
eth4h:row14452:1714910400,2024-05-05 12:00:00,3160.19000000,0.00030227,-0.04522848,-0.02878025,-0.06827274,-0.04010294,-0.05071328,0.0001519832,-0.0005885326,-0.0001221416,-0.0007450754,-0.0000504321,-0.0001109484,3160.67033214,3158.33067239,3159.80403293,3157.83629724,3160.03062896,3159.83940138
eth4h:row14453:1714924800,2024-05-05 16:00:00,3142.45000000,-0.00341844,-0.04312095,-0.03800305,-0.06421940,-0.04948238,-0.04882156,0.0000795305,-0.0005474930,-0.0003017358,-0.0006661453,-0.0002330766,-0.0000741113,3142.69993070,3140.73000157,3141.50195335,3140.35736867,3141.71765388,3142.21711756
eth4h:row14454:1714939200,2024-05-05 20:00:00,3136.41000000,-0.00935798,-0.03861038,-0.03697285,-0.06674986,-0.04645959,-0.05397557,-0.0000361292,-0.0004596594,-0.0002816748,-0.0007154205,-0.0001742141,-0.0001744746,3136.29668597,3134.96865083,3135.52667689,3134.16695047,3135.86364068,3135.86282389
eth4h:row14455:1714953600,2024-05-06 00:00:00,3134.61000000,0.00071920,-0.04476070,-0.02541539,-0.07387067,-0.03693002,-0.05802047,0.0001601021,-0.0005794236,-0.0000566182,-0.0008540830,0.0000113535,-0.0002532401,3135.11189767,3132.79425896,3134.43252907,3131.93392573,3134.64558896,3133.81629159
eth4h:row14456:1714968000,2024-05-06 04:00:00,3180.53000000,0.00473548,-0.04474966,-0.03246429,-0.06716391,-0.04319957,-0.05263265,0.0002383104,-0.0005792086,-0.0001938804,-0.0007234834,-0.0001107323,-0.0001483241,3181.28804380,3178.68834300,3179.91341738,3178.22977157,3180.17783196,3180.05828582
eth4h:row14457:1714982400,2024-05-06 08:00:00,3149.23000000,0.00209350,-0.04591931,-0.02569136,-0.07465422,-0.03872864,-0.05376592,0.0001868637,-0.0006019851,-0.0000619921,-0.0008693409,-0.0000236707,-0.0001703919,3149.81853163,3147.33478108,3149.03477866,3146.49343512,3149.15545656,3148.69344235
eth4h:row14458:1714996800,2024-05-06 12:00:00,3089.25000000,0.00374032,-0.04926954,-0.01932159,-0.07824960,-0.03427991,-0.05375718,0.0002189319,-0.0006672235,0.0000620454,-0.0009393532,0.0000629587,-0.0001702219,3089.92640928,3087.18946724,3089.44167969,3086.34946555,3089.44450126,3088.72418679
eth4h:row14459:1715011200,2024-05-06 16:00:00,3069.84000000,0.00504948,-0.04634009,-0.02364233,-0.07636125,-0.03538930,-0.05462726,0.0002444248,-0.0006101788,-0.0000220917,-0.0009025817,0.0000413558,-0.0001871648,3070.59043689,3067.96741999,3069.77218279,3067.07046864,3069.96695842,3069.26548780
eth4h:row14460:1715025600,2024-05-06 20:00:00,3062.60000000,-0.00437956,-0.03542204,-0.03274110,-0.06979990,-0.04376274,-0.05104341,0.0000608147,-0.0003975734,-0.0001992705,-0.0007748135,-0.0001216990,-0.0001173771,3062.78625680,3061.38263381,3061.98977482,3060.22797519,3062.22730747,3062.24054204
eth4h:row14461:1715040000,2024-05-07 00:00:00,3049.19000000,0.00658233,-0.04936229,-0.02583280,-0.07578118,-0.04141375,-0.04900732,0.0002742738,-0.0006690295,-0.0000647464,-0.0008912860,-0.0000759575,-0.0000777285,3050.02642776,3047.15068412,3048.99258238,3046.47351026,3048.95840007,3048.95300013
eth4h:row14462:1715054400,2024-05-07 04:00:00,3077.40000000,0.01170589,-0.05248533,-0.02678480,-0.07646503,-0.03990156,-0.05167568,0.0003740440,-0.0007298441,-0.0000832846,-0.0009046024,-0.0000465108,-0.0001296892,3078.55129838,3075.15479726,3077.14371056,3074.61743522,3077.25687104,3077.00092034
eth4h:row14463:1715068800,2024-05-07 08:00:00,3063.39000000,0.00328089,-0.04601748,-0.02569267,-0.07692681,-0.04054869,-0.05361851,0.0002099854,-0.0006038967,-0.0000620176,-0.0009135947,-0.0000591122,-0.0001675216,3064.03333472,3061.54058740,3063.20002168,3060.59258107,3063.20892164,3062.87685904
eth4h:row14464:1715083200,2024-05-07 12:00:00,3071.41000000,0.00668044,-0.05035873,-0.02034589,-0.08362506,-0.03781155,-0.05342840,0.0002761843,-0.0006884331,0.0000420993,-0.0010440287,-0.0000058124,-0.0001638196,3072.25839240,3069.29626750,3071.53930679,3068.20503314,3071.39214776,3070.90688399
eth4h:row14465:1715097600,2024-05-07 16:00:00,3049.62000000,0.00430090,-0.04501186,-0.02407732,-0.08224629,-0.04039875,-0.05195103,0.0002298480,-0.0005843144,-0.0000305623,-0.0010171800,-0.0000561925,-0.0001350509,3050.32102954,3047.83858357,3049.52679810,3046.51956452,3049.44863896,3049.20817381
eth4h:row14466:1715112000,2024-05-07 20:00:00,3005.69000000,-0.00304942,-0.04138456,-0.02472517,-0.07835968,-0.04245953,-0.05069160,0.0000867163,-0.0005136806,-0.0000431776,-0.0009414967,-0.0000963216,-0.0001105262,3005.95065350,3004.14643190,3005.56022427,3002.86148450,3005.40050111,3005.35781080
eth4h:row14467:1715126400,2024-05-08 00:00:00,3032.33000000,0.00152583,-0.04657154,-0.01826259,-0.08230510,-0.03527746,-0.05516472,0.0001758094,-0.0006146857,0.0000826671,-0.0010183253,0.0000435335,-0.0001976306,3032.86315905,3030.46664281,3032.58068414,3029.24367325,3032.46201095,3031.73077811
eth4h:row14468:1715140800,2024-05-08 04:00:00,2995.01000000,0.00080324,-0.04369059,-0.01691773,-0.08585937,-0.03249478,-0.05678605,0.0001617386,-0.0005585855,0.0001088553,-0.0010875371,0.0000977202,-0.0002292026,2995.49444790,2993.33749795,2995.33604042,2991.75458615,2995.30268736,2994.32361465
eth4h:row14469:1715155200,2024-05-08 08:00:00,2990.31000000,-0.00259112,-0.04066819,-0.01893648,-0.08241464,-0.03681848,-0.05147675,0.0000956407,-0.0004997308,0.0000695445,-0.0010204584,0.0000135255,-0.0001258155,2990.59600892,2988.81602344,2990.51796684,2987.26006959,2990.35044583,2989.93379644
eth4h:row14470:1715169600,2024-05-08 12:00:00,3006.98000000,0.00168605,-0.04435222,-0.02112785,-0.08303221,-0.03559536,-0.05247726,0.0001789293,-0.0005714693,0.0000268724,-0.0010324841,0.0000373431,-0.0001452982,3007.51808499,3005.26209426,3007.06080586,3003.87694323,3007.09229206,3006.54312295
eth4h:row14471:1715184000,2024-05-08 16:00:00,2999.38000000,0.00316341,-0.04890808,-0.01777258,-0.08276896,-0.03374914,-0.05449215,0.0002076977,-0.0006601849,0.0000922089,-0.0010273580,0.0000732943,-0.0001845338,3000.00302907,2997.40050806,2999.65658238,2996.30014537,2999.59984560,2998.82656396
eth4h:row14472:1715198400,2024-05-08 20:00:00,2974.21000000,0.00233621,-0.04912589,-0.01553425,-0.08128232,-0.03433691,-0.05411983,0.0001915899,-0.0006644263,0.0001357956,-0.0009984088,0.0000618488,-0.0001772837,2974.77988323,2972.23451301,2974.61391211,2971.24200448,2974.39395701,2973.68276777
eth4h:row14473:1715212800,2024-05-09 00:00:00,2997.90000000,0.00141389,-0.04659769,-0.02050539,-0.08244346,-0.03724691,-0.05317851,0.0001736297,-0.0006151950,0.0000389933,-0.0010210195,0.0000051828,-0.0001589535,2998.42056961,2996.05627421,2998.01690028,2994.84064760,2997.91553749,2997.42351116
eth4h:row14474:1715227200,2024-05-09 04:00:00,2983.59000000,-0.00258576,-0.04190511,-0.01845637,-0.08066139,-0.03483073,-0.05517720,0.0000957451,-0.0005238170,0.0000788937,-0.0009863175,0.0000522326,-0.0001978737,2983.87567788,2982.02755404,2983.82539576,2980.64868377,2983.74584484,2982.99968433
eth4h:row14475:1715241600,2024-05-09 08:00:00,2977.20000000,0.00154884,-0.04637405,-0.02081027,-0.07916735,-0.03570332,-0.05466978,0.0001762574,-0.0006108401,0.0000330565,-0.0009572244,0.0000352408,-0.0001879926,2977.72479990,2975.38196212,2977.29841732,2974.35151510,2977.30492087,2976.64036092
eth4h:row14476:1715256000,2024-05-09 12:00:00,3005.99000000,0.00314904,-0.04673409,-0.02298376,-0.08012620,-0.03312632,-0.05818453,0.0002074180,-0.0006178512,-0.0000092674,-0.0009758958,0.0000854225,-0.0002564348,3006.61356108,3004.13331924,3005.96214232,3003.05789787,3006.24679008,3005.21925827
eth4h:row14477:1715270400,2024-05-09 16:00:00,3021.41000000,-0.00304656,-0.04161571,-0.01885822,-0.08122754,-0.03145190,-0.05802233,0.0000867720,-0.0005181817,0.0000710685,-0.0009973421,0.0001180282,-0.0002532764,3021.67218509,3019.84476630,3021.62473458,3018.39812269,3021.76663267,3020.64484517
eth4h:row14478:1715284800,2024-05-09 20:00:00,3036.23000000,0.00035144,-0.04722609,-0.01687923,-0.08453788,-0.03129034,-0.05925154,0.0001529407,-0.0006274316,0.0001096051,-0.0010618038,0.0001211742,-0.0002772126,3036.69439867,3034.32557077,3036.56280447,3033.00783039,3036.59793507,3035.38843543
eth4h:row14479:1715299200,2024-05-10 00:00:00,3028.95000000,-0.00282823,-0.04014085,-0.02340707,-0.07769670,-0.03356133,-0.05743954,0.0000910235,-0.0004894620,-0.0000175105,-0.0009285866,0.0000769515,-0.0002419279,3029.22571822,3027.46780682,3028.89696197,3026.13866325,3029.18309109,3028.21730114
eth4h:row14480:1715313600,2024-05-10 04:00:00,3042.26000000,-0.00636392,-0.03639670,-0.01900413,-0.07712844,-0.03149129,-0.05845173,0.0000221736,-0.0004165527,0.0000682271,-0.0009175210,0.0001172610,-0.0002616381,3042.32745870,3040.99300237,3042.46757176,3039.46994273,3042.61675939,3041.46413290
eth4h:row14481:1715328000,2024-05-10 08:00:00,3037.85000000,0.00054623,-0.04206221,-0.01504579,-0.08359042,-0.03108053,-0.05986630,0.0001567338,-0.0005268763,0.0001453073,-0.0010433541,0.0001252598,-0.0002891838,3038.32617104,3036.24985054,3038.29145393,3034.68209978,3038.23054425,3036.97163009
eth4h:row14482:1715342400,2024-05-10 12:00:00,2918.54000000,-0.00173097,-0.04468361,-0.01340452,-0.08512916,-0.03106604,-0.05892058,0.0001123903,-0.0005779223,0.0001772676,-0.0010733177,0.0001255420,-0.0002707680,2918.86803408,2916.85379792,2919.05740838,2915.40915994,2918.90642225,2917.74985982
eth4h:row14483:1715356800,2024-05-10 16:00:00,2901.60000000,-0.00216030,-0.03905377,-0.01688137,-0.08169611,-0.03270474,-0.05695968,0.0001040300,-0.0004682934,0.0001095633,-0.0010064665,0.0000936318,-0.0002325836,2901.90186916,2900.24151802,2901.91792628,2898.68110604,2901.87169464,2900.92521386
eth4h:row14484:1715371200,2024-05-10 20:00:00,2909.99000000,0.00401879,-0.04082026,-0.01988360,-0.08126232,-0.03215963,-0.05882476,0.0002243545,-0.0005026919,0.0000511014,-0.0009980194,0.0001042467,-0.0002689019,2910.64294264,2908.52753915,2910.13870843,2907.08722233,2910.29337263,2909.20760335
eth4h:row14485:1715385600,2024-05-11 00:00:00,2911.00000000,-0.00179242,-0.04062119,-0.02162787,-0.07851999,-0.03549418,-0.05663813,0.0001111937,-0.0004988156,0.0000171355,-0.0009446183,0.0000393135,-0.0002263221,2911.32370276,2909.54830997,2911.04988195,2908.25151438,2911.11444382,2910.34125097
eth4h:row14486:1715400000,2024-05-11 04:00:00,2921.79000000,0.00453640,-0.04681957,-0.02092430,-0.07973236,-0.03439225,-0.05532875,0.0002344338,-0.0006195156,0.0000308361,-0.0009682267,0.0000607713,-0.0002008247,2922.47504659,2919.98046621,2921.88009799,2918.96241405,2921.96756626,2921.20329121
eth4h:row14487:1715414400,2024-05-11 08:00:00,2903.40000000,-0.00239520,-0.03847976,-0.02354082,-0.07794014,-0.03614093,-0.05561244,0.0000994558,-0.0004571158,-0.0000201151,-0.0009333270,0.0000267195,-0.0002063490,2903.68877431,2902.07311320,2903.34159849,2900.69144249,2903.47757836,2902.80094826
eth4h:row14488:1715428800,2024-05-11 12:00:00,2925.72000000,-0.00704329,-0.03476222,-0.01963380,-0.07913467,-0.03690106,-0.05627792,0.0000089443,-0.0003847247,0.0000559658,-0.0009565880,0.0000119176,-0.0002193079,2925.74616862,2924.59461965,2925.88374484,2922.92262940,2925.75486769,2925.07843698
eth4h:row14489:1715443200,2024-05-11 16:00:00,2930.61000000,-0.00007259,-0.03963393,-0.01861021,-0.08096477,-0.03591803,-0.05572922,0.0001446837,-0.0004795908,0.0000758980,-0.0009922253,0.0000310598,-0.0002086230,2931.03404214,2929.20484343,2930.83243592,2927.70361671,2930.70102560,2929.99867112
eth4h:row14490:1715457600,2024-05-11 20:00:00,2912.45000000,-0.00079804,-0.03718078,-0.02429309,-0.07385604,-0.03969830,-0.05002078,0.0001305572,-0.0004318210,-0.0000347639,-0.0008537981,-0.0000425527,-0.0000974634,2912.83026600,2911.19261437,2912.34875362,2909.96441699,2912.32606989,2912.16615644
eth4h:row14491:1715472000,2024-05-12 00:00:00,2921.13000000,-0.00155394,-0.03954914,-0.01594254,-0.08049236,-0.03335623,-0.05781280,0.0001158375,-0.0004779397,0.0001278450,-0.0009830261,0.0000809455,-0.0002491963,2921.46839604,2919.73420950,2921.50347584,2918.25986386,2921.36646183,2920.40215588
eth4h:row14492:1715486400,2024-05-12 04:00:00,2907.80000000,0.00169946,-0.04150511,-0.01449135,-0.08518091,-0.03206153,-0.06058387,0.0001791905,-0.0005160280,0.0001561039,-0.0010743254,0.0001061569,-0.0003031568,2908.32109670,2906.29988075,2908.25395433,2904.67775399,2908.10869931,2906.91861424
eth4h:row14493:1715500800,2024-05-12 08:00:00,2928.00000000,0.00287754,-0.04000340,-0.01622364,-0.08222809,-0.03400307,-0.05703164,0.0002021311,-0.0004867855,0.0001223713,-0.0010168257,0.0000683496,-0.0002339848,2928.59189978,2926.57503892,2928.35832512,2925.02424738,2928.20013440,2927.31497254
eth4h:row14494:1715515200,2024-05-12 12:00:00,2938.00000000,-0.00151383,-0.03617737,-0.02451035,-0.07791239,-0.04278772,-0.05162420,0.0001166186,-0.0004122817,-0.0000389946,-0.0009327867,-0.0001027125,-0.0001286867,2938.34264556,2936.78896605,2937.88543623,2935.26075034,2937.69824606,2937.62194289
eth4h:row14495:1715529600,2024-05-12 16:00:00,2929.59000000,0.00339074,-0.04300910,-0.02072414,-0.07936893,-0.03775413,-0.05394699,0.0002121245,-0.0005453150,0.0000347336,-0.0009611498,-0.0000046942,-0.0001739180,2930.21150378,2927.99288619,2929.69175707,2926.77557798,2929.57624781,2929.08053574
eth4h:row14496:1715544000,2024-05-12 20:00:00,2929.29000000,0.00257368,-0.03888974,-0.01874157,-0.07644707,-0.03459410,-0.05304455,0.0001962140,-0.0004650992,0.0000733399,-0.0009042528,0.0000568405,-0.0001563449,2929.86482419,2927.92790629,2929.50484170,2926.64237861,2929.45650705,2928.83205626
eth4h:row14497:1715558400,2024-05-13 00:00:00,2889.92000000,0.00139476,-0.03693636,-0.02134248,-0.07860526,-0.03855778,-0.05265024,0.0001732571,-0.0004270614,0.0000226928,-0.0009462790,-0.0000203436,-0.0001486665,2890.42074255,2888.68609023,2889.98558119,2887.18662298,2889.86120926,2889.49039772
eth4h:row14498:1715572800,2024-05-13 04:00:00,2953.99000000,-0.00563847,-0.02988091,-0.02194944,-0.07925895,-0.03602307,-0.05572090,0.0000363002,-0.0002896719,0.0000108737,-0.0009590080,0.0000290146,-0.0002084611,2954.09723227,2953.13443617,2954.02212099,2951.15845777,2954.07570996,2953.37427222
eth4h:row14499:1715587200,2024-05-13 08:00:00,2965.57000000,-0.00105690,-0.03353584,-0.02061084,-0.07871225,-0.03326725,-0.05879384,0.0001255164,-0.0003608436,0.0000369401,-0.0009483624,0.0000826781,-0.0002682998,2965.94225090,2964.50008602,2965.67955038,2962.75889820,2965.81519774,2964.77444488
eth4h:row14500:1715601600,2024-05-13 12:00:00,2961.22000000,0.00553824,-0.04586907,-0.01898893,-0.07911707,-0.03870428,-0.05817353,0.0002539424,-0.0006010066,0.0000685231,-0.0009562454,-0.0000231964,-0.0002562207,2961.97207468,2959.44082188,2961.42291894,2958.38970056,2961.15131124,2960.46137135
eth4h:row14501:1715616000,2024-05-13 16:00:00,2956.70000000,0.00481687,-0.04402106,-0.01604196,-0.08296482,-0.03455400,-0.05594378,0.0002398953,-0.0005650206,0.0001259090,-0.0010311719,0.0000576213,-0.0002128011,2957.40938360,2955.02987554,2957.07229868,2953.65270534,2956.87037394,2956.07087785
eth4h:row14502:1715630400,2024-05-13 20:00:00,2950.99000000,0.00468470,-0.04306963,-0.00988975,-0.08747846,-0.02744207,-0.06032714,0.0002373215,-0.0005464936,0.0002457101,-0.0011190653,0.0001961109,-0.0002981575,2951.69041660,2949.37774331,2951.71517704,2947.68949671,2951.56877820,2950.11027134
eth4h:row14503:1715644800,2024-05-14 00:00:00,2940.99000000,0.00151039,-0.03990428,-0.01573947,-0.08079627,-0.02923475,-0.05989947,0.0001755088,-0.0004848553,0.0001317994,-0.0009889441,0.0001612023,-0.0002898297,2941.50621495,2939.56439104,2941.37764639,2938.08296300,2941.46413256,2940.13773731
eth4h:row14504:1715659200,2024-05-14 04:00:00,2920.03000000,-0.00410276,-0.03521824,-0.03002712,-0.07132739,-0.03435458,-0.05682980,0.0000662049,-0.0003936047,-0.0001464217,-0.0008045580,0.0000615047,-0.0002300545,2920.22332661,2918.88088850,2919.60247559,2917.68161120,2920.20960098,2919.35831119
eth4h:row14505:1715673600,2024-05-14 08:00:00,2907.94000000,-0.00042700,-0.04266079,-0.02266219,-0.07647516,-0.03622307,-0.05808856,0.0001377823,-0.0005385323,-0.0000030056,-0.0009047997,0.0000251199,-0.0002545662,2908.34069037,2906.37440197,2907.93125989,2905.31008658,2908.01304815,2907.19983110
eth4h:row14506:1715688000,2024-05-14 12:00:00,2898.93000000,-0.00266897,-0.04078691,-0.02424797,-0.07404126,-0.03812276,-0.05784313,0.0000941248,-0.0005020425,-0.0000338853,-0.0008574049,-0.0000118724,-0.0002497868,2899.20287413,2897.47497913,2898.83177061,2896.44550853,2898.89558288,2898.20597598
eth4h:row14507:1715702400,2024-05-14 16:00:00,2893.74000000,-0.00256782,-0.04376018,-0.02484831,-0.07345237,-0.03843383,-0.05771705,0.0000960945,-0.0005599406,-0.0000455756,-0.0008459374,-0.0000179298,-0.0002473317,2894.01808583,2892.12013104,2893.60811917,2891.29311209,2893.68811622,2893.02437490
eth4h:row14508:1715716800,2024-05-14 20:00:00,2881.93000000,0.00209184,-0.04486789,-0.02433315,-0.07019849,-0.03549372,-0.05628871,0.0001868312,-0.0005815108,-0.0000355439,-0.0007825752,0.0000393223,-0.0002195179,2882.46848463,2880.25461371,2881.82756685,2879.67555526,2882.04332646,2881.29743411
eth4h:row14509:1715731200,2024-05-15 00:00:00,2902.64000000,0.00220544,-0.04932983,-0.02940508,-0.06764776,-0.03884487,-0.05307367,0.0001890434,-0.0006683975,-0.0001343089,-0.0007329051,-0.0000259340,-0.0001569119,2903.18877680,2900.70053081,2902.25017575,2900.51341961,2902.56472403,2902.18457702
eth4h:row14510:1715745600,2024-05-15 04:00:00,2916.51000000,0.00021983,-0.04961883,-0.02633586,-0.07115240,-0.03644083,-0.05882896,0.0001503779,-0.0006740251,-0.0000745424,-0.0008011506,0.0000208794,-0.0002689837,2916.94861176,2914.54486154,2916.29260431,2914.17437197,2916.57089565,2915.72561176
eth4h:row14511:1715760000,2024-05-15 08:00:00,2898.74000000,-0.00141530,-0.04759832,-0.02629092,-0.07028970,-0.03285599,-0.06139176,0.0001185372,-0.0006346800,-0.0000736673,-0.0007843513,0.0000906866,-0.0003188888,2899.08362900,2896.90081133,2898.52646551,2896.46726085,2899.00288868,2897.81577153
eth4h:row14512:1715774400,2024-05-15 12:00:00,2976.81000000,-0.00272446,-0.04207101,-0.03544190,-0.06564485,-0.04003454,-0.05808539,0.0000930442,-0.0005270477,-0.0002518629,-0.0006939028,-0.0000491002,-0.0002545044,2977.08698792,2975.24149237,2976.06034640,2974.74509971,2976.66384150,2976.05248530
eth4h:row14513:1715788800,2024-05-15 16:00:00,3024.56000000,0.00204892,-0.04485416,-0.03394010,-0.06436640,-0.03851370,-0.05537062,0.0001859955,-0.0005812436,-0.0002226186,-0.0006690078,-0.0000194851,-0.0002016401,3025.12260680,3022.80250476,3023.88675157,3022.53722234,3024.50106665,3023.95018888
eth4h:row14514:1715803200,2024-05-15 20:00:00,3032.55000000,0.00453873,-0.05177394,-0.02711090,-0.06682910,-0.03366032,-0.05854311,0.0002344791,-0.0007159912,-0.0000896347,-0.0007169636,0.0000750239,-0.0002634174,3033.26115283,3030.37949810,3032.27819059,3030.37655126,3032.77752219,3031.75127865
eth4h:row14515:1715817600,2024-05-16 00:00:00,3013.44000000,0.00489522,-0.05131830,-0.02519628,-0.06659374,-0.03286572,-0.06072333,0.0002414210,-0.0007071187,-0.0000523516,-0.0007123804,0.0000904971,-0.0003058725,3014.16759562,3011.30989341,3013.28224583,3011.29404886,3013.71271986,3012.51841256
eth4h:row14516:1715832000,2024-05-16 04:00:00,3016.31000000,-0.00581067,-0.03783099,-0.02789667,-0.06737964,-0.03329679,-0.06022390,0.0000329470,-0.0004444825,-0.0001049358,-0.0007276841,0.0000821028,-0.0002961472,3016.40937996,3014.96960091,3015.99349772,3014.11587744,3016.55765770,3015.41686043
eth4h:row14517:1715846400,2024-05-16 08:00:00,3006.45000000,-0.00345289,-0.03821841,-0.03265985,-0.06523898,-0.03959505,-0.05580633,0.0000788597,-0.0004520266,-0.0001976886,-0.0006859995,-0.0000405420,-0.0002101246,3006.68709702,3005.09131182,3005.85571799,3004.38828407,3006.32811489,3005.81833721
eth4h:row14518:1715860800,2024-05-16 12:00:00,2956.57000000,0.00407744,-0.04652993,-0.03435656,-0.06236093,-0.03980025,-0.05445582,0.0002254966,-0.0006138756,-0.0002307282,-0.0006299557,-0.0000445379,-0.0001838264,2957.23677170,2954.75559089,2955.88791452,2954.70807851,2956.43832342,2956.02655430
eth4h:row14519:1715875200,2024-05-16 16:00:00,2944.76000000,0.00246907,-0.04263756,-0.03943720,-0.06090375,-0.03910872,-0.05495588,0.0001941771,-0.0005380799,-0.0003296627,-0.0006015801,-0.0000310718,-0.0001935639,2945.33186033,2943.17590996,2943.78938238,2942.98902360,2944.66850237,2944.19005604
eth4h:row14520:1715889600,2024-05-16 20:00:00,2944.70000000,0.00575281,-0.04759634,-0.02570065,-0.07142347,-0.03077709,-0.06237521,0.0002581208,-0.0006346414,-0.0000621732,-0.0008064290,0.0001311686,-0.0003380393,2945.46018635,2942.83176426,2944.51692436,2942.32626563,2945.08627754,2943.70474377
eth4h:row14521:1715904000,2024-05-17 00:00:00,2950.49000000,-0.00405656,-0.04118876,-0.03328725,-0.06839541,-0.03915017,-0.05624451,0.0000671044,-0.0005098678,-0.0002099058,-0.0007474640,-0.0000318791,-0.0002186573,2950.68799748,2948.98602367,2949.87074008,2948.28543889,2950.39594263,2949.84492436
eth4h:row14522:1715918400,2024-05-17 04:00:00,3024.67000000,-0.00216513,-0.04049619,-0.03578624,-0.06584102,-0.03978235,-0.05504116,0.0001039360,-0.0004963814,-0.0002585681,-0.0006977229,-0.0000441893,-0.0001952245,3024.98438840,3023.16898279,3023.88801791,3022.56035466,3024.53634492,3024.07956796
eth4h:row14523:1715932800,2024-05-17 08:00:00,3030.40000000,-0.00462656,-0.03959000,-0.03087243,-0.06544490,-0.04017972,-0.05560596,0.0000560049,-0.0004787354,-0.0001628823,-0.0006900093,-0.0000519273,-0.0002062227,3030.56972197,3028.94958755,3029.90644158,3028.30971698,3030.24264345,3029.77512707
eth4h:row14524:1715947200,2024-05-17 12:00:00,3111.54000000,-0.00125479,-0.04624555,-0.02271911,-0.07374002,-0.03467261,-0.06025978,0.0001216629,-0.0006083377,-0.0000041140,-0.0008515388,0.0000553118,-0.0002968459,3111.91858209,3109.64770851,3111.52719900,3108.89153062,3111.71210949,3110.61648905
eth4h:row14525:1715961600,2024-05-17 16:00:00,3085.16000000,-0.00082683,-0.04645336,-0.01852157,-0.07859999,-0.02910101,-0.06140060,0.0001299965,-0.0006123844,0.0000776239,-0.0009461762,0.0001638066,-0.0003190609,3085.56108622,3083.27127454,3085.39949155,3082.24227546,3085.66541082,3084.17580306
eth4h:row14526:1715976000,2024-05-17 20:00:00,3092.01000000,-0.00293880,-0.04312229,-0.02109453,-0.07656690,-0.03354665,-0.05737508,0.0000888705,-0.0005475191,0.0000275212,-0.0009065863,0.0000772374,-0.0002406726,3092.28480059,3090.31752886,3092.09509705,3089.20809634,3092.24882810,3091.26592737
eth4h:row14527:1715990400,2024-05-18 00:00:00,3114.40000000,0.00168116,-0.04630099,-0.02104309,-0.07883976,-0.03019916,-0.06118605,0.0001788341,-0.0006094174,0.0000285229,-0.0009508453,0.0001424226,-0.0003148831,3114.95701082,3112.50260858,3114.48883292,3111.44009472,3114.84359262,3113.41948254
eth4h:row14528:1716004800,2024-05-18 04:00:00,3101.99000000,0.00330783,-0.04755187,-0.01928976,-0.07799287,-0.02900176,-0.06126510,0.0002105100,-0.0006337756,0.0000626652,-0.0009343539,0.0001657394,-0.0003164224,3102.64306872,3100.02465737,3102.18439290,3099.09299708,3102.50416445,3101.00861611
eth4h:row14529:1716019200,2024-05-18 08:00:00,3133.79000000,0.00664146,-0.05028403,-0.01743886,-0.07814363,-0.03147671,-0.05740922,0.0002754252,-0.0006869784,0.0000987075,-0.0009372896,0.0001175449,-0.0002413374,3134.65324371,3131.63789314,3134.09934395,3130.85410746,3134.15838280,3133.03379052
eth4h:row14530:1716033600,2024-05-18 12:00:00,3110.89000000,0.00221653,-0.04761378,-0.02225896,-0.07819225,-0.03630541,-0.05445851,0.0001892593,-0.0006349812,0.0000048463,-0.0009382364,0.0000235166,-0.0001838786,3111.47882053,3108.91527030,3110.90507645,3107.97261865,3110.96315842,3110.31802637
eth4h:row14531:1716048000,2024-05-18 16:00:00,3119.69000000,0.00406385,-0.04854366,-0.02006617,-0.07635958,-0.03602555,-0.05217936,0.0002252320,-0.0006530886,0.0000475463,-0.0009025492,0.0000289662,-0.0001394972,3120.39273310,3117.65323129,3119.83833320,3116.87559653,3119.78036702,3119.25484244
eth4h:row14532:1716062400,2024-05-18 20:00:00,3122.94000000,0.00784112,-0.04980254,-0.02271065,-0.07234913,-0.03731912,-0.05215668,0.0002987861,-0.0006776025,-0.0000039492,-0.0008244543,0.0000037766,-0.0001390555,3123.87323038,3120.82460472,3122.92766680,3120.36633983,3122.95179419,3122.50576811
eth4h:row14533:1716076800,2024-05-19 00:00:00,3129.36000000,0.00668729,-0.05078176,-0.02836480,-0.07277313,-0.04134680,-0.05140170,0.0002763178,-0.0006966706,-0.0001140517,-0.0008327107,-0.0000746536,-0.0001243539,3130.22481730,3127.18062604,3129.00311149,3126.75523305,3129.12639076,3128.97087613
eth4h:row14534:1716091200,2024-05-19 04:00:00,3115.81000000,0.00877477,-0.05236244,-0.01946625,-0.07986994,-0.03411787,-0.05409341,0.0003169668,-0.0007274511,0.0000592284,-0.0009709058,0.0000661141,-0.0001767692,3116.79776496,3113.54422492,3115.99455005,3112.78631009,3116.01600586,3115.25926933
eth4h:row14535:1716105600,2024-05-19 08:00:00,3102.58000000,0.01028479,-0.05367458,-0.02444371,-0.07743144,-0.03711333,-0.05483643,0.0003463713,-0.0007530021,-0.0000376969,-0.0009234213,0.0000077840,-0.0001912379,3103.65483076,3100.24463016,3102.46304448,3099.71633401,3102.60415054,3101.98672591
eth4h:row14536:1716120000,2024-05-19 12:00:00,3077.25000000,0.01040728,-0.05340321,-0.02609136,-0.07833265,-0.03948114,-0.05394400,0.0003487565,-0.0007477178,-0.0000697814,-0.0009409703,-0.0000383240,-0.0001738597,3078.32339801,3074.94994528,3077.03527277,3074.35576093,3077.13206978,3076.71503668
eth4h:row14537:1716134400,2024-05-19 16:00:00,3065.20000000,0.00790657,-0.05196095,-0.02256176,-0.07949765,-0.03684793,-0.05218659,0.0003000605,-0.0007196328,-0.0000010499,-0.0009636562,0.0000129520,-0.0001396379,3066.11988341,3062.99497511,3065.19678192,3062.24762364,3065.23970080,3064.77201180
eth4h:row14538:1716148800,2024-05-19 20:00:00,3071.19000000,0.00862087,-0.05185500,-0.01932481,-0.08079292,-0.03465720,-0.05460141,0.0003139700,-0.0007175697,0.0000619827,-0.0009888788,0.0000556119,-0.0001866614,3072.15441284,3068.98699766,3071.38036661,3068.15446644,3071.36079956,3070.61678103
eth4h:row14539:1716163200,2024-05-20 00:00:00,3087.21000000,0.00098086,-0.04586810,-0.01892927,-0.08045365,-0.03387976,-0.05580076,0.0001651974,-0.0006009878,0.0000696849,-0.0009822723,0.0000707507,-0.0002100161,3087.72004119,3085.35518200,3087.42513953,3084.17900813,3087.42843005,3086.56170429
eth4h:row14540:1716177600,2024-05-20 04:00:00,3091.73000000,-0.00036161,-0.04481119,-0.02064296,-0.07991064,-0.03667790,-0.05202865,0.0001390556,-0.0005804067,0.0000363145,-0.0009716983,0.0000162630,-0.0001365624,3092.15995224,3089.93605977,3091.84227656,3088.72723049,3091.78028117,3091.30781474
eth4h:row14541:1716192000,2024-05-20 08:00:00,3093.80000000,0.00684149,-0.05023466,-0.02135160,-0.08012438,-0.03904492,-0.04900571,0.0002793204,-0.0006860171,0.0000225152,-0.0009758604,-0.0000298295,-0.0000776972,3094.66428229,3091.67832809,3093.86965844,3090.78235567,3093.70771498,3093.55962974
eth4h:row14542:1716206400,2024-05-20 12:00:00,3118.53000000,0.00132031,-0.04316899,-0.02496048,-0.07801533,-0.04056741,-0.05095836,0.0001718074,-0.0005484285,-0.0000477599,-0.0009347912,-0.0000594768,-0.0001157208,3119.06583264,3116.82017823,3118.38106273,3115.61618767,3118.34452536,3118.16914207
eth4h:row14543:1716220800,2024-05-20 16:00:00,3438.87000000,0.00779219,-0.04806879,-0.02521696,-0.07795759,-0.03847295,-0.05084922,0.0002978332,-0.0006438415,-0.0000527543,-0.0009336668,-0.0000186917,-0.0001135956,3439.89436205,3436.65662540,3438.68858954,3435.66073963,3438.80572241,3438.47938163
eth4h:row14544:1716235200,2024-05-20 20:00:00,3661.78000000,0.00636614,-0.04743822,-0.02493772,-0.07811248,-0.03717912,-0.05194240,0.0002700641,-0.0006315625,-0.0000473166,-0.0009366831,0.0000065029,-0.0001348829,3662.76904882,3659.46808735,3661.60674122,3658.35167840,3661.80381225,3661.28612175
eth4h:row14545:1716249600,2024-05-21 00:00:00,3695.90000000,0.00204028,-0.05146256,-0.02920696,-0.07541643,-0.05159494,-0.04264895,0.0001858272,-0.0007099278,-0.0001304508,-0.0008841833,-0.0002742141,0.0000460870,3696.58686249,3693.27710890,3695.41789818,3692.63359115,3694.88667100,3696.07033681
eth4h:row14546:1716264000,2024-05-21 04:00:00,3660.49000000,-0.00013035,-0.05190010,-0.02419510,-0.07758629,-0.04512385,-0.04661674,0.0001435590,-0.0007184480,-0.0000328558,-0.0009264367,-0.0001482035,-0.0000311772,3661.01553400,3657.86107268,3660.36973379,3657.10035812,3659.94754288,3660.37587799
eth4h:row14547:1716278400,2024-05-21 08:00:00,3777.97000000,-0.00877659,-0.03581291,-0.03175762,-0.07175912,-0.04542989,-0.05011421,-0.0000248080,-0.0004051848,-0.0001801195,-0.0008129651,-0.0001541629,-0.0000992828,3777.87627714,3776.43953420,3777.28957534,3774.89989043,3777.38762194,3777.59493120
eth4h:row14548:1716292800,2024-05-21 12:00:00,3777.68000000,-0.00303029,-0.03894208,-0.02665457,-0.07698502,-0.04337107,-0.04826803,0.0000870888,-0.0004661186,-0.0000807486,-0.0009147281,-0.0001140719,-0.0000633324,3778.00900809,3775.91956349,3777.37497010,3774.22602979,3777.24909749,3777.44075789
eth4h:row14549:1716307200,2024-05-21 16:00:00,3712.27000000,0.00000031,-0.04722081,-0.02398941,-0.08446313,-0.04259565,-0.04671674,0.0001461032,-0.0006273289,-0.0000288503,-0.0010603483,-0.0000989723,-0.0000331245,3712.81241411,3709.94191602,3712.16290150,3708.33578691,3711.90260638,3712.14703492
eth4h:row14550:1716321600,2024-05-21 20:00:00,3789.60000000,-0.00186621,-0.05031626,-0.02252957,-0.08403730,-0.03790659,-0.05163013,0.0001097568,-0.0006876061,-0.0000004231,-0.0010520562,-0.0000076631,-0.0001288022,3790.01595703,3786.99514368,3789.59839657,3785.61522431,3789.57096002,3789.11192278
eth4h:row14551:1716336000,2024-05-22 00:00:00,3793.43000000,-0.00490980,-0.04736188,-0.01636776,-0.08365217,-0.03557880,-0.05268624,0.0000504894,-0.0006300759,0.0001195648,-0.0010445565,0.0000376656,-0.0001493675,3793.62153275,3791.04060389,3793.88358783,3789.46961676,3793.57288460,3792.86342709
eth4h:row14552:1716350400,2024-05-22 04:00:00,3746.79000000,-0.00491302,-0.05290540,-0.01786729,-0.08277287,-0.04206883,-0.04812580,0.0000504267,-0.0007380239,0.0000903646,-0.0010274340,-0.0000887137,-0.0000605628,3746.97894302,3744.02579954,3747.12859258,3742.94239749,3746.45762323,3746.56309083
eth4h:row14553:1716364800,2024-05-22 08:00:00,3690.60000000,0.00080545,-0.05654377,-0.01683703,-0.08006345,-0.04478929,-0.03641207,0.0001617815,-0.0008088733,0.0001104268,-0.0009746739,-0.0001416888,0.0001675368,3691.19711926,3687.61597905,3691.00756378,3687.00462086,3690.07712049,3691.21836299
eth4h:row14554:1716379200,2024-05-22 12:00:00,3762.66000000,0.00017727,-0.05962323,-0.01814302,-0.07466252,-0.04281069,-0.03985193,0.0001495492,-0.0008688392,0.0000849954,-0.0008695026,-0.0001031597,0.0001005530,3763.22274496,3759.39227343,3762.97982223,3759.38977944,3762.27186519,3763.03836560
eth4h:row14555:1716393600,2024-05-22 16:00:00,3736.61000000,0.00110848,-0.06273288,-0.02027687,-0.07633574,-0.04186567,-0.04505882,0.0001676824,-0.0009293928,0.0000434433,-0.0009020849,-0.0000847575,-0.0000008401,3737.23661626,3733.13883468,3736.77233424,3733.24078030,3736.29330760,3736.60686075
eth4h:row14556:1716408000,2024-05-22 20:00:00,3737.73000000,0.00273419,-0.06740759,-0.02249738,-0.08027475,-0.04764513,-0.03920116,0.0001993397,-0.0010204229,0.0000002036,-0.0009787885,-0.0001973000,0.0001132252,3738.47515231,3733.91788011,3737.73076119,3734.07334268,3736.99261852,3738.15322906
eth4h:row14557:1716422400,2024-05-23 00:00:00,3782.11000000,0.00314588,-0.06501639,-0.03512999,-0.07271893,-0.05865337,-0.03114893,0.0002073565,-0.0009738593,-0.0002457891,-0.0008316554,-0.0004116617,0.0002700249,3782.89432632,3778.42854974,3781.18051279,3778.96589547,3780.55337050,3783.13140195
eth4h:row14558:1716436800,2024-05-23 04:00:00,3814.00000000,0.00350500,-0.06553116,-0.03420457,-0.06949967,-0.05325378,-0.03923247,0.0002143495,-0.0009838835,-0.0002277685,-0.0007689672,-0.0003065165,0.0001126155,3814.81761671,3810.24931382,3813.13138979,3811.06828640,3812.83112531,3814.42953979
eth4h:row14559:1716451200,2024-05-23 08:00:00,3918.46000000,0.00450651,-0.06530602,-0.02155700,-0.07460232,-0.04359621,-0.04562890,0.0002338517,-0.0009794993,0.0000185156,-0.0008683303,-0.0001184560,-0.0000119411,3919.37644573,3914.62375014,3918.53255318,3915.05895935,3917.99586226,3918.41320960
eth4h:row14560:1716465600,2024-05-23 12:00:00,3812.95000000,0.01573951,-0.07013303,-0.02233967,-0.07149647,-0.04462996,-0.03345405,0.0004525902,-0.0010734949,0.0000032748,-0.0008078506,-0.0001385861,0.0002251377,3814.67609428,3808.85901391,3812.96248662,3809.87095000,3812.42161458,3813.80853548
eth4h:row14561:1716480000,2024-05-23 16:00:00,3791.34000000,0.00119726,-0.06081063,-0.02201774,-0.07490602,-0.04833560,-0.03478343,0.0001694112,-0.0008919612,0.0000095436,-0.0008742442,-0.0002107455,0.0001992510,3791.98234994,3787.95977961,3791.37618311,3788.02689146,3790.54107620,3792.09550340
eth4h:row14562:1716494400,2024-05-23 20:00:00,3783.61000000,0.00233866,-0.05592921,-0.02491834,-0.07237701,-0.04106713,-0.03815123,0.0001916375,-0.0007969062,-0.0000469394,-0.0008249972,-0.0000692077,0.0001336704,3784.33515105,3780.59601868,3783.43240396,3780.48981965,3783.34815405,3784.11579046
eth4h:row14563:1716508800,2024-05-24 00:00:00,3803.82000000,0.01761107,-0.06979027,-0.02545151,-0.07211079,-0.04215163,-0.03572500,0.0004890347,-0.0010668204,-0.0000573216,-0.0008198130,-0.0000903260,0.0001809158,3805.68065484,3799.76417088,3803.60196535,3800.70285666,3803.47643169,3804.50823351
eth4h:row14564:1716523200,2024-05-24 04:00:00,3679.24000000,0.01064665,-0.06414936,-0.03751650,-0.06791908,-0.06093848,-0.02739774,0.0003534177,-0.0009569759,-0.0002922612,-0.0007381885,-0.0004561594,0.0003430712,3680.54053843,3675.72074010,3678.16485786,3676.52502948,3677.56206278,3680.50245798
eth4h:row14565:1716537600,2024-05-24 08:00:00,3712.62000000,0.01926590,-0.07550512,-0.02505859,-0.08464986,-0.04313122,-0.03494068,0.0005212590,-0.0011781048,-0.0000496704,-0.0010639844,-0.0001094013,0.0001961888,3714.55574103,3708.24872009,3712.43559721,3708.67193088,3712.21385660,3713.34844599
eth4h:row14566:1716552000,2024-05-24 12:00:00,3693.67000000,0.01477964,-0.06287311,-0.03107455,-0.07600395,-0.05047686,-0.03308167,0.0004338987,-0.0009321236,-0.0001668182,-0.0008956241,-0.0002524419,0.0002323890,3695.27302636,3690.22864709,3693.05388013,3690.36334127,3692.73768045,3694.52846805
eth4h:row14567:1716566400,2024-05-24 16:00:00,3744.40000000,0.01632936,-0.06606358,-0.03051391,-0.08160098,-0.05319489,-0.02767312,0.0004640762,-0.0009942512,-0.0001559009,-0.0010046140,-0.0003053696,0.0003377089,3746.13809013,3740.67897600,3743.81629021,3740.64021211,3743.25674868,3745.66473089
eth4h:row14568:1716580800,2024-05-24 20:00:00,3728.28000000,0.01132954,-0.06632420,-0.02668199,-0.09118639,-0.04848075,-0.02696025,0.0003667155,-0.0009993262,-0.0000812825,-0.0011912692,-0.0002135719,0.0003515906,3729.64746894,3724.55609305,3727.97696852,3723.84125930,3727.48382911,3729.59105856
eth4h:row14569:1716595200,2024-05-25 00:00:00,3745.26000000,0.01113997,-0.06218424,-0.02433547,-0.09216885,-0.04398975,-0.02651566,0.0003630240,-0.0009187094,-0.0000355891,-0.0012104005,-0.0001261194,0.0003602480,3746.61986617,3741.82077433,3745.12671177,3740.72947770,3744.78767996,3746.60946556
eth4h:row14570:1716609600,2024-05-25 04:00:00,3746.60000000,0.00235106,-0.05268326,-0.02576324,-0.09060398,-0.04908070,-0.03080385,0.0001918789,-0.0007336984,-0.0000633919,-0.0011799280,-0.0002252547,0.0002767447,3747.31896254,3743.85213383,3746.36250353,3742.18188888,3745.75615594,3747.63699502
eth4h:row14571:1716624000,2024-05-25 08:00:00,3739.39000000,0.00419040,-0.05224347,-0.01949837,-0.09735879,-0.04777147,-0.02738287,0.0002276961,-0.0007251344,0.0000586028,-0.0013114634,-0.0001997602,0.0003433608,3740.24154142,3736.67942270,3739.60914531,3734.48914117,3738.64309325,3740.67418050
eth4h:row14572:1716638400,2024-05-25 12:00:00,3743.79000000,0.00794316,-0.05473830,-0.01263281,-0.10082920,-0.04270237,-0.02683949,0.0003007731,-0.0007737157,0.0001922948,-0.0013790421,-0.0001010505,0.0003539421,3744.91620083,3740.89449109,3744.50998056,3738.63071432,3743.41170743,3745.11531939
eth4h:row14573:1716652800,2024-05-25 16:00:00,3757.64000000,0.00243563,-0.04730731,-0.01552584,-0.09881736,-0.04878131,-0.02713471,0.0001935259,-0.0006290133,0.0001359593,-0.0013398659,-0.0002194246,0.0003481933,3758.36727109,3755.27713754,3758.15092074,3752.60863764,3756.81557178,3758.94861283
eth4h:row14574:1716667200,2024-05-25 20:00:00,3749.26000000,0.00155402,-0.04756339,-0.00337222,-0.11004418,-0.03904869,-0.03650906,0.0001763584,-0.0006339999,0.0003726249,-0.0015584839,-0.0000299029,0.0001656481,3749.92127188,3746.88372300,3750.65732786,3743.42138934,3749.14788802,3749.88110910
eth4h:row14575:1716681600,2024-05-26 00:00:00,3771.59000000,-0.00024318,-0.04297702,-0.00876513,-0.10592227,-0.04685372,-0.02969132,0.0001413618,-0.0005446902,0.0002676096,-0.0014782186,-0.0001818891,0.0002984089,3772.12319661,3769.53621110,3772.59944883,3766.01888430,3770.90405141,3772.71564391
eth4h:row14576:1716696000,2024-05-26 04:00:00,3786.02000000,-0.00159471,-0.03923441,-0.01687821,-0.10071252,-0.05369163,-0.02647901,0.0001150436,-0.0004718111,0.0001096248,-0.0013767701,-0.0003150425,0.0003609615,3786.45558248,3784.23413510,3786.43506448,3780.81110756,3784.82743074,3787.38685430
eth4h:row14577:1716710400,2024-05-26 08:00:00,3813.79000000,-0.01053749,-0.02959542,-0.01775619,-0.09968314,-0.05494223,-0.03053091,-0.0000590978,-0.0002841125,0.0000925281,-0.0013567250,-0.0003393953,0.0002820597,3813.56462021,3812.70660840,3814.14289914,3808.61924432,3812.49583739,3814.86586804
eth4h:row14578:1716724800,2024-05-26 12:00:00,3833.05000000,0.00558789,-0.04215488,-0.00921669,-0.10196394,-0.04529434,-0.03001704,0.0002549092,-0.0005286808,0.0002588164,-0.0014011387,-0.0001515234,0.0002920661,3834.02720424,3831.02407559,3834.04218449,3827.68312623,3832.46924714,3834.16966748
eth4h:row14579:1716739200,2024-05-26 16:00:00,3878.86000000,-0.00173103,-0.03577103,-0.01054159,-0.10250092,-0.04781511,-0.03248895,0.0001123892,-0.0004043691,0.0002330170,-0.0014115951,-0.0002006100,0.0002439310,3879.29596631,3877.29182594,3879.76394549,3873.38848275,3878.08194005,3879.80628968
eth4h:row14580:1716753600,2024-05-26 20:00:00,3826.47000000,-0.01179015,-0.02784386,-0.01464221,-0.10054269,-0.05120157,-0.03349080,-0.0000834904,-0.0002500047,0.0001531662,-0.0013734630,-0.0002665540,0.0002244222,3826.15053968,3825.51348395,3827.05613088,3821.21809245,3825.45017516,3827.32884102
eth4h:row14581:1716768000,2024-05-27 00:00:00,3919.58000000,-0.00661086,-0.03208488,-0.00424286,-0.10722888,-0.04021364,-0.03989761,0.0000173650,-0.0003325894,0.0003556709,-0.0015036619,-0.0000525878,0.0000996633,3919.64806397,3918.27660603,3920.97432866,3913.69070558,3919.37388345,3919.97065774
eth4h:row14582:1716782400,2024-05-27 04:00:00,3914.01000000,-0.00699307,-0.02842012,-0.01006522,-0.10166687,-0.04855180,-0.04092742,0.0000099222,-0.0002612261,0.0002422931,-0.0013953539,-0.0002149554,0.0000796101,3914.04883563,3912.98769192,3914.95845232,3908.55237956,3913.16875268,3914.32160707
eth4h:row14583:1716796800,2024-05-27 08:00:00,3900.49000000,-0.00671341,-0.03323849,-0.00243994,-0.10874335,-0.04027070,-0.04643429,0.0000153680,-0.0003550533,0.0003907789,-0.0015331532,-0.0000536990,-0.0000276244,3900.54994332,3899.10536389,3902.01452721,3894.51453325,3900.28055334,3900.38225289
eth4h:row14584:1716811200,2024-05-27 12:00:00,3963.39000000,-0.00885831,-0.03305304,0.00152168,-0.11140876,-0.03705553,-0.04890495,-0.0000263993,-0.0003514422,0.0004679230,-0.0015850561,0.0000089095,-0.0000757351,3963.28537059,3961.99734230,3965.24499524,3957.11278078,3963.42531217,3963.08984368
eth4h:row14585:1716825600,2024-05-27 16:00:00,3873.25000000,-0.00356888,-0.03799818,0.00681046,-0.11543430,-0.03286300,-0.05287886,0.0000766010,-0.0004477382,0.0005709105,-0.0016634449,0.0000905500,-0.0001531185,3873.54670622,3871.51618627,3875.46191061,3866.81241765,3873.60073880,3872.65697910
eth4h:row14586:1716840000,2024-05-27 20:00:00,3894.22000000,-0.01080351,-0.03328525,0.00025657,-0.10785514,-0.03770082,-0.05052584,-0.0000642778,-0.0003559639,0.0004432877,-0.0015158571,-0.0000036562,-0.0001072984,3893.96969600,3892.83404507,3895.94664261,3888.32139074,3894.20576208,3893.80217887
eth4h:row14587:1716854400,2024-05-28 00:00:00,3849.71000000,-0.00482081,-0.03980556,-0.00131026,-0.10536444,-0.03613667,-0.05047817,0.0000522223,-0.0004829329,0.0004127772,-0.0014673561,0.0000268023,-0.0001063701,3849.91104581,3847.85129709,3851.29940034,3844.06524687,3849.81318254,3849.30052757
eth4h:row14588:1716868800,2024-05-28 04:00:00,3847.29000000,-0.00509648,-0.04039468,-0.00466189,-0.10042685,-0.03900764,-0.04899236,0.0000468542,-0.0004944047,0.0003475114,-0.0013712073,-0.0000291036,-0.0000774372,3847.47026574,3845.38835177,3848.62720955,3842.01818326,3847.17803160,3846.99208813
eth4h:row14589:1716883200,2024-05-28 08:00:00,3904.34000000,-0.00163125,-0.04367526,-0.00185826,-0.10338341,-0.03346244,-0.05236720,0.0001143321,-0.0005582869,0.0004021059,-0.0014287798,0.0000788772,-0.0001431550,3904.78641700,3902.16086633,3905.91027397,3898.76554132,3904.64797540,3903.78111412
eth4h:row14590:1716897600,2024-05-28 12:00:00,3861.10000000,0.00020785,-0.04691015,-0.00665143,-0.09983929,-0.03493547,-0.05236503,0.0001501446,-0.0006212795,0.0003087694,-0.0013597656,0.0000501930,-0.0001431127,3861.67976703,3858.70192277,3862.29237345,3855.85337679,3861.29380523,3860.54746725
eth4h:row14591:1716912000,2024-05-28 16:00:00,3840.81000000,0.00504608,-0.05093402,-0.00734183,-0.09965368,-0.03565960,-0.04892909,0.0002443587,-0.0006996356,0.0002953253,-0.0013561513,0.0000360923,-0.0000762052,3841.74864998,3838.12377252,3841.94445588,3835.60481080,3840.94862630,3840.51732162
eth4h:row14592:1716926400,2024-05-28 20:00:00,3844.69000000,0.00609658,-0.04999281,-0.01070466,-0.09567948,-0.03641641,-0.04884856,0.0002648149,-0.0006813077,0.0002298414,-0.0012787624,0.0000213550,-0.0000746371,3845.70826621,3842.07147525,3845.57377035,3839.77669728,3844.77210422,3844.40305423
eth4h:row14593:1716940800,2024-05-29 00:00:00,3851.00000000,0.00615833,-0.05100663,-0.00944021,-0.09458524,-0.03377137,-0.05309200,0.0002660174,-0.0007010496,0.0002544639,-0.0012574545,0.0000728614,-0.0001572688,3852.02456930,3848.30120427,3851.98006499,3846.16058618,3851.28059947,3850.39440551
eth4h:row14594:1716955200,2024-05-29 04:00:00,3820.00000000,0.00600300,-0.05026045,-0.01178500,-0.08993252,-0.03346446,-0.05045585,0.0002629927,-0.0006865194,0.0002088042,-0.0011668527,0.0000788378,-0.0001059355,3821.00476421,3817.37839590,3820.79771529,3815.54522215,3820.30117243,3819.59534793
eth4h:row14595:1716969600,2024-05-29 08:00:00,3811.16000000,0.00610186,-0.04841368,-0.01226732,-0.09133647,-0.03453562,-0.05083130,0.0002649177,-0.0006505574,0.0001994120,-0.0011941918,0.0000579794,-0.0001132465,3812.16977737,3808.68142784,3811.92006695,3806.61146058,3811.38097522,3810.72842374
eth4h:row14596:1716984000,2024-05-29 12:00:00,3759.85000000,0.00736714,-0.04922655,-0.00990507,-0.09265321,-0.03337180,-0.05181203,0.0002895564,-0.0006663864,0.0002454118,-0.0012198324,0.0000806423,-0.0001323442,3760.93884629,3757.34532179,3760.77282469,3755.26640914,3760.15321499,3759.35243845
eth4h:row14597:1716998400,2024-05-29 16:00:00,3749.66000000,0.00989295,-0.05306178,-0.00931409,-0.09246011,-0.03206175,-0.05356140,0.0003387410,-0.0007410692,0.0002569198,-0.0012160722,0.0001061527,-0.0001664094,3750.93037885,3746.88227175,3750.62348579,3745.10291429,3750.05805749,3749.03607336
eth4h:row14598:1717012800,2024-05-29 20:00:00,3767.43000000,0.01032258,-0.05197504,-0.01381907,-0.09060962,-0.03358518,-0.05427375,0.0003471072,-0.0007199073,0.0001691951,-0.0011800379,0.0000764870,-0.0001802808,3768.73792888,3764.71877576,3768.06748465,3762.98691165,3767.71817061,3766.75086575
eth4h:row14599:1717027200,2024-05-30 00:00:00,3791.31000000,0.00820864,-0.05008031,-0.01482829,-0.09028028,-0.03347512,-0.05213716,0.0003059428,-0.0006830116,0.0001495426,-0.0011736247,0.0000786304,-0.0001386754,3792.47010134,3788.72137559,3791.87700481,3786.86303514,3791.60812384,3790.78427498
eth4h:row14600:1717041600,2024-05-30 04:00:00,3720.32000000,0.00818936,-0.05178188,-0.01935038,-0.08749771,-0.03769027,-0.04967505,0.0003055673,-0.0007161458,0.0000614848,-0.0011194402,-0.0000034506,-0.0000907313,3721.45698182,3717.65666213,3720.54875014,3716.15765460,3720.30716273,3719.98246601
eth4h:row14601:1717056000,2024-05-30 08:00:00,3737.00000000,0.00646330,-0.04812066,-0.02154699,-0.08534613,-0.03570661,-0.05028801,0.0002719560,-0.0006448516,0.0000187106,-0.0010775428,0.0000351769,-0.0001026673,3738.01643771,3734.59096649,3737.06992201,3732.97539127,3737.13145822,3736.61635195
eth4h:row14602:1717070400,2024-05-30 12:00:00,3776.12000000,-0.00242280,-0.03803349,-0.02587440,-0.08104758,-0.03769767,-0.05065187,0.0000989184,-0.0004484256,-0.0000655565,-0.0009938378,-0.0000035948,-0.0001097526,3776.49354624,3774.42707077,3775.87245880,3772.36901355,3776.10642562,3775.70558363
eth4h:row14603:1717084800,2024-05-30 16:00:00,3762.01000000,0.00181217,-0.04313479,-0.01977297,-0.08834425,-0.03359161,-0.05340808,0.0001813853,-0.0005477625,0.0000532556,-0.0011359246,0.0000763620,-0.0001634238,3762.69243516,3759.94987611,3762.21035355,3757.73906652,3762.29728552,3761.39524814
eth4h:row14604:1717099200,2024-05-30 20:00:00,3747.91000000,-0.00312780,-0.03815095,-0.02084568,-0.08757687,-0.03275254,-0.05396565,0.0000851900,-0.0004507130,0.0000323670,-0.0011209815,0.0000927010,-0.0001742813,3748.22929797,3746.22114893,3748.03131065,3743.71101607,3748.25745130,3747.25686616
eth4h:row14605:1717113600,2024-05-31 00:00:00,3760.21000000,-0.00106104,-0.04091653,-0.01618352,-0.08885618,-0.03028416,-0.05550113,0.0001254357,-0.0005045667,0.0001231524,-0.0011458933,0.0001407674,-0.0002041814,3760.68169412,3758.31320183,3760.67310755,3755.90366829,3760.73935211,3759.44231344
eth4h:row14606:1717128000,2024-05-31 04:00:00,3729.11000000,-0.00116756,-0.04209702,-0.01096967,-0.09272231,-0.02688911,-0.05900387,0.0001233616,-0.0005275541,0.0002246810,-0.0012211780,0.0002068786,-0.0002723897,3729.57005724,3727.14321160,3729.94795436,3724.55887250,3729.88155303,3728.09436709
eth4h:row14607:1717142400,2024-05-31 08:00:00,3802.62000000,-0.00810896,-0.03465044,-0.01042446,-0.09371559,-0.02442383,-0.06208684,-0.0000118074,-0.0003825482,0.0002352977,-0.0012405200,0.0002548846,-0.0003324240,3802.57510138,3801.16559283,3803.51485295,3797.90569864,3803.58935283,3801.35612788
eth4h:row14608:1717156800,2024-05-31 12:00:00,3744.77000000,-0.00208782,-0.04062967,-0.00742522,-0.09372123,-0.02479965,-0.05950237,0.0001054414,-0.0004989807,0.0002937015,-0.0012406297,0.0002475663,-0.0002820970,3745.16487453,3742.90189825,3745.87000617,3740.12700800,3745.69719355,3743.71376061
eth4h:row14609:1717171200,2024-05-31 16:00:00,3785.45000000,-0.00440692,-0.04078680,-0.01237902,-0.09015583,-0.02930472,-0.05784955,0.0000602820,-0.0005020405,0.0001972369,-0.0011712012,0.0001598398,-0.0002499119,3785.67820124,3783.55002778,3786.19670420,3781.01907177,3786.05511398,3784.50408934
eth4h:row14610:1717185600,2024-05-31 20:00:00,3762.29000000,-0.00246077,-0.04302497,-0.00932058,-0.09336707,-0.02365121,-0.06148186,0.0000981791,-0.0005456240,0.0002567933,-0.0012337332,0.0002699297,-0.0003206432,3762.65939621,3760.23776418,3763.25625500,3757.65119990,3763.30569077,3761.08384069
eth4h:row14611:1717200000,2024-06-01 00:00:00,3778.98000000,-0.00139986,-0.04496786,-0.00661125,-0.09428227,-0.02208169,-0.06200536,0.0001188379,-0.0005834576,0.0003095517,-0.0012515548,0.0003004928,-0.0003308374,3779.42911255,3776.77576868,3780.14997058,3774.25335801,3780.11572678,3777.72997896
eth4h:row14612:1717214400,2024-06-01 04:00:00,3773.00000000,-0.00087469,-0.04534729,-0.01256987,-0.09221554,-0.02679561,-0.06055195,0.0001290645,-0.0005908461,0.0001935205,-0.0012113096,0.0002086993,-0.0003025353,3773.48699190,3770.77139612,3773.73022337,3768.43249563,3773.78750465,3771.85870709
eth4h:row14613:1717228800,2024-06-01 08:00:00,3788.28000000,-0.00237780,-0.04502752,-0.01196655,-0.09223033,-0.02353892,-0.06296220,0.0000997947,-0.0005846194,0.0002052688,-0.0012115978,0.0002721164,-0.0003494696,3788.65806917,3786.06594533,3789.05769544,3783.69290780,3789.31099329,3786.95634246
eth4h:row14614:1717243200,2024-06-01 12:00:00,3798.60000000,0.00137324,-0.04740614,-0.00871679,-0.09028272,-0.02301003,-0.06240878,0.0001728381,-0.0006309377,0.0002685509,-0.0011736722,0.0002824153,-0.0003386931,3799.25659955,3796.20407586,3799.62025454,3794.14430388,3799.67293427,3797.31365827
eth4h:row14615:1717257600,2024-06-01 16:00:00,3804.51000000,0.00266326,-0.04995559,-0.00721529,-0.09183230,-0.02167050,-0.06426095,0.0001979585,-0.0006805828,0.0002977894,-0.0012038468,0.0003084998,-0.0003747601,3805.26320972,3801.92159665,3805.64311148,3799.93270851,3805.68387165,3803.08448860
eth4h:row14616:1717272000,2024-06-01 20:00:00,3815.82000000,-0.00317319,-0.04447870,-0.00842085,-0.08971626,-0.02244455,-0.06285845,0.0000843061,-0.0005739322,0.0002743137,-0.0011626415,0.0002934269,-0.0003474495,3816.14171057,3813.63060634,3816.86687513,3811.38614725,3816.93982847,3814.49442559
eth4h:row14617:1717286400,2024-06-02 00:00:00,3807.13000000,0.00154896,-0.04757667,-0.00647762,-0.09052964,-0.02070539,-0.06357089,0.0001762598,-0.0006342584,0.0003121539,-0.0011784803,0.0003272931,-0.0003613227,3807.80110297,3804.71606138,3808.31859590,3802.64601485,3808.37625135,3805.75464597
eth4h:row14618:1717300800,2024-06-02 04:00:00,3793.33000000,0.00287361,-0.04934607,-0.01076224,-0.08844443,-0.02539689,-0.06324456,0.0002020545,-0.0006687138,0.0002287202,-0.0011378754,0.0002359364,-0.0003549680,3794.09653695,3790.79419576,3794.19771025,3789.01611794,3794.22509003,3791.98372808
eth4h:row14619:1717315200,2024-06-02 08:00:00,3805.01000000,0.00424446,-0.05015568,-0.00821736,-0.08957082,-0.02211079,-0.06633765,0.0002287488,-0.0006844792,0.0002782762,-0.0011598095,0.0002999261,-0.0004151993,3805.88049110,3802.40644085,3806.06899104,3800.59947154,3806.15139284,3803.43049026
eth4h:row14620:1717329600,2024-06-02 12:00:00,3798.78000000,0.00585259,-0.05242467,-0.00912949,-0.08863935,-0.02315037,-0.06426636,0.0002600637,-0.0007286628,0.0002605144,-0.0011416711,0.0002796825,-0.0003748654,3799.76805341,3796.01297855,3799.76976594,3794.44551750,3799.84260089,3797.35623560
eth4h:row14621:1717344000,2024-06-02 16:00:00,3782.37000000,0.00755591,-0.05231065,-0.01412746,-0.08579697,-0.02579451,-0.06119630,0.0002932323,-0.0007264424,0.0001631898,-0.0010863218,0.0002281935,-0.0003150827,3783.47927551,3779.62332368,3782.98729454,3778.26335985,3783.23321077,3781.17842835
eth4h:row14622:1717358400,2024-06-02 20:00:00,3780.91000000,0.00570859,-0.05011214,-0.01676890,-0.08291245,-0.02610436,-0.05785032,0.0002572596,-0.0006836314,0.0001117535,-0.0010301520,0.0002221599,-0.0002499270,3781.88280036,3778.32613468,3781.33255348,3777.01709349,3781.75005991,3779.96516676
eth4h:row14623:1717372800,2024-06-03 00:00:00,3799.50000000,0.00889451,-0.05262192,-0.01863959,-0.08076733,-0.02741225,-0.05688744,0.0003192986,-0.0007325038,0.0000753258,-0.0009883806,0.0001966916,-0.0002311769,3800.71336881,3796.71787106,3799.78621117,3795.74650321,3800.24740314,3798.62174496
eth4h:row14624:1717387200,2024-06-03 04:00:00,3817.82000000,0.00449289,-0.05023387,-0.02146884,-0.07852788,-0.03108040,-0.05659669,0.0002335865,-0.0006860017,0.0000202322,-0.0009447721,0.0001252622,-0.0002255151,3818.71189537,3815.20186698,3817.89724368,3814.21473345,3818.29825865,3816.95912092
eth4h:row14625:1717401600,2024-06-03 08:00:00,3809.00000000,0.00109352,-0.04643565,-0.01781222,-0.08311431,-0.03015796,-0.05752280,0.0001673911,-0.0006120397,0.0000914371,-0.0010340829,0.0001432248,-0.0002435491,3809.63764595,3806.66945415,3809.34829979,3805.06321405,3809.54558233,3808.07243458
eth4h:row14626:1717416000,2024-06-03 12:00:00,3796.82000000,0.00795926,-0.05153272,-0.01551142,-0.08411510,-0.02973974,-0.05638101,0.0003010865,-0.0007112939,0.0001362402,-0.0010535712,0.0001513688,-0.0002213152,3797.96334344,3794.12030522,3797.33731459,3792.82188646,3797.39476357,3795.97979887
eth4h:row14627:1717430400,2024-06-03 16:00:00,3773.40000000,0.00605119,-0.05073546,-0.01674232,-0.08288738,-0.03294043,-0.05483716,0.0002639311,-0.0006957691,0.0001122711,-0.0010296639,0.0000890422,-0.0001912521,3774.39604904,3770.77549809,3773.82366772,3769.51666571,3773.73600671,3772.67839834
eth4h:row14628:1717444800,2024-06-03 20:00:00,3767.06000000,0.00521607,-0.04961668,-0.01771935,-0.08183527,-0.02990077,-0.05711255,0.0002476689,-0.0006739833,0.0000932454,-0.0010091763,0.0001482330,-0.0002355604,3767.99309925,3764.52191999,3767.41127744,3763.26028979,3767.61844381,3766.17273416
eth4h:row14629:1717459200,2024-06-04 00:00:00,3773.51000000,0.00746710,-0.05185087,-0.01163771,-0.08606152,-0.02369539,-0.06124312,0.0002915029,-0.0007174893,0.0002116722,-0.0010914735,0.0002690693,-0.0003159944,3774.61014928,3770.80351797,3774.30883174,3769.39356082,3774.52547238,3772.31778029
eth4h:row14630:1717473600,2024-06-04 04:00:00,3774.72000000,0.00239254,-0.04736075,-0.01762065,-0.08317514,-0.03058765,-0.05782426,0.0001926867,-0.0006300539,0.0000951675,-0.0010352674,0.0001348575,-0.0002494194,3775.44740860,3772.34247209,3775.07924770,3770.81417769,3775.22908369,3773.77862882
eth4h:row14631:1717488000,2024-06-04 08:00:00,3764.65000000,0.00642849,-0.05219950,-0.01242652,-0.08803684,-0.02639572,-0.05953073,0.0002712781,-0.0007242781,0.0001963119,-0.0011299384,0.0002164864,-0.0002826492,3765.67140582,3761.92433373,3765.38911807,3760.39857968,3765.46508373,3763.58607510
eth4h:row14632:1717502400,2024-06-04 12:00:00,3810.63000000,0.00294478,-0.04831007,-0.01600638,-0.08286858,-0.02973515,-0.05805851,0.0002034404,-0.0006485399,0.0001266020,-0.0010292977,0.0001514582,-0.0002539809,3811.40531485,3808.15945562,3811.11246375,3806.70974503,3811.20719475,3809.66229570
eth4h:row14633:1717516800,2024-06-04 16:00:00,3800.38000000,0.00581575,-0.05136329,-0.01167997,-0.08713736,-0.02756041,-0.06053074,0.0002593464,-0.0007079947,0.0002108493,-0.0011124230,0.0001938064,-0.0003021224,3801.36574286,3797.69030327,3801.18139192,3796.15472039,3801.11660948,3799.23199366
eth4h:row14634:1717531200,2024-06-04 20:00:00,3810.23000000,0.00137741,-0.04760601,-0.01502660,-0.08496545,-0.02801378,-0.06042964,0.0001729193,-0.0006348298,0.0001456811,-0.0010701299,0.0001849781,-0.0003001536,3810.88891946,3807.81192025,3810.78511878,3806.15473993,3810.93487421,3809.08651749
eth4h:row14635:1717545600,2024-06-05 00:00:00,3810.45000000,0.00568057,-0.05050567,-0.01319429,-0.08632909,-0.02708801,-0.05843795,0.0002567140,-0.0006912944,0.0001813613,-0.0010966837,0.0002030055,-0.0002613697,3811.42832159,3807.81676753,3811.14113072,3806.27343208,3811.22362077,3809.45419388
eth4h:row14636:1717560000,2024-06-05 04:00:00,3809.58000000,0.00488419,-0.05059898,-0.01501563,-0.08525847,-0.02797741,-0.05823158,0.0002412063,-0.0006931114,0.0001458946,-0.0010758357,0.0001856862,-0.0002573512,3810.49900555,3806.94045141,3810.13583779,3805.48372151,3810.28745223,3808.59972620
eth4h:row14637:1717574400,2024-06-05 08:00:00,3804.31000000,0.00535406,-0.05048153,-0.01396122,-0.08657953,-0.02483358,-0.06080290,0.0002503559,-0.0006908243,0.0001664269,-0.0011015606,0.0002469056,-0.0003074220,3805.26255062,3801.68279768,3804.94319223,3800.12162935,3805.24942130,3803.14065122
eth4h:row14638:1717588800,2024-06-05 12:00:00,3813.58000000,0.00742204,-0.05200391,-0.01197961,-0.08668081,-0.02286945,-0.06053092,0.0002906254,-0.0007204693,0.0002050146,-0.0011035329,0.0002851527,-0.0003021258,3814.68848423,3810.83342209,3814.36191972,3809.37391038,3814.66760788,3812.42799297
eth4h:row14639:1717603200,2024-06-05 16:00:00,3876.54000000,0.00572194,-0.04975314,-0.01684412,-0.08370534,-0.02726024,-0.05750016,0.0002575195,-0.0006766406,0.0001102887,-0.0010455918,0.0001996517,-0.0002431083,3877.53841338,3873.91786276,3876.96756220,3872.48883973,3877.31403516,3875.59769551
eth4h:row14640:1717617600,2024-06-05 20:00:00,3865.99000000,0.00555665,-0.05139706,-0.01379129,-0.08561154,-0.02593791,-0.05918469,0.0002543010,-0.0007086522,0.0001697360,-0.0010827110,0.0002254011,-0.0002759109,3866.97325016,3863.25132801,3866.64625330,3861.80651532,3866.86149653,3864.92347832
eth4h:row14641:1717632000,2024-06-06 00:00:00,3861.69000000,0.00498284,-0.05105722,-0.01037368,-0.08648169,-0.02485048,-0.06130811,0.0002431272,-0.0007020347,0.0002362866,-0.0010996553,0.0002465765,-0.0003172598,3862.62899609,3858.97991112,3862.60257331,3857.44580597,3862.64231948,3860.46503518
eth4h:row14642:1717646400,2024-06-06 04:00:00,3852.10000000,0.00462807,-0.04971533,-0.01151845,-0.08612829,-0.02478577,-0.06301074,0.0002362189,-0.0006759042,0.0002139947,-0.0010927737,0.0002478366,-0.0003504150,3853.01004631,3849.49722921,3852.92441724,3847.89282552,3853.05480958,3850.75040283
eth4h:row14643:1717660800,2024-06-06 08:00:00,3849.51000000,0.00137998,-0.04564187,-0.01274231,-0.08594044,-0.02605905,-0.06199091,0.0001729693,-0.0005965824,0.0001901626,-0.0010891156,0.0002230422,-0.0003305559,3850.17590448,3847.21413488,3850.24210260,3845.31972098,3850.36869878,3848.23773200
eth4h:row14644:1717675200,2024-06-06 12:00:00,3845.01000000,0.00646938,-0.05108525,-0.01200053,-0.08560590,-0.02498195,-0.06172482,0.0002720744,-0.0007025805,0.0002046072,-0.0010826013,0.0002440164,-0.0003253744,3846.05627100,3842.30951979,3845.79679722,3840.84963958,3845.94835986,3843.75913575
eth4h:row14645:1717689600,2024-06-06 16:00:00,3791.01000000,0.01031185,-0.05346474,-0.01240328,-0.08597971,-0.02403849,-0.06054280,0.0003468982,-0.0007489159,0.0001967645,-0.0010898805,0.0002623883,-0.0003023571,3792.32532279,3788.17191504,3791.75600974,3786.88050303,3792.00484737,3789.86393446
eth4h:row14646:1717704000,2024-06-06 20:00:00,3813.46000000,0.00591553,-0.04701495,-0.01100507,-0.08717677,-0.01918176,-0.06472760,0.0002612894,-0.0006233202,0.0002239916,-0.0011131905,0.0003569626,-0.0003838470,3814.45654690,3811.08373386,3814.31427860,3809.21725443,3814.82150572,3811.99649574
eth4h:row14647:1717718400,2024-06-07 00:00:00,3806.30000000,0.00536944,-0.05188401,-0.01059088,-0.08693323,-0.02129754,-0.06294277,0.0002506553,-0.0007181346,0.0002320571,-0.0011084480,0.0003157623,-0.0003490913,3807.25418898,3803.56754537,3807.18338138,3802.08325179,3807.50207571,3804.97148584
eth4h:row14648:1717732800,2024-06-07 04:00:00,3816.31000000,0.00479485,-0.05642927,-0.01451584,-0.08302788,-0.02906851,-0.05696928,0.0002394665,-0.0008066437,0.0001556269,-0.0010323999,0.0001644394,-0.0002327705,3817.22398768,3813.23283886,3816.90396654,3812.37207493,3816.93760337,3815.42177905
eth4h:row14649:1717747200,2024-06-07 08:00:00,3835.00000000,0.00218625,-0.05065854,-0.01615217,-0.08152455,-0.03036061,-0.05775357,0.0001886697,-0.0006942712,0.0001237630,-0.0010031258,0.0001392787,-0.0002480429,3835.72361642,3832.33839387,3835.47466030,3831.15494157,3835.53417086,3834.04887347
eth4h:row14650:1717761600,2024-06-07 12:00:00,3800.73000000,-0.00005834,-0.05101974,-0.01344928,-0.07989818,-0.02942503,-0.05931360,0.0001449611,-0.0007013049,0.0001763959,-0.0009714557,0.0001574970,-0.0002784212,3801.28099790,3798.06546386,3801.40049238,3797.03955213,3801.32865071,3799.67194367
eth4h:row14651:1717776000,2024-06-07 16:00:00,3687.37000000,0.00693137,-0.05935672,-0.01072594,-0.08516875,-0.02890740,-0.05867294,0.0002810707,-0.0008636495,0.0002294270,-0.0010740886,0.0001675769,-0.0002659457,3688.40655747,3684.18677953,3688.21607931,3683.41156399,3687.98796963,3686.38949029
eth4h:row14652:1717790400,2024-06-07 20:00:00,3678.32000000,0.00844325,-0.06064315,-0.01674959,-0.08264464,-0.03107210,-0.05496936,0.0003105112,-0.0008887000,0.0001121295,-0.0010249371,0.0001254239,-0.0001938265,3679.46233681,3675.05252917,3678.73247146,3674.55188473,3678.78137805,3677.60711332
eth4h:row14653:1717804800,2024-06-08 00:00:00,3690.00000000,0.00791598,-0.05697310,-0.01599356,-0.08273470,-0.02897821,-0.05612541,0.0003002439,-0.0008172337,0.0001268515,-0.0010266909,0.0001661978,-0.0002163380,3691.10806623,3686.98563968,3690.46811173,3686.21345480,3690.61332095,3689.20179918
eth4h:row14654:1717819200,2024-06-08 04:00:00,3708.98000000,0.00780482,-0.06074631,-0.01361701,-0.08521737,-0.02436016,-0.06355228,0.0002980792,-0.0008907088,0.0001731298,-0.0010750355,0.0002561245,-0.0003609603,3710.08573466,3705.67784964,3709.62219050,3704.99485743,3709.93008229,3707.64144711
eth4h:row14655:1717833600,2024-06-08 08:00:00,3683.13000000,0.00896598,-0.05970797,-0.01532384,-0.08431016,-0.02463512,-0.05949625,0.0003206903,-0.0008704893,0.0001398928,-0.0010573695,0.0002507702,-0.0002819777,3684.31133335,3679.92526964,3683.64527937,3679.23762902,3684.05373496,3682.09158574
eth4h:row14656:1717848000,2024-06-08 12:00:00,3688.13000000,0.00974173,-0.05800039,-0.01657226,-0.08141994,-0.02833144,-0.05372220,0.0003357964,-0.0008372378,0.0001155825,-0.0010010888,0.0001787923,-0.0001695406,3689.36866876,3685.04345028,3688.55630807,3684.43970190,3688.78946811,3687.50476533
eth4h:row14657:1717862400,2024-06-08 16:00:00,3682.61000000,0.00866563,-0.05687022,-0.01784756,-0.07964219,-0.03209221,-0.05085819,0.0003148416,-0.0008152303,0.0000907488,-0.0009664709,0.0001055594,-0.0001137703,3683.76962151,3679.60904799,3682.94420763,3679.05258403,3682.99875464,3682.19105220
eth4h:row14658:1717876800,2024-06-08 20:00:00,3681.57000000,0.00875006,-0.05798218,-0.01336279,-0.07789490,-0.02483375,-0.05599559,0.0003164857,-0.0008368833,0.0001780800,-0.0009324461,0.0002469024,-0.0002138100,3682.73534877,3678.49024460,3682.22567255,3678.13873448,3682.47910061,3680.78292751
eth4h:row14659:1717891200,2024-06-09 00:00:00,3674.22000000,0.00843401,-0.05539015,-0.01775059,-0.07576354,-0.03087775,-0.05142281,0.0003103313,-0.0007864091,0.0000926372,-0.0008909425,0.0001292084,-0.0001247651,3675.36040230,3671.33169572,3674.56038530,3670.94793912,3674.69477069,3673.76161435
eth4h:row14660:1717905600,2024-06-09 04:00:00,3685.99000000,0.00833435,-0.05478770,-0.02014675,-0.07922511,-0.03381831,-0.05069224,0.0003083906,-0.0007746776,0.0000459771,-0.0009583491,0.0000719474,-0.0001105387,3687.12690006,3683.13565173,3686.15947487,3682.45922701,3686.25520682,3685.58257799
eth4h:row14661:1717920000,2024-06-09 08:00:00,3693.50000000,0.00931240,-0.05706412,-0.01644322,-0.08385433,-0.03099196,-0.05509875,0.0003274361,-0.0008190060,0.0001180954,-0.0010484932,0.0001269845,-0.0001963460,3694.70958321,3690.47623972,3693.93621109,3689.62941977,3693.96904716,3692.77486726
eth4h:row14662:1717934400,2024-06-09 12:00:00,3690.59000000,0.01399572,-0.05938461,-0.02147892,-0.07952675,-0.03083207,-0.05723786,0.0004186335,-0.0008641927,0.0000200360,-0.0009642229,0.0001300980,-0.0002380005,3692.13532822,3687.40199680,3690.66394557,3687.03316351,3691.07016975,3689.71174236
eth4h:row14663:1717948800,2024-06-09 16:00:00,3701.09000000,0.01016737,-0.05598111,-0.02497527,-0.07892610,-0.03438068,-0.05156273,0.0003440848,-0.0007979169,-0.0000480478,-0.0009525266,0.0000609964,-0.0001274897,3702.36370780,3698.13801565,3700.91217506,3697.56629193,3701.31576017,3700.61817912
eth4h:row14664:1717963200,2024-06-09 20:00:00,3706.40000000,0.00133211,-0.04825634,-0.02304121,-0.08095670,-0.03338408,-0.05037009,0.0001720372,-0.0006474936,-0.0000103863,-0.0009920680,0.0000804032,-0.0001042656,3707.03769367,3704.00090669,3706.36150435,3702.72482233,3706.69801823,3706.01357029
eth4h:row14665:1717977600,2024-06-10 00:00:00,3684.14000000,0.00240965,-0.04919957,-0.02289208,-0.07816501,-0.03083090,-0.04985491,0.0001930199,-0.0006658609,-0.0000074823,-0.0009377060,0.0001301208,-0.0000942336,3684.85118083,3681.68769180,3684.11243419,3680.68697921,3684.61941449,3683.79284665
eth4h:row14666:1717992000,2024-06-10 04:00:00,3647.79000000,-0.00130861,-0.04545492,-0.02469650,-0.07448360,-0.03414366,-0.04932328,0.0001206148,-0.0005929420,-0.0000426193,-0.0008660185,0.0000656120,-0.0000838813,3648.23000414,3645.62771329,3647.63453694,3644.63231383,3648.02934661,3647.48403161
eth4h:row14667:1718006400,2024-06-10 08:00:00,3675.95000000,-0.00367903,-0.04162695,-0.01936826,-0.08023548,-0.03234532,-0.05314087,0.0000744561,-0.0005184005,0.0000611366,-0.0009780239,0.0001006308,-0.0001582205,3676.22370704,3674.04487970,3676.17474192,3672.35659051,3676.31993225,3675.36843521
eth4h:row14668:1718020800,2024-06-10 12:00:00,3702.54000000,-0.00059848,-0.04297172,-0.01826563,-0.08051166,-0.03154421,-0.05459144,0.0001344431,-0.0005445869,0.0000826079,-0.0009834019,0.0001162306,-0.0001864672,3703.03781435,3700.52419398,3702.84587153,3698.90070492,3702.97037354,3701.84966200
eth4h:row14669:1718035200,2024-06-10 16:00:00,3668.33000000,0.00392724,-0.04929374,-0.02175244,-0.07780592,-0.03775101,-0.05028041,0.0002225717,-0.0006676948,0.0000147097,-0.0009307135,-0.0000046335,-0.0001025193,3669.14655740,3665.88149283,3668.38396052,3664.91742412,3668.31300298,3667.95394456
eth4h:row14670:1718049600,2024-06-10 20:00:00,3667.85000000,0.00779689,-0.05274266,-0.01892992,-0.08246315,-0.03314051,-0.05354213,0.0002979249,-0.0007348550,0.0000696722,-0.0010214029,0.0000851461,-0.0001660342,3668.94290646,3665.15565223,3668.10555598,3664.10556015,3668.16231639,3667.24106208
eth4h:row14671:1718064000,2024-06-11 00:00:00,3595.60000000,0.00837184,-0.05097240,-0.01766297,-0.08249116,-0.03126999,-0.05314442,0.0003091207,-0.0007003830,0.0000943434,-0.0010219484,0.0001215704,-0.0001582896,3596.71164616,3593.08258443,3595.93923716,3591.92735938,3596.03714523,3595.03089895
eth4h:row14672:1718078400,2024-06-11 04:00:00,3534.60000000,0.00489611,-0.04856336,-0.02190807,-0.07761811,-0.03399101,-0.05126505,0.0002414384,-0.0006534722,0.0000116792,-0.0009270562,0.0000685845,-0.0001216930,3535.45349134,3532.29099178,3534.64128158,3531.32474554,3534.84242698,3534.16988994
eth4h:row14673:1718092800,2024-06-11 08:00:00,3529.56000000,0.00161780,-0.04388347,-0.02706143,-0.07601677,-0.03541628,-0.05004775,0.0001776003,-0.0005623415,-0.0000886713,-0.0008958736,0.0000408303,-0.0000979886,3530.18690672,3527.57574007,3529.24704319,3526.39937634,3529.70411608,3529.21416014
eth4h:row14674:1718107200,2024-06-11 12:00:00,3447.75000000,-0.00007706,-0.04600403,-0.02651605,-0.07215323,-0.03916326,-0.04790705,0.0001445966,-0.0006036347,-0.0000780512,-0.0008206394,-0.0000321340,-0.0000563031,3448.24856910,3445.66944658,3447.48090962,3444.92180099,3447.63921186,3447.55588638
eth4h:row14675:1718121600,2024-06-11 16:00:00,3497.21000000,-0.00152199,-0.04537332,-0.02600994,-0.07286984,-0.04158761,-0.04837834,0.0001164596,-0.0005913530,-0.0000681959,-0.0008345939,-0.0000793428,-0.0000654806,3497.61730752,3495.14252566,3496.97151277,3494.29246748,3496.93253240,3496.98100826
eth4h:row14676:1718136000,2024-06-11 20:00:00,3497.33000000,-0.00058745,-0.04342365,-0.02487465,-0.07511634,-0.03631473,-0.05336008,0.0001346578,-0.0005533875,-0.0000460886,-0.0008783396,0.0000233350,-0.0001624892,3497.80097450,3495.39515687,3497.16881674,3494.25950515,3497.41161100,3496.76176781
eth4h:row14677:1718150400,2024-06-12 00:00:00,3509.99000000,-0.00192278,-0.04410443,-0.02608278,-0.07125023,-0.03983213,-0.05004232,0.0001086553,-0.0005666441,-0.0000696142,-0.0008030556,-0.0000451587,-0.0000978830,3510.37139966,3508.00164840,3509.74566324,3507.17241452,3509.83149683,3509.64644838
eth4h:row14678:1718164800,2024-06-12 04:00:00,3526.71000000,0.00439216,-0.05199613,-0.02737370,-0.07298081,-0.04034062,-0.04901696,0.0002316250,-0.0007203179,-0.0000947521,-0.0008367548,-0.0000550606,-0.0000779163,3527.52696868,3524.17056249,3526.37585278,3523.76024280,3526.51582264,3526.43522259
eth4h:row14679:1718179200,2024-06-12 08:00:00,3531.72000000,0.00046165,-0.04773819,-0.02756247,-0.07201847,-0.03689149,-0.05216607,0.0001550868,-0.0006374038,-0.0000984279,-0.0008180155,0.0000121039,-0.0001392383,3532.26776559,3529.46958543,3531.37239729,3528.83217976,3531.76274771,3531.22828342
eth4h:row14680:1718193600,2024-06-12 12:00:00,3618.32000000,-0.00230282,-0.04409589,-0.02598115,-0.06895158,-0.03487024,-0.05337300,0.0001012548,-0.0005664778,-0.0000676353,-0.0007582943,0.0000514633,-0.0001627408,3618.68639095,3616.27088250,3618.07528215,3615.57728876,3618.50621532,3617.73119970
eth4h:row14681:1718208000,2024-06-12 16:00:00,3529.01000000,-0.00051617,-0.04864664,-0.03082922,-0.06958851,-0.03972419,-0.05124856,0.0001360460,-0.0006550939,-0.0001620408,-0.0007706972,-0.0000430569,-0.0001213718,3529.49014025,3526.69892408,3528.43820257,3526.29124971,3528.85805499,3528.58170360
eth4h:row14682:1718222400,2024-06-12 20:00:00,3560.12000000,-0.00162291,-0.04502684,-0.03282198,-0.06567663,-0.04085574,-0.04748347,0.0001144946,-0.0005846060,-0.0002008456,-0.0006945217,-0.0000650914,-0.0000480548,3560.52763792,3558.03934060,3559.40503744,3557.64827774,3559.88827436,3559.94892323
eth4h:row14683:1718236800,2024-06-13 00:00:00,3503.00000000,0.00134630,-0.04833822,-0.02746781,-0.06680989,-0.03620868,-0.05200923,0.0001723135,-0.0006490880,-0.0000965848,-0.0007165896,0.0000254001,-0.0001361843,3503.60366612,3500.72698243,3502.66167991,3500.49068589,3503.08897762,3502.52297881
eth4h:row14684:1718251200,2024-06-13 04:00:00,3507.53000000,0.00302524,-0.05244274,-0.02715030,-0.06998256,-0.03630677,-0.05676086,0.0002050073,-0.0007290148,-0.0000904019,-0.0007783704,0.0000234901,-0.0002287119,3508.24914289,3504.97389063,3507.21292708,3504.80090476,3507.61239303,3506.72787786
eth4h:row14685:1718265600,2024-06-13 08:00:00,3497.17000000,0.00038816,-0.04670365,-0.02452841,-0.07150517,-0.03009819,-0.05735040,0.0001536557,-0.0006172583,-0.0000393462,-0.0008080200,0.0001443887,-0.0002401921,3497.70740132,3495.01200873,3497.03240222,3494.34535790,3497.67498815,3496.33010823
eth4h:row14686:1718280000,2024-06-13 12:00:00,3441.73000000,0.00201697,-0.05059221,-0.02870074,-0.07021831,-0.03900179,-0.05160639,0.0001853734,-0.0006929797,-0.0001205933,-0.0007829611,-0.0000289896,-0.0001283399,3442.36806418,3439.34577720,3441.31497559,3439.03631383,3441.63022716,3441.28831699
eth4h:row14687:1718294400,2024-06-13 16:00:00,3481.43000000,0.00292165,-0.05274315,-0.03130659,-0.06861021,-0.03890133,-0.05427007,0.0002029900,-0.0007348646,-0.0001713367,-0.0007516468,-0.0000270334,-0.0001802092,3482.13676731,3478.87256026,3480.83355450,3478.81417751,3481.33588636,3480.80267090
eth4h:row14688:1718308800,2024-06-13 20:00:00,3469.40000000,0.00068397,-0.05020745,-0.02778694,-0.06897046,-0.03134720,-0.05760492,0.0001594161,-0.0006854873,-0.0001027990,-0.0007586619,0.0001200669,-0.0002451482,3469.95312229,3467.02258541,3469.04336748,3466.76889660,3469.81658522,3468.54958716
eth4h:row14689:1718323200,2024-06-14 00:00:00,3490.91000000,0.00537772,-0.05703183,-0.02402886,-0.06900916,-0.03649496,-0.05339804,0.0002508167,-0.0008183772,-0.0000296186,-0.0007594155,0.0000198255,-0.0001632283,3491.78568823,3488.05428749,3490.80660549,3488.25995534,3490.97920980,3490.34023134
eth4h:row14690:1718337600,2024-06-14 04:00:00,3516.61000000,-0.00126689,-0.04868262,-0.02805754,-0.07096975,-0.03496309,-0.05333561,0.0001214273,-0.0006557944,-0.0001080684,-0.0007975937,0.0000496552,-0.0001620127,3517.03703842,3514.30458293,3516.22998595,3513.80629219,3516.78462237,3516.04031051
eth4h:row14691:1718352000,2024-06-14 08:00:00,3515.80000000,-0.00458675,-0.04692759,-0.02955398,-0.06884937,-0.03415550,-0.05351866,0.0000567802,-0.0006216190,-0.0001372083,-0.0007563040,0.0000653813,-0.0001655772,3515.99963356,3513.61519110,3515.31763625,3513.14199169,3516.02987511,3515.21791198
eth4h:row14692:1718366400,2024-06-14 12:00:00,3462.41000000,0.00469364,-0.05479038,-0.02793821,-0.06631313,-0.03681132,-0.05184778,0.0002374956,-0.0007747299,-0.0001057448,-0.0007069163,0.0000136650,-0.0001330403,3463.23240493,3459.72860638,3462.04388756,3459.96323104,3462.45731404,3461.94939041
eth4h:row14693:1718380800,2024-06-14 16:00:00,3406.21000000,-0.00033348,-0.04991972,-0.03485062,-0.06810644,-0.03943533,-0.05176874,0.0001396034,-0.0006798844,-0.0002403490,-0.0007418371,-0.0000374320,-0.0001315013,3406.68555179,3403.89495797,3405.39141907,3403.68408411,3406.08250110,3405.76210841
eth4h:row14694:1718395200,2024-06-14 20:00:00,3481.80000000,-0.00219177,-0.04667540,-0.03024056,-0.06794301,-0.03660269,-0.05044068,0.0001034172,-0.0006167082,-0.0001505780,-0.0007386545,0.0000177276,-0.0001056401,3482.16009651,3479.65340742,3481.27575682,3479.22910229,3481.86172453,3481.43220179
eth4h:row14695:1718409600,2024-06-15 00:00:00,3504.40000000,0.00200964,-0.04735860,-0.03038761,-0.06605113,-0.03493450,-0.04999527,0.0001852306,-0.0006300121,-0.0001534414,-0.0007018142,0.0000502121,-0.0000969667,3505.04918221,3502.19288095,3503.86232112,3501.94142505,3504.57596753,3504.06020647
eth4h:row14696:1718424000,2024-06-15 04:00:00,3529.61000000,0.00108833,-0.04891466,-0.03635493,-0.06400920,-0.04070960,-0.04828607,0.0001672901,-0.0006603129,-0.0002696421,-0.0006620522,-0.0000622456,-0.0000636838,3530.20051817,3527.28012237,3528.65839694,3527.27398721,3529.39030424,3529.38522807
eth4h:row14697:1718438400,2024-06-15 08:00:00,3539.40000000,-0.00188427,-0.04532082,-0.02871587,-0.06512065,-0.03531217,-0.04850011,0.0001094051,-0.0005903308,-0.0001208881,-0.0006836953,0.0000428577,-0.0000678518,3539.78724950,3537.31119991,3538.97215463,3536.98095599,3539.55169395,3539.15985347
eth4h:row14698:1718452800,2024-06-15 12:00:00,3565.80000000,-0.00195919,-0.04467154,-0.03236022,-0.06570211,-0.03750976,-0.05116739,0.0001079461,-0.0005776873,-0.0001918539,-0.0006950179,0.0000000644,-0.0001197913,3566.18493501,3563.74067760,3565.11595314,3563.32256615,3565.80022950,3565.37287383
eth4h:row14699:1718467200,2024-06-15 16:00:00,3558.48000000,-0.00064277,-0.04577187,-0.03295645,-0.06452510,-0.04056636,-0.04921973,0.0001335807,-0.0005991139,-0.0002034641,-0.0006720981,-0.0000594563,-0.0000818649,3558.95537601,3556.34870384,3557.75605088,3556.08915578,3558.26843211,3558.18869737
eth4h:row14700:1718481600,2024-06-15 20:00:00,3568.74000000,-0.00383883,-0.04225554,-0.03176966,-0.06400961,-0.03775229,-0.04994387,0.0000713443,-0.0005306409,-0.0001803539,-0.0006620601,-0.0000046584,-0.0000959659,3568.99461843,3566.84678296,3568.09642179,3566.37806174,3568.72337537,3568.39753914
eth4h:row14701:1718496000,2024-06-16 00:00:00,3555.01000000,0.00523884,-0.05076417,-0.03346225,-0.06689841,-0.03967488,-0.04940739,0.0002481123,-0.0006963282,-0.0002133135,-0.0007183132,-0.0000420966,-0.0000855190,3555.89215115,3552.53540784,3554.25174920,3552.45730640,3554.86034930,3554.70599221
eth4h:row14702:1718510400,2024-06-16 04:00:00,3561.93000000,-0.00159209,-0.04636705,-0.02680161,-0.07004401,-0.03391644,-0.05389763,0.0001150947,-0.0006107037,-0.0000836119,-0.0007795670,0.0000700365,-0.0001729567,3562.33998281,3559.75538012,3561.63219259,3559.15431882,3562.17947373,3561.31399355
eth4h:row14703:1718524800,2024-06-16 08:00:00,3555.28000000,-0.00733714,-0.04061384,-0.03540226,-0.06598531,-0.03809895,-0.05277953,0.0000032222,-0.0004986725,-0.0002510911,-0.0007005326,-0.0000114087,-0.0001511843,3555.29145578,3553.50752155,3554.38741305,3552.79028278,3555.23943899,3554.74253826
eth4h:row14704:1718539200,2024-06-16 12:00:00,3591.88000000,0.00244720,-0.04986149,-0.02830168,-0.07185139,-0.03435265,-0.05283009,0.0001937511,-0.0006787504,-0.0001128226,-0.0008147618,0.0000615424,-0.0001521688,3592.57599807,3589.44283708,3591.47477776,3588.95466527,3592.10105966,3591.33346952
eth4h:row14705:1718553600,2024-06-16 16:00:00,3599.03000000,-0.00822883,-0.04092328,-0.03168401,-0.06728265,-0.03874125,-0.05004721,-0.0000141415,-0.0005046981,-0.0001786860,-0.0007257954,-0.0000239161,-0.0000979782,3598.97910480,3597.21403453,3598.38696105,3596.41878813,3598.94392615,3598.67739080
eth4h:row14706:1718568000,2024-06-16 20:00:00,3624.41000000,0.00111056,-0.05132540,-0.02503314,-0.07390903,-0.03189182,-0.05506199,0.0001677230,-0.0007072568,-0.0000491748,-0.0008548299,0.0001094616,-0.0001956302,3625.01794798,3621.84751756,3624.23177472,3621.31306972,3624.80675537,3623.70102548
eth4h:row14707:1718582400,2024-06-17 00:00:00,3582.05000000,-0.00059467,-0.04963428,-0.02305171,-0.07169412,-0.03196667,-0.05399660,0.0001345174,-0.0006743260,-0.0000105906,-0.0008116994,0.0001080041,-0.0001748840,3582.53188034,3579.63534492,3582.01206415,3579.14363198,3582.43689687,3581.42361149
eth4h:row14708:1718596800,2024-06-17 04:00:00,3552.68000000,-0.00433748,-0.04678813,-0.02584257,-0.07238536,-0.03497130,-0.05306102,0.0000616341,-0.0006189033,-0.0000649367,-0.0008251597,0.0000494953,-0.0001566655,3552.89897315,3550.48191488,3552.44930807,3549.74968087,3552.85584544,3552.12346110
eth4h:row14709:1718611200,2024-06-17 08:00:00,3527.63000000,0.00076676,-0.05053438,-0.02262011,-0.07491453,-0.03023423,-0.05698930,0.0001610283,-0.0006918536,-0.0000021862,-0.0008744099,0.0001417396,-0.0002331605,3528.19809389,3525.19024073,3527.62228800,3524.54675368,3528.13004021,3526.80759201
eth4h:row14710:1718625600,2024-06-17 12:00:00,3497.26000000,-0.00041263,-0.04963422,-0.02631572,-0.06910898,-0.03449935,-0.05346810,0.0001380621,-0.0006743248,-0.0000741501,-0.0007613593,0.0000586855,-0.0001645926,3497.74287224,3494.90250580,3497.00068730,3494.59834195,3497.46524460,3496.68442415
eth4h:row14711:1718640000,2024-06-17 16:00:00,3554.01000000,0.00564874,-0.05451408,-0.02818611,-0.07028215,-0.03539447,-0.05242037,0.0002560942,-0.0007693496,-0.0001105720,-0.0007842042,0.0000412551,-0.0001441903,3554.92027805,3551.27677547,3553.61704767,3551.22402290,3554.15662423,3553.49758303
eth4h:row14712:1718654400,2024-06-17 20:00:00,3511.46000000,0.00225712,-0.05468172,-0.02447727,-0.07286337,-0.03441871,-0.05289093,0.0001900497,-0.0007726140,-0.0000383504,-0.0008344680,0.0000602559,-0.0001533536,3512.12741535,3508.74804477,3511.32533675,3508.53102132,3511.67159264,3510.92154642
eth4h:row14713:1718668800,2024-06-18 00:00:00,3441.53000000,0.00244481,-0.05495735,-0.02616319,-0.07141653,-0.03666361,-0.04986533,0.0001937047,-0.0007779812,-0.0000711800,-0.0008062938,0.0000165413,-0.0000944364,3442.19670496,3438.85359561,3441.28504068,3438.75623398,3441.58692770,3441.20500961
eth4h:row14714:1718683200,2024-06-18 04:00:00,3443.97000000,0.00484265,-0.05499639,-0.03066107,-0.06804876,-0.03924562,-0.04854416,0.0002403973,-0.0007787414,-0.0001587666,-0.0007407138,-0.0000337377,-0.0000687095,3444.79802068,3441.28908187,3443.42325604,3441.41994827,3443.85381021,3443.73337453
eth4h:row14715:1718697600,2024-06-18 08:00:00,3414.11000000,-0.00002115,-0.04988948,-0.03192934,-0.06623718,-0.04056543,-0.04808069,0.0001456853,-0.0006792954,-0.0001834634,-0.0007054373,-0.0000594382,-0.0000596844,3414.60742204,3411.79159840,3413.48369336,3411.70240888,3413.90707748,3413.90623681
eth4h:row14716:1718712000,2024-06-18 12:00:00,3424.01000000,0.00605322,-0.05673899,-0.02885219,-0.06959878,-0.03914433,-0.04864297,0.0002639706,-0.0008126748,-0.0001235425,-0.0007708971,-0.0000317653,-0.0000706336,3424.91395714,3421.22852362,3423.58701529,3421.37145772,3423.90123695,3423.76815824
eth4h:row14717:1718726400,2024-06-18 16:00:00,3423.27000000,0.00568176,-0.05457710,-0.02984777,-0.07146902,-0.03637081,-0.05080233,0.0002567373,-0.0007705767,-0.0001429292,-0.0008073161,0.0000222429,-0.0001126825,3424.14899377,3420.63312402,3422.78074964,3420.50745431,3423.34614433,3422.88427926
eth4h:row14718:1718740800,2024-06-18 20:00:00,3483.42000000,0.00547732,-0.05096015,-0.02710041,-0.07371342,-0.03217860,-0.05264428,0.0002527562,-0.0007001445,-0.0000894304,-0.0008510209,0.0001038772,-0.0001485504,3484.30056711,3480.98195617,3483.10849035,3480.45679785,3483.78186656,3482.90257498
eth4h:row14719:1718755200,2024-06-19 00:00:00,3565.93000000,0.00760974,-0.05579780,-0.02598443,-0.07520939,-0.03329724,-0.05254433,0.0002942803,-0.0007943472,-0.0000676991,-0.0008801517,0.0000820941,-0.0001466042,3566.97953752,3563.09853805,3565.68859782,3562.79282137,3566.22275385,3565.40725783
eth4h:row14720:1718769600,2024-06-19 04:00:00,3544.30000000,0.00632108,-0.05471522,-0.02738300,-0.07398504,-0.03578619,-0.05026797,0.0002691866,-0.0007732663,-0.0000949331,-0.0008563101,0.0000336272,-0.0001022770,3545.25420656,3541.56037177,3543.96354449,3541.26627929,3544.41918694,3543.93751804
eth4h:row14721:1718784000,2024-06-19 08:00:00,3536.94000000,0.00007046,-0.04890634,-0.02678582,-0.07090163,-0.03501605,-0.05133652,0.0001474693,-0.0006601510,-0.0000833044,-0.0007962674,0.0000486240,-0.0001230847,3537.46162853,3534.60585617,3536.64536976,3534.12477108,3537.11198422,3536.50468364
eth4h:row14722:1718798400,2024-06-19 12:00:00,3529.29000000,-0.00126188,-0.04553914,-0.02730074,-0.07043800,-0.03686418,-0.05026733,0.0001215248,-0.0005945820,-0.0000933314,-0.0007872391,0.0000126356,-0.0001022646,3529.71892235,3527.19217138,3528.96062179,3526.51269832,3529.33459496,3528.92909717
eth4h:row14723:1718812800,2024-06-19 16:00:00,3546.29000000,-0.00135957,-0.04500817,-0.02771166,-0.07150716,-0.03532568,-0.05070413,0.0001196225,-0.0005842425,-0.0001013331,-0.0008080586,0.0000425947,-0.0001107703,3546.71424133,3544.21871194,3545.93066175,3543.42554723,3546.44105640,3545.89719832
eth4h:row14724:1718827200,2024-06-19 20:00:00,3560.51000000,-0.00127046,-0.04497391,-0.02858379,-0.07174104,-0.03724238,-0.04897916,0.0001213577,-0.0005835754,-0.0001183160,-0.0008126131,0.0000052710,-0.0000771801,3560.94212142,3558.43278026,3560.08875955,3557.61785816,3560.52876746,3560.23521001
eth4h:row14725:1718841600,2024-06-20 00:00:00,3553.65000000,0.00156648,-0.05015092,-0.02845791,-0.07234727,-0.03539205,-0.05248658,0.0001766010,-0.0006843864,-0.0001158647,-0.0008244180,0.0000413023,-0.0001454796,3554.27763356,3551.21876242,3553.23828133,3550.72151426,3553.79677695,3553.13305417
eth4h:row14726:1718856000,2024-06-20 04:00:00,3607.87000000,-0.00019353,-0.04880700,-0.02540061,-0.07671981,-0.03248125,-0.05677884,0.0001423287,-0.0006582164,-0.0000563303,-0.0009095637,0.0000979838,-0.0002290621,3608.38353994,3605.49602212,3607.66677315,3604.58990428,3608.22353030,3607.04366823
eth4h:row14727:1718870400,2024-06-20 08:00:00,3598.94000000,0.00400503,-0.05209334,-0.02426150,-0.07535471,-0.03448238,-0.05255979,0.0002240864,-0.0007222109,-0.0000341488,-0.0008829814,0.0000590160,-0.0001469052,3599.74656387,3596.34174459,3598.81710279,3595.76360533,3599.15240144,3598.41133600
eth4h:row14728:1718884800,2024-06-20 12:00:00,3506.61000000,0.00256837,-0.05322167,-0.02441945,-0.07585551,-0.03675529,-0.05017643,0.0001961107,-0.0007441827,-0.0000372245,-0.0008927334,0.0000147560,-0.0001004945,3507.29775128,3504.00141217,3506.47947052,3503.48092904,3506.66174391,3506.25762257
eth4h:row14729:1718899200,2024-06-20 16:00:00,3536.61000000,-0.00158470,-0.04775746,-0.02511021,-0.07416373,-0.03224673,-0.05467310,0.0001152386,-0.0006377790,-0.0000506756,-0.0008597898,0.0001025505,-0.0001880573,3537.01757750,3534.35514347,3536.43078487,3533.57056573,3536.97269976,3535.94497704
eth4h:row14730:1718913600,2024-06-20 20:00:00,3513.08000000,-0.00059431,-0.04872584,-0.01786270,-0.07775132,-0.02660417,-0.05906371,0.0001345243,-0.0006566362,0.0000904540,-0.0009296503,0.0002124272,-0.0002735550,3513.55262652,3510.77394184,3513.39778650,3509.81558171,3513.82635315,3512.11911071
eth4h:row14731:1718928000,2024-06-21 00:00:00,3501.20000000,-0.00112330,-0.05065824,-0.02422145,-0.07439838,-0.03512516,-0.05410693,0.0001242234,-0.0006942654,-0.0000333688,-0.0008643590,0.0000464994,-0.0001770324,3501.63495787,3498.77008148,3501.08317118,3498.17501364,3501.36280732,3500.58022896
eth4h:row14732:1718942400,2024-06-21 04:00:00,3475.00000000,-0.00117951,-0.04942118,-0.02281877,-0.07736085,-0.03286142,-0.05571169,0.0001231289,-0.0006701763,-0.0000060547,-0.0009220467,0.0000905808,-0.0002082818,3475.42789911,3472.67191767,3474.97896001,3471.79736427,3475.31478251,3474.27629625
eth4h:row14733:1718956800,2024-06-21 08:00:00,3503.22000000,0.00418968,-0.05239354,-0.01651534,-0.07994848,-0.02758573,-0.05926140,0.0002276822,-0.0007280566,0.0001166910,-0.0009724353,0.0001933134,-0.0002774047,3504.01771151,3500.67038565,3503.62881803,3499.81500112,3503.89728497,3502.24832511
eth4h:row14734:1718971200,2024-06-21 12:00:00,3492.78000000,0.01002682,-0.05941978,-0.01712700,-0.07931411,-0.02910167,-0.05817015,0.0003413479,-0.0008648775,0.0001047802,-0.0009600822,0.0001637938,-0.0002561548,3493.97245663,3489.76047914,3493.14599325,3489.42825315,3493.35214252,3491.88542213
eth4h:row14735:1718985600,2024-06-21 16:00:00,3535.45000000,0.00813473,-0.05835198,-0.01790371,-0.08057627,-0.03047542,-0.05380823,0.0003045035,-0.0008440843,0.0000896555,-0.0009846601,0.0001370429,-0.0001712160,3536.52672096,3532.46704110,3535.76698659,3531.97049696,3535.93454158,3534.84472620
eth4h:row14736:1719000000,2024-06-21 20:00:00,3518.50000000,0.00498552,-0.05324729,-0.02134773,-0.07639490,-0.03260914,-0.05134835,0.0002431794,-0.0007446815,0.0000225907,-0.0009032369,0.0000954933,-0.0001233151,3519.35573094,3515.88081341,3518.57948622,3515.32339579,3518.83600934,3518.06614264
eth4h:row14737:1719014400,2024-06-22 00:00:00,3506.77000000,0.00031687,-0.05048648,-0.02679243,-0.07202996,-0.03751886,-0.05089427,0.0001522675,-0.0006909207,-0.0000834332,-0.0008182392,-0.0000001128,-0.0001144728,3507.30400782,3504.34793697,3506.47743119,3503.90179701,3506.76960448,3506.36859322
eth4h:row14738:1719028800,2024-06-22 04:00:00,3494.00000000,0.00166507,-0.04857446,-0.02936038,-0.07044567,-0.03722993,-0.05129612,0.0001785208,-0.0006536883,-0.0001334384,-0.0007873885,0.0000055136,-0.0001222980,3494.62380718,3491.71675926,3493.53379730,3491.24994733,3494.01926446,3493.57271677
eth4h:row14739:1719043200,2024-06-22 08:00:00,3493.20000000,0.00321795,-0.04770368,-0.03361329,-0.06658484,-0.04041833,-0.04718348,0.0002087597,-0.0006367318,-0.0002162547,-0.0007122072,-0.0000565737,-0.0000422131,3493.92931561,3490.97647644,3492.44466091,3490.71300364,3493.00238247,3493.05254415
eth4h:row14740:1719057600,2024-06-22 12:00:00,3505.43000000,0.00148429,-0.04891527,-0.03328231,-0.06871109,-0.04249737,-0.04818863,0.0001750004,-0.0006603248,-0.0002098094,-0.0007536112,-0.0000970586,-0.0000617864,3506.04350545,3503.11604179,3504.69460482,3502.78926375,3505.08978433,3505.21341871
eth4h:row14741:1719072000,2024-06-22 16:00:00,3491.44000000,0.00125660,-0.05025654,-0.02659306,-0.07364583,-0.03681200,-0.05265210,0.0001705667,-0.0006864431,-0.0000795507,-0.0008497047,0.0000136518,-0.0001487027,3492.03557408,3489.04414757,3491.16226439,3488.47456710,3491.48766464,3490.92085190
eth4h:row14742:1719086400,2024-06-22 20:00:00,3495.75000000,0.00236769,-0.04848646,-0.02599063,-0.07211544,-0.03593800,-0.05060881,0.0001922027,-0.0006519746,-0.0000678198,-0.0008199036,0.0000306710,-0.0001089140,3496.42195733,3493.47160255,3495.51292685,3492.88499674,3495.85721973,3495.36928445
eth4h:row14743:1719100800,2024-06-23 00:00:00,3519.00000000,0.00020183,-0.04488873,-0.02703455,-0.07509743,-0.03777359,-0.05080315,0.0001500274,-0.0005819168,-0.0000881478,-0.0008779714,-0.0000050732,-0.0001126984,3519.52798610,3516.95283062,3518.68982142,3515.91177452,3518.98214743,3518.60343662
eth4h:row14744:1719115200,2024-06-23 04:00:00,3512.50000000,-0.00311171,-0.04837717,-0.02365109,-0.07783505,-0.03756487,-0.05173900,0.0000855034,-0.0006498465,-0.0000222623,-0.0009312808,-0.0000010088,-0.0001309221,3512.80034339,3510.21815559,3512.42180450,3509.23039902,3512.49645650,3512.04016614
eth4h:row14745:1719129600,2024-06-23 08:00:00,3498.29000000,0.00416572,-0.05539328,-0.01701888,-0.08048688,-0.03378260,-0.05290907,0.0002272156,-0.0007864701,0.0001068856,-0.0009829193,0.0000726428,-0.0001537067,3499.08495627,3495.53978129,3498.66393690,3494.85315247,3498.54413466,3497.75233075
eth4h:row14746:1719144000,2024-06-23 12:00:00,3474.54000000,0.00501860,-0.05390500,-0.01955261,-0.08082020,-0.03589758,-0.05402470,0.0002438236,-0.0007574890,0.0000575466,-0.0009894101,0.0000314582,-0.0001754313,3475.38727822,3471.90907090,3474.73995383,3471.10395513,3474.64930452,3473.93051049
eth4h:row14747:1719158400,2024-06-23 16:00:00,3479.93000000,0.00032515,-0.04807977,-0.01697579,-0.08421344,-0.03198184,-0.05510526,0.0001524289,-0.0006440554,0.0001077248,-0.0010554860,0.0001077087,-0.0001964728,3480.46048216,3477.68945406,3480.30489493,3476.25892040,3480.30483885,3479.24635558
eth4h:row14748:1719172800,2024-06-23 20:00:00,3420.91000000,0.00863625,-0.05576541,-0.01323715,-0.08666635,-0.02635419,-0.05639597,0.0003142694,-0.0007937164,0.0001805267,-0.0011032511,0.0002172951,-0.0002216066,3421.98525638,3418.19584483,3421.52762150,3417.13795841,3421.65342773,3420.15198789
eth4h:row14749:1719187200,2024-06-24 00:00:00,3402.81000000,0.00805945,-0.05453068,-0.02026674,-0.08272921,-0.03069909,-0.05575424,0.0003030376,-0.0007696728,0.0000436406,-0.0010265838,0.0001326875,-0.0002091102,3403.84133567,3400.19195729,3402.95850400,3399.31852282,3403.26154029,3402.09851214
eth4h:row14750:1719201600,2024-06-24 04:00:00,3369.19000000,0.00113906,-0.04843253,-0.01914778,-0.08322294,-0.02890233,-0.05815398,0.0001682778,-0.0006509245,0.0000654299,-0.0010361982,0.0001676755,-0.0002558400,3369.75700766,3366.99762531,3369.41045303,3365.70065943,3369.75497801,3368.32813670
eth4h:row14751:1719216000,2024-06-24 08:00:00,3321.19000000,0.00114937,-0.05019850,-0.01463166,-0.08549511,-0.02982215,-0.05947282,0.0001684786,-0.0006853129,0.0001533717,-0.0010804439,0.0001497640,-0.0002815216,3321.74959664,3318.91472545,3321.69941552,3317.60357832,3321.68743202,3320.25514489
eth4h:row14752:1719230400,2024-06-24 12:00:00,3280.30000000,-0.00032424,-0.04724374,-0.02010843,-0.07847756,-0.03737694,-0.05294327,0.0001397833,-0.0006277755,0.0000467234,-0.0009437922,0.0000026508,-0.0001543726,3280.75856332,3278.24135434,3280.45327025,3277.20553887,3280.30869534,3279.79365056
eth4h:row14753:1719244800,2024-06-24 16:00:00,3293.07000000,-0.00336437,-0.04003857,-0.02276942,-0.07540859,-0.03565004,-0.05096333,0.0000805833,-0.0004874703,-0.0000050937,-0.0008840307,0.0000362785,-0.0001158177,3293.33537705,3291.46511740,3293.05322628,3290.16011147,3293.18946973,3292.68862622
eth4h:row14754:1719259200,2024-06-24 20:00:00,3352.73000000,-0.00022214,-0.04408391,-0.02280894,-0.07358912,-0.03541887,-0.05263285,0.0001417716,-0.0005662445,-0.0000058632,-0.0008486003,0.0000407800,-0.0001483278,3353.20535547,3350.83207247,3352.71034239,3349.88607912,3352.86672711,3352.23273366
eth4h:row14755:1719273600,2024-06-25 00:00:00,3371.61000000,0.00114496,-0.04777330,-0.01911988,-0.07781209,-0.03107765,-0.05692068,0.0001683927,-0.0006380875,0.0000659731,-0.0009308336,0.0001253158,-0.0002318242,3372.17780242,3369.45930415,3371.83244294,3368.47305230,3372.03254241,3370.82846965
eth4h:row14756:1719288000,2024-06-25 04:00:00,3361.00000000,-0.00361644,-0.04443276,-0.02748003,-0.07470037,-0.03693485,-0.05398230,0.0000756748,-0.0005730376,-0.0000968227,-0.0008702396,0.0000112596,-0.0001746055,3361.25435260,3359.07457227,3360.67459466,3358.07639705,3361.03784379,3360.41320230
eth4h:row14757:1719302400,2024-06-25 08:00:00,3376.01000000,-0.00164132,-0.04650328,-0.02386823,-0.07785802,-0.03827193,-0.05369013,0.0001141360,-0.0006133565,-0.0000264906,-0.0009317279,-0.0000147773,-0.0001689161,3376.39534617,3373.93993738,3375.92056852,3372.86594219,3375.96011208,3375.43978561
eth4h:row14758:1719316800,2024-06-25 12:00:00,3419.60000000,0.00090010,-0.04440609,-0.02477494,-0.07637058,-0.03490525,-0.05437658,0.0001636247,-0.0005725182,-0.0000441468,-0.0009027633,0.0000507817,-0.0001822833,3420.15957677,3417.64277701,3419.44903901,3416.51430349,3419.77365734,3418.97672085
eth4h:row14759:1719331200,2024-06-25 16:00:00,3415.66000000,0.00349421,-0.04766802,-0.02144363,-0.07586707,-0.03146341,-0.05502998,0.0002141394,-0.0006360374,0.0000207232,-0.0008929586,0.0001178039,-0.0001950069,3416.39150585,3413.48820313,3415.73078402,3412.61131849,3416.06240181,3414.99398778
eth4h:row14760:1719345600,2024-06-25 20:00:00,3394.91000000,-0.00458359,-0.04281446,-0.02058962,-0.07513721,-0.03107495,-0.05485911,0.0000568417,-0.0005415248,0.0000373533,-0.0008787461,0.0001253684,-0.0001916795,3395.10297805,3393.07206971,3395.03681335,3391.92804629,3395.33564127,3394.25932766
eth4h:row14761:1719360000,2024-06-26 00:00:00,3395.15000000,-0.00983681,-0.04022938,-0.01969662,-0.07997136,-0.02943135,-0.06048936,-0.0000454535,-0.0004911859,0.0000547425,-0.0009728807,0.0001573740,-0.0003013166,3394.99568211,3393.48275971,3395.33586392,3391.84853037,3395.68435027,3394.12713918
eth4h:row14762:1719374400,2024-06-26 04:00:00,3401.80000000,-0.00887405,-0.03787132,-0.01901432,-0.07739457,-0.03143356,-0.06043413,-0.0000267057,-0.0004452677,0.0000680287,-0.0009227034,0.0001183853,-0.0003002409,3401.70915364,3400.28562554,3402.03142777,3398.66259525,3402.20274683,3400.77879379
eth4h:row14763:1719388800,2024-06-26 08:00:00,3381.44000000,-0.00436961,-0.04310623,-0.02162602,-0.07626969,-0.03293214,-0.05992153,0.0000610085,-0.0005472063,0.0000171715,-0.0009007986,0.0000892037,-0.0002902591,3381.64630303,3379.59016092,3381.49806492,3378.39537501,3381.74165026,3380.45864859
eth4h:row14764:1719403200,2024-06-26 12:00:00,3361.69000000,0.00328941,-0.05309480,-0.01501855,-0.08228526,-0.02807941,-0.06375504,0.0002101514,-0.0007417122,0.0001458378,-0.0010179388,0.0001837002,-0.0003649086,3362.39653801,3359.19751786,3362.18029706,3358.26974631,3362.30759977,3360.46351419
eth4h:row14765:1719417600,2024-06-26 16:00:00,3408.08000000,0.00744105,-0.05499354,-0.00763800,-0.08575995,-0.01791754,-0.06532677,0.0002909956,-0.0007786860,0.0002895579,-0.0010856011,0.0003815806,-0.0003955146,3409.07188073,3405.42720875,3409.06697945,3404.38219228,3409.38070545,3406.73232098
eth4h:row14766:1719432000,2024-06-26 20:00:00,3371.44000000,0.00478805,-0.05353254,-0.01585164,-0.08113194,-0.02314821,-0.06346332,0.0002393341,-0.0007502362,0.0001296151,-0.0009954804,0.0002797246,-0.0003592280,3372.24699727,3368.91157221,3371.87701772,3368.08546747,3372.38320654,3370.22910191
eth4h:row14767:1719446400,2024-06-27 00:00:00,3383.80000000,-0.00216566,-0.04781219,-0.02129575,-0.07572560,-0.02788870,-0.06166825,0.0001039255,-0.0006388448,0.0000236028,-0.0008902037,0.0001874137,-0.0003242729,3384.15168152,3381.63896730,3383.87986806,3380.78906902,3384.43423006,3382.70290323
eth4h:row14768:1719460800,2024-06-27 04:00:00,3374.98000000,-0.00319987,-0.04491553,-0.02348843,-0.07357743,-0.02814747,-0.06050505,0.0000837867,-0.0005824385,-0.0000190948,-0.0008483728,0.0001823747,-0.0003016221,3375.26279037,3373.01485411,3374.91555592,3372.11797290,3375.59556706,3373.96218492
eth4h:row14769:1719475200,2024-06-27 08:00:00,3403.46000000,0.00107200,-0.04711644,-0.02560553,-0.07054326,-0.03181810,-0.06016169,0.0001669721,-0.0006252966,-0.0000603207,-0.0007892888,0.0001108972,-0.0002949358,3404.02833020,3401.33249335,3403.25470698,3400.77474690,3403.83745508,3402.45634592
eth4h:row14770:1719489600,2024-06-27 12:00:00,3452.75000000,-0.00118410,-0.04496127,-0.02256265,-0.07256421,-0.02964195,-0.06042736,0.0001230395,-0.0005833293,-0.0000010673,-0.0008286426,0.0001532730,-0.0003001092,3453.17485071,3450.73649709,3452.74631493,3449.89008947,3453.27925399,3451.71395352
eth4h:row14771:1719504000,2024-06-27 16:00:00,3449.79000000,0.00215531,-0.05002174,-0.02019712,-0.07504924,-0.02855825,-0.05903509,0.0001880673,-0.0006818709,0.0000449963,-0.0008770330,0.0001743758,-0.0002729976,3450.43885362,3447.43849037,3449.94523125,3446.76574671,3450.39161226,3448.84834407
eth4h:row14772:1719518400,2024-06-27 20:00:00,3450.44000000,0.00193299,-0.04904215,-0.02078965,-0.07360932,-0.03045167,-0.05764806,0.0001837380,-0.0006627956,0.0000334581,-0.0008489938,0.0001375054,-0.0002459882,3451.07403509,3448.15382142,3450.55544694,3447.51184107,3450.91448690,3449.59133682
eth4h:row14773:1719532800,2024-06-28 00:00:00,3460.50000000,-0.00200122,-0.04543564,-0.02332225,-0.07366110,-0.03151302,-0.05762326,0.0001071278,-0.0005925665,-0.0000158589,-0.0008500021,0.0001168379,-0.0002455054,3460.87073573,3458.45003104,3460.44512076,3457.55981744,3460.90434132,3459.65053293
eth4h:row14774:1719547200,2024-06-28 04:00:00,3431.82000000,0.00266595,-0.04782441,-0.02559879,-0.06980187,-0.03331874,-0.05621707,0.0001980107,-0.0006390827,-0.0000601896,-0.0007748518,0.0000816754,-0.0002181228,3432.49960453,3429.62748373,3431.61344641,3429.16187800,3432.10030670,3431.07152342
eth4h:row14775:1719561600,2024-06-28 08:00:00,3452.78000000,0.00070788,-0.04502599,-0.02914509,-0.06719604,-0.03582374,-0.05442255,0.0001598815,-0.0005845895,-0.0001292461,-0.0007241090,0.0000328960,-0.0001831785,3453.33207986,3450.76213094,3452.33377061,3450.28071595,3452.89358448,3452.14758299
eth4h:row14776:1719576000,2024-06-28 12:00:00,3413.61000000,0.00044728,-0.04589336,-0.02849450,-0.06929655,-0.03599779,-0.05493540,0.0001548071,-0.0006014796,-0.0001165773,-0.0007650119,0.0000295068,-0.0001931652,3414.13849186,3411.55740061,3413.21207365,3410.99954627,3413.71072629,3412.95067311
eth4h:row14777:1719590400,2024-06-28 16:00:00,3379.74000000,0.00190223,-0.04824549,-0.02485618,-0.07079001,-0.03353360,-0.05567037,0.0001831391,-0.0006472823,-0.0000457288,-0.0007940937,0.0000774916,-0.0002074771,3380.35901910,3377.55306195,3379.58545217,3377.05723501,3380.00191163,3379.03885400
eth4h:row14778:1719604800,2024-06-28 20:00:00,3380.15000000,0.00062616,-0.04590127,-0.02907827,-0.06977327,-0.03646699,-0.05574440,0.0001582902,-0.0006016337,-0.0001279450,-0.0007742950,0.0000203702,-0.0002089187,3380.68508711,3378.11699957,3379.71755454,3377.53377981,3380.21885492,3379.44389728
eth4h:row14779:1719619200,2024-06-29 00:00:00,3386.07000000,-0.00142669,-0.04546607,-0.02926084,-0.06877521,-0.03691076,-0.05537537,0.0001183155,-0.0005931590,-0.0001315001,-0.0007548598,0.0000117285,-0.0002017327,3386.47064843,3384.06211757,3385.62476077,3383.51495626,3386.10971386,3385.38698795
eth4h:row14780:1719633600,2024-06-29 04:00:00,3399.72000000,-0.00242685,-0.04563692,-0.02545163,-0.07066105,-0.03443141,-0.05630092,0.0000988395,-0.0005964861,-0.0000573239,-0.0007915826,0.0000600087,-0.0002197556,3400.05604316,3397.69271898,3399.52512044,3397.02990563,3399.92401890,3398.97297464
eth4h:row14781:1719648000,2024-06-29 08:00:00,3400.45000000,0.00080437,-0.04866663,-0.02539286,-0.07223801,-0.03343488,-0.05831485,0.0001617607,-0.0006554830,-0.0000561795,-0.0008222905,0.0000794138,-0.0002589726,3401.00010350,3398.22179307,3400.25896992,3397.65499159,3400.72005347,3399.56949048
eth4h:row14782:1719662400,2024-06-29 12:00:00,3394.62000000,-0.00012427,-0.04953790,-0.02234408,-0.07420689,-0.03222104,-0.05718148,0.0001436774,-0.0006724492,0.0000031889,-0.0008606301,0.0001030508,-0.0002369028,3395.10776517,3392.33805799,3394.63082511,3391.69974467,3394.96983619,3393.81590039
eth4h:row14783:1719676800,2024-06-29 16:00:00,3387.02000000,0.00057448,-0.05194056,-0.02132055,-0.07626303,-0.03245913,-0.05705810,0.0001572839,-0.0007192358,0.0000231200,-0.0009006689,0.0000984145,-0.0002345002,3387.55276575,3384.58480971,3387.09830864,3383.97078974,3387.35334813,3386.22583634
eth4h:row14784:1719691200,2024-06-29 20:00:00,3378.80000000,0.00273080,-0.05439378,-0.01995936,-0.07725418,-0.03086854,-0.05908538,0.0001992736,-0.0007670070,0.0000496262,-0.0009199694,0.0001293879,-0.0002739769,3379.47337260,3376.20943022,3378.96768120,3375.69303665,3379.23720395,3377.87441351
eth4h:row14785:1719705600,2024-06-30 00:00:00,3371.28000000,0.00015421,-0.05067903,-0.02200147,-0.07441966,-0.03086961,-0.05733445,0.0001491000,-0.0006946702,0.0000098604,-0.0008647734,0.0001293670,-0.0002398813,3371.78269547,3368.93888545,3371.31324246,3368.36586693,3371.71616045,3370.47138983
eth4h:row14786:1719720000,2024-06-30 04:00:00,3394.03000000,0.00376214,-0.05293652,-0.02271857,-0.07579924,-0.03128020,-0.05665376,0.0002193567,-0.0007386301,-0.0000041036,-0.0008916377,0.0001213717,-0.0002266265,3394.77458476,3391.52399300,3394.01607228,3391.00510355,3394.44196409,3393.26091012
eth4h:row14787:1719734400,2024-06-30 08:00:00,3389.19000000,0.00210614,-0.05141056,-0.02198019,-0.07592128,-0.02983864,-0.05717858,0.0001871097,-0.0007089151,0.0000102748,-0.0008940142,0.0001494428,-0.0002368462,3389.82420973,3386.78820335,3389.22482342,3386.16137002,3389.69652791,3388.38737834
eth4h:row14788:1719748800,2024-06-30 12:00:00,3399.80000000,-0.00143229,-0.04801217,-0.02589556,-0.07314950,-0.03155992,-0.05663011,0.0001182064,-0.0006427389,-0.0000659686,-0.0008400398,0.0001159246,-0.0002261660,3400.20190203,3397.61551853,3399.57572747,3396.94523198,3400.19414343,3399.03116787
eth4h:row14789:1719763200,2024-06-30 16:00:00,3428.41000000,0.00100554,-0.04805027,-0.02724400,-0.07281487,-0.03233837,-0.05621789,0.0001656779,-0.0006434808,-0.0000922264,-0.0008335235,0.0001007660,-0.0002181388,3428.97805889,3426.20459357,3428.09382453,3425.55353040,3428.75548449,3427.66221244
eth4h:row14790:1719777600,2024-06-30 20:00:00,3438.16000000,-0.00272255,-0.04264028,-0.03001663,-0.06782040,-0.03477910,-0.05531391,0.0000930814,-0.0005381330,-0.0001462174,-0.0007362670,0.0000532381,-0.0002005357,3438.48004359,3436.31031027,3437.65731791,3435.62952783,3438.34304587,3437.47059520
eth4h:row14791:1719792000,2024-07-01 00:00:00,3498.23000000,0.00013519,-0.04499789,-0.02454576,-0.07179122,-0.03148805,-0.05694871,0.0001487298,-0.0005840422,-0.0000396840,-0.0008135901,0.0001173243,-0.0002323701,3498.75032971,3496.18748243,3498.09117902,3495.38503217,3498.64045134,3497.41721055
eth4h:row14792:1719806400,2024-07-01 04:00:00,3490.58000000,0.00264669,-0.04856348,-0.02199754,-0.07437664,-0.03002169,-0.05765704,0.0001976359,-0.0006534745,0.0000099370,-0.0008639357,0.0001458784,-0.0002461632,3491.26993193,3488.29974013,3490.61468621,3487.56566565,3491.08923731,3489.72085346
eth4h:row14793:1719820800,2024-07-01 08:00:00,3459.60000000,-0.00144111,-0.04615594,-0.02152827,-0.07501170,-0.03096937,-0.05836948,0.0001180347,-0.0006065929,0.0000190750,-0.0008763021,0.0001274244,-0.0002600364,3460.00837683,3457.50206745,3459.66599253,3456.56967331,3460.04086564,3458.70049502
eth4h:row14794:1719835200,2024-07-01 12:00:00,3474.35000000,0.00135256,-0.04759304,-0.02025810,-0.07825162,-0.02809252,-0.06046779,0.0001724353,-0.0006345773,0.0000438089,-0.0009393924,0.0001834448,-0.0003008964,3474.94915241,3472.14595573,3474.50221087,3471.08775450,3474.98741000,3473.30473786
eth4h:row14795:1719849600,2024-07-01 16:00:00,3471.47000000,0.00130076,-0.04745714,-0.02143785,-0.07809035,-0.02964995,-0.05936678,0.0001714267,-0.0006319310,0.0000208357,-0.0009362522,0.0001531172,-0.0002794568,3472.06515374,3469.27696358,3471.54233143,3468.22134956,3472.00158247,3470.50000978
eth4h:row14796:1719864000,2024-07-01 20:00:00,3442.20000000,-0.00136237,-0.04872376,-0.02391967,-0.07586947,-0.03262708,-0.05753189,0.0001195679,-0.0006565955,-0.0000274923,-0.0008930053,0.0000951440,-0.0002437261,3442.61160128,3439.94060867,3442.10536731,3439.12746928,3442.52752017,3441.36114837
eth4h:row14797:1719878400,2024-07-02 00:00:00,3457.03000000,0.00144465,-0.05116765,-0.01984796,-0.08004631,-0.02777620,-0.05994477,0.0001742286,-0.0007041851,0.0000517955,-0.0009743402,0.0001896045,-0.0002907118,3457.63236592,3454.59646788,3457.20906325,3453.66331701,3457.68553064,3456.02514667
eth4h:row14798:1719892800,2024-07-02 04:00:00,3439.00000000,-0.00245820,-0.04439209,-0.02205237,-0.07761571,-0.02838815,-0.05933835,0.0000982290,-0.0005722458,0.0000088692,-0.0009270095,0.0001776880,-0.0002789031,3439.33782600,3437.03260982,3439.03050140,3435.81349155,3439.61112347,3438.04098591
eth4h:row14799:1719907200,2024-07-02 08:00:00,3453.26000000,-0.00312554,-0.04697610,-0.01986798,-0.07893039,-0.03047889,-0.05864342,0.0000852341,-0.0006225638,0.0000514055,-0.0009526101,0.0001369753,-0.0002653708,3453.55434800,3451.11079450,3453.43752119,3449.97195589,3453.73304374,3452.34372704
eth4h:row14800:1719921600,2024-07-02 12:00:00,3415.65000000,-0.00103890,-0.05027549,-0.01945212,-0.07909366,-0.03181233,-0.05726527,0.0001258669,-0.0006868122,0.0000595035,-0.0009557895,0.0001110096,-0.0002385344,3416.07994426,3413.30489541,3415.85324927,3412.38691724,3416.02919109,3414.83534721
eth4h:row14801:1719936000,2024-07-02 16:00:00,3415.37000000,-0.00054203,-0.04940695,-0.01991018,-0.07630163,-0.03255783,-0.05680346,0.0001355422,-0.0006698992,0.0000505838,-0.0009014207,0.0000964925,-0.0002295415,3415.83295827,3413.08281269,3415.54276664,3412.29270182,3415.69957359,3414.58612083
eth4h:row14802:1719950400,2024-07-02 20:00:00,3421.35000000,0.00145651,-0.05064847,-0.01791224,-0.07835902,-0.03106607,-0.05919641,0.0001744596,-0.0006940751,0.0000894895,-0.0009414839,0.0001255412,-0.0002761390,3421.94693929,3418.97615014,3421.65618853,3418.13036979,3421.77954748,3420.40536233
eth4h:row14803:1719964800,2024-07-03 00:00:00,3360.33000000,0.00473661,-0.05848606,-0.01593080,-0.08104230,-0.03204314,-0.05672991,0.0002383325,-0.0008466953,0.0001280737,-0.0009937351,0.0001065149,-0.0002281092,3361.13097124,3357.48602861,3360.76039742,3356.99238091,3360.68794437,3359.56356514
eth4h:row14804:1719979200,2024-07-03 04:00:00,3352.20000000,0.00682045,-0.05700068,-0.01799461,-0.07947771,-0.03209098,-0.05481885,0.0002789107,-0.0008177708,0.0000878854,-0.0009632680,0.0001055835,-0.0001908955,3353.13509494,3349.45978944,3352.49462249,3348.97248773,3352.55395566,3351.56014125
eth4h:row14805:1719993600,2024-07-03 08:00:00,3307.50000000,0.00584031,-0.05476578,-0.02008476,-0.07918206,-0.03174436,-0.05836917,0.0002598246,-0.0007742508,0.0000471842,-0.0009575108,0.0001123331,-0.0002600303,3308.35948165,3304.94015660,3307.65606528,3304.33454881,3307.87156255,3306.64006156
eth4h:row14806:1720008000,2024-07-03 12:00:00,3304.26000000,0.00351180,-0.05741166,-0.01791432,-0.08010371,-0.03325396,-0.05905467,0.0002144818,-0.0008257736,0.0000894489,-0.0009754580,0.0000829369,-0.0002733789,3304.96877978,3301.53255563,3304.55557550,3301.03840481,3304.53405644,3303.35680848
eth4h:row14807:1720022400,2024-07-03 16:00:00,3266.29000000,0.00687046,-0.05583717,-0.02072259,-0.07885602,-0.03164320,-0.05601571,0.0002798845,-0.0007951139,0.0000347638,-0.0009511619,0.0001143030,-0.0002142018,3267.20431199,3263.69395973,3266.40355066,3263.18470643,3266.66336820,3265.59042983
eth4h:row14808:1720036800,2024-07-03 20:00:00,3295.48000000,0.00294627,-0.05149664,-0.02467128,-0.07662354,-0.03732951,-0.05357113,0.0002034694,-0.0007105914,-0.0000421284,-0.0009076892,0.0000035744,-0.0001665988,3296.15059752,3293.13909195,3295.34116973,3292.49008543,3295.49177931,3294.93102255
eth4h:row14809:1720051200,2024-07-04 00:00:00,3243.20000000,0.00066114,-0.05156404,-0.01990547,-0.07860088,-0.03498118,-0.05601611,0.0001589716,-0.0007119039,0.0000506755,-0.0009461937,0.0000493031,-0.0002142096,3243.71561754,3240.89197503,3243.36435481,3240.13275608,3243.35990376,3242.50534982
eth4h:row14810:1720065600,2024-07-04 04:00:00,3182.21000000,0.00717176,-0.06003202,-0.01752796,-0.08066218,-0.03101210,-0.05650739,0.0002857517,-0.0008767996,0.0000969723,-0.0009863329,0.0001265924,-0.0002237761,3183.11945193,3179.42106232,3182.51860128,3179.07282908,3182.61286901,3181.49797697
eth4h:row14811:1720080000,2024-07-04 08:00:00,3159.45000000,0.00226654,-0.04909064,-0.02290025,-0.07517669,-0.03454129,-0.05415978,0.0001902331,-0.0006637398,-0.0000076413,-0.0008795148,0.0000578689,-0.0001780616,3160.05108910,3157.35364320,3159.42585769,3156.67243858,3159.63283905,3158.88747322
eth4h:row14812:1720094400,2024-07-04 12:00:00,3138.79000000,0.00005693,-0.04896614,-0.02306535,-0.07855834,-0.03488281,-0.05268616,0.0001472058,-0.0006613154,-0.0000108564,-0.0009453652,0.0000512186,-0.0001493661,3139.25208219,3136.71495601,3138.75592425,3135.82409924,3138.95076868,3138.32120629
eth4h:row14813:1720108800,2024-07-04 16:00:00,3133.82000000,0.00456012,-0.05425455,-0.02321824,-0.07973354,-0.03256613,-0.05410730,0.0002348957,-0.0007642957,-0.0000138335,-0.0009682496,0.0000963309,-0.0001770397,3134.55620742,3131.42574988,3133.77664856,3130.78714854,3134.12189826,3133.26523864
eth4h:row14814:1720123200,2024-07-04 20:00:00,3059.70000000,0.00451512,-0.05167946,-0.02779033,-0.07247604,-0.03488657,-0.05253396,0.0002340194,-0.0007141515,-0.0001028652,-0.0008269256,0.0000511454,-0.0001464023,3060.41611303,3057.51569069,3059.38527966,3057.17090145,3059.85649351,3059.25208570
eth4h:row14815:1720137600,2024-07-05 00:00:00,2920.99000000,-0.00483363,-0.05138986,-0.02677568,-0.07640533,-0.04143994,-0.05284264,0.0000519727,-0.0007085121,-0.0000831070,-0.0009034400,-0.0000764674,-0.0001524131,2921.14181573,2918.92117624,2920.74725524,2918.35225244,2920.76664794,2920.54483673
eth4h:row14816:1720152000,2024-07-05 04:00:00,2882.21000000,-0.00274055,-0.04963046,-0.01699110,-0.08477576,-0.03270277,-0.05910135,0.0000927309,-0.0006742517,0.0001074265,-0.0010664360,0.0000936701,-0.0002742880,2882.47728221,2880.26732008,2882.51964236,2879.13794573,2882.47998944,2881.41955279
eth4h:row14817:1720166400,2024-07-05 08:00:00,2947.42000000,-0.00715165,-0.03739113,-0.01922932,-0.07994777,-0.02957886,-0.05974481,0.0000068342,-0.0004359170,0.0000638421,-0.0009724214,0.0001545014,-0.0002868180,2947.44014331,2946.13544943,2947.60817554,2944.55525896,2947.87541584,2946.57474802
eth4h:row14818:1720180800,2024-07-05 12:00:00,2990.99000000,-0.00718390,-0.03759560,-0.02643737,-0.07383968,-0.03845396,-0.05514825,0.0000062063,-0.0004398987,-0.0000765191,-0.0008534795,-0.0000183218,-0.0001973099,2991.00856295,2989.67455670,2990.76114098,2988.43834044,2990.93520006,2990.39990618
eth4h:row14819:1720195200,2024-07-05 16:00:00,2987.99000000,-0.00780987,-0.04547043,-0.01933196,-0.08150813,-0.03057268,-0.05981889,-0.0000059831,-0.0005932440,0.0000618434,-0.0010028060,0.0001351491,-0.0002882605,2987.97212260,2986.21791841,2988.17479330,2984.99512761,2988.39385155,2987.12880477
eth4h:row14820:1720209600,2024-07-05 20:00:00,2981.78000000,-0.00843423,-0.04027997,-0.01791885,-0.08026659,-0.02969798,-0.06036948,-0.0000181411,-0.0004921710,0.0000893606,-0.0009786298,0.0001521820,-0.0002989822,2981.72590760,2980.31281540,2982.04646569,2978.86336867,2982.23380775,2980.88863423
eth4h:row14821:1720224000,2024-07-06 00:00:00,2980.01000000,-0.00628852,-0.03925218,-0.01960483,-0.07503252,-0.03389686,-0.05823211,0.0000236419,-0.0004721570,0.0000565299,-0.0008767074,0.0000704177,-0.0002573613,2980.08045387,2978.60329962,2980.17846439,2977.39854800,2980.21985299,2979.24315930
eth4h:row14822:1720238400,2024-07-06 04:00:00,3004.69000000,-0.01438724,-0.03175041,-0.02535060,-0.07395041,-0.03655772,-0.05635958,-0.0001340632,-0.0003260763,-0.0000553565,-0.0008556357,0.0000186033,-0.0002208980,3004.28720857,3003.71040157,3004.52367535,3002.12017946,3004.74589777,3004.02634337
eth4h:row14823:1720252800,2024-07-06 08:00:00,3005.65000000,-0.00064712,-0.04271372,-0.01627865,-0.07507661,-0.02875554,-0.05616333,0.0001334960,-0.0005395630,0.0001213000,-0.0008775660,0.0001705340,-0.0002170765,3006.05126896,3004.02869996,3006.01460748,3003.01350066,3006.16260908,3004.99761494
eth4h:row14824:1720267200,2024-07-06 12:00:00,3020.00000000,-0.00309031,-0.04043804,-0.01930949,-0.07387632,-0.03179810,-0.05635748,0.0000859200,-0.0004952491,0.0000622810,-0.0008541930,0.0001112866,-0.0002208571,3020.25948967,3018.50471797,3020.18809452,3017.42143856,3020.33610422,3019.33308533
eth4h:row14825:1720281600,2024-07-06 16:00:00,3058.21000000,-0.00978201,-0.03631844,-0.02228513,-0.07755038,-0.03186689,-0.06197021,-0.0000443862,-0.0004150287,0.0000043368,-0.0009257374,0.0001099472,-0.0003301529,3058.07426055,3056.94101839,3058.22326288,3055.38021067,3058.54626005,3057.20048985
eth4h:row14826:1720296000,2024-07-06 20:00:00,3066.83000000,-0.00792556,-0.03750704,-0.01761785,-0.07894079,-0.03047819,-0.05950708,-0.0000082360,-0.0004381742,0.0000952220,-0.0009528127,0.0001369891,-0.0002821887,3066.80474179,3065.48648844,3067.12204370,3063.90927718,3067.25015103,3065.96469735
eth4h:row14827:1720310400,2024-07-07 00:00:00,3050.76000000,-0.00413691,-0.03961450,-0.02803209,-0.07126206,-0.04309589,-0.05163807,0.0000655398,-0.0004792124,-0.0001075728,-0.0008032860,-0.0001087134,-0.0001289568,3050.95995278,3049.29838820,3050.43183873,3048.31035137,3050.42835967,3050.36660907
eth4h:row14828:1720324800,2024-07-07 04:00:00,3004.42000000,-0.00397550,-0.04111718,-0.02147588,-0.07689604,-0.03605773,-0.05854482,0.0000686829,-0.0005084738,0.0000200952,-0.0009129955,0.0000283395,-0.0002634508,3004.62635938,3002.89271944,3004.48037515,3001.67822974,3004.50514492,3003.62858737
eth4h:row14829:1720339200,2024-07-07 08:00:00,3015.51000000,-0.00556069,-0.03876580,-0.01218995,-0.07967077,-0.02642777,-0.06187937,0.0000378148,-0.0004626859,0.0002009186,-0.0009670274,0.0002158622,-0.0003283840,3015.62403319,3014.11508880,3016.11593288,3012.59532866,3016.16100502,3014.51991732
eth4h:row14830:1720353600,2024-07-07 12:00:00,2970.99000000,0.00171841,-0.04472193,-0.01257100,-0.08043760,-0.02740269,-0.06035955,0.0001795596,-0.0005786686,0.0001934984,-0.0009819598,0.0001968777,-0.0002987886,2971.52351753,2969.27127865,2971.56493747,2968.07403931,2971.57497931,2970.10243460
eth4h:row14831:1720368000,2024-07-07 16:00:00,2985.19000000,-0.01227491,-0.03277525,-0.02273181,-0.07598886,-0.03645775,-0.05587771,-0.0000929302,-0.0003460329,-0.0000043613,-0.0008953301,0.0000205499,-0.0002115145,2984.91259864,2984.15720483,2985.17698080,2982.51846562,2985.25134606,2984.55865573
eth4h:row14832:1720382400,2024-07-07 20:00:00,2931.00000000,-0.00511085,-0.03842813,-0.01861110,-0.07589485,-0.03013945,-0.05845656,0.0000465744,-0.0004561104,0.0000758806,-0.0008934994,0.0001435853,-0.0002617321,2931.13651284,2929.66344526,2931.22241449,2928.38232274,2931.42087882,2930.23296347
eth4h:row14833:1720396800,2024-07-08 00:00:00,2879.71000000,0.00411857,-0.04618132,-0.02130165,-0.07125159,-0.03244318,-0.05835804,0.0002262975,-0.0006070871,0.0000234879,-0.0008030820,0.0000987251,-0.0002598136,2880.36174486,2877.96229580,2879.77763909,2877.39828522,2879.99431364,2878.96190950
eth4h:row14834:1720411200,2024-07-08 04:00:00,2927.00000000,-0.00132369,-0.04173337,-0.02398666,-0.07001571,-0.03572359,-0.05715578,0.0001203212,-0.0005204728,-0.0000287969,-0.0007790160,0.0000348462,-0.0002364022,2927.35220131,2925.47697240,2926.91571271,2924.72070804,2927.10199663,2926.30813247
eth4h:row14835:1720425600,2024-07-08 08:00:00,3053.97000000,-0.00223779,-0.03924143,-0.02012738,-0.07347074,-0.03051235,-0.05733673,0.0001025211,-0.0004719478,0.0000463543,-0.0008462952,0.0001363239,-0.0002399257,3054.28311250,3052.52902576,3054.11156785,3051.38653313,3054.38635742,3053.23736190
eth4h:row14836:1720440000,2024-07-08 12:00:00,2969.21000000,0.00003565,-0.04405186,-0.02421733,-0.06919061,-0.03485212,-0.05685838,0.0001467915,-0.0005656204,-0.0000332887,-0.0007629488,0.0000518162,-0.0002306111,2969.64588669,2967.53102927,2969.11116052,2966.94550864,2969.36385730,2968.52534630
eth4h:row14837:1720454400,2024-07-08 16:00:00,3004.59000000,-0.00642013,-0.03473938,-0.03611561,-0.05990591,-0.03764649,-0.05673542,0.0000210791,-0.0003842799,-0.0002649820,-0.0005821493,-0.0000025981,-0.0002282166,3004.65333477,3003.43561825,3003.79394328,3002.84138894,3004.58219386,3003.90438096
eth4h:row14838:1720468800,2024-07-08 20:00:00,3019.01000000,-0.00906502,-0.02842660,-0.04503199,-0.05187048,-0.03896153,-0.05394465,-0.0000304245,-0.0002613523,-0.0004386092,-0.0004256769,-0.0000282057,-0.0001738725,3018.91814944,3018.22107779,3017.68612487,3017.72515077,3018.92484796,3018.48512285
eth4h:row14839:1720483200,2024-07-09 00:00:00,3064.45000000,-0.00798290,-0.03005697,-0.04477402,-0.05143235,-0.04392446,-0.05133472,-0.0000093525,-0.0002931002,-0.0004335858,-0.0004171451,-0.0001248480,-0.0001230496,3064.42133976,3063.55194075,3063.12158604,3063.17194641,3064.06743344,3064.07294392
eth4h:row14840:1720497600,2024-07-09 04:00:00,3061.93000000,-0.00800126,-0.03265180,-0.04215678,-0.05466871,-0.03895913,-0.05380071,-0.0000097100,-0.0003436288,-0.0003826207,-0.0004801663,-0.0000281590,-0.0001710695,3061.90026874,3060.87801333,3060.75866632,3060.46011720,3061.84378043,3061.40624207
eth4h:row14841:1720512000,2024-07-09 08:00:00,3083.47000000,-0.00799285,-0.02956447,-0.04003152,-0.05319141,-0.03544644,-0.05599283,-0.0000095464,-0.0002835098,-0.0003412358,-0.0004513991,0.0000402430,-0.0002137564,3083.44056421,3082.59592980,3082.41798920,3082.07843854,3083.59409071,3082.81095912
eth4h:row14842:1720526400,2024-07-09 12:00:00,3067.83000000,-0.00801175,-0.03176969,-0.03771373,-0.05438216,-0.03804342,-0.05482907,-0.0000099143,-0.0003264518,-0.0002961019,-0.0004745864,-0.0000103274,-0.0001910945,3067.79958477,3066.82866495,3066.92174417,3066.37439500,3067.79831738,3067.24381046
eth4h:row14843:1720540800,2024-07-09 16:00:00,3068.99000000,-0.01013832,-0.02933879,-0.04040673,-0.05685990,-0.03972942,-0.05443329,-0.0000513247,-0.0002791153,-0.0003485422,-0.0005228350,-0.0000431588,-0.0001833877,3068.83248892,3068.13351761,3067.92051382,3067.38584415,3068.85754904,3068.42723666
eth4h:row14844:1720555200,2024-07-09 20:00:00,3066.65000000,-0.00773846,-0.03183430,-0.03991076,-0.05368093,-0.03778632,-0.05388870,-0.0000045926,-0.0003277099,-0.0003388843,-0.0004609314,-0.0000053210,-0.0001727829,3066.63591608,3065.64519300,3065.61093664,3065.23681044,3066.63368236,3066.12018107
eth4h:row14845:1720569600,2024-07-10 00:00:00,3080.00000000,-0.00865596,-0.03325349,-0.04142168,-0.05296582,-0.03952274,-0.05768029,-0.0000224588,-0.0003553455,-0.0003683061,-0.0004470062,-0.0000391341,-0.0002466158,3079.93082756,3078.90573022,3078.86582599,3078.62352845,3079.87946922,3079.24051685
eth4h:row14846:1720584000,2024-07-10 04:00:00,3097.08000000,-0.00594704,-0.03638360,-0.03846588,-0.06014346,-0.03492682,-0.06125971,0.0000302914,-0.0004162976,-0.0003107484,-0.0005867752,0.0000503616,-0.0003163174,3097.17381621,3095.79096131,3096.11773680,3095.26324334,3097.23597793,3096.10049472
eth4h:row14847:1720598400,2024-07-10 08:00:00,3102.22000000,-0.00373541,-0.03666510,-0.02936002,-0.06570573,-0.02901468,-0.06249680,0.0000733581,-0.0004217792,-0.0001334314,-0.0006950884,0.0001654878,-0.0003404071,3102.44758129,3100.91182410,3101.80609391,3100.06443203,3102.73342200,3101.16416196
eth4h:row14848:1720612800,2024-07-10 12:00:00,3122.76000000,-0.00300740,-0.04075137,-0.03344276,-0.06313933,-0.03344730,-0.06141474,0.0000875345,-0.0005013505,-0.0002129340,-0.0006451134,0.0000791720,-0.0003193363,3123.03336131,3121.19479518,3122.09512909,3120.74611539,3123.00724485,3121.76294864
eth4h:row14849:1720627200,2024-07-10 16:00:00,3107.03000000,-0.00572555,-0.04176094,-0.02810731,-0.06688055,-0.02596840,-0.06780186,0.0000346044,-0.0005210096,-0.0001090376,-0.0007179656,0.0002248075,-0.0004437115,3107.13751885,3105.41162904,3106.69123534,3104.80006009,3107.72856229,3105.65168075
eth4h:row14850:1720641600,2024-07-10 20:00:00,3101.05000000,-0.00454079,-0.04102330,-0.02212938,-0.06810474,-0.02121586,-0.06621268,0.0000576751,-0.0005066458,0.0000073696,-0.0007418040,0.0003173530,-0.0004127657,3101.22885851,3099.47926413,3101.07285369,3098.75048168,3102.03428361,3099.77025703
eth4h:row14851:1720656000,2024-07-11 00:00:00,3077.20000000,-0.00026797,-0.04407503,-0.02558753,-0.06654821,-0.02567837,-0.06345128,0.0001408790,-0.0005660716,-0.0000599702,-0.0007114939,0.0002304551,-0.0003589935,3077.63354342,3075.45857752,3077.01546519,3075.01136954,3077.90923809,3076.09550337
eth4h:row14852:1720670400,2024-07-11 04:00:00,3118.22000000,-0.00733816,-0.03723231,-0.02819845,-0.06623130,-0.02654551,-0.06274169,0.0000032025,-0.0004328244,-0.0001108123,-0.0007053226,0.0002135695,-0.0003451757,3118.22998597,3116.87065027,3117.87448209,3116.02142426,3118.88602775,3117.14385186
eth4h:row14853:1720684800,2024-07-11 08:00:00,3147.04000000,0.00004644,-0.04185356,-0.02229908,-0.06842867,-0.01964969,-0.06694370,0.0001470016,-0.0005228133,0.0000040652,-0.0007481117,0.0003478506,-0.0004270008,3147.50265376,3145.39511557,3147.05279339,3144.68654305,3148.13489029,3145.69649837
eth4h:row14854:1720699200,2024-07-11 12:00:00,3117.95000000,0.00438274,-0.04853767,-0.02965554,-0.06256622,-0.02934071,-0.06160959,0.0002314416,-0.0006529719,-0.0001391861,-0.0006339532,0.0001591391,-0.0003231305,3118.67170678,3115.91473076,3117.51605503,3115.97399192,3118.44622711,3116.94265797
eth4h:row14855:1720713600,2024-07-11 16:00:00,3107.11000000,-0.00048303,-0.04638235,-0.03286257,-0.06192710,-0.03345646,-0.05987289,0.0001366913,-0.0006110017,-0.0002016360,-0.0006215077,0.0000789937,-0.0002893120,3107.53474394,3105.21213024,3106.48355794,3105.17950713,3107.35545169,3106.21120574
eth4h:row14856:1720728000,2024-07-11 20:00:00,3099.57000000,0.00229616,-0.04400289,-0.03181919,-0.06137042,-0.03080480,-0.05909196,0.0001908099,-0.0005646669,-0.0001813184,-0.0006106676,0.0001306290,-0.0002741052,3100.16148520,3097.82026960,3099.00804175,3097.67777078,3099.97492031,3098.72050819
eth4h:row14857:1720742400,2024-07-12 00:00:00,3085.74000000,0.00883235,-0.05042405,-0.02617284,-0.06561767,-0.02940867,-0.06046050,0.0003180880,-0.0006897051,-0.0000713680,-0.0006933735,0.0001578156,-0.0003007545,3086.72169311,3083.61248300,3085.51978474,3083.60117114,3086.22701634,3084.81208933
eth4h:row14858:1720756800,2024-07-12 04:00:00,3072.30000000,0.00010241,-0.04353802,-0.03559968,-0.06043116,-0.03211734,-0.05853441,0.0001480914,-0.0005556145,-0.0002549352,-0.0005923775,0.0001050702,-0.0002632480,3072.75501496,3070.59345974,3071.51686241,3070.48057765,3072.62282408,3071.49132967
eth4h:row14859:1720771200,2024-07-12 08:00:00,3070.00000000,0.00744439,-0.05418603,-0.02542659,-0.07055026,-0.02445798,-0.06196258,0.0002910606,-0.0007629615,-0.0000568364,-0.0007894252,0.0002542197,-0.0003300043,3070.89368621,3067.65860144,3069.82551721,3067.57742096,3070.78055365,3068.98705393
eth4h:row14860:1720785600,2024-07-12 12:00:00,3131.34000000,0.00297422,-0.05025227,-0.02794072,-0.06800203,-0.03241057,-0.06026972,0.0002040137,-0.0006863601,-0.0001057935,-0.0007398039,0.0000993601,-0.0002970395,3131.97890157,3129.19151059,3131.00874200,3129.02427921,3131.65114576,3130.41000650
eth4h:row14861:1720800000,2024-07-12 16:00:00,3116.10000000,0.00135029,-0.05053005,-0.02528736,-0.07251965,-0.03160816,-0.06123018,0.0001723912,-0.0006917691,-0.0000541251,-0.0008277747,0.0001149852,-0.0003157423,3116.63723466,3113.94512369,3115.93134543,3113.52163864,3116.45832605,3115.11627085
eth4h:row14862:1720814400,2024-07-12 20:00:00,3133.88000000,0.00358362,-0.05258952,-0.02355530,-0.06931934,-0.02933238,-0.06069987,0.0002158805,-0.0007318729,-0.0000203971,-0.0007654556,0.0001593011,-0.0003054158,3134.55661646,3131.58723716,3133.81607855,3131.48207188,3134.37927035,3132.92300979
eth4h:row14863:1720828800,2024-07-13 00:00:00,3120.94000000,0.00903190,-0.05560586,-0.01997324,-0.07331115,-0.02574844,-0.06055536,0.0003219740,-0.0007906096,0.0000493558,-0.0008431875,0.0002290907,-0.0003026017,3121.94502322,3118.47353003,3121.09404021,3118.30957146,3121.65506026,3119.99574108
eth4h:row14864:1720843200,2024-07-13 04:00:00,3140.21000000,0.00525428,-0.05304819,-0.02100810,-0.07530408,-0.02484643,-0.06303100,0.0002484129,-0.0007408046,0.0000292042,-0.0008819954,0.0002466554,-0.0003508093,3140.99016563,3137.88457946,3140.30170863,3137.44157012,3140.98464542,3139.10857820
eth4h:row14865:1720857600,2024-07-13 08:00:00,3156.84000000,0.00737781,-0.05608298,-0.01498648,-0.08010769,-0.02087551,-0.06424517,0.0002897642,-0.0007999005,0.0001464622,-0.0009755354,0.0003239806,-0.0003744528,3157.75487166,3154.31585184,3157.30239157,3153.76189237,3157.86292046,3155.65813369
eth4h:row14866:1720872000,2024-07-13 12:00:00,3154.87000000,0.00693942,-0.05492193,-0.02186676,-0.07639115,-0.02628363,-0.06302159,0.0002812274,-0.0007772915,0.0000124836,-0.0009031638,0.0002186690,-0.0003506262,3155.75736074,3152.41869928,3154.90938424,3152.02192202,3155.55994782,3153.76401367
eth4h:row14867:1720886400,2024-07-13 16:00:00,3163.75000000,0.00477965,-0.05105563,-0.02754786,-0.07122572,-0.03197485,-0.05799299,0.0002391705,-0.0007020036,-0.0000981435,-0.0008025782,0.0001078448,-0.0002527050,3164.50676613,3161.52981541,3163.43951360,3161.21186179,3164.09121229,3162.95060550
eth4h:row14868:1720900800,2024-07-13 20:00:00,3175.93000000,0.01021124,-0.05429524,-0.02070710,-0.07180505,-0.02653392,-0.05818211,0.0003449390,-0.0007650882,0.0000350656,-0.0008138594,0.0002137951,-0.0002563878,3177.02569114,3173.50106284,3176.04136779,3173.34629111,3176.60907082,3175.11583457
eth4h:row14869:1720915200,2024-07-14 00:00:00,3172.75000000,0.01417847,-0.05754653,-0.02065965,-0.07285698,-0.02845848,-0.05713608,0.0004221922,-0.0008283999,0.0000359895,-0.0008343435,0.0001763186,-0.0002360186,3174.08979300,3170.12278255,3172.86418767,3170.10394070,3173.30946414,3172.00126027
eth4h:row14870:1720929600,2024-07-14 04:00:00,3195.40000000,0.00558789,-0.05086146,-0.01965144,-0.07546748,-0.02676044,-0.06063136,0.0002549092,-0.0006982227,0.0000556222,-0.0008851774,0.0002093842,-0.0003040816,3196.21464067,3193.16967778,3195.57774025,3192.57275553,3196.06913647,3194.42848546
eth4h:row14871:1720944000,2024-07-14 08:00:00,3202.84000000,-0.00033956,-0.04553832,-0.02459517,-0.07334012,-0.03067303,-0.06018967,0.0001394850,-0.0005945661,-0.0000406462,-0.0008437516,0.0001331949,-0.0002954807,3203.28677942,3200.93626607,3202.70981940,3200.13873836,3203.26663022,3201.89376238
eth4h:row14872:1720958400,2024-07-14 12:00:00,3190.48000000,0.00581623,-0.04988755,-0.02748903,-0.07186833,-0.03448667,-0.05951989,0.0002593557,-0.0006792579,-0.0000969980,-0.0008150917,0.0000589326,-0.0002824382,3191.30757658,3188.31357698,3190.17054495,3187.88052571,3190.66802886,3189.57901370
eth4h:row14873:1720972800,2024-07-14 16:00:00,3190.90000000,0.00376553,-0.04774147,-0.03232285,-0.06808321,-0.03815697,-0.05496127,0.0002194228,-0.0006374677,-0.0001911261,-0.0007413847,-0.0000125386,-0.0001936689,3191.60023310,3188.86655261,3190.29019396,3188.53519223,3190.85999068,3190.28208173
eth4h:row14874:1720987200,2024-07-14 20:00:00,3245.08000000,0.00692518,-0.05109341,-0.02444550,-0.07413258,-0.03048184,-0.05981969,0.0002809500,-0.0007027395,-0.0000377317,-0.0008591830,0.0001369180,-0.0002882761,3245.99183340,3242.80035522,3244.95755978,3242.29307975,3245.52434028,3244.14465574
eth4h:row14875:1721001600,2024-07-15 00:00:00,3329.37000000,0.00698144,-0.05253257,-0.01876106,-0.07819808,-0.02601226,-0.06159850,0.0002820457,-0.0007307639,0.0000729604,-0.0009383498,0.0002239533,-0.0003229146,3330.30916693,3326.93790531,3329.61292088,3326.24735151,3330.11570685,3328.29507128
eth4h:row14876:1721016000,2024-07-15 04:00:00,3355.95000000,0.00116033,-0.04844381,-0.02341309,-0.07431930,-0.03263041,-0.05715891,0.0001686922,-0.0006511442,-0.0000176278,-0.0008628191,0.0000950791,-0.0002364632,3356.51617028,3353.76550407,3355.89084267,3353.05567099,3356.26909595,3355.15653527
eth4h:row14877:1721030400,2024-07-15 08:00:00,3339.68000000,0.00055189,-0.05089498,-0.02609339,-0.07202713,-0.03954709,-0.05206797,0.0001568440,-0.0006988753,-0.0000698208,-0.0008181840,-0.0000396083,-0.0001373282,3340.20385000,3337.34679546,3339.44682890,3336.94864465,3339.54772368,3339.22139938
eth4h:row14878:1721044800,2024-07-15 12:00:00,3367.83000000,0.00006409,-0.04822327,-0.02618584,-0.06972012,-0.03981426,-0.05198248,0.0001473451,-0.0006468497,-0.0000716210,-0.0007732600,-0.0000448108,-0.0001356635,3368.32626984,3365.65222470,3367.58880116,3365.22679854,3367.67908811,3367.37313950
eth4h:row14879:1721059200,2024-07-15 16:00:00,3406.00000000,0.00586618,-0.05116302,-0.02222320,-0.07488367,-0.03564516,-0.05461132,0.0002603284,-0.0007040949,0.0000055427,-0.0008738089,0.0000363734,-0.0001868543,3406.88679386,3403.60269695,3406.01887862,3403.02510668,3406.12388993,3405.36363367
eth4h:row14880:1721073600,2024-07-15 20:00:00,3483.39000000,0.00746674,-0.05427122,-0.02357438,-0.07454938,-0.03697544,-0.05397315,0.0002914959,-0.0007646204,-0.0000207685,-0.0008672993,0.0000104692,-0.0001744273,3484.40554187,3480.72754691,3483.31765587,3480.37016798,3483.42646850,3482.78245471
eth4h:row14881:1721088000,2024-07-16 00:00:00,3469.51000000,0.00829984,-0.05701803,-0.02678039,-0.07384041,-0.03976493,-0.05088156,0.0003077186,-0.0008181085,-0.0000831987,-0.0008534937,-0.0000438501,-0.0001142253,3470.57779704,3466.67272508,3469.22135316,3466.55005838,3469.35786502,3469.11371688
eth4h:row14882:1721102400,2024-07-16 04:00:00,3376.80000000,0.00735606,-0.05794160,-0.02508404,-0.07406682,-0.04032203,-0.05271768,0.0002893405,-0.0008360931,-0.0000501660,-0.0008579025,-0.0000546985,-0.0001499798,3377.77718644,3373.97786069,3376.63060363,3373.90427708,3376.61529932,3376.29358628
eth4h:row14883:1721116800,2024-07-16 08:00:00,3419.79000000,0.00491835,-0.05002499,-0.02604559,-0.07374188,-0.04096025,-0.05110749,0.0002418714,-0.0006819342,-0.0000688900,-0.0008515751,-0.0000671265,-0.0001186248,3420.61724934,3417.45872335,3419.55441886,3416.87903157,3419.56044921,3419.38435213
eth4h:row14884:1721131200,2024-07-16 12:00:00,3476.25000000,0.01164002,-0.05408762,-0.02407899,-0.07647419,-0.04086169,-0.04762583,0.0003727615,-0.0007610453,-0.0000305948,-0.0009047809,-0.0000652072,-0.0000508271,3477.54605364,3473.60542288,3476.14364654,3473.10617789,3476.02333096,3476.07331688
eth4h:row14885:1721145600,2024-07-16 16:00:00,3474.40000000,0.00729484,-0.05465551,-0.02775630,-0.07126275,-0.04714412,-0.04285852,0.0002881485,-0.0007721036,-0.0001022024,-0.0008032993,-0.0001875440,0.0000420061,3475.40128745,3471.71843877,3474.04492608,3471.61013762,3473.74845822,3474.54594893
eth4h:row14886:1721160000,2024-07-16 20:00:00,3444.13000000,0.00767637,-0.05366394,-0.02373853,-0.07575920,-0.03867280,-0.04999015,0.0002955780,-0.0007527949,-0.0000239650,-0.0008908580,-0.0000225834,-0.0000968671,3445.14815943,3441.53825212,3444.04746235,3441.06313534,3444.05222074,3443.79639312
eth4h:row14887:1721174400,2024-07-17 00:00:00,3480.25000000,0.00652922,-0.05010846,-0.02388200,-0.07754207,-0.03963814,-0.05135000,0.0002732397,-0.0006835597,-0.0000267588,-0.0009255755,-0.0000413812,-0.0001233473,3481.20107234,3477.87185431,3480.15687409,3477.03025622,3480.10598608,3479.82074707
eth4h:row14888:1721188800,2024-07-17 04:00:00,3486.22000000,0.00841231,-0.05014622,-0.02628812,-0.07740924,-0.04687189,-0.04391473,0.0003099088,-0.0006842950,-0.0000736127,-0.0009229889,-0.0001822429,0.0000214387,3487.30057764,3483.83521324,3485.96337921,3483.00374207,3485.58471897,3486.29474072
eth4h:row14889:1721203200,2024-07-17 08:00:00,3449.03000000,0.00985635,-0.05189079,-0.03020116,-0.07653072,-0.04762663,-0.04123922,0.0003380284,-0.0007182667,-0.0001498108,-0.0009058818,-0.0001969398,0.0000735383,3450.19606709,3446.55356619,3448.51333660,3445.90700130,3448.35081566,3449.28364520
eth4h:row14890:1721217600,2024-07-17 12:00:00,3437.17000000,0.00866456,-0.05041987,-0.02575805,-0.07542704,-0.04208865,-0.04543541,0.0003148207,-0.0006896236,-0.0000632909,-0.0008843899,-0.0000890996,-0.0000081733,3438.25226278,3434.80046355,3436.95246532,3434.13154530,3436.86376317,3437.14190724
eth4h:row14891:1721232000,2024-07-17 16:00:00,3416.79000000,0.00867600,-0.04988822,-0.02310916,-0.07761675,-0.03844281,-0.04777565,0.0003150436,-0.0006792710,-0.0000117095,-0.0009270298,-0.0000181046,-0.0000537444,3417.86660739,3414.46986173,3416.74999138,3413.62400156,3416.72814077,3416.60637154
eth4h:row14892:1721246400,2024-07-17 20:00:00,3387.05000000,0.00417967,-0.04625887,-0.02548119,-0.08118044,-0.04474743,-0.04349420,0.0002274872,-0.0006085971,-0.0000578996,-0.0009964249,-0.0001408735,0.0000296275,3387.82059806,3384.98927826,3386.85389692,3383.67673988,3386.57288789,3387.15035130
eth4h:row14893:1721260800,2024-07-18 00:00:00,3431.40000000,-0.00076871,-0.04096653,-0.02724763,-0.07835326,-0.04772057,-0.03999073,0.0001311282,-0.0005055402,-0.0000922972,-0.0009413716,-0.0001987691,0.0000978500,3431.84998282,3429.66572773,3431.08330586,3428.17129729,3430.71801133,3431.73577905
eth4h:row14894:1721275200,2024-07-18 04:00:00,3433.00000000,-0.00228750,-0.04047962,-0.03073588,-0.07601650,-0.04827577,-0.04380103,0.0001015531,-0.0004960587,-0.0001602232,-0.0008958684,-0.0002095804,0.0000236527,3433.34864959,3431.29745285,3432.44999771,3429.92586107,3432.28058599,3433.08120051
eth4h:row14895:1721289600,2024-07-18 08:00:00,3458.83000000,0.00249268,-0.04607393,-0.02718338,-0.07808794,-0.04616118,-0.04621395,0.0001946367,-0.0006049958,-0.0000910460,-0.0009362052,-0.0001684034,-0.0000233337,3459.50328070,3456.73805509,3458.51510157,3455.59334069,3458.24757044,3458.74929378
eth4h:row14896:1721304000,2024-07-18 12:00:00,3389.28000000,0.00500725,-0.04807617,-0.02216354,-0.08380254,-0.04378378,-0.04174223,0.0002436025,-0.0006439851,0.0000067046,-0.0010474846,-0.0001221087,0.0000637434,3390.10573770,3387.09805672,3389.30272375,3385.73164015,3388.86616480,3389.49605116
eth4h:row14897:1721318400,2024-07-18 16:00:00,3405.60000000,0.00596545,-0.04647510,-0.02269968,-0.08704323,-0.04291431,-0.04256663,0.0002622615,-0.0006128077,-0.0000037357,-0.0011105900,-0.0001051775,0.0000476899,3406.49327480,3403.51366126,3405.58727782,3401.81987407,3405.24182629,3405.76241650
eth4h:row14898:1721332800,2024-07-18 20:00:00,3426.50000000,0.00047548,-0.03875218,-0.02098962,-0.08699600,-0.03518689,-0.04989452,0.0001553561,-0.0004624207,0.0000295640,-0.0011096705,0.0000452973,-0.0000950048,3427.03236891,3424.91588184,3426.60130254,3422.69982294,3426.65521482,3426.17448135
eth4h:row14899:1721347200,2024-07-19 00:00:00,3429.59000000,0.00257231,-0.04719390,-0.01913860,-0.08838649,-0.03686201,-0.05007576,0.0001961873,-0.0006268049,0.0000656087,-0.0011367472,0.0000126780,-0.0000985342,3430.26290813,3427.44098987,3429.81501818,3425.69363812,3429.63348048,3429.25208488
eth4h:row14900:1721361600,2024-07-19 04:00:00,3391.59000000,0.00589384,-0.05093935,-0.01819774,-0.09069581,-0.04181623,-0.04636999,0.0002608669,-0.0006997394,0.0000839299,-0.0011817163,-0.0000837947,-0.0000263723,3392.47486907,3389.21760082,3391.87466763,3387.58447004,3391.30581447,3391.50055715
eth4h:row14901:1721376000,2024-07-19 08:00:00,3404.54000000,-0.00206776,-0.03890191,-0.01882091,-0.09009585,-0.03918129,-0.04608209,0.0001058319,-0.0004653363,0.0000717950,-0.0011700332,-0.0000324851,-0.0000207660,3404.90032816,3402.95611255,3404.78443786,3400.55890446,3404.42940504,3404.46930218
eth4h:row14902:1721390400,2024-07-19 12:00:00,3465.00000000,0.00197692,-0.04135072,-0.01172456,-0.09245129,-0.03455013,-0.05077786,0.0001845934,-0.0005130216,0.0002099811,-0.0012159004,0.0000576968,-0.0001122060,3465.63967512,3463.22283602,3465.72766094,3460.78946548,3465.19992514,3464.61122801
eth4h:row14903:1721404800,2024-07-19 16:00:00,3522.97000000,0.00784303,-0.04584676,-0.01195714,-0.09340970,-0.03481805,-0.04811593,0.0002988232,-0.0006005722,0.0002054522,-0.0012345634,0.0000524796,-0.0000603707,3524.02290251,3520.85483724,3523.69387619,3518.62335382,3523.15488880,3522.75732227
eth4h:row14904:1721419200,2024-07-19 20:00:00,3503.53000000,0.00288464,-0.04285167,-0.01898846,-0.09129372,-0.03711541,-0.04521944,0.0002022693,-0.0005422494,0.0000685324,-0.0011933593,0.0000077435,-0.0000039679,3504.23872807,3501.63072810,3503.77011352,3499.35152371,3503.55712972,3503.51609853
eth4h:row14905:1721433600,2024-07-20 00:00:00,3495.01000000,0.00021030,-0.04180221,-0.01514980,-0.09288137,-0.03734373,-0.04923972,0.0001501922,-0.0005218134,0.0001432820,-0.0012242752,0.0000032976,-0.0000822540,3495.53496279,3493.18673266,3495.51080773,3490.73376408,3495.02152501,3494.72253328
eth4h:row14906:1721448000,2024-07-20 04:00:00,3487.40000000,0.00116647,-0.04143120,-0.01259395,-0.09600306,-0.03479542,-0.05230059,0.0001688117,-0.0005145888,0.0001930516,-0.0012850634,0.0000529203,-0.0001418580,3487.98876373,3485.60588465,3488.07331298,3482.92134833,3487.58455925,3486.90531960
eth4h:row14907:1721462400,2024-07-20 08:00:00,3484.81000000,0.00466360,-0.03846325,-0.01694658,-0.09033825,-0.03872550,-0.04567183,0.0002369107,-0.0004567943,0.0001082935,-0.0011747534,-0.0000236094,-0.0000127771,3485.63568644,3483.21852210,3485.18740278,3480.71861122,3484.72772661,3484.76547465
eth4h:row14908:1721476800,2024-07-20 12:00:00,3503.72000000,0.00302450,-0.03869106,-0.01884761,-0.08798884,-0.04077773,-0.04149946,0.0002049928,-0.0004612304,0.0000712751,-0.0011290038,-0.0000635722,0.0000684708,3504.43831089,3502.10435041,3503.96973675,3499.76651899,3503.49726781,3503.95991082
eth4h:row14909:1721491200,2024-07-20 16:00:00,3514.45000000,0.00142104,-0.04150371,-0.01272854,-0.09400424,-0.03377467,-0.05088113,0.0001737690,-0.0005160008,0.0001904308,-0.0012461408,0.0000727971,-0.0001142169,3515.06075539,3512.63700890,3515.11932310,3510.07322802,3514.70585117,3514.04861346
eth4h:row14910:1721505600,2024-07-20 20:00:00,3517.50000000,-0.00117974,-0.04000951,-0.00648370,-0.09646153,-0.03098385,-0.05548478,0.0001231242,-0.0004869045,0.0003120355,-0.0012939912,0.0001271424,-0.0002038631,3517.93311608,3515.78773043,3518.59775610,3512.95132940,3517.94725178,3516.78298469
eth4h:row14911:1721520000,2024-07-21 00:00:00,3510.47000000,-0.00712862,-0.03276138,-0.01390251,-0.09427670,-0.04154336,-0.05026998,0.0000072828,-0.0003457627,0.0001675702,-0.0012514462,-0.0000784813,-0.0001023162,3510.49556612,3509.25642014,3511.05829933,3506.07958326,3510.19450442,3510.11084039
eth4h:row14912:1721534400,2024-07-21 04:00:00,3485.01000000,-0.00669925,-0.03378248,-0.01877907,-0.09082516,-0.04537447,-0.04795577,0.0000156437,-0.0003656465,0.0000726098,-0.0011842349,-0.0001530838,-0.0000572520,3485.06451885,3483.73595129,3485.26305517,3480.88537214,3484.47654225,3484.81048202
eth4h:row14913:1721548800,2024-07-21 08:00:00,3498.79000000,-0.00163346,-0.03887588,-0.01024124,-0.09456366,-0.03577493,-0.05382376,0.0001142892,-0.0004648294,0.0002388656,-0.0012570343,0.0000338464,-0.0001715184,3499.18989669,3497.16403760,3499.62584035,3494.39466409,3498.90842357,3498.18994475
eth4h:row14914:1721563200,2024-07-21 12:00:00,3499.95000000,0.00800342,-0.04849097,-0.00674769,-0.09691074,-0.03116455,-0.05602520,0.0003019466,-0.0006520625,0.0003068949,-0.0013027386,0.0001236237,-0.0002143866,3501.00695749,3497.66855763,3501.02428156,3495.39344851,3500.38270339,3499.19973803
eth4h:row14915:1721577600,2024-07-21 16:00:00,3490.72000000,0.00329606,-0.04774590,-0.00213483,-0.10261375,-0.02841868,-0.05607563,0.0002102808,-0.0006375538,0.0003967204,-0.0014137923,0.0001770935,-0.0002153685,3491.45410854,3488.49518732,3492.10511463,3485.78833396,3491.33823852,3489.96828970
eth4h:row14916:1721592000,2024-07-21 20:00:00,3535.92000000,-0.00121741,-0.04011381,-0.00683728,-0.09943783,-0.03022945,-0.05490067,0.0001223907,-0.0004889354,0.0003051504,-0.0013519482,0.0001418327,-0.0001924888,3536.35279009,3534.19158629,3536.99915200,3531.14284919,3536.42154471,3535.23944053
eth4h:row14917:1721606400,2024-07-22 00:00:00,3517.33000000,0.00548763,-0.04439546,-0.00834337,-0.09680584,-0.02750338,-0.05658104,0.0002529569,-0.0005723113,0.0002758225,-0.0013006959,0.0001949171,-0.0002252104,3518.21984560,3515.31756811,3518.30029268,3512.75799745,3518.01565442,3516.53794972
eth4h:row14918:1721620800,2024-07-22 04:00:00,3478.89000000,0.00046272,-0.04181562,-0.01702168,-0.08454971,-0.03694023,-0.05141651,0.0001551077,-0.0005220746,0.0001068311,-0.0010620342,0.0000111547,-0.0001246423,3479.42964441,3477.07423406,3479.26167341,3475.19726110,3478.92880627,3478.45641014
eth4h:row14919:1721635200,2024-07-22 08:00:00,3500.31000000,0.00513578,-0.04677203,-0.01276108,-0.08982673,-0.03231765,-0.05375647,0.0002461055,-0.0006185899,0.0001897970,-0.0011647928,0.0001011695,-0.0001702080,3501.17155156,3498.14541307,3500.97441149,3496.23523764,3500.66414237,3499.71427008
eth4h:row14920:1721649600,2024-07-22 12:00:00,3457.15000000,0.00039531,-0.04413791,-0.01181093,-0.09035312,-0.03436563,-0.05397189,0.0001537950,-0.0005672961,0.0002082993,-0.0011750430,0.0000612895,-0.0001744029,3457.68173314,3455.18932859,3457.87019692,3453.09008585,3457.36189349,3456.54711553
eth4h:row14921:1721664000,2024-07-22 16:00:00,3498.14000000,-0.00180518,-0.04385808,-0.01279387,-0.08804391,-0.03720654,-0.05321921,0.0001109453,-0.0005618470,0.0001891587,-0.0011300763,0.0000059690,-0.0001597460,3498.52812367,3496.17513254,3498.80176607,3494.18906789,3498.16088042,3497.58123092
eth4h:row14922:1721678400,2024-07-22 20:00:00,3439.60000000,-0.00053059,-0.04408459,-0.02251079,-0.08147815,-0.04041748,-0.05031874,0.0001357651,-0.0005662578,-0.0000000575,-0.0010022222,-0.0000565571,-0.0001032656,3440.06700930,3437.65285085,3439.59980222,3436.15448348,3439.40547162,3439.24482585
eth4h:row14923:1721692800,2024-07-23 00:00:00,3474.99000000,-0.00074570,-0.04545155,-0.02363565,-0.07842603,-0.04027586,-0.05008733,0.0001315762,-0.0005928764,-0.0000219617,-0.0009427888,-0.0000537995,-0.0000987593,3475.44725614,3472.93037104,3474.91368416,3471.71536216,3474.80305227,3474.64682926
eth4h:row14924:1721707200,2024-07-23 04:00:00,3454.84000000,0.00359882,-0.05112399,-0.01475259,-0.08951907,-0.03462955,-0.05403499,0.0002161764,-0.0007033349,0.0001510167,-0.0011588017,0.0000561502,-0.0001756315,3455.58693568,3452.41094472,3455.36177782,3450.83884419,3455.03399538,3454.23327460
eth4h:row14925:1721721600,2024-07-23 08:00:00,3516.00000000,0.00465373,-0.05336571,-0.01058295,-0.09528057,-0.02777726,-0.05874487,0.0002367186,-0.0007469875,0.0002322115,-0.0012709946,0.0001895838,-0.0002673463,3516.83240101,3513.37457269,3516.81655028,3511.53402182,3516.66663971,3515.06013600
eth4h:row14926:1721736000,2024-07-23 12:00:00,3454.38000000,0.00088657,-0.05055670,-0.01324758,-0.09013139,-0.03204393,-0.05638625,0.0001633612,-0.0006922882,0.0001803236,-0.0011707253,0.0001064997,-0.0002214174,3454.94435782,3451.98940099,3455.00296250,3450.33823630,3454.74791001,3453.61522492
eth4h:row14927:1721750400,2024-07-23 16:00:00,3457.03000000,0.00126101,-0.05167386,-0.01370027,-0.09141818,-0.03090800,-0.05710389,0.0001706526,-0.0007140424,0.0001715083,-0.0011957828,0.0001286195,-0.0002353919,3457.62000135,3454.56241508,3457.62296028,3452.89861377,3457.47467002,3456.21633904
eth4h:row14928:1721764800,2024-07-23 20:00:00,3482.51000000,0.00173477,-0.05024353,-0.01043609,-0.09222883,-0.02851313,-0.05744305,0.0001798782,-0.0006861898,0.0002350714,-0.0012115685,0.0001752544,-0.0002419961,3483.13648382,3480.12115698,3483.32873456,3478.29325565,3483.12037870,3481.66734819
eth4h:row14929:1721779200,2024-07-24 00:00:00,3448.36000000,0.00156827,-0.05328095,-0.00666764,-0.09098177,-0.02790401,-0.05662993,0.0001766358,-0.0007453370,0.0003084537,-0.0011872846,0.0001871156,-0.0002261625,3448.96915769,3445.79076725,3449.42382332,3444.26824478,3449.00530232,3447.58019850
eth4h:row14930:1721793600,2024-07-24 04:00:00,3446.69000000,0.00350911,-0.05220397,-0.01131335,-0.09159179,-0.02964505,-0.05637071,0.0002144296,-0.0007243651,0.0002179886,-0.0011991635,0.0001532127,-0.0002211147,3447.42915164,3444.19424199,3447.44142097,3442.55933233,3447.21811703,3445.92797033
eth4h:row14931:1721808000,2024-07-24 08:00:00,3459.63000000,0.00203479,-0.04959621,-0.01063689,-0.09054001,-0.02567911,-0.05813430,0.0001857204,-0.0006735846,0.0002311610,-0.0011786823,0.0002304407,-0.0002554567,3460.27258353,3457.30043125,3460.42982414,3455.55459768,3460.42733148,3458.74632727
eth4h:row14932:1721822400,2024-07-24 12:00:00,3414.87000000,0.00583811,-0.05617814,-0.00933423,-0.09025812,-0.03149092,-0.05443854,0.0002597817,-0.0008017535,0.0002565275,-0.0011731932,0.0001172683,-0.0001834898,3415.75723596,3412.13321331,3415.74612053,3410.86604697,3415.27047935,3414.24346362
eth4h:row14933:1721836800,2024-07-24 16:00:00,3363.00000000,0.00965233,-0.06117398,-0.01316133,-0.09119079,-0.03308145,-0.05484673,0.0003340554,-0.0008990366,0.0001820031,-0.0011913548,0.0000862962,-0.0001914384,3364.12361597,3359.97789847,3363.61213220,3358.99585949,3363.29022655,3362.35625433
eth4h:row14934:1721851200,2024-07-24 20:00:00,3335.81000000,0.00313873,-0.05061884,-0.01487264,-0.08775459,-0.03228920,-0.05095277,0.0002072172,-0.0006934982,0.0001486791,-0.0011244424,0.0001017235,-0.0001156120,3336.50130882,3333.49742367,3336.30600202,3332.06118200,3336.14934763,3335.42436265
eth4h:row14935:1721865600,2024-07-25 00:00:00,3168.30000000,0.00109209,-0.05492751,-0.01601567,-0.08576602,-0.03872026,-0.05090196,0.0001673632,-0.0007774003,0.0001264209,-0.0010857192,-0.0000235074,-0.0001146225,3168.83030124,3165.83791983,3168.70056463,3164.86198269,3168.22552228,3167.93686228
eth4h:row14936:1721880000,2024-07-25 04:00:00,3171.84000000,0.00161744,-0.05559877,-0.02240929,-0.08321044,-0.04000780,-0.04885151,0.0001775934,-0.0007904715,0.0000019191,-0.0010359548,-0.0000485795,-0.0000746945,3172.40334779,3169.33374166,3171.84608715,3168.55581862,3171.68591723,3171.60308971
eth4h:row14937:1721894400,2024-07-25 08:00:00,3172.50000000,-0.00289713,-0.04634500,-0.02301880,-0.08026935,-0.03555732,-0.05009530,0.0000896818,-0.0006102743,-0.0000099499,-0.0009786835,0.0000380839,-0.0000989146,3172.78452820,3170.56449546,3172.46843408,3169.39664556,3172.62082348,3172.18620905
eth4h:row14938:1721908800,2024-07-25 12:00:00,3142.28000000,-0.00109129,-0.05175406,-0.01947930,-0.08386865,-0.03843039,-0.05175947,0.0001248466,-0.0007156041,0.0000589743,-0.0010487721,-0.0000178629,-0.0001313208,3142.67232762,3140.03217596,3142.46531910,3138.98619201,3142.22387014,3141.86738033
eth4h:row14939:1721923200,2024-07-25 16:00:00,3123.88000000,-0.00085001,-0.05465291,-0.01707509,-0.08941045,-0.03349412,-0.05472911,0.0001295450,-0.0007720531,0.0001057911,-0.0011566867,0.0000782603,-0.0001891481,3124.28470940,3121.46912965,3124.21049623,3120.26873855,3124.12448524,3123.28917995
eth4h:row14940:1721937600,2024-07-25 20:00:00,3175.48000000,0.00099714,-0.04917936,-0.01673153,-0.08585057,-0.03077038,-0.05380490,0.0001655143,-0.0006654674,0.0001124812,-0.0010873656,0.0001312993,-0.0001711510,3176.00563073,3173.36752448,3175.83720197,3172.02896899,3175.89696578,3174.93655992
eth4h:row14941:1721952000,2024-07-26 00:00:00,3236.21000000,0.00114072,-0.04909839,-0.01924851,-0.08107646,-0.03730065,-0.04969098,0.0001683103,-0.0006638907,0.0000634684,-0.0009944001,0.0000041364,-0.0000910414,3236.75473339,3234.06222346,3236.41540353,3232.99351189,3236.22338639,3235.91538418
eth4h:row14942:1721966400,2024-07-26 04:00:00,3251.00000000,-0.00522875,-0.04630819,-0.01959857,-0.08247623,-0.03556149,-0.05343582,0.0000442786,-0.0006095576,0.0000566518,-0.0010216576,0.0000380027,-0.0001639641,3251.14395299,3249.01893217,3251.18418008,3247.68028716,3251.12354898,3250.46699633
eth4h:row14943:1721980800,2024-07-26 08:00:00,3246.86000000,0.00207127,-0.04905452,-0.01215914,-0.08381052,-0.02907144,-0.05348604,0.0001864307,-0.0006630364,0.0002015187,-0.0010476401,0.0001643824,-0.0001649420,3247.46537090,3244.70792718,3247.51436879,3243.46024034,3247.39377048,3246.32450061
eth4h:row14944:1721995200,2024-07-26 12:00:00,3255.02000000,-0.00024926,-0.04379264,-0.02344545,-0.07535897,-0.04068112,-0.04689854,0.0001412435,-0.0005605726,-0.0000182580,-0.0008830644,-0.0000616909,-0.0000366646,3255.47978275,3253.19583635,3254.96057040,3252.14687639,3254.81920102,3254.90065833
eth4h:row14945:1722009600,2024-07-26 16:00:00,3274.19000000,-0.00413661,-0.04179443,-0.02572944,-0.07893965,-0.04005486,-0.05123316,0.0000655456,-0.0005216619,-0.0000627338,-0.0009527903,-0.0000494959,-0.0001210721,3274.40461582,3272.48242512,3273.98460415,3271.07186913,3274.02794508,3273.79361099
eth4h:row14946:1722024000,2024-07-26 20:00:00,3274.61000000,-0.00128846,-0.04208474,-0.02388545,-0.07613187,-0.03390003,-0.05170543,0.0001210071,-0.0005273150,-0.0000268261,-0.0008981149,0.0000703561,-0.0001302684,3275.00627519,3272.88370424,3274.52215625,3271.67034438,3274.84039686,3274.18344966
eth4h:row14947:1722038400,2024-07-27 00:00:00,3245.00000000,0.00644005,-0.04931127,-0.02619490,-0.07688062,-0.04056414,-0.04716586,0.0002715033,-0.0006680360,-0.0000717975,-0.0009126952,-0.0000594131,-0.0000418702,3245.88114789,3242.83294713,3244.76702561,3242.03965518,3244.80721022,3244.86413415
eth4h:row14948:1722052800,2024-07-27 04:00:00,3272.31000000,-0.00817572,-0.03636289,-0.03481236,-0.07475790,-0.04507121,-0.04891457,-0.0000131073,-0.0004158943,-0.0002396039,-0.0008713599,-0.0001471785,-0.0000759225,3272.26710911,3270.94934794,3271.52603572,3269.45988212,3271.82842192,3272.06156736
eth4h:row14949:1722067200,2024-07-27 08:00:00,3278.41000000,-0.00514351,-0.03855707,-0.02138808,-0.08163026,-0.03391313,-0.05289275,0.0000459384,-0.0004586212,0.0000218049,-0.0010051842,0.0000701010,-0.0001533890,3278.56060832,3276.90679634,3278.48148621,3275.11624972,3278.63982798,3277.90716668
eth4h:row14950:1722081600,2024-07-27 12:00:00,3280.97000000,-0.00103437,-0.04306813,-0.02337172,-0.07952972,-0.03918931,-0.05107976,0.0001259551,-0.0005464643,-0.0000168222,-0.0009642807,-0.0000326412,-0.0001180848,3281.38328090,3279.17755671,3280.91480719,3277.80774888,3280.86290698,3280.58259017
eth4h:row14951:1722096000,2024-07-27 16:00:00,3261.00000000,-0.01067554,-0.03417309,-0.02509728,-0.08174604,-0.04084427,-0.05038262,-0.0000617859,-0.0003732527,-0.0000504237,-0.0010074388,-0.0000648680,-0.0001045096,3260.79852248,3259.78305022,3260.83557249,3257.71639632,3260.78847242,3260.65921204
eth4h:row14952:1722110400,2024-07-27 20:00:00,3249.01000000,-0.00505548,-0.03796254,-0.01203951,-0.08789970,-0.02915167,-0.05483883,0.0000476527,-0.0004470441,0.0002038481,-0.0011272680,0.0001628201,-0.0001912846,3249.16482777,3247.55787386,3249.67237210,3245.34955850,3249.53904729,3248.38857387
eth4h:row14953:1722124800,2024-07-28 00:00:00,3237.70000000,0.00447721,-0.04681554,-0.01373705,-0.08643284,-0.03300646,-0.05257558,0.0002332812,-0.0006194372,0.0001707922,-0.0010987042,0.0000877564,-0.0001472127,3238.45538278,3235.69506916,3238.25302110,3234.14467899,3237.98414150,3237.22340442
eth4h:row14954:1722139200,2024-07-28 04:00:00,3227.69000000,-0.00285607,-0.04158403,-0.01879200,-0.08446442,-0.03404495,-0.05403499,0.0000904815,-0.0005175648,0.0000723580,-0.0010603733,0.0000675341,-0.0001756315,3227.98205939,3226.01989360,3227.92355753,3224.26925772,3227.90798637,3227.12316578
eth4h:row14955:1722153600,2024-07-28 08:00:00,3256.46000000,-0.00141983,-0.04166269,-0.01289978,-0.08730307,-0.02766775,-0.05642282,0.0001184490,-0.0005190966,0.0001870961,-0.0011156500,0.0001917162,-0.0002221294,3256.84574736,3254.77002146,3257.06932812,3252.82895634,3257.08437602,3255.73672468
eth4h:row14956:1722168000,2024-07-28 12:00:00,3268.61000000,0.00670106,-0.04727824,-0.01451799,-0.08437476,-0.02840269,-0.05769549,0.0002765859,-0.0006284472,0.0001555851,-0.0010586273,0.0001774050,-0.0002469118,3269.51417648,3266.55649646,3269.11858648,3265.15159100,3269.18991914,3267.80304119
eth4h:row14957:1722182400,2024-07-28 16:00:00,3271.85000000,-0.00278567,-0.04035427,-0.02706423,-0.07522340,-0.03986699,-0.05096617,0.0000918522,-0.0004936178,-0.0000887259,-0.0008804245,-0.0000458376,-0.0001158729,3272.15054054,3270.23535517,3271.55971519,3268.97065087,3271.70002971,3271.47090337
eth4h:row14958:1722196800,2024-07-28 20:00:00,3270.16000000,0.00061054,-0.04627211,-0.02273962,-0.07635142,-0.03946917,-0.04847527,0.0001579861,-0.0006088551,-0.0000045133,-0.0009023902,-0.0000380908,-0.0000673681,3270.67668079,3268.16955248,3270.14524075,3267.21037075,3270.03543925,3269.93970297
eth4h:row14959:1722211200,2024-07-29 00:00:00,3348.98000000,-0.00061362,-0.03977235,-0.02797410,-0.07102111,-0.04226970,-0.04895980,0.0001341483,-0.0004822862,-0.0001064435,-0.0007985939,-0.0000926251,-0.0000768032,3349.42929001,3347.36522274,3348.62354179,3346.30659251,3348.66981462,3348.72279752
eth4h:row14960:1722225600,2024-07-29 04:00:00,3366.91000000,-0.00634282,-0.03631653,-0.03185758,-0.06807078,-0.04561012,-0.04867794,0.0000225845,-0.0004149916,-0.0001820659,-0.0007411427,-0.0001576727,-0.0000713147,3366.98604087,3365.51305061,3366.29705626,3364.41556365,3366.37917218,3366.66989849
eth4h:row14961:1722240000,2024-07-29 08:00:00,3375.00000000,-0.00440710,-0.03961021,-0.03218540,-0.06683592,-0.04402611,-0.04858602,0.0000602785,-0.0004791288,-0.0001884496,-0.0007170965,-0.0001268275,-0.0000695246,3375.20344601,3373.38332750,3374.36404250,3372.58066686,3374.57198425,3374.76536256
eth4h:row14962:1722254400,2024-07-29 12:00:00,3308.67000000,0.00085552,-0.04476720,-0.03375324,-0.06859353,-0.04478107,-0.04867511,0.0001627565,-0.0005795502,-0.0002189799,-0.0007513221,-0.0001415287,-0.0000712595,3309.20855140,3306.75301535,3307.94554705,3306.18505673,3308.20176125,3308.43423411
eth4h:row14963:1722268800,2024-07-29 16:00:00,3311.02000000,-0.00611227,-0.03696245,-0.03493109,-0.06783408,-0.04483253,-0.05105752,0.0000270740,-0.0004275695,-0.0002419159,-0.0007365334,-0.0001425307,-0.0001176519,3311.10964373,3309.60461151,3310.21910834,3308.58222105,3310.54811168,3310.63047521
eth4h:row14964:1722283200,2024-07-29 20:00:00,3317.66000000,-0.00483899,-0.03782520,-0.03256908,-0.06972747,-0.03981201,-0.05546304,0.0000518683,-0.0004443696,-0.0001959208,-0.0007734030,-0.0000447670,-0.0002034397,3317.83208570,3316.18606019,3317.01006490,3315.09510376,3317.51148158,3316.98512480
eth4h:row14965:1722297600,2024-07-30 00:00:00,3321.00000000,-0.00124316,-0.04179251,-0.03573832,-0.06570682,-0.04204428,-0.05152478,0.0001218893,-0.0005216245,-0.0002576349,-0.0006951096,-0.0000882356,-0.0001267507,3321.40481889,3319.26813673,3320.14450462,3318.69234312,3320.70698242,3320.57908770
eth4h:row14966:1722312000,2024-07-30 04:00:00,3340.90000000,-0.00546973,-0.03576969,-0.03529384,-0.06393370,-0.04218095,-0.04853868,0.0000395860,-0.0004043430,-0.0002489798,-0.0006605819,-0.0000908969,-0.0000686028,3341.03225558,3339.54940358,3340.06828695,3338.69379055,3340.59633635,3340.67081291
eth4h:row14967:1722326400,2024-07-30 08:00:00,3334.65000000,-0.00466936,-0.03884000,-0.02668199,-0.07139096,-0.03563616,-0.05726103,0.0000551715,-0.0004641306,-0.0000812825,-0.0008057959,0.0000365486,-0.0002384517,3334.83398281,3333.10264589,3334.37896243,3331.96403501,3334.77187910,3333.85494190
eth4h:row14968:1722340800,2024-07-30 12:00:00,3321.00000000,-0.00156229,-0.04306610,-0.02159521,-0.07357098,-0.03431544,-0.05954259,0.0001156750,-0.0005464249,0.0000177716,-0.0008482472,0.0000622669,-0.0002828802,3321.38417896,3319.18581870,3321.05901993,3318.18416555,3321.20679492,3320.06068784
eth4h:row14969:1722355200,2024-07-30 16:00:00,3272.79000000,-0.00225495,-0.04078406,-0.02509620,-0.07346606,-0.03627789,-0.05779738,0.0001021869,-0.0005019871,-0.0000504028,-0.0008462041,0.0000240524,-0.0002488960,3273.12445321,3271.14751391,3272.62504639,3270.02172309,3272.86871939,3271.97551707
eth4h:row14970:1722369600,2024-07-30 20:00:00,3279.21000000,-0.00072490,-0.04095015,-0.02744415,-0.07377325,-0.03621279,-0.05828165,0.0001319813,-0.0005052213,-0.0000961240,-0.0008521859,0.0000253201,-0.0002583262,3279.64282295,3277.55369164,3278.89480444,3276.41669379,3279.29303111,3278.36300370
eth4h:row14971:1722384000,2024-07-31 00:00:00,3294.01000000,0.00404472,-0.04760180,-0.02291414,-0.07612170,-0.03081884,-0.06103960,0.0002248594,-0.0006347479,-0.0000079118,-0.0008979170,0.0001303556,-0.0003120313,3294.75077242,3291.91979743,3293.98393866,3291.05358005,3294.43942051,3292.98232611
eth4h:row14972:1722398400,2024-07-31 04:00:00,3317.50000000,0.00750346,-0.05330688,-0.02697816,-0.07554111,-0.03396808,-0.05583941,0.0002922109,-0.0007458419,-0.0000870498,-0.0008866112,0.0000690309,-0.0002107688,3318.46955119,3315.02659198,3317.21122471,3314.55997103,3317.72901789,3316.80084822
eth4h:row14973:1722412800,2024-07-31 08:00:00,3322.87000000,-0.00006311,-0.04491723,-0.02854004,-0.07493250,-0.03447098,-0.05678581,0.0001448682,-0.0005824716,-0.0001174641,-0.0008747598,0.0000592380,-0.0002291979,3323.35141318,3320.93508629,3322.47970504,3319.96455780,3323.06684605,3322.10849232
eth4h:row14974:1722427200,2024-07-31 12:00:00,3302.36000000,-0.00972717,-0.03788318,-0.02858939,-0.07431325,-0.03569334,-0.05891661,-0.0000433184,-0.0004454987,-0.0001184251,-0.0008627013,0.0000354352,-0.0002706905,3302.21695005,3300.88913069,3301.96894077,3299.51227823,3302.47702202,3301.46620350
eth4h:row14975:1722441600,2024-07-31 16:00:00,3266.19000000,-0.00468509,-0.04117948,-0.03032383,-0.07086098,-0.03871264,-0.05601913,0.0000548651,-0.0005096870,-0.0001521995,-0.0007954758,-0.0000233592,-0.0002142685,3266.36920479,3264.52568959,3265.69292532,3263.59285805,3266.11370545,3265.49023332
eth4h:row14976:1722456000,2024-07-31 20:00:00,3232.74000000,-0.00522291,-0.03792308,-0.02878502,-0.07064278,-0.03987413,-0.05434906,0.0000443924,-0.0004462757,-0.0001222344,-0.0007912269,-0.0000459766,-0.0001817474,3232.88351217,3231.29762845,3232.34487196,3230.18318092,3232.59137307,3232.15251144
eth4h:row14977:1722470400,2024-08-01 00:00:00,3178.22000000,-0.00319110,-0.04208907,-0.02073958,-0.07829848,-0.03545446,-0.05572852,0.0000839573,-0.0005273994,0.0000344330,-0.0009403050,0.0000400869,-0.0002086094,3178.48684612,3176.54425051,3178.32943759,3175.23290850,3178.34740764,3177.55706270
eth4h:row14978:1722484800,2024-08-01 04:00:00,3166.81000000,0.00142802,-0.04970391,-0.01565411,-0.08229959,-0.02969905,-0.05912695,0.0001739048,-0.0006756819,0.0001334615,-0.0010182180,0.0001521611,-0.0002747865,3167.36077122,3164.67096649,3167.23267550,3163.58713821,3167.29190196,3165.93992288
eth4h:row14979:1722499200,2024-08-01 08:00:00,3188.39000000,0.00487412,-0.05024120,-0.01705935,-0.08129820,-0.02956997,-0.05827256,0.0002410102,-0.0006861445,0.0001060975,-0.0009987181,0.0001546747,-0.0002581492,3189.15852697,3186.20305411,3188.72829825,3185.20728675,3188.88320134,3187.56702606
eth4h:row14980:1722513600,2024-08-01 12:00:00,3117.18000000,0.00682111,-0.05451737,-0.01970908,-0.07843751,-0.03521539,-0.05381761,0.0002789235,-0.0007694137,0.0000544999,-0.0009430123,0.0000447424,-0.0001713985,3118.04957601,3114.78252146,3117.34989054,3114.24184665,3117.31947319,3116.64576575
eth4h:row14981:1722528000,2024-08-01 16:00:00,3131.64000000,0.00947572,-0.05872209,-0.01509389,-0.08376816,-0.03181369,-0.05500034,0.0003306163,-0.0008512915,0.0001443707,-0.0010468152,0.0001109831,-0.0001944297,3132.67554250,3128.97519578,3132.09214958,3128.36346696,3131.98757834,3131.03117528
eth4h:row14982:1722542400,2024-08-01 20:00:00,3203.40000000,0.00868143,-0.05282027,-0.01738360,-0.08117305,-0.02688852,-0.05943776,0.0003151492,-0.0007363662,0.0000997835,-0.0009962810,0.0002068901,-0.0002808388,3204.40970810,3201.04199286,3203.71966234,3200.21010276,3204.06282033,3202.50048720
eth4h:row14983:1722556800,2024-08-02 00:00:00,3168.27000000,0.00724150,-0.05527012,-0.01900330,-0.07900305,-0.03288355,-0.05543920,0.0002871097,-0.0007840718,0.0000682434,-0.0009540250,0.0000901499,-0.0002029755,3169.17977168,3165.78682240,3168.48622084,3165.24883260,3168.55563208,3167.62698420
eth4h:row14984:1722571200,2024-08-02 04:00:00,3147.42000000,0.00147523,-0.05402669,-0.02657154,-0.07633822,-0.03836829,-0.05258503,0.0001748240,-0.0007598588,-0.0000791317,-0.0009021331,-0.0000166537,-0.0001473967,3147.97029269,3145.02931376,3147.17094902,3144.58188860,3147.36758436,3146.95611488
eth4h:row14985:1722585600,2024-08-02 08:00:00,3153.73000000,0.00187356,-0.04926887,-0.02114322,-0.07911099,-0.03214315,-0.05795125,0.0001825808,-0.0006672105,0.0000265729,-0.0009561270,0.0001045676,-0.0002518923,3154.30586305,3151.62650017,3153.81380502,3150.71607477,3154.05979526,3152.93569987
eth4h:row14986:1722600000,2024-08-02 12:00:00,3038.99000000,0.00134272,-0.04939634,-0.01806721,-0.07638995,-0.03510674,-0.05635955,0.0001722438,-0.0006696926,0.0000864717,-0.0009031406,0.0000468580,-0.0002208974,3039.51349238,3036.95549234,3039.25279809,3036.24660387,3039.13240433,3038.31876917
eth4h:row14987:1722614400,2024-08-02 16:00:00,3011.64000000,0.00251008,-0.05087793,-0.02114912,-0.07866274,-0.03572330,-0.05514669,0.0001949756,-0.0006985434,0.0000264580,-0.0009473981,0.0000348519,-0.0001972795,3012.22725354,3009.53697345,3011.71968315,3008.78812901,3011.74496311,3011.04592387
eth4h:row14988:1722628800,2024-08-02 20:00:00,2989.61000000,0.00139977,-0.04374558,-0.02046755,-0.07761584,-0.02757099,-0.05623543,0.0001733546,-0.0005596562,0.0000397303,-0.0009270121,0.0001936006,-0.0002184803,2990.12830757,2987.93731422,2989.72878053,2986.83987952,2990.18884620,2988.95690048
eth4h:row14989:1722643200,2024-08-03 00:00:00,2982.50000000,-0.00023334,-0.04930012,-0.02056577,-0.07537313,-0.03666356,-0.05279855,0.0001415534,-0.0006678189,0.0000378175,-0.0008833401,0.0000165423,-0.0001515545,2982.92221277,2980.50889492,2982.61279294,2979.86660145,2982.54933773,2982.04802291
eth4h:row14990:1722657600,2024-08-03 04:00:00,2983.90000000,-0.00170045,-0.04958743,-0.02613166,-0.07617620,-0.03774343,-0.05588936,0.0001129846,-0.0006734137,-0.0000705660,-0.0008989781,-0.0000044859,-0.0002117414,2984.23715375,2981.89127737,2983.68944558,2981.21874460,2983.88661453,2983.26825162
eth4h:row14991:1722672000,2024-08-03 08:00:00,2997.21000000,-0.00577097,-0.03895250,-0.02723208,-0.07164232,-0.03420568,-0.05469855,0.0000337200,-0.0004663214,-0.0000919943,-0.0008106907,0.0000644043,-0.0001885530,2997.31106760,2995.81266265,2996.93428643,2994.78117424,2997.40303946,2996.64492047
eth4h:row14992:1722686400,2024-08-03 12:00:00,2942.40000000,-0.00318157,-0.04525192,-0.02681335,-0.06666227,-0.04394050,-0.04909778,0.0000841431,-0.0005889890,-0.0000838406,-0.0007137149,-0.0001251604,-0.0000794901,2942.64759294,2940.66746897,2942.15331779,2940.30071456,2942.03175119,2942.16611748
eth4h:row14993:1722700800,2024-08-03 16:00:00,2893.53000000,-0.00153248,-0.04813685,-0.02876308,-0.07238753,-0.03976724,-0.05401123,0.0001162554,-0.0006451667,-0.0001218073,-0.0008252020,-0.0000438952,-0.0001751690,2893.86640792,2891.66379289,2893.17756833,2891.14323805,2893.40299068,2893.02318775
eth4h:row14994:1722715200,2024-08-03 20:00:00,2903.64000000,-0.00182657,-0.04371285,-0.01906088,-0.07486738,-0.02765369,-0.05742549,0.0001105286,-0.0005590190,0.0000671222,-0.0008734918,0.0001919900,-0.0002416543,2903.96095301,2902.01726360,2903.83490517,2901.10480170,2904.19752332,2902.93840779
eth4h:row14995:1722729600,2024-08-04 00:00:00,2915.78000000,-0.00175630,-0.04332902,-0.02311179,-0.07233594,-0.03502900,-0.05493111,0.0001118970,-0.0005515446,-0.0000117606,-0.0008241975,0.0000483718,-0.0001930816,2916.10628539,2914.17226071,2915.74570901,2913.37781154,2915.92104496,2915.21707086
eth4h:row14996:1722744000,2024-08-04 04:00:00,2893.24000000,-0.00807296,-0.04574649,-0.02839091,-0.07690068,-0.03928109,-0.05771067,-0.0000111063,-0.0005986197,-0.0001145601,-0.0009130858,-0.0000344285,-0.0002472075,2893.20786696,2891.50856783,2892.90856916,2890.59942941,2893.14039186,2892.52485777
eth4h:row14997:1722758400,2024-08-04 08:00:00,2914.22000000,-0.00603436,-0.04337911,-0.02139148,-0.07481766,-0.03316781,-0.05409727,0.0000285910,-0.0005525201,0.0000217388,-0.0008725235,0.0000846145,-0.0001768444,2914.30332161,2912.61027950,2914.28335219,2911.67838354,2914.46659572,2913.70468211
eth4h:row14998:1722772800,2024-08-04 12:00:00,2826.98000000,0.00089140,-0.04961158,-0.02592626,-0.06952551,-0.04123599,-0.05026127,0.0001634552,-0.0006738840,-0.0000665663,-0.0007694704,-0.0000724959,-0.0001021465,2827.44212244,2825.07558507,2826.79182463,2824.80555937,2826.77506297,2826.69124875
eth4h:row14999:1722787200,2024-08-04 16:00:00,2757.55000000,-0.00873404,-0.04490495,-0.02706721,-0.07267247,-0.04181293,-0.05398377,-0.0000239793,-0.0005822325,-0.0000887839,-0.0008307506,-0.0000837306,-0.0001746342,2757.48387662,2755.94493218,2757.30518486,2755.26011488,2757.31911829,2757.06847956
eth4h:row15000:1722801600,2024-08-04 20:00:00,2688.92000000,-0.00609927,-0.04369064,-0.01390102,-0.07814556,-0.02786519,-0.05510762,0.0000273270,-0.0005585864,0.0001675992,-0.0009373273,0.0001878716,-0.0001965186,2688.99348116,2687.41842530,2689.37069857,2686.40078278,2689.42521924,2688.39162901
eth4h:row15001:1722816000,2024-08-05 00:00:00,2312.72000000,0.00296904,-0.05751351,-0.02468422,-0.07081224,-0.04470604,-0.04643417,0.0002039128,-0.0008277569,-0.0000423802,-0.0007945267,-0.0001400676,-0.0000276221,2313.19164122,2310.80642218,2312.62198846,2310.88321211,2312.39608556,2312.65611881
eth4h:row15002:1722830400,2024-08-05 04:00:00,2357.55000000,-0.00581961,-0.04602292,-0.03303638,-0.06793962,-0.04766260,-0.04906914,0.0000327729,-0.0006040026,-0.0002050205,-0.0007385887,-0.0001976402,-0.0000789324,2357.62726498,2356.12646362,2357.06670343,2355.80938319,2357.08409927,2357.36392016
eth4h:row15003:1722844800,2024-08-05 08:00:00,2290.57000000,-0.00635724,-0.03201789,-0.02516225,-0.07227226,-0.02257750,-0.06363314,0.0000223036,-0.0003312848,-0.0000516888,-0.0008229573,0.0002908379,-0.0003625347,2290.62108859,2289.81129466,2290.45160620,2288.68573413,2291.23628137,2289.73973931
eth4h:row15004:1722859200,2024-08-05 12:00:00,2450.80000000,0.00846375,-0.04356131,-0.02989110,-0.06647882,-0.03499448,-0.05377343,0.0003109104,-0.0005560680,-0.0001437730,-0.0007101426,0.0000490440,-0.0001705382,2451.56209779,2449.43756733,2450.44766638,2449.06020028,2450.92019993,2450.38208069
eth4h:row15005:1722873600,2024-08-05 16:00:00,2404.90000000,-0.00484865,-0.03796513,-0.03477379,-0.06863719,-0.03725711,-0.05267050,0.0000516802,-0.0004470946,-0.0002388529,-0.0007521723,0.0000049843,-0.0001490611,2405.02428899,2403.82502255,2404.32565117,2403.09178099,2404.91198678,2404.54154968
eth4h:row15006:1722888000,2024-08-05 20:00:00,2419.59000000,-0.00195306,-0.03819177,-0.02437028,-0.07349838,-0.02961241,-0.05581748,0.0001080657,-0.0004515078,-0.0000362670,-0.0008468335,0.0001538481,-0.0002103417,2419.85148871,2418.49778295,2419.50225038,2417.54187751,2419.96227805,2419.08111294
eth4h:row15007:1722902400,2024-08-06 00:00:00,2491.90000000,-0.00344842,-0.03757237,-0.01927676,-0.06346396,-0.03469032,-0.05470537,0.0000789467,-0.0004394463,0.0000629182,-0.0006514347,0.0000549669,-0.0001886859,2492.09673511,2490.80518423,2492.05679085,2490.27721852,2492.03697575,2491.42985808
eth4h:row15008:1722916800,2024-08-06 04:00:00,2523.41000000,-0.02109008,-0.02224413,-0.03553834,-0.05755601,-0.04779959,-0.04986908,-0.0002645865,-0.0001409620,-0.0002537409,-0.0005363901,-0.0002003079,-0.0000945095,2522.74242799,2523.05432027,2522.76978898,2522.05683068,2522.90459164,2523.17152497
eth4h:row15009:1722931200,2024-08-06 08:00:00,2458.91000000,-0.00927349,-0.03641112,-0.02724817,-0.05853942,-0.04043512,-0.04360101,-0.0000344840,-0.0004168336,-0.0000923077,-0.0005555401,-0.0000569007,0.0000275476,2458.82520847,2457.88525739,2458.68303418,2457.54435634,2458.77009033,2458.97773794
eth4h:row15010:1722945600,2024-08-06 12:00:00,2527.60000000,-0.00348245,-0.03594007,-0.02855065,-0.06044211,-0.04414432,-0.04265916,0.0000782840,-0.0004076608,-0.0001176707,-0.0005925907,-0.0001291293,0.0000458882,2527.79787834,2526.56980664,2527.30259307,2526.10261135,2527.27363390,2527.71598972
eth4h:row15011:1722960000,2024-08-06 16:00:00,2493.04000000,-0.00978266,-0.04345949,-0.03289553,-0.06843376,-0.03872629,-0.06238281,-0.0000443990,-0.0005540853,-0.0002022778,-0.0007482109,-0.0000236248,-0.0003381873,2492.92931394,2491.65902580,2492.53576423,2491.17537791,2492.98110311,2492.19702801
eth4h:row15012:1722974400,2024-08-06 20:00:00,2461.33000000,-0.00808458,-0.04752292,-0.02252105,-0.07597589,-0.03761079,-0.05887867,-0.0000113326,-0.0006332118,-0.0000002571,-0.0008950777,-0.0000019030,-0.0002699517,2461.30210679,2459.77195020,2461.32936710,2459.12790415,2461.32531615,2460.66564938
eth4h:row15013:1722988800,2024-08-07 00:00:00,2507.27000000,-0.00355767,-0.05563098,-0.03966841,-0.06533530,-0.05394241,-0.04458121,0.0000768192,-0.0007910988,-0.0003341650,-0.0006878751,-0.0003199260,0.0000084603,2507.46261391,2505.28728604,2506.43229816,2505.54590434,2506.46798742,2507.29121242
eth4h:row15014:1723003200,2024-08-07 04:00:00,2510.72000000,-0.00946422,-0.04374808,-0.04471102,-0.05929153,-0.05292115,-0.04289653,-0.0000381981,-0.0005597050,-0.0004323590,-0.0005701857,-0.0003000392,0.0000412658,2510.62409703,2509.31513069,2509.63470235,2509.28883138,2509.96679857,2510.82360912
eth4h:row15015:1723017600,2024-08-07 08:00:00,2473.01000000,-0.00889852,-0.05394968,-0.01831558,-0.06504364,-0.03037854,-0.05349442,-0.0000271822,-0.0007583592,0.0000816352,-0.0006821957,0.0001389294,-0.0001651051,2472.94277908,2471.13528113,2473.21189294,2471.32349858,2473.35359777,2472.60172723
eth4h:row15016:1723032000,2024-08-07 12:00:00,2412.75000000,0.00138945,-0.05347730,-0.02314248,-0.06519662,-0.02880189,-0.05228541,0.0001731538,-0.0007491606,-0.0000123583,-0.0006851745,0.0001696314,-0.0001415623,2413.16781301,2410.94313977,2412.72018269,2411.09741133,2413.15931284,2412.40846976
eth4h:row15017:1723046400,2024-08-07 16:00:00,2350.45000000,-0.01377722,-0.04462279,-0.02869740,-0.06394030,-0.03545039,-0.04733103,-0.0001221843,-0.0005767381,-0.0001205283,-0.0006607105,0.0000401661,-0.0000450864,2350.16282939,2349.09479669,2350.16672142,2348.89754595,2350.54441042,2350.34402909
eth4h:row15018:1723060800,2024-08-07 20:00:00,2342.80000000,-0.01114424,-0.04983456,-0.02061727,-0.06748968,-0.03509866,-0.05364303,-0.0000709128,-0.0006782261,0.0000368147,-0.0007298270,0.0000470153,-0.0001679989,2342.63387134,2341.21159059,2342.88625110,2341.09078501,2342.91014997,2342.40644521
eth4h:row15019:1723075200,2024-08-08 00:00:00,2430.41000000,0.02646578,-0.07827762,-0.02688214,-0.06144007,-0.03172352,-0.05338909,0.0006614612,-0.0012320931,-0.0000851800,-0.0006120239,0.0001127389,-0.0001630542,2432.01815365,2427.41735254,2430.20298649,2428.92298616,2430.68401716,2430.01374385
eth4h:row15020:1723089600,2024-08-08 04:00:00,2414.00000000,0.01528908,-0.06542170,-0.03085830,-0.05687902,-0.04130518,-0.04462072,0.0004438190,-0.0009817519,-0.0001626073,-0.0005232072,-0.0000738432,0.0000076911,2415.07161676,2411.63121386,2413.60749801,2412.73730808,2413.82174922,2414.01856637
eth4h:row15021:1723104000,2024-08-08 08:00:00,2447.63000000,0.01761044,-0.07072510,-0.02639970,-0.06422023,-0.03765895,-0.04079138,0.0004890225,-0.0010850241,-0.0000757855,-0.0006661616,-0.0000028408,0.0000822590,2448.82723885,2444.97570265,2447.44451210,2446.00002589,2447.62304678,2447.83134794
eth4h:row15022:1723118400,2024-08-08 12:00:00,2507.20000000,0.00878174,-0.05951196,-0.03888091,-0.05522760,-0.03002039,-0.05161680,0.0003171026,-0.0008666725,-0.0003188302,-0.0004910494,0.0001459038,-0.0001285425,2507.99516578,2505.02802011,2506.40075639,2505.96914323,2507.56583663,2506.87773907
eth4h:row15023:1723132800,2024-08-08 16:00:00,2573.53000000,-0.01622244,-0.03146043,-0.07398260,-0.02116280,-0.06244980,-0.02901085,-0.0001697997,-0.0003204296,-0.0010023597,0.0001722890,-0.0004855890,0.0003116594,2573.09305246,2572.70549687,2570.95168972,2573.97342911,2572.28062559,2574.33218982
eth4h:row15024:1723147200,2024-08-08 20:00:00,2682.50000000,-0.00935047,-0.04728507,-0.06971651,-0.02788310,-0.06527571,-0.02783810,-0.0000359830,-0.0006285801,-0.0009192869,0.0000414256,-0.0005406176,0.0003344962,2682.40347738,2680.81436367,2680.03514596,2682.61112644,2681.05018530,2683.39743614
eth4h:row15025:1723161600,2024-08-09 00:00:00,2694.67000000,-0.02389460,-0.03288051,-0.07939425,-0.02109771,-0.07732442,-0.02366038,-0.0003191985,-0.0003480826,-0.0011077400,0.0001735565,-0.0007752401,0.0004158483,2693.81000273,2693.73219543,2691.68665905,2695.13771796,2692.58179329,2695.79080685
eth4h:row15026:1723176000,2024-08-09 04:00:00,2670.21000000,-0.01428436,-0.04191466,-0.05902692,-0.02987521,-0.06126836,-0.03171652,-0.0001320599,-0.0005240030,-0.0007111302,0.0000026336,-0.0004625830,0.0002589725,2669.85739560,2668.81116844,2668.31180792,2670.21703233,2668.97509189,2670.90160038
eth4h:row15027:1723190400,2024-08-09 08:00:00,2634.92000000,-0.02172886,-0.03136002,-0.07253703,-0.02242470,-0.06842824,-0.03010785,-0.0002770255,-0.0003184742,-0.0009742105,0.0001477161,-0.0006020062,0.0002902978,2634.19016117,2634.08097964,2632.35428329,2635.30924893,2633.33423913,2635.68502257
eth4h:row15028:1723204800,2024-08-09 12:00:00,2557.82000000,-0.02060767,-0.03778645,-0.05739185,-0.03845521,-0.05683973,-0.03945037,-0.0002551926,-0.0004436152,-0.0006792907,-0.0001644433,-0.0003763450,0.0001083724,2557.16734643,2556.68556385,2556.08308666,2557.39941815,2556.85755847,2558.09721211
eth4h:row15029:1723219200,2024-08-09 16:00:00,2590.80000000,-0.02230163,-0.03385256,-0.05882629,-0.03745015,-0.05662114,-0.03746017,-0.0002881789,-0.0003670111,-0.0007072234,-0.0001448721,-0.0003720885,0.0001471272,2590.05349359,2589.84932200,2588.96837331,2590.42469259,2589.83617250,2591.18120526
eth4h:row15030:1723233600,2024-08-09 20:00:00,2598.78000000,-0.01605438,-0.04093544,-0.06288651,-0.03815070,-0.05551393,-0.04390439,-0.0001665272,-0.0005049349,-0.0007862873,-0.0001585137,-0.0003505278,0.0000216400,2598.34726849,2597.46811646,2596.73741544,2598.36809029,2597.86921490,2598.83623833
eth4h:row15031:1723248000,2024-08-10 00:00:00,2602.59000000,-0.02353172,-0.03631477,-0.05692473,-0.03681858,-0.05684579,-0.04309107,-0.0003121323,-0.0004149573,-0.0006701945,-0.0001325736,-0.0003764630,0.0000374777,2601.77777437,2601.51026024,2600.84634281,2602.24498813,2601.61040543,2602.68754092
eth4h:row15032:1723262400,2024-08-10 04:00:00,2634.27000000,-0.00633292,-0.04988624,-0.05174276,-0.03875190,-0.05056527,-0.03769731,0.0000227772,-0.0006792324,-0.0005692869,-0.0001702209,-0.0002541635,0.0001425095,2634.33000193,2632.48132597,2632.77077144,2633.82163045,2633.60054977,2634.64543524
eth4h:row15033:1723276800,2024-08-10 08:00:00,2636.58000000,-0.00748097,-0.04739104,-0.04751733,-0.04129491,-0.05048259,-0.04047003,0.0000004215,-0.0006306438,-0.0004870057,-0.0002197403,-0.0002525535,0.0000885168,2636.58111127,2634.91778139,2635.29628312,2636.00070067,2635.91420654,2636.81339192
eth4h:row15034:1723291200,2024-08-10 12:00:00,2599.49000000,-0.01377510,-0.04551737,-0.03556200,-0.04827035,-0.04227518,-0.04766943,-0.0001221431,-0.0005941581,-0.0002542017,-0.0003555720,-0.0000927319,-0.0000516761,2599.17250955,2597.94595078,2598.82928931,2598.56585843,2599.24895547,2599.35567196
eth4h:row15035:1723305600,2024-08-10 16:00:00,2603.01000000,-0.00345354,-0.05356771,-0.03583720,-0.05463578,-0.03675926,-0.05337014,0.0000788469,-0.0007509210,-0.0002595605,-0.0004795251,0.0000146788,-0.0001626851,2603.21524738,2601.05607883,2602.33444916,2601.76209067,2603.04820938,2602.58656359
eth4h:row15036:1723320000,2024-08-10 20:00:00,2609.92000000,-0.01055556,-0.04137461,-0.05220666,-0.04636951,-0.04991358,-0.04579610,-0.0000594494,-0.0005134867,-0.0005783204,-0.0003185573,-0.0002414732,-0.0000151971,2609.76484632,2608.58018468,2608.41106642,2609.08872330,2609.28985046,2609.88033718
eth4h:row15037:1723334400,2024-08-11 00:00:00,2646.38000000,-0.00942712,-0.04405050,-0.04917076,-0.05029548,-0.04966720,-0.04583649,-0.0000374756,-0.0005655939,-0.0005192027,-0.0003950070,-0.0002366755,-0.0000159834,2646.28082716,2644.88364670,2645.00634890,2645.33486784,2645.75374074,2646.33770214
eth4h:row15038:1723348800,2024-08-11 04:00:00,2677.79000000,0.00378115,-0.05427989,-0.04952439,-0.04889393,-0.04519153,-0.04510701,0.0002197269,-0.0007647893,-0.0005260890,-0.0003677150,-0.0001495214,-0.0000017785,2678.37844719,2675.74283781,2676.38161463,2676.80551759,2677.38964299,2677.78523746
eth4h:row15039:1723363200,2024-08-11 08:00:00,2652.61000000,-0.00729876,-0.04575664,-0.05330672,-0.04003707,-0.05111407,-0.04015493,0.0000039697,-0.0005988173,-0.0005997417,-0.0001952467,-0.0002648501,0.0000946527,2652.62052997,2651.02204673,2651.01959601,2652.09213725,2651.90754899,2652.86108853
eth4h:row15040:1723377600,2024-08-11 12:00:00,2614.07000000,-0.02337306,-0.03660676,-0.05681577,-0.03609518,-0.05802209,-0.03596070,-0.0003090426,-0.0004206432,-0.0006680728,-0.0001184868,-0.0003993689,0.0001763262,2613.26226586,2612.97064054,2612.32419414,2613.76028550,2613.02623016,2614.53096978
eth4h:row15041:1723392000,2024-08-11 16:00:00,2599.06000000,-0.01931076,-0.03484941,-0.05265471,-0.04084759,-0.05066993,-0.03995451,-0.0002299382,-0.0003864225,-0.0005870452,-0.0002110298,-0.0002562015,0.0000985554,2598.46244560,2598.05585874,2597.53468217,2598.51157879,2598.39420221,2599.31616412
eth4h:row15042:1723406400,2024-08-11 20:00:00,2555.38000000,-0.02021654,-0.03089614,-0.05792132,-0.03371111,-0.05771285,-0.03746992,-0.0002475763,-0.0003094413,-0.0006896009,-0.0000720623,-0.0003933472,0.0001469375,2554.74742674,2554.58938226,2553.61841500,2555.19586013,2554.37504610,2555.75550862
eth4h:row15043:1723420800,2024-08-12 00:00:00,2541.02000000,-0.00364797,-0.05219144,-0.04703459,-0.04806510,-0.05039296,-0.04165780,0.0000750608,-0.0007241211,-0.0004776054,-0.0003515752,-0.0002508082,0.0000653875,2541.21073815,2539.18065985,2539.80668483,2540.12679732,2540.38277138,2541.18615638
eth4h:row15044:1723435200,2024-08-12 04:00:00,2567.27000000,0.00532002,-0.06214052,-0.03733268,-0.06134497,-0.03930200,-0.04915684,0.0002496931,-0.0009178581,-0.0002886817,-0.0006101720,-0.0000348356,-0.0000806401,2567.91110974,2564.91469154,2566.52898302,2565.70400150,2567.18056920,2567.06298348
eth4h:row15045:1723449600,2024-08-12 08:00:00,2673.60000000,0.00639785,-0.05908872,-0.03498187,-0.06200438,-0.03844716,-0.04878931,0.0002706816,-0.0008584308,-0.0002429048,-0.0006230125,-0.0000181894,-0.0000734834,2674.32379219,2671.30588414,2672.95064849,2671.93483247,2673.55136932,2673.40354205
eth4h:row15046:1723464000,2024-08-12 12:00:00,2689.20000000,0.00642837,-0.06115425,-0.03924510,-0.06056735,-0.04255607,-0.04736229,0.0002712758,-0.0008986525,-0.0003259219,-0.0005950296,-0.0000982016,-0.0000456952,2689.92961392,2686.78442935,2688.32367369,2687.60032237,2688.93592926,2689.07711938
eth4h:row15047:1723478400,2024-08-12 16:00:00,2660.09000000,-0.00123089,-0.05619593,-0.03648552,-0.05983729,-0.04209296,-0.04770272,0.0001221284,-0.0008021000,-0.0002721851,-0.0005808131,-0.0000891836,-0.0000523243,2660.41489226,2657.95719741,2659.36606165,2658.54543343,2659.85277417,2659.95081619
eth4h:row15048:1723492800,2024-08-12 20:00:00,2722.30000000,0.00061394,-0.05305462,-0.03009107,-0.06120366,-0.03319650,-0.04888263,0.0001580523,-0.0007409297,-0.0001476671,-0.0006074204,0.0000840558,-0.0000753004,2722.73029979,2720.28371426,2721.89803557,2720.64692168,2722.52883469,2722.09501740
eth4h:row15049:1723507200,2024-08-13 00:00:00,2656.39000000,0.00184710,-0.05352229,-0.02660927,-0.06670278,-0.03425812,-0.05196870,0.0001820654,-0.0007500366,-0.0000798664,-0.0007145039,0.0000633831,-0.0001353951,2656.87368085,2654.39835734,2656.17785204,2654.49267702,2656.55837547,2656.03036226
eth4h:row15050:1723521600,2024-08-13 04:00:00,2648.94000000,-0.00093692,-0.05430321,-0.02447578,-0.06973958,-0.03551258,-0.04900075,0.0001278528,-0.0007652434,-0.0000383214,-0.0007736389,0.0000389551,-0.0000776006,2649.27869602,2646.91369155,2648.83849095,2646.89146945,2649.04319182,2648.73444871
eth4h:row15051:1723536000,2024-08-13 08:00:00,2644.65000000,0.00589849,-0.05622640,-0.02293297,-0.06959848,-0.02933823,-0.05032482,0.0002609575,-0.0008026933,-0.0000082785,-0.0007708913,0.0001591874,-0.0001033840,2645.34023120,2642.52800881,2644.62810625,2642.61204791,2645.07102839,2644.37659957
eth4h:row15052:1723550400,2024-08-13 12:00:00,2652.00000000,0.00401158,-0.05437914,-0.03157082,-0.06335542,-0.04315052,-0.04712308,0.0002242141,-0.0007667218,-0.0001764819,-0.0006493211,-0.0001097773,-0.0000410371,2652.59468239,2649.96743307,2651.53201124,2650.27855936,2651.70888670,2651.89117185
eth4h:row15053:1723564800,2024-08-13 16:00:00,2711.46000000,0.00363226,-0.05342124,-0.02528098,-0.07049325,-0.03896746,-0.05079260,0.0002168276,-0.0007480689,-0.0000540009,-0.0007883150,-0.0000283212,-0.0001124930,2712.04798300,2709.43239947,2711.31358273,2709.32335762,2711.38320936,2711.15499695
eth4h:row15054:1723579200,2024-08-13 20:00:00,2702.44000000,0.00874896,-0.05782975,-0.02773603,-0.06830266,-0.04202947,-0.04572872,0.0003164643,-0.0008339151,-0.0001018078,-0.0007456580,-0.0000879472,-0.0000138849,2703.29536101,2700.18733381,2702.16488457,2700.42565504,2702.20233843,2702.40247709
eth4h:row15055:1723593600,2024-08-14 00:00:00,2709.39000000,-0.00149839,-0.04978560,-0.03620502,-0.05977279,-0.05198749,-0.04264396,0.0001169193,-0.0006772726,-0.0002667230,-0.0005795573,-0.0002818582,0.0000461842,2709.70679840,2707.55562561,2708.66743978,2707.82020827,2708.62644396,2709.51513387
eth4h:row15056:1723608000,2024-08-14 04:00:00,2727.57000000,-0.00992220,-0.04015270,-0.03961125,-0.05992577,-0.04613543,-0.04634582,-0.0000471161,-0.0004896927,-0.0003330519,-0.0005825361,-0.0001679020,-0.0000259016,2727.44149044,2726.23465589,2726.66172892,2725.98155463,2727.11207411,2727.49935236
eth4h:row15057:1723622400,2024-08-14 08:00:00,2750.24000000,-0.00035601,-0.04422285,-0.03671595,-0.06097073,-0.04104201,-0.04626968,0.0001391647,-0.0005689500,-0.0002766723,-0.0006028844,-0.0000687186,-0.0000244189,2750.62276294,2748.67569593,2749.47919013,2748.58242279,2750.05101374,2750.17284301
eth4h:row15058:1723636800,2024-08-14 12:00:00,2674.21000000,-0.00145744,-0.04514737,-0.04074779,-0.05696141,-0.04867781,-0.04144489,0.0001177166,-0.0005869532,-0.0003551836,-0.0005248116,-0.0002174092,0.0000695334,2674.52481755,2672.64082443,2673.26033319,2672.80691184,2673.62866522,2674.39595344
eth4h:row15059:1723651200,2024-08-14 16:00:00,2669.06000000,-0.00518387,-0.04672275,-0.03317538,-0.06716660,-0.04000995,-0.05191403,0.0000451526,-0.0006176303,-0.0002077272,-0.0007235356,-0.0000486215,-0.0001343304,2669.18051774,2667.41201654,2668.50562122,2667.12953849,2668.93022955,2668.70148809
eth4h:row15060:1723665600,2024-08-14 20:00:00,2661.45000000,0.00032158,-0.04817092,-0.01845583,-0.07362761,-0.03042918,-0.05832126,0.0001523592,-0.0006458303,0.0000789042,-0.0008493498,0.0001379435,-0.0002590974,2661.85552731,2659.73170985,2661.66000775,2659.19045763,2661.81715492,2660.76051450
eth4h:row15061:1723680000,2024-08-15 00:00:00,2652.50000000,0.00159962,-0.04838099,-0.02457949,-0.06774482,-0.04058775,-0.05030506,0.0001772463,-0.0006499208,-0.0000403409,-0.0007347953,-0.0000598729,-0.0001029993,2652.97018757,2650.77664515,2652.39299783,2650.55167138,2652.34119196,2652.22680852
eth4h:row15062:1723694400,2024-08-15 04:00:00,2615.16000000,-0.00137638,-0.04357618,-0.03106424,-0.06640770,-0.04256620,-0.04759227,0.0001192952,-0.0005563576,-0.0001666174,-0.0007087577,-0.0000983988,-0.0000501736,2615.47199453,2613.70544050,2614.72430521,2613.30714202,2614.90268417,2615.02879126
eth4h:row15063:1723708800,2024-08-15 08:00:00,2637.73000000,0.00206966,-0.04950978,-0.02172681,-0.06968488,-0.03663480,-0.04782789,0.0001863994,-0.0006719016,0.0000152088,-0.0007725737,0.0000171024,-0.0000547617,2638.22171709,2635.95830025,2637.77011705,2635.69294615,2637.77511201,2637.58555725
eth4h:row15064:1723723200,2024-08-15 12:00:00,2668.40000000,0.01179237,-0.06048813,-0.02654490,-0.06677905,-0.04399407,-0.04349164,0.0003757282,-0.0008856814,-0.0000786129,-0.0007159889,-0.0001262035,0.0000296774,2669.40278139,2666.03769411,2668.19023752,2666.49013894,2668.06325978,2668.47919237
eth4h:row15065:1723737600,2024-08-15 16:00:00,2549.59000000,0.00829310,-0.06069806,-0.03142818,-0.06619352,-0.04933403,-0.04292288,0.0003075874,-0.0008897693,-0.0001737044,-0.0007045871,-0.0002301877,0.0000407528,2550.37434249,2547.32246214,2549.14716338,2547.79422456,2549.00318339,2549.69390512
eth4h:row15066:1723752000,2024-08-15 20:00:00,2569.89000000,-0.00203769,-0.04718694,-0.03505900,-0.06042126,-0.04726392,-0.04312959,0.0001064175,-0.0006266694,-0.0002444067,-0.0005921848,-0.0001898768,0.0000367276,2570.16349583,2568.28003319,2569.26197829,2568.36860073,2569.40208382,2569.98438767
eth4h:row15067:1723766400,2024-08-16 00:00:00,2580.08000000,0.01095588,-0.05057450,-0.03759458,-0.06080522,-0.04469030,-0.04616626,0.0003594393,-0.0006926347,-0.0002937817,-0.0005996616,-0.0001397610,-0.0000224051,2581.00754881,2578.29356585,2579.32213098,2578.53328902,2579.71943055,2580.02219364
eth4h:row15068:1723780800,2024-08-16 04:00:00,2617.45000000,0.00387646,-0.04933229,-0.03901794,-0.06157476,-0.04773784,-0.04895777,0.0002215828,-0.0006684454,-0.0003214986,-0.0006146467,-0.0001991055,-0.0000767637,2618.03004624,2615.70096218,2616.60862884,2615.84168733,2616.92890332,2617.24908248
eth4h:row15069:1723795200,2024-08-16 08:00:00,2612.52000000,0.00452287,-0.04646239,-0.03517052,-0.06560373,-0.03866349,-0.05097119,0.0002341703,-0.0006125602,-0.0002465784,-0.0006931022,-0.0000224020,-0.0001159706,2613.13184627,2610.92016418,2611.87588850,2610.70988394,2612.46147489,2612.21704195
eth4h:row15070:1723809600,2024-08-16 12:00:00,2568.97000000,0.00427700,-0.04889821,-0.03260842,-0.06796035,-0.03968692,-0.05494440,0.0002293825,-0.0006599925,-0.0001966869,-0.0007389923,-0.0000423311,-0.0001933404,2569.55934447,2567.27505837,2568.46476696,2567.07225229,2568.86125508,2568.47336223
eth4h:row15071:1723824000,2024-08-16 16:00:00,2620.40000000,-0.00879126,-0.03498413,-0.03806105,-0.06106437,-0.05096108,-0.04774442,-0.0000250936,-0.0003890459,-0.0003028651,-0.0006047079,-0.0002618709,-0.0000531362,2620.33424565,2619.38074237,2619.60649236,2618.81590252,2619.71388321,2620.26076553
eth4h:row15072:1723838400,2024-08-16 20:00:00,2592.73000000,0.00393243,-0.03923409,-0.02863565,-0.06681597,-0.03697556,-0.04698975,0.0002226727,-0.0004718047,-0.0001193258,-0.0007167080,0.0000104667,-0.0000384407,2593.30739448,2591.50702630,2592.42063887,2590.87243550,2592.75713756,2592.63033563
eth4h:row15073:1723852800,2024-08-17 00:00:00,2595.77000000,0.00395156,-0.03969693,-0.02956906,-0.06181460,-0.04242670,-0.04401969,0.0002230453,-0.0004808176,-0.0001375019,-0.0006193169,-0.0000956823,0.0000193947,2596.34903881,2594.52220807,2595.41310117,2594.16289335,2595.52164251,2595.82034474
eth4h:row15074:1723867200,2024-08-17 04:00:00,2600.24000000,0.00012518,-0.04182772,-0.02356436,-0.06941509,-0.03595973,-0.05153275,0.0001485348,-0.0005223102,-0.0000205735,-0.0007673202,0.0000302479,-0.0001269059,2600.62625481,2598.88222281,2600.18650442,2598.24554857,2600.31865303,2599.91003512
eth4h:row15075:1723881600,2024-08-17 08:00:00,2599.23000000,0.00340040,-0.04468462,-0.02327415,-0.07455236,-0.03433192,-0.05331991,0.0002123125,-0.0005779420,-0.0000149222,-0.0008673573,0.0000619460,-0.0001617069,2599.78190773,2597.72822972,2599.19121400,2596.97651619,2599.39101691,2598.80972053
eth4h:row15076:1723896000,2024-08-17 12:00:00,2606.78000000,0.00628371,-0.04099958,-0.03156432,-0.06640185,-0.04291271,-0.04710884,0.0002684589,-0.0005061838,-0.0001763554,-0.0007086439,-0.0001051465,-0.0000407597,2607.47990718,2605.46082409,2606.32032079,2604.93337561,2606.50592070,2606.67375061
eth4h:row15077:1723910400,2024-08-17 16:00:00,2614.94000000,0.00320108,-0.03999984,-0.03846380,-0.06660491,-0.04645054,-0.04816454,0.0002084313,-0.0004867161,-0.0003107078,-0.0007125980,-0.0001740380,-0.0000613172,2615.48509204,2613.66757616,2614.12764396,2613.07726268,2614.48494070,2614.77966406
eth4h:row15078:1723924800,2024-08-17 20:00:00,2614.51000000,0.00655980,-0.04480739,-0.03229537,-0.06970102,-0.04097654,-0.05172753,0.0002738351,-0.0005803327,-0.0001905910,-0.0007728880,-0.0000674436,-0.0001306987,2615.22604267,2612.99315444,2614.01174529,2612.49005740,2614.33367387,2614.16830929
eth4h:row15079:1723939200,2024-08-18 00:00:00,2606.60000000,0.00348342,-0.04196613,-0.02371367,-0.07203777,-0.03446314,-0.05365998,0.0002139294,-0.0005250053,-0.0000234810,-0.0008183912,0.0000593908,-0.0001683291,2607.15768792,2605.23188047,2606.53879510,2604.46765411,2606.75481262,2606.16127024
eth4h:row15080:1723953600,2024-08-18 04:00:00,2608.06000000,-0.01476847,-0.02724913,-0.03382143,-0.06838557,-0.04470645,-0.05370439,-0.0001414869,-0.0002384236,-0.0002203077,-0.0007472725,-0.0001400756,-0.0001691938,2607.69101983,2607.43825119,2607.48548753,2606.11179646,2607.69470008,2607.61876969
eth4h:row15081:1723968000,2024-08-18 08:00:00,2649.40000000,-0.01940011,-0.02135349,-0.02892097,-0.06885454,-0.03739654,-0.05721324,-0.0002316780,-0.0001236186,-0.0001248819,-0.0007564047,0.0000022692,-0.0002375211,2648.78626336,2649.07250508,2649.06915845,2647.39673918,2649.40601203,2648.77078629
eth4h:row15082:1723982400,2024-08-18 12:00:00,2672.20000000,-0.01042726,-0.02739991,-0.02617773,-0.06889051,-0.03821345,-0.05307678,-0.0000569511,-0.0002413598,-0.0000714632,-0.0007571051,-0.0000136384,-0.0001569725,2672.04781961,2671.55511627,2672.00904290,2670.17762930,2672.16355576,2671.78057093
eth4h:row15083:1723996800,2024-08-18 16:00:00,2667.90000000,0.00354065,-0.04262766,-0.01776835,-0.07843296,-0.03551210,-0.05780537,0.0002150436,-0.0005378873,0.0000922913,-0.0009429237,0.0000389646,-0.0002490515,2668.47377653,2666.46535645,2668.14623543,2665.38555938,2668.00395558,2667.23563819
eth4h:row15084:1724011200,2024-08-18 20:00:00,2612.15000000,-0.00060253,-0.04347664,-0.01223603,-0.08174582,-0.02587102,-0.06181600,0.0001343642,-0.0005544193,0.0002000214,-0.0010074345,0.0002267038,-0.0003271499,2612.50100291,2610.70217504,2612.67253812,2609.51975519,2612.74225143,2611.29557510
eth4h:row15085:1724025600,2024-08-19 00:00:00,2644.41000000,0.00988669,-0.04866178,-0.00784167,-0.08738841,-0.02204703,-0.06353471,0.0003386192,-0.0006553887,0.0002855919,-0.0011173118,0.0003011677,-0.0003606182,2645.30559952,2642.67745130,2645.16532995,2641.45701959,2645.20653081,2643.45654960
eth4h:row15086:1724040000,2024-08-19 04:00:00,2614.31000000,0.01147981,-0.04633009,-0.01128682,-0.08556306,-0.02741842,-0.05890337,0.0003696416,-0.0006099841,0.0002185051,-0.0010817671,0.0001965714,-0.0002704328,2615.27653634,2612.71579867,2614.88130244,2611.48345464,2614.82394921,2613.60310034
eth4h:row15087:1724054400,2024-08-19 08:00:00,2587.90000000,-0.00175129,-0.03793520,-0.02892527,-0.07112223,-0.03712042,-0.05162328,0.0001119945,-0.0004465116,-0.0001249655,-0.0008005630,0.0000076460,-0.0001286687,2588.18984688,2586.74473046,2587.57662197,2585.82905205,2587.91978719,2587.56703975
eth4h:row15088:1724068800,2024-08-19 12:00:00,2584.53000000,0.00812776,-0.04857209,-0.02797553,-0.06846575,-0.03465632,-0.05481113,0.0003043677,-0.0006536422,-0.0001064714,-0.0007488339,0.0000556289,-0.0001907452,2585.31676728,2582.84119410,2584.25483621,2582.59534076,2584.67377858,2584.03706039
eth4h:row15089:1724083200,2024-08-19 16:00:00,2606.63000000,-0.00459742,-0.04053256,-0.03101793,-0.06483352,-0.04289736,-0.05283282,0.0000565725,-0.0004970897,-0.0001657155,-0.0006781040,-0.0001048474,-0.0001522219,2606.77746764,2605.33459320,2606.19807672,2604.86303286,2606.35671582,2606.23324403
eth4h:row15090:1724097600,2024-08-19 20:00:00,2636.36000000,-0.00321596,-0.04116403,-0.02936068,-0.06862944,-0.04533309,-0.04961940,0.0000834733,-0.0005093861,-0.0001334442,-0.0007520214,-0.0001522782,-0.0000896475,2636.58007497,2635.01741685,2636.00821648,2634.37814615,2635.95857054,2636.12366757
eth4h:row15091:1724112000,2024-08-20 00:00:00,2661.99000000,-0.00268065,-0.04098020,-0.03269395,-0.06411943,-0.04441452,-0.05116179,0.0000938973,-0.0005058066,-0.0001983525,-0.0006641986,-0.0001343909,-0.0001196822,2662.23996551,2660.64388839,2661.46204011,2660.22249702,2661.63227682,2661.67142630
eth4h:row15092:1724126400,2024-08-20 04:00:00,2674.81000000,-0.00227057,-0.04186714,-0.03618654,-0.06184711,-0.04491730,-0.05095857,0.0001018828,-0.0005230777,-0.0002663632,-0.0006199501,-0.0001441815,-0.0001157249,2675.08253091,2673.41123248,2674.09762399,2673.15226520,2674.42436981,2674.50047587
eth4h:row15093:1724140800,2024-08-20 08:00:00,2642.45000000,0.00201101,-0.05006273,-0.02861276,-0.06993787,-0.03663493,-0.05844674,0.0001852573,-0.0006826692,-0.0001188801,-0.0007775002,0.0000170998,-0.0002615409,2642.93957847,2640.64669649,2642.13588394,2640.39629314,2642.49518583,2641.75898156
eth4h:row15094:1724155200,2024-08-20 12:00:00,2574.99000000,-0.00309633,-0.04222538,-0.03169700,-0.06943543,-0.03898342,-0.05721547,0.0000858028,-0.0005300536,-0.0001789391,-0.0007677163,-0.0000286319,-0.0002375646,2575.21095087,2573.62547895,2574.52927493,2573.01389686,2574.91627409,2574.37834609
eth4h:row15095:1724169600,2024-08-20 16:00:00,2601.94000000,0.00026346,-0.04074566,-0.03087839,-0.06777728,-0.03530764,-0.05754016,0.0001512276,-0.0005012393,-0.0001629984,-0.0007354273,0.0000429460,-0.0002438871,2602.33351478,2600.63613211,2601.51592251,2600.02716581,2602.05174520,2601.30549776
eth4h:row15096:1724184000,2024-08-20 20:00:00,2572.82000000,-0.00344103,-0.03977539,-0.03580251,-0.06087299,-0.03968190,-0.05536374,0.0000790906,-0.0004823453,-0.0002588850,-0.0006009812,-0.0000422334,-0.0002015061,2573.02349405,2571.57931149,2572.15402179,2571.27424798,2572.71134331,2572.30161343
eth4h:row15097:1724198400,2024-08-21 00:00:00,2591.50000000,0.00369496,-0.04963604,-0.02949836,-0.06188029,-0.03668274,-0.05288536,0.0002180486,-0.0006743602,-0.0001361254,-0.0006205963,0.0000161688,-0.0001532450,2592.06513452,2589.75298467,2591.14725512,2589.89222363,2591.54190185,2591.10289593
eth4h:row15098:1724212800,2024-08-21 04:00:00,2600.72000000,0.00151170,-0.04214357,-0.02929797,-0.06188321,-0.03433601,-0.05422179,0.0001755343,-0.0005284606,-0.0001322232,-0.0006206532,0.0000618664,-0.0001792690,2601.17655574,2599.34598510,2600.37614725,2599.10635569,2600.88090205,2600.25381323
eth4h:row15099:1724227200,2024-08-21 08:00:00,2577.60000000,-0.00470375,-0.03917408,-0.03494224,-0.05992584,-0.04096287,-0.05503204,0.0000545018,-0.0004706362,-0.0002421330,-0.0005825376,-0.0000671776,-0.0001950469,2577.74048772,2576.38717355,2576.97595355,2576.09888839,2577.42684894,2577.09729610
eth4h:row15100:1724241600,2024-08-21 12:00:00,2601.89000000,-0.00265162,-0.04310222,-0.03665265,-0.06147744,-0.04060391,-0.05619495,0.0000944626,-0.0005471282,-0.0002754396,-0.0006127516,-0.0000601874,-0.0002176922,2602.13579286,2600.46682187,2601.17343508,2600.29617608,2601.73340368,2601.32365049
eth4h:row15101:1724256000,2024-08-21 16:00:00,2646.43000000,0.00560893,-0.04317012,-0.04261550,-0.06091307,-0.04127708,-0.05493281,0.0002553189,-0.0005484505,-0.0003915532,-0.0006017618,-0.0000732960,-0.0001931147,2647.10576990,2644.97896200,2645.39398464,2644.83795861,2646.23603427,2645.91898485
eth4h:row15102:1724270400,2024-08-21 20:00:00,2630.71000000,0.00464881,-0.04429825,-0.04209283,-0.05999917,-0.03989701,-0.05694119,0.0002366228,-0.0005704183,-0.0003813753,-0.0005839655,-0.0000464221,-0.0002322235,2631.33255966,2629.20982284,2629.70690349,2629.17420459,2630.58787965,2630.09915820
eth4h:row15103:1724284800,2024-08-22 00:00:00,2616.59000000,0.00065387,-0.04562643,-0.03678444,-0.06476462,-0.03332645,-0.06107911,0.0001588300,-0.0005962818,-0.0002780059,-0.0006767623,0.0000815254,-0.0003128005,2617.00562588,2615.03024004,2615.86267372,2614.81978963,2616.80332718,2615.77165724
eth4h:row15104:1724299200,2024-08-22 04:00:00,2636.29000000,0.00245447,-0.04143368,-0.03551784,-0.06388874,-0.02916050,-0.05869619,0.0001938927,-0.0005146370,-0.0002533416,-0.0006597065,0.0001626482,-0.0002663983,2636.80120691,2634.93361674,2635.62220267,2634.55139587,2636.71882271,2635.58779027
eth4h:row15105:1724313600,2024-08-22 08:00:00,2641.91000000,-0.00824927,-0.03172982,-0.03777322,-0.05932956,-0.03745347,-0.05261789,-0.0000145396,-0.0003256753,-0.0002972603,-0.0005709262,0.0000011606,-0.0001480365,2641.87158803,2641.04973533,2641.12478187,2640.40209479,2641.91306624,2641.51892979
eth4h:row15106:1724328000,2024-08-22 12:00:00,2599.40000000,-0.01176344,-0.03863481,-0.03749439,-0.05867069,-0.04100610,-0.05374268,-0.0000829705,-0.0004601350,-0.0002918306,-0.0005580962,-0.0000680192,-0.0001699396,2599.18433554,2598.20420015,2598.64152613,2597.94968959,2599.22319693,2598.95829666
eth4h:row15107:1724342400,2024-08-22 16:00:00,2606.60000000,-0.00464856,-0.04141930,-0.02698007,-0.06549300,-0.03252709,-0.05795787,0.0000555766,-0.0005143570,-0.0000870870,-0.0006909460,0.0000970911,-0.0002520211,2606.74487000,2605.25962188,2606.37300894,2604.79960225,2606.85309007,2605.94316459
eth4h:row15108:1724356800,2024-08-22 20:00:00,2622.88000000,-0.00744419,-0.03319202,-0.03453645,-0.05922471,-0.03945655,-0.05328249,0.0000011376,-0.0003541486,-0.0002342311,-0.0005688846,-0.0000378451,-0.0001609783,2622.88298384,2621.95127524,2622.26571177,2621.38830829,2622.78073882,2622.45780723
eth4h:row15109:1724371200,2024-08-23 00:00:00,2635.72000000,-0.00306105,-0.04241300,-0.03266355,-0.06871195,-0.04036950,-0.05474966,0.0000864899,-0.0005337071,-0.0001977605,-0.0007536281,-0.0000556228,-0.0001895482,2635.94797310,2634.31367283,2635.19881019,2633.73439574,2635.57339800,2635.22045128
eth4h:row15110:1724385600,2024-08-23 04:00:00,2669.23000000,0.00328035,-0.04823859,-0.03163841,-0.06790426,-0.03137180,-0.05831093,0.0002099750,-0.0006471480,-0.0001777981,-0.0007379001,0.0001195879,-0.0002588963,2669.79053029,2667.50317207,2668.75545811,2667.26110146,2669.54922660,2668.53903559
eth4h:row15111:1724400000,2024-08-23 08:00:00,2653.27000000,0.00643636,-0.05123191,-0.03263488,-0.06504621,-0.03614995,-0.05575048,0.0002714314,-0.0007054363,-0.0001972022,-0.0006822456,0.0000265438,-0.0002090371,2653.99027843,2651.39894703,2652.74682082,2651.46043559,2653.34042875,2652.71542618
eth4h:row15112:1724414400,2024-08-23 12:00:00,2671.09000000,0.00108440,-0.04956408,-0.03200540,-0.06804650,-0.03966045,-0.05668386,0.0001672135,-0.0006729590,-0.0001849444,-0.0007406697,-0.0000418157,-0.0002272126,2671.53667962,2669.29307070,2670.59604260,2669.11233694,2670.97830878,2670.48316362
eth4h:row15113:1724428800,2024-08-23 16:00:00,2746.54000000,-0.00101643,-0.04416038,-0.02740386,-0.07088429,-0.03229856,-0.05567298,0.0001263045,-0.0005677336,-0.0000953394,-0.0007959296,0.0001015412,-0.0002075279,2746.88692214,2744.98113939,2746.27815911,2744.35481722,2746.81890102,2745.97007545
eth4h:row15114:1724443200,2024-08-23 20:00:00,2762.48000000,0.00360174,-0.04627210,-0.03079536,-0.06199718,-0.03903896,-0.04916119,0.0002162333,-0.0006088548,-0.0001613816,-0.0006228724,-0.0000297135,-0.0000807248,2763.07740474,2760.79856275,2762.03422258,2760.75986329,2762.39791815,2762.25700832
eth4h:row15115:1724457600,2024-08-24 00:00:00,2746.60000000,-0.00361543,-0.04372746,-0.03666165,-0.06185274,-0.04420390,-0.05006578,0.0000756945,-0.0005593034,-0.0002756149,-0.0006200598,-0.0001302895,-0.0000983397,2746.80791045,2745.06424681,2745.84310046,2744.89747170,2746.24217012,2746.32991333
eth4h:row15116:1724472000,2024-08-24 04:00:00,2758.48000000,-0.00347428,-0.04209588,-0.02880987,-0.06960522,-0.03279454,-0.05811187,0.0000784430,-0.0005275320,-0.0001227184,-0.0007710225,0.0000918831,-0.0002550200,2758.69639192,2757.02519718,2758.14150439,2756.35396965,2758.73346925,2757.77662218
eth4h:row15117:1724486400,2024-08-24 08:00:00,2756.31000000,0.00522108,-0.04655538,-0.02454689,-0.07082759,-0.03473197,-0.05733752,0.0002477664,-0.0006143712,-0.0000397060,-0.0007948255,0.0000541559,-0.0002399411,2756.99300568,2754.61712267,2756.20056000,2754.12008488,2756.45927440,2755.64872725
eth4h:row15118:1724500800,2024-08-24 12:00:00,2761.07000000,-0.00119500,-0.04111274,-0.03978398,-0.06593031,-0.04898272,-0.05021212,0.0001228271,-0.0005083873,-0.0003364155,-0.0006994615,-0.0002233468,-0.0001011895,2761.40915499,2759.66666372,2760.14128944,2759.13941297,2760.45339270,2760.79062288
eth4h:row15119:1724515200,2024-08-24 16:00:00,2793.01000000,0.00494761,-0.04698472,-0.02590778,-0.07483837,-0.03427517,-0.05583600,0.0002424413,-0.0006227315,-0.0000662065,-0.0008729268,0.0000630511,-0.0002107023,2793.68722296,2791.27124616,2792.82509070,2790.57297046,2793.18610794,2792.42156824
eth4h:row15120:1724529600,2024-08-24 20:00:00,2768.00000000,0.01044602,-0.05165069,-0.02481809,-0.06812538,-0.03606717,-0.05220195,0.0003495109,-0.0007135912,-0.0000449871,-0.0007422059,0.0000281557,-0.0001399371,2768.96761527,2766.02548416,2767.87547850,2765.94633630,2768.07793597,2767.61268132
eth4h:row15121:1724544000,2024-08-25 00:00:00,2764.53000000,0.00230760,-0.04708590,-0.03384533,-0.06552511,-0.04534163,-0.04903408,0.0001910328,-0.0006247017,-0.0002207732,-0.0006915713,-0.0001524444,-0.0000782497,2765.05816633,2762.80353264,2763.91973337,2762.61879134,2764.10859495,2764.31368487
eth4h:row15122:1724558400,2024-08-25 04:00:00,2743.40000000,-0.00951390,-0.03679211,-0.03165516,-0.06714581,-0.04220223,-0.04867434,-0.0000391655,-0.0004242526,-0.0001781243,-0.0007231308,-0.0000913113,-0.0000712444,2743.29255534,2742.23635236,2742.91137739,2741.41687999,2743.14950813,2743.20455495
eth4h:row15123:1724572800,2024-08-25 08:00:00,2750.99000000,-0.00215523,-0.03925270,-0.03517261,-0.06163456,-0.04671358,-0.04515146,0.0001041287,-0.0004721671,-0.0002466190,-0.0006158111,-0.0001791602,-0.0000026441,2751.27647181,2749.69137956,2750.31163728,2749.29643123,2750.49717629,2750.98272610
eth4h:row15124:1724587200,2024-08-25 12:00:00,2763.81000000,0.00015850,-0.04230021,-0.04448238,-0.05812516,-0.05302189,-0.04613008,0.0001491836,-0.0005315108,-0.0004279066,-0.0005474731,-0.0003020007,-0.0000217006,2764.22234592,2762.34139540,2762.62760040,2762.29730246,2762.97545336,2763.75002433
eth4h:row15125:1724601600,2024-08-25 16:00:00,2766.30000000,-0.00234704,-0.04146646,-0.03903237,-0.06348145,-0.04499025,-0.05008613,0.0001003936,-0.0005152753,-0.0003217794,-0.0006517753,-0.0001456020,-0.0000987361,2766.57773281,2764.87496099,2765.41000472,2764.49758130,2765.89725060,2766.02687976
eth4h:row15126:1724616000,2024-08-25 20:00:00,2746.13000000,0.00436539,-0.04745658,-0.03091779,-0.06998767,-0.04104470,-0.05054537,0.0002311038,-0.0006319199,-0.0001637656,-0.0007784699,-0.0000687710,-0.0001076788,2746.76471447,2744.39521385,2745.68031519,2743.99305228,2745.94115235,2745.83431593
eth4h:row15127:1724630400,2024-08-26 00:00:00,2744.34000000,-0.00544136,-0.03843895,-0.03915175,-0.06603533,-0.04758872,-0.05024808,0.0000401385,-0.0004563211,-0.0003241043,-0.0007015066,-0.0001962016,-0.0001018897,2744.45015592,2743.08798555,2743.45069181,2742.41550234,2743.80160893,2744.06039437
eth4h:row15128:1724644800,2024-08-26 04:00:00,2733.13000000,-0.00953161,-0.03522873,-0.03558287,-0.06469162,-0.04462831,-0.04998123,-0.0000395103,-0.0003938090,-0.0002546079,-0.0006753408,-0.0001385541,-0.0000966933,2733.02201544,2732.05388066,2732.43421211,2731.28482905,2732.75133992,2732.86573732
eth4h:row15129:1724659200,2024-08-26 08:00:00,2737.35000000,0.00065083,-0.04576984,-0.02709362,-0.06706460,-0.03961001,-0.05013765,0.0001587708,-0.0005990744,-0.0000892981,-0.0007215494,-0.0000408335,-0.0000997392,2737.78464565,2735.71061482,2737.10557085,2735.37557911,2737.23822669,2737.07699244
eth4h:row15130:1724673600,2024-08-26 12:00:00,2721.69000000,-0.00710328,-0.04133317,-0.03226354,-0.06349945,-0.04507963,-0.05010948,0.0000077761,-0.0005126798,-0.0001899712,-0.0006521259,-0.0001473425,-0.0000991908,2721.71116416,2720.29500216,2721.17300627,2719.91569413,2721.28900882,2721.42004675
eth4h:row15131:1724688000,2024-08-26 16:00:00,2680.83000000,-0.00976585,-0.04205427,-0.02386179,-0.07235743,-0.03713415,-0.05579167,-0.0000440717,-0.0005267216,-0.0000263653,-0.0008246159,0.0000073786,-0.0002098391,2680.71185385,2679.41832075,2680.75932008,2678.62025617,2680.84978091,2680.26751608
eth4h:row15132:1724702400,2024-08-26 20:00:00,2680.49000000,0.00234444,-0.05060998,-0.02780720,-0.07039458,-0.03918603,-0.05217429,0.0001917501,-0.0006933256,-0.0001031936,-0.0007863935,-0.0000325774,-0.0001393985,2681.00403347,2678.63219184,2680.21340478,2678.38290861,2680.40267815,2680.11636973
eth4h:row15133:1724716800,2024-08-27 00:00:00,2685.27000000,-0.00148575,-0.04724541,-0.03816083,-0.06365681,-0.04593445,-0.05023124,0.0001171653,-0.0006278080,-0.0003048081,-0.0006551900,-0.0001639882,-0.0001015618,2685.58463896,2683.58469515,2684.45163267,2683.51121406,2684.82968360,2684.99729307
eth4h:row15134:1724731200,2024-08-27 04:00:00,2687.90000000,-0.00255447,-0.04954408,-0.03346815,-0.06792925,-0.04030389,-0.05478384,0.0000963545,-0.0006725696,-0.0002134284,-0.0007383867,-0.0000543452,-0.0001902139,2688.15900368,2686.09280805,2687.32638696,2685.91602294,2687.75392958,2687.38877275
eth4h:row15135:1724745600,2024-08-27 08:00:00,2626.67000000,0.00859017,-0.05995496,-0.02886602,-0.07013257,-0.03543504,-0.05364387,0.0003133722,-0.0008752989,-0.0001238118,-0.0007812915,0.0000404652,-0.0001680154,2627.49325442,2624.37188462,2626.34480739,2624.61860650,2626.77629079,2626.22871593
eth4h:row15136:1724760000,2024-08-27 12:00:00,2579.30000000,-0.00236409,-0.04616496,-0.03706219,-0.06360440,-0.04280172,-0.04965382,0.0001000617,-0.0006067685,-0.0002834146,-0.0006541695,-0.0001029850,-0.0000903178,2579.55810197,2577.73543676,2578.56909229,2577.61325231,2579.03438445,2579.06705391
eth4h:row15137:1724774400,2024-08-27 16:00:00,2584.00000000,-0.00561850,-0.04242410,-0.03298792,-0.06750797,-0.03600352,-0.05204003,0.0000366890,-0.0005339233,-0.0002040769,-0.0007301831,0.0000293953,-0.0001367841,2584.09480609,2582.62071050,2583.47271912,2582.11389562,2584.07595847,2583.64657407
eth4h:row15138:1724788800,2024-08-27 20:00:00,2457.33000000,0.00007446,-0.04755756,-0.02741345,-0.07009244,-0.03097638,-0.05394884,0.0001475471,-0.0006338864,-0.0000955262,-0.0007805101,0.0001272879,-0.0001739540,2457.69259858,2455.77282548,2457.09527174,2455.41277744,2457.64280830,2456.90257473
eth4h:row15139:1724803200,2024-08-28 00:00:00,2478.45000000,-0.00273656,-0.04564267,-0.03164038,-0.06793937,-0.03771712,-0.05142223,0.0000928086,-0.0005965981,-0.0001778364,-0.0007385837,-0.0000039735,-0.0001247537,2478.68003222,2476.97180243,2478.00928050,2476.62013300,2478.44015197,2478.14082339
eth4h:row15140:1724817600,2024-08-28 04:00:00,2437.02000000,-0.00622593,-0.03816782,-0.03135338,-0.06901044,-0.03320888,-0.05488255,0.0000248606,-0.0004510415,-0.0001722478,-0.0007594404,0.0000838148,-0.0001921359,2437.08058650,2435.92105081,2436.60026484,2435.16993111,2437.22426691,2436.55180583
eth4h:row15141:1724832000,2024-08-28 08:00:00,2523.20000000,-0.00093519,-0.04129298,-0.02672526,-0.07236418,-0.03207370,-0.05618721,0.0001278864,-0.0005118972,-0.0000821251,-0.0008247473,0.0001059199,-0.0002175413,2523.52270372,2521.90871149,2522.99279042,2521.11985540,2523.46727135,2522.65115947
eth4h:row15142:1724846400,2024-08-28 12:00:00,2496.05000000,-0.00341993,-0.03861707,-0.03240242,-0.06728765,-0.03632776,-0.05372898,0.0000795015,-0.0004597897,-0.0001926756,-0.0007258929,0.0000230814,-0.0001696726,2496.24844768,2494.90260566,2495.56911837,2494.23879237,2496.10761287,2495.62652464
eth4h:row15143:1724860800,2024-08-28 16:00:00,2504.88000000,-0.00492292,-0.03651558,-0.03271737,-0.06879875,-0.03601775,-0.05259433,0.0000502340,-0.0004188676,-0.0001988086,-0.0007553183,0.0000291180,-0.0001475778,2505.00583338,2503.83100655,2504.38205781,2502.98873266,2504.95293817,2504.51036269
eth4h:row15144:1724875200,2024-08-28 20:00:00,2528.33000000,-0.01059662,-0.03515656,-0.03167548,-0.06546587,-0.03781137,-0.05334406,-0.0000602491,-0.0003924037,-0.0001785201,-0.0006904176,-0.0000058088,-0.0001621773,2528.17767486,2527.33806849,2527.87868266,2526.58499895,2528.31531352,2527.91999559
eth4h:row15145:1724889600,2024-08-29 00:00:00,2523.40000000,-0.01203733,-0.03109159,-0.03265932,-0.06709717,-0.03877141,-0.05289025,-0.0000883037,-0.0003132471,-0.0001976781,-0.0007221837,-0.0000245034,-0.0001533402,2523.17718417,2522.60967599,2522.90122837,2521.57829947,2523.33816880,2523.01309099
eth4h:row15146:1724904000,2024-08-29 04:00:00,2547.53000000,-0.01497476,-0.03020078,-0.03570744,-0.06240449,-0.04185206,-0.04874132,-0.0001455040,-0.0002959006,-0.0002570337,-0.0006308038,-0.0000844926,-0.0000725488,2547.15935125,2546.77629587,2546.87528309,2545.92351507,2547.31476165,2547.34518658
eth4h:row15147:1724918400,2024-08-29 08:00:00,2555.21000000,-0.01308458,-0.02928160,-0.03239384,-0.06526503,-0.03916163,-0.04979577,-0.0001086967,-0.0002780016,-0.0001925085,-0.0006865067,-0.0000321022,-0.0000930819,2554.93227209,2554.49974629,2554.71814776,2553.45643318,2555.12797344,2554.97216726
eth4h:row15148:1724932800,2024-08-29 12:00:00,2575.97000000,-0.01187025,-0.03587042,-0.03097131,-0.06869945,-0.03463060,-0.05707017,-0.0000850504,-0.0004063045,-0.0001648079,-0.0007533846,0.0000561297,-0.0002347352,2575.75092209,2574.92358433,2575.54549482,2574.03003470,2576.11459257,2575.36540010
eth4h:row15149:1724947200,2024-08-29 16:00:00,2528.54000000,-0.01033099,-0.03695837,-0.02610704,-0.07246293,-0.03431130,-0.05653206,-0.0000550766,-0.0004274900,-0.0000700866,-0.0008266703,0.0000623475,-0.0002242567,2528.40074041,2527.45930551,2528.36278937,2526.45059484,2528.69765295,2527.97302162
eth4h:row15150:1724961600,2024-08-29 20:00:00,2527.61000000,-0.00897335,-0.04091983,-0.02519920,-0.07225268,-0.03531977,-0.05546891,-0.0000286394,-0.0005046308,-0.0000524084,-0.0008225760,0.0000427098,-0.0002035541,2527.53761177,2526.33481186,2527.47753538,2525.53170351,2527.71795592,2527.09554709
eth4h:row15151:1724976000,2024-08-30 00:00:00,2516.80000000,-0.01020141,-0.03701049,-0.02416750,-0.07547337,-0.03395507,-0.05777115,-0.0000525533,-0.0004285050,-0.0000323184,-0.0008852920,0.0000692842,-0.0002483853,2516.66773729,2515.72176970,2516.71866244,2514.57288294,2516.97438054,2516.17494153
eth4h:row15152:1724990400,2024-08-30 04:00:00,2517.41000000,-0.00310348,-0.04763566,-0.01691493,-0.07489282,-0.02932943,-0.05721664,0.0000856635,-0.0006354072,0.0001089098,-0.0008739871,0.0001593586,-0.0002375873,2517.62565947,2515.81092768,2517.68418565,2515.21077731,2517.81120282,2516.81196647
eth4h:row15153:1725004800,2024-08-30 08:00:00,2512.44000000,0.00252880,-0.04891540,-0.01487633,-0.07728197,-0.02666233,-0.05721576,0.0001953400,-0.0006603274,0.0001486071,-0.0009205106,0.0002112947,-0.0002375702,2512.93082808,2510.78151469,2512.81339420,2510.12833647,2512.97092137,2511.84319014
eth4h:row15154:1725019200,2024-08-30 12:00:00,2448.75000000,0.00251455,-0.05136274,-0.01545712,-0.07795411,-0.02739542,-0.05780595,0.0001950626,-0.0007079840,0.0001372975,-0.0009335992,0.0001970193,-0.0002490628,2449.22770624,2447.01693777,2449.08623040,2446.46491579,2449.23249859,2448.14018333
eth4h:row15155:1725033600,2024-08-30 16:00:00,2506.94000000,-0.00301008,-0.04624961,-0.01297912,-0.07851149,-0.02505217,-0.06141537,0.0000874823,-0.0006084169,0.0001855513,-0.0009444529,0.0002426491,-0.0003193485,2507.15932248,2505.41519917,2507.40520912,2504.57343089,2507.54838053,2506.13954037
eth4h:row15156:1725048000,2024-08-30 20:00:00,2526.00000000,0.00629903,-0.04816683,-0.02644917,-0.06905597,-0.03118722,-0.05645423,0.0002687572,-0.0006457505,-0.0000767489,-0.0007603272,0.0001231822,-0.0002227411,2526.67897185,2524.36936076,2525.80613976,2524.08014352,2526.31117734,2525.43741859
eth4h:row15157:1725062400,2024-08-31 00:00:00,2523.52000000,0.00295241,-0.05024354,-0.02943065,-0.06405324,-0.03840108,-0.05275942,0.0002035889,-0.0006861901,-0.0001348068,-0.0006629097,-0.0000172922,-0.0001507925,2524.03381306,2521.78897965,2523.17983517,2521.84768854,2523.47636322,2523.13950072
eth4h:row15158:1725076800,2024-08-31 04:00:00,2521.01000000,0.00234116,-0.04846464,-0.03177574,-0.06326737,-0.03911991,-0.05012862,0.0001916862,-0.0006515498,-0.0001804723,-0.0006476065,-0.0000312899,-0.0000995634,2521.49328927,2519.36797141,2520.55506856,2519.37790605,2520.93111913,2520.75901220
eth4h:row15159:1725091200,2024-08-31 08:00:00,2525.50000000,0.00364114,-0.04686368,-0.02986922,-0.06475756,-0.03135019,-0.05850368,0.0002170005,-0.0006203745,-0.0001433471,-0.0006766248,0.0001200088,-0.0002626497,2526.04809423,2523.93373020,2525.13800293,2523.79176218,2525.80310029,2524.83676540
eth4h:row15160:1725105600,2024-08-31 12:00:00,2519.19000000,-0.01002513,-0.03406228,-0.04072484,-0.05347598,-0.04729227,-0.04530113,-0.0000491206,-0.0003710950,-0.0003547367,-0.0004569404,-0.0001904288,-0.0000055586,2519.06625885,2518.25531471,2518.29650929,2518.03914320,2518.71031922,2519.17599698
eth4h:row15161:1725120000,2024-08-31 16:00:00,2499.80000000,-0.00451033,-0.04426034,-0.04263898,-0.05539282,-0.04693690,-0.04711812,0.0000582682,-0.0005696801,-0.0003920105,-0.0004942668,-0.0001835088,-0.0000409405,2499.94566309,2498.37631927,2498.82024413,2498.56473725,2499.34130684,2499.69765911
eth4h:row15162:1725134400,2024-08-31 20:00:00,2513.01000000,-0.01226525,-0.03493325,-0.04959526,-0.04862462,-0.05389173,-0.04412454,-0.0000927422,-0.0003880553,-0.0005274690,-0.0003624707,-0.0003189391,0.0000173531,2512.77694885,2512.03500239,2511.68481456,2512.09927245,2512.20863054,2513.05360890
eth4h:row15163:1725148800,2024-09-01 00:00:00,2488.74000000,-0.00463157,-0.04127319,-0.03914395,-0.05438078,-0.04524872,-0.04849642,0.0000559074,-0.0005115119,-0.0003239522,-0.0004745594,-0.0001506351,-0.0000677798,2488.87914285,2487.46730548,2487.93389772,2487.55922517,2488.36513670,2488.57131931
eth4h:row15164:1725163200,2024-09-01 04:00:00,2486.82000000,-0.00966235,-0.03744560,-0.04902890,-0.05045338,-0.05105143,-0.04769395,-0.0000420562,-0.0004369779,-0.0005164403,-0.0003980819,-0.0002636304,-0.0000521534,2486.71541600,2485.73355205,2485.53603741,2485.83023899,2486.16448510,2486.69030719
eth4h:row15165:1725177600,2024-09-01 08:00:00,2477.74000000,-0.00430345,-0.04156591,-0.04173484,-0.05561905,-0.04426789,-0.04716719,0.0000622969,-0.0005172119,-0.0003744043,-0.0004986721,-0.0001315355,-0.0000418960,2477.89436031,2476.45881467,2476.81249713,2476.50472824,2477.41411067,2477.63619480
eth4h:row15166:1725192000,2024-09-01 12:00:00,2480.83000000,-0.00765150,-0.04031190,-0.04612794,-0.05143722,-0.04872479,-0.04602364,-0.0000028992,-0.0004927928,-0.0004599504,-0.0004172399,-0.0002183240,-0.0000196279,2480.82280759,2479.60776591,2479.68920351,2479.79511454,2480.28843440,2480.78130693
eth4h:row15167:1725206400,2024-09-01 16:00:00,2501.71000000,-0.00723224,-0.04080407,-0.04683068,-0.05264107,-0.04809726,-0.05099981,0.0000052650,-0.0005023768,-0.0004736348,-0.0004406823,-0.0002061043,-0.0001165281,2501.72317145,2500.45351458,2500.52538373,2500.60778351,2501.19443994,2501.41849759
eth4h:row15168:1725220800,2024-09-01 20:00:00,2425.72000000,-0.00992577,-0.03790556,-0.03984692,-0.05292203,-0.04150983,-0.05245198,-0.0000471858,-0.0004459345,-0.0003376412,-0.0004461534,-0.0000778283,-0.0001448058,2425.60554319,2424.63852892,2424.90111528,2424.63799807,2425.53121764,2425.36876714
eth4h:row15169:1725235200,2024-09-02 00:00:00,2450.52000000,-0.00760471,-0.03743339,-0.04591688,-0.04903444,-0.04870687,-0.04672035,-0.0000019881,-0.0004367399,-0.0004558405,-0.0003704509,-0.0002179752,-0.0000331947,2450.51512820,2449.44999370,2449.40320828,2449.61237067,2449.98590558,2450.43865701
eth4h:row15170:1725249600,2024-09-02 04:00:00,2441.14000000,-0.00354009,-0.04047869,-0.03872242,-0.05622162,-0.04040544,-0.05257956,0.0000771616,-0.0004960407,-0.0003157440,-0.0005104059,-0.0000563227,-0.0001472902,2441.32836957,2439.92939550,2440.36934648,2439.89434566,2441.00251236,2440.78047047
eth4h:row15171:1725264000,2024-09-02 08:00:00,2515.81000000,-0.00586026,-0.03935963,-0.03547969,-0.05609861,-0.03747547,-0.05431025,0.0000319813,-0.0004742494,-0.0002525988,-0.0005080106,0.0000007322,-0.0001809918,2515.89046018,2514.61716156,2515.17458974,2514.53226652,2515.81184203,2515.35470033
eth4h:row15172:1725278400,2024-09-02 12:00:00,2513.20000000,0.00238390,-0.04543474,-0.03287562,-0.06134522,-0.03419278,-0.05867875,0.0001925185,-0.0005925491,-0.0002018902,-0.0006101769,0.0000646554,-0.0002660588,2513.68388395,2511.71124674,2512.69266080,2511.66697105,2513.36249733,2512.53142987
eth4h:row15173:1725292800,2024-09-02 16:00:00,2524.25000000,-0.01127328,-0.03418413,-0.04288986,-0.05640947,-0.04457905,-0.05247394,-0.0000734257,-0.0003734677,-0.0003968958,-0.0005140638,-0.0001375948,-0.0001452335,2524.06466205,2523.30745025,2523.24833458,2522.95270803,2523.90270026,2523.88342097
eth4h:row15174:1725307200,2024-09-02 20:00:00,2538.01000000,-0.00649570,-0.03898859,-0.03766861,-0.05902185,-0.04343420,-0.05132408,0.0000196074,-0.0004670242,-0.0002952233,-0.0005649343,-0.0001153012,-0.0001228424,2538.05976423,2536.82496467,2537.26083096,2536.57659614,2537.71738131,2537.69824392
eth4h:row15175:1725321600,2024-09-03 00:00:00,2516.00000000,0.00040383,-0.04216284,-0.04066798,-0.05388064,-0.04194505,-0.05174365,0.0001539609,-0.0005288358,-0.0003536294,-0.0004648202,-0.0000863033,-0.0001310127,2516.38739554,2514.66980098,2515.11042564,2514.83078406,2515.78287039,2515.67039375
eth4h:row15176:1725336000,2024-09-03 04:00:00,2519.55000000,-0.01272797,-0.02864495,-0.04714301,-0.04786276,-0.04434113,-0.05128666,-0.0001017524,-0.0002656042,-0.0004797167,-0.0003476350,-0.0001329618,-0.0001221138,2519.29364267,2518.88088589,2518.34161969,2518.67426835,2519.21501832,2519.24234700
eth4h:row15177:1725350400,2024-09-03 08:00:00,2509.59000000,-0.01034628,-0.03203526,-0.03623417,-0.05824218,-0.03527408,-0.05673813,-0.0000553743,-0.0003316231,-0.0002672906,-0.0005497518,0.0000435994,-0.0002282694,2509.45103699,2508.75789988,2508.91929994,2508.21072754,2509.69941904,2509.01720278
eth4h:row15178:1725364800,2024-09-03 12:00:00,2444.01000000,-0.00982605,-0.03383565,-0.04235187,-0.05583667,-0.04281940,-0.05151255,-0.0000452440,-0.0003666818,-0.0003864196,-0.0005029097,-0.0001033294,-0.0001265124,2443.89942575,2443.11399029,2443.06576915,2442.78119267,2443.75747488,2443.70082189
eth4h:row15179:1725379200,2024-09-03 16:00:00,2447.60000000,-0.00847678,-0.03272514,-0.04074993,-0.05701960,-0.04204147,-0.05407635,-0.0000189699,-0.0003450570,-0.0003552254,-0.0005259447,-0.0000881809,-0.0001764370,2447.55356981,2446.75558409,2446.73070481,2446.31303626,2447.38417788,2447.16819091
eth4h:row15180:1725393600,2024-09-03 20:00:00,2425.29000000,-0.00481485,-0.03951319,-0.03283819,-0.06219079,-0.03596187,-0.05745556,0.0000523383,-0.0004772396,-0.0002011613,-0.0006266425,0.0000302063,-0.0002422398,2425.41693894,2424.13283183,2424.80217462,2423.77068623,2425.36326009,2424.70256933
eth4h:row15181:1725408000,2024-09-04 00:00:00,2373.00000000,-0.00147765,-0.04902872,-0.02740636,-0.06615575,-0.03610435,-0.05746485,0.0001173232,-0.0006625341,-0.0000953881,-0.0007038515,0.0000274317,-0.0002424206,2373.27842423,2371.42832725,2372.77365481,2371.33034806,2373.06509630,2372.42480564
eth4h:row15182:1725422400,2024-09-04 04:00:00,2401.52000000,-0.00067620,-0.04804116,-0.02728876,-0.06560823,-0.03495084,-0.05419374,0.0001329296,-0.0006433035,-0.0000930981,-0.0006931899,0.0000498937,-0.0001787229,2401.83925423,2399.97559053,2401.29643344,2399.85586754,2401.63982380,2401.09083165
eth4h:row15183:1725436800,2024-09-04 08:00:00,2398.77000000,-0.00514637,-0.04088289,-0.03155329,-0.06328045,-0.03433829,-0.05562790,0.0000458827,-0.0005039115,-0.0001761407,-0.0006478613,0.0000618220,-0.0002066501,2398.88006450,2397.56153672,2398.34751622,2397.21643311,2398.91830125,2398.27434504
eth4h:row15184:1725451200,2024-09-04 12:00:00,2455.40000000,-0.00311415,-0.04881087,-0.02783462,-0.06475475,-0.03457415,-0.05874806,0.0000854558,-0.0006582919,-0.0001037275,-0.0006765702,0.0000572290,-0.0002674084,2455.60983707,2453.78416207,2455.14532062,2453.73931138,2455.54052420,2454.74349317
eth4h:row15185:1725465600,2024-09-04 16:00:00,2452.16000000,-0.00307946,-0.04771189,-0.03252723,-0.06400672,-0.03188934,-0.05924132,0.0000861313,-0.0006368917,-0.0001951061,-0.0006620038,0.0001095099,-0.0002770135,2452.37121679,2450.59873692,2451.68161540,2450.53719805,2452.42855049,2451.48081254
eth4h:row15186:1725480000,2024-09-04 20:00:00,2450.71000000,-0.00003772,-0.04635319,-0.03569236,-0.06143500,-0.03407155,-0.05701189,0.0001453627,-0.0006104339,-0.0002567400,-0.0006119252,0.0000670161,-0.0002336004,2451.06626767,2449.21446009,2450.08088536,2449.21080751,2450.87424256,2450.13758011
eth4h:row15187:1725494400,2024-09-05 00:00:00,2405.55000000,-0.00418722,-0.04696336,-0.03529092,-0.05848702,-0.03935049,-0.05421697,0.0000645602,-0.0006223157,-0.0002489229,-0.0005545195,-0.0000357798,-0.0001791753,2405.70530780,2404.05345423,2404.95127798,2404.21644527,2405.46393146,2405.11902345
eth4h:row15188:1725508800,2024-09-05 04:00:00,2412.40000000,0.00214470,-0.04932019,-0.03348097,-0.06205766,-0.03534649,-0.05546292,0.0001878607,-0.0006682098,-0.0002136780,-0.0006240502,0.0000421893,-0.0002034374,2412.85323767,2410.78854913,2411.88457834,2410.89501102,2412.50177972,2411.90927751
eth4h:row15189:1725523200,2024-09-05 08:00:00,2389.54000000,-0.00028997,-0.04273215,-0.03336182,-0.05633541,-0.03460477,-0.05196906,0.0001404507,-0.0005399219,-0.0002113578,-0.0005126216,0.0000566327,-0.0001354020,2389.87563618,2388.25018321,2389.03500549,2388.31538404,2389.67533003,2389.21647335
eth4h:row15190:1725537600,2024-09-05 12:00:00,2371.43000000,-0.00777512,-0.03942919,-0.04314473,-0.05032486,-0.04768842,-0.04373001,-0.0000053064,-0.0004756039,-0.0004018588,-0.0003955792,-0.0001981431,0.0000250356,2371.41741620,2370.30240686,2370.47721138,2370.49209714,2370.96016404,2371.48937089
eth4h:row15191:1725552000,2024-09-05 16:00:00,2363.97000000,-0.00181728,-0.04723987,-0.04167506,-0.05491692,-0.04256853,-0.05014678,0.0001107097,-0.0006277000,-0.0003732401,-0.0004849997,-0.0000984443,-0.0000999171,2364.23172882,2362.48660156,2363.08783613,2362.82375332,2363.73729205,2363.73381077
eth4h:row15192:1725566400,2024-09-05 20:00:00,2368.81000000,-0.00118576,-0.04195458,-0.04372206,-0.04941956,-0.04448352,-0.04588135,0.0001230070,-0.0005247804,-0.0004131011,-0.0003779503,-0.0001357345,-0.0000168571,2369.10139810,2367.56722112,2367.83164409,2367.91487663,2368.48849254,2368.77006904
eth4h:row15193:1725580800,2024-09-06 00:00:00,2392.63000000,0.00470037,-0.05202162,-0.04006317,-0.05645664,-0.04692744,-0.04881763,0.0002376268,-0.0007208143,-0.0003418521,-0.0005149824,-0.0001833247,-0.0000740347,2393.19862056,2390.90597940,2391.81221420,2391.39815481,2392.19141210,2392.45286891
eth4h:row15194:1725595200,2024-09-06 04:00:00,2344.45000000,-0.00129603,-0.05029221,-0.04319790,-0.05799327,-0.04556038,-0.05305549,0.0001208597,-0.0006871377,-0.0004028941,-0.0005449048,-0.0001567041,-0.0001565579,2344.73336674,2342.83959327,2343.50562507,2343.17284585,2344.08264390,2344.08298661
eth4h:row15195:1725609600,2024-09-06 08:00:00,2372.95000000,0.00455899,-0.05263093,-0.03205058,-0.06127486,-0.03621679,-0.05430173,0.0002348737,-0.0007326793,-0.0001858242,-0.0006088068,0.0000252422,-0.0001808258,2373.50740896,2371.21202540,2372.50908951,2371.50577163,2373.00989931,2372.52094825
eth4h:row15196:1725624000,2024-09-06 12:00:00,2290.21000000,0.00159837,-0.04778872,-0.03889545,-0.05745754,-0.04347290,-0.05253794,0.0001772220,-0.0006383878,-0.0003191134,-0.0005344727,-0.0001160549,-0.0001464798,2290.61591147,2288.74842447,2289.47927994,2288.98627229,2289.94422534,2289.87455514
eth4h:row15197:1725638400,2024-09-06 16:00:00,2222.56000000,-0.00928317,-0.04408181,-0.03630182,-0.06114325,-0.04133203,-0.05456086,-0.0000346726,-0.0005662036,-0.0002686079,-0.0006062440,-0.0000743660,-0.0001858718,2222.48293943,2221.30193475,2221.96308297,2221.21299466,2222.39472317,2222.14692716
eth4h:row15198:1725652800,2024-09-06 20:00:00,2225.23000000,-0.00642251,-0.04259358,-0.02747753,-0.06302586,-0.03082370,-0.05750918,0.0000210327,-0.0005372236,-0.0000967740,-0.0006429038,0.0001302610,-0.0002432838,2225.27680307,2224.03487488,2225.01466612,2223.79985105,2225.51987949,2224.68870333
eth4h:row15199:1725667200,2024-09-07 00:00:00,2238.41000000,-0.00315314,-0.04531826,-0.03797438,-0.05712887,-0.04291797,-0.05142859,0.0000846967,-0.0005902809,-0.0003011775,-0.0005280725,-0.0001052489,-0.0001248776,2238.59959395,2237.08909933,2237.73594273,2237.22826932,2238.17442222,2238.13049011
eth4h:row15200:1725681600,2024-09-07 04:00:00,2288.11000000,-0.01208024,-0.04083166,-0.03541806,-0.05997847,-0.04284035,-0.05392136,-0.0000891394,-0.0005029139,-0.0002513986,-0.0005835625,-0.0001037374,-0.0001734190,2287.90604828,2286.95956698,2287.53484457,2286.77513443,2287.87264970,2287.71323276
eth4h:row15201:1725696000,2024-09-07 08:00:00,2283.70000000,-0.00039857,-0.05046104,-0.02819851,-0.06475420,-0.03529114,-0.05368631,0.0001383360,-0.0006904253,-0.0001108134,-0.0006765595,0.0000432673,-0.0001688418,2284.01593972,2282.12381982,2283.44694937,2282.15546370,2283.79881171,2283.31444842
eth4h:row15202:1725710400,2024-09-07 12:00:00,2300.49000000,0.00155700,-0.05004561,-0.03735199,-0.05571229,-0.04472931,-0.04855635,0.0001764165,-0.0006823358,-0.0002890578,-0.0005004877,-0.0001405207,-0.0000689469,2300.89588009,2298.92082883,2299.82512155,2299.33892119,2300.16675626,2300.33139382
eth4h:row15203:1725724800,2024-09-07 16:00:00,2290.44000000,-0.00699573,-0.04167360,-0.03941050,-0.05779712,-0.04465559,-0.04850929,0.0000098705,-0.0005193090,-0.0003291427,-0.0005410854,-0.0001390852,-0.0000680305,2290.46260793,2289.25086276,2289.68624234,2289.20101169,2290.12145577,2290.28418541
eth4h:row15204:1725739200,2024-09-07 20:00:00,2273.58000000,-0.00066226,-0.04676799,-0.03678295,-0.05743702,-0.03703336,-0.05211259,0.0001332012,-0.0006185113,-0.0002779769,-0.0005340732,0.0000093413,-0.0001381969,2273.88286367,2272.17419990,2272.94808521,2272.36606615,2273.60123833,2273.26581995
eth4h:row15205:1725753600,2024-09-08 00:00:00,2286.04000000,-0.00174396,-0.03865318,-0.04465559,-0.04970420,-0.04374716,-0.04827734,0.0001121373,-0.0004604928,-0.0004312795,-0.0003834931,-0.0001213956,-0.0000635138,2286.29636471,2284.98753738,2285.05429031,2285.16348746,2285.76250169,2285.89480954
eth4h:row15206:1725768000,2024-09-08 04:00:00,2294.94000000,-0.01116227,-0.03416803,-0.04514464,-0.05404088,-0.04383801,-0.05268421,-0.0000712639,-0.0003731543,-0.0004408028,-0.0004679407,-0.0001231646,-0.0001493281,2294.77645940,2294.08379306,2293.92860685,2293.86635540,2294.65736207,2294.59732666
eth4h:row15207:1725782400,2024-09-08 08:00:00,2296.60000000,-0.00905447,-0.03547254,-0.03994563,-0.05501065,-0.04270503,-0.05196678,-0.0000302191,-0.0003985567,-0.0003395633,-0.0004868248,-0.0001011023,-0.0001353576,2296.53059989,2295.68485695,2295.82029141,2295.48223021,2296.36782031,2296.28915870
eth4h:row15208:1725796800,2024-09-08 12:00:00,2245.74000000,-0.00461893,-0.04116674,-0.03962722,-0.05406413,-0.04449261,-0.04840305,0.0000561535,-0.0005094389,-0.0003333629,-0.0004683934,-0.0001359115,-0.0000659617,2245.86610960,2244.59622403,2244.99147826,2244.68835661,2245.43479880,2245.59187217
eth4h:row15209:1725811200,2024-09-08 16:00:00,2272.09000000,-0.01597314,-0.03056477,-0.04740134,-0.04892071,-0.05169834,-0.04745876,-0.0001649452,-0.0003029885,-0.0004847470,-0.0003682364,-0.0002762276,-0.0000475737,2271.71526057,2271.40168707,2270.98887801,2271.25348782,2271.46247274,2271.98191082
eth4h:row15210:1725825600,2024-09-08 20:00:00,2297.30000000,-0.00922569,-0.03589010,-0.03039023,-0.06141557,-0.03479593,-0.05456466,-0.0000335531,-0.0004066878,-0.0001534925,-0.0006115468,0.0000529103,-0.0001859458,2297.22291971,2296.36590599,2296.94740875,2295.89552296,2297.42155410,2296.87286644
eth4h:row15211:1725840000,2024-09-09 00:00:00,2304.23000000,-0.00440793,-0.04117312,-0.03495690,-0.05912680,-0.04039831,-0.05087567,0.0000602622,-0.0005095631,-0.0002424185,-0.0005669779,-0.0000561840,-0.0001141107,2304.36886223,2303.05614852,2303.67147968,2302.92392279,2304.10054286,2303.96707779
eth4h:row15212:1725854400,2024-09-09 04:00:00,2314.33000000,-0.00509225,-0.04072952,-0.03882721,-0.05722413,-0.04039902,-0.05096439,0.0000469366,-0.0005009251,-0.0003177844,-0.0005299275,-0.0000561977,-0.0001158383,2314.43862924,2313.17098435,2313.59465884,2313.10389773,2314.19994352,2314.06192742
eth4h:row15213:1725868800,2024-09-09 08:00:00,2315.29000000,-0.00822549,-0.03865425,-0.03390476,-0.06300406,-0.03266501,-0.05803918,-0.0000140765,-0.0004605137,-0.0002219303,-0.0006424792,0.0000944055,-0.0002536045,2315.25740913,2314.22402272,2314.77622391,2313.80295199,2315.50858642,2314.70290639
eth4h:row15214:1725883200,2024-09-09 12:00:00,2292.55000000,-0.00136845,-0.04396625,-0.03403738,-0.06074143,-0.03763610,-0.05601843,0.0001194495,-0.0005639533,-0.0002245128,-0.0005984193,-0.0000023958,-0.0002142549,2292.82386037,2291.25747328,2292.03535087,2291.17850414,2292.54450745,2292.05886262
eth4h:row15215:1725897600,2024-09-09 16:00:00,2350.57000000,-0.00429862,-0.03716516,-0.03675332,-0.05898261,-0.03661044,-0.05442408,0.0000623909,-0.0004315169,-0.0002774000,-0.0005641702,0.0000175767,-0.0001832084,2350.71665876,2349.55590808,2349.91804231,2349.24425236,2350.61131567,2350.13939539
eth4h:row15216:1725912000,2024-09-09 20:00:00,2359.50000000,-0.01150038,-0.03184272,-0.04069367,-0.05358145,-0.04058041,-0.05184754,-0.0000778478,-0.0003278739,-0.0003541297,-0.0004589942,-0.0000597300,-0.0001330357,2359.31632519,2358.72650840,2358.66457894,2358.41725160,2359.35907136,2359.18612313
eth4h:row15217:1725926400,2024-09-10 00:00:00,2340.84000000,-0.00530260,-0.04183403,-0.03208419,-0.05653040,-0.03608757,-0.05408054,0.0000428406,-0.0005224329,-0.0001864788,-0.0005164188,0.0000277584,-0.0001765185,2340.94028502,2339.61738752,2340.40352370,2339.63145839,2340.90497893,2340.42683483
eth4h:row15218:1725940800,2024-09-10 04:00:00,2363.51000000,-0.01512577,-0.03136656,-0.04311981,-0.05138949,-0.04181838,-0.05206356,-0.0001484445,-0.0003186016,-0.0004013737,-0.0004163105,-0.0000838367,-0.0001372423,2363.15917592,2362.75710197,2362.56153968,2362.52625067,2363.31185948,2363.18564878
eth4h:row15219:1725955200,2024-09-10 08:00:00,2351.00000000,-0.01041456,-0.03370070,-0.04154881,-0.05274767,-0.04256975,-0.05003158,-0.0000567039,-0.0003640540,-0.0003707818,-0.0004427582,-0.0000984680,-0.0000976738,2350.86669297,2350.14426472,2350.12845347,2349.95930592,2350.76851322,2350.77038008
eth4h:row15220:1725969600,2024-09-10 12:00:00,2325.01000000,-0.00915973,-0.03857031,-0.04439762,-0.05151846,-0.04657029,-0.04886296,-0.0000322688,-0.0004588792,-0.0004262561,-0.0004188219,-0.0001763698,-0.0000749174,2324.93497585,2323.94334607,2324.01916139,2324.03643869,2324.59997466,2324.83582284
eth4h:row15221:1725984000,2024-09-10 16:00:00,2380.73000000,-0.00180249,-0.04240887,-0.04291489,-0.05549099,-0.04064984,-0.05381673,0.0001109975,-0.0005336267,-0.0003973833,-0.0004961784,-0.0000610819,-0.0001713814,2380.99426978,2379.45991775,2379.78412566,2379.54902624,2380.58458503,2380.32202213
eth4h:row15222:1725998400,2024-09-10 20:00:00,2388.52000000,0.00144185,-0.04623412,-0.03374526,-0.05747520,-0.03501010,-0.05418078,0.0001741740,-0.0006081152,-0.0002188244,-0.0005348166,0.0000487399,-0.0001784705,2388.93605440,2387.06794635,2387.99739076,2387.24292147,2388.63641903,2388.09375770
eth4h:row15223:1726012800,2024-09-11 00:00:00,2348.31000000,-0.00321918,-0.04862362,-0.03884700,-0.05609592,-0.04495126,-0.05015183,0.0000834107,-0.0006546456,-0.0003181698,-0.0005079580,-0.0001448427,-0.0001000155,2348.50588228,2346.77319226,2347.56295763,2347.11745995,2347.96988897,2348.07514442
eth4h:row15224:1726027200,2024-09-11 04:00:00,2341.66000000,-0.00665485,-0.04357973,-0.03960761,-0.05702901,-0.04084196,-0.05283644,0.0000165084,-0.0005564267,-0.0003329811,-0.0005261281,-0.0000648230,-0.0001522924,2341.69865736,2340.35740036,2340.88040131,2340.42831099,2341.50821152,2341.30341011
eth4h:row15225:1726041600,2024-09-11 08:00:00,2327.59000000,-0.01028549,-0.03466262,-0.04190936,-0.04940260,-0.04130756,-0.05111962,-0.0000541904,-0.0003827853,-0.0003778027,-0.0003776201,-0.0000738896,-0.0001188610,2327.46387029,2326.69920338,2326.71079620,2326.71122110,2327.41802171,2327.31335676
eth4h:row15226:1726056000,2024-09-11 12:00:00,2325.90000000,-0.00365453,-0.04480180,-0.04575815,-0.04804354,-0.04739916,-0.05001891,0.0000749331,-0.0005802239,-0.0004527496,-0.0003511554,-0.0001925104,-0.0000974272,2326.07429348,2324.55084862,2324.84718796,2325.08339113,2325.45228323,2325.67340519
eth4h:row15227:1726070400,2024-09-11 16:00:00,2340.60000000,-0.00630020,-0.04222484,-0.04382392,-0.05184217,-0.04162959,-0.05307098,0.0000234144,-0.0005300432,-0.0004150847,-0.0004251255,-0.0000801604,-0.0001568597,2340.65480436,2339.35970973,2339.62865440,2339.60516262,2340.41238410,2340.23288309
eth4h:row15228:1726084800,2024-09-11 20:00:00,2340.55000000,-0.00348650,-0.04374713,-0.04040768,-0.05218314,-0.04042943,-0.05044068,0.0000782051,-0.0005596864,-0.0003485608,-0.0004317652,-0.0000567898,-0.0001056401,2340.73305000,2339.24039248,2339.73431822,2339.53965016,2340.41708432,2340.30275716
eth4h:row15229:1726099200,2024-09-12 00:00:00,2368.00000000,-0.00218527,-0.04754056,-0.04238399,-0.05306097,-0.04442667,-0.05409395,0.0001035437,-0.0006335553,-0.0003870452,-0.0004488590,-0.0001346275,-0.0001767797,2368.24520413,2366.50021612,2367.08365437,2366.93734049,2367.68122347,2367.58142271
eth4h:row15230:1726113600,2024-09-12 04:00:00,2359.59000000,-0.00748145,-0.04227453,-0.04587498,-0.05195310,-0.04404072,-0.05382124,0.0000004122,-0.0005310109,-0.0004550246,-0.0004272856,-0.0001271120,-0.0001714693,2359.59097262,2358.33736469,2358.51657285,2358.58199664,2359.29008678,2359.18543740
eth4h:row15231:1726128000,2024-09-12 08:00:00,2348.55000000,0.00368423,-0.04904383,-0.03848746,-0.05273499,-0.03889453,-0.05186249,0.0002178397,-0.0006628283,-0.0003111686,-0.0004425112,-0.0000269011,-0.0001333267,2349.06166307,2346.99383028,2347.81931871,2347.51097011,2348.48682229,2348.23689635
eth4h:row15232:1726142400,2024-09-12 12:00:00,2323.20000000,-0.00219326,-0.04460272,-0.04756525,-0.04736850,-0.04702754,-0.04965477,0.0001033882,-0.0005763473,-0.0004879389,-0.0003380105,-0.0001852739,-0.0000903363,2323.44020377,2321.86141579,2322.06669690,2322.41486679,2322.76961161,2322.99014010
eth4h:row15233:1726156800,2024-09-12 16:00:00,2361.03000000,-0.00755518,-0.03952822,-0.04242536,-0.05401892,-0.03670082,-0.05595913,-0.0000010236,-0.0004775323,-0.0003878507,-0.0004675130,0.0000158167,-0.0002131000,2361.02758336,2359.90280099,2360.11445047,2359.92644579,2361.06734401,2360.52691811
eth4h:row15234:1726171200,2024-09-12 20:00:00,2361.76000000,-0.00128668,-0.04329582,-0.04255834,-0.05150494,-0.03771010,-0.05079427,0.0001210420,-0.0005508981,-0.0003904401,-0.0004185588,-0.0000038368,-0.0001125255,2362.04588938,2360.45926922,2360.83805409,2360.77167152,2361.75093841,2361.49425678
eth4h:row15235:1726185600,2024-09-13 00:00:00,2356.04000000,-0.00687705,-0.04117228,-0.05741641,-0.04257466,-0.05310089,-0.04504307,0.0000121814,-0.0005095468,-0.0006797689,-0.0002446608,-0.0003035392,-0.0000005334,2356.06870006,2354.83979305,2354.43898151,2355.46363980,2355.32495801,2356.03874323
eth4h:row15236:1726200000,2024-09-13 04:00:00,2348.88000000,-0.01514899,-0.03468505,-0.05453351,-0.04392818,-0.04774997,-0.04977857,-0.0001488966,-0.0003832220,-0.0006236307,-0.0002710177,-0.0001993416,-0.0000927471,2348.53028577,2347.98003007,2347.41562301,2348.24349831,2348.41181706,2348.66215841
eth4h:row15237:1726214400,2024-09-13 08:00:00,2354.35000000,-0.00112550,-0.04346883,-0.03932681,-0.05230375,-0.03613897,-0.05413105,0.0001241804,-0.0005542672,-0.0003275132,-0.0004341138,0.0000267575,-0.0001775022,2354.64238233,2353.04542250,2353.57904564,2353.32816601,2354.41299733,2353.93213478
eth4h:row15238:1726228800,2024-09-13 12:00:00,2407.79000000,-0.00278722,-0.03883544,-0.05006876,-0.04725702,-0.04649302,-0.04863881,0.0000918221,-0.0004640418,-0.0005366894,-0.0003358397,-0.0001748651,-0.0000705527,2408.01109838,2406.67294388,2406.49811129,2406.98150426,2407.36899834,2407.62012994
eth4h:row15239:1726243200,2024-09-13 16:00:00,2421.07000000,-0.01145469,-0.03677025,-0.04365447,-0.05640582,-0.04040816,-0.05185985,-0.0000769582,-0.0004238269,-0.0004117849,-0.0005139927,-0.0000563758,-0.0001332754,2420.88368603,2420.04410284,2420.07324519,2419.82590753,2420.93351417,2420.74735246
eth4h:row15240:1726257600,2024-09-13 20:00:00,2439.19000000,-0.00122379,-0.04930417,-0.03415665,-0.05990783,-0.03424937,-0.05435019,0.0001222665,-0.0006678979,-0.0002268353,-0.0005821868,0.0000635535,-0.0001817694,2439.48824940,2437.56141412,2438.63676825,2437.77034914,2439.34502408,2438.74667017
eth4h:row15241:1726272000,2024-09-14 00:00:00,2432.94000000,-0.00405907,-0.04428466,-0.04168287,-0.05508604,-0.04195460,-0.05484419,0.0000670556,-0.0005701536,-0.0003733922,-0.0004882928,-0.0000864892,-0.0001913891,2433.10314783,2431.55324576,2432.03172878,2431.75230295,2432.72958595,2432.47440647
eth4h:row15242:1726286400,2024-09-14 04:00:00,2420.23000000,-0.01102148,-0.03774309,-0.04152646,-0.05603244,-0.04209490,-0.05266061,-0.0000685224,-0.0004427708,-0.0003703466,-0.0005067219,-0.0000892213,-0.0001488684,2420.06416568,2419.15863004,2419.33384202,2419.00392705,2420.01407350,2419.86973098
eth4h:row15243:1726300800,2024-09-14 08:00:00,2417.07000000,-0.00040721,-0.04546729,-0.02965518,-0.06312893,-0.03242224,-0.05555568,0.0001381677,-0.0005931828,-0.0001391791,-0.0006449108,0.0000991329,-0.0002052437,2417.40398402,2415.63666076,2416.73361780,2415.51170787,2417.30962306,2416.57396251
eth4h:row15244:1726315200,2024-09-14 12:00:00,2418.54000000,-0.00386207,-0.04194590,-0.03894499,-0.05697583,-0.03734324,-0.05492393,0.0000708917,-0.0005246115,-0.0003200779,-0.0005250925,0.0000033070,-0.0001929417,2418.71146040,2417.27153886,2417.76600267,2417.27037625,2418.54799809,2418.07340769
eth4h:row15245:1726329600,2024-09-14 16:00:00,2408.71000000,-0.00963031,-0.03945152,-0.03728726,-0.05903747,-0.03454798,-0.05801357,-0.0000414323,-0.0004760388,-0.0002877973,-0.0005652384,0.0000577386,-0.0002531057,2408.61020358,2407.56363337,2408.01687951,2407.34888944,2408.84907949,2408.10041882
eth4h:row15246:1726344000,2024-09-14 20:00:00,2417.79000000,-0.00433408,-0.04489063,-0.03328296,-0.06249605,-0.03482033,-0.05652828,0.0000617003,-0.0005819536,-0.0002098222,-0.0006325869,0.0000524353,-0.0002241830,2417.93918298,2416.38336771,2417.28274717,2416.26102136,2417.91678091,2417.24803342
eth4h:row15247:1726358400,2024-09-15 00:00:00,2420.09000000,-0.00643759,-0.04002914,-0.04052344,-0.05750972,-0.04275438,-0.05229106,0.0000207390,-0.0004872866,-0.0003508148,-0.0005354889,-0.0001020633,-0.0001416723,2420.14019087,2418.91100981,2419.24114549,2418.79441562,2419.84301026,2419.74716466
eth4h:row15248:1726372800,2024-09-15 04:00:00,2422.90000000,-0.00798010,-0.03934839,-0.03830686,-0.05609155,-0.04169565,-0.05087533,-0.0000092980,-0.0004740306,-0.0003076517,-0.0005078730,-0.0000814469,-0.0001141040,2422.87747202,2421.75174347,2422.15470523,2421.66978687,2422.70267045,2422.62355321
eth4h:row15249:1726387200,2024-09-15 08:00:00,2406.86000000,0.00098349,-0.04723614,-0.03260275,-0.05837311,-0.03553305,-0.05385140,0.0001652485,-0.0006276275,-0.0001965766,-0.0005523015,0.0000385566,-0.0001720566,2407.25776280,2405.34986244,2406.38691407,2405.53105462,2406.95280209,2406.44591943
eth4h:row15250:1726401600,2024-09-15 12:00:00,2408.71000000,-0.00031899,-0.04678281,-0.03344044,-0.05931621,-0.03689668,-0.05335512,0.0001398855,-0.0006187997,-0.0002128887,-0.0005706662,0.0000120027,-0.0001623926,2409.04696710,2407.21995201,2408.19726742,2407.33582267,2408.73891129,2408.31887514
eth4h:row15251:1726416000,2024-09-15 16:00:00,2372.35000000,-0.00699799,-0.04258104,-0.03353932,-0.06263497,-0.03837576,-0.05337831,0.0000098264,-0.0005369793,-0.0002148143,-0.0006352921,-0.0000167990,-0.0001628441,2372.37331179,2371.07643907,2371.84044011,2370.84334349,2372.31014713,2371.96370831
eth4h:row15252:1726430400,2024-09-15 20:00:00,2316.10000000,-0.00445597,-0.04346026,-0.03802403,-0.05999259,-0.04106089,-0.05214941,0.0000593267,-0.0005541004,-0.0003021444,-0.0005838372,-0.0000690863,-0.0001389139,2316.23741072,2314.81700357,2315.40030915,2314.74816922,2315.93999479,2315.77828380
eth4h:row15253:1726444800,2024-09-16 00:00:00,2278.38000000,-0.00258743,-0.04026881,-0.04045716,-0.05675504,-0.03928339,-0.05336236,0.0000957126,-0.0004919537,-0.0003495241,-0.0005207930,-0.0000344732,-0.0001625336,2278.59808018,2277.25941824,2277.58379034,2277.19374447,2278.30145838,2278.00971680
eth4h:row15254:1726459200,2024-09-16 04:00:00,2310.69000000,-0.00547337,-0.03739823,-0.04301580,-0.05246503,-0.03910528,-0.05308843,0.0000395152,-0.0004360554,-0.0003993483,-0.0004372543,-0.0000310049,-0.0001571994,2310.78130924,2309.68263071,2309.76741412,2309.67986177,2310.61835832,2310.32678937
eth4h:row15255:1726473600,2024-09-16 08:00:00,2307.80000000,-0.00196146,-0.04887213,-0.03238126,-0.06042168,-0.03761592,-0.05245858,0.0001079020,-0.0006594847,-0.0001922636,-0.0005921929,-0.0000020028,-0.0001449343,2308.04902968,2306.27854286,2307.35633678,2306.43374176,2307.79537795,2307.46554479
eth4h:row15256:1726488000,2024-09-16 12:00:00,2287.72000000,-0.00751530,-0.04847997,-0.03329452,-0.05892294,-0.04499441,-0.04889464,-0.0000002471,-0.0006518484,-0.0002100474,-0.0005630081,-0.0001456829,-0.0000755343,2287.71943479,2286.22923933,2287.23952086,2286.43235757,2287.38674253,2287.54720522
eth4h:row15257:1726502400,2024-09-16 16:00:00,2275.22000000,-0.00977900,-0.04131867,-0.03391257,-0.05828192,-0.04283350,-0.05192711,-0.0000443276,-0.0005123975,-0.0002220824,-0.0005505257,-0.0001036039,-0.0001345852,2275.11914712,2274.05448168,2274.71476981,2273.96777769,2274.98429047,2274.91380966
eth4h:row15258:1726516800,2024-09-16 20:00:00,2295.68000000,-0.00926100,-0.03675282,-0.03850534,-0.05398775,-0.04171874,-0.05286784,-0.0000342408,-0.0004234874,-0.0003115168,-0.0004669060,-0.0000818963,-0.0001529038,2295.60139539,2294.70801428,2294.96496852,2294.60838353,2295.49199994,2295.32900865
eth4h:row15259:1726531200,2024-09-17 00:00:00,2284.18000000,-0.00021820,-0.04899174,-0.03689989,-0.05738189,-0.04071085,-0.05129092,0.0001418482,-0.0006618139,-0.0002802541,-0.0005329995,-0.0000622699,-0.0001221968,2284.50402973,2282.66879801,2283.53993890,2282.96285752,2284.03776866,2283.90089763
eth4h:row15260:1726545600,2024-09-17 04:00:00,2309.18000000,0.00687511,-0.05629613,-0.03529647,-0.06313360,-0.03670390,-0.05165354,0.0002799751,-0.0008040510,-0.0002490309,-0.0006450017,0.0000157568,-0.0001292580,2309.82660333,2307.32404765,2308.60501450,2307.69105528,2309.21638554,2308.88153928
eth4h:row15261:1726560000,2024-09-17 08:00:00,2308.12000000,0.00097246,-0.05121551,-0.03672972,-0.06257161,-0.03530934,-0.05627459,0.0001650337,-0.0007051171,-0.0002769404,-0.0006340583,0.0000429129,-0.0002192429,2308.50094912,2306.49307871,2307.48087688,2306.65698128,2308.21905019,2307.61401665
eth4h:row15262:1726574400,2024-09-17 12:00:00,2383.79000000,-0.00242018,-0.04635364,-0.03545811,-0.06401186,-0.03394452,-0.05958358,0.0000989695,-0.0006104426,-0.0002521786,-0.0006621039,0.0000694898,-0.0002836784,2384.02593412,2382.33527712,2383.18893495,2382.21220579,2383.95565483,2383.11386614
eth4h:row15263:1726588800,2024-09-17 16:00:00,2353.09000000,-0.00307034,-0.04355948,-0.04162654,-0.05638676,-0.04013314,-0.05110387,0.0000863089,-0.0005560323,-0.0003722954,-0.0005136215,-0.0000510203,-0.0001185543,2353.29310130,2351.78196957,2352.21411857,2351.88171262,2352.96994774,2352.81104761
eth4h:row15264:1726603200,2024-09-17 20:00:00,2341.80000000,-0.00246267,-0.04284634,-0.04112467,-0.05458863,-0.04439683,-0.04381844,0.0000981419,-0.0005421455,-0.0003625225,-0.0004786070,-0.0001340463,0.0000233137,2342.02984001,2340.53074782,2340.95119867,2340.67946635,2341.48611136,2341.85459674
eth4h:row15265:1726617600,2024-09-18 00:00:00,2334.79000000,-0.00327074,-0.04412681,-0.03307935,-0.05966953,-0.03599089,-0.05200746,0.0000824067,-0.0005670799,-0.0002058574,-0.0005775464,0.0000296410,-0.0001361498,2334.98241024,2333.46636287,2334.30941576,2333.44193975,2334.85920661,2334.47214047
eth4h:row15266:1726632000,2024-09-18 04:00:00,2330.00000000,-0.00420647,-0.04222865,-0.02822807,-0.06551087,-0.03091489,-0.05817402,0.0000641853,-0.0005301174,-0.0001113891,-0.0006912939,0.0001284853,-0.0002562303,2330.14955656,2328.76515371,2329.74047778,2328.38984182,2330.29938994,2329.40305995
eth4h:row15267:1726646400,2024-09-18 08:00:00,2300.59000000,-0.00409668,-0.04224333,-0.03764251,-0.06036131,-0.04202451,-0.04837037,0.0000663233,-0.0005304032,-0.0002947149,-0.0005910175,-0.0000878506,-0.0000653253,2300.74258769,2299.37008314,2299.91208174,2299.23071288,2300.38790073,2300.43971815
eth4h:row15268:1726660800,2024-09-18 12:00:00,2296.00000000,-0.00193637,-0.04179995,-0.04113009,-0.06348349,-0.04578514,-0.04681707,0.0001083906,-0.0005217693,-0.0003626281,-0.0006518151,-0.0001610807,-0.0000350782,2296.24887841,2294.80233016,2295.16755677,2294.50392016,2295.63018853,2295.91946185
eth4h:row15269:1726675200,2024-09-18 16:00:00,2315.19000000,0.00324155,-0.04567713,-0.03613349,-0.06327136,-0.03748061,-0.05367974,0.0002092194,-0.0005972690,-0.0002653302,-0.0006476843,0.0000006321,-0.0001687139,2315.67443324,2313.80762173,2314.57579171,2313.69097335,2315.19146337,2314.79942825
eth4h:row15270:1726689600,2024-09-18 20:00:00,2374.75000000,0.00614114,-0.04946794,-0.03212586,-0.06461659,-0.03560960,-0.05313908,0.0002656826,-0.0006710868,-0.0001872901,-0.0006738798,0.0000370660,-0.0001581857,2375.38101346,2373.15687121,2374.30527449,2373.15024312,2374.83802410,2374.37437817
eth4h:row15271:1726704000,2024-09-19 00:00:00,2403.68000000,-0.00452929,-0.04261850,-0.03841623,-0.06298959,-0.04399223,-0.04707938,0.0000578991,-0.0005377088,-0.0003097816,-0.0006421975,-0.0001261677,-0.0000401860,2403.81917495,2402.38786752,2402.93549953,2402.13685830,2403.37675240,2403.58340758
eth4h:row15272:1726718400,2024-09-19 04:00:00,2438.06000000,-0.01381027,-0.03449287,-0.03672924,-0.06420591,-0.04443538,-0.04594166,-0.0001228279,-0.0003794797,-0.0002769311,-0.0006658827,-0.0001347971,-0.0000180314,2437.76055655,2437.13498135,2437.38491886,2436.43707834,2437.73137866,2438.01603871
eth4h:row15273:1726732800,2024-09-19 08:00:00,2435.35000000,-0.01416044,-0.03202054,-0.04082122,-0.05744440,-0.04557946,-0.04943324,-0.0001296469,-0.0003313364,-0.0003566135,-0.0005342168,-0.0001570755,-0.0000860224,2435.03428496,2434.54321345,2434.48167609,2434.04934259,2434.96749623,2435.14051434
eth4h:row15274:1726747200,2024-09-19 12:00:00,2440.00000000,-0.00842904,-0.03656562,-0.03544917,-0.06350221,-0.04236345,-0.05493935,-0.0000180402,-0.0004198420,-0.0002520045,-0.0006521796,-0.0000944507,-0.0001932421,2439.95598240,2438.97580049,2439.38518648,2438.40920069,2439.76955110,2439.52853491
eth4h:row15275:1726761600,2024-09-19 16:00:00,2460.93000000,-0.00729047,-0.03952643,-0.02791968,-0.07179081,-0.03868571,-0.05387237,0.0000041310,-0.0004774975,-0.0001053838,-0.0008135823,-0.0000228347,-0.0001724649,2460.94016610,2459.75519255,2460.67067147,2458.92864523,2460.87380610,2460.50561259
eth4h:row15276:1726776000,2024-09-19 20:00:00,2465.21000000,-0.00199454,-0.04539038,-0.02147951,-0.07978472,-0.03541429,-0.05621422,0.0001072578,-0.0005916853,0.0000200244,-0.0009692463,0.0000408691,-0.0002180674,2465.47442726,2463.75180301,2465.25936494,2462.82176183,2465.31075292,2464.67247671
eth4h:row15277:1726790400,2024-09-20 00:00:00,2520.56000000,-0.00186478,-0.04847397,-0.01957944,-0.07866305,-0.03428117,-0.05753740,0.0001097846,-0.0006517315,0.0000570243,-0.0009474042,0.0000629342,-0.0002438334,2520.83673389,2518.91780696,2520.70373735,2518.17314163,2520.71863435,2519.94547814
eth4h:row15278:1726804800,2024-09-20 04:00:00,2561.00000000,-0.00022673,-0.05070794,-0.02012428,-0.07577154,-0.03641698,-0.05510058,0.0001416822,-0.0006952331,0.0000464146,-0.0008910983,0.0000213440,-0.0001963817,2561.36287380,2559.22012672,2561.11887063,2558.71891372,2561.05466249,2560.49711588
eth4h:row15279:1726819200,2024-09-20 08:00:00,2544.96000000,0.00252981,-0.05361086,-0.02426025,-0.07419614,-0.04489753,-0.04742198,0.0001953598,-0.0007517613,-0.0000341244,-0.0008604209,-0.0001437964,-0.0000468576,2545.45723138,2543.04751644,2544.87315631,2542.77120504,2544.59407023,2544.84075214
eth4h:row15280:1726833600,2024-09-20 12:00:00,2560.27000000,-0.00387668,-0.04857194,-0.02438327,-0.07479008,-0.04286452,-0.05054089,0.0000706073,-0.0006536393,-0.0000365200,-0.0008719864,-0.0001042081,-0.0001075915,2560.45078013,2558.59705370,2560.17650064,2558.03845247,2560.00321312,2559.99455163
eth4h:row15281:1726848000,2024-09-20 16:00:00,2540.98000000,-0.00128554,-0.04787090,-0.02770254,-0.07017860,-0.03994659,-0.05260210,0.0001210640,-0.0006399881,-0.0001011555,-0.0007821878,-0.0000473875,-0.0001477292,2541.28763987,2539.35432338,2540.72297893,2538.99325345,2540.85959210,2540.60465071
eth4h:row15282:1726862400,2024-09-20 20:00:00,2561.40000000,0.00427217,-0.05199744,-0.03056702,-0.07093126,-0.04081401,-0.05249637,0.0002292885,-0.0007203434,-0.0001569350,-0.0007968442,-0.0000642788,-0.0001456702,2561.98736698,2559.55557680,2560.99805811,2559.35977619,2561.23536162,2561.02690753
eth4h:row15283:1726876800,2024-09-21 00:00:00,2544.00000000,-0.00031464,-0.04860319,-0.03617790,-0.06770524,-0.04539400,-0.04926734,0.0001399702,-0.0006542478,-0.0002661949,-0.0007340246,-0.0001534642,-0.0000827920,2544.35610911,2542.33613797,2543.32289036,2542.13332657,2543.60961700,2543.78938595
eth4h:row15284:1726891200,2024-09-21 04:00:00,2555.77000000,0.00500835,-0.05403344,-0.02823153,-0.07387942,-0.03865711,-0.05198417,0.0002436240,-0.0007599902,-0.0001114564,-0.0008542534,-0.0000222778,-0.0001356963,2556.39272273,2553.82837774,2555.48515882,2553.58765715,2555.71306359,2555.42321511
eth4h:row15285:1726905600,2024-09-21 08:00:00,2556.50000000,0.00242753,-0.04877712,-0.03384640,-0.06417806,-0.04415613,-0.04910966,0.0001933681,-0.0006576346,-0.0002207940,-0.0006653404,-0.0001293594,-0.0000797214,2556.99439325,2554.81930977,2555.93560234,2554.79962297,2556.16931413,2556.29620033
eth4h:row15286:1726920000,2024-09-21 12:00:00,2560.00000000,0.00350524,-0.05259638,-0.02414885,-0.07317591,-0.04020825,-0.04917146,0.0002143542,-0.0007320064,-0.0000319551,-0.0008405540,-0.0000524829,-0.0000809247,2560.54880549,2558.12674929,2559.91819630,2557.84908598,2559.86564737,2559.79284105
eth4h:row15287:1726934400,2024-09-21 16:00:00,2572.05000000,0.00058300,-0.04771966,-0.02715852,-0.07109094,-0.04516859,-0.04294927,0.0001574499,-0.0006370429,-0.0000905620,-0.0007999537,-0.0001490747,0.0000402389,2572.45500094,2570.41201569,2571.81708046,2569.99330193,2571.66660100,2572.15349865
eth4h:row15288:1726948800,2024-09-21 20:00:00,2612.40000000,-0.00236188,-0.04528524,-0.02881237,-0.07056467,-0.04437058,-0.04488140,0.0001001046,-0.0005896378,-0.0001227672,-0.0007897058,-0.0001335353,0.0000026149,2612.66152637,2610.86008415,2612.07930267,2610.33778694,2612.05117558,2612.40683116
eth4h:row15289:1726963200,2024-09-22 00:00:00,2594.71000000,-0.00432466,-0.04483587,-0.03628268,-0.06703743,-0.04925866,-0.04596733,0.0000618837,-0.0005808872,-0.0002682353,-0.0007210204,-0.0002287200,-0.0000185314,2594.87057520,2593.20320374,2594.01410042,2592.83983534,2594.11660582,2594.66191688
eth4h:row15290:1726977600,2024-09-22 04:00:00,2587.99000000,0.00256772,-0.05124569,-0.03499683,-0.07066609,-0.04917140,-0.04371306,0.0001960980,-0.0007057047,-0.0002431962,-0.0007916807,-0.0002270208,0.0000253658,2588.49754933,2586.16428753,2587.36068727,2585.94194911,2587.40253921,2588.05564727
eth4h:row15291:1726992000,2024-09-22 08:00:00,2580.59000000,0.00281746,-0.04904410,-0.03850147,-0.06882322,-0.04932764,-0.04145569,0.0002009612,-0.0006628336,-0.0003114413,-0.0007557947,-0.0002300633,0.0000693231,2581.10865052,2578.88006509,2579.78642273,2578.64034050,2579.99636918,2580.76890057
eth4h:row15292:1727006400,2024-09-22 12:00:00,2570.51000000,0.00350649,-0.05048038,-0.03164497,-0.07448509,-0.04332875,-0.04687934,0.0002143785,-0.0006908020,-0.0001779258,-0.0008660475,-0.0001132480,-0.0000362908,2571.06112126,2568.73489978,2570.05268065,2568.28477987,2570.21891148,2570.41671578
eth4h:row15293:1727020800,2024-09-22 16:00:00,2578.37000000,0.00169785,-0.04881316,-0.02934518,-0.07521161,-0.03988499,-0.04682564,0.0001791591,-0.0006583365,-0.0001331424,-0.0008801950,-0.0000461881,-0.0000352451,2578.83197988,2576.67312342,2578.02673238,2576.10153022,2578.25091270,2578.27912681
eth4h:row15294:1727035200,2024-09-22 20:00:00,2581.00000000,0.00079490,-0.04767789,-0.02999559,-0.07507184,-0.04031593,-0.04400159,0.0001615761,-0.0006362295,-0.0001458077,-0.0008774732,-0.0000545798,0.0000197473,2581.41706162,2579.35841387,2580.62369779,2578.73623506,2580.85913345,2581.05096823
eth4h:row15295:1727049600,2024-09-23 00:00:00,2676.71000000,-0.00941037,-0.04031083,-0.03041651,-0.07412383,-0.04523452,-0.04527565,-0.0000371495,-0.0004927720,-0.0001540044,-0.0008590127,-0.0001503587,-0.0000050624,2676.61056352,2675.39131732,2676.29780675,2674.41165941,2676.30756364,2676.69644955
eth4h:row15296:1727064000,2024-09-23 04:00:00,2646.48000000,-0.00553464,-0.04505578,-0.02804550,-0.07626891,-0.04225363,-0.04602849,0.0000383221,-0.0005851695,-0.0001078340,-0.0009007835,-0.0000923122,-0.0000197222,2646.58142050,2644.93181353,2646.19463488,2644.09716777,2646.23570890,2646.42780603
eth4h:row15297:1727078400,2024-09-23 08:00:00,2646.00000000,0.00397069,-0.05319215,-0.02563563,-0.07727626,-0.04373744,-0.04289252,0.0002234179,-0.0007436079,-0.0000609069,-0.0009203995,-0.0001212062,0.0000413439,2646.59122968,2644.03314486,2645.83884531,2643.56574343,2645.67930771,2646.10939822
eth4h:row15298:1727092800,2024-09-23 12:00:00,2675.38000000,0.00025804,-0.04713401,-0.02733925,-0.07790852,-0.04337279,-0.04413994,0.0001511219,-0.0006256387,-0.0000940812,-0.0009327113,-0.0001141055,0.0000170531,2675.78433915,2673.70670227,2675.12830889,2672.88580623,2675.07474172,2675.42562383
eth4h:row15299:1727107200,2024-09-23 16:00:00,2672.97000000,0.00616730,-0.05216889,-0.02298078,-0.08473442,-0.03333502,-0.04862162,0.0002661921,-0.0007236821,-0.0000092094,-0.0010656311,0.0000813585,-0.0000702178,2673.68161817,2671.03631930,2672.94538367,2670.12311711,2673.18747776,2672.78231643
eth4h:row15300:1727121600,2024-09-23 20:00:00,2646.97000000,0.00303585,-0.05140105,-0.02402016,-0.08272092,-0.03728358,-0.04869833,0.0002052139,-0.0007087300,-0.0000294492,-0.0010264225,0.0000044688,-0.0000717116,2647.51325072,2645.09467756,2646.89205002,2644.25448438,2646.98182886,2646.78018831
eth4h:row15301:1727136000,2024-09-24 00:00:00,2627.40000000,0.00064392,-0.04807690,-0.02970442,-0.08102380,-0.04147450,-0.04563453,0.0001586361,-0.0006439993,-0.0001401378,-0.0009933747,-0.0000771403,-0.0000120508,2627.81683361,2625.70850083,2627.03182772,2624.79130332,2627.19732932,2627.36833799
eth4h:row15302:1727150400,2024-09-24 04:00:00,2647.00000000,-0.00134384,-0.04489651,-0.02658233,-0.08361764,-0.03931745,-0.04670473,0.0001199289,-0.0005820682,-0.0000793418,-0.0010438842,-0.0000351365,-0.0000328906,2647.31747079,2645.45971372,2646.78999052,2644.23828024,2646.90699534,2646.91293993
eth4h:row15303:1727164800,2024-09-24 08:00:00,2636.85000000,-0.00444995,-0.04065087,-0.02337661,-0.08249702,-0.04058962,-0.04780609,0.0000594440,-0.0004993936,-0.0000169174,-0.0010220624,-0.0000599093,-0.0000543372,2637.00674946,2635.53350278,2636.80539168,2634.15635151,2636.69203293,2636.70672476
eth4h:row15304:1727179200,2024-09-24 12:00:00,2612.44000000,-0.00228237,-0.04470530,-0.02156892,-0.08471958,-0.03955057,-0.04646795,0.0001016529,-0.0005783448,0.0000182834,-0.0010653421,-0.0000396760,-0.0000282799,2612.70557572,2610.92954575,2612.48776481,2609.65833962,2612.33635083,2612.36612160
eth4h:row15305:1727193600,2024-09-24 16:00:00,2650.49000000,-0.00498252,-0.03821746,-0.02393826,-0.08078486,-0.04392204,-0.04144930,0.0000490734,-0.0004520080,-0.0000278544,-0.0009887218,-0.0001248008,0.0000694475,2650.62007164,2649.29222803,2650.41617314,2647.87069779,2650.15923725,2650.67407638
eth4h:row15306:1727208000,2024-09-24 20:00:00,2653.20000000,-0.00611239,-0.03924991,-0.01842662,-0.08712225,-0.03918182,-0.04847448,0.0000270717,-0.0004721129,0.0000794729,-0.0011121288,-0.0000324954,-0.0000673527,2653.27182752,2651.94768578,2653.41086583,2650.25094007,2653.11378465,2653.02130579
eth4h:row15307:1727222400,2024-09-25 00:00:00,2646.60000000,-0.00293117,-0.04396817,-0.02161184,-0.08591227,-0.04204276,-0.04745407,0.0000890190,-0.0005639908,0.0000174477,-0.0010885672,-0.0000882060,-0.0000474823,2646.83560826,2645.10776288,2646.64617761,2643.72056568,2646.36656422,2646.47433631
eth4h:row15308:1727236800,2024-09-25 04:00:00,2621.47000000,0.00264288,-0.04570439,-0.02239695,-0.08495429,-0.04254466,-0.04299427,0.0001975616,-0.0005978000,0.0000021594,-0.0010699125,-0.0000979793,0.0000393626,2621.98795289,2619.90335362,2621.47566076,2618.66675623,2621.21316274,2621.57318999
eth4h:row15309:1727251200,2024-09-25 08:00:00,2627.40000000,0.00144292,-0.04419887,-0.02579340,-0.08360493,-0.04384751,-0.04428866,0.0001741949,-0.0005684831,-0.0000639792,-0.0010436367,-0.0001233496,0.0000141572,2627.85771962,2625.90679185,2627.23190650,2624.65937933,2627.07593133,2627.43719688
eth4h:row15310:1727265600,2024-09-25 12:00:00,2600.81000000,0.00210262,-0.04764889,-0.01759264,-0.08855681,-0.03645213,-0.05026481,0.0001870412,-0.0006356649,0.0000957130,-0.0011400638,0.0000206595,-0.0001022155,2601.29650423,2599.15728183,2601.05894324,2597.84660013,2600.86373189,2600.54417044
eth4h:row15311:1727280000,2024-09-25 16:00:00,2570.69000000,-0.00283199,-0.04245846,-0.01863941,-0.08495082,-0.03836510,-0.04870950,0.0000909504,-0.0005345924,0.0000753293,-0.0010698449,-0.0000165914,-0.0000719292,2570.92381590,2569.31609593,2570.88365553,2567.94123095,2570.64734895,2570.50509886
eth4h:row15312:1727294400,2024-09-25 20:00:00,2579.95000000,-0.00602870,-0.04006402,-0.02469638,-0.08186740,-0.04549109,-0.04492658,0.0000287012,-0.0004879659,-0.0000426170,-0.0010098019,-0.0001553548,0.0000017351,2580.02404885,2578.69137948,2579.84005258,2577.34607642,2579.54922351,2579.95447649
eth4h:row15313:1727308800,2024-09-26 00:00:00,2602.30000000,-0.01424335,-0.03598163,-0.02113726,-0.08491452,-0.04527158,-0.04987698,-0.0001312614,-0.0004084700,0.0000266890,-0.0010691381,-0.0001510803,-0.0000946633,2601.95844097,2601.23725546,2602.36945375,2599.51926870,2601.90687333,2602.05366930
eth4h:row15314:1727323200,2024-09-26 04:00:00,2629.80000000,-0.00318771,-0.04516529,-0.01914921,-0.08477388,-0.04241505,-0.04880663,0.0000840235,-0.0005873020,0.0000654021,-0.0010663995,-0.0000954554,-0.0000738206,2630.02097429,2628.25596668,2629.97199996,2626.99707741,2629.54898327,2629.60587386
eth4h:row15315:1727337600,2024-09-26 08:00:00,2628.80000000,0.00371553,-0.04944226,-0.01662293,-0.08587077,-0.03998386,-0.04890006,0.0002184490,-0.0006705869,0.0001145960,-0.0010877590,-0.0000481134,-0.0000756399,2629.37432150,2627.03775221,2629.10126714,2625.94205370,2628.67352259,2628.60116532
eth4h:row15316:1727352000,2024-09-26 12:00:00,2652.01000000,-0.00267320,-0.04414563,-0.02077809,-0.08579484,-0.04226707,-0.04802717,0.0000940424,-0.0005674464,0.0000336832,-0.0010862803,-0.0000925739,-0.0000586422,2652.25941317,2650.50555342,2652.09932975,2649.13073780,2651.76450439,2651.85448495
eth4h:row15317:1727366400,2024-09-26 16:00:00,2648.99000000,0.00850994,-0.05315721,-0.01354226,-0.09247641,-0.03046427,-0.05136961,0.0003118100,-0.0007429275,0.0001745853,-0.0012163896,0.0001372601,-0.0001237292,2649.81611027,2647.02272345,2649.45251500,2645.76975503,2649.35362560,2648.66226299
eth4h:row15318:1727380800,2024-09-26 20:00:00,2632.26000000,0.00352908,-0.04581067,-0.02226558,-0.08297788,-0.03832032,-0.04868741,0.0002148184,-0.0005998695,0.0000047175,-0.0010314261,-0.0000157195,-0.0000714989,2632.82551872,2630.68146115,2632.27241772,2629.54641793,2632.21862260,2632.07180297
eth4h:row15319:1727395200,2024-09-27 00:00:00,2638.66000000,0.00245769,-0.04733735,-0.02351668,-0.08450243,-0.03994193,-0.04858666,0.0001939554,-0.0006295983,-0.0000196450,-0.0010611135,-0.0000472968,-0.0000695371,2639.17183189,2636.99922698,2638.60816404,2635.86156725,2638.53520265,2638.47652162
eth4h:row15320:1727409600,2024-09-27 04:00:00,2657.27000000,0.00005497,-0.04346642,-0.02140566,-0.08559412,-0.03676035,-0.05032503,0.0001471675,-0.0005542202,0.0000214625,-0.0010823718,0.0000146575,-0.0001033881,2657.66109263,2655.79769523,2657.32703230,2654.39540191,2657.30894918,2656.99528413
eth4h:row15321:1727424000,2024-09-27 08:00:00,2652.00000000,-0.00315945,-0.03906447,-0.02264520,-0.08258653,-0.04097296,-0.04940211,0.0000845737,-0.0004685017,-0.0000026748,-0.0010238054,-0.0000673739,-0.0000854162,2652.22429884,2650.75782442,2651.99290640,2649.28625736,2651.82133055,2651.77348578
eth4h:row15322:1727438400,2024-09-27 12:00:00,2683.62000000,-0.00300412,-0.03993627,-0.02456149,-0.08176059,-0.04488636,-0.04675721,0.0000875984,-0.0004854783,-0.0000399904,-0.0010077220,-0.0001435789,-0.0000339126,2683.85509104,2682.31747695,2683.51268308,2680.91701919,2683.23471641,2683.52899300
eth4h:row15323:1727452800,2024-09-27 16:00:00,2701.37000000,-0.00575923,-0.04049242,-0.02088597,-0.08649394,-0.04163215,-0.04864528,0.0000339486,-0.0004963079,0.0000315824,-0.0010998939,-0.0000802103,-0.0000706786,2701.46170941,2700.02962127,2701.45531712,2698.40041314,2701.15333098,2701.17907764
eth4h:row15324:1727467200,2024-09-27 20:00:00,2694.43000000,-0.00314658,-0.04156449,-0.01796433,-0.08895504,-0.04054826,-0.04956075,0.0000848244,-0.0005171844,0.0000884751,-0.0011478186,-0.0000591038,-0.0000885054,2694.65856301,2693.03684324,2694.66840038,2691.33905746,2694.27075371,2694.19153901
eth4h:row15325:1727481600,2024-09-28 00:00:00,2690.31000000,-0.00388985,-0.04043120,-0.02011200,-0.08943018,-0.04144751,-0.04939213,0.0000703508,-0.0004951159,0.0000466537,-0.0011570709,-0.0000766148,-0.0000852218,2690.49927210,2688.97831436,2690.43551592,2687.19892089,2690.10389024,2690.08073661
eth4h:row15326:1727496000,2024-09-28 04:00:00,2677.93000000,-0.00241660,-0.04091226,-0.02303275,-0.08780491,-0.04159147,-0.04738141,0.0000990391,-0.0005044834,-0.0000102215,-0.0011254223,-0.0000794181,-0.0000460674,2678.19523295,2676.57936943,2677.90262767,2674.91789325,2677.71733221,2677.80663744
eth4h:row15327:1727510400,2024-09-28 08:00:00,2675.22000000,0.00134266,-0.04350355,-0.01986697,-0.08785738,-0.03703717,-0.04841027,0.0001722427,-0.0005549433,0.0000514253,-0.0011264439,0.0000092670,-0.0000661024,2675.68082674,2673.73581636,2675.35757740,2672.20821128,2675.24479147,2675.04316743
eth4h:row15328:1727524800,2024-09-28 12:00:00,2669.90000000,-0.00081818,-0.04201397,-0.01960554,-0.08820796,-0.03857978,-0.04775583,0.0001301648,-0.0005259370,0.0000565160,-0.0011332707,-0.0000207719,-0.0000533585,2670.24754974,2668.49617004,2670.05089622,2666.87599435,2669.84454175,2669.75754195
eth4h:row15329:1727539200,2024-09-28 16:00:00,2678.34000000,-0.00114029,-0.04396634,-0.01738682,-0.08831196,-0.03883778,-0.04675924,0.0001238926,-0.0005639551,0.0000997208,-0.0011352958,-0.0000257958,-0.0000339521,2678.67184700,2676.82996240,2678.60709953,2675.30101725,2678.27091086,2678.24906637
eth4h:row15330:1727553600,2024-09-28 20:00:00,2675.21000000,-0.00647627,-0.03994246,-0.02089885,-0.08435340,-0.04404332,-0.04469150,0.0000199858,-0.0004855987,0.0000313317,-0.0010582115,-0.0001271625,0.0000063128,2675.26346665,2673.91123684,2675.29382020,2672.38055928,2674.86983518,2675.22688811
eth4h:row15331:1727568000,2024-09-29 00:00:00,2674.96000000,-0.00758709,-0.03826088,-0.02293107,-0.08345711,-0.04627328,-0.04650678,-0.0000016451,-0.0004528536,-0.0000082414,-0.0010407582,-0.0001705863,-0.0000290360,2674.95559945,2673.74890911,2674.93795468,2672.17746163,2674.50372740,2674.88233088
eth4h:row15332:1727582400,2024-09-29 04:00:00,2640.44000000,-0.00778138,-0.03795251,-0.02056774,-0.08393900,-0.04558716,-0.04660075,-0.0000054283,-0.0004468488,0.0000377792,-0.0010501420,-0.0001572255,-0.0000308658,2640.42566693,2639.26038609,2640.53975569,2637.66861860,2640.02488810,2640.35850186
eth4h:row15333:1727596800,2024-09-29 08:00:00,2652.49000000,-0.00149321,-0.04378669,-0.02067151,-0.08649349,-0.04508714,-0.04589223,0.0001170202,-0.0005604568,0.0000357585,-0.0010998852,-0.0001474888,-0.0000170689,2652.80041318,2651.00381042,2652.58485077,2649.57416946,2652.09881632,2652.44472521
eth4h:row15334:1727611200,2024-09-29 12:00:00,2666.38000000,-0.00163638,-0.04331073,-0.02172294,-0.08728372,-0.04306173,-0.04876824,0.0001142323,-0.0005511886,0.0000152843,-0.0011152730,-0.0001080481,-0.0000730731,2666.68460413,2664.91072681,2666.42075395,2663.40791590,2666.09191815,2666.18516650
eth4h:row15335:1727625600,2024-09-29 16:00:00,2666.78000000,-0.00399845,-0.04522672,-0.02110037,-0.08714204,-0.04239226,-0.04755007,0.0000682360,-0.0005884983,0.0000274075,-0.0011125141,-0.0000950118,-0.0000493519,2666.96197674,2665.21106607,2666.85309070,2663.81481927,2666.52663655,2666.64839270
eth4h:row15336:1727640000,2024-09-29 20:00:00,2657.62000000,0.00135506,-0.04799680,-0.02063897,-0.08789092,-0.04069069,-0.04708866,0.0001724841,-0.0006424397,0.0000363922,-0.0011270971,-0.0000618774,-0.0000403668,2658.07843672,2655.91318774,2657.71671848,2654.62629162,2657.45555860,2657.51272253
eth4h:row15337:1727654400,2024-09-30 00:00:00,2629.89000000,-0.00281956,-0.04148082,-0.02390238,-0.08468576,-0.04043379,-0.04710432,0.0000911924,-0.0005155551,-0.0000271557,-0.0010646834,-0.0000568747,-0.0000406718,2630.12983690,2628.53449633,2629.81858446,2627.09148971,2629.74043002,2629.78303988
eth4h:row15338:1727668800,2024-09-30 04:00:00,2637.82000000,-0.00575607,-0.03939365,-0.02133062,-0.08389866,-0.04028986,-0.04829177,0.0000340102,-0.0004749118,0.0000229238,-0.0010493565,-0.0000540721,-0.0000637947,2637.90971421,2636.56756551,2637.88046954,2635.05343832,2637.67737133,2637.65172650
eth4h:row15339:1727683200,2024-09-30 08:00:00,2628.94000000,-0.00603341,-0.03901276,-0.02312001,-0.08317403,-0.04027366,-0.04896996,0.0000286096,-0.0004674948,-0.0000119207,-0.0010352459,-0.0000537566,-0.0000770011,2629.01521388,2627.71127134,2628.90866131,2626.21980893,2628.79868101,2628.73757655
eth4h:row15340:1727697600,2024-09-30 12:00:00,2596.00000000,-0.01137893,-0.03852932,-0.02532497,-0.08100562,-0.04402056,-0.04920571,-0.0000754830,-0.0004580809,-0.0000548575,-0.0009930207,-0.0001267194,-0.0000815918,2595.80405362,2594.81109424,2595.85759395,2593.42339788,2595.67105719,2595.78819624
eth4h:row15341:1727712000,2024-09-30 16:00:00,2595.31000000,-0.00882946,-0.03491612,-0.02684512,-0.08028054,-0.04163109,-0.05004927,-0.0000258376,-0.0003877216,-0.0000844592,-0.0009789014,-0.0000801896,-0.0000980182,2595.24294441,2594.30393733,2595.09081138,2592.77069053,2595.10189158,2595.05562474
eth4h:row15342:1727726400,2024-09-30 20:00:00,2602.23000000,-0.00458740,-0.03949177,-0.02431234,-0.08466423,-0.03878373,-0.05151802,0.0000567675,-0.0004768226,-0.0000351388,-0.0010642641,-0.0000247434,-0.0001266189,2602.37772616,2600.98949375,2602.13856236,2599.46201312,2602.16561278,2601.90052927
eth4h:row15343:1727740800,2024-10-01 00:00:00,2629.83000000,-0.00475286,-0.04147124,-0.02181235,-0.08431910,-0.03855659,-0.05212805,0.0000535454,-0.0005153685,0.0000135432,-0.0010575436,-0.0000203204,-0.0001384981,2629.97081914,2628.47501767,2629.86561668,2627.05031030,2629.77656142,2629.46579872
eth4h:row15344:1727755200,2024-10-01 04:00:00,2645.61000000,-0.00064807,-0.04543875,-0.02074751,-0.08702849,-0.03462040,-0.05214935,0.0001334774,-0.0005926271,0.0000342786,-0.0011103031,0.0000563284,-0.0001389128,2645.96315272,2644.04260417,2645.70068949,2642.67420125,2645.75902706,2645.24251652
eth4h:row15345:1727769600,2024-10-01 08:00:00,2628.87000000,-0.00863864,-0.03853679,-0.02380344,-0.08375886,-0.03862309,-0.05320366,-0.0000221217,-0.0004582263,-0.0000252290,-0.0010466341,-0.0000216154,-0.0001594433,2628.81184567,2627.66565858,2628.80367710,2626.11997435,2628.81317656,2628.45087768
eth4h:row15346:1727784000,2024-10-01 12:00:00,2524.81000000,-0.01076405,-0.03619032,-0.02203366,-0.08304438,-0.03829415,-0.05287593,-0.0000635095,-0.0004125338,0.0000092337,-0.0010327211,-0.0000152099,-0.0001530614,2524.64965574,2523.76864523,2524.83331338,2522.20392123,2524.77159810,2524.42357873
eth4h:row15347:1727798400,2024-10-01 16:00:00,2488.71000000,-0.01090520,-0.03608152,-0.02426150,-0.08374679,-0.03851622,-0.05359551,-0.0000662579,-0.0004104153,-0.0000341488,-0.0010463991,-0.0000195343,-0.0001670736,2488.54510865,2487.68880483,2488.62501511,2486.10717817,2488.66138525,2488.29423708
eth4h:row15348:1727812800,2024-10-01 20:00:00,2447.79000000,-0.01125502,-0.03093082,-0.02532366,-0.08044472,-0.03747179,-0.05330617,-0.0000730699,-0.0003101165,-0.0000548319,-0.0009820985,0.0000008039,-0.0001614394,2447.61114670,2447.03101761,2447.65578665,2445.38720932,2447.79196766,2447.39486221
eth4h:row15349:1727827200,2024-10-02 00:00:00,2489.60000000,-0.01391541,-0.03260241,-0.02245023,-0.08298077,-0.03331018,-0.05876545,-0.0001248753,-0.0003426672,0.0000011217,-0.0010314824,0.0000818421,-0.0002677470,2489.28912975,2488.74704185,2489.60279269,2487.03334533,2489.80376242,2488.93350621
eth4h:row15350:1727841600,2024-10-02 04:00:00,2482.04000000,-0.00789540,-0.03748529,-0.02171602,-0.08362409,-0.03402724,-0.05811258,-0.0000076487,-0.0004377506,0.0000154189,-0.0010440098,0.0000678789,-0.0002550339,2482.02101577,2480.95372328,2482.07827061,2479.45007801,2482.20848393,2481.40707635
eth4h:row15351:1727856000,2024-10-02 08:00:00,2455.22000000,-0.00787260,-0.03905232,-0.01834741,-0.08383372,-0.03330153,-0.05540041,-0.0000072047,-0.0004682652,0.0000810154,-0.0010480919,0.0000820105,-0.0002022202,2455.20231091,2454.07057496,2455.41891873,2452.64805181,2455.42136217,2454.72355523
eth4h:row15352:1727870400,2024-10-02 12:00:00,2460.40000000,-0.01151218,-0.03634498,-0.02108898,-0.08324458,-0.04031128,-0.05461610,-0.0000780776,-0.0004155455,0.0000276292,-0.0010366196,-0.0000544891,-0.0001869475,2460.20790526,2459.37780425,2460.46797973,2457.85082275,2460.26593868,2459.94007747
eth4h:row15353:1727884800,2024-10-02 16:00:00,2371.77000000,-0.00479554,-0.04449496,-0.01303711,-0.08563042,-0.03291454,-0.05871292,0.0000527144,-0.0005742488,0.0001844220,-0.0010830786,0.0000895463,-0.0002667242,2371.89502969,2370.40840495,2372.20744681,2369.20257721,2371.98239284,2371.13747592
eth4h:row15354:1727899200,2024-10-02 20:00:00,2364.10000000,-0.00741326,-0.04179202,-0.01641962,-0.08142583,-0.03556608,-0.05504610,0.0000017400,-0.0005216149,0.0001185550,-0.0010012034,0.0000379134,-0.0001953208,2364.10411355,2362.86717169,2364.38029254,2361.73423955,2364.18963284,2363.63828712
eth4h:row15355:1727913600,2024-10-03 00:00:00,2399.32000000,-0.00389265,-0.04143862,-0.01889065,-0.08131090,-0.03501382,-0.05725764,0.0000702962,-0.0005147333,0.0000704371,-0.0009989653,0.0000486675,-0.0002383858,2399.48866910,2398.08530787,2399.48900698,2396.92435928,2399.43677172,2398.74810432
eth4h:row15356:1727928000,2024-10-03 04:00:00,2364.66000000,-0.00877469,-0.04353642,-0.01756021,-0.08297375,-0.03488657,-0.05593603,-0.0000247709,-0.0005555834,0.0000963444,-0.0010313458,0.0000511454,-0.0002126502,2364.60142598,2363.34659894,2364.88783274,2362.22247514,2364.78094452,2364.15720794
eth4h:row15357:1727942400,2024-10-03 08:00:00,2352.34000000,-0.00212698,-0.05049112,-0.01898369,-0.08160312,-0.03426450,-0.05934312,0.0001046788,-0.0006910112,0.0000686252,-0.0010046558,0.0000632587,-0.0002789960,2352.58625306,2350.71506821,2352.50143545,2349.97789469,2352.48881074,2351.68379815
eth4h:row15358:1727956800,2024-10-03 12:00:00,2340.59000000,-0.00188415,-0.04736714,-0.02193370,-0.07984285,-0.03376065,-0.05918702,0.0001094074,-0.0006301784,0.0000111801,-0.0009703783,0.0000730702,-0.0002759562,2340.84609186,2339.11547549,2340.61616823,2338.31984394,2340.76103357,2339.94418885
eth4h:row15359:1727971200,2024-10-03 16:00:00,2353.51000000,-0.00868021,-0.04344867,-0.02125415,-0.07889172,-0.03688455,-0.05680013,-0.0000229312,-0.0005538746,0.0000244129,-0.0009518571,0.0000122391,-0.0002294768,2353.45603174,2352.20681142,2353.56745680,2351.27086052,2353.53880498,2352.96998605
eth4h:row15360:1727985600,2024-10-03 20:00:00,2349.80000000,0.00001724,-0.05440137,-0.01384946,-0.08321707,-0.03326838,-0.05697998,0.0001464328,-0.0007671547,0.0001686032,-0.0010360839,0.0000826560,-0.0002329788,2350.14411304,2347.99803108,2350.19621712,2347.36667083,2349.99423314,2349.25261013
eth4h:row15361:1728000000,2024-10-04 00:00:00,2367.06000000,-0.00663911,-0.04559277,-0.01804360,-0.07779557,-0.03466635,-0.05554017,0.0000168148,-0.0005956263,0.0000869314,-0.0009305118,0.0000554336,-0.0002049416,2367.09980200,2365.65053655,2367.26578069,2364.85844714,2367.19121835,2366.57494055
eth4h:row15362:1728014400,2024-10-04 04:00:00,2381.60000000,-0.00705068,-0.04360788,-0.01837459,-0.07492152,-0.03275909,-0.05675253,0.0000088004,-0.0005569748,0.0000804861,-0.0008745460,0.0000925735,-0.0002285497,2381.62095906,2380.27387817,2381.79169353,2379.51809182,2381.82048330,2381.05574823
eth4h:row15363:1728028800,2024-10-04 08:00:00,2386.20000000,-0.00390994,-0.04772824,-0.01702281,-0.07839964,-0.03062052,-0.06020113,0.0000699596,-0.0006372100,0.0001068090,-0.0009422749,0.0001342174,-0.0002957038,2386.36694354,2384.67997384,2386.45488130,2383.95260255,2386.52029107,2385.49449580
eth4h:row15364:1728043200,2024-10-04 12:00:00,2417.05000000,0.00393821,-0.05294773,-0.02168831,-0.07440069,-0.03381801,-0.05579329,0.0002227853,-0.0007388483,0.0000159586,-0.0008644040,0.0000719532,-0.0002098707,2417.58854316,2415.26482634,2417.08857306,2414.96159501,2417.22392067,2416.54278520
eth4h:row15365:1728057600,2024-10-04 16:00:00,2428.90000000,0.00592722,-0.05260333,-0.02385094,-0.07173370,-0.03504023,-0.05443371,0.0002615169,-0.0007321419,-0.0000261540,-0.0008124701,0.0000481532,-0.0001833958,2429.53528147,2427.12235132,2428.83647527,2426.92739293,2429.01696204,2428.45459079
eth4h:row15366:1728072000,2024-10-04 20:00:00,2414.41000000,0.00366921,-0.05165868,-0.02471771,-0.07414804,-0.03491890,-0.05888885,0.0002175472,-0.0007137467,-0.0000430325,-0.0008594842,0.0000505159,-0.0002701499,2414.93530521,2412.68733762,2414.30610406,2412.33574422,2414.53196907,2413.75783544
eth4h:row15367:1728086400,2024-10-05 00:00:00,2399.60000000,0.00122995,-0.04708438,-0.02291306,-0.07213910,-0.03047410,-0.05943804,0.0001700478,-0.0006246721,-0.0000078909,-0.0008203644,0.0001370687,-0.0002808443,2400.00808151,2398.10150483,2399.58106513,2397.63226092,2399.92893269,2398.92618053
eth4h:row15368:1728100800,2024-10-05 04:00:00,2415.10000000,-0.00385158,-0.03866683,-0.03595063,-0.06390662,-0.03962900,-0.05094058,0.0000710959,-0.0004607586,-0.0002617692,-0.0006600547,-0.0000412032,-0.0001153746,2415.27170992,2413.98747824,2414.46788385,2413.50642785,2415.00049226,2414.82137479
eth4h:row15369:1728115200,2024-10-05 08:00:00,2417.19000000,-0.00731259,-0.03530583,-0.03658232,-0.06346497,-0.04062209,-0.05311257,0.0000037004,-0.0003953104,-0.0002740700,-0.0006514544,-0.0000605416,-0.0001576695,2417.19894454,2416.23464862,2416.52761143,2415.61582369,2417.04366397,2416.80891288
eth4h:row15370:1728129600,2024-10-05 12:00:00,2415.01000000,-0.01368087,-0.03115387,-0.03130588,-0.06607194,-0.03608900,-0.05784906,-0.0001203081,-0.0003144600,-0.0001713227,-0.0007022196,0.0000277306,-0.0002499023,2414.71947220,2414.25069528,2414.59628932,2413.31472796,2415.07697052,2414.40655888
eth4h:row15371:1728144000,2024-10-05 16:00:00,2396.54000000,-0.00260000,-0.03786705,-0.02853438,-0.06837727,-0.03526101,-0.05779939,0.0000954677,-0.0004451847,-0.0001173538,-0.0007471109,0.0000438539,-0.0002489352,2396.76880315,2395.47333450,2396.25877337,2394.75018754,2396.64509991,2395.94349118
eth4h:row15372:1728158400,2024-10-05 20:00:00,2414.66000000,-0.00784372,-0.02966951,-0.03149643,-0.06750636,-0.03785866,-0.05440208,-0.0000066424,-0.0002855552,-0.0001750334,-0.0007301517,-0.0000067298,-0.0001827798,2414.64396100,2413.97057962,2414.23739083,2412.89757530,2414.64374993,2414.21868932
eth4h:row15373:1728172800,2024-10-06 00:00:00,2413.64000000,-0.00718330,-0.03213985,-0.02741792,-0.07073542,-0.03450606,-0.05656623,0.0000062179,-0.0003336598,-0.0000956133,-0.0007930308,0.0000585550,-0.0002249220,2413.65500776,2412.83479964,2413.40923499,2411.72666782,2413.78133473,2413.09718026
eth4h:row15374:1728187200,2024-10-06 04:00:00,2417.38000000,0.00008203,-0.03939261,-0.02645841,-0.06967761,-0.03101513,-0.05762327,0.0001476945,-0.0004748915,-0.0000769288,-0.0007724321,0.0001265333,-0.0002455057,2417.73706003,2416.23227929,2417.19404104,2415.51345906,2417.68589848,2416.78659236
eth4h:row15375:1728201600,2024-10-06 08:00:00,2426.63000000,-0.00858115,-0.03223254,-0.03311970,-0.06487827,-0.03755272,-0.05433037,-0.0000210022,-0.0003354647,-0.0002066431,-0.0006789754,-0.0000007722,-0.0001813835,2426.57903598,2425.81608790,2426.12860538,2424.98293714,2426.62812617,2426.18988931
eth4h:row15376:1728216000,2024-10-06 12:00:00,2446.62000000,-0.01005571,-0.03297439,-0.02932199,-0.06886521,-0.03815300,-0.05549821,-0.0000497161,-0.0003499107,-0.0001326909,-0.0007566124,-0.0000124613,-0.0002041245,2446.49836674,2445.76405130,2446.29537723,2444.76955700,2446.58951208,2446.12063582
eth4h:row15377:1728230400,2024-10-06 16:00:00,2441.39000000,-0.00807582,-0.03397313,-0.02937498,-0.06819521,-0.03747889,-0.05534985,-0.0000111620,-0.0003693589,-0.0001337228,-0.0007435656,0.0000006656,-0.0002012356,2441.36274931,2440.48841741,2441.06355238,2439.57534108,2441.39162496,2440.89875481
eth4h:row15378:1728244800,2024-10-06 20:00:00,2440.03000000,-0.00634616,-0.03516169,-0.03229895,-0.06496020,-0.03867968,-0.05399094,0.0000225195,-0.0003925036,-0.0001906607,-0.0006805707,-0.0000227173,-0.0001747738,2440.08494890,2439.07246748,2439.56482655,2438.36995192,2439.97456973,2439.60358407
eth4h:row15379:1728259200,2024-10-07 00:00:00,2495.34000000,-0.00490062,-0.03701901,-0.02575847,-0.07173085,-0.03149263,-0.05974031,0.0000506681,-0.0004286710,-0.0000632990,-0.0008124146,0.0001172350,-0.0002867304,2495.46643739,2494.27054945,2495.18205242,2493.31357253,2495.63255843,2494.62461273
eth4h:row15380:1728273600,2024-10-07 04:00:00,2480.53000000,-0.00489359,-0.04147153,-0.02311447,-0.07538100,-0.03143075,-0.06069007,0.0000508051,-0.0005153740,-0.0000118128,-0.0008834933,0.0001184400,-0.0003052248,2480.65602673,2479.25192870,2480.50069821,2478.33943619,2480.82381127,2479.77299618
eth4h:row15381:1728288000,2024-10-07 08:00:00,2475.84000000,-0.00577556,-0.04309686,-0.02516040,-0.07205488,-0.03518051,-0.05823389,0.0000336306,-0.0005470238,-0.0000516528,-0.0008187243,0.0000454215,-0.0002573962,2475.92326544,2474.48602701,2475.71211913,2473.81379911,2475.95245898,2475.20281029
eth4h:row15382:1728302400,2024-10-07 12:00:00,2474.23000000,-0.00729989,-0.03972372,-0.02739748,-0.06855968,-0.03475900,-0.05964955,0.0000039476,-0.0004813393,-0.0000952152,-0.0007506628,0.0000536295,-0.0002849630,2474.23976730,2473.03934235,2473.99442698,2472.37338442,2474.36269529,2473.52503648
eth4h:row15383:1728316800,2024-10-07 16:00:00,2445.62000000,0.00006593,-0.04460305,-0.02282151,-0.07016417,-0.03179803,-0.05881510,0.0001473811,-0.0005763537,-0.0000061081,-0.0007819070,0.0001112879,-0.0002687139,2445.98046470,2444.21086408,2445.60506199,2443.70850011,2445.89218306,2444.96291626
eth4h:row15384:1728331200,2024-10-07 20:00:00,2422.71000000,0.00396873,-0.04938205,-0.02275225,-0.06793176,-0.03065358,-0.05727745,0.0002233796,-0.0006694143,-0.0000047594,-0.0007384355,0.0001335737,-0.0002387714,2423.25124432,2421.08874602,2422.69846942,2420.92164542,2423.03363188,2422.13159508
eth4h:row15385:1728345600,2024-10-08 00:00:00,2438.13000000,0.00400878,-0.04980566,-0.02397945,-0.06884143,-0.02921356,-0.05880082,0.0002241595,-0.0006776632,-0.0000286565,-0.0007561493,0.0001616149,-0.0002684359,2438.67659131,2436.47832877,2438.06013284,2436.28710647,2438.52407002,2437.47560623
eth4h:row15386:1728360000,2024-10-08 04:00:00,2428.60000000,0.00057132,-0.04823029,-0.02540776,-0.06641725,-0.03051129,-0.06102910,0.0001572224,-0.0006469863,-0.0000564696,-0.0007089437,0.0001363445,-0.0003118267,2428.98186040,2427.02923717,2428.46286173,2426.87886961,2428.93114878,2427.84281565
eth4h:row15387:1728374400,2024-10-08 08:00:00,2439.71000000,0.00118805,-0.04926792,-0.03115758,-0.06359529,-0.03696427,-0.05973902,0.0001692319,-0.0006671919,-0.0001684350,-0.0006539922,0.0000106865,-0.0002867052,2440.12291168,2438.08278816,2439.29910209,2438.11497024,2439.73607219,2439.01062283
eth4h:row15388:1728388800,2024-10-08 12:00:00,2419.50000000,0.00611223,-0.05237265,-0.03270456,-0.06311056,-0.03981277,-0.05609026,0.0002651196,-0.0007276498,-0.0001985591,-0.0006445531,-0.0000447817,-0.0002156535,2420.14154197,2417.74009162,2419.01963405,2417.94100633,2419.39165317,2418.97828267
eth4h:row15389:1728403200,2024-10-08 16:00:00,2440.13000000,0.00708539,-0.05294771,-0.02950653,-0.06459890,-0.03681521,-0.05670851,0.0002840699,-0.0007388480,-0.0001362844,-0.0006735353,0.0000135892,-0.0002276925,2440.82326598,2438.32778072,2439.79747106,2438.48703959,2440.16315972,2439.57446384
eth4h:row15390:1728417600,2024-10-08 20:00:00,2440.89000000,0.00713314,-0.05439913,-0.02720061,-0.06921734,-0.03201581,-0.06113804,0.0002849996,-0.0007671112,-0.0000913815,-0.0007634694,0.0001070472,-0.0003139482,2441.58575184,2439.01828391,2440.66695807,2439.02716638,2441.15130453,2440.12380737
eth4h:row15391:1728432000,2024-10-09 00:00:00,2446.78000000,0.00126351,-0.05040842,-0.02878824,-0.06866001,-0.03238391,-0.06043943,0.0001707013,-0.0006894008,-0.0001222971,-0.0007526165,0.0000998792,-0.0003003442,2447.19770419,2445.09376931,2446.48078414,2444.93920570,2447.02439469,2446.04523414
eth4h:row15392:1728446400,2024-10-09 04:00:00,2436.01000000,-0.00235187,-0.04632559,-0.03465727,-0.06593640,-0.03795745,-0.05488516,0.0001002996,-0.0006098965,-0.0002365838,-0.0006995802,-0.0000086534,-0.0001921867,2436.25434309,2434.52473902,2435.43374761,2434.30641154,2435.98892021,2435.54187619
eth4h:row15393:1728460800,2024-10-09 08:00:00,2441.70000000,-0.00530820,-0.04152535,-0.03867468,-0.06317872,-0.04014525,-0.05655871,0.0000427314,-0.0005164221,-0.0003148143,-0.0006458803,-0.0000512560,-0.0002247755,2441.80433961,2440.43937772,2440.93143902,2440.12346326,2441.57485132,2441.15122737
eth4h:row15394:1728475200,2024-10-09 12:00:00,2461.30000000,-0.00349807,-0.04245171,-0.03106638,-0.06620200,-0.03544331,-0.05872604,0.0000779799,-0.0005344610,-0.0001666592,-0.0007047522,0.0000403040,-0.0002669795,2461.49193938,2459.98488271,2460.88983600,2459.56600456,2461.39920218,2460.64297097
eth4h:row15395:1728489600,2024-10-09 16:00:00,2418.30000000,0.00445075,-0.05046400,-0.02843722,-0.06677039,-0.03590806,-0.05466794,0.0002327659,-0.0006904831,-0.0001154619,-0.0007158203,0.0000312541,-0.0001879569,2418.86296330,2416.63078110,2418.02079454,2416.56955108,2418.37558291,2417.84550642
eth4h:row15396:1728504000,2024-10-09 20:00:00,2370.47000000,0.00018699,-0.04627928,-0.02839890,-0.06873864,-0.03595937,-0.05397702,0.0001497384,-0.0006089947,-0.0001147156,-0.0007541478,0.0000302549,-0.0001745027,2370.82497699,2369.02683593,2370.19808567,2368.68298929,2370.54171937,2370.05638259
eth4h:row15397:1728518400,2024-10-10 00:00:00,2395.30000000,-0.00350969,-0.04256667,-0.02693191,-0.06903943,-0.03343122,-0.05691662,0.0000777536,-0.0005366996,-0.0000861492,-0.0007600051,0.0000794852,-0.0002317450,2395.48625033,2394.01478836,2395.09365580,2393.48025142,2395.49039848,2394.74496544
eth4h:row15398:1728532800,2024-10-10 04:00:00,2395.80000000,0.00416900,-0.05170155,-0.02630606,-0.07000946,-0.03638343,-0.05386972,0.0002272794,-0.0007145815,-0.0000739621,-0.0007788941,0.0000219973,-0.0001724132,2396.34457789,2394.08861709,2395.62280813,2393.93465196,2395.85270167,2395.38696798
eth4h:row15399:1728547200,2024-10-10 08:00:00,2406.56000000,0.00121976,-0.04970595,-0.03201910,-0.06690751,-0.04089018,-0.05388055,0.0001698494,-0.0006757217,-0.0001852113,-0.0007184905,-0.0000657620,-0.0001726242,2406.96878742,2404.93438456,2406.11431909,2404.83153060,2406.40174507,2406.14460539
eth4h:row15400:1728561600,2024-10-10 12:00:00,2404.63000000,0.00158418,-0.04926907,-0.02949562,-0.06876005,-0.03734505,-0.05501289,0.0001769457,-0.0006672142,-0.0001360720,-0.0007545647,0.0000032717,-0.0001946740,2405.05552663,2403.02613176,2404.30281951,2402.81623541,2404.63786732,2404.16192651
eth4h:row15401:1728576000,2024-10-10 16:00:00,2367.13000000,0.00595463,-0.05493554,-0.02412799,-0.07283188,-0.03341570,-0.05938219,0.0002620508,-0.0007775567,-0.0000315488,-0.0008338549,0.0000797873,-0.0002797568,2367.75038962,2365.29013765,2367.05532096,2365.15697989,2367.31887438,2366.46787192
eth4h:row15402:1728590400,2024-10-10 20:00:00,2386.49000000,0.00153811,-0.04853944,-0.02995696,-0.06898488,-0.03630704,-0.05682982,0.0001760485,-0.0006530065,-0.0001450556,-0.0007589428,0.0000234847,-0.0002300548,2386.91017502,2384.93211534,2386.14385143,2384.67947778,2386.54604662,2385.94103966
eth4h:row15403:1728604800,2024-10-11 00:00:00,2411.10000000,0.00065375,-0.04468077,-0.02575257,-0.07357810,-0.03153729,-0.05796816,0.0001588276,-0.0005778672,-0.0000631841,-0.0008483859,0.0001163653,-0.0002522216,2411.48297972,2409.70710694,2410.94766160,2409.05532426,2411.38058460,2410.49194519
eth4h:row15404:1728619200,2024-10-11 04:00:00,2407.64000000,-0.00251757,-0.04996768,-0.02579292,-0.07136822,-0.03597888,-0.05789220,0.0000970729,-0.0006808182,-0.0000639699,-0.0008053531,0.0000298749,-0.0002507423,2407.87372803,2406.00139279,2407.48598846,2405.70178023,2407.71192909,2407.03637843
eth4h:row15405:1728633600,2024-10-11 08:00:00,2417.82000000,-0.00433116,-0.04589799,-0.02635511,-0.07021192,-0.03420200,-0.05878479,0.0000617572,-0.0006015698,-0.0000749173,-0.0007828367,0.0000644758,-0.0002681237,2417.96932235,2416.36594982,2417.63887013,2415.92798254,2417.97589599,2417.17181212
eth4h:row15406:1728648000,2024-10-11 12:00:00,2443.81000000,-0.00126391,-0.04097800,-0.02428123,-0.07109441,-0.03114817,-0.05719381,0.0001214853,-0.0005057636,-0.0000345329,-0.0008000213,0.0001239427,-0.0002371427,2444.10690513,2442.57432226,2443.72560953,2441.85568187,2444.11291119,2443.23053693
eth4h:row15407:1728662400,2024-10-11 16:00:00,2459.60000000,0.00008679,-0.04371174,-0.02345249,-0.07257313,-0.03597566,-0.05430634,0.0001477873,-0.0005589973,-0.0000183950,-0.0008288161,0.0000299376,-0.0001809154,2459.96352457,2458.22547454,2459.55475619,2457.56228852,2459.67363558,2459.15506062
eth4h:row15408:1728676800,2024-10-11 20:00:00,2439.50000000,0.00017400,-0.04865535,-0.02465376,-0.07356955,-0.03479351,-0.05623863,0.0001494854,-0.0006552634,-0.0000417871,-0.0008482193,0.0000529575,-0.0002185427,2439.86469686,2437.90200860,2439.39806242,2437.43164629,2439.62919318,2438.96692338
eth4h:row15409:1728691200,2024-10-12 00:00:00,2439.04000000,0.00358237,-0.04861090,-0.02297124,-0.07262717,-0.03181490,-0.05773126,0.0002158561,-0.0006543978,-0.0000090237,-0.0008298685,0.0001109596,-0.0002476085,2439.56653843,2437.44441970,2439.01799096,2437.01675710,2439.31064986,2438.43614770
eth4h:row15410:1728705600,2024-10-12 04:00:00,2446.69000000,0.00165356,-0.04209772,-0.02952221,-0.06902687,-0.03948608,-0.05400348,0.0001782967,-0.0005275677,-0.0001365896,-0.0007597605,-0.0000384202,-0.0001750181,2447.12627574,2445.39954574,2446.35583033,2444.83180763,2446.59599954,2446.26182250
eth4h:row15411:1728720000,2024-10-12 08:00:00,2452.50000000,-0.00022082,-0.04303628,-0.02634742,-0.07654431,-0.03720938,-0.05651280,0.0001417971,-0.0005458442,-0.0000747676,-0.0009061464,0.0000059137,-0.0002238815,2452.84778204,2451.16168228,2452.31663927,2450.27868249,2452.51450342,2451.95099213
eth4h:row15412:1728734400,2024-10-12 12:00:00,2473.11000000,0.00374849,-0.04524986,-0.02429178,-0.07353775,-0.03447648,-0.05497678,0.0002190909,-0.0005889490,-0.0000347384,-0.0008476001,0.0000591309,-0.0001939710,2473.65189518,2471.65389321,2473.02408968,2471.01467983,2473.25624165,2472.63033498
eth4h:row15413:1728748800,2024-10-12 16:00:00,2472.60000000,0.00286616,-0.04549353,-0.02323487,-0.07535771,-0.03501782,-0.05718104,0.0002019094,-0.0005936938,-0.0000141573,-0.0008830398,0.0000485896,-0.0002368941,2473.09929170,2471.13246837,2472.56499480,2470.41755961,2472.72014551,2472.01432512
eth4h:row15414:1728763200,2024-10-12 20:00:00,2476.40000000,-0.00518404,-0.04072995,-0.02484062,-0.07691808,-0.03792892,-0.05918402,0.0000451491,-0.0005009335,-0.0000454258,-0.0009134247,-0.0000080978,-0.0002758979,2476.51180982,2475.15979892,2476.28751001,2474.13902785,2476.37994676,2475.71686080
eth4h:row15415:1728777600,2024-10-13 00:00:00,2457.86000000,0.00013138,-0.04380827,-0.01602700,-0.08017850,-0.03230338,-0.05580459,0.0001486555,-0.0005608770,0.0001262004,-0.0009769143,0.0001014474,-0.0002100907,2458.22540158,2456.48182945,2458.17020240,2455.46005386,2458.10935624,2457.34368079
eth4h:row15416:1728792000,2024-10-13 04:00:00,2465.00000000,0.00273092,-0.04267007,-0.02394333,-0.07625914,-0.04057547,-0.05003066,0.0001992759,-0.0005387131,-0.0000279531,-0.0009005932,-0.0000596336,-0.0000976558,2465.49126400,2463.67242988,2464.93109661,2462.78103715,2464.85300749,2464.75929015
eth4h:row15417:1728806400,2024-10-13 08:00:00,2458.27000000,-0.00094222,-0.04157192,-0.02215990,-0.07827488,-0.03540383,-0.05595293,0.0001277495,-0.0005173289,0.0000067754,-0.0009398454,0.0000410729,-0.0002129793,2458.58406280,2456.99859487,2458.28665575,2455.96069172,2458.37097041,2457.74649515
eth4h:row15418:1728820800,2024-10-13 12:00:00,2440.51000000,0.00257034,-0.04828019,-0.01393631,-0.08360590,-0.02721979,-0.05926847,0.0001961490,-0.0006479581,0.0001669121,-0.0010436555,0.0002004394,-0.0002775422,2440.98875063,2438.92916397,2440.91738457,2437.96427687,2440.99922335,2439.83274939
eth4h:row15419:1728835200,2024-10-13 16:00:00,2458.09000000,0.00896252,-0.04926993,-0.02232799,-0.07838525,-0.03655934,-0.05450016,0.0003206229,-0.0006672311,0.0000035023,-0.0009419946,0.0000185717,-0.0001846897,2458.87824642,2456.45043304,2458.09860893,2455.77558267,2458.13565135,2457.63605812
eth4h:row15420:1728849600,2024-10-13 20:00:00,2468.91000000,-0.00138937,-0.03997208,-0.02450308,-0.07864636,-0.04165959,-0.05003015,0.0001190421,-0.0004861756,-0.0000388530,-0.0009470792,-0.0000807445,-0.0000976460,2469.20392180,2467.70996802,2468.81407742,2466.57285349,2468.71065713,2468.66893269
eth4h:row15421:1728864000,2024-10-14 00:00:00,2521.11000000,0.00319905,-0.04533705,-0.02101501,-0.07798691,-0.03625702,-0.05272201,0.0002083918,-0.0005906468,0.0000290696,-0.0009342379,0.0000244588,-0.0001500642,2521.63543339,2519.62135424,2521.18328861,2518.75578345,2521.17166402,2520.73170000
eth4h:row15422:1728878400,2024-10-14 04:00:00,2535.78000000,0.01041252,-0.05065820,-0.02407601,-0.07216327,-0.03827142,-0.05146766,0.0003488586,-0.0006942646,-0.0000305367,-0.0008208350,-0.0000147673,-0.0001256385,2536.66478300,2534.02010881,2535.70256673,2533.69939702,2535.74255370,2535.46142853
eth4h:row15423:1728892800,2024-10-14 08:00:00,2537.90000000,-0.00212722,-0.04189706,-0.03021463,-0.07071005,-0.04671030,-0.04717777,0.0001046742,-0.0005236603,-0.0001500732,-0.0007925367,-0.0001790963,-0.0000421020,2538.16566649,2536.57135037,2537.51915791,2535.88941800,2537.44551209,2537.79315155
eth4h:row15424:1728907200,2024-10-14 12:00:00,2635.47000000,-0.00355463,-0.04188448,-0.02619490,-0.07503675,-0.04417954,-0.05119707,0.0000768784,-0.0005234154,-0.0000717975,-0.0008767898,-0.0001298152,-0.0001203693,2635.67261853,2634.09091530,2635.28078674,2633.16025941,2635.12789804,2635.15278942
eth4h:row15425:1728921600,2024-10-14 16:00:00,2620.51000000,-0.00011676,-0.04506285,-0.02761265,-0.07286781,-0.04645000,-0.05083629,0.0001438236,-0.0005853074,-0.0000994052,-0.0008345544,-0.0001740275,-0.0001133438,2620.88691837,2618.97664496,2620.24952064,2618.32395404,2620.05399876,2620.21299840
eth4h:row15426:1728936000,2024-10-14 20:00:00,2629.79000000,0.00322593,-0.04656631,-0.03138014,-0.07075016,-0.05071063,-0.04763188,0.0002089153,-0.0006145839,-0.0001727689,-0.0007933178,-0.0002569940,-0.0000509449,2630.33946065,2628.17427005,2629.33569324,2627.70456807,2629.11424671,2629.65602908
eth4h:row15427:1728950400,2024-10-15 00:00:00,2612.32000000,0.00392599,-0.04796532,-0.02785208,-0.07507004,-0.04222529,-0.05030518,0.0002225473,-0.0006418266,-0.0001040676,-0.0008774381,-0.0000917604,-0.0001030016,2612.90142959,2610.64388156,2612.04815624,2610.02885629,2612.08030337,2612.05094076
eth4h:row15428:1728964800,2024-10-15 04:00:00,2615.66000000,0.00767423,-0.04826662,-0.02211991,-0.07967198,-0.03648672,-0.05354732,0.0002955362,-0.0006476938,0.0000075542,-0.0009670509,0.0000199858,-0.0001661352,2616.43313643,2613.96640185,2615.67975925,2613.13174626,2615.71227668,2615.22548300
eth4h:row15429:1728979200,2024-10-15 08:00:00,2586.20000000,0.00590308,-0.04772726,-0.02323600,-0.07902157,-0.03752167,-0.05332581,0.0002610468,-0.0006371908,-0.0000141794,-0.0009543857,-0.0000001675,-0.0001618218,2586.87520744,2584.55262193,2586.16332951,2583.73294522,2586.19956685,2585.78153028
eth4h:row15430:1728993600,2024-10-15 12:00:00,2573.45000000,-0.00014227,-0.04347293,-0.02747818,-0.07729693,-0.04149693,-0.05196276,0.0001433269,-0.0005543470,-0.0000967867,-0.0009208019,-0.0000775770,-0.0001352793,2573.81887095,2572.02381096,2573.20093627,2571.08145293,2573.25036713,2573.10188907
eth4h:row15431:1729008000,2024-10-15 16:00:00,2592.11000000,0.00441570,-0.04547992,-0.02263525,-0.07730037,-0.04022402,-0.04968070,0.0002320834,-0.0005934289,-0.0000024810,-0.0009208690,-0.0000527899,-0.0000908412,2592.71165559,2590.57222338,2592.10356902,2589.72410509,2591.97316646,2591.87454024
eth4h:row15432:1729022400,2024-10-15 20:00:00,2607.41000000,0.00143779,-0.04361977,-0.02344903,-0.07568340,-0.04205508,-0.05096637,0.0001740951,-0.0005572064,-0.0000183276,-0.0008893820,-0.0000884459,-0.0001158769,2607.86397685,2605.95753929,2607.36221278,2605.09204750,2607.17939560,2607.10787887
eth4h:row15433:1729036800,2024-10-16 00:00:00,2617.23000000,0.00244011,-0.04737474,-0.02439949,-0.07513243,-0.04258981,-0.04952752,0.0001936130,-0.0006303263,-0.0000368357,-0.0008786530,-0.0000988587,-0.0000878583,2617.73677872,2615.58081080,2617.13359426,2614.93137299,2616.97127691,2617.00006472
eth4h:row15434:1729051200,2024-10-16 04:00:00,2607.13000000,0.00671638,-0.04593603,-0.02256241,-0.07895280,-0.03986777,-0.04706048,0.0002768842,-0.0006023106,-0.0000010626,-0.0009530465,-0.0000458527,-0.0000398181,2607.85197304,2605.56017069,2607.12722955,2604.64646740,2607.01045884,2607.02619110
eth4h:row15435:1729065600,2024-10-16 08:00:00,2630.40000000,0.00453229,-0.04341792,-0.02794394,-0.07823351,-0.04304149,-0.05046592,0.0002343537,-0.0005532757,-0.0001058562,-0.0009390399,-0.0001076541,-0.0001061316,2631.01651621,2628.94506603,2630.12157057,2627.93110895,2630.11684190,2630.12084618
eth4h:row15436:1729080000,2024-10-16 12:00:00,2607.67000000,0.00211627,-0.04433042,-0.02674004,-0.07937260,-0.04153492,-0.05354170,0.0001873070,-0.0005710447,-0.0000824130,-0.0009612212,-0.0000783168,-0.0001660258,2608.15848068,2606.18132883,2607.45510305,2605.16465671,2607.46578359,2607.23709552
eth4h:row15437:1729094400,2024-10-16 16:00:00,2614.93000000,0.00200326,-0.04427777,-0.02941081,-0.07701112,-0.04486251,-0.04936913,0.0001851064,-0.0005700196,-0.0001344203,-0.0009152365,-0.0001431145,-0.0000847741,2615.41408509,2613.43986343,2614.57852385,2612.53781548,2614.55579237,2614.70833104
eth4h:row15438:1729108800,2024-10-16 20:00:00,2611.10000000,-0.00058394,-0.03807949,-0.02986100,-0.07603289,-0.04485974,-0.04838357,0.0001347263,-0.0004493213,-0.0001431869,-0.0008961876,-0.0001430605,-0.0000655824,2611.45180750,2609.92704059,2610.72615147,2608.76101290,2610.72648136,2610.92876341
eth4h:row15439:1729123200,2024-10-17 00:00:00,2640.80000000,-0.00780346,-0.03420845,-0.02559116,-0.07830356,-0.04286524,-0.05022549,-0.0000058583,-0.0003739412,-0.0000600410,-0.0009404039,-0.0001042220,-0.0001014498,2640.78452936,2639.81268063,2640.64144845,2638.31774864,2640.52478491,2640.53210504
eth4h:row15440:1729137600,2024-10-17 04:00:00,2628.50000000,0.00044716,-0.04182972,-0.02101716,-0.07899767,-0.03750613,-0.05031214,0.0001548047,-0.0005223491,0.0000290278,-0.0009539202,0.0000001350,-0.0001031371,2628.90693577,2627.12736403,2628.57630060,2625.99381618,2628.50035489,2628.22891813
eth4h:row15441:1729152000,2024-10-17 08:00:00,2598.01000000,-0.00037735,-0.04126048,-0.02270195,-0.07846364,-0.03926163,-0.05037452,0.0001387492,-0.0005112644,-0.0000037798,-0.0009435212,-0.0000340495,-0.0001043517,2598.37049675,2596.68206959,2598.00018012,2595.55987853,2597.92154051,2597.73890729
eth4h:row15442:1729166400,2024-10-17 12:00:00,2630.82000000,-0.00715672,-0.03646088,-0.02245709,-0.08105375,-0.04146664,-0.05426388,0.0000067355,-0.0004178024,0.0000009883,-0.0009939579,-0.0000769873,-0.0001800888,2630.83772004,2629.72106660,2630.82259994,2628.20637480,2630.61746816,2630.34626156
eth4h:row15443:1729180800,2024-10-17 16:00:00,2595.59000000,0.01043345,-0.05011922,-0.01684090,-0.08758104,-0.03343430,-0.05292278,0.0003492660,-0.0006837692,0.0001103514,-0.0011210628,0.0000794251,-0.0001539736,2596.49670967,2593.81582218,2595.87644278,2592.68181112,2595.79616329,2595.19037832
eth4h:row15444:1729195200,2024-10-17 20:00:00,2605.80000000,0.01148076,-0.05025923,-0.01835152,-0.08497110,-0.03542793,-0.05377924,0.0003696602,-0.0006864956,0.0000809353,-0.0010702399,0.0000406036,-0.0001706513,2606.76343852,2604.01174365,2606.01090982,2603.01266080,2605.90580695,2605.35535469
eth4h:row15445:1729209600,2024-10-18 00:00:00,2609.99000000,0.00773222,-0.04813994,-0.02218386,-0.08397119,-0.03778396,-0.05245566,0.0002966655,-0.0006452270,0.0000063088,-0.0010507687,-0.0000052750,-0.0001448775,2610.76440891,2608.30650703,2610.00646591,2607.24894451,2609.97623229,2609.61189867
eth4h:row15446:1729224000,2024-10-18 04:00:00,2644.50000000,0.00990219,-0.05312532,-0.01663836,-0.08723208,-0.02860514,-0.05525757,0.0003389209,-0.0007423065,0.0001142954,-0.0011142676,0.0001734626,-0.0001994386,2645.39642831,2642.53769887,2644.80227134,2641.55496037,2644.95876168,2643.97263720
eth4h:row15447:1729238400,2024-10-18 08:00:00,2621.98000000,0.00076444,-0.04161496,-0.02505257,-0.07861361,-0.03948384,-0.05150811,0.0001609830,-0.0005181672,-0.0000495532,-0.0009464415,-0.0000383765,-0.0001264260,2622.40212819,2620.62172801,2621.85007576,2619.49962338,2621.87937950,2621.64853459
eth4h:row15448:1729252800,2024-10-18 12:00:00,2653.15000000,0.00323434,-0.04228097,-0.02212169,-0.08458848,-0.03544270,-0.05047875,0.0002090789,-0.0005311362,0.0000075194,-0.0010627892,0.0000403160,-0.0001063815,2653.70477572,2651.74119012,2653.16995007,2650.33175865,2653.25696660,2652.86776904
eth4h:row15449:1729267200,2024-10-18 16:00:00,2651.31000000,0.00177373,-0.03993270,-0.02330097,-0.08390139,-0.03610601,-0.04910385,0.0001806367,-0.0004854087,-0.0000154445,-0.0010494096,0.0000273993,-0.0000796082,2651.78896703,2650.02334349,2651.26905209,2648.52914928,2651.38264514,2651.09894226
eth4h:row15450:1729281600,2024-10-18 20:00:00,2642.17000000,0.00192905,-0.04445769,-0.01578000,-0.08856115,-0.03318977,-0.05588598,0.0001836614,-0.0005735231,0.0001310102,-0.0011401483,0.0000841868,-0.0002116756,2642.65530911,2640.65508900,2642.51617386,2639.15925111,2642.39244519,2641.61077636
eth4h:row15451:1729296000,2024-10-19 00:00:00,2646.41000000,0.00227858,-0.04517402,-0.01687631,-0.09034866,-0.03389437,-0.05491158,0.0001904675,-0.0005874720,0.0001096620,-0.0011749562,0.0000704664,-0.0001927012,2646.91410322,2644.85576474,2646.70022640,2643.30241006,2646.59648943,2645.90008276
eth4h:row15452:1729310400,2024-10-19 04:00:00,2641.05000000,0.00235809,-0.04367490,-0.01631453,-0.09112477,-0.03525396,-0.05247476,0.0001920159,-0.0005582800,0.0001206013,-0.0011900693,0.0000439913,-0.0001452495,2641.55717223,2639.57596618,2641.36853323,2637.90883683,2641.16618574,2640.66641679
eth4h:row15453:1729324800,2024-10-19 08:00:00,2631.48000000,0.00009609,-0.03839491,-0.01789215,-0.08764787,-0.03830420,-0.05192312,0.0001479684,-0.0004554636,0.0000898806,-0.0011223642,-0.0000154057,-0.0001345074,2631.86940467,2630.28172952,2631.71652970,2628.52817794,2631.43946065,2631.12607017
eth4h:row15454:1729339200,2024-10-19 12:00:00,2645.70000000,0.00399591,-0.04368475,-0.01704505,-0.09065366,-0.03529303,-0.05175341,0.0002239088,-0.0005584718,0.0001063761,-0.0011808954,0.0000432305,-0.0001312027,2646.29246188,2644.22286374,2645.98145420,2642.57754906,2645.81437732,2645.35289975
eth4h:row15455:1729353600,2024-10-19 16:00:00,2641.34000000,0.00508166,-0.04582807,-0.01453319,-0.09072196,-0.03399485,-0.05044217,0.0002450516,-0.0006002084,0.0001552891,-0.0011822255,0.0000685098,-0.0001056691,2641.98734394,2639.75512131,2641.75020316,2638.21918555,2641.52096374,2641.06090673
eth4h:row15456:1729368000,2024-10-19 20:00:00,2648.20000000,-0.00105469,-0.04207192,-0.01969555,-0.08893059,-0.03875414,-0.05009418,0.0001255593,-0.0005270654,0.0000547633,-0.0011473424,-0.0000241671,-0.0000988928,2648.53252702,2646.80459305,2648.34502826,2645.16335021,2648.13600139,2647.93812502
eth4h:row15457:1729382400,2024-10-20 00:00:00,2640.25000000,-0.00041853,-0.04202127,-0.01821085,-0.09058909,-0.03968839,-0.04851299,0.0001379472,-0.0005260792,0.0000836745,-0.0011796381,-0.0000423596,-0.0000681025,2640.61424009,2638.86138477,2640.47093088,2637.13729680,2640.13816233,2640.07019847
eth4h:row15458:1729396800,2024-10-20 04:00:00,2646.10000000,-0.00040825,-0.04170476,-0.02066746,-0.08557244,-0.04419447,-0.04445807,0.0001381474,-0.0005199157,0.0000358374,-0.0010819496,-0.0001301058,0.0000108583,2646.46557700,2644.72460861,2646.19483112,2643.23860143,2645.75574933,2646.12873224
eth4h:row15459:1729411200,2024-10-20 08:00:00,2649.49000000,0.00464828,-0.04724786,-0.01876422,-0.08825673,-0.04344146,-0.04618926,0.0002366124,-0.0006278556,0.0000728988,-0.0011342204,-0.0001154426,-0.0000228529,2650.11697628,2647.82702506,2649.68315178,2646.48659788,2649.18415353,2649.42945229
eth4h:row15460:1729425600,2024-10-20 12:00:00,2706.58000000,0.00134064,-0.04527387,-0.01489672,-0.09062693,-0.03813046,-0.05032837,0.0001722032,-0.0005894164,0.0001482102,-0.0011803748,-0.0000120224,-0.0001034531,2707.04612191,2704.98516731,2706.98117239,2703.38710586,2706.54746050,2706.30001043
eth4h:row15461:1729440000,2024-10-20 16:00:00,2699.86000000,0.00684230,-0.05133584,-0.01142510,-0.09414543,-0.03687200,-0.04849104,0.0002793361,-0.0007074602,0.0002158123,-0.0012488902,0.0000124834,-0.0000676751,2700.61427374,2697.95063189,2700.44272594,2696.49027607,2699.89370365,2699.67729291
eth4h:row15462:1729454400,2024-10-20 20:00:00,2746.91000000,0.00361941,-0.04735941,-0.01748356,-0.09084456,-0.04283691,-0.04628738,0.0002165774,-0.0006300278,0.0000978370,-0.0011846127,-0.0001036704,-0.0000247636,2747.50498315,2745.17991549,2747.17876266,2743.65790204,2746.62524155,2746.84197744
eth4h:row15463:1729468800,2024-10-21 00:00:00,2733.81000000,0.00029782,-0.04670517,-0.01906743,-0.08952090,-0.04314303,-0.04540894,0.0001518967,-0.0006172879,0.0000669945,-0.0011588374,-0.0001096314,-0.0000076579,2734.22528821,2732.12297280,2733.99315637,2730.64379361,2733.51030488,2733.78906478
eth4h:row15464:1729483200,2024-10-21 04:00:00,2722.01000000,0.00570000,-0.04826453,-0.01546064,-0.09042075,-0.03950761,-0.04794962,0.0002570924,-0.0006476531,0.0001372290,-0.0011763601,-0.0000388395,-0.0000571321,2722.70989811,2720.24765242,2722.38356447,2718.80981877,2721.90428063,2721.85449021
eth4h:row15465:1729497600,2024-10-21 08:00:00,2704.77000000,0.00320638,-0.04616666,-0.01867726,-0.08892485,-0.04303589,-0.04603931,0.0002085346,-0.0006068016,0.0000745923,-0.0011472307,-0.0001075451,-0.0000199329,2705.33409684,2703.12923920,2704.97176243,2701.66878408,2704.47913077,2704.71608665
eth4h:row15466:1729512000,2024-10-21 12:00:00,2679.43000000,0.00047899,-0.04314810,-0.01712480,-0.09096840,-0.04104400,-0.04655110,0.0001554245,-0.0005480217,0.0001048231,-0.0011870243,-0.0000687572,-0.0000298990,2679.84648155,2677.96201659,2679.71088092,2676.25133837,2679.24577614,2679.34988892
eth4h:row15467:1729526400,2024-10-21 16:00:00,2680.10000000,0.00057069,-0.04156271,-0.02244886,-0.08513984,-0.04466575,-0.04353572,0.0001572102,-0.0005171495,0.0000011484,-0.0010735257,-0.0001392830,0.0000288191,2680.52137228,2678.71434584,2680.10307792,2677.22438752,2679.72673368,2680.17723916
eth4h:row15468:1729540800,2024-10-21 20:00:00,2666.70000000,0.00007100,-0.04323819,-0.02239933,-0.08694218,-0.04495536,-0.04643079,0.0001474797,-0.0005497760,0.0000021130,-0.0011086224,-0.0001449225,-0.0000275562,2667.09331324,2665.23431522,2666.70563462,2663.74527478,2666.31356306,2666.62651694
eth4h:row15469:1729555200,2024-10-22 00:00:00,2644.56000000,-0.00355222,-0.04262345,-0.02839818,-0.07947594,-0.05066770,-0.04136851,0.0000769254,-0.0005378051,-0.0001147017,-0.0009632335,-0.0002561581,0.0000710208,2644.76344170,2643.13812441,2644.25668190,2642.01389773,2643.88266123,2644.74782550
eth4h:row15470:1729569600,2024-10-22 04:00:00,2646.79000000,0.00303949,-0.04584697,-0.02189597,-0.08633734,-0.04496394,-0.04346450,0.0002052847,-0.0006005763,0.0000119148,-0.0010968445,-0.0001450897,0.0000302058,2647.33340121,2645.20087790,2646.82153623,2643.88847454,2646.40600595,2646.86994962
eth4h:row15471:1729584000,2024-10-22 08:00:00,2632.90000000,-0.00163071,-0.04184988,-0.02516195,-0.08329658,-0.04767917,-0.04338034,0.0001143426,-0.0005227417,-0.0000516830,-0.0010376322,-0.0001979629,0.0000318447,2633.20106976,2631.52403316,2632.76392730,2630.16943499,2632.37883503,2632.98384517
eth4h:row15472:1729598400,2024-10-22 12:00:00,2624.33000000,-0.00384652,-0.04666986,-0.02233401,-0.08548036,-0.04713921,-0.04459410,0.0000711946,-0.0006166002,0.0000033851,-0.0010801566,-0.0001874484,0.0000082093,2624.51684478,2622.71233626,2624.33888350,2621.49684293,2623.83811967,2624.35154409
eth4h:row15473:1729612800,2024-10-22 16:00:00,2628.01000000,-0.00286304,-0.04455580,-0.02606663,-0.08427553,-0.04646521,-0.04441241,0.0000903457,-0.0005754335,-0.0000692997,-0.0010566951,-0.0001743237,0.0000117474,2628.24744008,2626.49818992,2627.82788602,2625.23446139,2627.55191561,2628.04087234
eth4h:row15474:1729627200,2024-10-22 20:00:00,2622.81000000,-0.00922387,-0.03947198,-0.02793392,-0.08256873,-0.04664391,-0.04769733,-0.0000335177,-0.0004764372,-0.0001056612,-0.0010234590,-0.0001778034,-0.0000522193,2622.72209087,2621.56069328,2622.53288535,2620.12703472,2622.34369704,2622.67304228
eth4h:row15475:1729641600,2024-10-23 00:00:00,2616.50000000,-0.01033171,-0.04091749,-0.02843186,-0.08117028,-0.04977824,-0.04502099,-0.0000550905,-0.0005045853,-0.0001153575,-0.0009962270,-0.0002388377,-0.0000001034,2616.35585957,2615.18008568,2616.19818460,2613.89466998,2615.87515575,2616.49972946
eth4h:row15476:1729656000,2024-10-23 04:00:00,2602.81000000,-0.00165396,-0.04708405,-0.02440461,-0.08349650,-0.04193278,-0.04673792,0.0001138899,-0.0006246658,-0.0000369355,-0.0010415251,-0.0000860643,-0.0000335368,2603.10645067,2601.18462145,2602.71386563,2600.10051921,2602.58600062,2602.72271145
eth4h:row15477:1729670400,2024-10-23 08:00:00,2580.93000000,-0.01006578,-0.03872228,-0.02531215,-0.08033763,-0.04283496,-0.04828999,-0.0000499122,-0.0004618383,-0.0000546079,-0.0009800130,-0.0001036324,-0.0000637601,2580.80118331,2579.73830286,2580.78906465,2578.40189400,2580.66254597,2580.76544477
eth4h:row15478:1729684800,2024-10-23 12:00:00,2540.22000000,-0.01114254,-0.04150961,-0.02303293,-0.08185239,-0.04222432,-0.05025537,-0.0000708797,-0.0005161157,-0.0000102250,-0.0010095097,-0.0000917414,-0.0001020316,2540.03995625,2538.90929092,2540.19402642,2537.65691711,2539.98696727,2539.96083063
eth4h:row15479:1729699200,2024-10-23 16:00:00,2512.51000000,-0.00791653,-0.04235291,-0.02834555,-0.07854322,-0.04361028,-0.04602509,-0.0000080601,-0.0005325371,-0.0001136768,-0.0009450707,-0.0001187301,-0.0000196561,2512.48974894,2511.17235130,2512.22440210,2510.13662209,2512.21170715,2512.46061441
eth4h:row15480:1729713600,2024-10-23 20:00:00,2524.61000000,-0.00898450,-0.03899947,-0.02824053,-0.07548665,-0.04510680,-0.04773956,-0.0000288565,-0.0004672360,-0.0001116317,-0.0008855506,-0.0001478715,-0.0000530416,2524.53714974,2523.43068682,2524.32818920,2522.37531974,2524.23670969,2524.47609411
eth4h:row15481:1729728000,2024-10-24 00:00:00,2544.80000000,-0.00702595,-0.04137574,-0.03202036,-0.07612422,-0.04527869,-0.04782506,0.0000092821,-0.0005135088,-0.0001852357,-0.0008979660,-0.0001512187,-0.0000547066,2544.82362107,2543.49355826,2544.32865583,2542.51588180,2544.41520762,2544.66078641
eth4h:row15482:1729742400,2024-10-24 04:00:00,2544.76000000,0.00052799,-0.05034000,-0.02628812,-0.08078420,-0.03823189,-0.05099460,0.0001563786,-0.0006880683,-0.0000736127,-0.0009887091,-0.0000139976,-0.0001164265,2545.15797717,2543.00963354,2544.57268012,2542.24521614,2544.72437968,2544.46373976
eth4h:row15483:1729756800,2024-10-24 08:00:00,2529.47000000,-0.00452500,-0.04113427,-0.03018030,-0.07446939,-0.04115725,-0.04928931,0.0000579827,-0.0005088066,-0.0001494046,-0.0008657417,-0.0000709625,-0.0000832197,2529.61666969,2528.18331625,2529.09211375,2527.28108001,2529.29050883,2529.25950708
eth4h:row15484:1729771200,2024-10-24 12:00:00,2525.84000000,-0.00518458,-0.03899153,-0.03031763,-0.07972670,-0.03841330,-0.05149128,0.0000451387,-0.0004670814,-0.0001520788,-0.0009681164,-0.0000175301,-0.0001260984,2525.95401566,2524.66050271,2525.45590250,2523.39587611,2525.79572212,2525.52151577
eth4h:row15485:1729785600,2024-10-24 16:00:00,2539.96000000,-0.01074289,-0.03435804,-0.03135040,-0.07499008,-0.03816187,-0.05306271,-0.0000630974,-0.0003768542,-0.0001721898,-0.0008758810,-0.0000126341,-0.0001566986,2539.79974009,2539.00298570,2539.52268256,2537.73627122,2539.92791006,2539.56202298
eth4h:row15486:1729800000,2024-10-24 20:00:00,2535.82000000,-0.00973218,-0.03545001,-0.02661863,-0.07765131,-0.03563491,-0.05427528,-0.0000434159,-0.0003981180,-0.0000800487,-0.0009277027,0.0000365731,-0.0001803107,2535.70990742,2534.81064531,2535.61701910,2533.46860380,2535.91274460,2535.36280565
eth4h:row15487:1729814400,2024-10-25 00:00:00,2521.73000000,-0.01171501,-0.03571087,-0.02847585,-0.07688689,-0.03930547,-0.05422727,-0.0000820274,-0.0004031977,-0.0001162140,-0.0009128174,-0.0000349032,-0.0001793758,2521.52315750,2520.71344923,2521.43695659,2519.42917131,2521.64198510,2521.27770320
eth4h:row15488:1729828800,2024-10-25 04:00:00,2484.07000000,-0.01686637,-0.03136224,-0.02313116,-0.07999685,-0.03623455,-0.05553140,-0.0001823390,-0.0003185174,-0.0000121378,-0.0009733772,0.0000248964,-0.0002047710,2483.61709839,2483.27890645,2484.03984911,2481.65323939,2484.13184505,2483.56138653
eth4h:row15489:1729843200,2024-10-25 08:00:00,2545.13000000,-0.01007288,-0.03588481,-0.01856783,-0.08276352,-0.03318921,-0.05815088,-0.0000500503,-0.0004065848,0.0000767233,-0.0010272521,0.0000841978,-0.0002557796,2545.00261860,2544.09539911,2545.32527814,2542.51685237,2545.34430343,2544.47909081
eth4h:row15490:1729857600,2024-10-25 12:00:00,2524.86000000,-0.00855737,-0.03874011,-0.02082082,-0.08128929,-0.03591778,-0.05385702,-0.0000205391,-0.0004621856,0.0000328510,-0.0009985446,0.0000310647,-0.0001721660,2524.80814221,2523.69331559,2524.94294559,2522.34007305,2524.93843534,2524.42534234
eth4h:row15491:1729872000,2024-10-25 16:00:00,2476.10000000,-0.00891285,-0.04400294,-0.01983413,-0.08362372,-0.03573272,-0.05438475,-0.0000274613,-0.0005646677,0.0000520648,-0.0010440026,0.0000346683,-0.0001824423,2476.03200393,2474.70222091,2476.22892096,2473.51629413,2476.18584375,2475.64829581
eth4h:row15492:1729886400,2024-10-25 20:00:00,2440.62000000,-0.00482153,-0.04446937,-0.01757803,-0.08671235,-0.03059920,-0.05938912,0.0000522083,-0.0005737506,0.0000959974,-0.0011041469,0.0001346326,-0.0002798917,2440.74742403,2439.22009453,2440.85430434,2437.92668429,2440.94860922,2439.93698625
eth4h:row15493:1729900800,2024-10-26 00:00:00,2452.27000000,-0.00447165,-0.04084380,-0.01982274,-0.08326970,-0.03162698,-0.05750521,0.0000590215,-0.0005031504,0.0000522865,-0.0010371088,0.0001146187,-0.0002432067,2452.41474086,2451.03644975,2452.39822389,2449.72804763,2452.55109220,2451.67366412
eth4h:row15494:1729915200,2024-10-26 04:00:00,2465.61000000,-0.00749998,-0.04242343,-0.02211865,-0.08137852,-0.03538547,-0.05526333,0.0000000512,-0.0005339102,0.0000075786,-0.0010002821,0.0000414303,-0.0001995509,2465.61012631,2464.29393699,2465.62868584,2463.14492751,2465.71215299,2465.11803439
eth4h:row15495:1729929600,2024-10-26 08:00:00,2472.98000000,-0.00307416,-0.04693501,-0.01882431,-0.08254546,-0.03158562,-0.05688941,0.0000862346,-0.0006217635,0.0000717289,-0.0010230057,0.0001154242,-0.0002312152,2473.19326560,2471.44286924,2473.15739045,2470.45142085,2473.26545832,2472.40827557
eth4h:row15496:1729944000,2024-10-26 12:00:00,2457.59000000,-0.00357311,-0.04571693,-0.01533493,-0.08103600,-0.02990318,-0.05698251,0.0000765186,-0.0005980440,0.0001396769,-0.0009936123,0.0001481861,-0.0002330282,2457.77805854,2456.12069244,2457.93329254,2455.14932106,2457.95420764,2457.01737906
eth4h:row15497:1729958400,2024-10-26 16:00:00,2486.68000000,-0.00518685,-0.04204211,-0.01561376,-0.08272521,-0.03111514,-0.05927644,0.0000450946,-0.0005264848,0.0001342473,-0.0010265060,0.0001245859,-0.0002776975,2486.79213831,2485.37114530,2487.01385244,2484.12871764,2486.98982447,2485.98955112
eth4h:row15498:1729972800,2024-10-26 20:00:00,2482.51000000,-0.00448661,-0.04348627,-0.01465544,-0.08391689,-0.02910411,-0.06023770,0.0000587301,-0.0005546067,0.0001529086,-0.0010497113,0.0001637463,-0.0002964159,2482.65580246,2481.13356496,2482.88962606,2479.90544833,2482.91653522,2481.77425357
eth4h:row15499:1729987200,2024-10-27 00:00:00,2484.64000000,-0.00039058,-0.04716590,-0.01590958,-0.08178252,-0.03277360,-0.05601314,0.0001384915,-0.0006262596,0.0001284869,-0.0010081491,0.0000922909,-0.0002141519,2484.98412536,2483.08445738,2484.95926417,2482.13637453,2484.86932024,2484.10796670
eth4h:row15500:1730001600,2024-10-27 04:00:00,2481.26000000,0.00278778,-0.05090007,-0.01801964,-0.08201467,-0.03262031,-0.05949795,0.0002003832,-0.0006989746,0.0000873979,-0.0010126697,0.0000952759,-0.0002820108,2481.75725254,2479.52626836,2481.47686651,2478.74857509,2481.49641543,2480.56035649
eth4h:row15501:1730016000,2024-10-27 08:00:00,2469.86000000,-0.00066172,-0.04771130,-0.01558920,-0.08367102,-0.03008623,-0.06106911,0.0001332116,-0.0006368801,0.0001347255,-0.0010449236,0.0001446217,-0.0003126058,2470.18903594,2468.28749617,2470.19277549,2467.28053296,2470.21722110,2469.08802802
eth4h:row15502:1730030400,2024-10-27 12:00:00,2501.97000000,0.00081564,-0.04679032,-0.01921466,-0.07974873,-0.03185159,-0.05740189,0.0001619800,-0.0006189460,0.0000641276,-0.0009685456,0.0001102450,-0.0002411946,2502.37530197,2500.42189492,2502.13045058,2499.54790117,2502.24584498,2501.36661102
eth4h:row15503:1730044800,2024-10-27 16:00:00,2494.59000000,-0.00309532,-0.04189928,-0.02702775,-0.07597810,-0.03823175,-0.05285320,0.0000858225,-0.0005237036,-0.0000880155,-0.0008951206,-0.0000139949,-0.0001526188,2494.80410125,2493.28391636,2494.37044702,2492.35804015,2494.55508882,2494.20930760
eth4h:row15504:1730059200,2024-10-27 20:00:00,2507.80000000,-0.00479554,-0.04283650,-0.02427390,-0.07495238,-0.03441788,-0.05617080,0.0000527144,-0.0005419540,-0.0000343902,-0.0008751469,0.0000602722,-0.0002172218,2507.93220062,2506.44125607,2507.71375781,2505.60626665,2507.95115511,2507.25531024
eth4h:row15505:1730073600,2024-10-28 00:00:00,2477.71000000,-0.00248670,-0.04383349,-0.02349016,-0.07412592,-0.03354308,-0.05862918,0.0000976742,-0.0005613682,-0.0000191285,-0.0008590533,0.0000773069,-0.0002650934,2477.95202007,2476.31948266,2477.66260558,2475.58242897,2477.90155152,2477.05326236
eth4h:row15506:1730088000,2024-10-28 04:00:00,2511.77000000,-0.00405245,-0.04059364,-0.02646079,-0.07462005,-0.03754647,-0.05516417,0.0000671845,-0.0004982790,-0.0000769752,-0.0008686756,-0.0000006505,-0.0001976198,2511.93875763,2510.51874939,2511.57666341,2509.58903415,2511.76836617,2511.27367348
eth4h:row15507:1730102400,2024-10-28 08:00:00,2527.12000000,-0.00901758,-0.03582557,-0.02285596,-0.07672977,-0.03637481,-0.05637894,-0.0000295006,-0.0004054311,-0.0000067790,-0.0009097578,0.0000221651,-0.0002212749,2527.04544946,2526.09563458,2527.10286883,2524.82197823,2527.17601460,2526.56087363
eth4h:row15508:1730116800,2024-10-28 12:00:00,2501.02000000,-0.00110029,-0.04534915,-0.02235934,-0.07673301,-0.03623080,-0.05760027,0.0001246714,-0.0005908824,0.0000028918,-0.0009098208,0.0000249693,-0.0002450576,2501.33182507,2499.54262790,2501.02723237,2498.74555478,2501.08244957,2500.40718102
eth4h:row15509:1730131200,2024-10-28 16:00:00,2506.70000000,0.00211562,-0.04557073,-0.02100142,-0.07628627,-0.03098251,-0.06093793,0.0001872943,-0.0005951972,0.0000293342,-0.0009011216,0.0001271685,-0.0003100515,2507.16953451,2505.20846319,2506.77353309,2504.44217598,2507.01879355,2505.92291441
eth4h:row15510:1730145600,2024-10-28 20:00:00,2567.48000000,-0.00236588,-0.03990763,-0.02201309,-0.07657333,-0.03221942,-0.05962306,0.0001000268,-0.0004849206,0.0000096341,-0.0009067114,0.0001030824,-0.0002844471,2567.73682977,2566.23527791,2567.50473550,2565.15309176,2567.74467561,2566.74979170
eth4h:row15511:1730160000,2024-10-29 00:00:00,2607.75000000,-0.00069832,-0.04426391,-0.01954040,-0.07909919,-0.03092072,-0.06021615,0.0001324990,-0.0005697497,0.0000577846,-0.0009558972,0.0001283717,-0.0002959963,2608.09554705,2606.26465832,2607.90069207,2605.25845021,2608.08478274,2606.97822979
eth4h:row15512:1730174400,2024-10-29 04:00:00,2613.30000000,-0.00312917,-0.04501218,-0.02640137,-0.07260680,-0.03792809,-0.05482089,0.0000851633,-0.0005843205,-0.0000758180,-0.0008294719,-0.0000080817,-0.0001909352,2613.52256669,2611.77344125,2613.10187227,2611.13323994,2613.27888026,2612.80107659
eth4h:row15513:1730188800,2024-10-29 08:00:00,2631.59000000,0.00086529,-0.04650776,-0.02563795,-0.07305509,-0.03686722,-0.05506123,0.0001629469,-0.0006134438,-0.0000609521,-0.0008382013,0.0000125764,-0.0001956154,2632.01884426,2629.97616249,2631.42960384,2629.38512210,2631.62309614,2631.07527094
eth4h:row15514:1730203200,2024-10-29 12:00:00,2648.52000000,-0.00191479,-0.04460157,-0.02445116,-0.07317685,-0.03644016,-0.05650824,0.0001088108,-0.0005763249,-0.0000378420,-0.0008405722,0.0000208926,-0.0002237927,2648.80820328,2646.99403165,2648.41977658,2646.29466303,2648.57533508,2647.92734691
eth4h:row15515:1730217600,2024-10-29 16:00:00,2624.74000000,-0.00339215,-0.04313146,-0.02523747,-0.07407933,-0.03734207,-0.05433794,0.0000800424,-0.0005476975,-0.0000531536,-0.0008581463,0.0000033298,-0.0001815309,2624.95009890,2623.30282994,2624.60048936,2622.48855536,2624.74873978,2624.26357185
eth4h:row15516:1730232000,2024-10-29 20:00:00,2638.80000000,-0.00114774,-0.04402304,-0.02690437,-0.07366073,-0.03816345,-0.05312046,0.0001237475,-0.0005650592,-0.0000856129,-0.0008499949,-0.0000126647,-0.0001578230,2639.12656509,2637.30934307,2638.57409426,2636.55798655,2638.76658053,2638.38356950
eth4h:row15517:1730246400,2024-10-30 00:00:00,2641.70000000,-0.00302123,-0.04437071,-0.02907326,-0.07091621,-0.03856641,-0.05370959,0.0000872653,-0.0005718294,-0.0001278475,-0.0007965512,-0.0000205116,-0.0001692951,2641.93053870,2640.18983019,2641.36228697,2639.59658867,2641.64581508,2641.25281102
eth4h:row15518:1730260800,2024-10-30 04:00:00,2668.60000000,-0.00335072,-0.04801582,-0.02977368,-0.07102029,-0.04103742,-0.05383305,0.0000808491,-0.0006428100,-0.0001414865,-0.0007985780,-0.0000686291,-0.0001716991,2668.81576254,2666.88514859,2668.22245581,2666.46976551,2668.41686261,2668.14184303
eth4h:row15519:1730275200,2024-10-30 08:00:00,2659.18000000,0.00202836,-0.05138113,-0.02426359,-0.07684506,-0.03883275,-0.05291880,0.0001855950,-0.0007083421,-0.0000341894,-0.0009120029,-0.0000256979,-0.0001538962,2659.67357643,2657.29705794,2659.08908585,2656.75592574,2659.11166551,2658.77079388
eth4h:row15520:1730289600,2024-10-30 12:00:00,2683.08000000,-0.00093870,-0.04789591,-0.02844521,-0.07135905,-0.04550847,-0.04663818,0.0001278180,-0.0006404750,-0.0001156175,-0.0008051747,-0.0001556933,-0.0000315947,2683.42296775,2681.36210461,2682.76980704,2680.92052149,2682.66229498,2682.99523012
eth4h:row15521:1730304000,2024-10-30 16:00:00,2655.00000000,0.00024767,-0.05235618,-0.02440956,-0.07469639,-0.04225971,-0.05044698,0.0001509200,-0.0007273292,-0.0000370319,-0.0008701621,-0.0000924306,-0.0001057628,2655.40072278,2653.06964308,2654.90168223,2652.69072446,2654.75460814,2654.71921455
eth4h:row15522:1730318400,2024-10-30 20:00:00,2659.19000000,0.00189901,-0.05284515,-0.02213576,-0.07474555,-0.03523410,-0.05541614,0.0001830764,-0.0007368508,0.0000072454,-0.0008711194,0.0000443779,-0.0002025266,2659.67687946,2657.23129555,2659.20926708,2656.87453674,2659.30801198,2658.65149790
eth4h:row15523:1730332800,2024-10-31 00:00:00,2657.00000000,0.00326080,-0.05264518,-0.02575931,-0.07458183,-0.03996197,-0.05123719,0.0002095943,-0.0007329567,-0.0000633153,-0.0008679313,-0.0000476871,-0.0001211504,2657.55695029,2655.05324755,2656.83177665,2654.69490701,2656.87329833,2656.67812281
eth4h:row15524:1730347200,2024-10-31 04:00:00,2646.80000000,0.00178237,-0.04960114,-0.02916094,-0.07627273,-0.04282334,-0.05105723,0.0001808050,-0.0006736806,-0.0001295548,-0.0009008578,-0.0001034062,-0.0001176461,2647.27859781,2645.01750260,2646.45711656,2644.41668321,2646.52631866,2646.48863270
eth4h:row15525:1730361600,2024-10-31 08:00:00,2638.81000000,0.00397701,-0.05116946,-0.02717110,-0.07491717,-0.03706700,-0.05522055,0.0002235409,-0.0007042202,-0.0000908069,-0.0008744612,0.0000086863,-0.0001987178,2639.39994786,2636.95235082,2638.57038862,2636.50347157,2638.83292150,2638.28567351
eth4h:row15526:1730376000,2024-10-31 12:00:00,2562.86000000,0.00955279,-0.05556372,-0.02567157,-0.07387111,-0.03630657,-0.05356968,0.0003321171,-0.0007897890,-0.0000616068,-0.0008540915,0.0000234940,-0.0001665707,2563.71131093,2560.83668047,2562.70211536,2560.67201768,2562.92021246,2562.43313816
eth4h:row15527:1730390400,2024-10-31 16:00:00,2514.33000000,0.00533898,-0.05420141,-0.02920171,-0.07182579,-0.04278193,-0.04691488,0.0002500622,-0.0007632610,-0.0001303487,-0.0008142633,-0.0001025997,-0.0000369829,2514.95881759,2512.41164223,2514.00228171,2512.28350668,2514.07204382,2514.23701458
eth4h:row15528:1730404800,2024-10-31 20:00:00,2518.61000000,0.00060983,-0.04863019,-0.02390757,-0.07653566,-0.03712033,-0.04892027,0.0001579722,-0.0006547736,-0.0000272567,-0.0009059778,0.0000076476,-0.0000760334,2519.00790184,2516.96142051,2518.54135198,2516.32922850,2518.62926142,2518.41850885
eth4h:row15529:1730419200,2024-11-01 00:00:00,2503.20000000,-0.00086205,-0.04571675,-0.02801171,-0.07187434,-0.03905355,-0.04895993,0.0001293106,-0.0005980405,-0.0001071759,-0.0008152087,-0.0000299976,-0.0000768058,2503.52371120,2501.70343251,2502.93173168,2501.16020123,2503.12491109,2503.00774709
eth4h:row15530:1730433600,2024-11-01 04:00:00,2504.12000000,-0.00126569,-0.04792015,-0.03375265,-0.07004113,-0.04442794,-0.04788021,0.0001214505,-0.0006409471,-0.0002189683,-0.0007795110,-0.0001346522,-0.0000557805,2504.42414515,2502.51550587,2503.57173711,2502.16877141,2503.78283745,2503.98032276
eth4h:row15531:1730448000,2024-11-01 08:00:00,2515.44000000,-0.00020819,-0.04639749,-0.03260585,-0.07369526,-0.04304805,-0.04879361,0.0001420432,-0.0006112966,-0.0001966370,-0.0008506672,-0.0001077819,-0.0000735670,2515.79732643,2513.90279009,2514.94542009,2513.30110762,2515.16889567,2515.25495355
eth4h:row15532:1730462400,2024-11-01 12:00:00,2500.03000000,0.00422836,-0.05104889,-0.02785769,-0.07865153,-0.04159281,-0.04902124,0.0002284354,-0.0007018725,-0.0001041767,-0.0009471799,-0.0000794441,-0.0000779996,2500.60116068,2498.27591341,2499.76956865,2497.66314285,2499.83139521,2499.83500637
eth4h:row15533:1730476800,2024-11-01 16:00:00,2514.49000000,0.00267918,-0.04817539,-0.03145536,-0.07488477,-0.04187094,-0.04911170,0.0001982684,-0.0006459174,-0.0001742337,-0.0008738304,-0.0000848601,-0.0000797612,2514.98859338,2512.86637168,2514.05192927,2512.29372189,2514.27662918,2514.28944934
eth4h:row15534:1730491200,2024-11-01 20:00:00,2511.49000000,-0.00332718,-0.04125153,-0.03007719,-0.07509030,-0.03539765,-0.05151393,0.0000813075,-0.0005110900,-0.0001473966,-0.0008778327,0.0000411932,-0.0001265394,2511.69421136,2510.20673063,2511.11984207,2509.28629933,2511.59345843,2511.17221760
eth4h:row15535:1730505600,2024-11-02 00:00:00,2506.70000000,-0.00451164,-0.04371309,-0.02526381,-0.07691477,-0.03855383,-0.04899033,0.0000582427,-0.0005590237,-0.0000536666,-0.0009133603,-0.0000202667,-0.0000773977,2506.84600114,2505.29908697,2506.56547753,2504.41152504,2506.64919800,2506.50599457
eth4h:row15536:1730520000,2024-11-02 04:00:00,2507.35000000,-0.01030694,-0.03933705,-0.02802530,-0.07469316,-0.03952034,-0.04882657,-0.0000546083,-0.0004738098,-0.0001074405,-0.0008700991,-0.0000390873,-0.0000742088,2507.21308166,2506.16227448,2507.08062347,2505.16930576,2507.25199644,2507.16393946
eth4h:row15537:1730534400,2024-11-02 08:00:00,2502.13000000,-0.01497506,-0.03166488,-0.02949854,-0.07127370,-0.03938816,-0.05165798,-0.0001455098,-0.0003244107,-0.0001361288,-0.0008035126,-0.0000365135,-0.0001293445,2501.76594213,2501.31841386,2501.78941111,2500.12031460,2502.03864019,2501.80638423
eth4h:row15538:1730548800,2024-11-02 12:00:00,2488.79000000,-0.00965022,-0.03832778,-0.02364137,-0.07320425,-0.04012925,-0.04948927,-0.0000418200,-0.0004541564,-0.0000220731,-0.0008411059,-0.0000509445,-0.0000871134,2488.68592097,2487.65995671,2488.73506524,2486.69754427,2488.66321295,2488.57320238
eth4h:row15539:1730563200,2024-11-02 16:00:00,2493.02000000,-0.00561654,-0.04263575,-0.02845969,-0.07610793,-0.04291862,-0.04721763,0.0000367273,-0.0005380448,-0.0001158995,-0.0008976488,-0.0001052615,-0.0000428782,2493.11156356,2491.67900429,2492.73107697,2490.78314757,2492.75759474,2492.91310605
eth4h:row15540:1730577600,2024-11-02 20:00:00,2494.23000000,-0.00335943,-0.04605970,-0.02024880,-0.08148576,-0.03445382,-0.05368044,0.0000806796,-0.0006047187,0.0000439900,-0.0010023705,0.0000595721,-0.0001687275,2494.43124162,2492.72214834,2494.33972356,2491.73111016,2494.37859105,2493.80919026
eth4h:row15541:1730592000,2024-11-03 00:00:00,2449.59000000,-0.00455736,-0.04762024,-0.02025243,-0.07986476,-0.03597835,-0.05475330,0.0000573524,-0.0006351069,0.0000439192,-0.0009708048,0.0000298852,-0.0001896190,2449.73049397,2448.03474251,2449.69758637,2447.21308016,2449.66320760,2449.12555515
eth4h:row15542:1730606400,2024-11-03 04:00:00,2450.03000000,-0.00420623,-0.04612532,-0.02479168,-0.08141246,-0.03618748,-0.05791494,0.0000641899,-0.0006059966,-0.0000444729,-0.0010009431,0.0000258130,-0.0002511851,2450.18727234,2448.54573984,2449.92104242,2447.57888625,2450.09324342,2449.41466620
eth4h:row15543:1730620800,2024-11-03 08:00:00,2454.47000000,-0.00967138,-0.03468958,-0.02484056,-0.07644606,-0.03432960,-0.05413608,-0.0000422320,-0.0003833102,-0.0000454247,-0.0009042330,0.0000619911,-0.0001776000,2454.36634491,2453.52935699,2454.35850903,2452.25159024,2454.62216008,2454.03412487
eth4h:row15544:1730635200,2024-11-03 12:00:00,2442.63000000,-0.00295465,-0.04610777,-0.02193531,-0.07616359,-0.03492482,-0.05213927,0.0000885617,-0.0006056548,0.0000111488,-0.0008987326,0.0000504005,-0.0001387166,2442.84633312,2441.15105728,2442.65723250,2440.43571491,2442.75311291,2442.29119014
eth4h:row15545:1730649600,2024-11-03 16:00:00,2452.89000000,-0.00264572,-0.04649845,-0.02101579,-0.07702337,-0.03092896,-0.05807819,0.0000945775,-0.0006132624,0.0000290545,-0.0009154750,0.0001282112,-0.0002543642,2453.12199915,2451.38619585,2452.96126844,2450.64546803,2453.20450818,2452.26615194
eth4h:row15546:1730664000,2024-11-03 20:00:00,2457.73000000,-0.01020612,-0.03828518,-0.01580342,-0.07834180,-0.02733878,-0.05996799,-0.0000526450,-0.0004533268,0.0001305540,-0.0009411485,0.0001981222,-0.0002911639,2457.60061619,2456.61609759,2458.05088754,2455.41799923,2458.21697923,2457.01450197
eth4h:row15547:1730678400,2024-11-04 00:00:00,2473.76000000,-0.00525551,-0.04252820,-0.01814702,-0.07632314,-0.03375556,-0.05717137,0.0000437575,-0.0005359504,0.0000849176,-0.0009018395,0.0000731694,-0.0002367057,2473.86824788,2472.43454258,2473.97007467,2471.53007130,2473.94101019,2473.17451610
eth4h:row15548:1730692800,2024-11-04 04:00:00,2459.67000000,-0.00496690,-0.04389688,-0.02223363,-0.07705252,-0.03545901,-0.05688744,0.0000493775,-0.0005626026,0.0000053396,-0.0009160426,0.0000399983,-0.0002311769,2459.79145524,2458.28657245,2459.68313374,2457.41786920,2459.76838455,2459.10144688
eth4h:row15549:1730707200,2024-11-04 08:00:00,2470.20000000,-0.00110363,-0.04496196,-0.02039495,-0.07360590,-0.03138569,-0.05736867,0.0001246064,-0.0005833426,0.0000411440,-0.0008489270,0.0001193174,-0.0002405479,2470.50782188,2468.75944720,2470.30163605,2468.10387027,2470.49475549,2469.60587015
eth4h:row15550:1730721600,2024-11-04 12:00:00,2442.60000000,0.00771470,-0.05207244,-0.02039364,-0.07591565,-0.03129615,-0.05570430,0.0002963243,-0.0007218038,0.0000411696,-0.0008939045,0.0001210610,-0.0002081378,2443.32390895,2440.83755815,2442.70056283,2440.41752442,2442.89572161,2442.09165542
eth4h:row15551:1730736000,2024-11-04 16:00:00,2430.43000000,-0.00092607,-0.04606779,-0.02287313,-0.07769862,-0.03149141,-0.05738176,0.0001280640,-0.0006048763,-0.0000071132,-0.0009286240,0.0001172587,-0.0002408026,2430.74127059,2428.96033503,2430.41271187,2428.17409202,2430.71500574,2429.84481654
eth4h:row15552:1730750400,2024-11-04 20:00:00,2398.21000000,-0.00150548,-0.04140349,-0.02426156,-0.07296354,-0.02961555,-0.05429026,0.0001167811,-0.0005140491,-0.0000341499,-0.0008364185,0.0001537871,-0.0001806024,2398.49008205,2396.97751912,2398.12810274,2396.20493148,2398.57884202,2397.77691674
eth4h:row15553:1730764800,2024-11-05 00:00:00,2420.41000000,0.00030411,-0.04378644,-0.03193459,-0.06594554,-0.03813579,-0.05169702,0.0001520191,-0.0005604519,-0.0001835655,-0.0006997581,-0.0000121262,-0.0001301047,2420.77797660,2419.05385673,2419.96573701,2418.71689096,2420.38064986,2420.09511372
eth4h:row15554:1730779200,2024-11-05 04:00:00,2443.40000000,-0.00843393,-0.03666823,-0.03515192,-0.06357406,-0.04126891,-0.05313858,-0.0000181353,-0.0004218401,-0.0002462162,-0.0006535787,-0.0000731369,-0.0001581759,2443.35568852,2442.36949324,2442.79846930,2441.80356745,2443.22130388,2443.01354368
eth4h:row15555:1730793600,2024-11-05 08:00:00,2440.63000000,-0.00758343,-0.04185994,-0.02771404,-0.06567289,-0.03651024,-0.05587863,-0.0000015737,-0.0005229375,-0.0001013795,-0.0006944489,0.0000195280,-0.0002115325,2440.62615915,2439.35403666,2440.38258270,2438.93569557,2440.67766098,2440.11378200
eth4h:row15556:1730808000,2024-11-05 12:00:00,2441.19000000,-0.00781690,-0.03924188,-0.03395131,-0.06218984,-0.04301269,-0.05329289,-0.0000061201,-0.0004719565,-0.0002228368,-0.0006266240,-0.0001070933,-0.0001611808,2441.17505981,2440.03813643,2440.64607357,2439.66077104,2440.92857879,2440.79655867
eth4h:row15557:1730822400,2024-11-05 16:00:00,2408.40000000,-0.01028853,-0.03664812,-0.03216996,-0.06558073,-0.03976046,-0.05561558,-0.0000542496,-0.0004214487,-0.0001881490,-0.0006926542,-0.0000437632,-0.0002064102,2408.26934872,2407.38519687,2407.94690459,2406.73238921,2408.29460306,2407.90293303
eth4h:row15558:1730836800,2024-11-05 20:00:00,2422.55000000,-0.00645243,-0.04124002,-0.02496531,-0.07027167,-0.03307649,-0.06015200,0.0000204500,-0.0005108660,-0.0000478540,-0.0007840002,0.0000863928,-0.0002947472,2422.59954174,2421.31271775,2422.43407416,2420.65146457,2422.75929992,2421.83606549
eth4h:row15559:1730851200,2024-11-06 00:00:00,2579.31000000,0.00313867,-0.04845884,-0.02688220,-0.07015339,-0.03236522,-0.06108727,0.0002072160,-0.0006514369,-0.0000851812,-0.0007816969,0.0001002432,-0.0003129595,2579.84452978,2577.63028938,2579.09030073,2577.29454927,2579.56857135,2578.50290660
eth4h:row15560:1730865600,2024-11-06 04:00:00,2594.00000000,-0.00922703,-0.04600126,-0.02782014,-0.06843965,-0.03528082,-0.06052718,-0.0000335792,-0.0006035807,-0.0001034455,-0.0007483255,0.0000434683,-0.0003020530,2593.91289693,2592.43478408,2593.73167627,2592.05956969,2594.11275911,2593.21659282
eth4h:row15561:1730880000,2024-11-06 08:00:00,2629.02000000,-0.00234788,-0.05068858,-0.02132335,-0.07259689,-0.03374831,-0.05969775,0.0001003774,-0.0006948562,0.0000230654,-0.0008292789,0.0000733104,-0.0002859017,2629.28390735,2627.19384366,2629.08064010,2626.84071292,2629.21274166,2628.26846620
eth4h:row15562:1730894400,2024-11-06 12:00:00,2634.19000000,0.00089164,-0.05252568,-0.02460983,-0.06773181,-0.03363934,-0.05798941,0.0001634599,-0.0007306299,-0.0000409317,-0.0007345420,0.0000754324,-0.0002526354,2634.62061956,2632.26608507,2634.08218029,2632.25578734,2634.38871085,2633.52459447
eth4h:row15563:1730908800,2024-11-06 16:00:00,2687.25000000,-0.00398718,-0.04708178,-0.03091767,-0.06310116,-0.04029857,-0.05301138,0.0000684554,-0.0006246216,-0.0001637633,-0.0006443700,-0.0000542417,-0.0001556990,2687.43396311,2685.57200959,2686.80996316,2685.51897456,2687.10424287,2686.83163048
eth4h:row15564:1730923200,2024-11-06 20:00:00,2721.87000000,0.00478042,-0.05704750,-0.02294162,-0.07053496,-0.03159514,-0.05704255,0.0002391856,-0.0008186825,-0.0000084468,-0.0007891272,0.0001152388,-0.0002341972,2722.52110991,2719.64256465,2721.84700890,2719.72294559,2722.18368318,2721.23262020
eth4h:row15565:1730937600,2024-11-07 00:00:00,2852.42000000,0.00279684,-0.05397773,-0.02917489,-0.06748283,-0.03804170,-0.05554786,0.0002005596,-0.0007589053,-0.0001298264,-0.0007296936,-0.0000102941,-0.0002050914,2852.99213754,2850.25610464,2852.04970462,2850.33936670,2852.39063718,2851.83505327
eth4h:row15566:1730952000,2024-11-07 04:00:00,2820.29000000,0.00352288,-0.05400884,-0.03120604,-0.06542607,-0.04181205,-0.05411937,0.0002146977,-0.0007595111,-0.0001693786,-0.0006896426,-0.0000837135,-0.0001772747,2820.89557486,2818.14877158,2819.81234365,2818.34567852,2820.05391353,2819.79007823
eth4h:row15567:1730966400,2024-11-07 08:00:00,2792.28000000,0.00469256,-0.05643624,-0.03314665,-0.06582977,-0.04469652,-0.05089345,0.0002374747,-0.0008067795,-0.0002071678,-0.0006975038,-0.0001398822,-0.0001144568,2792.94317473,2790.02815426,2791.70158953,2790.33305322,2791.88943711,2791.96042276
eth4h:row15568:1730980800,2024-11-07 12:00:00,2847.49000000,0.00971956,-0.05770691,-0.03013798,-0.06381340,-0.03950366,-0.05202446,0.0003353646,-0.0008315230,-0.0001485805,-0.0006582394,-0.0000387626,-0.0001364809,2848.44510760,2845.12323078,2847.06694985,2845.61628658,2847.37962610,2847.10139861
eth4h:row15569:1730995200,2024-11-07 16:00:00,2885.00000000,0.00720693,-0.05443209,-0.02843985,-0.06702021,-0.03893264,-0.05007053,0.0002864365,-0.0007677531,-0.0001155130,-0.0007206850,-0.0000276432,-0.0000984323,2885.82648773,2882.78588246,2884.66676425,2882.92157279,2884.92025049,2884.71603676
eth4h:row15570:1731009600,2024-11-07 20:00:00,2895.47000000,0.00559599,-0.05689000,-0.03007236,-0.06767786,-0.04413445,-0.04895478,0.0002550670,-0.0008156154,-0.0001473026,-0.0007334913,-0.0001289370,-0.0000767054,2896.20863318,2893.10937291,2895.04352105,2893.34697671,2895.09669072,2895.24791031
eth4h:row15571:1731024000,2024-11-08 00:00:00,2902.42000000,0.00356997,-0.05345106,-0.02872654,-0.06896494,-0.04184015,-0.04801378,0.0002156147,-0.0007486496,-0.0001210958,-0.0007585545,-0.0000842606,-0.0000583816,2903.04587176,2900.24791768,2902.06855033,2900.21919097,2902.17545061,2902.25055704
eth4h:row15572:1731038400,2024-11-08 04:00:00,2911.96000000,-0.00141995,-0.04752463,-0.04066029,-0.06162772,-0.05469657,-0.04138347,0.0001184467,-0.0006332451,-0.0003534797,-0.0006156780,-0.0003346115,0.0000707295,2912.30493249,2910.11659919,2910.93086312,2910.16772222,2910.98578755,2912.16596874
eth4h:row15573:1731052800,2024-11-08 08:00:00,2914.39000000,0.00554634,-0.05440688,-0.03439447,-0.06456116,-0.05182200,-0.04135763,0.0002541002,-0.0007672621,-0.0002314664,-0.0006728003,-0.0002786355,0.0000712326,2915.13064120,2912.15475662,2913.71549464,2912.42985689,2913.57806047,2914.59760710
eth4h:row15574:1731067200,2024-11-08 12:00:00,2937.04000000,0.00829924,-0.05644967,-0.03158083,-0.06726488,-0.04873656,-0.04030328,0.0003077070,-0.0008070409,-0.0001766769,-0.0007254496,-0.0002185532,0.0000917638,2937.94388680,2934.67064471,2936.52113868,2934.91009827,2936.39817056,2937.30952622
eth4h:row15575:1731081600,2024-11-08 16:00:00,2949.96000000,0.01057072,-0.05737138,-0.02909276,-0.06813464,-0.04822619,-0.03974985,0.0003519390,-0.0008249893,-0.0001282270,-0.0007423861,-0.0002086148,0.0001025406,2950.99838877,2947.52731826,2949.58175975,2947.77080345,2949.34465877,2950.26250619
eth4h:row15576:1731096000,2024-11-08 20:00:00,2961.75000000,0.00049419,-0.04929174,-0.03220251,-0.06719588,-0.04872520,-0.04010513,0.0001557205,-0.0006676559,-0.0001887827,-0.0007241058,-0.0002183320,0.0000956224,2962.21124115,2959.77323020,2961.19092556,2959.60615593,2961.10342585,2962.03322324
eth4h:row15577:1731110400,2024-11-09 00:00:00,2965.50000000,0.00088168,-0.05025469,-0.03340110,-0.07071675,-0.05122879,-0.04085534,0.0001632660,-0.0006864071,-0.0002121227,-0.0007926673,-0.0002670841,0.0000810136,2965.98420497,2963.46515819,2964.87101695,2963.15027665,2964.70806784,2965.74025564
eth4h:row15578:1731124800,2024-11-09 04:00:00,3030.38000000,0.01032285,-0.05458543,-0.03752479,-0.06461315,-0.05558847,-0.02955303,0.0003471124,-0.0007707389,-0.0002924226,-0.0006738127,-0.0003519794,0.0003011016,3031.43206498,3028.04526812,3029.49397803,3028.33877915,3029.31355634,3031.29258978
eth4h:row15579:1731139200,2024-11-09 08:00:00,3051.60000000,0.00426553,-0.05104914,-0.04246667,-0.06211166,-0.05691066,-0.03239187,0.0002291591,-0.0007018774,-0.0003886550,-0.0006251017,-0.0003777263,0.0002458215,3052.29938209,3049.45890240,3050.41421077,3049.69303563,3050.44754811,3052.35024098
eth4h:row15580:1731153600,2024-11-09 12:00:00,3040.88000000,0.00415970,-0.05281882,-0.03407821,-0.06775804,-0.05059879,-0.03971887,0.0002270983,-0.0007363380,-0.0002253079,-0.0007350527,-0.0002548161,0.0001031439,3041.57065723,3038.64170856,3040.19494290,3038.64561432,3040.10523354,3041.19366429
eth4h:row15581:1731168000,2024-11-09 16:00:00,3070.39000000,0.01006735,-0.05820991,-0.02701649,-0.07358567,-0.04208072,-0.03922611,0.0003421372,-0.0008413179,-0.0000877962,-0.0008485333,-0.0000889451,0.0001127394,3071.44067423,3067.80791230,3070.12044339,3067.78577693,3070.11691604,3070.73617352
eth4h:row15582:1731182400,2024-11-09 20:00:00,3126.21000000,0.00515721,-0.05146246,-0.03647127,-0.07176048,-0.05276569,-0.03639343,0.0002465228,-0.0007099258,-0.0002719077,-0.0008129915,-0.0002970119,0.0001678998,3126.98077693,3123.99141050,3125.36007497,3123.66945075,3125.28161637,3126.73493400
eth4h:row15583:1731196800,2024-11-10 00:00:00,3134.82000000,0.00773201,-0.05950953,-0.02216526,-0.08523840,-0.04182364,-0.04161461,0.0002966615,-0.0008666252,0.0000066709,-0.0010754449,-0.0000839391,0.0000662284,3135.75011823,3132.10446292,3134.84091218,3131.45048604,3134.55687705,3135.02762102
eth4h:row15584:1731211200,2024-11-10 04:00:00,3185.89000000,0.01525448,-0.06606106,-0.02185735,-0.08440687,-0.03880057,-0.03917208,0.0004431452,-0.0009942021,0.0000126669,-0.0010592527,-0.0000250713,0.0001137916,3187.30212470,3182.72415534,3185.93035574,3182.51712425,3185.81012663,3186.25254807
eth4h:row15585:1731225600,2024-11-10 08:00:00,3220.00000000,0.01412762,-0.06389640,-0.02200469,-0.08722001,-0.04009119,-0.03999706,0.0004212021,-0.0009520500,0.0000097978,-0.0011140326,-0.0000502035,0.0000977267,3221.35655647,3216.93585774,3220.03154895,3216.41481247,3219.83834892,3220.31469541
eth4h:row15586:1731240000,2024-11-10 12:00:00,3209.53000000,0.00540871,-0.05579545,-0.02531859,-0.08649413,-0.04500319,-0.03573262,0.0002514202,-0.0007943014,-0.0000547333,-0.0010998976,-0.0001458540,0.0001807676,3210.33704218,3206.98167803,3209.35433676,3206.00178625,3209.06191142,3210.11023133
eth4h:row15587:1731254400,2024-11-10 16:00:00,3164.27000000,0.01429705,-0.06438361,-0.02059617,-0.08919209,-0.04034703,-0.03511741,0.0004245013,-0.0009615374,0.0000372256,-0.0011524346,-0.0000551854,0.0001927474,3165.61352194,3161.22889848,3164.38779402,3160.62548631,3164.09538346,3164.87996368
eth4h:row15588:1731268800,2024-11-10 20:00:00,3183.21000000,0.00778926,-0.05516854,-0.02755639,-0.08116058,-0.04793274,-0.03323679,0.0002977763,-0.0007820937,-0.0000983095,-0.0009960381,-0.0002029006,0.0002293684,3184.15802559,3180.72140465,3182.89707553,3180.04098000,3182.56419044,3183.94021140
eth4h:row15589:1731283200,2024-11-11 00:00:00,3195.07000000,0.00758926,-0.05741698,-0.02029886,-0.09032832,-0.04028571,-0.03570097,0.0002938817,-0.0008258772,0.0000430150,-0.0011745602,-0.0000539913,0.0001813839,3196.00911043,3192.43235392,3195.20743897,3191.31940115,3194.89749863,3195.64958673
eth4h:row15590:1731297600,2024-11-11 04:00:00,3140.16000000,0.01085434,-0.06102015,-0.01808521,-0.09488387,-0.04014448,-0.03541370,0.0003574621,-0.0008960412,0.0000861212,-0.0012632697,-0.0000512411,0.0001869777,3141.28268879,3137.34754737,3140.43044603,3136.19563552,3139.99909887,3140.74719488
eth4h:row15591:1731312000,2024-11-11 08:00:00,3197.79000000,0.00615219,-0.05539861,-0.02381327,-0.08862701,-0.04995281,-0.02944212,0.0002658979,-0.0007865739,-0.0000254205,-0.0011414308,-0.0002422370,0.0003032614,3198.64039856,3195.27569070,3197.70871161,3194.14202630,3197.01547067,3198.75991321
eth4h:row15592:1731326400,2024-11-11 12:00:00,3236.98000000,0.00495584,-0.05266310,-0.02389332,-0.08736126,-0.04984865,-0.03106240,0.0002426014,-0.0007333058,-0.0000269793,-0.0011167831,-0.0002402088,0.0002717100,3237.76539126,3234.60717396,3236.89266978,3233.36701333,3236.20254245,3237.85963918
eth4h:row15593:1731340800,2024-11-11 16:00:00,3300.20000000,0.00719906,-0.05635555,-0.01739075,-0.09254614,-0.04821355,-0.03249345,0.0002862833,-0.0008052082,0.0000996442,-0.0012177473,-0.0002083688,0.0002438434,3301.14492744,3297.54372137,3300.52886216,3296.18363631,3299.51241302,3301.00483007
eth4h:row15594:1731355200,2024-11-11 20:00:00,3371.59000000,0.00647838,-0.05567597,-0.01522281,-0.09565628,-0.04910827,-0.03001326,0.0002722496,-0.0007919748,0.0001418601,-0.0012783106,-0.0002257916,0.0002921398,3372.50803910,3368.92084266,3372.06832812,3367.28281441,3370.82880919,3372.57511954
eth4h:row15595:1731369600,2024-11-12 00:00:00,3335.60000000,0.00223727,-0.05429082,-0.01818880,-0.09485829,-0.05171863,-0.02923880,0.0001896632,-0.0007650020,0.0000841040,-0.0012627715,-0.0002766227,0.0003072207,3336.23270056,3333.04923518,3335.88054898,3331.39055773,3334.67742509,3336.62492281
eth4h:row15596:1731384000,2024-11-12 04:00:00,3368.72000000,0.00091911,-0.05242883,-0.01619306,-0.09684671,-0.04947378,-0.03318990,0.0001639949,-0.0007287438,0.0001229667,-0.0013014918,-0.0002329090,0.0002302815,3369.27249835,3366.26596061,3369.13426596,3364.33849042,3367.93548616,3369.49584328
eth4h:row15597:1731398400,2024-11-12 08:00:00,3282.42000000,0.00225742,-0.05099081,-0.01973053,-0.09467548,-0.05055221,-0.03129325,0.0001900555,-0.0007007414,0.0000540820,-0.0012592117,-0.0002539092,0.0002672147,3283.04390128,3280.12067814,3282.59752473,3278.28933951,3281.58666924,3283.29722798
eth4h:row15598:1731412800,2024-11-12 12:00:00,3261.65000000,0.00632174,-0.05519956,-0.01971784,-0.09367213,-0.05365527,-0.02623700,0.0002691994,-0.0007826979,0.0000543293,-0.0012396736,-0.0003143346,0.0003656742,3262.52815237,3259.09811229,3261.82720782,3257.60912396,3260.62491162,3262.84291922
eth4h:row15599:1731427200,2024-11-12 16:00:00,3272.82000000,0.00447587,-0.05300742,-0.01786229,-0.09547813,-0.05095807,-0.02771462,0.0002332551,-0.0007400107,0.0000904621,-0.0012748416,-0.0002618125,0.0003369008,3273.58349108,3270.39897411,3273.11607964,3268.65033127,3271.96324704,3273.92280150
eth4h:row15600:1731441600,2024-11-12 20:00:00,3243.80000000,0.00615151,-0.05773753,-0.01324376,-0.10058512,-0.04722141,-0.03076049,0.0002658845,-0.0008321193,0.0001803979,-0.0013742891,-0.0001890490,0.0002775890,3244.66259084,3241.10189422,3244.38522753,3239.34514277,3243.18682096,3244.70056833
eth4h:row15601:1731456000,2024-11-13 00:00:00,3207.99000000,0.00427885,-0.05472751,-0.01486429,-0.09644243,-0.05508322,-0.02581821,0.0002294185,-0.0007735056,0.0001488416,-0.0012936193,-0.0003421407,0.0003738293,3208.72605676,3205.50956107,3208.46751780,3203.84276543,3206.89260386,3209.18946494
eth4h:row15602:1731470400,2024-11-13 04:00:00,3160.89000000,0.00211031,-0.05305690,-0.01773914,-0.09666173,-0.05606051,-0.02719054,0.0001871910,-0.0007409740,0.0000928601,-0.0012978897,-0.0003611713,0.0003471060,3161.48174544,3158.54873006,3161.18353410,3156.79017472,3159.74858324,3161.98735440
eth4h:row15603:1731484800,2024-11-13 08:00:00,3168.00000000,0.00238977,-0.05358523,-0.01980337,-0.09550786,-0.05705611,-0.02694594,0.0001926328,-0.0007512622,0.0000526637,-0.0012754205,-0.0003805585,0.0003518691,3168.61031942,3165.62089499,3168.16684296,3163.96204345,3166.79462011,3169.11491755
eth4h:row15604:1731499200,2024-11-13 12:00:00,3309.28000000,0.00751279,-0.05645779,-0.01672080,-0.09608315,-0.05392531,-0.02695606,0.0002923925,-0.0008071991,0.0001126901,-0.0012866230,-0.0003195929,0.0003516721,3310.24775016,3306.60983007,3309.65294426,3305.02494212,3308.22254662,3310.44398613
eth4h:row15605:1731513600,2024-11-13 16:00:00,3158.81000000,0.00695453,-0.05802314,-0.02154800,-0.09512414,-0.05821187,-0.02466398,0.0002815217,-0.0008376809,0.0000186908,-0.0012679484,-0.0004030645,0.0003963054,3159.69939861,3156.16503309,3158.86904133,3154.80733009,3157.53705243,3160.06210170
eth4h:row15606:1731528000,2024-11-13 20:00:00,3187.16000000,0.00659079,-0.05639565,-0.02014538,-0.09636669,-0.05442192,-0.02251136,0.0002744387,-0.0008059891,0.0000460038,-0.0012921443,-0.0003292633,0.0004382231,3188.03479995,3184.59221881,3187.30662470,3183.04438884,3186.11075787,3188.55699323
eth4h:row15607:1731542400,2024-11-14 00:00:00,3217.21000000,-0.00189709,-0.04368818,-0.02536079,-0.09424102,-0.05282796,-0.02736562,0.0001091555,-0.0005585385,-0.0000555550,-0.0012507516,-0.0002982245,0.0003436968,3217.56119542,3215.41356605,3217.03127280,3213.18858492,3216.25069223,3218.31593496
eth4h:row15608:1731556800,2024-11-14 04:00:00,3217.62000000,-0.00078781,-0.04689206,-0.02621510,-0.09138913,-0.06166668,-0.02315971,0.0001307562,-0.0006209272,-0.0000721909,-0.0011952172,-0.0004703395,0.0004255979,3218.04075130,3215.62271229,3217.38772542,3213.77654253,3216.10698212,3218.98970376
eth4h:row15609:1731571200,2024-11-14 08:00:00,3185.23000000,-0.00341626,-0.04634555,-0.02129367,-0.09417035,-0.05981623,-0.02229146,0.0000795729,-0.0006102850,0.0000236434,-0.0012493753,-0.0004343060,0.0004425051,3185.48346810,3183.28669487,3185.30531060,3181.25293720,3183.84693588,3186.63979246
eth4h:row15610:1731585600,2024-11-14 12:00:00,3077.68000000,-0.00538077,-0.04183522,-0.02566209,-0.09312789,-0.06016742,-0.02316131,0.0000413183,-0.0005224561,-0.0000614222,-0.0012290757,-0.0004411445,0.0004255666,3077.80716723,3076.07246719,3077.49096788,3073.89962181,3076.32259774,3078.99003643
eth4h:row15611:1731600000,2024-11-14 16:00:00,3145.41000000,-0.00607180,-0.04041082,-0.01896479,-0.09396008,-0.05842976,-0.02350473,0.0000278621,-0.0004947190,0.0000689932,-0.0012452808,-0.0004073073,0.0004188794,3145.49763890,3143.85429083,3145.62701932,3141.49551928,3144.12911236,3146.72782329
eth4h:row15612:1731614400,2024-11-14 20:00:00,3058.82000000,-0.00664454,-0.03792433,-0.02405771,-0.09426464,-0.06102427,-0.02054884,0.0000167092,-0.0004463001,-0.0000301804,-0.0012512115,-0.0004578299,0.0004764388,3058.87111083,3057.45515289,3058.72768494,3054.99516258,3057.41990125,3060.27768776
eth4h:row15613:1731628800,2024-11-15 00:00:00,3082.44000000,0.00114162,-0.04827788,-0.02511260,-0.09346099,-0.06321963,-0.01694652,0.0001683277,-0.0006479131,-0.0000507220,-0.0012355622,-0.0005005798,0.0005465863,3082.95890380,3080.44349349,3082.28365650,3078.63380565,3080.89737904,3084.12528006
eth4h:row15614:1731643200,2024-11-15 04:00:00,3039.48000000,-0.00790935,-0.03860521,-0.02562496,-0.09136643,-0.06208988,-0.02156539,-0.0000079203,-0.0004595588,-0.0000606991,-0.0011947750,-0.0004785804,0.0004566438,3039.45592661,3038.08350128,3039.29551185,3035.85067383,3038.02571248,3040.86827676
eth4h:row15615:1731657600,2024-11-15 08:00:00,3104.29000000,-0.00321757,-0.04235853,-0.02536907,-0.09494281,-0.05736772,-0.02887227,0.0000834420,-0.0005326465,-0.0000557164,-0.0012644173,-0.0003866265,0.0003143580,3104.54903900,3102.63695096,3104.11704510,3100.36736237,3103.09003130,3105.26601168
eth4h:row15616:1731672000,2024-11-15 12:00:00,3023.73000000,-0.00461762,-0.03868255,-0.02129945,-0.09490322,-0.05742244,-0.02388752,0.0000561790,-0.0004610647,0.0000235308,-0.0012636464,-0.0003876920,0.0004114252,3023.89987487,3022.33618611,3023.80115171,3019.91148774,3022.55795138,3024.97429475
eth4h:row15617:1731686400,2024-11-15 16:00:00,3039.58000000,-0.00864043,-0.03622183,-0.02496937,-0.09401178,-0.06069740,-0.02167722,-0.0000221565,-0.0004131476,-0.0000479329,-0.0012462876,-0.0004514648,0.0004544661,3039.51265434,3038.32446434,3039.43430764,3035.79416863,3038.20804639,3040.96170009
eth4h:row15618:1731700800,2024-11-15 20:00:00,3090.01000000,-0.00773721,-0.03787401,-0.01989343,-0.09913984,-0.05219518,-0.03089010,-0.0000045682,-0.0004453202,0.0000509099,-0.0013461454,-0.0002859025,0.0002750652,3089.99588411,3088.63426244,3090.16731615,3085.85319557,3089.12668466,3090.86007102
eth4h:row15619:1731715200,2024-11-16 00:00:00,3154.78000000,-0.01433538,-0.02892606,-0.01321277,-0.09952168,-0.04699394,-0.03482119,-0.0001330534,-0.0002710782,0.0001810015,-0.0013535810,-0.0001846195,0.0001985157,3154.36027359,3153.92492387,3155.35107147,3150.51263849,3154.19761972,3155.40633545
eth4h:row15620:1731729600,2024-11-16 04:00:00,3106.66000000,-0.00929146,-0.03661965,-0.01182988,-0.10203090,-0.05278365,-0.03244842,-0.0000348339,-0.0004208942,0.0002079302,-0.0014024427,-0.0002973615,0.0002447203,3106.55178474,3105.35270007,3107.30603561,3102.30614120,3105.73633616,3107.42035572
eth4h:row15621:1731744000,2024-11-16 08:00:00,3195.34000000,-0.01414668,-0.02868635,-0.01498523,-0.10028937,-0.05435072,-0.03006219,-0.0001293788,-0.0002664103,0.0001464866,-0.0013685302,-0.0003278769,0.0002911869,3194.92661764,3194.48884205,3195.80810867,3190.97007170,3194.29249357,3196.27057661
eth4h:row15622:1731758400,2024-11-16 12:00:00,3141.11000000,-0.01315617,-0.03098670,-0.00601646,-0.10535170,-0.04456550,-0.03889237,-0.0001100907,-0.0003112046,0.0003211340,-0.0014671080,-0.0001373309,0.0001192383,3140.76421200,3140.13262410,3142.11887919,3136.50503109,3140.67865823,3141.48456300
eth4h:row15623:1731772800,2024-11-16 16:00:00,3169.01000000,-0.00087606,-0.04021658,-0.00500759,-0.10466135,-0.04438091,-0.03896942,0.0001290378,-0.0004909366,0.0003407795,-0.0014536648,-0.0001337364,0.0001177379,3169.41894857,3167.45459871,3170.09011775,3164.40666822,3168.58621628,3169.38313442
eth4h:row15624:1731787200,2024-11-16 20:00:00,3132.87000000,-0.01277744,-0.03056911,-0.01274821,-0.09996393,-0.04690834,-0.03799542,-0.0001027158,-0.0003030730,0.0001900477,-0.0013621929,-0.0001829527,0.0001367044,3132.54822127,3131.92065566,3133.46545143,3128.60533206,3132.29688549,3133.29830637
eth4h:row15625:1731801600,2024-11-17 00:00:00,3080.68000000,-0.01517182,-0.03051743,-0.01899567,-0.09451462,-0.05416520,-0.03374755,-0.0001493411,-0.0003020667,0.0000683920,-0.0012560794,-0.0003242643,0.0002194226,3080.21996207,3079.74956980,3080.89070092,3076.81285068,3079.68120738,3081.35604487
eth4h:row15626:1731816000,2024-11-17 04:00:00,3136.79000000,-0.00562715,-0.03405792,-0.01074359,-0.10052277,-0.04204395,-0.04011890,0.0000365207,-0.0003710099,0.0002290834,-0.0013730751,-0.0000882292,0.0000953543,3136.90455984,3135.62643557,3137.50866898,3132.48590747,3136.51325561,3137.08912069
eth4h:row15627:1731830400,2024-11-17 08:00:00,3105.52000000,-0.01584633,-0.02393067,-0.02255639,-0.09094766,-0.04746570,-0.04092889,-0.0001624759,-0.0001738037,-0.0000009454,-0.0011866204,-0.0001938061,0.0000795814,3105.01546893,3104.98029592,3105.51706399,3101.83711211,3104.91818955,3105.76715133
eth4h:row15628:1731844800,2024-11-17 12:00:00,3086.21000000,-0.00680034,-0.04035893,-0.01441320,-0.09410585,-0.04927766,-0.03764196,0.0000136752,-0.0004937086,0.0001576255,-0.0012481195,-0.0002290900,0.0001435872,3086.25220481,3084.68668760,3086.69650384,3082.36044407,3085.50306127,3086.65317200
eth4h:row15629:1731859200,2024-11-17 16:00:00,3097.74000000,-0.01539182,-0.02987640,-0.01400277,-0.09762958,-0.04478566,-0.04410224,-0.0001536252,-0.0002895839,0.0001656179,-0.0013167363,-0.0001416180,0.0000177872,3097.26414567,3096.84307415,3098.25308373,3093.66377739,3097.30133543,3097.79510060
eth4h:row15630:1731873600,2024-11-17 20:00:00,3076.00000000,-0.01072310,-0.03384790,-0.00669381,-0.10033955,-0.03944906,-0.04909643,-0.0000627121,-0.0003669203,0.0003079441,-0.0013695072,-0.0000376993,-0.0000794637,3075.80710365,3074.87156013,3076.94738199,3071.79027926,3075.88403928,3075.75557924
eth4h:row15631:1731888000,2024-11-18 00:00:00,3111.96000000,-0.00759934,-0.03870052,-0.00050434,-0.10109347,-0.03616160,-0.04965655,-0.0000018836,-0.0004614147,0.0004284706,-0.0013841882,0.0000263169,-0.0000903709,3111.95413828,3110.52442724,3113.29366904,3107.65544153,3112.04189812,3111.67878219
eth4h:row15632:1731902400,2024-11-18 04:00:00,3130.55000000,-0.00345253,-0.04182886,-0.01187363,-0.09797895,-0.03878798,-0.04763923,0.0000788666,-0.0005223322,0.0002070783,-0.0013235396,-0.0000248262,-0.0000510879,3130.79690570,3128.91523982,3131.19833601,3126.40933380,3130.47228117,3130.39007076
eth4h:row15633:1731916800,2024-11-18 08:00:00,3056.28000000,-0.00313871,-0.04508843,-0.00062069,-0.10103820,-0.03292394,-0.05266494,0.0000849776,-0.0005858053,0.0004262050,-0.0013831120,0.0000893632,-0.0001489529,3056.53972630,3054.49013928,3057.58287933,3052.05574453,3056.55313131,3055.82479223
eth4h:row15634:1731931200,2024-11-18 12:00:00,3143.41000000,-0.00787895,-0.03876203,-0.00794735,-0.09575109,-0.03460405,-0.05473673,-0.0000073283,-0.0004626125,0.0002835340,-0.0012801569,0.0000566468,-0.0001892964,3143.38696416,3141.95615562,3144.30139009,3139.38851658,3143.58806921,3142.81502023
eth4h:row15635:1731945600,2024-11-18 16:00:00,3127.17000000,0.00188989,-0.04522777,-0.00852379,-0.09838904,-0.03248299,-0.05742165,0.0001828988,-0.0005885187,0.0002723092,-0.0013315253,0.0000979499,-0.0002415794,3127.74200796,3125.33014355,3128.02167305,3123.00886486,3127.47632098,3126.41463139
eth4h:row15636:1731960000,2024-11-18 20:00:00,3207.80000000,-0.01090675,-0.03125383,-0.01797929,-0.08456746,-0.04254992,-0.04811766,-0.0000662881,-0.0003164064,0.0000881837,-0.0010623798,-0.0000980819,-0.0000604044,3207.58736801,3206.78519198,3208.08288822,3204.39390771,3207.48538833,3207.60624077
eth4h:row15637:1731974400,2024-11-19 00:00:00,3148.50000000,-0.00112080,-0.04555710,-0.01752206,-0.08993161,-0.03970353,-0.05169675,0.0001242721,-0.0005949317,0.0000970872,-0.0011668350,-0.0000426545,-0.0001300995,3148.89129507,3146.62741474,3148.80569400,3144.82836246,3148.36570532,3148.09040838
eth4h:row15638:1731988800,2024-11-19 04:00:00,3118.08000000,-0.00648301,-0.03871128,-0.02051028,-0.08210608,-0.04004827,-0.05282436,0.0000198546,-0.0004616242,0.0000388981,-0.0010144499,-0.0000493676,-0.0001520571,3118.14190887,3116.64095109,3118.20128981,3114.91846808,3117.92607157,3117.60590989
eth4h:row15639:1732003200,2024-11-19 08:00:00,3126.51000000,-0.00673949,-0.03626773,-0.01524457,-0.08492541,-0.03594960,-0.05398858,0.0000148602,-0.0004140413,0.0001414365,-0.0010693502,0.0000304452,-0.0001747279,3126.55646103,3125.21576378,3126.95223385,3123.16845286,3126.60518877,3125.96375918
eth4h:row15640:1732017600,2024-11-19 12:00:00,3104.36000000,-0.00470208,-0.03828402,-0.02514633,-0.08344497,-0.04336596,-0.04963005,0.0000545343,-0.0004533042,-0.0000513789,-0.0010405217,-0.0001139725,-0.0000898549,3104.52929877,3102.95309953,3104.20050543,3101.13152590,3104.00620848,3104.08107043
eth4h:row15641:1732032000,2024-11-19 16:00:00,3122.19000000,-0.00546818,-0.03854565,-0.01686594,-0.08753514,-0.03576861,-0.05186497,0.0000396162,-0.0004583990,0.0001098639,-0.0011201691,0.0000339695,-0.0001333752,3122.31369177,3120.75911936,3122.53303485,3118.69457748,3122.29606093,3121.77360504
eth4h:row15642:1732046400,2024-11-19 20:00:00,3107.44000000,0.00020493,-0.04325539,-0.01895764,-0.08534886,-0.03448381,-0.05437880,0.0001500878,-0.0005501109,0.0000691325,-0.0010775959,0.0000589882,-0.0001823265,3107.90642376,3105.73103357,3107.65483239,3104.09323893,3107.62330764,3106.87348289
eth4h:row15643:1732060800,2024-11-20 00:00:00,3096.00000000,0.00963766,-0.05616327,-0.00928965,-0.09656993,-0.02956409,-0.05767482,0.0003337699,-0.0008014639,0.0002573957,-0.0012961019,0.0001547892,-0.0002465094,3097.03352400,3093.51966183,3096.79699969,3091.98986777,3096.47926430,3095.23690110
eth4h:row15644:1732075200,2024-11-20 04:00:00,3109.54000000,-0.00685893,-0.03992632,-0.01270011,-0.09271440,-0.03298125,-0.05584013,0.0000125343,-0.0004852845,0.0001909844,-0.0012210239,0.0000882473,-0.0002107827,3109.57897600,3108.03135465,3110.13393034,3105.74549447,3109.81442050,3108.88463178
eth4h:row15645:1732089600,2024-11-20 08:00:00,3099.82000000,0.00771929,-0.05372962,-0.00476244,-0.10052763,-0.02697252,-0.05838478,0.0002964137,-0.0007540740,0.0003455534,-0.0013731697,0.0002052544,-0.0002603344,3100.73896517,3097.48338753,3100.89133833,3095.56634240,3100.45631709,3099.01311524
eth4h:row15646:1732104000,2024-11-20 12:00:00,3130.00000000,0.00017060,-0.04438026,-0.01283446,-0.09098707,-0.03182158,-0.05780982,0.0001494192,-0.0005720154,0.0001883682,-0.0011873879,0.0001108294,-0.0002491383,3130.46771713,3128.21010389,3130.58964814,3126.28568147,3130.34691536,3129.22029433
eth4h:row15647:1732118400,2024-11-20 16:00:00,3058.05000000,0.00127528,-0.04785188,-0.00884679,-0.09431273,-0.02866270,-0.05788741,0.0001709305,-0.0006396175,0.0002660195,-0.0012521479,0.0001723417,-0.0002506492,3058.57275881,3056.09464304,3058.86360915,3054.22326552,3058.57707495,3057.28359833
eth4h:row15648:1732132800,2024-11-20 20:00:00,3069.97000000,0.00850786,-0.05381306,-0.00292793,-0.09817512,-0.02455612,-0.05987182,0.0003117693,-0.0007556986,0.0003812765,-0.0013273597,0.0002523085,-0.0002892911,3070.92727174,3067.65090429,3071.14073065,3065.89774885,3070.74467724,3069.08201335
eth4h:row15649:1732147200,2024-11-21 00:00:00,3081.98000000,-0.00185292,-0.04224463,-0.01042548,-0.09353279,-0.03115883,-0.05782440,0.0001100156,-0.0005304285,0.0002352780,-0.0012369602,0.0001237351,-0.0002494221,3082.31908449,3080.34566348,3082.70520725,3078.17007028,3082.36137267,3081.21138206
eth4h:row15650:1732161600,2024-11-21 04:00:00,3137.02000000,0.00238664,-0.04765955,-0.01027700,-0.09142353,-0.02938272,-0.05865695,0.0001925718,-0.0006358723,0.0002381692,-0.0011958869,0.0001583209,-0.0002656343,3137.62415989,3135.02588986,3137.76723047,3133.27072111,3137.51669524,3136.18681048
eth4h:row15651:1732176000,2024-11-21 08:00:00,3147.75000000,0.00648523,-0.04680784,-0.01121834,-0.08906212,-0.02894768,-0.05879258,0.0002723831,-0.0006192872,0.0002198387,-0.0011499037,0.0001667924,-0.0002682754,3148.60751071,3145.80124221,3148.44207332,3144.13247087,3148.27506451,3146.90564928
eth4h:row15652:1732190400,2024-11-21 12:00:00,3277.03000000,0.00089944,-0.04398869,-0.01365235,-0.08953056,-0.03324092,-0.05810510,0.0001636119,-0.0005643903,0.0001724415,-0.0011590254,0.0000831908,-0.0002548882,3277.56620504,3275.18099779,3277.59514472,3273.23403910,3277.30263007,3276.19483002
eth4h:row15653:1732204800,2024-11-21 16:00:00,3347.00000000,0.00409330,-0.04710685,-0.01134172,-0.09177385,-0.03385179,-0.05499274,0.0002258054,-0.0006251097,0.0002174361,-0.0012027088,0.0000712954,-0.0001942817,3347.75585586,3344.90841161,3347.72783777,3342.97695351,3347.23863408,3346.34980218
eth4h:row15654:1732219200,2024-11-21 20:00:00,3355.81000000,0.00225217,-0.04849279,-0.01097002,-0.09073327,-0.03459430,-0.05715360,0.0001899534,-0.0006520979,0.0002246741,-0.0011824458,0.0000568367,-0.0002363599,3356.44750795,3353.62239657,3356.56404814,3351.84428177,3356.00073869,3355.01691495
eth4h:row15655:1732233600,2024-11-22 00:00:00,3365.80000000,-0.00233780,-0.04444134,-0.02289137,-0.07892020,-0.04268315,-0.05016392,0.0001005735,-0.0005732048,-0.0000074684,-0.0009524117,-0.0001006761,-0.0001002508,3366.13852738,3363.87126026,3365.77486298,3362.59589889,3365.46116131,3365.46259279
eth4h:row15656:1732248000,2024-11-22 04:00:00,3362.66000000,0.00699664,-0.04927084,-0.01156643,-0.09017843,-0.03034144,-0.05558609,0.0002823417,-0.0006672488,0.0002130604,-0.0011716414,0.0001396520,-0.0002058359,3363.60955309,3360.41701767,3363.37652592,3358.72247560,3363.12963485,3361.96791496
eth4h:row15657:1732262400,2024-11-22 08:00:00,3344.75000000,0.00390251,-0.04630512,-0.01544359,-0.08845538,-0.03401395,-0.05455100,0.0002220900,-0.0006094978,0.0001375610,-0.0011380887,0.0000681378,-0.0001856797,3345.49291817,3342.71200337,3345.21013881,3340.94554326,3344.97791152,3344.12900544
eth4h:row15658:1732276800,2024-11-22 12:00:00,3314.15000000,0.00960607,-0.05614126,-0.00610319,-0.09625003,-0.02385063,-0.05994818,0.0003331547,-0.0008010353,0.0003194452,-0.0012898726,0.0002660465,-0.0002907782,3315.25430865,3311.49631176,3315.20885849,3309.87792453,3315.03183530,3313.18645738
eth4h:row15659:1732291200,2024-11-22 16:00:00,3282.40000000,-0.00000434,-0.04939853,-0.01638087,-0.08925815,-0.03307495,-0.05677461,0.0001460127,-0.0006697352,0.0001193095,-0.0011537209,0.0000864227,-0.0002289797,3282.87930694,3280.20239713,3282.79164472,3278.61521030,3282.68368608,3281.64848298
eth4h:row15660:1732305600,2024-11-22 20:00:00,3327.78000000,0.00568516,-0.05297832,-0.01082685,-0.09219158,-0.03123695,-0.05656517,0.0002568034,-0.0007394440,0.0002274620,-0.0012108430,0.0001222137,-0.0002249014,3328.63469500,3325.32020262,3328.53702955,3323.75301924,3328.18672529,3327.03166171
eth4h:row15661:1732320000,2024-11-23 00:00:00,3345.51000000,0.00569601,-0.05203265,-0.01101359,-0.08948463,-0.03373125,-0.05243533,0.0002570147,-0.0007210291,0.0002238256,-0.0011581311,0.0000736427,-0.0001444817,3346.36995561,3343.09865948,3346.25889460,3341.63770343,3345.75638138,3345.02667004
eth4h:row15662:1732334400,2024-11-23 04:00:00,3341.34000000,0.00678379,-0.05404046,-0.01060626,-0.08898932,-0.03473916,-0.05125143,0.0002781969,-0.0007601269,0.0002317576,-0.0011484860,0.0000540159,-0.0001214278,3342.26967979,3338.80112273,3342.11447079,3337.50472073,3341.52049024,3340.93429297
eth4h:row15663:1732348800,2024-11-23 08:00:00,3354.65000000,0.00779928,-0.05684784,-0.00520959,-0.08990757,-0.02727233,-0.05769952,0.0002979713,-0.0008147945,0.0003368460,-0.0011663670,0.0001994163,-0.0002469905,3355.64973829,3351.91776286,3355.78019080,3350.73952798,3355.31903844,3353.82153579
eth4h:row15664:1732363200,2024-11-23 12:00:00,3460.33000000,0.00576140,-0.05414671,-0.00974664,-0.09025027,-0.03149301,-0.05735125,0.0002582879,-0.0007621958,0.0002484968,-0.0011730403,0.0001172276,-0.0002402086,3461.22387685,3457.69355598,3461.18998792,3456.27327341,3460.73567009,3459.49889863
eth4h:row15665:1732377600,2024-11-23 16:00:00,3407.83000000,0.01252619,-0.05973609,-0.01342424,-0.08903205,-0.03762602,-0.05107897,0.0003900178,-0.0008710369,0.0001768834,-0.0011493182,-0.0000021995,-0.0001180694,3409.15937346,3404.86294676,3408.43284186,3403.91556898,3407.82250438,3407.42766322
eth4h:row15666:1732392000,2024-11-23 20:00:00,3393.91000000,0.00933380,-0.05703984,-0.01665654,-0.08549626,-0.03756423,-0.05156886,0.0003278528,-0.0008185333,0.0001139414,-0.0010804662,-0.0000009962,-0.0001276090,3395.02288522,3391.13310821,3394.29672872,3390.24497513,3393.90661898,3393.47693422
eth4h:row15667:1732406400,2024-11-24 00:00:00,3427.00000000,0.01085199,-0.05528362,-0.01926580,-0.08375995,-0.03435797,-0.05526257,0.0003574162,-0.0007843347,0.0000631318,-0.0010466553,0.0000614386,-0.0001995361,3428.22508437,3424.31313878,3427.21635946,3423.41498875,3427.21055671,3426.31625800
eth4h:row15668:1732420800,2024-11-24 04:00:00,3422.51000000,0.01064316,-0.05416457,-0.01435342,-0.08552113,-0.03221855,-0.05350064,0.0003533498,-0.0007625437,0.0001587897,-0.0010809505,0.0001030992,-0.0001652264,3423.71955700,3419.90118142,3423.05350244,3418.81243478,3422.86287629,3421.94455786
eth4h:row15669:1732435200,2024-11-24 08:00:00,3344.22000000,0.00344546,-0.05001967,-0.02453205,-0.07932179,-0.04441842,-0.04544310,0.0002131900,-0.0006818306,-0.0000394170,-0.0009602317,-0.0001344668,-0.0000083230,3344.93303031,3341.94058574,3344.08818335,3341.01031526,3343.77034376,3344.19216623
eth4h:row15670:1732449600,2024-11-24 12:00:00,3294.39000000,0.00124956,-0.04846160,-0.01977488,-0.08322532,-0.04162950,-0.04820178,0.0001704297,-0.0006514906,0.0000532185,-0.0010362447,-0.0000801587,-0.0000620424,3294.95150977,3292.24443482,3294.56532712,3290.97797412,3294.12593671,3294.18561464
eth4h:row15671:1732464000,2024-11-24 16:00:00,3326.63000000,-0.00220655,-0.04251702,-0.02241131,-0.07950646,-0.04136725,-0.04727048,0.0001031293,-0.0005357328,0.0000018797,-0.0009638277,-0.0000750518,-0.0000439074,3326.97309078,3324.84829262,3326.63625294,3323.42524640,3326.38033965,3326.48393941
eth4h:row15672:1732478400,2024-11-24 20:00:00,3361.20000000,0.00722689,-0.05089921,-0.01667311,-0.08600943,-0.03906009,-0.04908697,0.0002868253,-0.0006989577,0.0001136187,-0.0010904590,-0.0000301249,-0.0000792795,3362.16421563,3358.85148412,3361.58191681,3357.53674672,3361.09874586,3360.93353635
eth4h:row15673:1732492800,2024-11-25 00:00:00,3362.44000000,0.01019538,-0.05735001,-0.01815351,-0.08776216,-0.04225265,-0.04247638,0.0003446303,-0.0008245732,0.0000847911,-0.0011245898,-0.0000922932,0.0000494474,3363.59899834,3359.66856498,3362.72511701,3358.66075985,3362.12968401,3362.60626809
eth4h:row15674:1732507200,2024-11-25 04:00:00,3399.41000000,0.01596467,-0.06251968,-0.01600495,-0.08911473,-0.03727689,-0.04231892,0.0004569746,-0.0009252414,0.0001266298,-0.0011509280,0.0000045990,0.0000525136,3400.96379906,3396.26617970,3399.84049391,3395.49977443,3399.42563378,3399.58852002
eth4h:row15675:1732521600,2024-11-25 08:00:00,3471.84000000,0.00811852,-0.05309413,-0.01878538,-0.08674012,-0.03714816,-0.05056307,0.0003041878,-0.0007416992,0.0000724868,-0.0011046877,0.0000071059,-0.0001080235,3472.89625213,3469.26589385,3472.09167169,3468.00681860,3471.86467051,3471.46497987
eth4h:row15676:1732536000,2024-11-25 12:00:00,3518.41000000,0.00792874,-0.05204798,-0.01585164,-0.09154333,-0.03646578,-0.04802763,0.0003004923,-0.0007213276,0.0001296151,-0.0011982199,0.0000203937,-0.0000586512,3519.46741382,3515.87298870,3518.86606848,3514.19669596,3518.48175402,3518.20364723
eth4h:row15677:1732550400,2024-11-25 16:00:00,3464.00000000,0.01131649,-0.05478126,-0.01864895,-0.08982606,-0.04068708,-0.04066559,0.0003664614,-0.0007745523,0.0000751436,-0.0011647798,-0.0000618070,0.0000847086,3465.26965475,3461.31798971,3464.26030713,3459.96755183,3463.78590722,3464.29344310
eth4h:row15678:1732564800,2024-11-25 20:00:00,3414.49000000,0.00275070,-0.04993130,-0.01832673,-0.09026352,-0.04198574,-0.04484079,0.0001996612,-0.0006801099,0.0000814182,-0.0011732982,-0.0000870956,0.0000034056,3415.17180932,3412.16856114,3414.76801284,3410.48613429,3414.19262605,3414.50162842
eth4h:row15679:1732579200,2024-11-26 00:00:00,3434.61000000,0.00179721,-0.04919882,-0.00952425,-0.09425573,-0.03401766,-0.05165812,0.0001810940,-0.0006658464,0.0002528273,-0.0012510380,0.0000680655,-0.0001293471,3435.23204345,3432.32383856,3435.47847298,3430.31585908,3434.84378641,3434.16577192
eth4h:row15680:1732593600,2024-11-26 04:00:00,3394.80000000,0.00520964,-0.05001573,-0.00656607,-0.09785099,-0.03446504,-0.04948979,0.0002475436,-0.0006817540,0.0003104314,-0.0013210480,0.0000593538,-0.0000871236,3395.64046495,3392.48637038,3395.85401625,3390.31826735,3395.00150023,3394.50424570
eth4h:row15681:1732608000,2024-11-26 08:00:00,3323.01000000,0.00174649,-0.04828475,-0.01323881,-0.09388429,-0.04449800,-0.04216046,0.0001801062,-0.0006480469,0.0001804942,-0.0012438050,-0.0001360164,0.0000555993,3323.60854870,3320.85723129,3323.60983832,3318.87939304,3322.55804683,3323.19476206
eth4h:row15682:1732622400,2024-11-26 12:00:00,3296.32000000,0.00236661,-0.04931790,-0.00913420,-0.09840503,-0.03752810,-0.04720663,0.0001921819,-0.0006681651,0.0002604227,-0.0013318367,-0.0000002927,-0.0000426641,3296.95355377,3294.11824962,3297.17854848,3291.93276228,3296.31903520,3296.17936858
eth4h:row15683:1732636800,2024-11-26 16:00:00,3300.61000000,0.01143337,-0.05557801,-0.00788888,-0.09726618,-0.03348241,-0.04934216,0.0003687374,-0.0007900673,0.0002846727,-0.0013096600,0.0000784883,-0.0000842489,3301.82728287,3298.00332593,3301.54972716,3296.29015241,3300.86906955,3300.33193894
eth4h:row15684:1732651200,2024-11-26 20:00:00,3324.73000000,0.01017101,-0.05515909,-0.01035490,-0.09582821,-0.03856567,-0.04530361,0.0003441556,-0.0007819098,0.0002366522,-0.0012816585,-0.0000204971,-0.0000056067,3325.87442125,3322.13137718,3325.51689773,3320.47156096,3324.66185343,3324.71135921
eth4h:row15685:1732665600,2024-11-27 00:00:00,3361.03000000,0.00482691,-0.05086467,-0.01786944,-0.09357701,-0.04271251,-0.04150667,0.0002400909,-0.0006982851,0.0000903228,-0.0012378214,-0.0001012479,0.0000683304,3361.83704960,3358.68386198,3361.33359149,3356.87221893,3360.68971995,3361.25966832
eth4h:row15686:1732680000,2024-11-27 04:00:00,3424.11000000,0.00768978,-0.05145602,-0.01565548,-0.09282584,-0.03844862,-0.04425015,0.0002958391,-0.0007098004,0.0001334348,-0.0012231940,-0.0000182180,0.0000149070,3425.12313556,3421.68042758,3424.56692602,3419.92420958,3424.04762027,3424.16104355
eth4h:row15687:1732694400,2024-11-27 08:00:00,3460.43000000,0.00557695,-0.04713942,-0.01710310,-0.08812144,-0.04080866,-0.04620292,0.0002546962,-0.0006257440,0.0001052456,-0.0011315860,-0.0000641745,-0.0000231189,3461.31147067,3458.26533397,3460.79421419,3456.51644054,3460.20793588,3460.34999946
eth4h:row15688:1732708800,2024-11-27 12:00:00,3552.79000000,0.00832255,-0.04895984,-0.01672169,-0.09132056,-0.03975852,-0.04508793,0.0003081608,-0.0006611927,0.0001126727,-0.0011938819,-0.0000437253,-0.0000014068,3553.88499937,3550.44169772,3553.19032512,3548.55091945,3552.63465653,3552.78500183
eth4h:row15689:1732723200,2024-11-27 16:00:00,3589.60000000,0.00379847,-0.04617408,-0.01371124,-0.09271315,-0.03989931,-0.04415255,0.0002200641,-0.0006069461,0.0001712948,-0.0012209995,-0.0000464670,0.0000168076,3590.39002899,3587.42196744,3590.21493235,3585.21977485,3589.43320605,3589.66033303
eth4h:row15690:1732737600,2024-11-27 20:00:00,3653.28000000,0.00082515,-0.04520041,-0.01229170,-0.09433022,-0.04112122,-0.04615127,0.0001621651,-0.0005879859,0.0001989373,-0.0012524885,-0.0000702610,-0.0000221132,3653.87248272,3651.13255422,3654.00684603,3648.70717302,3653.02332581,3653.19921513
eth4h:row15691:1732752000,2024-11-28 00:00:00,3598.80000000,0.00277008,-0.04924765,-0.01121822,-0.09338723,-0.04092465,-0.04837006,0.0002000384,-0.0006667973,0.0002198410,-0.0012341258,-0.0000664333,-0.0000653192,3599.51997036,3596.40112988,3599.59125082,3594.36136744,3598.56092786,3598.56493687
eth4h:row15692:1732766400,2024-11-28 04:00:00,3592.40000000,0.00212867,-0.04734385,-0.01253846,-0.09099743,-0.04330805,-0.04481220,0.0001875485,-0.0006297248,0.0001941321,-0.0011875896,-0.0001128448,0.0000039624,3593.07381225,3590.13848867,3593.09746799,3588.13623553,3591.99463933,3592.41423468
eth4h:row15693:1732780800,2024-11-28 08:00:00,3620.51000000,0.00210942,-0.04682082,-0.01483997,-0.09175836,-0.04337501,-0.04478417,0.0001871736,-0.0006195399,0.0001493151,-0.0012024070,-0.0001141486,0.0000045082,3621.18772716,3618.26764416,3621.05063726,3616.15928964,3620.09674731,3620.52632217
eth4h:row15694:1732795200,2024-11-28 12:00:00,3541.78000000,0.00189413,-0.04886453,-0.01327523,-0.09393597,-0.04108359,-0.04612375,0.0001829812,-0.0006593368,0.0001797851,-0.0012448113,-0.0000695282,-0.0000215773,3542.42813849,3539.44554395,3542.41681643,3537.37389531,3541.53375494,3541.70357887
eth4h:row15695:1732809600,2024-11-28 16:00:00,3575.05000000,0.00550209,-0.05194598,-0.01671710,-0.09085745,-0.04041046,-0.04506665,0.0002532384,-0.0007193414,0.0001127621,-0.0011848637,-0.0000564205,-0.0000009925,3575.95545462,3572.47924309,3575.45315290,3570.81656143,3574.84829975,3575.04645187
eth4h:row15696:1732824000,2024-11-28 20:00:00,3578.79000000,0.00446511,-0.05007686,-0.02122244,-0.09044428,-0.04213513,-0.04508206,0.0002330456,-0.0006829442,0.0000250304,-0.0011768182,-0.0000900046,-0.0000012925,3579.62411854,3576.34672040,3578.87957973,3574.58089179,3578.46790681,3578.78537440
eth4h:row15697:1732838400,2024-11-29 00:00:00,3583.82000000,0.00199158,-0.05287471,-0.01692107,-0.09222989,-0.04179067,-0.04505032,0.0001848789,-0.0007374265,0.0001087903,-0.0012115891,-0.0000832971,-0.0000006744,3584.48263399,3581.17817052,3584.20990602,3579.48051223,3583.52149058,3583.81758290
eth4h:row15698:1732852800,2024-11-29 04:00:00,3544.49000000,0.00676895,-0.05526716,-0.01350149,-0.09280869,-0.03778353,-0.04565384,0.0002779079,-0.0007840141,0.0001753792,-0.0012228601,-0.0000052666,-0.0000124268,3545.47517868,3541.71215902,3545.11168422,3540.15823385,3544.47133262,3544.44595350
eth4h:row15699:1732867200,2024-11-29 08:00:00,3594.74000000,0.00753752,-0.05415271,-0.01560816,-0.08917303,-0.03936831,-0.04449185,0.0002928742,-0.0007623127,0.0001343564,-0.0011520634,-0.0000361268,0.0000102005,3595.79296074,3592.00072824,3595.22300872,3590.60101611,3594.61013577,3594.77666821
eth4h:row15700:1732881600,2024-11-29 12:00:00,3613.95000000,0.00505860,-0.05296053,-0.01250717,-0.09080388,-0.03833712,-0.04449851,0.0002446024,-0.0007390975,0.0001947415,-0.0011838206,-0.0000160466,0.0000100708,3614.83408908,3611.27992532,3614.65385455,3609.67426297,3613.89200873,3613.98639541
eth4h:row15701:1732896000,2024-11-29 16:00:00,3582.79000000,0.00877605,-0.05904694,-0.00866273,-0.09656119,-0.03622424,-0.04731808,0.0003169918,-0.0008576172,0.0002696037,-0.0012959319,0.0000250971,-0.0000448342,3583.92589502,3579.71865488,3583.75606350,3578.14995543,3582.87991894,3582.62937196
eth4h:row15702:1732910400,2024-11-29 20:00:00,3592.21000000,0.00689022,-0.05314155,-0.01229933,-0.09394437,-0.03875155,-0.04637224,0.0002802693,-0.0007426225,0.0001987888,-0.0012449749,-0.0000241168,-0.0000264161,3593.21692726,3589.54333434,3592.92416193,3587.74057139,3592.12336849,3592.11510902
eth4h:row15703:1732924800,2024-11-30 00:00:00,3657.12000000,0.00466980,-0.04891390,-0.01874122,-0.08936597,-0.04245198,-0.04471149,0.0002370314,-0.0006602981,0.0000733469,-0.0011558205,-0.0000961746,0.0000059234,3657.98695491,3654.70600775,3657.38824810,3652.89546748,3656.76829479,3657.14166261
eth4h:row15704:1732939200,2024-11-30 04:00:00,3703.07000000,0.00590993,-0.05115558,-0.02072128,-0.08875373,-0.04451243,-0.04534220,0.0002611803,-0.0007039501,0.0000347893,-0.0011438984,-0.0001362974,-0.0000063583,3704.03729527,3700.46414091,3703.19882962,3698.83648595,3702.56531542,3703.04645500
eth4h:row15705:1732953600,2024-11-30 08:00:00,3653.69000000,0.00585056,-0.05233359,-0.01964417,-0.08740368,-0.04587536,-0.04032805,0.0002600243,-0.0007268893,0.0000557638,-0.0011176092,-0.0001628375,0.0000912815,3654.64017163,3651.03513685,3653.89374947,3649.60888344,3653.09509067,3654.02352955
eth4h:row15706:1732968000,2024-11-30 12:00:00,3674.00000000,-0.00029870,-0.04694377,-0.02425852,-0.08398248,-0.04924073,-0.03909781,0.0001402807,-0.0006219341,-0.0000340907,-0.0010509887,-0.0002283709,0.0001152378,3674.51542737,3671.71572449,3673.87475284,3670.14069603,3673.16106105,3674.42340797
eth4h:row15707:1732982400,2024-11-30 16:00:00,3689.56000000,-0.00427346,-0.04048097,-0.02819052,-0.08153722,-0.04903809,-0.03933652,0.0000628807,-0.0004960851,-0.0001106579,-0.0010033724,-0.0002244249,0.0001105893,3689.79200944,3687.73011822,3689.15174360,3685.85985394,3688.73206369,3689.96804835
eth4h:row15708:1732996800,2024-11-30 20:00:00,3703.60000000,-0.00292801,-0.04386844,-0.02422490,-0.08455653,-0.04838189,-0.03787033,0.0000890806,-0.0005620487,-0.0000334361,-0.0010621671,-0.0002116469,0.0001391404,3703.92993342,3701.51898141,3703.47616814,3699.66824640,3702.81622732,3704.11535607
eth4h:row15709:1733011200,2024-12-01 00:00:00,3707.00000000,0.00280644,-0.04847066,-0.02918991,-0.08304892,-0.05377501,-0.03313576,0.0002007465,-0.0006516670,-0.0001301189,-0.0010328096,-0.0003166663,0.0002313357,3707.74424180,3704.58505725,3706.51768066,3703.17335108,3705.82630402,3707.85766063
eth4h:row15710:1733025600,2024-12-01 04:00:00,3702.31000000,0.00306741,-0.05202858,-0.02256825,-0.08958702,-0.04616073,-0.03903704,0.0002058285,-0.0007209499,-0.0000011764,-0.0011601249,-0.0001683945,0.0001164211,3703.07211917,3699.64178210,3702.30564464,3698.01734852,3701.68660380,3702.74105201
eth4h:row15711:1733040000,2024-12-01 08:00:00,3692.42000000,0.00151641,-0.05089878,-0.01955863,-0.09147216,-0.04405138,-0.04264837,0.0001756260,-0.0006989493,0.0000574294,-0.0011968340,-0.0001273195,0.0000460983,3693.06854203,3689.84008728,3692.63205958,3688.00342957,3691.94991285,3692.59021821
eth4h:row15712:1733054400,2024-12-01 12:00:00,3728.59000000,0.00942508,-0.05700332,-0.01586339,-0.09648472,-0.04056594,-0.04158203,0.0003296303,-0.0008178221,0.0001293864,-0.0012944427,-0.0000594481,0.0000668630,3729.81925897,3725.54192318,3729.07246008,3723.76667615,3728.36834913,3728.83931307
eth4h:row15713:1733068800,2024-12-01 16:00:00,3707.96000000,0.00214447,-0.05069084,-0.01966312,-0.09356071,-0.04586378,-0.03681990,0.0001878560,-0.0006949003,0.0000553947,-0.0012375040,-0.0001626120,0.0001595952,3708.65662809,3705.38423248,3708.16540720,3703.37422284,3707.35709006,3708.55181970
eth4h:row15714:1733083200,2024-12-01 20:00:00,3707.61000000,0.00620950,-0.05762701,-0.01106795,-0.09964205,-0.03665863,-0.04271617,0.0002670138,-0.0008299671,0.0002227671,-0.0013559250,0.0000166383,0.0000447780,3708.60011537,3704.53408231,3708.43602542,3702.58616574,3707.67168890,3707.77602321
eth4h:row15715:1733097600,2024-12-02 00:00:00,3685.01000000,0.00510491,-0.05545366,-0.00659194,-0.10300484,-0.03148851,-0.04908370,0.0002455043,-0.0007876458,0.0003099277,-0.0014214080,0.0001173153,-0.0000792159,3685.91479677,3682.10866005,3686.15226371,3679.77581798,3685.44233330,3684.71810003
eth4h:row15716:1733112000,2024-12-02 04:00:00,3666.88000000,0.00181837,-0.04988585,-0.01233360,-0.09702432,-0.03910492,-0.04260264,0.0001815060,-0.0006792249,0.0001981214,-0.0013049503,-0.0000309978,0.0000469888,3667.54562112,3664.39020959,3667.60655925,3662.09802462,3666.76633645,3667.05230643
eth4h:row15717:1733126400,2024-12-02 08:00:00,3588.99000000,0.00260393,-0.05405919,-0.01078620,-0.09997767,-0.04140360,-0.04097053,0.0001968031,-0.0007604916,0.0002282536,-0.0013624604,-0.0000757597,0.0000787706,3589.69639376,3586.26164078,3589.80929326,3584.10347275,3588.71810946,3589.27271813
eth4h:row15718:1733140800,2024-12-02 12:00:00,3672.13000000,0.00193248,-0.05063543,-0.01469263,-0.09497470,-0.04174803,-0.04243761,0.0001837281,-0.0006938212,0.0001521843,-0.0012650383,-0.0000824668,0.0000502024,3672.80473546,3669.58308208,3672.68888307,3667.48755200,3671.82718369,3672.31435450
eth4h:row15719:1733155200,2024-12-02 16:00:00,3612.17000000,0.00532855,-0.05450976,-0.01068648,-0.09571113,-0.03845071,-0.04427589,0.0002498591,-0.0007692654,0.0002301954,-0.0012793787,-0.0000182586,0.0000144059,3613.07264636,3609.39235103,3613.00160052,3607.55162167,3612.10404749,3612.22203682
eth4h:row15720:1733169600,2024-12-02 20:00:00,3643.42000000,0.00239248,-0.05201845,-0.01835897,-0.09182769,-0.04719603,-0.03943298,0.0001926856,-0.0007207525,0.0000807902,-0.0012037571,-0.0001885548,0.0001087110,3644.12210216,3640.79494192,3643.71436469,3639.03684579,3642.73308043,3643.81610145
eth4h:row15721:1733184000,2024-12-03 00:00:00,3639.75000000,0.00161637,-0.04807861,-0.01993766,-0.09337336,-0.04373610,-0.04009860,0.0001775725,-0.0006440327,0.0000500487,-0.0012338557,-0.0001211801,0.0000957495,3640.39637683,3637.40663660,3639.93216930,3635.26184321,3639.30896134,3640.09852098
eth4h:row15722:1733198400,2024-12-03 04:00:00,3616.85000000,-0.00282710,-0.04484905,-0.02380630,-0.08736923,-0.04819255,-0.03867237,0.0000910456,-0.0005811440,-0.0000252847,-0.0011169383,-0.0002079599,0.0001235224,3617.17931315,3614.74869980,3616.75855018,3612.81245689,3616.09791835,3617.29678943
eth4h:row15723:1733212800,2024-12-03 08:00:00,3613.81000000,0.00217787,-0.05081700,-0.02436480,-0.08641474,-0.04870079,-0.03932630,0.0001885066,-0.0006973569,-0.0000361602,-0.0010983516,-0.0002178567,0.0001107883,3614.49129121,3611.29076325,3613.67932629,3609.84294495,3613.02279309,3614.21039018
eth4h:row15724:1733227200,2024-12-03 12:00:00,3571.79000000,-0.00313555,-0.04472420,-0.02298835,-0.08904560,-0.04484282,-0.04309299,0.0000850391,-0.0005787127,-0.0000093568,-0.0011495819,-0.0001427310,0.0000374403,3572.09375469,3569.72355767,3571.75657962,3567.68629400,3571.28023106,3571.92373128
eth4h:row15725:1733241600,2024-12-03 16:00:00,3577.34000000,-0.00352629,-0.04494998,-0.01879885,-0.08964266,-0.04570615,-0.04150339,0.0000774303,-0.0005831094,0.0000722245,-0.0011612084,-0.0001595425,0.0000683942,3577.61700526,3575.25462765,3577.59838088,3573.18837376,3576.76930774,3577.58467776
eth4h:row15726:1733256000,2024-12-03 20:00:00,3614.51000000,-0.00499355,-0.04229468,-0.01999673,-0.09209281,-0.04245521,-0.04569904,0.0000488586,-0.0005314032,0.0000488985,-0.0012089198,-0.0000962376,-0.0000133069,3614.68660433,3612.58974819,3614.68674833,3610.14298746,3614.16216502,3614.46190237
eth4h:row15727:1733270400,2024-12-04 00:00:00,3661.80000000,-0.00580515,-0.03936589,-0.01988700,-0.09066708,-0.03998406,-0.04727151,0.0000330543,-0.0004743712,0.0000510353,-0.0011811568,-0.0000481173,-0.0000439275,3661.92104041,3660.06335932,3661.98688571,3657.47739323,3661.62380832,3661.63914996
eth4h:row15728:1733284800,2024-12-04 04:00:00,3714.99000000,0.00126417,-0.04638827,-0.01116243,-0.09763531,-0.03545972,-0.04701621,0.0001707141,-0.0006111169,0.0002209274,-0.0013168481,0.0000399845,-0.0000389560,3715.62425521,3712.72040025,3715.81083377,3710.10114226,3715.13854500,3714.84528163
eth4h:row15729:1733299200,2024-12-04 08:00:00,3729.09000000,-0.00336873,-0.04346482,-0.01602980,-0.09813097,-0.03917846,-0.04925274,0.0000804985,-0.0005541892,0.0001261458,-0.0013264999,-0.0000324299,-0.0000825076,3729.39019840,3727.02395120,3729.56043876,3724.14664183,3728.96906776,3728.78233441
eth4h:row15730:1733313600,2024-12-04 12:00:00,3821.00000000,-0.00348829,-0.04344517,-0.01171222,-0.09775931,-0.03548776,-0.04956549,0.0000781702,-0.0005538065,0.0002102214,-0.0013192626,0.0000394386,-0.0000885976,3821.29870015,3818.88449139,3821.80334029,3815.96242147,3821.15069768,3820.66148338
eth4h:row15731:1733328000,2024-12-04 16:00:00,3841.15000000,-0.00103222,-0.04257879,-0.01473090,-0.09287272,-0.03803804,-0.04515915,0.0001259969,-0.0005369355,0.0001514392,-0.0012241069,-0.0000102227,-0.0000027938,3841.63400339,3839.08810377,3841.73174455,3836.45089842,3841.11073338,3841.13926848
eth4h:row15732:1733342400,2024-12-04 20:00:00,3837.80000000,-0.00321602,-0.04275897,-0.02035614,-0.09040274,-0.04256451,-0.04513153,0.0000834722,-0.0005404442,0.0000418996,-0.0011760093,-0.0000983660,-0.0000022559,3838.12036292,3835.72644354,3837.96080573,3833.28936446,3837.42250966,3837.79134246
eth4h:row15733:1733356800,2024-12-05 00:00:00,3832.66000000,-0.00389420,-0.04340294,-0.01292267,-0.09275150,-0.03541903,-0.04602999,0.0000702661,-0.0005529841,0.0001866504,-0.0012217464,0.0000407768,-0.0000197515,3832.92931539,3830.54118578,3833.37543448,3827.98032073,3832.81628682,3832.58429982
eth4h:row15734:1733371200,2024-12-05 04:00:00,3850.98000000,0.00068177,-0.04673074,-0.01081869,-0.09700602,-0.03381404,-0.04971232,0.0001593731,-0.0006177859,0.0002276210,-0.0013045940,0.0000720306,-0.0000914570,3851.59379172,3848.60165371,3851.85666369,3845.95931036,3851.25739857,3850.62781716
eth4h:row15735:1733385600,2024-12-05 08:00:00,3930.98000000,-0.00353413,-0.04392420,-0.01744046,-0.09407087,-0.04050083,-0.04962795,0.0000772777,-0.0005631345,0.0000986762,-0.0012474382,-0.0000581802,-0.0000898140,3931.28378875,3928.76695280,3931.36791329,3926.07940279,3930.75130154,3930.62695868
eth4h:row15736:1733400000,2024-12-05 12:00:00,3888.00000000,-0.00736697,-0.04445159,-0.01219496,-0.09676003,-0.03833164,-0.05046501,0.0000026413,-0.0005734044,0.0002008211,-0.0012998039,-0.0000159400,-0.0001061139,3888.01026926,3885.77124276,3888.78087080,3882.94964542,3887.93802579,3887.58745094
eth4h:row15737:1733414400,2024-12-05 16:00:00,3830.81000000,0.00357867,-0.05274160,-0.01262364,-0.09605974,-0.03989936,-0.04983436,0.0002157841,-0.0007348344,0.0001924735,-0.0012861672,-0.0000464678,-0.0000938334,3831.63671714,3827.99602312,3831.54740052,3825.88610515,3830.63199468,3830.45055878
eth4h:row15738:1733428800,2024-12-05 20:00:00,3785.20000000,-0.00196915,-0.04627167,-0.00930860,-0.09635609,-0.03456904,-0.05286715,0.0001077523,-0.0006088464,0.0002570266,-0.0012919380,0.0000573286,-0.0001528904,3785.60788589,3782.89609613,3786.17302219,3780.31291380,3785.41700630,3784.62132332
eth4h:row15739:1733443200,2024-12-06 00:00:00,3907.01000000,-0.00420295,-0.04531147,-0.01063397,-0.09438071,-0.03643515,-0.04973606,0.0000642538,-0.0005901485,0.0002312179,-0.0012534716,0.0000209901,-0.0000919192,3907.26104824,3904.70496400,3907.91347517,3902.11574191,3907.09200943,3906.65088726
eth4h:row15740:1733457600,2024-12-06 04:00:00,3893.75000000,0.00607161,-0.05483751,-0.00729403,-0.09658216,-0.03302323,-0.05025517,0.0002643286,-0.0007756477,0.0002962562,-0.0012963402,0.0000874299,-0.0001020278,3894.77936564,3890.73099290,3894.90371831,3888.70564583,3894.09044490,3893.35274959
eth4h:row15741:1733472000,2024-12-06 08:00:00,3867.02000000,-0.00367319,-0.04706527,-0.01408258,-0.09011437,-0.03965940,-0.04710471,0.0000745698,-0.0006243001,0.0001640638,-0.0011703939,-0.0000417951,-0.0000406793,3867.30837379,3864.60657231,3867.65448996,3862.49671080,3866.85838082,3866.86269546
eth4h:row15742:1733486400,2024-12-06 12:00:00,3993.02000000,0.00770778,-0.05552694,-0.00783714,-0.09555858,-0.03239284,-0.05177104,0.0002961896,-0.0007890729,0.0002856801,-0.0012764082,0.0000997054,-0.0001315460,3994.20286635,3989.87045904,3994.16088938,3987.92652778,3993.41814556,3992.49476880
eth4h:row15743:1733500800,2024-12-06 16:00:00,4067.62000000,0.00990696,-0.05677886,-0.00993439,-0.09322849,-0.03723823,-0.04780474,0.0003390138,-0.0008134513,0.0002448407,-0.0012310347,0.0000053519,-0.0000543108,4068.99921304,4064.31253455,4068.61604096,4062.61569961,4067.64176974,4067.39909019
eth4h:row15744:1733515200,2024-12-06 20:00:00,3998.87000000,0.00815145,-0.05729461,-0.01259371,-0.09116828,-0.04236606,-0.04437593,0.0003048291,-0.0008234943,0.0001930562,-0.0011909166,-0.0000945015,0.0000124577,4000.08915778,3995.57830878,3999.64208116,3994.11051383,3998.49211860,3998.91981696
eth4h:row15745:1733529600,2024-12-07 00:00:00,3986.87000000,0.00416280,-0.05425870,-0.01525143,-0.08857852,-0.04121653,-0.04713897,0.0002271587,-0.0007643767,0.0001413030,-0.0011404866,-0.0000721169,-0.0000413464,3987.77575507,3983.82369399,3987.43339652,3982.32562004,3986.58248950,3986.70516063
eth4h:row15746:1733544000,2024-12-07 04:00:00,3985.87000000,-0.00066333,-0.04624164,-0.01919904,-0.08456230,-0.04086400,-0.04985509,0.0001331803,-0.0006082617,0.0000644317,-0.0010622794,-0.0000652521,-0.0000942371,3986.40087460,3983.44628519,3986.12682481,3981.63814055,3985.60992190,3985.49440101
eth4h:row15747:1733558400,2024-12-07 08:00:00,3998.30000000,-0.00046765,-0.04572122,-0.02402082,-0.08193439,-0.04765861,-0.04395371,0.0001369908,-0.0005981276,-0.0000294620,-0.0010111065,-0.0001975625,0.0000206796,3998.84776766,3995.90922159,3998.18220399,3994.25933585,3997.51016395,3998.38268406
eth4h:row15748:1733572800,2024-12-07 12:00:00,4004.71000000,-0.00142239,-0.04628214,-0.02440980,-0.08539136,-0.04805881,-0.04273873,0.0001183991,-0.0006090504,-0.0000370365,-0.0010784235,-0.0002053555,0.0000443387,4005.18418220,4002.27167253,4004.56168230,4000.39355466,4003.88769512,4004.88756766
eth4h:row15749:1733587200,2024-12-07 16:00:00,4012.19000000,0.00103212,-0.05017518,-0.02141836,-0.08495420,-0.04363751,-0.04380038,0.0001661956,-0.0006848588,0.0000212153,-0.0010699108,-0.0001192604,0.0000236654,4012.85686365,4009.44315722,4012.27512067,4007.89961013,4011.71153323,4012.28495128
eth4h:row15750:1733601600,2024-12-07 20:00:00,3996.22000000,0.00120104,-0.05244881,-0.01577738,-0.08921272,-0.03902610,-0.04924291,0.0001694849,-0.0007291329,0.0001310613,-0.0011528362,-0.0000294631,-0.0000823161,3996.89735643,3993.30728662,3996.74378394,3991.61566762,3996.10226059,3995.89106032
eth4h:row15751:1733616000,2024-12-08 00:00:00,3989.28000000,0.00293429,-0.05228998,-0.01659885,-0.09187992,-0.04058458,-0.04472887,0.0002032361,-0.0007260400,0.0001150649,-0.0012047742,-0.0000598111,0.0000055851,3990.09084808,3986.38467443,3989.73905244,3984.47671246,3989.04140405,3989.30228041
eth4h:row15752:1733630400,2024-12-08 04:00:00,3980.60000000,0.00428520,-0.05227539,-0.01467076,-0.09292200,-0.03779565,-0.04142239,0.0002295421,-0.0007257559,0.0001526103,-0.0012250665,-0.0000055027,0.0000699716,3981.51382031,3977.71210414,3981.20752680,3975.72648610,3980.57809619,3980.87853860
eth4h:row15753:1733644800,2024-12-08 08:00:00,3971.84000000,0.00044877,-0.05051048,-0.01997462,-0.08876158,-0.04183072,-0.04427939,0.0001548361,-0.0006913881,0.0000493291,-0.0011440513,-0.0000840769,0.0000143377,3972.45503176,3969.09486608,3972.03593204,3967.29860948,3971.50607389,3971.89694738
eth4h:row15754:1733659200,2024-12-08 12:00:00,3990.79000000,0.00399376,-0.05389404,-0.01490465,-0.09423110,-0.03320391,-0.05034452,0.0002238670,-0.0007572757,0.0001480558,-0.0012505583,0.0000839116,-0.0001037676,3991.68350633,3987.76901578,3991.38090333,3985.80240361,3991.12488752,3990.37590667
eth4h:row15755:1733673600,2024-12-08 16:00:00,3989.99000000,0.00376172,-0.04962784,-0.01588770,-0.09293343,-0.03653214,-0.04463904,0.0002193485,-0.0006742006,0.0001289129,-0.0012252891,0.0000191014,0.0000073342,3990.86529447,3987.30085294,3990.50439415,3985.10410285,3990.06621515,3990.01926344
eth4h:row15756:1733688000,2024-12-08 20:00:00,4004.15000000,0.00528596,-0.05154185,-0.01700940,-0.09335975,-0.04221236,-0.04124442,0.0002490298,-0.0007114718,0.0001070702,-0.0012335908,-0.0000915086,0.0000734371,4005.14727690,4001.30217336,4004.57874799,3999.21356295,4003.78360271,4004.44406377
eth4h:row15757:1733702400,2024-12-09 00:00:00,3929.37000000,0.00091131,-0.04906011,-0.01235160,-0.09623261,-0.03585461,-0.04717111,0.0001638429,-0.0006631452,0.0001977708,-0.0012895334,0.0000322949,-0.0000419723,3930.01385211,3926.76512091,3930.14719167,3924.30621182,3929.49690069,3929.20507874
eth4h:row15758:1733716800,2024-12-09 04:00:00,3918.44000000,0.00303603,-0.04868986,-0.01065644,-0.09290539,-0.03417052,-0.04684456,0.0002052174,-0.0006559354,0.0002307803,-0.0012247430,0.0000650888,-0.0000356136,3919.24421443,3915.87059924,3919.34440330,3913.64385581,3918.69505492,3918.30045286
eth4h:row15759:1733731200,2024-12-09 08:00:00,3850.88000000,0.00207187,-0.04956110,-0.01192894,-0.09474297,-0.03855345,-0.04352065,0.0001864423,-0.0006729009,0.0002060012,-0.0012605259,-0.0000202593,0.0000291125,3851.59803399,3848.28961085,3851.67336749,3846.02892416,3850.80198469,3850.99211018
eth4h:row15760:1733745600,2024-12-09 12:00:00,3824.00000000,-0.00770413,-0.04321860,-0.01701924,-0.09220348,-0.04359021,-0.04259414,-0.0000039241,-0.0005493945,0.0001068787,-0.0012110749,-0.0001183392,0.0000471542,3823.98499438,3821.89969262,3824.40872585,3819.37165282,3823.54749752,3824.18032199
eth4h:row15761:1733760000,2024-12-09 16:00:00,3795.78000000,-0.00179892,-0.04540363,-0.01305565,-0.09463565,-0.03822734,-0.04388777,0.0001110672,-0.0005919432,0.0001840610,-0.0012584361,-0.0000139090,0.0000219636,3796.20160990,3793.53377863,3796.47871933,3791.00625778,3795.72720499,3795.86336984
eth4h:row15762:1733774400,2024-12-09 20:00:00,3712.00000000,-0.00191330,-0.04248554,-0.01835349,-0.09135583,-0.04300296,-0.04407328,0.0001088398,-0.0005351196,0.0000808970,-0.0011945687,-0.0001069039,0.0000183513,3712.40403542,3710.01416728,3712.30030191,3707.56840847,3711.60319405,3712.06812059
eth4h:row15763:1733788800,2024-12-10 00:00:00,3682.40000000,-0.00198357,-0.04927532,-0.01449826,-0.09672239,-0.04394379,-0.04387950,0.0001074714,-0.0006673361,0.0001559693,-0.0012990709,-0.0001252245,0.0000221246,3682.79577393,3679.94342130,3682.97438597,3677.61940706,3681.93890221,3682.48147262
eth4h:row15764:1733803200,2024-12-10 04:00:00,3734.55000000,-0.00007843,-0.04683319,-0.01327136,-0.09709655,-0.03880619,-0.04515936,0.0001445699,-0.0006197808,0.0001798605,-0.0013063568,-0.0000251807,-0.0000027979,3735.08994271,3732.23611484,3735.22175851,3729.67453064,3734.45596266,3734.53955113
eth4h:row15765:1733817600,2024-12-10 08:00:00,3750.11000000,-0.00560515,-0.04299925,-0.01414796,-0.09532183,-0.04233860,-0.04533280,0.0000369490,-0.0005451232,0.0001627905,-0.0012717980,-0.0000939669,-0.0000061752,3750.24856531,3748.06628521,3750.72053206,3745.34364901,3749.75763043,3750.08684254
eth4h:row15766:1733832000,2024-12-10 12:00:00,3567.75000000,-0.01034688,-0.04212411,-0.01259824,-0.09509723,-0.04241498,-0.04641750,-0.0000553859,-0.0005280816,0.0001929680,-0.0012674243,-0.0000954541,-0.0000272974,3567.55240231,3565.86643420,3568.43852796,3563.23101115,3567.40945977,3567.65261119
eth4h:row15767:1733846400,2024-12-10 16:00:00,3628.82000000,-0.00077497,-0.04591355,-0.00706234,-0.10149269,-0.03321351,-0.04828865,0.0001310063,-0.0006018728,0.0003007677,-0.0013919621,0.0000837246,-0.0000637340,3629.29542954,3626.63656920,3629.91159596,3623.77233402,3629.12383408,3628.58872804
eth4h:row15768:1733860800,2024-12-10 20:00:00,3628.25000000,-0.00323539,-0.03671540,-0.01046148,-0.09634581,-0.03572414,-0.04793759,0.0000830950,-0.0004227588,0.0002345769,-0.0012917378,0.0000348355,-0.0000568980,3628.55150184,3626.71644962,3629.10120349,3623.56627804,3628.37639400,3628.04356583
eth4h:row15769:1733875200,2024-12-11 00:00:00,3665.23000000,-0.00445568,-0.04064640,-0.00668505,-0.09967817,-0.03449659,-0.05079717,0.0000593325,-0.0004993065,0.0003081147,-0.0013566283,0.0000587394,-0.0001125821,3665.44747384,3663.40038352,3666.35948539,3660.26101639,3665.44529959,3664.81738408
eth4h:row15770:1733889600,2024-12-11 04:00:00,3652.58000000,0.00173552,-0.04912372,-0.00415417,-0.10257091,-0.02961205,-0.05433363,0.0001798927,-0.0006643839,0.0003573980,-0.0014129581,0.0001538552,-0.0001814470,3653.23713145,3650.15409048,3653.88565817,3647.42270202,3653.14201182,3651.91731032
eth4h:row15771:1733904000,2024-12-11 08:00:00,3716.84000000,0.00299282,-0.04314595,-0.00508806,-0.09937103,-0.03315616,-0.05059033,0.0002043759,-0.0005479799,0.0003392126,-0.0013506474,0.0000848414,-0.0001085542,3717.59971005,3714.80380441,3718.10101289,3711.82324840,3717.15535535,3716.43654316
eth4h:row15772:1733918400,2024-12-11 12:00:00,3787.34000000,-0.00503509,-0.03760676,-0.00882700,-0.09884778,-0.03788252,-0.05315933,0.0000480496,-0.0004401160,0.0002664048,-0.0013404582,-0.0000071943,-0.0001585801,3787.52198472,3785.67349763,3788.34910013,3782.26663029,3787.31275270,3786.73945102
eth4h:row15773:1733932800,2024-12-11 16:00:00,3803.91000000,-0.00089948,-0.04049417,-0.00605586,-0.09940550,-0.03157081,-0.05479556,0.0001285817,-0.0004963422,0.0003203668,-0.0013513186,0.0001157127,-0.0001904419,3804.39914462,3802.02242750,3805.12884167,3798.77317734,3804.35018606,3803.18564495
eth4h:row15774:1733947200,2024-12-11 20:00:00,3831.81000000,-0.00018429,-0.04115798,-0.00803873,-0.09365124,-0.03133053,-0.05257072,0.0001425086,-0.0005092683,0.0002817547,-0.0012392667,0.0001203915,-0.0001471181,3832.35610475,3829.85907749,3832.88978269,3827.06430653,3832.27134506,3831.24631272
eth4h:row15775:1733961600,2024-12-12 00:00:00,3935.00000000,-0.00541388,-0.03557844,-0.01751396,-0.09101900,-0.04050406,-0.04959659,0.0000406736,-0.0004006190,0.0000972451,-0.0011880097,-0.0000582431,-0.0000892032,3935.16005378,3933.42388008,3935.38267803,3930.32795747,3934.77081991,3934.64900094
eth4h:row15776:1733976000,2024-12-12 04:00:00,3905.40000000,-0.00455808,-0.03841417,-0.00979837,-0.09577090,-0.03179771,-0.05442994,0.0000573385,-0.0004558385,0.0002474894,-0.0012805425,0.0001112941,-0.0001833224,3905.62393620,3903.62017398,3906.36666463,3900.40216980,3905.83467232,3904.68411837
eth4h:row15777:1733990400,2024-12-12 08:00:00,3913.38000000,-0.00040989,-0.04105605,-0.00841132,-0.09552743,-0.03301749,-0.05338886,0.0001381154,-0.0005072835,0.0002744994,-0.0012758015,0.0000875416,-0.0001630495,3913.92053556,3911.39531018,3914.45436779,3908.39048746,3913.72259844,3912.74197730
eth4h:row15778:1734004800,2024-12-12 12:00:00,3957.67000000,-0.00041108,-0.04222256,-0.01275286,-0.09139171,-0.03638909,-0.05303591,0.0001380922,-0.0005299988,0.0001899572,-0.0011952674,0.0000218870,-0.0001561766,3958.21656123,3955.57299558,3958.42185933,3952.94235198,3957.75662255,3957.05195283
eth4h:row15779:1734019200,2024-12-12 16:00:00,3871.14000000,-0.00577163,-0.04035608,-0.00677058,-0.09785926,-0.03294382,-0.05523544,0.0000337072,-0.0004936532,0.0003064492,-0.0013212090,0.0000889762,-0.0001990077,3871.27048759,3869.22947099,3872.32648946,3866.02879224,3871.48445451,3870.36968996
eth4h:row15780:1734033600,2024-12-12 20:00:00,3881.61000000,0.00588791,-0.05141948,0.00220660,-0.10139899,-0.02646152,-0.05719128,0.0002607514,-0.0007090889,0.0004812603,-0.0013901375,0.0002152050,-0.0002370934,3882.62226736,3878.85856887,3883.47851423,3876.21777715,3882.44543183,3880.68980496
eth4h:row15781:1734048000,2024-12-13 00:00:00,3932.83000000,0.00052990,-0.04338920,-0.00833079,-0.09509932,-0.03108279,-0.05409079,0.0001564158,-0.0005527166,0.0002760674,-0.0012674650,0.0001252157,-0.0001767182,3933.44520470,3930.65686026,3933.91587617,3927.84843341,3933.32248278,3932.13505890
eth4h:row15782:1734062400,2024-12-13 04:00:00,3885.64000000,-0.00544052,-0.04486832,-0.00956139,-0.09382008,-0.03471701,-0.05410481,0.0000401548,-0.0005815192,0.0002521042,-0.0012425546,0.0000544472,-0.0001769912,3885.79603006,3883.38108248,3886.61970968,3880.81487839,3885.85156797,3884.95233672
eth4h:row15783:1734076800,2024-12-13 08:00:00,3901.50000000,0.00653077,-0.05427128,-0.00042876,-0.09990007,-0.02519948,-0.05877624,0.0002732699,-0.0007646216,0.0004299423,-0.0013609492,0.0002397805,-0.0002679571,3902.56630806,3898.51796914,3903.17778063,3896.19386807,3902.43561577,3900.45470536
eth4h:row15784:1734091200,2024-12-13 12:00:00,3886.21000000,0.01149787,-0.05585234,-0.00866350,-0.09297575,-0.03042987,-0.05500463,0.0003699933,-0.0007954093,0.0002695886,-0.0012261131,0.0001379300,-0.0001945133,3887.64813761,3883.12010161,3887.25781902,3881.44798686,3886.74606176,3885.45415401
eth4h:row15785:1734105600,2024-12-13 16:00:00,3917.98000000,0.00202854,-0.04955891,-0.01366833,-0.08539277,-0.03881837,-0.05196583,0.0001855985,-0.0006728583,0.0001721304,-0.0010784510,-0.0000254179,-0.0001353391,3918.70723880,3915.34464139,3918.65446169,3913.75692803,3917.88041445,3917.44978015
eth4h:row15786:1734120000,2024-12-13 20:00:00,3906.80000000,0.00365002,-0.05099571,-0.01130488,-0.08921674,-0.03410422,-0.05529911,0.0002171734,-0.0007008369,0.0002181534,-0.0011529145,0.0000663799,-0.0002002476,3907.64854533,3904.06292978,3907.65237468,3902.29838910,3907.05934167,3906.01775103
eth4h:row15787:1734134400,2024-12-14 00:00:00,3910.83000000,0.00981290,-0.05244234,-0.01228663,-0.08809932,-0.03285624,-0.05454770,0.0003371822,-0.0007290069,0.0001990360,-0.0011311551,0.0000906816,-0.0001856156,3912.14888480,3907.98001673,3911.60847334,3906.40874573,3911.18465650,3910.10415637
eth4h:row15788:1734148800,2024-12-14 04:00:00,3920.76000000,0.00051780,-0.04339121,-0.02914431,-0.07285690,-0.04478966,-0.04707748,0.0001561801,-0.0005527558,-0.0001292310,-0.0008343420,-0.0001416960,-0.0000401492,3921.37239267,3918.59337621,3920.25334910,3917.49010939,3920.20448328,3920.60258785
eth4h:row15789:1734163200,2024-12-14 08:00:00,3894.53000000,0.00208754,-0.04801866,-0.02926078,-0.07661085,-0.04422201,-0.05075531,0.0001867476,-0.0006428654,-0.0001314989,-0.0009074420,-0.0001306422,-0.0001117670,3895.25736201,3892.02714611,3894.01790715,3890.99754284,3894.02124320,3894.09474448
eth4h:row15790:1734177600,2024-12-14 12:00:00,3889.01000000,-0.00092178,-0.04251294,-0.02862712,-0.07401617,-0.04521424,-0.04763696,0.0001281476,-0.0005356533,-0.0001191598,-0.0008569162,-0.0001499636,-0.0000510438,3889.50839923,3886.92739695,3888.54661385,3885.67887164,3888.42683368,3888.81149511
eth4h:row15791:1734192000,2024-12-14 16:00:00,3859.11000000,-0.00119310,-0.04203884,-0.02936419,-0.07431771,-0.04662356,-0.04580127,0.0001228642,-0.0005264213,-0.0001335127,-0.0008627881,-0.0001774071,-0.0000152978,3859.58417567,3857.07901702,3858.59479422,3855.78184187,3858.42542710,3859.05096475
eth4h:row15792:1734206400,2024-12-14 20:00:00,3870.29000000,-0.00497173,-0.04102919,-0.03372547,-0.07211973,-0.04911395,-0.04690602,0.0000492834,-0.0005067604,-0.0002184390,-0.0008199871,-0.0002259022,-0.0000368102,3870.48074590,3868.32918729,3869.44466989,3867.11771275,3869.41579184,3870.14753640
eth4h:row15793:1734220800,2024-12-15 00:00:00,3874.48000000,-0.00164836,-0.04496801,-0.02483073,-0.07646677,-0.04298230,-0.04686230,0.0001139990,-0.0005834605,-0.0000452332,-0.0009046364,-0.0001065014,-0.0000359589,3874.92171207,3872.22005350,3874.30474897,3870.97658932,3874.06738441,3874.34068059
eth4h:row15794:1734235200,2024-12-15 04:00:00,3845.20000000,-0.00164728,-0.04543261,-0.03063336,-0.07445674,-0.04976971,-0.04294140,0.0001140199,-0.0005925076,-0.0001582269,-0.0008654953,-0.0002386717,0.0000403921,3845.63845433,3842.92236460,3844.59163415,3841.87343708,3844.28236896,3845.35531902
eth4h:row15795:1734249600,2024-12-15 08:00:00,3877.61000000,-0.00611412,-0.04276575,-0.02653214,-0.08107688,-0.04364960,-0.05084427,0.0000270380,-0.0005405762,-0.0000783645,-0.0009944082,-0.0001194957,-0.0001134993,3877.71484426,3875.51442260,3877.30614479,3873.75598920,3877.14666994,3877.16991903
eth4h:row15796:1734264000,2024-12-15 12:00:00,3894.76000000,-0.00158911,-0.04551016,-0.02038452,-0.08556813,-0.03644834,-0.05092665,0.0001151527,-0.0005940176,0.0000413471,-0.0010818657,0.0000207332,-0.0001151033,3895.20851803,3892.44713089,3894.92104051,3890.54867110,3894.84075154,3894.31172596
eth4h:row15797:1734278400,2024-12-15 16:00:00,3904.09000000,0.00774379,-0.05542552,-0.02338954,-0.08392078,-0.04248050,-0.04523733,0.0002968907,-0.0007870980,-0.0000171693,-0.0010497871,-0.0000967300,-0.0000043161,3905.24926006,3901.01830766,3904.02297014,3899.99368725,3903.71237564,3904.07314977
eth4h:row15798:1734292800,2024-12-15 20:00:00,3959.09000000,-0.00281542,-0.04386422,-0.02283766,-0.08522978,-0.03925036,-0.04881644,0.0000912731,-0.0005619666,-0.0000064226,-0.0010752772,-0.0000338300,-0.0000740115,3959.45137475,3956.86574887,3959.06457233,3954.83516887,3958.95606621,3958.79699270
eth4h:row15799:1734307200,2024-12-16 00:00:00,3942.60000000,0.00347743,-0.05072877,-0.01024130,-0.09386729,-0.02760517,-0.05373953,0.0002138127,-0.0006956388,0.0002388644,-0.0012434739,0.0001929349,-0.0001698780,3943.44306813,3939.85832821,3943.54185937,3937.70052669,3943.36073858,3941.93029574
eth4h:row15800:1734321600,2024-12-16 04:00:00,3974.01000000,0.00542174,-0.05039474,-0.01151088,-0.09216961,-0.03193089,-0.05296455,0.0002516738,-0.0006891344,0.0002141421,-0.0012104153,0.0001087008,-0.0001547870,3975.01028016,3971.27231647,3974.86109405,3969.20270733,3974.44200140,3973.39492258
eth4h:row15801:1734336000,2024-12-16 08:00:00,3909.67000000,-0.00563477,-0.04227616,-0.01787755,-0.09123494,-0.03721057,-0.05052026,0.0000363721,-0.0005310425,0.0000901650,-0.0011922146,0.0000058905,-0.0001071899,3909.81220560,3907.59435029,3910.02253125,3905.01161197,3909.69302997,3909.25094544
eth4h:row15802:1734350400,2024-12-16 12:00:00,3941.21000000,0.00010152,-0.04771687,-0.00908628,-0.09431392,-0.03169714,-0.05373468,0.0001480740,-0.0006369886,0.0002613559,-0.0012521711,0.0001132526,-0.0001697837,3941.79363398,3938.70029357,3942.24019319,3936.27801929,3941.65637767,3940.54090346
eth4h:row15803:1734364800,2024-12-16 16:00:00,4056.88000000,0.00495751,-0.04743156,-0.00890609,-0.09584793,-0.03093344,-0.05655398,0.0002426339,-0.0006314328,0.0002648646,-0.0012820427,0.0001281240,-0.0002246835,4057.86445618,4054.31916166,4057.95466634,4051.68223916,4057.39981709,4055.96858838
eth4h:row15804:1734379200,2024-12-16 20:00:00,3986.24000000,-0.00182258,-0.04743943,-0.01457581,-0.09290719,-0.03761089,-0.05345059,0.0001106064,-0.0006315860,0.0001544592,-0.0012247781,-0.0000019049,-0.0001642517,3986.68092791,3983.72314165,3986.85575907,3981.36072928,3986.23240676,3985.58530715
eth4h:row15805:1734393600,2024-12-17 00:00:00,4035.01000000,-0.00020354,-0.04853910,-0.01121553,-0.09403090,-0.03354108,-0.05210190,0.0001421337,-0.0006529998,0.0002198932,-0.0012466599,0.0000773458,-0.0001379889,4035.58355163,4032.37599946,4035.89736901,4029.98284896,4035.32210314,4034.45325193
eth4h:row15806:1734408000,2024-12-17 04:00:00,3994.24000000,-0.00293069,-0.04342692,-0.01899585,-0.08941314,-0.03571034,-0.05424520,0.0000890283,-0.0005534510,0.0000683885,-0.0011567389,0.0000351042,-0.0001797249,3994.59561631,3992.02999551,3994.51316930,3989.62237836,3994.38021693,3993.52220018
eth4h:row15807:1734422400,2024-12-17 08:00:00,3997.14000000,-0.00533222,-0.04112880,-0.01927706,-0.08709949,-0.03949326,-0.05261975,0.0000422637,-0.0005087001,0.0000629124,-0.0011116857,-0.0000385599,-0.0001480728,3997.30893749,3995.10717142,3997.39147766,3992.69890561,3996.98587368,3996.54817615
eth4h:row15808:1734436800,2024-12-17 12:00:00,3939.18000000,-0.00099133,-0.04594584,-0.01418045,-0.09193730,-0.03402762,-0.05231880,0.0001267931,-0.0006025016,0.0001621580,-0.0012058916,0.0000678715,-0.0001422126,3939.67949249,3936.80735272,3939.81882117,3934.43263882,3939.44736723,3938.61983897
eth4h:row15809:1734451200,2024-12-17 16:00:00,3943.99000000,0.00064410,-0.04781660,-0.01473829,-0.09152040,-0.03548905,-0.05196100,0.0001586396,-0.0006389307,0.0001512952,-0.0011977733,0.0000394135,-0.0001352450,3944.61572265,3941.47086859,3944.58675201,3939.26882208,3944.14544932,3943.45663096
eth4h:row15810:1734465600,2024-12-17 20:00:00,3893.01000000,-0.00425379,-0.04427655,-0.01101026,-0.09087326,-0.03172709,-0.05630533,0.0000632637,-0.0005699958,0.0002238906,-0.0011851716,0.0001126694,-0.0002198415,3893.25629413,3890.79163297,3893.88170593,3888.39884815,3893.44864778,3892.15424902
eth4h:row15811:1734480000,2024-12-18 00:00:00,3849.81000000,-0.00055789,-0.05052747,-0.01248482,-0.09203595,-0.03516886,-0.05180525,0.0001352335,-0.0006917189,0.0001951767,-0.0012078125,0.0000456484,-0.0001322122,3850.33065848,3847.14793441,3850.56146671,3845.16295817,3849.98574181,3849.30104176
eth4h:row15812:1734494400,2024-12-18 04:00:00,3847.33000000,0.00514318,-0.05065127,-0.01166936,-0.09023511,-0.03368098,-0.05032695,0.0002462494,-0.0006941296,0.0002110559,-0.0011727452,0.0000746216,-0.0001034255,3848.27751946,3844.66038089,3848.14208736,3842.82070701,3847.61710447,3846.93210847
eth4h:row15813:1734508800,2024-12-18 08:00:00,3882.65000000,-0.00495820,-0.04395759,-0.01416769,-0.08912508,-0.03532653,-0.05302187,0.0000495469,-0.0005637847,0.0001624063,-0.0011511297,0.0000425782,-0.0001559033,3882.84237808,3880.46163809,3883.28061818,3878.18313781,3882.81531964,3882.04472939
eth4h:row15814:1734523200,2024-12-18 12:00:00,3867.98000000,0.00129611,-0.05492067,-0.01181081,-0.09084192,-0.03485303,-0.05728363,0.0001713362,-0.0007772671,0.0002083016,-0.0011845614,0.0000517984,-0.0002388919,3868.64278174,3864.97471454,3868.78579042,3863.40085296,3868.18036036,3867.05608140
eth4h:row15815:1734537600,2024-12-18 16:00:00,3770.29000000,0.00275756,-0.05471615,-0.01259753,-0.08845606,-0.03731856,-0.05216425,0.0001997947,-0.0007732845,0.0001929819,-0.0011381020,0.0000037875,-0.0001392029,3771.04335922,3767.37562001,3771.01766799,3766.00146623,3770.30428002,3769.76520109
eth4h:row15816:1734552000,2024-12-18 20:00:00,3626.80000000,-0.00275915,-0.04810882,-0.02161571,-0.08404854,-0.04532219,-0.04817545,0.0000923687,-0.0006446209,0.0000173723,-0.0010522750,-0.0001520659,-0.0000615296,3627.13501840,3624.46284233,3626.86300642,3622.98561634,3626.24852935,3626.57685122
eth4h:row15817:1734566400,2024-12-19 00:00:00,3668.90000000,0.00154282,-0.05046760,-0.01674351,-0.08592102,-0.03816397,-0.05217604,0.0001761402,-0.0006905530,0.0001122479,-0.0010887375,-0.0000126750,-0.0001394325,3669.54629774,3666.36730461,3669.31184954,3664.90770472,3668.85349689,3668.38847192
eth4h:row15818:1734580800,2024-12-19 04:00:00,3693.79000000,0.00091065,-0.04603411,-0.01785197,-0.08493932,-0.03084037,-0.05508275,0.0001638301,-0.0006042205,0.0000906629,-0.0010696209,0.0001299363,-0.0001960344,3694.39520367,3691.55881042,3694.12490496,3689.84115716,3694.26998847,3693.06596123
eth4h:row15819:1734595200,2024-12-19 08:00:00,3705.62000000,0.00475479,-0.05164605,-0.02267971,-0.08092415,-0.03851847,-0.04924995,0.0002386865,-0.0007135009,-0.0000033468,-0.0009914343,-0.0000195780,-0.0000824533,3706.50458699,3702.97697962,3705.60759788,3701.94794178,3705.54745217,3705.31447184
eth4h:row15820:1734609600,2024-12-19 12:00:00,3613.92000000,-0.00216406,-0.04802966,-0.02121153,-0.08458225,-0.03787080,-0.05007129,0.0001039569,-0.0006430795,0.0000252428,-0.0010626679,-0.0000069661,-0.0000984471,3614.29571138,3611.59670918,3614.01122668,3610.08164294,3613.89482509,3613.56423753
eth4h:row15821:1734624000,2024-12-19 16:00:00,3439.44000000,0.00018395,-0.04689942,-0.02139696,-0.08385311,-0.03765607,-0.05127408,0.0001496792,-0.0006210706,0.0000216320,-0.0010484694,-0.0000027847,-0.0001218689,3439.95485123,3437.30452825,3439.51440267,3435.83574211,3439.43042236,3439.02086483
eth4h:row15822:1734638400,2024-12-19 20:00:00,3417.01000000,0.00673659,-0.04916058,-0.01629087,-0.08215627,-0.03858530,-0.04799866,0.0002772777,-0.0006651018,0.0001210621,-0.0010154271,-0.0000208794,-0.0000580871,3417.95759191,3414.73809607,3417.42369535,3413.54203635,3416.93865569,3416.81152166
eth4h:row15823:1734652800,2024-12-20 00:00:00,3413.87000000,-0.00331192,-0.03834032,-0.02640071,-0.07835400,-0.04242543,-0.04675113,0.0000816047,-0.0004544004,-0.0000758053,-0.0009413861,-0.0000956577,-0.0000337942,3414.14859908,3412.31908838,3413.61122051,3410.65774229,3413.54345272,3413.75463289
eth4h:row15824:1734667200,2024-12-20 04:00:00,3390.48000000,0.00456054,-0.05058619,-0.01473084,-0.08703722,-0.03359817,-0.05136650,0.0002349039,-0.0006928625,0.0001514403,-0.0011104731,0.0000762342,-0.0001236685,3391.27653039,3388.13167729,3390.99349423,3386.71705290,3390.73848027,3390.06073033
eth4h:row15825:1734681600,2024-12-20 08:00:00,3104.56000000,0.00191523,-0.04957959,-0.01361653,-0.08721383,-0.03594669,-0.05020041,0.0001833921,-0.0006732610,0.0001731391,-0.0011139122,0.0000305018,-0.0001009614,3105.12940396,3102.47052416,3105.09756717,3101.10371821,3104.65469616,3104.24657505
eth4h:row15826:1734696000,2024-12-20 12:00:00,3374.61000000,-0.00006108,-0.04045668,-0.02409419,-0.08575206,-0.04015414,-0.05154622,0.0001449077,-0.0004956121,-0.0000308907,-0.0010854473,-0.0000514293,-0.0001271682,3375.09904240,3372.93791678,3374.50575739,3370.94902605,3374.43645072,3374.18088414
eth4h:row15827:1734710400,2024-12-20 16:00:00,3479.35000000,-0.00494408,-0.03016198,-0.01818105,-0.08910914,-0.02695462,-0.05726407,0.0000498220,-0.0002951450,0.0000842549,-0.0011508192,0.0002056029,-0.0002385109,3479.52335246,3478.32323877,3479.64316446,3475.34820033,3480.06543807,3478.52023614
eth4h:row15828:1734724800,2024-12-20 20:00:00,3472.21000000,-0.00080960,-0.04111862,-0.02052793,-0.08520602,-0.03647506,-0.05109831,0.0001303320,-0.0005085020,0.0000385546,-0.0010748144,0.0000202129,-0.0001184461,3472.66256951,3470.44482326,3472.34387212,3468.48002372,3472.28018413,3471.79875475
eth4h:row15829:1734739200,2024-12-21 00:00:00,3467.64000000,-0.00192868,-0.04313113,-0.01851859,-0.08647628,-0.03214926,-0.05279069,0.0001085404,-0.0005476912,0.0000776820,-0.0010995500,0.0001044485,-0.0001514016,3468.01639936,3465.74132420,3467.90938356,3463.82925184,3468.00220871,3467.11503351
eth4h:row15830:1734753600,2024-12-21 04:00:00,3523.46000000,-0.01202213,-0.02557388,-0.01454422,-0.08557977,-0.02975798,-0.05358963,-0.0000880078,-0.0002058017,0.0001550744,-0.0010820923,0.0001510136,-0.0001669592,3523.14992178,3522.73494050,3524.00644073,3519.64935300,3523.99213067,3522.87177491
eth4h:row15831:1734768000,2024-12-21 08:00:00,3442.23000000,-0.01376395,-0.03119102,-0.01091638,-0.08471072,-0.03555845,-0.05253141,-0.0001219261,-0.0003151834,0.0002257187,-0.0010651695,0.0000380620,-0.0001463527,3441.81032797,3441.14523715,3443.00706323,3438.56539377,3442.36102063,3441.72625730
eth4h:row15832:1734782400,2024-12-21 12:00:00,3390.40000000,-0.01211982,-0.02977783,-0.01847854,-0.08060950,-0.03824867,-0.04807892,-0.0000899101,-0.0002876645,0.0000784619,-0.0009853071,-0.0000143243,-0.0000596499,3390.09518246,3389.42484264,3390.66602779,3387.06105993,3390.35143510,3390.19776895
eth4h:row15833:1734796800,2024-12-21 16:00:00,3359.89000000,-0.00799571,-0.03521834,-0.01458975,-0.08020161,-0.03334802,-0.04945856,-0.0000096021,-0.0003936068,0.0001541876,-0.0009773644,0.0000811054,-0.0000865154,3359.85773823,3358.56778477,3360.40809339,3356.60776749,3360.16251614,3359.59933033
eth4h:row15834:1734811200,2024-12-21 20:00:00,3338.92000000,0.00130553,-0.04172766,-0.01274916,-0.08468722,-0.03566805,-0.05157981,0.0001715196,-0.0005203617,0.0001900292,-0.0010647119,0.0000359278,-0.0001278223,3339.49273927,3337.18300589,3339.55455247,3335.36690409,3339.03996224,3338.49323898
eth4h:row15835:1734825600,2024-12-22 00:00:00,3356.38000000,-0.00064175,-0.04725829,-0.00951251,-0.09401490,-0.02637757,-0.06327080,0.0001336004,-0.0006280587,0.0002530560,-0.0012463483,0.0002168397,-0.0003554790,3356.82844378,3354.27265823,3357.22945943,3352.19938734,3357.10787526,3355.18708938
eth4h:row15836:1734840000,2024-12-22 04:00:00,3332.40000000,-0.00138335,-0.04071885,-0.01304742,-0.08881599,-0.03191425,-0.05378940,0.0001191594,-0.0005007173,0.0001842212,-0.0011451107,0.0001090249,-0.0001708492,3332.79711030,3330.73182725,3333.01395516,3328.58621703,3332.76333432,3331.83071066
eth4h:row15837:1734854400,2024-12-22 08:00:00,3381.03000000,0.00145967,-0.04969230,-0.01765844,-0.08386047,-0.03626984,-0.05302001,0.0001745211,-0.0006754559,0.0000944316,-0.0010486128,0.0000242092,-0.0001558670,3381.62011248,3378.74703454,3381.34929121,3377.48646698,3381.11185313,3380.50305010
eth4h:row15838:1734868800,2024-12-22 12:00:00,3302.38000000,-0.00663589,-0.04122184,-0.01650866,-0.08358206,-0.03312899,-0.05926424,0.0000168775,-0.0005105119,0.0001168210,-0.0010431913,0.0000853704,-0.0002774598,3302.43573634,3300.69452582,3302.76580979,3298.93678228,3302.66193751,3301.46384932
eth4h:row15839:1734883200,2024-12-22 16:00:00,3247.14000000,0.00203810,-0.04953238,-0.00250980,-0.08409180,-0.02300023,-0.05939781,0.0001857848,-0.0006723418,0.0003894186,-0.0010531173,0.0002826061,-0.0002800609,3247.74332534,3244.95754584,3248.40474306,3243.72218056,3248.05779122,3246.23073041
eth4h:row15840:1734897600,2024-12-22 20:00:00,3281.83000000,-0.00433918,-0.04222250,-0.00997534,-0.08242483,-0.03212783,-0.05595233,0.0000616011,-0.0005299976,0.0002440433,-0.0010206568,0.0001048659,-0.0002129677,3282.03217046,3280.09109884,3282.63100650,3278.48208661,3282.17417012,3281.13115069
eth4h:row15841:1734912000,2024-12-23 00:00:00,3351.00000000,-0.00782918,-0.04136975,-0.01101318,-0.08459195,-0.02762413,-0.06159850,-0.0000063592,-0.0005133922,0.0002238337,-0.0010628568,0.0001925657,-0.0003229146,3350.97869052,3349.28006443,3351.75015077,3347.44025886,3351.64534972,3349.91808776
eth4h:row15842:1734926400,2024-12-23 04:00:00,3305.20000000,0.00021328,-0.04966623,-0.00611046,-0.08167876,-0.02257567,-0.06401043,0.0001502503,-0.0006749481,0.0003193036,-0.0010061287,0.0002908736,-0.0003698818,3305.69664450,3302.96991429,3306.25553082,3301.87621576,3306.16153511,3303.97769277
eth4h:row15843:1734940800,2024-12-23 08:00:00,3339.54000000,0.01597435,-0.05890177,-0.02601501,-0.06827646,-0.03606845,-0.05345046,0.0004571632,-0.0008547904,-0.0000682946,-0.0007451479,0.0000281309,-0.0001642491,3341.06706390,3336.68661301,3339.31193540,3337.05247567,3339.63394543,3338.99152871
eth4h:row15844:1734955200,2024-12-23 12:00:00,3277.20000000,-0.00167154,-0.04564252,-0.02759894,-0.06900005,-0.03714256,-0.05575604,0.0001135475,-0.0005965952,-0.0000991382,-0.0007592382,0.0000072148,-0.0002091453,3277.57213903,3275.24542133,3276.87512026,3274.71276899,3277.22364450,3276.51466069
eth4h:row15845:1734969600,2024-12-23 16:00:00,3338.21000000,-0.00035666,-0.04386753,-0.02685728,-0.06725022,-0.03657707,-0.04995862,0.0001391519,-0.0005620310,-0.0000846960,-0.0007251640,0.0000182266,-0.0000962532,3338.67455068,3336.33434972,3337.92727893,3335.79012766,3338.27084461,3337.88870224
eth4h:row15846:1734984000,2024-12-23 20:00:00,3422.53000000,0.00760544,-0.04596025,-0.03798952,-0.05675280,-0.03490213,-0.05187125,0.0002941968,-0.0006027822,-0.0003014723,-0.0005207495,0.0000508423,-0.0001334974,3423.53704541,3420.46758164,3421.49835741,3420.74818314,3422.70401371,3422.07313176
eth4h:row15847:1734998400,2024-12-24 00:00:00,3396.94000000,-0.01937132,-0.02214980,-0.06070938,-0.03606537,-0.05625284,-0.04082336,-0.0002311174,-0.0001391252,-0.0007438925,-0.0001179065,-0.0003649167,0.0000816363,3396.15499873,3396.46743295,3394.41398138,3396.53950235,3395.70062606,3397.21732502
eth4h:row15848:1735012800,2024-12-24 04:00:00,3401.22000000,-0.00650858,-0.04127744,-0.04424318,-0.04939799,-0.04696138,-0.04515681,0.0000193567,-0.0005115946,-0.0004232488,-0.0003775305,-0.0001839855,-0.0000027483,3401.28583697,3399.48039936,3399.78074216,3399.93617819,3400.59428231,3401.21065251
eth4h:row15849:1735027200,2024-12-24 08:00:00,3414.56000000,-0.00792428,-0.03200015,-0.04451301,-0.05325894,-0.04646525,-0.04725134,-0.0000082110,-0.0003309395,-0.0004285032,-0.0004527141,-0.0001743244,-0.0000435346,3414.53196312,3413.43017419,3413.09716353,3413.01453028,3413.96481081,3414.41135183
eth4h:row15850:1735041600,2024-12-24 12:00:00,3493.07000000,-0.01282011,-0.02912261,-0.04269716,-0.05242001,-0.04409751,-0.05145528,-0.0001035468,-0.0002749055,-0.0003931433,-0.0004363777,-0.0001282177,-0.0001253973,3492.70832235,3492.10986783,3491.69699269,3491.54603475,3492.62215525,3492.63200582
eth4h:row15851:1735056000,2024-12-24 16:00:00,3465.52000000,-0.00762223,-0.03624925,-0.03958055,-0.05705241,-0.04129609,-0.05369624,-0.0000023293,-0.0004136815,-0.0003324541,-0.0005265836,-0.0000736661,-0.0001690351,3465.51192774,3464.08667511,3464.36806501,3463.69559428,3465.26471789,3464.93425499
eth4h:row15852:1735070400,2024-12-24 20:00:00,3493.18000000,0.00105841,-0.04530597,-0.03668305,-0.06220332,-0.03806940,-0.05379825,0.0001667074,-0.0005900415,-0.0002760316,-0.0006268866,-0.0000108335,-0.0001710216,3493.76238762,3491.11948692,3492.21590510,3490.99085865,3493.14215692,3492.58264189
eth4h:row15853:1735084800,2024-12-25 00:00:00,3478.23000000,-0.01144736,-0.03175648,-0.03647783,-0.05823711,-0.03965753,-0.05402698,-0.0000768154,-0.0003261944,-0.0002720354,-0.0005496531,-0.0000417588,-0.0001754757,3477.96282858,3477.09560594,3477.28392708,3476.31870527,3478.08475615,3477.61970882
eth4h:row15854:1735099200,2024-12-25 04:00:00,3489.22000000,-0.00516586,-0.04307720,-0.02938470,-0.06773502,-0.03372540,-0.05954326,0.0000455031,-0.0005466410,-0.0001339120,-0.0007346044,0.0000737567,-0.0002828932,3489.37877405,3487.31317035,3488.75278298,3486.65774500,3489.47736288,3488.23306292
eth4h:row15855:1735113600,2024-12-25 08:00:00,3471.04000000,-0.00459944,-0.04054710,-0.03001418,-0.06501535,-0.03204680,-0.05878048,0.0000565330,-0.0004973729,-0.0001461698,-0.0006816447,0.0001064437,-0.0002680398,3471.23623383,3469.31402819,3470.53267579,3468.67479034,3471.40948998,3470.10974776
eth4h:row15856:1735128000,2024-12-25 12:00:00,3472.99000000,-0.00294339,-0.04047659,-0.03458908,-0.05922641,-0.03808311,-0.04914831,0.0000887811,-0.0004959998,-0.0002352560,-0.0005689177,-0.0000111004,-0.0000804741,3473.29834955,3471.26782486,3472.17305432,3471.01471652,3472.95144853,3472.71052547
eth4h:row15857:1735142400,2024-12-25 16:00:00,3481.21000000,0.00413478,-0.04987335,-0.02584293,-0.06888364,-0.03074452,-0.05790371,0.0002266132,-0.0006789814,-0.0000649437,-0.0007569714,0.0001318029,-0.0002509666,3481.99897747,3478.84712538,3480.98392471,3478.57582080,3481.66886388,3480.33644210
eth4h:row15858:1735156800,2024-12-25 20:00:00,3497.00000000,0.00300659,-0.04887374,-0.02152279,-0.07122864,-0.02698975,-0.05984478,0.0002046440,-0.0006595161,0.0000191818,-0.0008026351,0.0002049189,-0.0002887648,3497.71571326,3494.69443264,3497.06707937,3494.19431117,3497.71667465,3495.99033539
eth4h:row15859:1735171200,2024-12-26 00:00:00,3455.71000000,0.00657005,-0.05038364,-0.02580610,-0.06920975,-0.03198514,-0.05343344,0.0002740347,-0.0006889182,-0.0000642264,-0.0007633217,0.0001076444,-0.0001639177,3456.65711437,3453.33011831,3455.48805932,3453.07318806,3456.08200788,3455.14359439
eth4h:row15860:1735185600,2024-12-26 04:00:00,3422.00000000,0.00201721,-0.04554302,-0.04139217,-0.05889793,-0.04376046,-0.04737840,0.0001853780,-0.0005946575,-0.0003677316,-0.0005625212,-0.0001216544,-0.0000460088,3422.63442231,3419.96568711,3420.74185382,3420.07559370,3421.58372393,3421.84256139
eth4h:row15861:1735200000,2024-12-26 08:00:00,3373.28000000,-0.00111621,-0.04390015,-0.03840699,-0.05878958,-0.03812611,-0.05299402,0.0001243615,-0.0005626662,-0.0003096017,-0.0005604114,-0.0000119377,-0.0001553609,3373.69953221,3371.38250341,3372.23578851,3371.39010501,3373.23973100,3372.75596477
eth4h:row15862:1735214400,2024-12-26 12:00:00,3344.13000000,0.00492973,-0.04778780,-0.04092130,-0.05460449,-0.04176742,-0.04996157,0.0002420931,-0.0006383698,-0.0003585623,-0.0004789157,-0.0000828443,-0.0000963106,3344.93968867,3341.99588965,3342.93113603,3342.52882703,3343.85296935,3343.80794033
eth4h:row15863:1735228800,2024-12-26 16:00:00,3339.75000000,0.00067539,-0.04605007,-0.03758409,-0.06018290,-0.04381675,-0.04893123,0.0001592490,-0.0006045313,-0.0002935774,-0.0005875433,-0.0001227505,-0.0000762469,3340.28189406,3337.73162678,3338.76966864,3337.78832870,3339.34006911,3339.49536398
eth4h:row15864:1735243200,2024-12-26 20:00:00,3335.05000000,-0.00798397,-0.04085521,-0.03602835,-0.06262885,-0.04487816,-0.04862138,-0.0000093734,-0.0005033727,-0.0002632828,-0.0006351728,-0.0001434193,-0.0000702132,3335.01873930,3333.37164947,3334.17205443,3332.93233953,3334.57172368,3334.81584372
eth4h:row15865:1735257600,2024-12-27 00:00:00,3379.40000000,0.00443203,-0.05136622,-0.03208771,-0.06424190,-0.03858274,-0.05118949,0.0002324015,-0.0007080519,-0.0001865473,-0.0006665835,-0.0000208296,-0.0001202216,3380.18546873,3377.00805636,3378.76964097,3377.14809838,3379.32960913,3378.99374754
eth4h:row15866:1735272000,2024-12-27 04:00:00,3326.02000000,0.00203980,-0.04755218,-0.04073235,-0.05700651,-0.04632507,-0.04712982,0.0001858179,-0.0006337817,-0.0003548830,-0.0005256899,-0.0001715948,-0.0000411683,3326.63809145,3323.91269736,3324.83986159,3324.27200432,3325.44932131,3325.88307639
eth4h:row15867:1735286400,2024-12-27 08:00:00,3419.27000000,0.00597412,-0.05292355,-0.02757653,-0.07011785,-0.03725435,-0.05205583,0.0002624303,-0.0007383773,-0.0000987018,-0.0007810048,0.0000050380,-0.0001370917,3420.16743797,3416.74622039,3418.93252845,3416.60057618,3419.28722627,3418.80127868
eth4h:row15868:1735300800,2024-12-27 12:00:00,3326.32000000,0.00870128,-0.05509228,-0.02568516,-0.07362427,-0.03240921,-0.05436822,0.0003155357,-0.0007806087,-0.0000618714,-0.0008492848,0.0000993865,-0.0001821205,3327.36973839,3323.72445897,3326.11420231,3323.49620619,3326.65060779,3325.71426406
eth4h:row15869:1735315200,2024-12-27 16:00:00,3355.00000000,0.00546194,-0.05114928,-0.03307929,-0.06532885,-0.03765323,-0.05230010,0.0002524567,-0.0007038273,-0.0002058562,-0.0006877495,-0.0000027294,-0.0001418484,3355.84709914,3352.63949010,3354.30942353,3352.69339371,3354.99084295,3354.52413238
eth4h:row15870:1735329600,2024-12-27 20:00:00,3333.51000000,0.00340785,-0.04672670,-0.03257259,-0.06621599,-0.03536391,-0.05221338,0.0002124576,-0.0006177072,-0.0001959893,-0.0007050246,0.0000418503,-0.0001401596,3334.21830487,3331.45150260,3332.85673163,3331.16062158,3333.64951125,3333.04280925
eth4h:row15871:1735344000,2024-12-28 00:00:00,3345.51000000,0.00609381,-0.05004773,-0.02973291,-0.06881392,-0.03515083,-0.05166052,0.0002647610,-0.0006823770,-0.0001406926,-0.0007556137,0.0000459994,-0.0001293938,3346.39587777,3343.22787978,3345.03934458,3342.98304169,3345.66389497,3345.07713972
eth4h:row15872:1735358400,2024-12-28 04:00:00,3335.53000000,0.00526078,-0.04964563,-0.02694776,-0.06961519,-0.03432952,-0.05295951,0.0002485394,-0.0006745471,-0.0000864579,-0.0007712166,0.0000619927,-0.0001546889,3336.35911376,3333.28078671,3335.24162954,3332.95857561,3335.73678500,3335.01407041
eth4h:row15873:1735372800,2024-12-28 08:00:00,3359.23000000,0.00143338,-0.04497451,-0.02916517,-0.06823857,-0.03486928,-0.05502550,0.0001740092,-0.0005835870,-0.0001296372,-0.0007444100,0.0000514821,-0.0001949195,3359.81458785,3357.27016907,3358.79454702,3356.73028609,3359.40294472,3358.57528428
eth4h:row15874:1735387200,2024-12-28 12:00:00,3368.38000000,0.00386680,-0.04900244,-0.02375945,-0.07274529,-0.03336119,-0.05581019,0.0002213948,-0.0006620223,-0.0000243724,-0.0008321687,0.0000808489,-0.0002101998,3369.12582438,3366.15079544,3368.29790545,3365.57810563,3368.65234066,3367.67204170
eth4h:row15875:1735401600,2024-12-28 16:00:00,3400.87000000,0.00212253,-0.04620713,-0.02705988,-0.07184422,-0.03618738,-0.05501131,0.0001874289,-0.0006075897,-0.0000886411,-0.0008146222,0.0000258149,-0.0001946433,3401.50748108,3398.80429417,3400.56855641,3398.10070381,3400.95779417,3400.20810790
eth4h:row15876:1735416000,2024-12-28 20:00:00,3404.00000000,0.00527520,-0.04872033,-0.02516982,-0.07514510,-0.03257689,-0.05588608,0.0002488203,-0.0006565288,-0.0000518362,-0.0008788996,0.0000961214,-0.0002116776,3404.84708973,3401.76590942,3403.82355406,3401.00953995,3404.32721299,3403.27952572
eth4h:row15877:1735430400,2024-12-29 00:00:00,3382.98000000,0.00344724,-0.04642372,-0.02564111,-0.07175010,-0.03128038,-0.05695760,0.0002132248,-0.0006118072,-0.0000610137,-0.0008127895,0.0001213680,-0.0002325430,3383.70141226,3380.91090132,3382.77359831,3380.23146642,3383.39061058,3382.19340317
eth4h:row15878:1735444800,2024-12-29 04:00:00,3407.61000000,0.00165469,-0.04636747,-0.02774813,-0.07249185,-0.03182258,-0.05698992,0.0001783188,-0.0006107119,-0.0001020434,-0.0008272335,0.0001108098,-0.0002331724,3408.21769508,3405.52956748,3407.26229362,3404.79227644,3407.98761767,3406.81553214
eth4h:row15879:1735459200,2024-12-29 08:00:00,3398.36000000,-0.00036102,-0.04233743,-0.02911153,-0.06937888,-0.03216849,-0.05491702,0.0001390672,-0.0005322357,-0.0001285926,-0.0007666151,0.0001040740,-0.0001928071,3398.83263327,3396.55175287,3397.92302413,3395.75576423,3398.71369945,3397.70483520
eth4h:row15880:1735473600,2024-12-29 12:00:00,3373.82000000,-0.00127517,-0.04392886,-0.02601340,-0.07097490,-0.03290536,-0.05397976,0.0001212660,-0.0005632253,-0.0000682632,-0.0007976941,0.0000897251,-0.0001745561,3374.22915438,3371.92031423,3373.58970007,3371.12979673,3374.12272988,3373.23113045
eth4h:row15881:1735488000,2024-12-29 16:00:00,3362.60000000,-0.00184946,-0.04224566,-0.02727130,-0.07036896,-0.03337131,-0.05626106,0.0001100829,-0.0005304485,-0.0000927580,-0.0007858947,0.0000806518,-0.0002189794,3362.97018515,3360.81678681,3362.28810632,3359.95838851,3362.87121077,3361.86374054
eth4h:row15882:1735502400,2024-12-29 20:00:00,3356.48000000,-0.00101249,-0.04284039,-0.02587464,-0.06987680,-0.03150044,-0.05472196,0.0001263811,-0.0005420297,-0.0000655612,-0.0007763111,0.0001170830,-0.0001890088,3356.90422230,3354.66118113,3356.25995246,3353.87533857,3356.87300972,3355.84565566
eth4h:row15883:1735516800,2024-12-30 00:00:00,3403.76000000,-0.00081133,-0.04214157,-0.02901038,-0.06757192,-0.03555095,-0.05323825,0.0001302983,-0.0005284217,-0.0001266229,-0.0007314285,0.0000382079,-0.0001601168,3404.20353312,3401.96185451,3403.32903317,3401.27130327,3403.89005317,3403.21504451
eth4h:row15884:1735531200,2024-12-30 04:00:00,3427.00000000,0.00203879,-0.04528002,-0.02913656,-0.06938224,-0.03570217,-0.05341912,0.0001857982,-0.0005895363,-0.0001290801,-0.0007666804,0.0000352633,-0.0001636388,3427.63678946,3424.98025458,3426.55767109,3424.37359322,3427.12084955,3426.43925555
eth4h:row15885:1735545600,2024-12-30 08:00:00,3424.13000000,0.00069589,-0.04548354,-0.02654656,-0.06966431,-0.03351798,-0.05473151,0.0001596482,-0.0005934994,-0.0000786454,-0.0007721733,0.0000777957,-0.0001891948,3424.67669993,3422.09838386,3423.86071844,3421.48699888,3424.39639297,3423.48223367
eth4h:row15886:1735560000,2024-12-30 12:00:00,3324.16000000,0.00559057,-0.04780963,-0.02859994,-0.06878762,-0.03540561,-0.05381691,0.0002549614,-0.0006387949,-0.0001186306,-0.0007551015,0.0000410381,-0.0001713849,3325.00764063,3322.03722164,3323.76567642,3321.65086912,3324.29642002,3323.59033806
eth4h:row15887:1735574400,2024-12-30 16:00:00,3401.93000000,0.00345720,-0.04269825,-0.02810672,-0.07000385,-0.03274919,-0.05557045,0.0002134187,-0.0005392618,-0.0001090260,-0.0007787850,0.0000927662,-0.0002055313,3402.65611284,3400.09596371,3401.55912139,3399.28165918,3402.24559873,3401.23086889
eth4h:row15888:1735588800,2024-12-30 20:00:00,3361.84000000,0.00130607,-0.04242221,-0.03028252,-0.06644146,-0.03647525,-0.05185636,0.0001715300,-0.0005338864,-0.0001513952,-0.0007094152,0.0000202093,-0.0001332075,3362.41670596,3360.04563829,3361.33107221,3359.45590544,3361.90794101,3361.39220757
