row_id,DATE_TIME,close_origin,y_hat_z_h1,y_hat_z_h2,y_hat_z_h3,y_hat_z_h4,y_hat_z_h5,y_hat_z_h6,logret_hat_h1,logret_hat_h2,logret_hat_h3,logret_hat_h4,logret_hat_h5,logret_hat_h6,close_hat_h1,close_hat_h2,close_hat_h3,close_hat_h4,close_hat_h5,close_hat_h6
eth4h:row13699:1704067200,2024-01-01 00:00:00,2273.81000000,-0.00733702,0.03159744,-0.00706670,-0.02251488,-0.03966478,-0.00819708,0.0000032246,0.0009074863,0.0003006829,0.0001459602,-0.0000419000,0.0007169627,2273.81733213,2275.87438802,2274.49379847,2274.14190994,2273.71472932,2275.44082149
eth4h:row13700:1704081600,2024-01-01 04:00:00,2284.67000000,0.00084937,0.01821084,-0.01101840,-0.01318667,-0.03405774,-0.01153308,0.0001626368,0.0006468111,0.0002237321,0.0003276068,0.0000672850,0.0006520013,2285.04160153,2286.14822784,2285.18121111,2285.41859597,2284.82372908,2286.16009364
eth4h:row13701:1704096000,2024-01-01 08:00:00,2304.47000000,-0.00711346,0.03077138,-0.00607734,-0.02042319,-0.03773118,-0.00669326,0.0000075780,0.0008914006,0.0003199484,0.0001866913,-0.0000042472,0.0007462463,2304.48746331,2306.52512169,2305.20742947,2304.90026476,2304.46021237,2306.19034402
eth4h:row13702:1704110400,2024-01-01 12:00:00,2314.70000000,-0.00532322,0.02747560,-0.00705926,-0.01741244,-0.03640024,-0.00737530,0.0000424390,0.0008272224,0.0003008278,0.0002453192,0.0000216700,0.0007329650,2314.79823575,2316.61556384,2315.39643084,2315.26790998,2314.75016003,2316.39721605
eth4h:row13703:1704124800,2024-01-01 16:00:00,2337.26000000,-0.00580926,0.02823056,-0.00620055,-0.01831407,-0.03574515,-0.00608287,0.0000329744,0.0008419235,0.0003175493,0.0002277617,0.0000344263,0.0007581323,2337.33707090,2339.22862261,2338.00231313,2337.79239896,2337.34046468,2339.03262415
eth4h:row13704:1704139200,2024-01-01 20:00:00,2352.04000000,-0.00179930,0.02216191,-0.00820925,-0.01444435,-0.03327570,-0.00765507,0.0001110597,0.0007237497,0.0002784341,0.0003031163,0.0000825135,0.0007275173,2352.30123135,2353.74290432,2352.69497928,2352.75304974,2352.23408316,2353.75177229
eth4h:row13705:1704153600,2024-01-02 00:00:00,2386.43000000,0.00046577,0.02023349,-0.00887671,-0.01365511,-0.03188650,-0.00759051,0.0001551670,0.0006861979,0.0002654369,0.0003184850,0.0001095653,0.0007287743,2386.80032382,2388.06812516,2387.06353061,2387.19016332,2386.69148429,2388.16980266
eth4h:row13706:1704168000,2024-01-02 04:00:00,2385.84000000,0.00756447,0.01161335,-0.01139892,-0.01251114,-0.02704124,-0.00974299,0.0002933989,0.0005183392,0.0002163222,0.0003407612,0.0002039163,0.0006868594,2386.54010554,2387.07699499,2386.35616595,2386.65314033,2386.32656124,2387.47929947
eth4h:row13707:1704182400,2024-01-02 08:00:00,2391.24000000,0.00381744,0.01873863,-0.00881961,-0.01534254,-0.02994240,-0.00676916,0.0002204336,0.0006570888,0.0002665488,0.0002856259,0.0001474223,0.0007447683,2391.76716765,2392.81177338,2391.87746712,2391.92309752,2391.59254816,2393.02158316
eth4h:row13708:1704196800,2024-01-02 12:00:00,2357.48000000,0.00723992,0.01453430,-0.00964112,-0.01528714,-0.02752317,-0.00799325,0.0002870790,0.0005752185,0.0002505516,0.0002867047,0.0001945317,0.0007209319,2358.15688026,2358.83645622,2358.07074428,2358.15599749,2357.93864914,2359.18019532
eth4h:row13709:1704211200,2024-01-02 16:00:00,2369.19000000,0.00584944,0.01625169,-0.00882533,-0.01592083,-0.02775995,-0.00776146,0.0002600023,0.0006086609,0.0002664374,0.0002743650,0.0001899209,0.0007254455,2369.80607497,2370.63247236,2369.82132487,2369.84011199,2369.64000144,2370.90934170
eth4h:row13710:1704225600,2024-01-02 20:00:00,2355.34000000,0.00675978,0.01425967,-0.00875180,-0.01556250,-0.02598883,-0.00851936,0.0002777293,0.0005698707,0.0002678691,0.0002813427,0.0002244097,0.0007106869,2355.99423767,2356.68262181,2355.97100724,2356.00275090,2355.86862042,2357.01450433
eth4h:row13711:1704240000,2024-01-03 00:00:00,2368.51000000,0.00454897,0.01731295,-0.00767254,-0.01567776,-0.02645717,-0.00822169,0.0002346785,0.0006293267,0.0002888853,0.0002790982,0.0002152897,0.0007164835,2369.06590358,2370.00103571,2369.19432668,2369.17113918,2369.01997072,2370.20760637
eth4h:row13712:1704254400,2024-01-03 04:00:00,2361.64000000,0.00542985,0.01602358,-0.00728173,-0.01495143,-0.02428130,-0.00814686,0.0002518318,0.0006042191,0.0002964956,0.0002932419,0.0002576600,0.0007179406,2362.23481087,2363.06737906,2362.34031965,2362.33263333,2362.24857863,2363.33612593
eth4h:row13713:1704268800,2024-01-03 08:00:00,2307.68000000,0.00729164,0.01340676,-0.00767104,-0.01370377,-0.02259282,-0.00869064,0.0002880862,0.0005532621,0.0002889147,0.0003175374,0.0002905395,0.0007073516,2308.34490657,2308.95710509,2308.34681890,2308.41289097,2308.35056968,2309.31291861
eth4h:row13714:1704283200,2024-01-03 12:00:00,2240.40000000,0.00558148,0.01615731,-0.00619949,-0.01329527,-0.02324266,-0.00691024,0.0002547845,0.0006068230,0.0003175699,0.0003254920,0.0002778853,0.0007420212,2240.97089195,2241.75993887,2241.11159659,2241.12935102,2241.02266076,2242.06304113
eth4h:row13715:1704297600,2024-01-03 16:00:00,2206.53000000,0.00364269,0.01799197,-0.00548753,-0.01240195,-0.02407498,-0.00605421,0.0002170308,0.0006425491,0.0003314338,0.0003428876,0.0002616777,0.0007586904,2207.00893686,2207.94825941,2207.26143990,2207.28672148,2207.10747523,2208.20470842
eth4h:row13716:1704312000,2024-01-03 20:00:00,2209.72000000,0.00426242,0.01697565,-0.00580453,-0.01115196,-0.02351792,-0.00590226,0.0002290986,0.0006227585,0.0003252609,0.0003672283,0.0002725253,0.0007616494,2210.22630167,2211.09655041,2210.43885252,2210.53162079,2210.32228674,2211.40367307
eth4h:row13717:1704326400,2024-01-04 00:00:00,2231.08000000,0.00301957,0.01797173,-0.00614304,-0.01052308,-0.02388502,-0.00586878,0.0002048968,0.0006421550,0.0003186691,0.0003794746,0.0002653768,0.0007623013,2231.53718801,2232.51315934,2231.79108945,2231.92679879,2231.67215533,2232.78140356
eth4h:row13718:1704340800,2024-01-04 04:00:00,2221.85000000,0.00139810,0.01929484,-0.00582433,-0.01156811,-0.02404026,-0.00506845,0.0001733222,0.0006679196,0.0003248753,0.0003591248,0.0002623538,0.0007778861,2222.23512928,2223.33451291,2222.57194148,2222.64806475,2222.43298722,2223.57901854
eth4h:row13719:1704355200,2024-01-04 08:00:00,2228.14000000,0.00064339,0.02100725,-0.00614494,-0.01351048,-0.02416948,-0.00458730,0.0001586258,0.0007012651,0.0003186321,0.0003213014,0.0002598374,0.0007872553,2228.49346844,2229.70306489,2228.85006996,2228.85601957,2228.71902943,2229.89480565
eth4h:row13720:1704369600,2024-01-04 12:00:00,2276.87000000,0.00173575,0.02127481,-0.00702480,-0.01555737,-0.02422092,-0.00518113,0.0001798971,0.0007064754,0.0003014988,0.0002814425,0.0002588358,0.0007756918,2277.27963916,2278.47912095,2277.55657708,2277.51089817,2277.45941172,2278.63683458
eth4h:row13721:1704384000,2024-01-04 16:00:00,2274.27000000,0.00394273,0.02084742,-0.00803209,-0.01755653,-0.02520821,-0.00544273,0.0002228733,0.0006981528,0.0002818839,0.0002425133,0.0002396104,0.0007705976,2274.77693054,2275.85834234,2274.91117043,2274.82160753,2274.81500408,2276.02322248
eth4h:row13722:1704398400,2024-01-04 20:00:00,2267.11000000,0.00641677,0.01785675,-0.00896789,-0.01791192,-0.02510382,-0.00629840,0.0002710499,0.0006399161,0.0002636613,0.0002355928,0.0002416433,0.0007539355,2267.72458318,2268.56122445,2267.70782807,2267.64417762,2267.65789822,2268.81989910
eth4h:row13723:1704412800,2024-01-05 00:00:00,2242.28000000,0.00957584,0.01399276,-0.01033916,-0.01873700,-0.02470295,-0.00794186,0.0003325661,0.0005646732,0.0002369588,0.0002195262,0.0002494494,0.0007219325,2243.02583023,2243.54651303,2242.81139090,2242.77229316,2242.83940525,2243.89935937
eth4h:row13724:1704427200,2024-01-05 04:00:00,2252.75000000,0.01065153,0.01167781,-0.01070137,-0.01848261,-0.02463479,-0.00912937,0.0003535127,0.0005195945,0.0002299055,0.0002244799,0.0002507767,0.0006988083,2253.54651652,2253.92082061,2253.26797922,2253.25575388,2253.31500797,2254.32479065
eth4h:row13725:1704441600,2024-01-05 08:00:00,2241.97000000,0.01028340,0.01073802,-0.01029759,-0.01826970,-0.02431626,-0.00971831,0.0003463441,0.0005012942,0.0002377682,0.0002286258,0.0002569793,0.0006873400,2242.74662757,2243.09416823,2242.50313257,2242.48263085,2242.54621390,2243.51152544
eth4h:row13726:1704456000,2024-01-05 12:00:00,2224.99000000,0.01079282,0.00937981,-0.01045649,-0.01742172,-0.02323751,-0.01071178,0.0003562641,0.0004748459,0.0002346740,0.0002451384,0.0002779857,0.0006679944,2225.78282522,2226.04677836,2225.51220858,2225.53549738,2225.60860140,2226.47677736
eth4h:row13727:1704470400,2024-01-05 16:00:00,2234.26000000,0.01038292,0.00928796,-0.00965175,-0.01695925,-0.02238790,-0.01079368,0.0003482821,0.0004730573,0.0002503447,0.0002541441,0.0002945299,0.0006663995,2235.03828836,2235.31718314,2234.81940509,2234.82789608,2234.91815335,2235.74940592
eth4h:row13728:1704484800,2024-01-05 20:00:00,2268.78000000,0.00911729,0.01167930,-0.00881453,-0.01642334,-0.02241562,-0.00975931,0.0003236367,0.0005196235,0.0002666476,0.0002645797,0.0002939902,0.0006865416,2269.51437935,2269.95921774,2269.38504542,2269.38035247,2269.44709717,2270.33814673
eth4h:row13729:1704499200,2024-01-06 00:00:00,2252.99000000,0.00778137,0.01324109,-0.00786874,-0.01332284,-0.02390308,-0.00857853,0.0002976226,0.0005500360,0.0002850649,0.0003249552,0.0002650251,0.0007095348,2253.66064050,2254.22956647,2253.63233981,2253.72223981,2253.58717796,2254.58914213
eth4h:row13730:1704513600,2024-01-06 04:00:00,2233.12000000,0.00565487,0.01536975,-0.00718326,-0.01239474,-0.02529780,-0.00766318,0.0002562136,0.0005914871,0.0002984130,0.0003430280,0.0002378659,0.0007273593,2233.69222900,2234.44125230,2233.78649151,2233.88615416,2233.65124635,2234.74487138
eth4h:row13731:1704528000,2024-01-06 08:00:00,2238.67000000,-0.00050120,0.02442975,-0.00411573,-0.01485966,-0.02877651,-0.00463052,0.0001363374,0.0007679109,0.0003581465,0.0002950290,0.0001701256,0.0007864137,2238.97523522,2240.38975932,2239.47191552,2239.33057009,2239.05088759,2240.43121310
eth4h:row13732:1704542400,2024-01-06 12:00:00,2246.40000000,0.00082791,0.02148101,-0.00544527,-0.01322241,-0.02794881,-0.00597659,0.0001622189,0.0007104907,0.0003322567,0.0003269109,0.0001862433,0.0007602019,2246.76443812,2247.99661350,2247.14650557,2247.13449280,2246.81841595,2248.10836686
eth4h:row13733:1704556800,2024-01-06 16:00:00,2244.63000000,-0.00092818,0.02353624,-0.00496353,-0.01442906,-0.02788881,-0.00519090,0.0001280229,0.0007505119,0.0003416374,0.0003034140,0.0001874115,0.0007755016,2244.91738247,2246.31525374,2245.39698066,2245.31115554,2245.05070897,2246.37138930
eth4h:row13734:1704571200,2024-01-06 20:00:00,2240.78000000,0.00105777,0.01987571,-0.00661771,-0.01248371,-0.02637855,-0.00618204,0.0001666950,0.0006792309,0.0003094259,0.0003412954,0.0002168206,0.0007562012,2241.15355805,2242.30252412,2241.47346265,2241.54489852,2241.26590001,2242.47512144
eth4h:row13735:1704585600,2024-01-07 00:00:00,2242.20000000,0.00038293,0.02186400,-0.00726690,-0.01452803,-0.02622161,-0.00598162,0.0001535539,0.0007179486,0.0002967843,0.0003014867,0.0002198767,0.0007601040,2242.54432503,2243.81036242,2242.86554852,2242.87609544,2242.69306170,2243.90495305
eth4h:row13736:1704600000,2024-01-07 04:00:00,2249.15000000,-0.00025007,0.02555347,-0.00706785,-0.01893942,-0.02760891,-0.00463153,0.0001412276,0.0007897930,0.0003006604,0.0002155845,0.0001928620,0.0007863941,2249.46766445,2250.92706469,2249.82633193,2249.63493420,2249.58381751,2250.91941387
eth4h:row13737:1704614400,2024-01-07 08:00:00,2237.04000000,0.00265360,0.02279235,-0.00817255,-0.01997552,-0.02721463,-0.00484245,0.0001977703,0.0007360261,0.0002791488,0.0001954086,0.0002005399,0.0007822869,2237.48246379,2238.68712589,2237.66455412,2237.47717949,2237.48866074,2238.79069175
eth4h:row13738:1704628800,2024-01-07 12:00:00,2230.83000000,0.00442693,0.01914305,-0.00932952,-0.01786726,-0.02728460,-0.00635847,0.0002323020,0.0006649640,0.0002566194,0.0002364624,0.0001991773,0.0007527656,2231.34828650,2232.31391488,2231.40254772,2231.35756977,2231.27437487,2232.50992439
eth4h:row13739:1704643200,2024-01-07 16:00:00,2248.60000000,0.00554512,0.01591814,-0.01025876,-0.01632613,-0.02727816,-0.00784912,0.0002540765,0.0006021658,0.0002385244,0.0002664727,0.0001993026,0.0007237384,2249.17138902,2249.95443783,2249.13640990,2249.19927040,2249.04819652,2250.22798722
eth4h:row13740:1704657600,2024-01-07 20:00:00,2221.42000000,0.00412069,0.01688660,-0.01037403,-0.01603669,-0.02891580,-0.00828328,0.0002263388,0.0006210244,0.0002362798,0.0002721089,0.0001674132,0.0007152841,2221.92285038,2222.79998452,2221.94493867,2222.02455050,2221.79192607,2223.00951475
eth4h:row13741:1704672000,2024-01-08 00:00:00,2190.87000000,0.00272569,0.01789541,-0.00994405,-0.01571327,-0.02996323,-0.00865345,0.0001991741,0.0006406688,0.0002446526,0.0002784067,0.0001470167,0.0007080759,2191.30640806,2192.27407174,2191.40606759,2191.48003791,2191.19211810,2192.42185152
eth4h:row13742:1704686400,2024-01-08 04:00:00,2224.08000000,0.00487652,0.01402173,-0.01075588,-0.01346127,-0.02863837,-0.01008953,0.0002410570,0.0005652373,0.0002288439,0.0003222596,0.0001728155,0.0006801114,2224.61619459,2225.33748836,2224.58902549,2224.79684653,2224.46438872,2225.59313658
eth4h:row13743:1704700800,2024-01-08 08:00:00,2240.61000000,0.00243402,0.01820565,-0.00994735,-0.01462474,-0.03100235,-0.00950074,0.0001934944,0.0006467101,0.0002445883,0.0002996035,0.0001267821,0.0006915768,2241.04358737,2242.05949372,2241.15809405,2241.28139524,2240.89408726,2242.16008977
eth4h:row13744:1704715200,2024-01-08 12:00:00,2269.59000000,0.00055110,0.02221844,-0.00843094,-0.01639236,-0.03234211,-0.00784188,0.0001568288,0.0007248506,0.0002741173,0.0002651829,0.0001006931,0.0007238794,2269.94596488,2271.23570996,2270.21221905,2270.19193632,2269.81854366,2271.23350428
eth4h:row13745:1704729600,2024-01-08 16:00:00,2354.56000000,-0.00106961,0.02446274,-0.00741063,-0.01705065,-0.03336293,-0.00677555,0.0001252689,0.0007685533,0.0002939856,0.0002523642,0.0000808149,0.0007446438,2354.85497169,2356.37030050,2355.25230857,2355.15428158,2354.75029122,2356.31396156
eth4h:row13746:1704744000,2024-01-08 20:00:00,2330.44000000,-0.00267221,0.02724988,-0.00590171,-0.01884181,-0.03425805,-0.00536299,0.0000940617,0.0008228269,0.0003233685,0.0002174851,0.0000633845,0.0007721505,2330.65921536,2332.35833789,2331.19371268,2330.94689114,2330.58771849,2332.24014521
eth4h:row13747:1704758400,2024-01-09 00:00:00,2309.13000000,-0.00388134,0.02967716,-0.00478912,-0.02035823,-0.03480835,-0.00488264,0.0000705166,0.0008700930,0.0003450339,0.0001879562,0.0000526686,0.0007815042,2309.29283765,2311.14003207,2309.92686550,2309.56405605,2309.25162188,2310.93530004
eth4h:row13748:1704772800,2024-01-09 04:00:00,2306.05000000,-0.00539696,0.03336648,-0.00305523,-0.02368267,-0.03526206,-0.00337857,0.0000410030,0.0009419345,0.0003787975,0.0001232200,0.0000438336,0.0008107928,2306.14455693,2308.22317132,2306.92369146,2306.33416901,2306.15108464,2307.92048702
eth4h:row13749:1704787200,2024-01-09 08:00:00,2298.76000000,-0.00457127,0.03264300,-0.00300308,-0.02387464,-0.03405333,-0.00334366,0.0000570815,0.0009278462,0.0003798131,0.0001194818,0.0000673708,0.0008114726,2298.89122042,2300.89388562,2299.63326498,2299.03467634,2298.91487461,2300.62613772
eth4h:row13750:1704801600,2024-01-09 12:00:00,2257.18000000,-0.00198437,0.02820111,-0.00334584,-0.01940564,-0.03029726,-0.00410599,0.0001074558,0.0008413501,0.0003731387,0.0002065057,0.0001405123,0.0007966279,2257.42256014,2259.07987769,2258.02239826,2257.64616877,2257.49718377,2258.97884889
eth4h:row13751:1704816000,2024-01-09 16:00:00,2270.91000000,-0.00029570,0.02528463,-0.00354570,-0.01748162,-0.02740649,-0.00437998,0.0001403391,0.0007845578,0.0003692466,0.0002439719,0.0001968037,0.0007912925,2271.22871981,2272.69235932,2271.74868070,2271.46410591,2271.35696745,2272.70766529
eth4h:row13752:1704830400,2024-01-09 20:00:00,2344.29000000,-0.00039712,0.02535848,-0.00260722,-0.01811914,-0.02572108,-0.00348761,0.0001383642,0.0007859959,0.0003875216,0.0002315577,0.0002296234,0.0008086694,2344.61438827,2346.13332667,2345.19863894,2344.83290122,2344.82836570,2346.18652230
eth4h:row13753:1704844800,2024-01-10 00:00:00,2361.51000000,0.00208576,0.02239642,-0.00301279,-0.01601070,-0.02336181,-0.00412162,0.0001867129,0.0007283163,0.0003796241,0.0002726150,0.0002755651,0.0007963235,2361.95096545,2363.23055277,2362.40665618,2362.15387080,2362.16083948,2363.39127480
eth4h:row13754:1704859200,2024-01-10 04:00:00,2368.75000000,0.00408711,0.01939342,-0.00399360,-0.01402106,-0.02290116,-0.00479927,0.0002256847,0.0006698394,0.0003605248,0.0003113588,0.0002845354,0.0007831277,2369.28465105,2370.33721353,2369.60414699,2369.48764602,2369.42408908,2370.60576018
eth4h:row13755:1704873600,2024-01-10 08:00:00,2402.21000000,0.00336090,0.02015579,-0.00378344,-0.01404584,-0.02316676,-0.00432753,0.0002115434,0.0006846849,0.0003646173,0.0003108763,0.0002793634,0.0007923138,2402.71822542,2403.85532020,2403.08604701,2402.95690617,2402.88118336,2404.11405831
eth4h:row13756:1704888000,2024-01-10 12:00:00,2449.30000000,0.00237735,0.02335585,-0.00278274,-0.01532293,-0.02363322,-0.00292061,0.0001923909,0.0007469991,0.0003841037,0.0002860077,0.0002702800,0.0008197106,2449.77126827,2451.13030838,2450.24096581,2450.00061888,2449.96208630,2451.30854021
eth4h:row13757:1704902400,2024-01-10 16:00:00,2477.90000000,0.00166696,0.02453852,-0.00259109,-0.01544946,-0.02390311,-0.00262002,0.0001785577,0.0007700291,0.0003878357,0.0002835439,0.0002650245,0.0008255640,2478.34248760,2479.80878999,2478.86120436,2478.60269304,2478.55679121,2479.94650965
eth4h:row13758:1704916800,2024-01-10 20:00:00,2584.38000000,0.00048518,0.02501623,-0.00275003,-0.01685153,-0.02422650,-0.00268112,0.0001555451,0.0007793313,0.0003847407,0.0002562417,0.0002587273,0.0008243740,2584.78201878,2586.39487333,2585.37450754,2585.04231075,2585.04873607,2586.51137410
eth4h:row13759:1704931200,2024-01-11 00:00:00,2613.01000000,0.00101571,0.02481649,-0.00356561,-0.01837335,-0.02440826,-0.00333776,0.0001658759,0.0007754419,0.0003688590,0.0002266074,0.0002551878,0.0008115875,2613.44347133,2615.03702331,2613.97400995,2613.60219455,2613.67689335,2615.13154696
eth4h:row13760:1704945600,2024-01-11 04:00:00,2589.15000000,0.00112237,0.02480567,-0.00423185,-0.01932592,-0.02357922,-0.00450127,0.0001679529,0.0007752313,0.0003558854,0.0002080581,0.0002713316,0.0007889306,2589.58489182,2591.15796823,2590.07160470,2589.68874979,2589.85261347,2591.19346557
eth4h:row13761:1704960000,2024-01-11 08:00:00,2657.90000000,0.00204252,0.02387402,-0.00564481,-0.01996426,-0.02346514,-0.00552357,0.0001858708,0.0007570894,0.0003283711,0.0001956279,0.0002735531,0.0007690236,2658.39407189,2659.91302978,2658.77292089,2658.42001034,2658.62717625,2659.94477398
eth4h:row13762:1704974400,2024-01-11 12:00:00,2613.19000000,0.00321978,0.02261636,-0.00631932,-0.01930451,-0.02528105,-0.00614617,0.0002087955,0.0007325992,0.0003152365,0.0002084751,0.0002381921,0.0007568997,2613.73567930,2615.10512234,2614.01390276,2613.73484188,2613.81251530,2615.16867137
eth4h:row13763:1704988800,2024-01-11 16:00:00,2622.07000000,0.00132956,0.02509872,-0.00535867,-0.02011622,-0.02700789,-0.00549753,0.0001719874,0.0007809377,0.0003339431,0.0001926688,0.0002045657,0.0007695305,2622.52100183,2624.11847307,2622.94576830,2622.57523975,2622.60644040,2624.08853948
eth4h:row13764:1705003200,2024-01-11 20:00:00,2618.01000000,0.00290300,0.02253277,-0.00621610,-0.01839238,-0.02707908,-0.00605359,0.0002026268,0.0007309714,0.0003172465,0.0002262369,0.0002031793,0.0007587025,2618.54053281,2619.92438994,2618.84068629,2618.60235741,2618.54197937,2619.99704437
eth4h:row13765:1705017600,2024-01-12 00:00:00,2589.81000000,0.00449389,0.01796175,-0.00767666,-0.01602253,-0.02724353,-0.00802639,0.0002336060,0.0006419606,0.0002888051,0.0002723846,0.0001999770,0.0007202864,2590.41506590,2591.47308978,2590.55805840,2590.51552045,2590.32795413,2591.67607695
eth4h:row13766:1705032000,2024-01-12 04:00:00,2595.73000000,0.00381055,0.01717500,-0.00760425,-0.01518708,-0.02668602,-0.00917139,0.0002202995,0.0006266403,0.0002902152,0.0002886532,0.0002108333,0.0006979901,2596.30190102,2597.35709884,2596.48342960,2596.47937386,2596.27732404,2597.54242620
eth4h:row13767:1705046400,2024-01-12 08:00:00,2647.59000000,0.00251067,0.01913718,-0.00761505,-0.01565669,-0.02799509,-0.00898756,0.0001949870,0.0006648496,0.0002900050,0.0002795085,0.0001853421,0.0007015697,2648.10629595,2649.35083453,2648.35792558,2648.33012738,2648.08075525,2649.44812070
eth4h:row13768:1705060800,2024-01-12 12:00:00,2647.02000000,0.00744414,0.01265422,-0.01041659,-0.01422806,-0.02478717,-0.01120082,0.0002910558,0.0005386080,0.0002354511,0.0003073281,0.0002478094,0.0006584714,2647.79054264,2648.44609022,2647.64331707,2647.83362863,2647.67603774,2648.76356086
eth4h:row13769:1705075200,2024-01-12 16:00:00,2584.43000000,-0.00240880,0.02749357,-0.00595333,-0.02060619,-0.03190468,-0.00731466,0.0000991910,0.0008275723,0.0003223633,0.0001831278,0.0001092113,0.0007341460,2584.68636480,2586.56968800,2585.26325976,2584.90332429,2584.71226441,2586.32804559
eth4h:row13770:1705089600,2024-01-12 20:00:00,2522.54000000,-0.00357457,0.02918036,-0.00526548,-0.02109719,-0.03256769,-0.00642688,0.0000764903,0.0008604188,0.0003357576,0.0001735665,0.0000963006,0.0007514335,2522.73295710,2524.71137474,2523.38710424,2522.97786635,2522.78293377,2524.43623337
eth4h:row13771:1705104000,2024-01-13 00:00:00,2548.53000000,-0.00359026,0.02873946,-0.00594614,-0.02094905,-0.03305588,-0.00699360,0.0000761847,0.0008518333,0.0003225033,0.0001764513,0.0000867941,0.0007403978,2548.72416640,2550.70184753,2549.35204197,2548.97973115,2548.75120697,2550.41762475
eth4h:row13772:1705118400,2024-01-13 04:00:00,2550.99000000,-0.00511123,0.03063697,-0.00553277,-0.02225853,-0.03503013,-0.00695613,0.0000465670,0.0008887833,0.0003305527,0.0001509519,0.0000483498,0.0007411276,2551.10879466,2553.25828504,2551.83337611,2551.37510595,2551.11334272,2552.88130983
eth4h:row13773:1705132800,2024-01-13 08:00:00,2542.50000000,-0.00711507,0.03315098,-0.00522703,-0.02494789,-0.03602693,-0.00657639,0.0000075466,0.0009377381,0.0003365064,0.0000985824,0.0000289393,0.0007485221,2542.51918742,2544.88531725,2543.35571150,2542.75065819,2542.57357913,2544.40382983
eth4h:row13774:1705147200,2024-01-13 12:00:00,2563.83000000,-0.00353424,0.02687950,-0.00816005,-0.02087082,-0.03447852,-0.00937826,0.0000772754,0.0008156145,0.0002793922,0.0001779747,0.0000590912,0.0006939618,2564.02812876,2565.92194994,2564.54641422,2564.28633747,2563.98150424,2565.60981759
eth4h:row13775:1705161600,2024-01-13 16:00:00,2571.91000000,0.00085291,0.02020738,-0.01039312,-0.01619190,-0.03242100,-0.01175055,0.0001627058,0.0006856895,0.0002359081,0.0002690866,0.0000991570,0.0006477666,2572.32849876,2573.67413643,2572.51680594,2572.60215952,2572.16503551,2573.57653720
eth4h:row13776:1705176000,2024-01-13 20:00:00,2578.19000000,-0.00504626,0.02952976,-0.00761614,-0.02297014,-0.03687552,-0.00935381,0.0000478321,0.0008672226,0.0002899838,0.0001370950,0.0000124148,0.0006944378,2578.31332322,2580.42683445,2578.93774169,2578.54348111,2578.22200785,2579.98101446
eth4h:row13777:1705190400,2024-01-14 00:00:00,2550.99000000,-0.00210731,0.02589304,-0.00903565,-0.02079497,-0.03584129,-0.01042085,0.0001050619,0.0007964054,0.0002623418,0.0001794517,0.0000325542,0.0006736596,2551.25802600,2553.02243140,2551.65931911,2551.44782044,2551.07304672,2552.70907795
eth4h:row13778:1705204800,2024-01-14 04:00:00,2550.83000000,0.00626385,0.01273976,-0.01268573,-0.01361015,-0.03012923,-0.01359456,0.0002680722,0.0005402736,0.0001912643,0.0003193605,0.0001437842,0.0006118585,2551.51389821,2552.20851842,2551.31792938,2551.64476440,2551.19679543,2552.39122460
eth4h:row13779:1705219200,2024-01-14 08:00:00,2538.00000000,0.00755742,0.01027317,-0.01324431,-0.01259890,-0.02848203,-0.01433036,0.0002932617,0.0004922421,0.0001803872,0.0003390524,0.0001758599,0.0005975303,2538.74440722,2539.24961795,2538.45786404,2538.86066099,2538.44637180,2539.51698508
eth4h:row13780:1705233600,2024-01-14 12:00:00,2537.68000000,0.00639653,0.01063985,-0.01321720,-0.01210971,-0.02945114,-0.01460953,0.0002706558,0.0004993825,0.0001809152,0.0003485784,0.0001569886,0.0005920940,2538.36693084,2538.94758957,2538.13914634,2538.56473453,2538.07841807,2539.18299003
eth4h:row13781:1705248000,2024-01-14 16:00:00,2501.00000000,0.01101658,0.00590581,-0.01429517,-0.01457189,-0.02238427,-0.01441364,0.0003606212,0.0004071974,0.0001599240,0.0003006328,0.0002946007,0.0005959086,2501.90207635,2502.01860795,2501.40000188,2501.75199556,2501.73690495,2502.49081144
eth4h:row13782:1705262400,2024-01-14 20:00:00,2472.87000000,0.00494660,0.01119668,-0.01367657,-0.01052837,-0.02923546,-0.01509124,0.0002424216,0.0005102255,0.0001719699,0.0003793716,0.0001611885,0.0005827139,2473.46954982,2474.13204336,2473.29529571,2473.80831453,2473.26863028,2474.31139562
eth4h:row13783:1705276800,2024-01-15 00:00:00,2503.32000000,-0.00258705,0.02320767,-0.01047676,-0.01667647,-0.03584731,-0.01234359,0.0000957200,0.0007441136,0.0002342792,0.0002596506,0.0000324369,0.0006362184,2503.55962918,2505.18344780,2503.90654458,2503.97007289,2503.40120137,2504.91316497
eth4h:row13784:1705291200,2024-01-15 04:00:00,2513.29000000,0.00939398,0.00785676,-0.01539702,-0.01159177,-0.02638126,-0.01552850,0.0003290246,0.0004451879,0.0001384678,0.0003586640,0.0002167678,0.0005741991,2514.11707019,2514.40913534,2513.63803386,2514.19158837,2513.83485945,2514.73354315
eth4h:row13785:1705305600,2024-01-15 08:00:00,2539.35000000,0.00061476,0.01887415,-0.01199108,-0.01345099,-0.03468452,-0.01252107,0.0001580684,0.0006597276,0.0002047912,0.0003224598,0.0000550799,0.0006327623,2539.75142259,2541.02583200,2539.87008980,2540.16897025,2539.48987102,2540.95731353
eth4h:row13786:1705320000,2024-01-15 12:00:00,2514.49000000,0.00310801,0.01474864,-0.01364003,-0.01162010,-0.03310008,-0.01409047,0.0002066190,0.0005793923,0.0001726814,0.0003581124,0.0000859335,0.0006022016,2515.00959498,2515.94729824,2514.92424306,2515.39063133,2514.70608812,2516.00468585
eth4h:row13787:1705334400,2024-01-15 16:00:00,2534.70000000,-0.00094350,0.02009518,-0.01202452,-0.01467287,-0.03559814,-0.01294053,0.0001277246,0.0006835045,0.0002041401,0.0002986663,0.0000372891,0.0006245943,2535.02376427,2536.43307116,2535.21748665,2535.45714251,2534.79451853,2536.28365360
eth4h:row13788:1705348800,2024-01-15 20:00:00,2511.78000000,-0.00684541,0.02927963,-0.00904638,-0.02185507,-0.03964985,-0.01033560,0.0000127975,0.0008623519,0.0002621329,0.0001588085,-0.0000416093,0.0006753197,2511.81214477,2513.94697235,2512.43850644,2512.17892375,2511.67548885,2513.47682735
eth4h:row13789:1705363200,2024-01-16 00:00:00,2537.60000000,-0.00362599,0.02392397,-0.01120404,-0.01811957,-0.03800703,-0.01258190,0.0000754889,0.0007580620,0.0002201170,0.0002315493,-0.0000096188,0.0006315779,2537.79156782,2539.52438750,2538.15863039,2538.18764746,2537.57559137,2539.20319825
eth4h:row13790:1705377600,2024-01-16 04:00:00,2528.26000000,0.00699417,0.01013563,-0.01536143,-0.01217544,-0.03071062,-0.01600235,0.0002822936,0.0004895638,0.0001391609,0.0003472984,0.0001324630,0.0005649719,2528.97381235,2529.49804770,2528.61185936,2529.13821323,2528.59492312,2529.68879934
eth4h:row13791:1705392000,2024-01-16 08:00:00,2530.77000000,0.00653544,0.01230935,-0.01416337,-0.01318590,-0.03143067,-0.01438041,0.0002733608,0.0005318924,0.0001624905,0.0003276219,0.0001184416,0.0005965556,2531.46190782,2532.11645532,2531.18125956,2531.59927140,2531.06976609,2532.28019550
eth4h:row13792:1705406400,2024-01-16 12:00:00,2559.44000000,-0.00213209,0.02558172,-0.00939615,-0.01949817,-0.03780649,-0.01069457,0.0001045794,0.0007903432,0.0002553219,0.0002047041,-0.0000057138,0.0006683294,2559.70767863,2561.46363558,2560.09356456,2559.96398148,2559.42537603,2561.15112070
eth4h:row13793:1705420800,2024-01-16 16:00:00,2574.06000000,0.00002964,0.02248738,-0.00950107,-0.01698239,-0.03606460,-0.01111693,0.0001466743,0.0007300875,0.0002532787,0.0002536934,0.0000282057,0.0006601049,2574.43757621,2575.93997525,2574.71203714,2574.71310497,2574.13260423,2575.75971047
eth4h:row13794:1705435200,2024-01-16 20:00:00,2587.40000000,0.00428107,0.01556421,-0.01113060,-0.01264955,-0.03212313,-0.01292548,0.0002294619,0.0005952738,0.0002215471,0.0003380662,0.0001049575,0.0006248873,2587.99377772,2588.94066983,2587.97329446,2588.27486026,2587.67158117,2589.01733876
eth4h:row13795:1705449600,2024-01-17 00:00:00,2571.43000000,-0.00012103,0.02159707,-0.00877202,-0.01537722,-0.03379989,-0.01114355,0.0001437404,0.0007127506,0.0002674755,0.0002849506,0.0000723060,0.0006595866,2571.79964504,2573.26344149,2572.11788640,2572.16283501,2571.61593658,2573.12664032
eth4h:row13796:1705464000,2024-01-17 04:00:00,2552.52000000,-0.00010116,0.02170265,-0.00822042,-0.01485128,-0.03255311,-0.01106444,0.0001441272,0.0007148067,0.0002782166,0.0002951921,0.0000965844,0.0006611271,2552.88791416,2554.34521063,2553.23025223,2553.27359498,2552.76654543,2554.20809818
eth4h:row13797:1705478400,2024-01-17 08:00:00,2542.85000000,0.00295567,0.01690886,-0.00897076,-0.01161544,-0.02867428,-0.01175116,0.0002036526,0.0006214579,0.0002636053,0.0003582032,0.0001721162,0.0006477547,2543.36791067,2544.43076543,2543.52039720,2543.76102025,2543.28770335,2544.49767673
eth4h:row13798:1705492800,2024-01-17 12:00:00,2539.46000000,0.00225203,0.01915885,-0.00778327,-0.01279303,-0.02790857,-0.00989555,0.0001899506,0.0006652715,0.0002867293,0.0003352721,0.0001870268,0.0006838886,2539.94241764,2541.14999256,2540.18824188,2540.31155292,2539.93499142,2541.19730181
eth4h:row13799:1705507200,2024-01-17 16:00:00,2533.29000000,0.00260881,0.01950837,-0.00707306,-0.01303736,-0.02701951,-0.00832414,0.0001968980,0.0006720777,0.0003005590,0.0003305143,0.0002043393,0.0007144886,2533.78884895,2534.99314003,2534.05151742,2534.12742683,2533.80770372,2535.10065353
eth4h:row13800:1705521600,2024-01-17 20:00:00,2530.19000000,0.00374436,0.01807339,-0.00711996,-0.01213350,-0.02528072,-0.00800951,0.0002190106,0.0006441346,0.0002996458,0.0003481150,0.0002381985,0.0007206152,2530.74419906,2531.82030781,2530.94827439,2531.07095033,2530.79275916,2532.01395043
eth4h:row13801:1705536000,2024-01-18 00:00:00,2529.94000000,0.00473243,0.01699907,-0.00786735,-0.01134841,-0.02470494,-0.00849786,0.0002382510,0.0006232146,0.0002850918,0.0003634030,0.0002494106,0.0007111057,2530.54283264,2531.51718697,2530.66136807,2530.85955497,2530.57107243,2531.73969445
eth4h:row13802:1705550400,2024-01-18 04:00:00,2538.99000000,0.00192539,0.02067135,-0.00705425,-0.01362784,-0.02687947,-0.00727323,0.0001835901,0.0006947242,0.0003009253,0.0003190161,0.0002070663,0.0007349527,2539.45617614,2540.75451057,2539.75416127,2539.80010779,2539.51579382,2540.85672337
eth4h:row13803:1705564800,2024-01-18 08:00:00,2522.41000000,0.00073396,0.02260981,-0.00722418,-0.01519240,-0.02791155,-0.00706627,0.0001603894,0.0007324715,0.0002976164,0.0002885496,0.0001869687,0.0007389828,2522.81460028,2524.25827034,2523.16082220,2523.13794538,2522.88165590,2524.27470654
eth4h:row13804:1705579200,2024-01-18 12:00:00,2525.64000000,-0.00015259,0.02410690,-0.00725574,-0.01630447,-0.02840278,-0.00649545,0.0001431259,0.0007616241,0.0002970018,0.0002668943,0.0001774031,0.0007500983,2526.00151028,2527.56432106,2526.39023098,2526.31416897,2526.08809601,2527.53518890
eth4h:row13805:1705593600,2024-01-18 16:00:00,2439.50000000,-0.00087999,0.02574823,-0.00720623,-0.01834100,-0.02917544,-0.00627830,0.0001289613,0.0007935855,0.0002979657,0.0002272374,0.0001623573,0.0007543267,2439.81462142,2441.43672030,2440.22699568,2440.05440857,2439.89610272,2441.34087432
eth4h:row13806:1705608000,2024-01-18 20:00:00,2470.81000000,0.00304039,0.01916105,-0.00953391,-0.01538109,-0.02684272,-0.00835660,0.0002053022,0.0006653145,0.0002526392,0.0002848752,0.0002077819,0.0007138564,2471.31731474,2472.45441265,2471.43430224,2471.51397273,2471.32344294,2472.57443334
eth4h:row13807:1705622400,2024-01-19 00:00:00,2460.40000000,0.00432289,0.01733471,-0.00994655,-0.01555933,-0.02674828,-0.00879276,0.0002302761,0.0006297503,0.0002446040,0.0002814045,0.0002096210,0.0007053631,2460.96663646,2461.94992573,2461.00189725,2461.09246503,2460.91580553,2462.13608755
eth4h:row13808:1705636800,2024-01-19 04:00:00,2465.51000000,0.00428316,0.01717082,-0.01078016,-0.01521807,-0.02792395,-0.00965858,0.0002295025,0.0006265591,0.0002283713,0.0002880496,0.0001867273,0.0006885032,2466.07590558,2467.05527173,2466.07311593,2466.22029153,2465.97042105,2467.20809595
eth4h:row13809:1705651200,2024-01-19 08:00:00,2488.97000000,0.00244534,0.02025897,-0.00965946,-0.01678280,-0.02979473,-0.00857062,0.0001937149,0.0006866941,0.0002501944,0.0002575799,0.0001502979,0.0007096888,2489.45219728,2490.67974788,2489.59280416,2489.61119133,2489.34411507,2490.73702098
eth4h:row13810:1705665600,2024-01-19 12:00:00,2462.98000000,0.00106721,0.02236605,-0.00959228,-0.01763582,-0.03224216,-0.00898797,0.0001668787,0.0007277250,0.0002515027,0.0002409693,0.0001026396,0.0007015619,2463.39105324,2464.77302437,2463.59952409,2463.57357404,2463.23281223,2464.70853916
eth4h:row13811:1705680000,2024-01-19 16:00:00,2493.37000000,-0.00099400,0.02583335,-0.00769611,-0.01940176,-0.03353239,-0.00765627,0.0001267412,0.0007952430,0.0002884264,0.0002065815,0.0000775151,0.0007274938,2493.68603284,2495.35362361,2494.08925758,2493.88513728,2493.56328134,2495.18457107
eth4h:row13812:1705694400,2024-01-19 20:00:00,2492.00000000,-0.00101420,0.02568249,-0.00779401,-0.01948556,-0.03429515,-0.00830095,0.0001263478,0.0007923053,0.0002865200,0.0002049496,0.0000626620,0.0007149401,2492.31487854,2493.97520723,2492.71411025,2492.51078669,2492.15615859,2493.78226770
eth4h:row13813:1705708800,2024-01-20 00:00:00,2481.22000000,-0.00229380,0.02726627,-0.00709395,-0.02010469,-0.03460652,-0.00811954,0.0001014305,0.0008231461,0.0003001523,0.0001928934,0.0000565986,0.0007184726,2481.47168408,2483.26324741,2481.96485562,2481.69865710,2481.36043767,2483.00332910
eth4h:row13814:1705723200,2024-01-20 04:00:00,2478.47000000,-0.00309511,0.02775706,-0.00664342,-0.02014760,-0.03426731,-0.00841585,0.0000858267,0.0008327031,0.0003089252,0.0001920577,0.0000632040,0.0007127026,2478.68272801,2480.53468911,2479.23578016,2478.94605498,2478.62665424,2480.23704161
eth4h:row13815:1705737600,2024-01-20 08:00:00,2470.59000000,-0.00375019,0.02833826,-0.00587737,-0.01989546,-0.03356297,-0.00776383,0.0000730703,0.0008440208,0.0003238425,0.0001969676,0.0000769197,0.0007253993,2470.77053343,2472.67610955,2471.39021151,2471.07667420,2470.78004432,2472.38281449
eth4h:row13816:1705752000,2024-01-20 12:00:00,2463.83000000,-0.00297646,0.02653030,-0.00561748,-0.01790432,-0.03156517,-0.00757708,0.0000881370,0.0008088147,0.0003289033,0.0002357407,0.0001158225,0.0007290359,2464.04716418,2465.82358807,2464.64049504,2464.41089359,2464.11538348,2465.62687532
eth4h:row13817:1705766400,2024-01-20 16:00:00,2461.52000000,-0.00268996,0.02674601,-0.00513825,-0.01782989,-0.03090257,-0.00680193,0.0000937161,0.0008130152,0.0003382352,0.0002371901,0.0001287251,0.0007441302,2461.75069479,2463.52206688,2462.35271359,2462.10391751,2461.83687973,2463.35237316
eth4h:row13818:1705780800,2024-01-20 20:00:00,2472.01000000,-0.00171472,0.02613408,-0.00467015,-0.01681357,-0.02966026,-0.00584300,0.0001127067,0.0008010991,0.0003473504,0.0002569807,0.0001529164,0.0007628033,2472.28862776,2473.99111853,2472.86880284,2472.64534061,2472.38803970,2473.89637670
eth4h:row13819:1705795200,2024-01-21 00:00:00,2475.42000000,-0.00203258,0.02620811,-0.00471674,-0.01633602,-0.02940590,-0.00564620,0.0001065171,0.0008025407,0.0003464432,0.0002662800,0.0001578695,0.0007666355,2475.68368865,2477.40742269,2476.27774101,2476.07924273,2475.81082426,2477.31847253
eth4h:row13820:1705809600,2024-01-21 04:00:00,2476.06000000,-0.00141890,0.02617405,-0.00489729,-0.01568459,-0.02942089,-0.00526969,0.0001184671,0.0008018774,0.0003429274,0.0002789653,0.0001575776,0.0007739673,2476.35334903,2478.04629277,2476.90925439,2476.75083123,2476.45020240,2477.97713138
eth4h:row13821:1705824000,2024-01-21 08:00:00,2473.65000000,-0.00267477,0.02784614,-0.00471722,-0.01744699,-0.03021036,-0.00454262,0.0000940118,0.0008344377,0.0003464339,0.0002446463,0.0001422045,0.0007881255,2473.88256310,2475.71496824,2474.50710472,2474.25524333,2474.00178925,2475.60031510
eth4h:row13822:1705838400,2024-01-21 12:00:00,2468.01000000,-0.00204793,0.02699853,-0.00555967,-0.01728278,-0.02928774,-0.00509362,0.0001062182,0.0008179324,0.0003300290,0.0002478439,0.0001601706,0.0007773958,2468.27216161,2470.02949106,2468.82464926,2468.62175713,2468.40533422,2469.92936662
eth4h:row13823:1705852800,2024-01-21 16:00:00,2474.26000000,-0.00195098,0.02622009,-0.00643906,-0.01715986,-0.02945344,-0.00563811,0.0001081061,0.0008027740,0.0003129047,0.0002502375,0.0001569439,0.0007667931,2474.52749700,2476.24706907,2475.03432878,2474.87923020,2474.64835049,2476.15797304
eth4h:row13824:1705867200,2024-01-21 20:00:00,2457.05000000,-0.00114884,0.02436865,-0.00750171,-0.01711595,-0.02869863,-0.00646992,0.0001237261,0.0007667212,0.0002922120,0.0002510927,0.0001716421,0.0007505953,2457.35402004,2458.93459474,2457.76808436,2457.66702468,2457.47176934,2458.89494257
eth4h:row13825:1705881600,2024-01-22 00:00:00,2437.56000000,0.00084315,0.02230579,-0.00880178,-0.01656393,-0.02811960,-0.00738038,0.0001625158,0.0007265515,0.0002668960,0.0002618419,0.0001829174,0.0007328661,2437.95617409,2439.33165646,2438.21066181,2438.19833899,2438.00591295,2439.34705978
eth4h:row13826:1705896000,2024-01-22 04:00:00,2420.80000000,0.00033683,0.02317850,-0.00861302,-0.01781612,-0.02936677,-0.00685561,0.0001526561,0.0007435455,0.0002705715,0.0002374582,0.0001586315,0.0007430849,2421.16957819,2422.60064429,2421.45508822,2421.37490719,2421.18404564,2422.59952848
eth4h:row13827:1705910400,2024-01-22 08:00:00,2381.34000000,0.00036041,0.02334142,-0.00901762,-0.01794299,-0.03039123,-0.00735052,0.0001531155,0.0007467182,0.0002626929,0.0002349878,0.0001386825,0.0007334476,2381.70464792,2383.11885398,2381.96564330,2381.89965151,2381.67027302,2383.08722870
eth4h:row13828:1705924800,2024-01-22 12:00:00,2379.61000000,-0.00246057,0.02840517,-0.00688211,-0.02014126,-0.03275097,-0.00511110,0.0000981829,0.0008453236,0.0003042773,0.0001921813,0.0000927315,0.0007770555,2379.84364851,2381.62239103,2380.33417149,2380.06736053,2379.83067508,2381.45980754
eth4h:row13829:1705939200,2024-01-22 16:00:00,2321.87000000,-0.00112000,0.02472264,-0.00850601,-0.01759696,-0.03269748,-0.00728870,0.0001242876,0.0007736144,0.0002726554,0.0002417260,0.0000937732,0.0007346515,2322.15859754,2323.66692714,2322.50315668,2322.43132428,2322.08773944,2323.57639194
eth4h:row13830:1705953600,2024-01-22 20:00:00,2314.20000000,-0.00283347,0.02639861,-0.00760382,-0.01811230,-0.03346062,-0.00648910,0.0000909215,0.0008062502,0.0002902236,0.0002316909,0.0000789126,0.0007502219,2314.41042001,2316.06657659,2314.87173294,2314.73624114,2314.38262665,2315.93681490
eth4h:row13831:1705968000,2024-01-23 00:00:00,2339.16000000,-0.00363718,0.02674151,-0.00761020,-0.01795230,-0.03405998,-0.00680400,0.0000752710,0.0008129276,0.0002900993,0.0002348064,0.0000672414,0.0007440899,2339.33607746,2341.06234074,2339.83868704,2339.70931424,2339.31729374,2340.90119308
eth4h:row13832:1705982400,2024-01-23 04:00:00,2323.49000000,-0.00372353,0.02639485,-0.00790814,-0.01714274,-0.03406004,-0.00760267,0.0000735894,0.0008061771,0.0002842976,0.0002505709,0.0000672403,0.0007285375,2323.66099062,2325.36389964,2324.15065665,2324.07227202,2323.64623734,2325.18336634
eth4h:row13833:1705996800,2024-01-23 08:00:00,2218.14000000,-0.00421232,0.02802856,-0.00690672,-0.01836235,-0.03427324,-0.00640274,0.0000640714,0.0008379899,0.0003037981,0.0002268216,0.0000630885,0.0007519036,2218.28212380,2219.99955803,2218.81396908,2218.64317905,2218.27994363,2219.80845453
eth4h:row13834:1706011200,2024-01-23 12:00:00,2219.39000000,-0.00473522,0.02948115,-0.00648308,-0.01982166,-0.03492049,-0.00558249,0.0000538891,0.0008662761,0.0003120476,0.0001984048,0.0000504848,0.0007678763,2219.50960410,2221.31343748,2220.08266332,2219.83038140,2219.50204831,2221.09487142
eth4h:row13835:1706025600,2024-01-23 16:00:00,2185.70000000,-0.00391461,0.02971242,-0.00578720,-0.01995797,-0.03436644,-0.00478936,0.0000698686,0.0008707795,0.0003255983,0.0001957504,0.0000612738,0.0007833208,2185.85271718,2187.60409164,2186.41177600,2186.12789349,2185.83393032,2187.41277492
eth4h:row13836:1706040000,2024-01-23 20:00:00,2242.60000000,-0.00401290,0.03048453,-0.00530884,-0.02015023,-0.03450812,-0.00414965,0.0000679547,0.0008858148,0.0003349134,0.0001920066,0.0000585149,0.0007957777,2242.75240033,2244.58740845,2243.35120254,2243.03063542,2242.73122939,2244.38532126
eth4h:row13837:1706054400,2024-01-24 00:00:00,2213.45000000,-0.00374651,0.02908520,-0.00541168,-0.01910272,-0.03399272,-0.00426519,0.0000731420,0.0008585657,0.0003329108,0.0002124046,0.0000685512,0.0007935279,2213.61190209,2215.35120838,2214.18700405,2213.92019683,2213.60173995,2215.20713130
eth4h:row13838:1706068800,2024-01-24 04:00:00,2234.51000000,-0.00522807,0.03062091,-0.00459886,-0.02058111,-0.03418372,-0.00378117,0.0000442918,0.0008884704,0.0003487387,0.0001836161,0.0000648319,0.0008029529,2234.60897260,2236.49617830,2235.28939606,2234.92032977,2234.65487216,2236.30492690
eth4h:row13839:1706083200,2024-01-24 08:00:00,2244.16000000,-0.00514397,0.03073011,-0.00386082,-0.02057372,-0.03271578,-0.00354134,0.0000459295,0.0008905968,0.0003631104,0.0001837601,0.0000934169,0.0008076232,2244.26307547,2246.15953197,2244.97502591,2244.57242488,2244.36965225,2245.97316775
eth4h:row13840:1706097600,2024-01-24 12:00:00,2234.88000000,-0.00446010,0.03160245,-0.00340858,-0.02135846,-0.03191180,-0.00338615,0.0000592464,0.0009075838,0.0003719168,0.0001684790,0.0001090726,0.0008106451,2235.01241262,2236.90926163,2235.71134390,2235.25656196,2235.12377750,2236.69242915
eth4h:row13841:1706112000,2024-01-24 16:00:00,2213.13000000,-0.00332323,0.03079895,-0.00312811,-0.02113922,-0.03118912,-0.00267501,0.0000813845,0.0008919374,0.0003773783,0.0001727482,0.0001231451,0.0008244931,2213.31012184,2215.10485396,2213.96534484,2213.51234723,2213.40255299,2214.95546290
eth4h:row13842:1706126400,2024-01-24 20:00:00,2235.02000000,-0.00108700,0.02802268,-0.00321052,-0.01926897,-0.02911792,-0.00281375,0.0001249303,0.0008378756,0.0003757737,0.0002091672,0.0001634773,0.0008217914,2235.29923917,2236.89345350,2235.86001948,2235.48754170,2235.38540495,2236.85747505
eth4h:row13843:1706140800,2024-01-25 00:00:00,2216.88000000,0.00066362,0.02609546,-0.00324121,-0.01802718,-0.02767597,-0.00266963,0.0001590198,0.0008003470,0.0003751761,0.0002333483,0.0001915563,0.0008245979,2217.23255587,2218.65498353,2217.71187636,2217.39736557,2217.30469799,2218.70878843
eth4h:row13844:1706155200,2024-01-25 04:00:00,2227.64000000,0.00097962,0.02465598,-0.00269746,-0.01686981,-0.02598039,-0.00267487,0.0001651731,0.0007723162,0.0003857643,0.0002558857,0.0002245739,0.0008244957,2228.00797662,2229.36110706,2228.49950975,2228.21009405,2228.14032602,2229.47743705
eth4h:row13845:1706169600,2024-01-25 08:00:00,2231.59000000,0.00025165,0.02518270,-0.00189784,-0.01686351,-0.02523548,-0.00236808,0.0001509975,0.0007825731,0.0004013353,0.0002560084,0.0002390794,0.0008304699,2231.92699004,2233.33706579,2232.48579555,2232.16137891,2232.12359101,2233.44403798
eth4h:row13846:1706184000,2024-01-25 12:00:00,2188.00000000,-0.00027201,0.02601618,-0.00150869,-0.01688408,-0.02441377,-0.00244789,0.0001408005,0.0007988033,0.0004089132,0.0002556077,0.0002550804,0.0008289157,2188.30809309,2189.74847996,2188.89488496,2188.55934107,2188.55818718,2189.81441948
eth4h:row13847:1706198400,2024-01-25 16:00:00,2218.21000000,-0.00010912,0.02624256,-0.00188792,-0.01739838,-0.02358661,-0.00275636,0.0001439723,0.0008032116,0.0004015284,0.0002455928,0.0002711877,0.0008229089,2218.52938375,2219.99240767,2219.10085313,2218.75484335,2218.81163274,2220.03613613
eth4h:row13848:1706212800,2024-01-25 20:00:00,2218.64000000,0.00071831,0.02571628,-0.00235684,-0.01720722,-0.02304522,-0.00263560,0.0001600847,0.0007929634,0.0003923971,0.0002493154,0.0002817300,0.0008252605,2218.99519881,2220.39999807,2219.51075873,2219.19321004,2219.26514558,2220.47171161
eth4h:row13849:1706227200,2024-01-26 00:00:00,2223.42000000,-0.00068466,0.02790467,-0.00200545,-0.01813942,-0.02389715,-0.00185410,0.0001327648,0.0008355775,0.0003992398,0.0002311628,0.0002651406,0.0008404785,2223.71521159,2225.27861608,2224.30785506,2223.93403133,2224.00959697,2225.28952218
eth4h:row13850:1706241600,2024-01-26 04:00:00,2197.47000000,-0.00133918,0.02938394,-0.00171360,-0.01933679,-0.02395923,-0.00103107,0.0001200195,0.0008643830,0.0004049229,0.0002078466,0.0002639317,0.0008565053,2197.73375508,2199.37027694,2198.35998615,2197.92678417,2198.05005857,2199.35295100
eth4h:row13851:1706256000,2024-01-26 08:00:00,2254.02000000,-0.00097139,0.02769191,-0.00260022,-0.01882057,-0.02445463,-0.00181078,0.0001271814,0.0008314345,0.0003876579,0.0002178989,0.0002542848,0.0008413221,2254.30668771,2255.89484921,2254.89395812,2254.51120199,2254.59323589,2255.91715487
eth4h:row13852:1706270400,2024-01-26 12:00:00,2257.90000000,-0.00137541,0.02790228,-0.00256534,-0.01973399,-0.02500094,-0.00172421,0.0001193141,0.0008355311,0.0003883371,0.0002001119,0.0002436467,0.0008430079,2258.16941539,2259.78733392,2258.77699654,2258.35187786,2258.45019681,2259.80422999
eth4h:row13853:1706284800,2024-01-26 16:00:00,2258.51000000,-0.00084588,0.02668858,-0.00364211,-0.01837615,-0.02491249,-0.00299303,0.0001296255,0.0008118969,0.0003673694,0.0002265529,0.0002453691,0.0008183004,2258.80277949,2260.34442179,2259.33985986,2259.02172988,2259.06423655,2260.35889591
eth4h:row13854:1706299200,2024-01-26 20:00:00,2267.68000000,-0.00065570,0.02641124,-0.00462977,-0.01795005,-0.02591492,-0.00350990,0.0001333289,0.0008064963,0.0003481368,0.0002348502,0.0002258489,0.0008082354,2267.98236749,2269.50961315,2268.46960022,2268.21262769,2268.19221091,2269.51356023
eth4h:row13855:1706313600,2024-01-27 00:00:00,2274.13000000,-0.00230940,0.03016219,-0.00429707,-0.02158238,-0.02767072,-0.00282156,0.0001011267,0.0008795379,0.0003546155,0.0001641186,0.0001916584,0.0008216393,2274.35998682,2276.13106345,2274.93658474,2274.50325765,2274.56589796,2275.99928246
eth4h:row13856:1706328000,2024-01-27 04:00:00,2258.45000000,-0.00221497,0.03114507,-0.00366547,-0.02257248,-0.02853538,-0.00188651,0.0001029655,0.0008986774,0.0003669144,0.0001448384,0.0001748211,0.0008398475,2258.68255432,2260.48053023,2259.27880988,2258.77713395,2258.84485933,2260.34755031
eth4h:row13857:1706342400,2024-01-27 08:00:00,2265.48000000,-0.00152691,0.02850462,-0.00474626,-0.02092968,-0.02873046,-0.00324978,0.0001163640,0.0008472602,0.0003458684,0.0001768285,0.0001710223,0.0008133006,2265.74363558,2267.40026445,2266.26369342,2265.88063693,2265.86748066,2267.32326575
eth4h:row13858:1706356800,2024-01-27 12:00:00,2270.18000000,-0.00220193,0.02893529,-0.00459644,-0.02102510,-0.02916805,-0.00343714,0.0001032194,0.0008556467,0.0003487857,0.0001749703,0.0001625012,0.0008096522,2270.41433862,2272.12330319,2270.97194449,2270.57724882,2270.54893694,2272.01880051
eth4h:row13859:1706371200,2024-01-27 16:00:00,2272.69000000,-0.00322689,0.02953149,-0.00480719,-0.02097188,-0.03016377,-0.00433203,0.0000832604,0.0008672563,0.0003446819,0.0001760068,0.0001431116,0.0007922262,2272.87923307,2274.66185959,2273.47349009,2273.09004405,2273.01527157,2274.49119785
eth4h:row13860:1706385600,2024-01-27 20:00:00,2267.94000000,-0.00483051,0.03239874,-0.00360403,-0.02289019,-0.03105650,-0.00334791,0.0000520335,0.0009230898,0.0003681109,0.0001386517,0.0001257276,0.0008113897,2268.05801182,2270.03447884,2268.77500714,2268.25447558,2268.22516066,2269.78092995
eth4h:row13861:1706400000,2024-01-28 00:00:00,2287.17000000,-0.00414865,0.03113113,-0.00447517,-0.02152931,-0.03118424,-0.00428381,0.0000653112,0.0008984058,0.0003511473,0.0001651519,0.0001232403,0.0007931651,2287.31938280,2289.22573009,2287.97327451,2287.54776163,2287.45188893,2288.98482315
eth4h:row13862:1706414400,2024-01-28 04:00:00,2282.92000000,-0.00570330,0.03384245,-0.00330443,-0.02318246,-0.03226823,-0.00304340,0.0000350377,0.0009512030,0.0003739449,0.0001329604,0.0001021318,0.0008173194,2282.99998975,2285.09255349,2283.77384589,2283.22355806,2283.15317063,2284.78663762
eth4h:row13863:1706428800,2024-01-28 08:00:00,2281.08000000,-0.00574447,0.03410656,-0.00322663,-0.02342957,-0.03229562,-0.00288340,0.0000342360,0.0009563459,0.0003754600,0.0001281485,0.0001015985,0.0008204351,2281.15809640,2283.26254509,2281.93661509,2281.37233574,2281.31176601,2282.95224607
eth4h:row13864:1706443200,2024-01-28 12:00:00,2270.17000000,-0.00552946,0.03358225,-0.00327370,-0.02297194,-0.03227902,-0.00267607,0.0000384228,0.0009461361,0.0003745434,0.0001370599,0.0001019217,0.0008244725,2270.25722804,2272.31890621,2271.02043634,2270.48117050,2270.40139141,2272.04246457
eth4h:row13865:1706457600,2024-01-28 16:00:00,2253.89000000,-0.00654083,0.03415049,-0.00326736,-0.02322402,-0.03299478,-0.00292537,0.0000187286,0.0009572014,0.0003746668,0.0001321511,0.0000879838,0.0008196179,2253.93221250,2256.04845946,2254.73461602,2254.18787370,2254.08831451,2255.73808577
eth4h:row13866:1706472000,2024-01-28 20:00:00,2256.90000000,-0.00829320,0.03662468,-0.00252447,-0.02486705,-0.03375540,-0.00216558,-0.0000153949,0.0010053808,0.0003891330,0.0001001566,0.0000731725,0.0008344131,2256.86525552,2259.17018504,2257.77840516,2257.12605473,2257.06514896,2258.78397280
eth4h:row13867:1706486400,2024-01-29 00:00:00,2272.11000000,-0.00823432,0.03654642,-0.00295219,-0.02505909,-0.03383297,-0.00243091,-0.0000142484,0.0010038569,0.0003808040,0.0000964172,0.0000716618,0.0008292464,2272.07762619,2274.39201848,2272.97539338,2272.32908104,2272.27282943,2273.99492038
eth4h:row13868:1706500800,2024-01-29 04:00:00,2259.40000000,-0.00917269,0.03830526,-0.00256660,-0.02639113,-0.03442768,-0.00156631,-0.0000325212,0.0010381066,0.0003883125,0.0000704785,0.0000600812,0.0008460826,2259.32652282,2261.74671583,2260.27752374,2259.55924475,2259.53575164,2261.31244803
eth4h:row13869:1706515200,2024-01-29 08:00:00,2264.17000000,-0.00764817,0.03633327,-0.00306157,-0.02498947,-0.03331278,-0.00176846,-0.0000028344,0.0009997063,0.0003786742,0.0000977729,0.0000817916,0.0008421462,2264.16358244,2266.43463686,2265.02754509,2264.39138521,2264.35519768,2266.07756530
eth4h:row13870:1706529600,2024-01-29 12:00:00,2275.80000000,-0.00704470,0.03536765,-0.00350612,-0.02449554,-0.03330476,-0.00212357,0.0000089168,0.0009809029,0.0003700175,0.0001073911,0.0000819477,0.0008352312,2275.82029299,2278.03343394,2276.64224155,2276.04441370,2275.98650426,2277.70161324
eth4h:row13871:1706544000,2024-01-29 16:00:00,2293.46000000,-0.00587887,0.03400836,-0.00374867,-0.02375836,-0.03292397,-0.00216461,0.0000316190,0.0009544337,0.0003652944,0.0001217460,0.0000893627,0.0008344320,2293.53251801,2295.65000055,2294.29794113,2293.73923648,2293.66495886,2295.37453497
eth4h:row13872:1706558400,2024-01-29 20:00:00,2317.60000000,-0.00546303,0.03295637,-0.00418055,-0.02289085,-0.03353957,-0.00281617,0.0000397164,0.0009339485,0.0003568843,0.0001386390,0.0000773753,0.0008217442,2317.69204857,2319.76553006,2318.42726270,2317.92133191,2317.77933182,2319.50525710
eth4h:row13873:1706572800,2024-01-30 00:00:00,2311.40000000,-0.00561312,0.03321559,-0.00416269,-0.02290554,-0.03390194,-0.00269822,0.0000367938,0.0009389962,0.0003572321,0.0001383528,0.0000703189,0.0008240410,2311.48504683,2313.57141520,2312.22585374,2311.71981089,2311.56254093,2313.30547345
eth4h:row13874:1706587200,2024-01-30 04:00:00,2309.29000000,-0.00620563,0.03374866,-0.00413578,-0.02300351,-0.03451610,-0.00302264,0.0000252559,0.0009493767,0.0003577561,0.0001364450,0.0000583594,0.0008177236,2309.34832390,2311.48342714,2310.11631044,2309.60511255,2309.42477268,2311.17913333
eth4h:row13875:1706601600,2024-01-30 08:00:00,2314.01000000,-0.00617883,0.03443254,-0.00327442,-0.02376179,-0.03418533,-0.00204471,0.0000257779,0.0009626937,0.0003745293,0.0001216792,0.0000648005,0.0008367668,2314.06965108,2316.23875540,2314.87682682,2314.29158406,2314.15995394,2315.94709705
eth4h:row13876:1706616000,2024-01-30 12:00:00,2340.91000000,-0.00574119,0.03371734,-0.00329718,-0.02372074,-0.03345225,-0.00212460,0.0000342998,0.0009487668,0.0003740862,0.0001224786,0.0000790756,0.0008352111,2340.99029421,2343.13203153,2341.78586593,2341.19672901,2341.09511626,2342.86597062
eth4h:row13877:1706630400,2024-01-30 16:00:00,2374.93000000,-0.00398301,0.03130070,-0.00390620,-0.02192597,-0.03265832,-0.00272631,0.0000685368,0.0009017079,0.0003622267,0.0001574279,0.0000945358,0.0008234941,2375.09277557,2377.07245896,2375.79041898,2375.30390969,2375.15452648,2376.88654627
eth4h:row13878:1706644800,2024-01-30 20:00:00,2343.01000000,-0.00413328,0.03165091,-0.00340849,-0.02186830,-0.03217787,-0.00238178,0.0000656104,0.0009085274,0.0003719186,0.0001585509,0.0001038914,0.0008302030,2343.16373089,2345.13965615,2343.88157116,2343.38151569,2343.25343118,2344.95598171
eth4h:row13879:1706659200,2024-01-31 00:00:00,2342.91000000,-0.00567351,0.03430138,-0.00212086,-0.02344326,-0.03242809,-0.00141821,0.0000356178,0.0009601396,0.0003969923,0.0001278818,0.0000990189,0.0008489665,2342.99345074,2345.16060095,2343.84030198,2343.20963482,2343.14200380,2344.89989658
eth4h:row13880:1706673600,2024-01-31 04:00:00,2340.84000000,-0.00427300,0.03257925,-0.00232894,-0.02220316,-0.03150553,-0.00199697,0.0000628898,0.0009266049,0.0003929404,0.0001520302,0.0001169838,0.0008376965,2340.98721958,2343.01003904,2341.75999143,2341.19590543,2341.11385627,2342.80173500
eth4h:row13881:1706688000,2024-01-31 08:00:00,2300.18000000,-0.00438161,0.03254152,-0.00182621,-0.02185757,-0.03093664,-0.00150130,0.0000607748,0.0009258702,0.0004027300,0.0001587598,0.0001280617,0.0008473485,2300.31979714,2302.31065430,2301.10653800,2300.54520505,2300.47458393,2302.12988004
eth4h:row13882:1706702400,2024-01-31 12:00:00,2329.42000000,-0.00424950,0.03189851,-0.00183314,-0.02160282,-0.03002045,-0.00123512,0.0000633474,0.0009133489,0.0004025950,0.0001637205,0.0001459024,0.0008525318,2329.56756735,2331.54854502,2330.35800177,2329.80140500,2329.75989284,2331.40675129
eth4h:row13883:1706716800,2024-01-31 16:00:00,2323.38000000,-0.00296271,0.03022651,-0.00203086,-0.02000697,-0.02810706,-0.00128259,0.0000884048,0.0008807903,0.0003987450,0.0001947963,0.0001831617,0.0008516074,2323.58540711,2325.42731203,2324.30662079,2323.83262994,2323.80559328,2325.35945040
eth4h:row13884:1706731200,2024-01-31 20:00:00,2283.14000000,-0.00145541,0.02688519,-0.00270284,-0.01734355,-0.02579279,-0.00249138,0.0001177562,0.0008157254,0.0003856595,0.0002466606,0.0002282271,0.0008280689,2283.40886970,2285.00317499,2284.02068454,2283.70323022,2283.66113396,2285.03138013
eth4h:row13885:1706745600,2024-02-01 00:00:00,2257.21000000,-0.00195394,0.02846590,-0.00209900,-0.01848636,-0.02581824,-0.00170374,0.0001080483,0.0008465064,0.0003974182,0.0002244068,0.0002277315,0.0008434066,2257.45390096,2259.12155159,2258.10723453,2257.71659008,2257.72409642,2259.11454876
eth4h:row13886:1706760000,2024-02-01 04:00:00,2271.96000000,-0.00165908,0.02826295,-0.00258795,-0.01881879,-0.02598945,-0.00171743,0.0001137902,0.0008425543,0.0003878969,0.0002179334,0.0002243975,0.0008431399,2272.21854144,2273.87505627,2272.84145715,2272.45518999,2272.46987934,2273.87638789
eth4h:row13887:1706774400,2024-02-01 08:00:00,2266.66000000,-0.00133185,0.02803991,-0.00355405,-0.01881404,-0.02643512,-0.00237964,0.0001201623,0.0008382110,0.0003690841,0.0002180260,0.0002157192,0.0008302448,2266.93238336,2268.56073594,2267.49674265,2267.15424468,2267.14901472,2268.54266417
eth4h:row13888:1706788800,2024-02-01 12:00:00,2288.88000000,-0.00168441,0.02810124,-0.00388529,-0.01822139,-0.02673669,-0.00229084,0.0001132969,0.0008394054,0.0003626340,0.0002295666,0.0002098467,0.0008319739,2289.13933768,2290.80210477,2289.71017621,2289.40551061,2289.36036440,2290.78508089
eth4h:row13889:1706803200,2024-02-01 16:00:00,2304.79000000,-0.00243883,0.02838523,-0.00409460,-0.01865998,-0.02721388,-0.00248650,0.0000986063,0.0008449354,0.0003585582,0.0002210260,0.0002005544,0.0008281639,2305.01727795,2306.73822159,2305.61654941,2305.29947491,2305.25228213,2306.69953445
eth4h:row13890:1706817600,2024-02-01 20:00:00,2304.28000000,-0.00292967,0.02847261,-0.00403342,-0.01899753,-0.02820657,-0.00250542,0.0000890481,0.0008466369,0.0003597494,0.0002144529,0.0001812240,0.0008277955,2304.48520098,2306.23171465,2305.10911255,2304.77421244,2304.69762866,2306.18826238
eth4h:row13891:1706832000,2024-02-02 00:00:00,2301.66000000,-0.00299256,0.02942962,-0.00421328,-0.01999816,-0.02873508,-0.00271246,0.0000878236,0.0008652727,0.0003562471,0.0001949678,0.0001709323,0.0008237638,2301.86214901,2303.65242540,2302.48010579,2302.10879334,2302.05346170,2303.55680530
eth4h:row13892:1706846400,2024-02-02 04:00:00,2313.73000000,-0.00223880,0.02933408,-0.00565315,-0.02135847,-0.02991776,-0.00387881,0.0001025015,0.0008634121,0.0003282086,0.0001684787,0.0001479023,0.0008010518,2313.96717291,2315.72856521,2314.48951075,2314.11984697,2314.07223122,2315.58416003
eth4h:row13893:1706860800,2024-02-02 08:00:00,2318.36000000,-0.00190717,0.02914492,-0.00583431,-0.02165050,-0.03066746,-0.00381367,0.0001089592,0.0008597287,0.0003246810,0.0001627919,0.0001333033,0.0008023202,2318.61262035,2320.35401775,2319.11284976,2318.73744107,2318.66906573,2320.22081351
eth4h:row13894:1706875200,2024-02-02 12:00:00,2313.99000000,-0.00096081,0.02821837,-0.00596779,-0.02130207,-0.03001885,-0.00384227,0.0001273874,0.0008416861,0.0003220817,0.0001695769,0.0001459338,0.0008017633,2314.28479205,2315.93847309,2314.73541392,2314.38243263,2314.32771393,2315.84601609
eth4h:row13895:1706889600,2024-02-02 16:00:00,2301.41000000,0.00009617,0.02565891,-0.00630300,-0.01965506,-0.02960087,-0.00459429,0.0001479699,0.0007918463,0.0003155542,0.0002016489,0.0001540730,0.0007871192,2301.75056466,2303.23308464,2302.13633430,2301.87412363,2301.76461241,2303.22219712
eth4h:row13896:1706904000,2024-02-02 20:00:00,2309.06000000,-0.00078596,0.02653367,-0.00546412,-0.02048352,-0.03024245,-0.00415303,0.0001307923,0.0008088803,0.0003318897,0.0001855165,0.0001415795,0.0007957118,2309.36202696,2310.92850872,2309.82648039,2309.48840835,2309.38693873,2310.89807748
eth4h:row13897:1706918400,2024-02-03 00:00:00,2321.45000000,-0.00081794,0.02600641,-0.00591142,-0.01968312,-0.03065420,-0.00528907,0.0001301696,0.0007986130,0.0003231794,0.0002011025,0.0001335616,0.0007735898,2321.75220183,2323.30468061,2322.20036612,2321.91689642,2321.76007726,2323.24654492
eth4h:row13898:1706932800,2024-02-03 04:00:00,2314.39000000,-0.00127591,0.02646709,-0.00594697,-0.01901528,-0.03082095,-0.00569704,0.0001212516,0.0008075838,0.0003224872,0.0002141073,0.0001303146,0.0007656456,2314.67064040,2316.25981883,2315.13648158,2314.88558079,2314.69161848,2316.16268109
eth4h:row13899:1706947200,2024-02-03 08:00:00,2303.89000000,-0.00242026,0.02803699,-0.00539867,-0.01943028,-0.03087823,-0.00475455,0.0000989678,0.0008381542,0.0003331641,0.0002060261,0.0001291992,0.0007839986,2304.11802225,2305.82182448,2304.65770133,2304.36471037,2304.18767999,2305.69695475
eth4h:row13900:1706961600,2024-02-03 12:00:00,2303.64000000,-0.00270613,0.02724407,-0.00506589,-0.01766929,-0.03012637,-0.00421462,0.0000934012,0.0008227138,0.0003396443,0.0002403176,0.0001438399,0.0007945125,2303.85517287,2305.53601615,2304.42255103,2304.19367168,2303.97137922,2305.47099814
eth4h:row13901:1706976000,2024-02-03 16:00:00,2303.46000000,-0.00565898,0.03233746,-0.00295994,-0.02092765,-0.03138170,-0.00191668,0.0000359007,0.0009218966,0.0003806531,0.0001768680,0.0001193950,0.0008392599,2303.54269730,2305.58453117,2304.33698617,2303.86744438,2303.73503814,2305.39401309
eth4h:row13902:1706990400,2024-02-03 20:00:00,2296.49000000,-0.00421330,0.02984149,-0.00398777,-0.01896353,-0.03086741,-0.00272508,0.0000640522,0.0008732929,0.0003606384,0.0002151150,0.0001294099,0.0008235182,2296.63709996,2298.49638443,2297.31835175,2296.98406265,2296.78720770,2298.38198015
eth4h:row13903:1707004800,2024-02-04 00:00:00,2302.96000000,-0.00417890,0.02904776,-0.00466237,-0.01820850,-0.03132758,-0.00307203,0.0000647222,0.0008578368,0.0003475019,0.0002298175,0.0001204489,0.0008167619,2303.10905747,2304.93641153,2303.76042200,2303.48932144,2303.23740579,2304.84173832
eth4h:row13904:1707019200,2024-02-04 04:00:00,2290.78000000,-0.00507110,0.03125466,-0.00462667,-0.01995469,-0.03207172,-0.00238707,0.0000473484,0.0009008113,0.0003481971,0.0001958142,0.0001059585,0.0008301002,2290.88846734,2292.84449021,2291.57778189,2291.22861122,2291.02274055,2292.68236636
eth4h:row13905:1707033600,2024-02-04 08:00:00,2305.62000000,-0.00470558,0.03050623,-0.00531929,-0.01912056,-0.03198401,-0.00276823,0.0000544662,0.0008862373,0.0003347100,0.0002120572,0.0001076665,0.0008226778,2305.74558183,2307.66423219,2306.39184317,2306.10897526,2305.86825131,2307.51756289
eth4h:row13906:1707048000,2024-02-04 12:00:00,2301.68000000,-0.00551511,0.03258724,-0.00469423,-0.02131201,-0.03237940,-0.00168133,0.0000387023,0.0009267604,0.0003468815,0.0001693834,0.0000999671,0.0008438428,2301.76908196,2303.81409469,2302.47854871,2302.06989941,2301.91010388,2303.62307586
eth4h:row13907:1707062400,2024-02-04 16:00:00,2279.65000000,-0.00476982,0.03221325,-0.00490830,-0.02222482,-0.03259901,-0.00188343,0.0000532153,0.0009194778,0.0003427130,0.0001516083,0.0000956906,0.0008399074,2279.77131550,2281.74705150,2280.43139947,2279.99564006,2279.86815163,2281.56549926
eth4h:row13908:1707076800,2024-02-04 20:00:00,2289.79000000,-0.00326331,0.02975715,-0.00570498,-0.02141350,-0.03201861,-0.00296256,0.0000825513,0.0008716506,0.0003271994,0.0001674071,0.0001069927,0.0008188936,2289.97903289,2291.78676689,2290.53934053,2290.17335912,2290.03500390,2291.66586235
eth4h:row13909:1707091200,2024-02-05 00:00:00,2296.27000000,-0.00159468,0.02647982,-0.00713358,-0.01954314,-0.03146196,-0.00468632,0.0001150443,0.0008078316,0.0002993806,0.0002038284,0.0001178322,0.0007853271,2296.53418793,2298.12574899,2296.95756156,2296.73809267,2296.54059050,2298.07403140
eth4h:row13910:1707105600,2024-02-05 04:00:00,2310.17000000,-0.00221586,0.02708150,-0.00696468,-0.01956652,-0.03205366,-0.00457278,0.0001029481,0.0008195480,0.0003026695,0.0002033731,0.0001063102,0.0007875382,2310.40783974,2312.06407129,2310.86932379,2310.63987420,2310.41560773,2311.99006373
eth4h:row13911:1707120000,2024-02-05 08:00:00,2329.62000000,-0.00355127,0.02859596,-0.00596419,-0.01980653,-0.03262962,-0.00397030,0.0000769438,0.0008490390,0.0003221519,0.0001986994,0.0000950946,0.0007992701,2329.79925667,2331.59877803,2330.37061250,2330.08293999,2329.84154492,2331.48274000
eth4h:row13912:1707134400,2024-02-05 12:00:00,2298.71000000,-0.00305705,0.02805588,-0.00557270,-0.01922494,-0.03226043,-0.00361837,0.0000865678,0.0008385221,0.0003297752,0.0002100246,0.0001022838,0.0008061232,2298.90900284,2300.63832751,2299.46818263,2299.19283638,2298.94513292,2300.56379048
eth4h:row13913:1707148800,2024-02-05 16:00:00,2304.48000000,-0.00249444,0.02712489,-0.00551796,-0.01879736,-0.03212369,-0.00368658,0.0000975234,0.0008203930,0.0003308412,0.0002183507,0.0001049464,0.0008047949,2304.70475160,2306.37135496,2305.24254298,2304.98323974,2304.72185963,2306.33538031
eth4h:row13914:1707163200,2024-02-05 20:00:00,2301.83000000,-0.00229500,0.02762271,-0.00481954,-0.01926824,-0.03241689,-0.00318136,0.0001014070,0.0008300869,0.0003444413,0.0002091814,0.0000992371,0.0008146331,2302.06343344,2303.74151223,2302.62298196,2302.31155035,2302.05843823,2303.70591083
eth4h:row13915:1707177600,2024-02-06 00:00:00,2316.85000000,0.00020663,0.02378011,-0.00564506,-0.01631023,-0.03078977,-0.00401326,0.0001501209,0.0007552607,0.0003283662,0.0002667823,0.0001309216,0.0007984336,2317.19783381,2318.60048680,2317.61090010,2317.46817710,2317.15334566,2318.70058952
eth4h:row13916:1707192000,2024-02-06 04:00:00,2327.16000000,0.00037418,0.02272669,-0.00582930,-0.01481784,-0.02978794,-0.00450813,0.0001533836,0.0007347476,0.0003247785,0.0002958432,0.0001504302,0.0007887971,2327.51697553,2328.87050356,2327.91593438,2327.84857642,2327.51010150,2328.99638123
eth4h:row13917:1707206400,2024-02-06 08:00:00,2325.49000000,-0.00176600,0.02650345,-0.00407736,-0.01684226,-0.03047840,-0.00254264,0.0001117082,0.0008082918,0.0003588937,0.0002564222,0.0001369850,0.0008270707,2325.74979086,2327.37043443,2326.32475356,2326.08638366,2325.80857905,2327.41414019
eth4h:row13918:1707220800,2024-02-06 12:00:00,2343.74000000,-0.00101765,0.02467567,-0.00383946,-0.01587310,-0.02809797,-0.00256891,0.0001262807,0.0007726998,0.0003635264,0.0002752944,0.0001833387,0.0008265591,2344.03598792,2345.55170737,2344.59216626,2344.38530733,2344.16973772,2345.67804051
eth4h:row13919:1707235200,2024-02-06 16:00:00,2379.12000000,0.00068460,0.02266345,-0.00419154,-0.01544834,-0.02546553,-0.00305600,0.0001594284,0.0007335161,0.0003566703,0.0002835657,0.0002345998,0.0008170741,2379.49932946,2380.86576310,2379.96871283,2379.79473240,2379.67820655,2381.06471173
eth4h:row13920:1707249600,2024-02-06 20:00:00,2372.64000000,0.00288366,0.02019442,-0.00462478,-0.01522813,-0.02396480,-0.00304169,0.0002022502,0.0006854371,0.0003482340,0.0002878538,0.0002638232,0.0008173528,2373.11991542,2374.26685286,2373.46637774,2373.32307166,2373.26604004,2374.58007674
eth4h:row13921:1707264000,2024-02-07 00:00:00,2364.75000000,0.00553791,0.01694582,-0.00517331,-0.01502560,-0.02138177,-0.00363901,0.0002539361,0.0006221775,0.0003375526,0.0002917977,0.0003141221,0.0008057213,2365.35057156,2366.22175214,2365.54836226,2365.44012935,2365.49293683,2366.65609720
eth4h:row13922:1707278400,2024-02-07 04:00:00,2362.92000000,0.00753887,0.01488567,-0.00549990,-0.01486757,-0.01937051,-0.00391461,0.0002929004,0.0005820607,0.0003311928,0.0002948750,0.0003532872,0.0008003546,2363.61220157,2364.29576314,2363.70271181,2363.61686867,2363.75493684,2364.81193097
eth4h:row13923:1707292800,2024-02-07 08:00:00,2361.66000000,0.00756998,0.01475091,-0.00513277,-0.01440395,-0.01918615,-0.00370893,0.0002935063,0.0005794364,0.0003383420,0.0003039030,0.0003568771,0.0008043598,2362.35326374,2363.02882828,2362.45918397,2362.37782451,2362.50297289,2363.56038861
eth4h:row13924:1707307200,2024-02-07 12:00:00,2369.66000000,0.00755331,0.01416660,-0.00507539,-0.01423262,-0.01852308,-0.00389346,0.0002931816,0.0005680583,0.0003394593,0.0003072393,0.0003697890,0.0008007664,2370.35484248,2371.00648749,2370.46453967,2370.38816454,2370.53643633,2371.55830401
eth4h:row13925:1707321600,2024-02-07 16:00:00,2419.96000000,0.00709935,0.01411019,-0.00511722,-0.01390442,-0.01821471,-0.00409872,0.0002843416,0.0005669597,0.0003386448,0.0003136302,0.0003757938,0.0007967693,2420.64819314,2421.33240893,2420.77964564,2420.71909169,2420.86957679,2421.88891823
eth4h:row13926:1707336000,2024-02-07 20:00:00,2425.10000000,0.00640008,0.01493467,-0.00544171,-0.01443064,-0.01838408,-0.00463352,0.0002707249,0.0005830147,0.0003323261,0.0003033833,0.0003724957,0.0007863553,2425.75662381,2426.51428128,2425.90605795,2425.83584636,2426.00350764,2427.00774031
eth4h:row13927:1707350400,2024-02-08 00:00:00,2433.48000000,0.00611725,0.01658342,-0.00531110,-0.01553437,-0.01802538,-0.00438790,0.0002652175,0.0006151207,0.0003348693,0.0002818905,0.0003794806,0.0007911382,2434.12548708,2434.97734430,2434.29503414,2434.16607164,2434.40363380,2435.40598068
eth4h:row13928:1707364800,2024-02-08 04:00:00,2421.21000000,0.00799586,0.01448072,-0.00619477,-0.01589322,-0.01792024,-0.00507007,0.0003017993,0.0005741751,0.0003176617,0.0002749027,0.0003815281,0.0007778544,2421.94082967,2422.60059759,2421.97924795,2421.87568861,2422.13393582,2423.09408160
eth4h:row13929:1707379200,2024-02-08 08:00:00,2425.30000000,0.00739288,0.01579864,-0.00651438,-0.01595975,-0.01953469,-0.00506924,0.0002900576,0.0005998387,0.0003114381,0.0002736071,0.0003500901,0.0007778707,2426.00357878,2426.75522515,2426.05544839,2425.96367004,2426.14922220,2427.18730371
eth4h:row13930:1707393600,2024-02-08 12:00:00,2453.88000000,0.00738885,0.01572446,-0.00660639,-0.01574313,-0.02068470,-0.00482372,0.0002899790,0.0005983942,0.0003096464,0.0002778253,0.0003276961,0.0007826516,2454.59167681,2455.34882703,2454.63995283,2454.56184454,2454.68425872,2455.80128494
eth4h:row13931:1707408000,2024-02-08 16:00:00,2421.53000000,0.00900526,0.01264114,-0.00754619,-0.01592925,-0.01987586,-0.00580308,0.0003214552,0.0005383533,0.0002913458,0.0002742011,0.0003434464,0.0007635806,2422.30853863,2422.83398953,2422.23560545,2422.19407712,2422.36180867,2423.37973954
eth4h:row13932:1707422400,2024-02-08 20:00:00,2419.55000000,0.00922845,0.01097942,-0.00781258,-0.01583337,-0.01876686,-0.00680747,0.0003258014,0.0005059949,0.0002861585,0.0002760680,0.0003650419,0.0007440224,2420.33842114,2420.77458972,2420.24247386,2420.21805252,2420.43339833,2421.35086937
eth4h:row13933:1707436800,2024-02-09 00:00:00,2448.67000000,0.00908355,0.01151637,-0.00772462,-0.01640086,-0.01850889,-0.00724611,0.0003229798,0.0005164508,0.0002878714,0.0002650175,0.0003700653,0.0007354808,2449.46099863,2449.93494419,2449.37500343,2449.31902647,2449.57633543,2450.47161215
eth4h:row13934:1707451200,2024-02-09 04:00:00,2453.61000000,0.00795634,0.01409785,-0.00782012,-0.01647575,-0.02062188,-0.00703155,0.0003010297,0.0005667195,0.0002860115,0.0002635591,0.0003289195,0.0007396589,2454.34872076,2455.00090270,2454.31186111,2454.25675658,2454.41717283,2455.42550582
eth4h:row13935:1707465600,2024-02-09 08:00:00,2503.20000000,0.00500815,0.01869205,-0.00704824,-0.01672566,-0.02397601,-0.00564988,0.0002436200,0.0006561817,0.0003010422,0.0002586927,0.0002636050,0.0007665640,2503.80990391,2504.84309316,2503.95368234,2503.84764343,2503.85994298,2505.11959865
eth4h:row13936:1707480000,2024-02-09 12:00:00,2495.33000000,0.00667052,0.01608468,-0.00798621,-0.01550555,-0.02405737,-0.00646405,0.0002759911,0.0006054087,0.0002827775,0.0002824517,0.0002620207,0.0007507097,2496.01878404,2496.84115198,2496.03572286,2496.03490976,2495.98391370,2497.20397164
eth4h:row13937:1707494400,2024-02-09 16:00:00,2485.96000000,0.00642219,0.01671953,-0.00762355,-0.01544638,-0.02443148,-0.00630823,0.0002711555,0.0006177711,0.0002898394,0.0002836040,0.0002547357,0.0007537439,2486.63417312,2487.49622860,2486.68063364,2486.66512809,2486.59334346,2487.83448364
eth4h:row13938:1707508800,2024-02-09 20:00:00,2486.56000000,0.00656174,0.01655541,-0.00747878,-0.01553462,-0.02444456,-0.00661517,0.0002738729,0.0006145751,0.0002926585,0.0002818856,0.0002544809,0.0007477671,2487.24109472,2488.08864766,2487.28781954,2487.26102423,2487.19286267,2488.42006303
eth4h:row13939:1707523200,2024-02-10 00:00:00,2512.21000000,0.00642374,0.01621241,-0.00751501,-0.01569254,-0.02482072,-0.00705516,0.0002711857,0.0006078961,0.0002919530,0.0002788104,0.0002471559,0.0007391991,2512.89136775,2513.73762683,2512.94355434,2512.91052785,2512.83098438,2514.06770997
eth4h:row13940:1707537600,2024-02-10 04:00:00,2495.21000000,0.00513177,0.01766399,-0.00726533,-0.01683689,-0.02481554,-0.00698926,0.0002460272,0.0006361625,0.0002968149,0.0002565266,0.0002472569,0.0007404824,2495.82396517,2496.79786399,2495.95072546,2495.85016993,2495.82703424,2497.05834333
eth4h:row13941:1707552000,2024-02-10 08:00:00,2483.10000000,0.00736582,0.01482008,-0.00799874,-0.01630334,-0.02209962,-0.00778525,0.0002895307,0.0005807833,0.0002825333,0.0002669164,0.0003001435,0.0007249822,2483.81903770,2484.54256200,2483.80165751,2483.76286854,2483.84539821,2484.90085604
eth4h:row13942:1707566400,2024-02-10 12:00:00,2490.45000000,0.00911540,0.01308680,-0.00822960,-0.01687392,-0.02007953,-0.00768256,0.0003235999,0.0005470316,0.0002780379,0.0002558056,0.0003394804,0.0007269819,2491.25603971,2491.81272753,2491.14253565,2491.08715247,2491.29560253,2492.26117034
eth4h:row13943:1707580800,2024-02-10 16:00:00,2497.51000000,0.00650883,0.01668302,-0.00698455,-0.01607652,-0.02219603,-0.00664818,0.0002728425,0.0006170601,0.0003022825,0.0002713333,0.0002982661,0.0007471242,2498.19151993,2499.05158945,2498.26506780,2498.18774963,2498.25503374,2499.37664738
eth4h:row13944:1707595200,2024-02-10 20:00:00,2500.24000000,0.00730237,0.01507274,-0.00739226,-0.01500804,-0.02250666,-0.00698883,0.0002882951,0.0005857034,0.0002943433,0.0002921395,0.0002922173,0.0007404908,2500.96091095,2501.70482809,2500.97603712,2500.97052567,2500.97072010,2502.09209039
eth4h:row13945:1707609600,2024-02-11 00:00:00,2529.02000000,0.00713442,0.01428143,-0.00827329,-0.01412878,-0.02342750,-0.00759260,0.0002850247,0.0005702944,0.0002771871,0.0003092612,0.0002742861,0.0007287336,2529.74093579,2530.46269718,2529.72110885,2529.80224869,2529.71377009,2530.86365365
eth4h:row13946:1707624000,2024-02-11 04:00:00,2527.52000000,0.00715281,0.01346869,-0.00904895,-0.01353096,-0.02378915,-0.00828120,0.0002853827,0.0005544680,0.0002620828,0.0003209024,0.0002672437,0.0007153245,2528.24141347,2528.92181760,2528.18250640,2528.33121748,2528.19555404,2529.32864391
eth4h:row13947:1707638400,2024-02-11 08:00:00,2531.28000000,0.00704525,0.01310913,-0.00922893,-0.01290813,-0.02348117,-0.00836479,0.0002832883,0.0005474663,0.0002585782,0.0003330309,0.0002732409,0.0007136969,2531.99718357,2532.66616982,2531.93461841,2532.12313478,2531.97174369,2533.08721139
eth4h:row13948:1707652800,2024-02-11 12:00:00,2508.94000000,0.01109011,0.00955058,-0.00988985,-0.01737015,-0.01844970,-0.00820414,0.0003620532,0.0004781713,0.0002457081,0.0002461427,0.0003712178,0.0007168252,2509.84853425,2510.13998989,2509.55654255,2509.55763324,2509.87153614,2510.73911605
eth4h:row13949:1707667200,2024-02-11 16:00:00,2507.73000000,0.00956324,0.01122806,-0.00995271,-0.01668189,-0.02099196,-0.00805291,0.0003323206,0.0005108366,0.0002444840,0.0002595450,0.0003217129,0.0007197701,2508.56350877,2509.01136760,2508.34317481,2508.38095316,2508.53689876,2509.53563873
eth4h:row13950:1707681600,2024-02-11 20:00:00,2507.21000000,0.01172864,0.00904191,-0.01055022,-0.01940375,-0.01979602,-0.00844373,0.0003744872,0.0004682661,0.0002328488,0.0002065426,0.0003450012,0.0007121597,2508.14909388,2508.38431636,2507.79386893,2507.72789915,2508.07513957,2508.99616983
eth4h:row13951:1707696000,2024-02-12 00:00:00,2500.12000000,0.01065224,0.00953174,-0.01127134,-0.01670387,-0.02175237,-0.00954742,0.0003535266,0.0004778045,0.0002188066,0.0002591170,0.0003069056,0.0006906677,2501.00401525,2501.31485400,2500.66710262,2500.76790744,2500.88741855,2501.84734851
eth4h:row13952:1707710400,2024-02-12 04:00:00,2501.71000000,0.01309331,0.00674254,-0.01213464,-0.01824380,-0.01990915,-0.01059518,0.0004010611,0.0004234909,0.0002019957,0.0002291301,0.0003427982,0.0006702648,2502.71353971,2502.76967569,2502.21538577,2502.28328284,2502.56772868,2503.38737025
eth4h:row13953:1707724800,2024-02-12 08:00:00,2488.16000000,0.01207802,0.00901202,-0.01134388,-0.02009603,-0.02057672,-0.00919689,0.0003812905,0.0004676840,0.0002173939,0.0001930620,0.0003297987,0.0006974936,2489.10889260,2489.32394482,2488.70096966,2488.64041546,2488.98072720,2489.89608102
eth4h:row13954:1707739200,2024-02-12 12:00:00,2557.87000000,0.00208615,0.02042139,-0.00887697,-0.01652746,-0.02968971,-0.00768787,0.0001867204,0.0006898569,0.0002654317,0.0002625523,0.0001523430,0.0007268785,2558.34765111,2559.63517303,2558.54902979,2558.54166272,2558.25970327,2559.72993649
eth4h:row13955:1707753600,2024-02-12 16:00:00,2610.25000000,0.00424999,0.01638422,-0.01036049,-0.01464667,-0.02897371,-0.00945796,0.0002288566,0.0006112417,0.0002365434,0.0002991764,0.0001662856,0.0006924098,2610.84744120,2611.84598135,2610.86751046,2611.03104204,2610.68408299,2612.05798866
eth4h:row13956:1707768000,2024-02-12 20:00:00,2659.99000000,0.00645411,0.01316807,-0.01131316,-0.01412478,-0.02756066,-0.01035437,0.0002717770,0.0005486142,0.0002179922,0.0003093392,0.0001938016,0.0006749542,2660.71302245,2661.44970858,2660.56992041,2660.81296658,2660.50556030,2661.78597749
eth4h:row13957:1707782400,2024-02-13 00:00:00,2640.47000000,0.00705662,0.01335458,-0.01103668,-0.01470170,-0.02749474,-0.01034087,0.0002835097,0.0005522459,0.0002233760,0.0002981048,0.0001950853,0.0006752171,2641.21870496,2641.92859148,2641.05988357,2641.25725416,2640.98516717,2642.25349256
eth4h:row13958:1707796800,2024-02-13 04:00:00,2648.64000000,0.01251572,0.01044042,-0.01074381,-0.02064672,-0.02157179,-0.00908421,0.0003898139,0.0004954989,0.0002290790,0.0001823385,0.0003104218,0.0006996877,2649.67267787,2649.95272350,2649.24681726,2649.12299316,2649.46232333,2650.49386929
eth4h:row13959:1707811200,2024-02-13 08:00:00,2681.75000000,0.00954750,0.01335255,-0.00970540,-0.01685993,-0.02554549,-0.00913269,0.0003320142,0.0005522065,0.0002492999,0.0002560780,0.0002330428,0.0006987436,2682.64052680,2683.23128860,2682.41864339,2682.43682521,2682.37503525,2683.62451055
eth4h:row13960:1707825600,2024-02-13 12:00:00,2630.99000000,0.00686403,0.01618946,-0.00852046,-0.01595373,-0.02788968,-0.00860943,0.0002797593,0.0006074492,0.0002723739,0.0002737243,0.0001873947,0.0007089330,2631.72614681,2632.58867828,2631.70671067,2631.71026449,2631.48307979,2632.85585699
eth4h:row13961:1707840000,2024-02-13 16:00:00,2611.42000000,0.00692920,0.01545677,-0.00780552,-0.01507967,-0.02623887,-0.00864691,0.0002810285,0.0005931816,0.0002862959,0.0002907447,0.0002195407,0.0007082032,2612.15398648,2612.96950593,2612.16774585,2612.17936692,2611.99337583,2613.27007116
eth4h:row13962:1707854400,2024-02-13 20:00:00,2639.99000000,0.00977445,0.01132057,-0.00810200,-0.01510892,-0.02148155,-0.00957766,0.0003364334,0.0005126380,0.0002805226,0.0002901751,0.0003121791,0.0006900789,2640.87833028,2641.34370612,2640.73068065,2640.75617053,2640.81427835,2641.81243020
eth4h:row13963:1707868800,2024-02-14 00:00:00,2636.88000000,0.00463493,0.01771311,-0.00571604,-0.01390624,-0.02404482,-0.00830168,0.0002363525,0.0006371189,0.0003269840,0.0003135948,0.0002622650,0.0007149259,2637.50330675,2638.56054130,2637.74235845,2637.70704166,2637.57165201,2638.76584774
eth4h:row13964:1707883200,2024-02-14 04:00:00,2653.05000000,0.00399533,0.01879180,-0.00502049,-0.01472307,-0.02410180,-0.00767011,0.0002238976,0.0006581241,0.0003405283,0.0002976887,0.0002611554,0.0007272243,2653.64407801,2654.79661089,2653.95359238,2653.83990061,2653.74294879,2654.98006423
eth4h:row13965:1707897600,2024-02-14 08:00:00,2755.87000000,0.00667235,0.01548780,-0.00573250,-0.01327885,-0.02169661,-0.00780902,0.0002760268,0.0005937858,0.0003266635,0.0003258118,0.0003079914,0.0007245194,2756.63079908,2757.50688233,2756.77038912,2756.76804122,2756.71891497,2757.86740474
eth4h:row13966:1707912000,2024-02-14 12:00:00,2749.40000000,0.01012564,0.01187087,-0.00657745,-0.01250083,-0.01912213,-0.00804450,0.0003432721,0.0005233539,0.0003102099,0.0003409620,0.0003581237,0.0007199339,2750.34395430,2750.83928579,2750.25302350,2750.33760086,2750.38480165,2751.38009886
eth4h:row13967:1707926400,2024-02-14 16:00:00,2761.80000000,0.01268111,0.00884221,-0.00718440,-0.01308298,-0.01680724,-0.00799507,0.0003930344,0.0004643773,0.0002983908,0.0003296260,0.0004032013,0.0007208964,2762.88569587,2763.08281496,2762.62421872,2762.71051127,2762.91378586,2763.79168936
eth4h:row13968:1707940800,2024-02-14 20:00:00,2774.81000000,0.01777059,0.00340406,-0.00709557,-0.01980513,-0.00995923,-0.00803653,0.0004921410,0.0003584811,0.0003001207,0.0001987266,0.0005365514,0.0007200891,2776.17593387,2775.80489515,2775.64290277,2775.36148345,2776.29922780,2776.80883004
eth4h:row13969:1707955200,2024-02-15 00:00:00,2801.39000000,0.01659305,0.00470719,-0.00788412,-0.01881677,-0.01219777,-0.00857068,0.0004692111,0.0003838568,0.0002847654,0.0002179729,0.0004929607,0.0007096876,2802.70475161,2802.46553909,2802.18785254,2802.00069364,2802.77131555,2803.37881739
eth4h:row13970:1707969600,2024-02-15 04:00:00,2772.33000000,0.01659541,0.00534711,-0.00863783,-0.02044290,-0.01212798,-0.00929019,0.0004692569,0.0003963178,0.0002700884,0.0001863074,0.0004943198,0.0006956767,2773.63124030,2773.42894147,2773.07887535,2772.84655385,2773.70075645,2774.25931640
eth4h:row13971:1707984000,2024-02-15 08:00:00,2793.21000000,0.01209591,0.01024947,-0.00894089,-0.01699115,-0.01671500,-0.00935404,0.0003816390,0.0004917807,0.0002641871,0.0002535228,0.0004049974,0.0006944333,2794.27620122,2794.58398465,2793.94802761,2793.91823224,2794.34147198,2795.15037177
eth4h:row13972:1707998400,2024-02-15 12:00:00,2826.27000000,0.01237570,0.00994421,-0.00937662,-0.01711669,-0.01603047,-0.01007686,0.0003870872,0.0004858363,0.0002557022,0.0002510782,0.0004183272,0.0006803580,2827.36422459,2827.64343828,2826.99277581,2826.97970374,2827.45255285,2828.19352970
eth4h:row13973:1708012800,2024-02-15 16:00:00,2834.13000000,0.01086535,0.01174722,-0.00898951,-0.01678408,-0.01823307,-0.00969030,0.0003576763,0.0005209461,0.0002632403,0.0002575550,0.0003754363,0.0006878854,2835.14388250,2835.60681355,2834.87615546,2834.86003833,2835.19423500,2836.08022734
eth4h:row13974:1708027200,2024-02-15 20:00:00,2822.59000000,0.01148781,0.01061780,-0.00933142,-0.01664781,-0.01955981,-0.00961391,0.0003697975,0.0004989531,0.0002565823,0.0002602086,0.0003496009,0.0006893731,2823.63397976,2823.99869142,2823.31431944,2823.32455769,2823.57695250,2824.53648844
eth4h:row13975:1708041600,2024-02-16 00:00:00,2846.18000000,0.01211971,0.00821606,-0.01054408,-0.01534338,-0.02064411,-0.01127597,0.0003821024,0.0004521844,0.0002329684,0.0002856096,0.0003284865,0.0006570081,2847.26773991,2847.46728924,2846.84314723,2846.99301244,2847.11508538,2848.05057760
eth4h:row13976:1708056000,2024-02-16 04:00:00,2815.05000000,0.01171090,0.00866470,-0.01119885,-0.01438215,-0.02158646,-0.01241108,0.0003741416,0.0004609208,0.0002202181,0.0003043275,0.0003101363,0.0006349041,2816.10342439,2816.34781412,2815.66999330,2815.90682740,2815.92318463,2816.83785421
eth4h:row13977:1708070400,2024-02-16 08:00:00,2823.59000000,0.01436225,0.00551701,-0.01194773,-0.01565244,-0.01873348,-0.01295124,0.0004257709,0.0003996263,0.0002056353,0.0002795912,0.0003656919,0.0006243858,2824.79245841,2824.71860630,2824.17068949,2824.37956132,2824.62275272,2825.35355995
eth4h:row13978:1708084800,2024-02-16 12:00:00,2776.01000000,0.01127623,0.00899256,-0.01140926,-0.01430088,-0.02120859,-0.01197652,0.0003656774,0.0004673051,0.0002161208,0.0003059100,0.0003174944,0.0006433662,2777.02530977,2777.30754666,2776.61001837,2776.85933924,2776.89150754,2777.79656577
eth4h:row13979:1708099200,2024-02-16 16:00:00,2762.91000000,0.00957879,0.01013780,-0.01152180,-0.01347868,-0.02278284,-0.01209812,0.0003326235,0.0004896062,0.0002139293,0.0003219206,0.0002868393,0.0006409983,2763.82916169,2764.26306908,2763.50113068,2763.79958093,2763.70262488,2764.68158842
eth4h:row13980:1708113600,2024-02-16 20:00:00,2801.80000000,0.00167207,0.01969144,-0.00948583,-0.01472882,-0.02967353,-0.01108806,0.0001786572,0.0006756427,0.0002535755,0.0002975767,0.0001526581,0.0006606671,2802.30060650,2803.69365543,2802.51055804,2802.63387449,2802.22775017,2803.65166859
eth4h:row13981:1708128000,2024-02-17 00:00:00,2793.40000000,0.00399877,0.01662303,-0.01114027,-0.01352225,-0.02881412,-0.01235567,0.0002239646,0.0006158919,0.0002213589,0.0003210722,0.0001693933,0.0006359832,2794.02569283,2795.12096242,2794.01841245,2794.29702704,2793.87322323,2795.17712055
eth4h:row13982:1708142400,2024-02-17 04:00:00,2795.57000000,0.00763336,0.01129878,-0.01268997,-0.01249641,-0.02658609,-0.01344113,0.0002947403,0.0005122138,0.0001911819,0.0003410482,0.0002127792,0.0006148462,2796.39408872,2797.00229623,2796.10451346,2796.52358676,2796.16490236,2797.28937416
eth4h:row13983:1708156800,2024-02-17 08:00:00,2780.57000000,-0.00318216,0.02699370,-0.00819900,-0.02006986,-0.03459809,-0.00949766,0.0000841315,0.0008178384,0.0002786337,0.0001935715,0.0000567629,0.0006916367,2780.80394346,2782.84498695,2781.34486850,2781.10829124,2780.72783765,2782.49380945
eth4h:row13984:1708171200,2024-02-17 12:00:00,2754.33000000,-0.00440031,0.02868820,-0.00803918,-0.02122901,-0.03596333,-0.00956347,0.0000604106,0.0008508351,0.0002817459,0.0001709996,0.0000301777,0.0006903552,2754.49639575,2756.67447785,2755.10613055,2754.80102971,2754.41312059,2756.23212243
eth4h:row13985:1708185600,2024-02-17 16:00:00,2774.31000000,0.00187585,0.01805115,-0.01176669,-0.01455354,-0.03214995,-0.01280588,0.0001826253,0.0006437016,0.0002091607,0.0003009900,0.0001044352,0.0006272162,2774.81670536,2776.09640273,2774.89033730,2775.14516512,2774.59975061,2776.05063805
eth4h:row13986:1708200000,2024-02-17 20:00:00,2785.93000000,-0.00117865,0.02170644,-0.01076519,-0.01644218,-0.03424815,-0.01225359,0.0001231455,0.0007148804,0.0002286627,0.0002642129,0.0000635772,0.0006379709,2786.27309581,2787.92231878,2786.56711122,2786.66617587,2786.10712722,2787.70790922
eth4h:row13987:1708214400,2024-02-18 00:00:00,2781.68000000,0.00681226,0.01008547,-0.01446272,-0.01157614,-0.02890519,-0.01570161,0.0002787512,0.0004885871,0.0001566613,0.0003589684,0.0001676198,0.0005708282,2782.45550479,2783.03942513,2782.11581585,2782.67871448,2782.14630361,2783.26831461
eth4h:row13988:1708228800,2024-02-18 04:00:00,2801.00000000,0.01084200,0.00901154,-0.01458960,-0.01774734,-0.02286313,-0.01337058,0.0003572216,0.0004676747,0.0001541906,0.0002387977,0.0002852759,0.0006162200,2802.00075651,2802.31026329,2801.43192106,2801.66895213,2801.79917175,2802.72656418
eth4h:row13989:1708243200,2024-02-18 08:00:00,2803.40000000,0.00908758,0.00889567,-0.01488757,-0.01287104,-0.02733655,-0.01484497,0.0003230581,0.0004654184,0.0001483882,0.0003337531,0.0001981657,0.0005875095,2804.30580746,2804.70505758,2803.81602240,2804.33579961,2803.95559287,2805.04750804
eth4h:row13990:1708257600,2024-02-18 12:00:00,2807.49000000,0.01015475,0.00833607,-0.01491572,-0.01367016,-0.02671255,-0.01482453,0.0003438391,0.0004545214,0.0001478401,0.0003181920,0.0002103168,0.0005879075,2808.45549076,2808.76635438,2807.90509026,2808.38346294,2808.08052443,2809.14102960
eth4h:row13991:1708272000,2024-02-18 16:00:00,2827.86000000,0.01118551,0.00763635,-0.01486638,-0.01371215,-0.02619562,-0.01516939,0.0003639109,0.0004408957,0.0001488008,0.0003173743,0.0002203827,0.0005811920,2828.88927626,2829.10706625,2828.28081924,2828.75763248,2828.48328020,2829.50400719
eth4h:row13992:1708286400,2024-02-18 20:00:00,2881.20000000,0.01040976,0.00983716,-0.01412516,-0.01559443,-0.02619413,-0.01372657,0.0003488047,0.0004837518,0.0001632345,0.0002807209,0.0002204118,0.0006092878,2882.20515147,2882.59412279,2881.67034967,2882.00892646,2881.83512033,2882.95601480
eth4h:row13993:1708300800,2024-02-19 00:00:00,2886.78000000,0.00551571,0.01325531,-0.01341549,-0.01261876,-0.03168104,-0.01510225,0.0002535037,0.0005503128,0.0001770539,0.0003386656,0.0001135662,0.0005824995,2887.51190222,2888.36906923,2887.29116093,2887.75781879,2887.10785912,2888.46203763
eth4h:row13994:1708315200,2024-02-19 04:00:00,2926.38000000,0.00947346,0.00878523,-0.01408487,-0.01296405,-0.02716545,-0.01568885,0.0003305723,0.0004632677,0.0001640191,0.0003319419,0.0002014974,0.0005710767,2927.34754012,2927.73601129,2926.86002166,2927.35154931,2926.96971750,2928.05166473
eth4h:row13995:1708329600,2024-02-19 08:00:00,2913.20000000,0.01038191,0.01028053,-0.01274866,-0.01606847,-0.02416588,-0.01360707,0.0003482624,0.0004923854,0.0001900389,0.0002714900,0.0002599077,0.0006116148,2914.21473472,2914.63477044,2913.75367399,2913.99101208,2913.95726142,2914.98230111
eth4h:row13996:1708344000,2024-02-19 12:00:00,2908.93000000,0.00981778,0.01102496,-0.01216126,-0.01526293,-0.02463613,-0.01348450,0.0003372772,0.0005068816,0.0002014773,0.0002871762,0.0002507505,0.0006140017,2909.91128131,2910.40485697,2909.51614253,2909.76549548,2909.65950725,2910.71663636
eth4h:row13997:1708358400,2024-02-19 16:00:00,2934.03000000,0.00966004,0.01025689,-0.01172035,-0.01369917,-0.02494324,-0.01346219,0.0003342055,0.0004919252,0.0002100631,0.0003176270,0.0002447702,0.0006144361,2935.01073286,2935.47367843,2934.64639623,2934.96207523,2934.74825097,2935.83332780
eth4h:row13998:1708372800,2024-02-19 20:00:00,2944.80000000,0.01299746,0.00841299,-0.01127213,-0.01655908,-0.02031053,-0.01207426,0.0003991947,0.0004560193,0.0002187912,0.0002619365,0.0003349822,0.0006414630,2945.97578324,2946.14319177,2945.44436689,2945.57145171,2945.78662092,2946.68958632
eth4h:row13999:1708387200,2024-02-20 00:00:00,2907.00000000,0.00963351,0.00977299,-0.01085680,-0.01086111,-0.02406687,-0.01294201,0.0003336890,0.0004825023,0.0002268789,0.0003728921,0.0002618355,0.0006245654,2907.97019581,2908.40297266,2907.65961188,2908.08419951,2907.76125558,2908.81617869
eth4h:row14000:1708401600,2024-02-20 04:00:00,2921.78000000,0.01201589,0.00710092,-0.01107925,-0.01174542,-0.02104155,-0.01291154,0.0003800808,0.0004304694,0.0002225470,0.0003556721,0.0003207472,0.0006251588,2922.89072345,2923.03800763,2922.43030577,2922.81938046,2922.71730299,2923.60714750
eth4h:row14001:1708416000,2024-02-20 08:00:00,2935.31000000,0.00499655,0.01575179,-0.00872352,-0.01193390,-0.02674896,-0.01125001,0.0002433943,0.0005989264,0.0002684200,0.0003520018,0.0002096076,0.0006575135,2936.02452457,2937.06856119,2936.09800152,2936.34341617,2935.92532788,2937.24064066
eth4h:row14002:1708430400,2024-02-20 12:00:00,2925.09000000,0.00708063,0.01280016,-0.00994962,-0.01070031,-0.02497731,-0.01233845,0.0002839771,0.0005414499,0.0002445442,0.0003760233,0.0002441069,0.0006363185,2925.92077668,2926.67421861,2925.80540129,2926.19010886,2925.80412170,2926.95188119
eth4h:row14003:1708444800,2024-02-20 16:00:00,2985.98000000,0.00993396,0.00929532,-0.01122819,-0.01080353,-0.02260436,-0.01297129,0.0003395397,0.0004732007,0.0002196468,0.0003740133,0.0002903149,0.0006239954,2986.99403079,2987.39330216,2986.63593294,2987.09700518,2986.84700046,2987.84381910
eth4h:row14004:1708459200,2024-02-20 20:00:00,3014.81000000,0.00838114,0.01226187,-0.01051719,-0.01166345,-0.02355335,-0.01194682,0.0003093018,0.0005309679,0.0002334920,0.0003572683,0.0002718353,0.0006439445,3015.74263052,3016.41119239,3015.51401621,3015.88728851,3015.62964321,3016.75199566
eth4h:row14005:1708473600,2024-02-21 00:00:00,3005.14000000,0.01023851,0.00983325,-0.01109606,-0.01189754,-0.02213923,-0.01235816,0.0003454701,0.0004836758,0.0002222197,0.0003527098,0.0002993722,0.0006359346,3006.17836542,3006.59386492,3005.80787553,3006.20012920,3006.03979019,3007.05168031
eth4h:row14006:1708488000,2024-02-21 04:00:00,2940.54000000,0.00994270,0.01054374,-0.01107927,-0.01250468,-0.02309440,-0.01227092,0.0003397097,0.0004975110,0.0002225467,0.0003408872,0.0002807725,0.0006376335,2941.53909966,2942.00331485,2941.19448037,2941.54256324,2941.36573863,2942.41558483
eth4h:row14007:1708502400,2024-02-21 08:00:00,2899.10000000,0.00819989,0.01242737,-0.01088943,-0.01344896,-0.02496163,-0.01205122,0.0003057722,0.0005341905,0.0002262435,0.0003224992,0.0002444121,0.0006419116,2899.98659985,2900.64908541,2899.75597663,2900.03510830,2899.80866178,2900.96156342
eth4h:row14008:1708516800,2024-02-21 12:00:00,2914.81000000,0.00673261,0.01446474,-0.01081796,-0.01357594,-0.02648584,-0.01223713,0.0002772003,0.0005738640,0.0002276353,0.0003200267,0.0002147314,0.0006382915,2915.61809814,2916.48318458,2915.47358904,2915.74296634,2915.43596851,2916.67109233
eth4h:row14009:1708531200,2024-02-21 16:00:00,2913.00000000,0.00395480,0.01792473,-0.01015072,-0.01433685,-0.02849961,-0.01207025,0.0002231083,0.0006412398,0.0002406282,0.0003052096,0.0001755176,0.0006415411,2913.64998708,2914.86853066,2913.70103443,2913.88921119,2913.51132750,2914.86940877
eth4h:row14010:1708545600,2024-02-21 20:00:00,2967.90000000,0.00170055,0.02036987,-0.00930800,-0.01561984,-0.02980564,-0.01151798,0.0001792117,0.0006888535,0.0002570384,0.0002802261,0.0001500855,0.0006522953,2968.43193015,2969.94515260,2968.66296233,2968.73179964,2968.34547216,2969.83657873
eth4h:row14011:1708560000,2024-02-22 00:00:00,2935.51000000,0.00186861,0.01960919,-0.00958957,-0.01542218,-0.03037093,-0.01188655,0.0001824842,0.0006740410,0.0002515554,0.0002840752,0.0001390777,0.0006451183,2936.04573319,2937.48932109,2936.24853626,2936.34402403,2935.91829232,2937.40436213
eth4h:row14012:1708574400,2024-02-22 04:00:00,2993.79000000,0.00091313,0.02146996,-0.00895939,-0.01646387,-0.03112764,-0.01137393,0.0001638784,0.0007102754,0.0002638269,0.0002637904,0.0001243424,0.0006551005,2994.28065767,2995.91717082,2994.57994648,2994.57983726,2994.16227810,2995.75187583
eth4h:row14013:1708588800,2024-02-22 08:00:00,2990.80000000,0.00226350,0.01942990,-0.01010388,-0.01566898,-0.03109596,-0.01233218,0.0001901740,0.0006705497,0.0002415402,0.0002792691,0.0001249593,0.0006364405,2991.36882643,2992.80615257,2991.52248582,2991.63535474,2991.17375154,2992.70407214
eth4h:row14014:1708603200,2024-02-22 12:00:00,2986.95000000,0.00356390,0.01796759,-0.01046708,-0.01473002,-0.03068070,-0.01247266,0.0002154964,0.0006420744,0.0002344678,0.0002975535,0.0001330457,0.0006337050,2987.59374620,2988.86845983,2987.65042582,2987.83890966,2987.34742721,2988.84344490
eth4h:row14015:1708617600,2024-02-22 16:00:00,2987.96000000,0.00684050,0.01343060,-0.01128449,-0.01308548,-0.02752815,-0.01301436,0.0002793011,0.0005537264,0.0002185505,0.0003295773,0.0001944348,0.0006231566,2988.79465705,2989.61497034,2988.61309161,2988.94492608,2988.54101976,2989.82254734
eth4h:row14016:1708632000,2024-02-22 20:00:00,2971.40000000,0.00237171,0.01918624,-0.00953536,-0.01512405,-0.03070704,-0.01178486,0.0001922812,0.0006658049,0.0002526110,0.0002898806,0.0001325327,0.0006470985,2971.97139923,2973.37903135,2972.15070321,2972.26147603,2971.79383363,2973.32341081
eth4h:row14017:1708646400,2024-02-23 00:00:00,2955.95000000,0.00488761,0.01555283,-0.01051554,-0.01400464,-0.02863021,-0.01238809,0.0002412728,0.0005950521,0.0002335242,0.0003116786,0.0001729745,0.0006353518,2956.66327651,2957.70946759,2956.64036650,2956.87144989,2956.46134825,2957.82866491
eth4h:row14018:1708660800,2024-02-23 04:00:00,2933.62000000,-0.00256090,0.02543978,-0.00758253,-0.01908113,-0.03298817,-0.01049579,0.0000962292,0.0007875791,0.0002906383,0.0002128250,0.0000881126,0.0006722002,2933.90231353,2935.93136776,2934.47274611,2934.24441419,2933.87850035,2935.59264296
eth4h:row14019:1708675200,2024-02-23 08:00:00,2943.63000000,-0.00176710,0.02432255,-0.00808703,-0.01766140,-0.03216321,-0.01115584,0.0001116867,0.0007658234,0.0002808142,0.0002404711,0.0001041769,0.0006593472,2943.95878283,2945.88516425,2944.45672913,2944.33794295,2943.93667422,2945.57151431
eth4h:row14020:1708689600,2024-02-23 12:00:00,2916.07000000,0.00081731,0.02074037,-0.00958766,-0.01543769,-0.03070531,-0.01207169,0.0001620126,0.0006960682,0.0002515927,0.0002837731,0.0001325663,0.0006415131,2916.54247836,2918.10049027,2916.80375416,2916.89761974,2916.45659828,2917.94129723
eth4h:row14021:1708704000,2024-02-23 16:00:00,2945.99000000,0.00134443,0.01926071,-0.00985649,-0.01406082,-0.03046564,-0.01218344,0.0001722770,0.0006672551,0.0002463578,0.0003105846,0.0001372334,0.0006393370,2946.49757005,2947.95638291,2946.71585690,2946.90512137,2946.39431589,2947.87408254
eth4h:row14022:1708718400,2024-02-23 20:00:00,2922.24000000,-0.00552003,0.03013138,-0.00662919,-0.02130627,-0.03540058,-0.00906831,0.0000386065,0.0008789379,0.0003092025,0.0001694951,0.0000411362,0.0006999974,2922.35281967,2924.80959644,2923.14370354,2922.73534740,2922.36021226,2924.28627664
eth4h:row14023:1708732800,2024-02-24 00:00:00,2930.19000000,-0.00297838,0.02555478,-0.00886043,-0.01803909,-0.03420798,-0.01099679,0.0000880996,0.0007898186,0.0002657539,0.0002331165,0.0000643595,0.0006624445,2930.44815988,2932.50523269,2930.96881287,2930.87315517,2930.37859157,2932.13173130
eth4h:row14024:1708747200,2024-02-24 04:00:00,2964.07000000,-0.00256561,0.02431721,-0.00951245,-0.01732844,-0.03448293,-0.01159566,0.0000961375,0.0007657196,0.0002530572,0.0002469549,0.0000590053,0.0006507828,2964.35497204,2966.34051553,2964.82017404,2964.80208190,2964.24490100,2965.99959355
eth4h:row14025:1708761600,2024-02-24 08:00:00,2961.53000000,-0.00293057,0.02464504,-0.00975020,-0.01789327,-0.03483955,-0.01146889,0.0000890307,0.0007721032,0.0002484275,0.0002359561,0.0000520610,0.0006532512,2961.79367891,2963.81748990,2962.26581697,2962.22887337,2961.68418423,2963.46525520
eth4h:row14026:1708776000,2024-02-24 12:00:00,2955.47000000,0.00406861,0.01462836,-0.01346133,-0.01253624,-0.03024633,-0.01435560,0.0002253246,0.0005770500,0.0001761612,0.0003402726,0.0001415041,0.0005970389,2956.13601524,2957.17594627,2955.99068502,2956.47583657,2955.88824061,2957.23505741
eth4h:row14027:1708790400,2024-02-24 16:00:00,2987.10000000,0.00305860,0.01621542,-0.01313257,-0.01387417,-0.03118269,-0.01375532,0.0002056568,0.0006079547,0.0001825632,0.0003142193,0.0001232705,0.0006087280,2987.71438048,2988.91657354,2987.64538426,2988.03875192,2987.46824399,2988.91888503
eth4h:row14028:1708804800,2024-02-24 20:00:00,2992.62000000,-0.00218764,0.02482892,-0.01060224,-0.01932421,-0.03569568,-0.01164633,0.0001034976,0.0007756839,0.0002318359,0.0002080915,0.0000353897,0.0006497961,2992.92974511,2994.94222775,2993.31387709,2993.24280363,2992.72590978,2994.56522465
eth4h:row14029:1708819200,2024-02-25 00:00:00,3025.17000000,-0.00720011,0.03310121,-0.00791499,-0.02581176,-0.03922210,-0.00922975,0.0000058907,0.0009367689,0.0002841642,0.0000817605,-0.0000332797,0.0006968536,3025.18782030,3028.00521294,3026.02976708,3025.41734960,3025.06932491,3027.27883536
eth4h:row14030:1708833600,2024-02-25 04:00:00,3029.99000000,-0.00505313,0.03031666,-0.00869464,-0.02357222,-0.03866488,-0.01029587,0.0000476983,0.0008825458,0.0002689822,0.0001253707,-0.0000224292,0.0006760933,3030.13452895,3032.66528531,3030.80512285,3030.36989588,3029.92204061,3032.03924850
eth4h:row14031:1708848000,2024-02-25 08:00:00,3040.36000000,-0.00521661,0.03066687,-0.00846292,-0.02422717,-0.03951869,-0.01028784,0.0000445149,0.0008893653,0.0002734946,0.0001126170,-0.0000390552,0.0006762497,3040.49534437,3043.06519354,3041.19163562,3040.70241545,3040.24126042,3042.41673779
eth4h:row14032:1708862400,2024-02-25 12:00:00,3043.62000000,-0.00659724,0.03243876,-0.00735631,-0.02534178,-0.03989250,-0.00996169,0.0000176303,0.0009238692,0.0002950433,0.0000909124,-0.0000463344,0.0006826007,3043.67366032,3046.43320608,3044.51813216,3043.89671545,3043.47897908,3045.69828643
eth4h:row14033:1708876800,2024-02-25 16:00:00,3081.60000000,-0.00484689,0.02890197,-0.00850411,-0.02200810,-0.03900544,-0.01169912,0.0000517146,0.0008549978,0.0002726924,0.0001558285,-0.0000290607,0.0006487680,3081.75936770,3084.23588802,3082.44044344,3082.08023852,3081.51044796,3083.59989216
eth4h:row14034:1708891200,2024-02-25 20:00:00,3112.59000000,-0.00677732,0.03202809,-0.00670265,-0.02398601,-0.03878287,-0.01013167,0.0000141236,0.0009158722,0.0003077719,0.0001173131,-0.0000247267,0.0006792908,3112.63396126,3115.44204040,3113.54811531,3112.95516888,3112.51303682,3114.70507196
eth4h:row14035:1708905600,2024-02-26 00:00:00,3107.80000000,-0.00357288,0.02673507,-0.00794275,-0.01952993,-0.03610534,-0.01153382,0.0000765230,0.0008128022,0.0002836236,0.0002040855,0.0000274124,0.0006519868,3108.03782740,3110.32705353,3108.68157040,3108.43432151,3107.88519341,3109.82690539
eth4h:row14036:1708920000,2024-02-26 04:00:00,3087.19000000,-0.00497185,0.02986688,-0.00619756,-0.02121618,-0.03601716,-0.00959733,0.0000492812,0.0008737874,0.0003176075,0.0001712495,0.0000291296,0.0006896959,3087.34214420,3089.88872652,3088.17067035,3087.71872494,3087.27992995,3089.31995672
eth4h:row14037:1708934400,2024-02-26 08:00:00,3057.42000000,-0.00425576,0.02942533,-0.00580414,-0.02029317,-0.03470875,-0.00924305,0.0000632255,0.0008651891,0.0003252685,0.0001892231,0.0000546081,0.0006965946,3057.61331308,3060.06639116,3058.41464414,3057.99858909,3057.58696444,3059.55052437
eth4h:row14038:1708948800,2024-02-26 12:00:00,3145.60000000,-0.00471549,0.03080333,-0.00504495,-0.02102717,-0.03461856,-0.00804499,0.0000542733,0.0008920227,0.0003400520,0.0001749300,0.0000563642,0.0007199243,3145.77072659,3148.40719842,3146.66984935,3146.15030783,3145.77730420,3147.86540921
eth4h:row14039:1708963200,2024-02-26 16:00:00,3179.12000000,-0.00582986,0.03293864,-0.00374273,-0.02289091,-0.03452716,-0.00639729,0.0000325733,0.0009336032,0.0003654099,0.0001386378,0.0000581441,0.0007520098,3179.22355624,3182.08942242,3180.28189415,3179.56077673,3179.30485239,3181.51162840
eth4h:row14040:1708977600,2024-02-26 20:00:00,3175.94000000,-0.00519711,0.03247187,-0.00409510,-0.02278763,-0.03402141,-0.00639307,0.0000448947,0.0009245139,0.0003585483,0.0001406489,0.0000679924,0.0007520919,3176.08258620,3178.87755853,3177.07893201,3176.38672403,3176.15594706,3178.32949711
eth4h:row14041:1708992000,2024-02-27 00:00:00,3216.56000000,-0.00375922,0.03125588,-0.00427085,-0.02178041,-0.03250898,-0.00645505,0.0000728945,0.0009008351,0.0003551259,0.0001602623,0.0000974438,0.0007508849,3216.79447805,3219.45889562,3217.70248661,3217.07553450,3216.87344924,3218.97617341
eth4h:row14042:1709006400,2024-02-27 04:00:00,3217.50000000,-0.00407061,0.03164838,-0.00425327,-0.02276782,-0.03252278,-0.00660634,0.0000668309,0.0009084781,0.0003554683,0.0001410346,0.0000971751,0.0007479390,3217.71503546,3220.42435647,3218.64392255,3217.95381076,3217.81267623,3219.90739388
eth4h:row14043:1709020800,2024-02-27 08:00:00,3254.89000000,-0.00186253,0.02961070,-0.00494029,-0.02172750,-0.03094540,-0.00681430,0.0001098285,0.0008687988,0.0003420901,0.0001612927,0.0001278911,0.0007438893,3255.24749936,3257.71907331,3256.00365614,3255.41503218,3255.30629817,3257.31217852
eth4h:row14044:1709035200,2024-02-27 12:00:00,3229.78000000,-0.00025927,0.02663169,-0.00614852,-0.01988467,-0.03016780,-0.00806367,0.0001410486,0.0008107890,0.0003185624,0.0001971777,0.0001430333,0.0007195606,3230.23558792,3232.39973203,3230.80905043,3230.41690344,3230.24199897,3232.10485866
eth4h:row14045:1709049600,2024-02-27 16:00:00,3250.72000000,-0.00035319,0.02684758,-0.00577724,-0.02009335,-0.02946267,-0.00778076,0.0001392196,0.0008149930,0.0003257922,0.0001931142,0.0001567640,0.0007250697,3251.17259552,3253.37039382,3251.77923190,3251.34782084,3251.22963581,3253.07785326
eth4h:row14046:1709064000,2024-02-27 20:00:00,3242.36000000,-0.00142133,0.02792538,-0.00544388,-0.02054435,-0.03042153,-0.00762932,0.0001184198,0.0008359808,0.0003322837,0.0001843320,0.0001380923,0.0007280185,3242.74398238,3245.07168405,3243.43756251,3242.95772574,3242.80777577,3244.72135760
eth4h:row14047:1709078400,2024-02-28 00:00:00,3248.82000000,-0.00268638,0.02992386,-0.00458902,-0.02194798,-0.03133894,-0.00715132,0.0000937857,0.0008748970,0.0003489304,0.0001569993,0.0001202278,0.0007373267,3249.12470718,3251.66362655,3249.95380979,3249.33010260,3249.21062206,3251.21632498
eth4h:row14048:1709092800,2024-02-28 04:00:00,3302.99000000,-0.00290228,0.02990342,-0.00472769,-0.02214384,-0.03212897,-0.00744380,0.0000895815,0.0008744989,0.0003462299,0.0001531854,0.0001048437,0.0007316313,3303.28589994,3305.87972435,3304.13379199,3303.49600847,3303.33631587,3305.40745497
eth4h:row14049:1709107200,2024-02-28 08:00:00,3296.13000000,-0.00269583,0.02950708,-0.00514090,-0.02166955,-0.03236643,-0.00776461,0.0000936017,0.0008667810,0.0003381837,0.0001624211,0.0001002196,0.0007253841,3296.43853795,3298.98826135,3297.24488601,3296.66540459,3296.46035335,3298.52182766
eth4h:row14050:1709121600,2024-02-28 12:00:00,3348.39000000,-0.00347118,0.03000165,-0.00525661,-0.02195200,-0.03324495,-0.00812623,0.0000785034,0.0008764117,0.0003359304,0.0001569210,0.0000831125,0.0007183423,3348.65287044,3351.32585433,3349.51501501,3348.91547388,3348.66830446,3350.79615428
eth4h:row14051:1709136000,2024-02-28 16:00:00,3299.12000000,-0.00412957,0.03048644,-0.00515060,-0.02230759,-0.03362144,-0.00795718,0.0000656827,0.0008858520,0.0003379948,0.0001499967,0.0000757811,0.0007216343,3299.33670210,3302.04382681,3300.23527394,3299.61489425,3299.37002031,3301.50161721
eth4h:row14052:1709150400,2024-02-28 20:00:00,3383.10000000,-0.00506563,0.03183521,-0.00448771,-0.02365398,-0.03427149,-0.00742048,0.0000474549,0.0009121162,0.0003509031,0.0001237786,0.0000631228,0.0007320854,3383.26054845,3386.18718815,3384.28734854,3383.51878124,3383.31355743,3385.57762483
eth4h:row14053:1709164800,2024-02-29 00:00:00,3407.15000000,-0.00574383,0.03327099,-0.00432800,-0.02539153,-0.03493131,-0.00698617,0.0000342485,0.0009400751,0.0003540131,0.0000899436,0.0000502741,0.0007405425,3407.26669171,3410.35448278,3408.35638928,3407.45646496,3407.32129587,3409.67407373
eth4h:row14054:1709179200,2024-02-29 04:00:00,3467.99000000,-0.00409059,0.03040419,-0.00563101,-0.02292262,-0.03409085,-0.00825330,0.0000664417,0.0008842502,0.0003286398,0.0001380203,0.0000666402,0.0007158679,3468.22042694,3471.05792722,3469.12990686,3468.46868610,3468.22111524,3470.47351151
eth4h:row14055:1709193600,2024-02-29 08:00:00,3513.87000000,-0.00480755,0.03255970,-0.00529031,-0.02543358,-0.03506956,-0.00790145,0.0000524806,0.0009262242,0.0003352742,0.0000891247,0.0000475820,0.0007227195,3514.05441485,3517.12613915,3515.04830749,3514.18318656,3514.03720083,3516.41046020
eth4h:row14056:1709208000,2024-02-29 12:00:00,3468.42000000,-0.00284331,0.02921615,-0.00645387,-0.02289356,-0.03397260,-0.00908085,0.0000907300,0.0008611157,0.0003126164,0.0001385861,0.0000689430,0.0006997533,3468.73470385,3471.40799737,3469.50445462,3468.90070825,3468.65913142,3470.84788759
eth4h:row14057:1709222400,2024-02-29 16:00:00,3403.26000000,-0.00165050,0.02774591,-0.00671846,-0.02198189,-0.03367094,-0.00935416,0.0001139573,0.0008324860,0.0003074641,0.0001563389,0.0000748171,0.0006944310,3403.64784846,3406.09434602,3404.30654107,3403.79210354,3403.51463167,3405.62415005
eth4h:row14058:1709236800,2024-02-29 20:00:00,3340.09000000,-0.00373954,0.03083513,-0.00566706,-0.02454352,-0.03507016,-0.00844385,0.0000732778,0.0008926419,0.0003279379,0.0001064567,0.0000475704,0.0007121574,3340.33476342,3343.07283540,3341.18552169,3340.44559395,3340.24889307,3342.46951689
eth4h:row14059:1709251200,2024-03-01 00:00:00,3367.79000000,-0.00551338,0.03223980,-0.00500831,-0.02521567,-0.03573022,-0.00865122,0.0000387359,0.0009199949,0.0003407656,0.0000933681,0.0000347171,0.0007081192,3367.92045699,3370.88977520,3368.93782265,3368.10445888,3367.90692188,3370.17564147
eth4h:row14060:1709265600,2024-03-01 04:00:00,3365.41000000,-0.00647752,0.03336800,-0.00486305,-0.02624334,-0.03636426,-0.00863669,0.0000199615,0.0009419641,0.0003435942,0.0000733564,0.0000223704,0.0007084023,3365.47717924,3368.58158882,3366.56653400,3365.65688339,3365.48528654,3367.79490883
eth4h:row14061:1709280000,2024-03-01 08:00:00,3410.90000000,-0.00453509,0.02900130,-0.00642854,-0.02222097,-0.03513966,-0.01048205,0.0000577860,0.0008569321,0.0003131097,0.0001516835,0.0000462170,0.0006724679,3411.09710807,3413.82416242,3411.96815319,3411.41741632,3411.05764527,3413.19449219
eth4h:row14062:1709294400,2024-03-01 12:00:00,3390.76000000,-0.00699820,0.03326381,-0.00488801,-0.02578348,-0.03644115,-0.00894738,0.0000098224,0.0009399352,0.0003431082,0.0000823113,0.0000208732,0.0007023522,3390.79330568,3393.94859302,3391.92359703,3391.03910923,3390.83077666,3393.14234412
eth4h:row14063:1709308800,2024-03-01 16:00:00,3427.73000000,-0.00769754,0.03487141,-0.00456069,-0.02683580,-0.03717569,-0.00846248,-0.0000037957,0.0009712397,0.0003494820,0.0000618196,0.0000065696,0.0007117947,3427.71698930,3431.06076464,3428.92813925,3427.94190747,3427.75251901,3430.17070844
eth4h:row14064:1709323200,2024-03-01 20:00:00,3433.43000000,-0.00578357,0.03182194,-0.00580654,-0.02432663,-0.03670756,-0.00941300,0.0000334746,0.0009118580,0.0003252218,0.0001106801,0.0000156856,0.0006932853,3433.54493463,3436.56222842,3434.54680779,3433.81003345,3433.48385566,3435.81117180
eth4h:row14065:1709337600,2024-03-02 00:00:00,3442.34000000,-0.00724888,0.03422350,-0.00525657,-0.02661961,-0.03781996,-0.00857278,0.0000049409,0.0009586232,0.0003359311,0.0000660294,-0.0000059761,0.0007096468,3442.35700843,3445.64148913,3443.49658348,3442.56730302,3442.31942841,3444.78371267
eth4h:row14066:1709352000,2024-03-02 04:00:00,3430.25000000,-0.00489934,0.02960128,-0.00685156,-0.02235250,-0.03631700,-0.01035289,0.0000506932,0.0008686154,0.0003048722,0.0001491221,0.0000232909,0.0006749829,3430.42389464,3433.23086247,3431.29594713,3430.76156436,3430.32989437,3432.56614181
eth4h:row14067:1709366400,2024-03-02 08:00:00,3403.39000000,-0.00906301,0.03626073,-0.00508992,-0.02848450,-0.03854124,-0.00851479,-0.0000303853,0.0009982938,0.0003391764,0.0000297146,-0.0000200214,0.0007107760,3403.28658867,3406.78927954,3404.54454530,3403.49113173,3403.32186021,3405.80990791
eth4h:row14068:1709380800,2024-03-02 12:00:00,3418.05000000,-0.00826943,0.03451333,-0.00588543,-0.02707803,-0.03845138,-0.00957730,-0.0000149321,0.0009642670,0.0003236855,0.0000571026,-0.0000182716,0.0006900859,3417.99896178,3421.34750224,3419.15655223,3418.24518524,3417.98754719,3420.40956213
eth4h:row14069:1709395200,2024-03-02 16:00:00,3426.19000000,-0.00987853,0.03676478,-0.00552737,-0.02943673,-0.03945125,-0.00901134,-0.0000462659,0.0010081090,0.0003306579,0.0000111720,-0.0000377419,0.0007011068,3426.03148802,3429.64571457,3427.32308419,3426.22827746,3426.06069149,3428.59296723
eth4h:row14070:1709409600,2024-03-02 20:00:00,3421.40000000,-0.00940168,0.03615523,-0.00610379,-0.02894240,-0.03941090,-0.00958164,-0.0000369802,0.0009962394,0.0003194334,0.0000207980,-0.0000369561,0.0006900014,3421.27347828,3424.81023189,3422.49308387,3421.47115897,3421.27356062,3423.76158562
eth4h:row14071:1709424000,2024-03-03 00:00:00,3431.56000000,-0.00526182,0.02917463,-0.00881148,-0.02309352,-0.03817997,-0.01179228,0.0000436345,0.0008603073,0.0002667071,0.0001346924,-0.0000129865,0.0006469539,3431.70973781,3434.51346649,3432.47534344,3432.02223611,3431.51543626,3433.78077934
eth4h:row14072:1709438400,2024-03-03 04:00:00,3392.76000000,-0.00768125,0.03341321,-0.00739889,-0.02674909,-0.03960059,-0.01032576,-0.0000034786,0.0009428444,0.0002942141,0.0000635081,-0.0000406500,0.0006755113,3392.74819806,3395.96035337,3393.75834482,3392.97547456,3392.62208721,3395.05262209
eth4h:row14073:1709452800,2024-03-03 08:00:00,3413.39000000,-0.00535671,0.02806026,-0.00940118,-0.02199071,-0.03922141,-0.01243844,0.0000417868,0.0008386074,0.0002552238,0.0001561671,-0.0000332664,0.0006343715,3413.53263746,3416.25369475,3414.26128968,3413.92310093,3413.27645083,3415.55604420
eth4h:row14074:1709467200,2024-03-03 12:00:00,3422.50000000,-0.00914054,0.03433800,-0.00719936,-0.02722200,-0.04113746,-0.01046665,-0.0000318950,0.0009608528,0.0002980995,0.0000542990,-0.0000705773,0.0006727678,3422.39084107,3425.79009924,3423.52039758,3422.68584349,3422.25845768,3424.80332250
eth4h:row14075:1709481600,2024-03-03 16:00:00,3465.20000000,-0.00534157,0.02651573,-0.01049688,-0.02065552,-0.03909818,-0.01399923,0.0000420816,0.0008085309,0.0002338875,0.0001821670,-0.0000308667,0.0006039784,3465.34582410,3468.00285432,3466.01056176,3465.83130274,3465.09304247,3467.29353816
eth4h:row14076:1709496000,2024-03-03 20:00:00,3487.81000000,-0.00952609,0.03346483,-0.00798006,-0.02671410,-0.04146457,-0.01137371,-0.0000394028,0.0009438496,0.0002828972,0.0000641894,-0.0000769471,0.0006551047,3487.67257318,3491.10352205,3488.79683110,3488.03388764,3487.54163354,3490.09562929
eth4h:row14077:1709510400,2024-03-04 00:00:00,3471.85000000,-0.00753537,0.03100804,-0.00916044,-0.02462400,-0.04071481,-0.01240339,-0.0000006378,0.0008960090,0.0002599118,0.0001048895,-0.0000623470,0.0006350539,3471.84778555,3474.96220296,3472.75249204,3472.21417978,3471.63354736,3474.05551228
eth4h:row14078:1709524800,2024-03-04 04:00:00,3478.61000000,-0.00712691,0.03124443,-0.00903806,-0.02497080,-0.04082874,-0.01214947,0.0000073160,0.0009006122,0.0002622948,0.0000981364,-0.0000645656,0.0006399984,3478.63544948,3481.74428991,3479.52254097,3478.95139516,3478.38540867,3480.83701743
eth4h:row14079:1709539200,2024-03-04 08:00:00,3506.91000000,-0.01007955,0.03820575,-0.00626264,-0.03150600,-0.04298980,-0.00942284,-0.0000501802,0.0010361688,0.0003163402,-0.0000291225,-0.0001066475,0.0006930936,3506.73402686,3510.54563405,3508.01955199,3506.80787149,3506.53601674,3509.34145948
eth4h:row14080:1709553600,2024-03-04 12:00:00,3560.42000000,-0.00993754,0.03849498,-0.00601557,-0.03149835,-0.04333193,-0.00908833,-0.0000474149,0.0010418010,0.0003211513,-0.0000289736,-0.0001133098,0.0006996076,3560.25118694,3564.13118188,3561.56361713,3560.31684314,3560.01659252,3562.91176843
eth4h:row14081:1709568000,2024-03-04 16:00:00,3593.01000000,-0.00964183,0.03794438,-0.00573509,-0.03085447,-0.04249359,-0.00911590,-0.0000416565,0.0010310793,0.0003266131,-0.0000164355,-0.0000969849,0.0006990706,3592.86033073,3596.71658872,3594.18371590,3592.95094760,3592.66154913,3595.52264599
eth4h:row14082:1709582400,2024-03-04 20:00:00,3627.76000000,-0.00901619,0.03658897,-0.00583259,-0.02941390,-0.04150019,-0.00970726,-0.0000294736,0.0010046856,0.0003247144,0.0000116165,-0.0000776406,0.0006875552,3627.65307858,3631.40658978,3628.93817724,3627.80214209,3627.47834955,3630.25514289
eth4h:row14083:1709596800,2024-03-05 00:00:00,3689.81000000,-0.00942262,0.03732703,-0.00481968,-0.02996789,-0.04055861,-0.00932217,-0.0000373879,0.0010190576,0.0003444387,0.0000008289,-0.0000593054,0.0006950540,3689.67204838,3693.57204555,3691.08113235,3689.81305856,3689.59118065,3692.37550868
eth4h:row14084:1709611200,2024-03-05 04:00:00,3672.98000000,-0.00943977,0.03749541,-0.00450024,-0.03006686,-0.04025681,-0.00931626,-0.0000377219,0.0010223365,0.0003506592,-0.0000010984,-0.0000534284,0.0006951691,3672.84145094,3676.73694169,3674.26819007,3672.97596569,3672.78376385,3675.53422973
eth4h:row14085:1709625600,2024-03-05 08:00:00,3731.45000000,-0.00772950,0.03620038,-0.00435012,-0.02823773,-0.03859574,-0.00882545,-0.0000044181,0.0009971186,0.0003535824,0.0000345200,-0.0000210828,0.0007047266,3731.43351398,3735.17255382,3732.76960814,3731.57881198,3731.37133146,3734.08057889
eth4h:row14086:1709640000,2024-03-05 12:00:00,3783.01000000,-0.00602409,0.03367812,-0.00504197,-0.02555918,-0.03722963,-0.00945116,0.0000287910,0.0009480030,0.0003401101,0.0000866789,0.0000055192,0.0006925422,3783.11891821,3786.59800544,3784.29685890,3783.33792125,3783.03087935,3785.63080132
eth4h:row14087:1709654400,2024-03-05 16:00:00,3376.46000000,-0.00555329,0.03375734,-0.00417635,-0.02485695,-0.03583301,-0.00836179,0.0000379589,0.0009495456,0.0003569661,0.0001003533,0.0000327155,0.0007137553,3376.58816899,3379.66762530,3377.66549705,3376.79885599,3376.57046440,3378.87082656
eth4h:row14088:1709668800,2024-03-05 20:00:00,3553.65000000,-0.00384505,0.03000692,-0.00490284,-0.02120788,-0.03378276,-0.00877130,0.0000712231,0.0008765144,0.0003428194,0.0001714111,0.0000726397,0.0007057811,3553.90311106,3556.76619079,3554.86846916,3554.25918726,3553.90814548,3556.15898420
eth4h:row14089:1709683200,2024-03-06 00:00:00,3538.01000000,-0.00531916,0.03152911,-0.00431039,-0.02225263,-0.03393028,-0.00830683,0.0000425180,0.0009061556,0.0003543561,0.0001510668,0.0000697670,0.0007148255,3538.16043222,3541.21744059,3539.26393752,3538.54451638,3538.25684512,3540.53996376
eth4h:row14090:1709697600,2024-03-06 04:00:00,3786.60000000,-0.00586878,0.03165520,-0.00468004,-0.02190178,-0.03419093,-0.00813170,0.0000318154,0.0009086110,0.0003471579,0.0001578988,0.0000646914,0.0007182358,3786.72047419,3790.04210996,3787.91477626,3787.19794699,3786.84496849,3789.32064861
eth4h:row14091:1709712000,2024-03-06 08:00:00,3879.74000000,-0.00695263,0.03304497,-0.00459457,-0.02357912,-0.03404511,-0.00769101,0.0000107098,0.0009356738,0.0003488221,0.0001252364,0.0000675310,0.0007268174,3879.78155134,3883.37186995,3881.09357530,3880.22591504,3880.00201162,3882.56088745
eth4h:row14092:1709726400,2024-03-06 12:00:00,3790.94000000,-0.00634311,0.03335483,-0.00478620,-0.02455498,-0.03394989,-0.00731025,0.0000225788,0.0009417076,0.0003450907,0.0001062336,0.0000693852,0.0007342317,3791.02559583,3794.51163831,3792.24844401,3791.34274652,3791.20304421,3793.72445059
eth4h:row14093:1709740800,2024-03-06 16:00:00,3852.59000000,-0.00549731,0.03405101,-0.00494167,-0.02576150,-0.03432334,-0.00668275,0.0000390490,0.0009552642,0.0003420633,0.0000827393,0.0000621130,0.0007464510,3852.74044279,3856.27199968,3853.90805493,3852.90877364,3852.82930335,3855.46684326
eth4h:row14094:1709755200,2024-03-06 20:00:00,3818.59000000,-0.00302376,0.03151257,-0.00602915,-0.02404424,-0.03441317,-0.00742586,0.0000872160,0.0009058335,0.0003208870,0.0001161791,0.0000603639,0.0007319806,3818.92305674,3822.05057393,3819.81553233,3819.03366606,3818.82051181,3821.38615713
eth4h:row14095:1709769600,2024-03-07 00:00:00,3775.18000000,-0.00338365,0.03225709,-0.00604679,-0.02515399,-0.03563599,-0.00715261,0.0000802079,0.0009203315,0.0003205434,0.0000945691,0.0000365521,0.0007373014,3775.48281134,3778.65601625,3776.39030298,3775.53703233,3775.31799330,3777.96447199
eth4h:row14096:1709784000,2024-03-07 04:00:00,3789.22000000,-0.00297360,0.03048257,-0.00661417,-0.02391800,-0.03528044,-0.00830379,0.0000881927,0.0008857765,0.0003094950,0.0001186374,0.0000434755,0.0007148848,3789.55419637,3792.57788910,3790.39292600,3789.66956983,3789.38474186,3791.92982427
eth4h:row14097:1709798400,2024-03-07 08:00:00,3787.58000000,-0.00536405,0.03315461,-0.00574778,-0.02648554,-0.03642220,-0.00845738,0.0000416440,0.0009378089,0.0003263659,0.0000686400,0.0000212423,0.0007118939,3787.73773323,3791.13369217,3788.81633871,3787.83998843,3787.66045764,3790.27731506
eth4h:row14098:1709812800,2024-03-07 12:00:00,3837.16000000,-0.00672118,0.03433815,-0.00541231,-0.02796819,-0.03728233,-0.00893878,0.0000152167,0.0009608557,0.0003328985,0.0000397686,0.0000044932,0.0007025197,3837.21838919,3840.84872909,3838.43759728,3837.31260146,3837.17724114,3839.85662771
eth4h:row14099:1709827200,2024-03-07 16:00:00,3870.19000000,-0.00779717,0.03606600,-0.00469800,-0.02929149,-0.03806768,-0.00875995,-0.0000057358,0.0009945019,0.0003468082,0.0000140002,-0.0000107998,0.0007060020,3870.16780147,3874.04082570,3871.53244654,3870.24418390,3870.14820288,3872.92332677
eth4h:row14100:1709841600,2024-03-07 20:00:00,3868.76000000,-0.00851813,0.03757683,-0.00408782,-0.03033714,-0.03858248,-0.00818000,-0.0000197750,0.0010239220,0.0003586900,-0.0000063614,-0.0000208245,0.0007172954,3868.68349609,3872.72333719,3870.14793455,3868.73538919,3868.67943570,3871.53603914
eth4h:row14101:1709856000,2024-03-08 00:00:00,3900.85000000,-0.00706150,0.03570420,-0.00469642,-0.02837838,-0.03796796,-0.00859725,0.0000085898,0.0009874566,0.0003468390,0.0000317811,-0.0000088580,0.0007091702,3900.88350767,3904.70382248,3902.20320154,3900.97397540,3900.81544637,3903.61734785
eth4h:row14102:1709870400,2024-03-08 04:00:00,3908.16000000,-0.00768581,0.03603039,-0.00353454,-0.02793349,-0.03809280,-0.00737583,-0.0000035674,0.0009938084,0.0003694640,0.0000404444,-0.0000112890,0.0007329549,3908.14605819,3912.04589271,3909.60419107,3908.31806633,3908.11588087,3911.02555491
eth4h:row14103:1709884800,2024-03-08 08:00:00,3950.46000000,-0.00836822,0.03583951,-0.00329560,-0.02786390,-0.03863502,-0.00730726,-0.0000168559,0.0009900913,0.0003741170,0.0000417995,-0.0000218477,0.0007342901,3950.39341202,3954.37325307,3951.93821056,3950.62513059,3950.37369259,3953.36184882
eth4h:row14104:1709899200,2024-03-08 12:00:00,3900.75000000,-0.00925045,0.03691093,-0.00289578,-0.02904689,-0.03880576,-0.00678981,-0.0000340353,0.0010109550,0.0003819026,0.0000187633,-0.0000251724,0.0007443663,3900.61723911,3904.69547662,3902.23999104,3900.82319174,3900.65180994,3903.65466776
eth4h:row14105:1709913600,2024-03-08 16:00:00,3928.82000000,-0.01028609,0.03867794,-0.00288753,-0.03113225,-0.03899298,-0.00676752,-0.0000542022,0.0010453637,0.0003820631,-0.0000218445,-0.0000288181,0.0007448004,3928.60705490,3932.92919310,3930.32134377,3928.73417779,3928.70678057,3931.74727664
eth4h:row14106:1709928000,2024-03-08 20:00:00,3883.36000000,-0.00994249,0.03805519,-0.00357679,-0.03086538,-0.03848297,-0.00738252,-0.0000475113,0.0010332370,0.0003686413,-0.0000166479,-0.0000188868,0.0007328244,3883.17550103,3887.37450472,3884.79183093,3883.29535077,3883.28665646,3886.20686408
eth4h:row14107:1709942400,2024-03-09 00:00:00,3923.21000000,-0.01111674,0.04092640,-0.00276426,-0.03317909,-0.03878293,-0.00614448,-0.0000703774,0.0010891477,0.0003844636,-0.0000617023,-0.0000247279,0.0007569326,3922.93390452,3927.48528287,3924.71862149,3922.96793652,3923.11298854,3926.18072972
eth4h:row14108:1709956800,2024-03-09 04:00:00,3925.47000000,-0.01003525,0.03900556,-0.00333827,-0.03163880,-0.03878061,-0.00635886,-0.0000493176,0.0010517433,0.0003732861,-0.0000317085,-0.0000246826,0.0007527581,3925.27641017,3929.60075863,3926.93559675,3925.34553129,3925.37311035,3928.42604178
eth4h:row14109:1709971200,2024-03-09 08:00:00,3912.49000000,-0.00859408,0.03574828,-0.00469844,-0.02936004,-0.03875808,-0.00731159,-0.0000212540,0.0009883149,0.0003467995,0.0000126655,-0.0000242439,0.0007342058,3912.40684494,3916.35868363,3913.84708500,3912.53955376,3912.39514722,3915.36362754
eth4h:row14110:1709985600,2024-03-09 12:00:00,3916.66000000,-0.01168735,0.04151950,-0.00287487,-0.03525413,-0.04114849,-0.00543907,-0.0000814888,0.0011006969,0.0003823097,-0.0001021093,-0.0000707920,0.0007706690,3916.34084920,3920.97342916,3918.15766338,3916.26009296,3916.38274148,3919.67961187
eth4h:row14111:1710000000,2024-03-09 16:00:00,3881.18000000,-0.01428065,0.04232524,-0.00408160,-0.03736129,-0.04482908,-0.00796590,-0.0001319876,0.0011163869,0.0003588112,-0.0001431417,-0.0001424635,0.0007214644,3880.66776632,3885.51531803,3882.57286063,3880.62448119,3880.62711285,3883.98114338
eth4h:row14112:1710014400,2024-03-09 20:00:00,3905.21000000,-0.01571076,0.04351727,-0.00414590,-0.03839507,-0.04670838,-0.00841630,-0.0001598358,0.0011395992,0.0003575591,-0.0001632724,-0.0001790589,0.0007126939,3904.58585733,3909.66291090,3906.60659305,3904.57243921,3904.51079995,3907.99421132
eth4h:row14113:1710028800,2024-03-10 00:00:00,3935.00000000,-0.01277491,0.03795726,-0.00645026,-0.03329654,-0.04569492,-0.01083595,-0.0001026667,0.0010313300,0.0003126867,-0.0000639894,-0.0001593240,0.0006655764,3934.59602737,3939.06037692,3936.23061441,3934.74820988,3934.37310996,3937.61991499
eth4h:row14114:1710043200,2024-03-10 04:00:00,3944.82000000,-0.01525384,0.04117746,-0.00594890,-0.03661571,-0.04741306,-0.01090406,-0.0001509384,0.0010940364,0.0003224495,-0.0001286231,-0.0001927810,0.0006642502,3944.22462000,3949.13813847,3946.09221037,3944.31263760,3944.05958715,3947.44121798
eth4h:row14115:1710057600,2024-03-10 08:00:00,3932.72000000,-0.01390959,0.03975085,-0.00663024,-0.03521542,-0.04689903,-0.01155298,-0.0001247621,0.0010662563,0.0003091820,-0.0001013555,-0.0001827713,0.0006516138,3932.22937623,3936.91552397,3933.93611429,3932.32141758,3932.00127726,3935.28344984
eth4h:row14116:1710072000,2024-03-10 12:00:00,3883.69000000,-0.01382117,0.04003809,-0.00640835,-0.03524620,-0.04697613,-0.01154143,-0.0001230402,0.0010718496,0.0003135028,-0.0001019549,-0.0001842726,0.0006518387,3883.21217927,3887.85496333,3884.90773841,3883.29405880,3882.97440810,3886.22236474
eth4h:row14117:1710086400,2024-03-10 16:00:00,3898.00000000,-0.01421423,0.04160351,-0.00581547,-0.03657789,-0.04683135,-0.01095376,-0.0001306943,0.0011023329,0.0003250478,-0.0001278867,-0.0001814534,0.0006632824,3897.49058697,3902.29926287,3899.26724234,3897.50152964,3897.29275891,3900.58633225
eth4h:row14118:1710100800,2024-03-10 20:00:00,3878.47000000,-0.01477094,0.04303277,-0.00508702,-0.03759788,-0.04670227,-0.00990611,-0.0001415350,0.0011301647,0.0003392328,-0.0001477487,-0.0001789399,0.0006836830,3877.92109976,3882.85578759,3879.78592751,3877.89700358,3877.77604890,3881.12255082
eth4h:row14119:1710115200,2024-03-11 00:00:00,3866.93000000,-0.01513125,0.04350776,-0.00428176,-0.03750193,-0.04584826,-0.00895483,-0.0001485512,0.0011394141,0.0003549135,-0.0001458803,-0.0001623098,0.0007022071,3866.35560550,3871.33854549,3868.30266922,3866.36593235,3866.30241015,3869.64633920
eth4h:row14120:1710129600,2024-03-11 04:00:00,4001.40000000,-0.01438165,0.04260502,-0.00405753,-0.03629630,-0.04433752,-0.00816285,-0.0001339543,0.0011218351,0.0003592799,-0.0001224034,-0.0001328915,0.0007176292,4000.86403108,4005.89142982,4002.83788105,4000.91024515,4000.86828347,4004.27255210
eth4h:row14121:1710144000,2024-03-11 08:00:00,4034.25000000,-0.01424474,0.04292540,-0.00363314,-0.03648428,-0.04393146,-0.00780199,-0.0001312883,0.0011280737,0.0003675439,-0.0001260638,-0.0001249844,0.0007246562,4033.72038511,4038.80349922,4035.73303660,4033.74145904,4033.74581329,4037.17450380
eth4h:row14122:1710158400,2024-03-11 12:00:00,4018.00000000,-0.01440145,0.04481251,-0.00282009,-0.03827037,-0.04393969,-0.00669111,-0.0001343400,0.0011648212,0.0003833764,-0.0001608439,-0.0001251445,0.0007462882,4017.46025832,4022.68297829,4019.54070152,4017.35378102,4017.49720066,4020.99970526
eth4h:row14123:1710172800,2024-03-11 16:00:00,4031.71000000,-0.01381887,0.04581992,-0.00244794,-0.03904548,-0.04416130,-0.00627154,-0.0001229955,0.0011844382,0.0003906232,-0.0001759376,-0.0001294599,0.0007544583,4031.21414811,4036.48814068,4033.28518692,4031.00073299,4031.18808890,4034.75290495
eth4h:row14124:1710187200,2024-03-11 20:00:00,4064.80000000,-0.01321411,0.04567272,-0.00233447,-0.03886398,-0.04401452,-0.00605365,-0.0001112191,0.0011815720,0.0003928328,-0.0001724034,-0.0001266018,0.0007587013,4064.34794181,4069.60569232,4066.39710038,4064.09927523,4064.28542169,4067.88513931
eth4h:row14125:1710201600,2024-03-12 00:00:00,4028.69000000,-0.01349346,0.04614881,-0.00168588,-0.03928163,-0.04361764,-0.00538450,-0.0001166589,0.0011908428,0.0004054628,-0.0001805362,-0.0001188734,0.0007717316,4028.22004502,4033.49039431,4030.32381505,4027.96274132,4028.21112422,4031.80026736
eth4h:row14126:1710216000,2024-03-12 04:00:00,4027.13000000,-0.01385984,0.04614533,-0.00094201,-0.03867507,-0.04304723,-0.00512109,-0.0001237932,0.0011907749,0.0004199480,-0.0001687246,-0.0001077658,0.0007768609,4026.63149946,4031.92826172,4028.82154019,4026.45058137,4026.69603645,4030.25973535
eth4h:row14127:1710230400,2024-03-12 08:00:00,4020.83000000,-0.01399681,0.04586778,-0.00054781,-0.03822448,-0.04176296,-0.00496046,-0.0001264604,0.0011853703,0.0004276241,-0.0001599505,-0.0000827574,0.0007799889,4020.32155620,4025.59899829,4022.54977135,4020.18691761,4020.49726033,4023.96742621
eth4h:row14128:1710244800,2024-03-12 12:00:00,3988.46000000,-0.01454182,0.04631088,-0.00031977,-0.03819529,-0.04140038,-0.00526408,-0.0001370733,0.0011939987,0.0004320648,-0.0001593821,-0.0000756970,0.0007740766,3987.91332595,3993.22506023,3990.18364548,3987.82436163,3988.15809684,3991.54856876
eth4h:row14129:1710259200,2024-03-12 16:00:00,3980.23000000,-0.01372170,0.04563019,-0.00054835,-0.03730082,-0.04071648,-0.00522788,-0.0001211034,0.0011807438,0.0004276136,-0.0001419642,-0.0000623795,0.0007747814,3979.74800994,3984.93240764,3981.93236450,3979.66499008,3979.98172304,3983.31500315
eth4h:row14130:1710273600,2024-03-12 20:00:00,3979.96000000,-0.01309624,0.04510862,-0.00077863,-0.03646928,-0.04040704,-0.00535146,-0.0001089239,0.0011705874,0.0004231295,-0.0001257716,-0.0000563539,0.0007723750,3979.52651102,3984.62161880,3981.64439485,3979.45946540,3979.73572021,3983.03520924
eth4h:row14131:1710288000,2024-03-13 00:00:00,4043.78000000,-0.01277347,0.04550011,-0.00030876,-0.03643159,-0.03981365,-0.00425245,-0.0001026385,0.0011782107,0.0004322791,-0.0001250378,-0.0000447988,0.0007937758,4043.36497367,4048.54723257,4045.52841939,4043.27440626,4043.59884760,4046.99112899
eth4h:row14132:1710302400,2024-03-13 04:00:00,4038.36000000,-0.01168501,0.04401345,-0.00076894,-0.03481057,-0.03884537,-0.00410168,-0.0000814432,0.0011492612,0.0004233181,-0.0000934719,-0.0000259437,0.0007967117,4038.03111638,4043.00379838,4040.06987284,4037.98254453,4038.25523144,4041.57869075
eth4h:row14133:1710316800,2024-03-13 08:00:00,4048.90000000,-0.01081634,0.04171158,-0.00136545,-0.03299151,-0.03845344,-0.00462754,-0.0000645276,0.0011044372,0.0004117024,-0.0000580496,-0.0000183117,0.0007864718,4048.63874270,4053.37422612,4050.56728506,4048.66496966,4048.82585850,4052.08559835
eth4h:row14134:1710331200,2024-03-13 12:00:00,3962.80000000,-0.00994051,0.04025541,-0.00210228,-0.03179967,-0.03775299,-0.00500535,-0.0000474727,0.0010760814,0.0003973542,-0.0000348411,-0.0000046721,0.0007791148,3962.61187976,3967.06659065,3964.37494804,3962.66193397,3962.78148564,3965.88867909
eth4h:row14135:1710345600,2024-03-13 16:00:00,4000.44000000,-0.01070981,0.04131717,-0.00262448,-0.03296087,-0.03843189,-0.00564358,-0.0000624532,0.0010967570,0.0003871855,-0.0000574530,-0.0000178921,0.0007666866,4000.19016763,4004.82991766,4001.98921241,4000.21016913,4000.36842436,4003.50825976
eth4h:row14136:1710360000,2024-03-13 20:00:00,4004.79000000,-0.01121725,0.04213295,-0.00289800,-0.03410811,-0.03878198,-0.00566133,-0.0000723346,0.0011126426,0.0003818592,-0.0000797931,-0.0000247093,0.0007663410,4004.50032579,4009.24837971,4006.31955798,4004.47045824,4004.69104564,4007.86021105
eth4h:row14137:1710374400,2024-03-14 00:00:00,3993.77000000,-0.01198016,0.04293764,-0.00285092,-0.03496967,-0.03920812,-0.00531453,-0.0000871906,0.0011283122,0.0003827761,-0.0000965700,-0.0000330075,0.0007730942,3993.42179610,3998.27876269,3995.29901250,3993.38434023,3993.63817770,3996.85875432
eth4h:row14138:1710388800,2024-03-14 04:00:00,3963.46000000,-0.01154421,0.04219256,-0.00309920,-0.03406870,-0.03909481,-0.00548370,-0.0000787014,0.0011138033,0.0003779414,-0.0000790256,-0.0000308011,0.0007697999,3963.14808236,3967.87697400,3964.95823860,3963.14679764,3963.33792298,3966.51224597
eth4h:row14139:1710403200,2024-03-14 08:00:00,3955.04000000,-0.01102471,0.04098619,-0.00351972,-0.03336979,-0.03948051,-0.00564108,-0.0000685853,0.0010903118,0.0003697525,-0.0000654158,-0.0000383118,0.0007667352,3954.76875173,3959.35457862,3956.50265647,3954.78128621,3954.88847821,3958.07363122
eth4h:row14140:1710417600,2024-03-14 12:00:00,3845.81000000,-0.01045802,0.03988967,-0.00420601,-0.03276561,-0.04027168,-0.00624553,-0.0000575502,0.0010689595,0.0003563886,-0.0000536507,-0.0000537180,0.0007549648,3845.58867921,3849.92321333,3847.18084697,3845.60367519,3845.60341643,3848.71454755
eth4h:row14141:1710432000,2024-03-14 16:00:00,3785.89000000,-0.01096179,0.03969843,-0.00465180,-0.03245681,-0.04098208,-0.00723318,-0.0000673599,0.0010652355,0.0003477078,-0.0000476375,-0.0000675514,0.0007357326,3785.63499137,3789.92501326,3787.20661220,3785.70965382,3785.63426632,3788.67642775
eth4h:row14142:1710446400,2024-03-14 20:00:00,3881.70000000,-0.01138425,0.03994033,-0.00479063,-0.03251381,-0.04160164,-0.00762790,-0.0000755865,0.0010699461,0.0003450044,-0.0000487474,-0.0000796160,0.0007280462,3881.40660712,3885.85543247,3883.03943465,3881.51078171,3881.39096671,3884.52708608
eth4h:row14143:1710460800,2024-03-15 00:00:00,3722.20000000,-0.01486076,0.04534916,-0.00320922,-0.03821933,-0.04436276,-0.00606069,-0.0001432841,0.0011752713,0.0003757989,-0.0001598501,-0.0001333830,0.0007585644,3721.66670617,3726.57716637,3723.59906158,3721.60505345,3721.70355492,3725.02459944
eth4h:row14144:1710475200,2024-03-15 04:00:00,3754.12000000,-0.01590966,0.04668287,-0.00247507,-0.03917528,-0.04434279,-0.00542306,-0.0001637090,0.0012012425,0.0003900949,-0.0001784653,-0.0001329942,0.0007709808,3753.50546703,3758.63231797,3755.58474876,3753.45007978,3753.62075712,3757.01547043
eth4h:row14145:1710489600,2024-03-15 08:00:00,3689.33000000,-0.01617575,0.04673383,-0.00230308,-0.03920394,-0.04442502,-0.00521779,-0.0001688905,0.0012022348,0.0003934440,-0.0001790233,-0.0001345953,0.0007749779,3688.70695968,3693.76810831,3690.78183043,3688.66958326,3688.83346687,3692.19025721
eth4h:row14146:1710504000,2024-03-15 12:00:00,3688.90000000,-0.01600388,0.04714153,-0.00243362,-0.03943619,-0.04449362,-0.00530281,-0.0001655437,0.0012101738,0.0003909022,-0.0001835458,-0.0001359313,0.0007733224,3688.28937623,3693.36691254,3690.34228083,3688.22298000,3688.39859728,3691.75381248
eth4h:row14147:1710518400,2024-03-15 16:00:00,3689.54000000,-0.01636197,0.04755438,-0.00235000,-0.03958033,-0.04475597,-0.00518151,-0.0001725168,0.0012182132,0.0003925304,-0.0001863526,-0.0001410399,0.0007756844,3688.90354739,3694.03738521,3690.98854100,3688.85250868,3689.01966416,3692.40302892
eth4h:row14148:1710532800,2024-03-15 20:00:00,3742.19000000,-0.01591645,0.04742999,-0.00242532,-0.03961211,-0.04478494,-0.00484710,-0.0001638413,0.0012157909,0.0003910636,-0.0001869715,-0.0001416040,0.0007821964,3741.57692485,3746.74248740,3743.65372060,3741.49038241,3741.66012831,3745.11827248
eth4h:row14149:1710547200,2024-03-16 00:00:00,3735.52000000,-0.01612443,0.04760591,-0.00212243,-0.03979472,-0.04505698,-0.00477149,-0.0001678912,0.0012192166,0.0003969617,-0.0001905275,-0.0001469013,0.0007836687,3734.89289171,3740.07718558,3737.00315284,3734.80834836,3734.97128741,3738.44855735
eth4h:row14150:1710561600,2024-03-16 04:00:00,3740.19000000,-0.01580141,0.04760293,-0.00170397,-0.03999485,-0.04460577,-0.00454581,-0.0001616012,0.0012191586,0.0004051105,-0.0001944245,-0.0001381151,0.0007880633,3739.58562953,3744.75266548,3741.70549725,3739.46288614,3739.67345912,3743.13866805
eth4h:row14151:1710576000,2024-03-16 08:00:00,3692.29000000,-0.01475957,0.04738716,-0.00158973,-0.04006762,-0.04441372,-0.00426165,-0.0001413136,0.0012149570,0.0004073351,-0.0001958417,-0.0001343754,0.0007935968,3691.76826622,3696.77869963,3693.79430563,3691.56696655,3691.79388049,3695.22135241
eth4h:row14152:1710590400,2024-03-16 12:00:00,3679.55000000,-0.01466328,0.04779989,-0.00125496,-0.04038080,-0.04418165,-0.00420835,-0.0001394385,0.0012229940,0.0004138540,-0.0002019401,-0.0001298563,0.0007946346,3679.03696486,3684.05282055,3681.07311164,3678.80702620,3679.07221829,3682.47505959
eth4h:row14153:1710604800,2024-03-16 16:00:00,3600.60000000,-0.01346593,0.04598627,-0.00146617,-0.03785936,-0.04241840,-0.00487462,-0.0001161226,0.0011876777,0.0004097410,-0.0001528405,-0.0000955207,0.0007816604,3600.18191313,3604.87889274,3602.07561579,3600.04972444,3600.25608450,3603.41554676
eth4h:row14154:1710619200,2024-03-16 20:00:00,3523.09000000,-0.01366447,0.04648466,-0.00106948,-0.03791737,-0.04235301,-0.00447834,-0.0001199888,0.0011973826,0.0004174657,-0.0001539702,-0.0000942475,0.0007893771,3522.66729392,3527.31101338,3524.56107635,3522.54759105,3522.75797333,3525.87214466
eth4h:row14155:1710633600,2024-03-17 00:00:00,3571.50000000,-0.01404907,0.04666585,-0.00019081,-0.03783406,-0.04094229,-0.00374383,-0.0001274781,0.0012009111,0.0004345759,-0.0001523478,-0.0000667767,0.0008036801,3571.04474112,3575.79163035,3573.05242515,3570.95593119,3571.26151501,3574.37149721
eth4h:row14156:1710648000,2024-03-17 04:00:00,3472.72000000,-0.01383694,0.04553656,0.00009224,-0.03585118,-0.03994928,-0.00378626,-0.0001233472,0.0011789204,0.0004400876,-0.0001137355,-0.0000474399,0.0008028538,3472.29167602,3476.81647474,3474.24863752,3472.32505102,3472.55525841,3475.50920613
eth4h:row14157:1710662400,2024-03-17 08:00:00,3578.99000000,-0.01227610,0.04333023,-0.00048182,-0.03291715,-0.03831316,-0.00407638,-0.0000929533,0.0011359570,0.0004289092,-0.0000566017,-0.0000155800,0.0007972044,3578.65733652,3583.05788875,3580.52539105,3578.78742883,3578.93423961,3581.84432425
eth4h:row14158:1710676800,2024-03-17 12:00:00,3628.42000000,-0.01215686,0.04334302,-0.00056710,-0.03278792,-0.03816325,-0.00404480,-0.0000906314,0.0011362060,0.0004272484,-0.0000540851,-0.0000126610,0.0007978193,3628.09116619,3632.54497538,3629.97056801,3628.22376196,3628.37406103,3631.31597855
eth4h:row14159:1710691200,2024-03-17 16:00:00,3651.18000000,-0.01224710,0.04368932,-0.00021851,-0.03294508,-0.03824342,-0.00311039,-0.0000923886,0.0011429495,0.0004340366,-0.0000571455,-0.0000142221,0.0008160150,3650.84268804,3655.35549994,3652.76508983,3650.97135757,3651.12807308,3654.16063358
eth4h:row14160:1710705600,2024-03-17 20:00:00,3644.71000000,-0.01205514,0.04401676,-0.00027366,-0.03336636,-0.03796271,-0.00271164,-0.0000886507,0.0011493256,0.0004329626,-0.0000653491,-0.0000087559,0.0008237797,3644.38690825,3648.90136670,3646.28836468,3644.47182927,3644.67808752,3647.71367528
eth4h:row14161:1710720000,2024-03-18 00:00:00,3600.39000000,-0.01106477,0.04353187,-0.00073021,-0.03339161,-0.03775362,-0.00266937,-0.0000693653,0.0011398835,0.0004240723,-0.0000658406,-0.0000046842,0.0008246029,3600.14026666,3604.49636526,3601.91714933,3600.15295582,3600.37313496,3603.36011663
eth4h:row14162:1710734400,2024-03-18 04:00:00,3626.65000000,-0.01026654,0.04277266,-0.00109820,-0.03343531,-0.03775305,-0.00276278,-0.0000538215,0.0011250995,0.0004169066,-0.0000666917,-0.0000046732,0.0008227839,3626.45481334,3630.73263832,3628.16228942,3626.40814060,3626.63305194,3629.63517709
eth4h:row14163:1710748800,2024-03-18 08:00:00,3597.82000000,-0.00950207,0.04192064,-0.00162545,-0.03279928,-0.03687916,-0.00331666,-0.0000389351,0.0011085083,0.0004066394,-0.0000543065,0.0000123440,0.0008119983,3597.67992138,3601.81042452,3599.28331290,3597.62462041,3597.86441168,3600.74261030
eth4h:row14164:1710763200,2024-03-18 12:00:00,3525.18000000,-0.00823043,0.04000378,-0.00256483,-0.03126329,-0.03610543,-0.00430376,-0.0000141727,0.0010711816,0.0003883471,-0.0000243962,0.0000274107,0.0007927768,3525.13003899,3528.95813129,3526.54925921,3525.09399989,3525.27662882,3527.97578882
eth4h:row14165:1710777600,2024-03-18 16:00:00,3478.89000000,-0.00890511,0.04026336,-0.00259669,-0.03188204,-0.03629950,-0.00475783,-0.0000273106,0.0010762364,0.0003877266,-0.0000364452,0.0000236315,0.0007839346,3478.79499057,3482.63612345,3480.23911956,3478.76321354,3478.97221239,3481.61829154
eth4h:row14166:1710792000,2024-03-18 20:00:00,3520.46000000,-0.00959480,0.04150320,-0.00172723,-0.03280709,-0.03601540,-0.00401286,-0.0000407408,0.0011003795,0.0004046574,-0.0000544585,0.0000291639,0.0007984413,3520.31657664,3524.33597416,3521.88486853,3520.26828620,3520.56267167,3523.27200300
eth4h:row14167:1710806400,2024-03-19 00:00:00,3419.17000000,-0.00920779,0.04106919,-0.00205372,-0.03239598,-0.03672687,-0.00453467,-0.0000332045,0.0010919281,0.0003982998,-0.0000464531,0.0000153095,0.0007882803,3419.05646993,3422.90552680,3420.53212611,3419.01117274,3419.22234616,3421.86632698
eth4h:row14168:1710820800,2024-03-19 04:00:00,3360.14000000,-0.00898609,0.04023177,-0.00206924,-0.03146301,-0.03660465,-0.00455132,-0.0000288874,0.0010756212,0.0003979976,-0.0000282854,0.0000176894,0.0007879559,3360.04293563,3363.75618234,3361.47759392,3360.04495855,3360.19943955,3362.78868553
eth4h:row14169:1710835200,2024-03-19 08:00:00,3276.51000000,-0.00910027,0.03937180,-0.00216323,-0.03005388,-0.03648169,-0.00477816,-0.0000311110,0.0010588750,0.0003961672,-0.0000008456,0.0000200839,0.0007835388,3276.40806617,3279.98125216,3277.80830311,3276.50722926,3276.57580581,3279.07827882
eth4h:row14170:1710849600,2024-03-19 12:00:00,3303.16000000,-0.01015055,0.03969426,-0.00207039,-0.02971185,-0.03712559,-0.00485050,-0.0000515629,0.0010651543,0.0003979751,0.0000058146,0.0000075452,0.0007821302,3302.98968395,3306.68024948,3304.47483719,3303.17920656,3303.18492303,3305.74451177
eth4h:row14171:1710864000,2024-03-19 16:00:00,3333.26000000,-0.01108219,0.04026789,-0.00213344,-0.02971154,-0.03737790,-0.00468535,-0.0000697045,0.0010763246,0.0003967474,0.0000058207,0.0000026321,0.0007853461,3333.02766498,3336.84960112,3334.58272475,3333.27940189,3333.26877334,3335.87879104
eth4h:row14172:1710878400,2024-03-19 20:00:00,3158.64000000,-0.01271805,0.04165346,-0.00179412,-0.03131106,-0.03837434,-0.00408797,-0.0001015594,0.0011033056,0.0004033549,-0.0000253265,-0.0000167715,0.0007969787,3158.31922673,3162.12686825,3159.91430976,3158.56000364,3158.58702540,3161.15837213
eth4h:row14173:1710892800,2024-03-20 00:00:00,3161.02000000,-0.01385944,0.04357217,-0.00174154,-0.03350114,-0.03925709,-0.00349529,-0.0001237854,0.0011406682,0.0004043789,-0.0000679737,-0.0000339610,0.0008085200,3160.62873614,3164.62773208,3162.29850814,3160.80514118,3160.91265036,3163.57678122
eth4h:row14174:1710907200,2024-03-20 04:00:00,3218.48000000,-0.01380409,0.04459292,-0.00196770,-0.03439574,-0.03923000,-0.00326374,-0.0001227077,0.0011605452,0.0003999748,-0.0000853939,-0.0000334335,0.0008130289,3218.08509194,3222.21735992,3219.76756848,3218.20517318,3218.37239676,3221.09778120
eth4h:row14175:1710921600,2024-03-20 08:00:00,3293.26000000,-0.01268697,0.04352999,-0.00283120,-0.03380136,-0.03967322,-0.00343559,-0.0001009541,0.0011398470,0.0003831600,-0.0000738197,-0.0000420643,0.0008096825,3292.92754867,3297.01595268,3294.52208740,3293.01690158,3293.12147440,3295.92757484
eth4h:row14176:1710936000,2024-03-20 12:00:00,3292.55000000,-0.01293430,0.04459453,-0.00275126,-0.03568616,-0.04093087,-0.00270822,-0.0001057703,0.0011605766,0.0003847166,-0.0001105221,-0.0000665544,0.0008238465,3292.20176438,3296.37347471,3293.81694247,3292.18612041,3292.33087353,3295.26367341
eth4h:row14177:1710950400,2024-03-20 16:00:00,3379.01000000,-0.01200593,0.04386909,-0.00312712,-0.03576149,-0.04117740,-0.00312832,-0.0000876923,0.0011464500,0.0003773977,-0.0001119889,-0.0000713550,0.0008156659,3378.71369994,3382.88608761,3380.28547139,3378.63160941,3378.76889948,3381.76726766
eth4h:row14178:1710964800,2024-03-20 20:00:00,3516.53000000,-0.01215421,0.04458354,-0.00335577,-0.03749235,-0.04239062,-0.00387597,-0.0000905797,0.0011603624,0.0003729451,-0.0001456937,-0.0000949799,0.0008011070,3516.21148809,3520.61281763,3517.84171725,3516.01770108,3516.19601636,3519.34824564
eth4h:row14179:1710979200,2024-03-21 00:00:00,3510.59000000,-0.01202141,0.04502536,-0.00320790,-0.03833642,-0.04287673,-0.00431198,-0.0000879938,0.0011689659,0.0003758246,-0.0001621303,-0.0001044457,0.0007926166,3510.28110360,3514.69615956,3511.90961401,3510.02087328,3510.22335308,3513.37365488
eth4h:row14180:1710993600,2024-03-21 04:00:00,3516.03000000,-0.01304787,0.04587779,-0.00260151,-0.03964334,-0.04427064,-0.00454843,-0.0001079820,0.0011855653,0.0003876328,-0.0001875797,-0.0001315892,0.0007880123,3515.65035265,3520.20095501,3517.39319285,3515.37052592,3515.56735894,3518.80176698
eth4h:row14181:1711008000,2024-03-21 08:00:00,3531.18000000,-0.01372060,0.04674269,-0.00165196,-0.03999708,-0.04361118,-0.00441980,-0.0001210819,0.0012024072,0.0004061232,-0.0001944680,-0.0001187475,0.0007905171,3530.75246393,3535.42846990,3532.61438537,3530.49336519,3530.76070607,3533.97256170
eth4h:row14182:1711022400,2024-03-21 12:00:00,3497.60000000,-0.01355547,0.04729951,-0.00080781,-0.03969155,-0.04287336,-0.00415490,-0.0001178663,0.0012132502,0.0004225612,-0.0001885184,-0.0001043801,0.0007956754,3497.18777530,3501.84603907,3499.07826241,3496.94070013,3497.23493910,3500.38406168
eth4h:row14183:1711036800,2024-03-21 16:00:00,3441.38000000,-0.01351002,0.04673184,0.00041014,-0.03818547,-0.04215146,-0.00361755,-0.0001169812,0.0012021959,0.0004462782,-0.0001591909,-0.0000903227,0.0008061391,3440.97744665,3445.51970095,3442.91615574,3440.83220738,3441.06917945,3444.15534959
eth4h:row14184:1711051200,2024-03-21 20:00:00,3492.85000000,-0.01378115,0.04601315,0.00137234,-0.03678739,-0.04101870,-0.00318297,-0.0001222608,0.0011882011,0.0004650150,-0.0001319661,-0.0000682647,0.0008146017,3492.42298732,3497.00267499,3494.47460520,3492.38909248,3492.61156988,3495.69644086
eth4h:row14185:1711065600,2024-03-22 00:00:00,3522.01000000,-0.01371688,0.04628200,0.00201286,-0.03594449,-0.03996897,-0.00243941,-0.0001210093,0.0011934364,0.0004774877,-0.0001155525,-0.0000478235,0.0008290810,3521.58382965,3526.21580396,3523.69211795,3521.60304645,3521.84156917,3524.93124226
eth4h:row14186:1711080000,2024-03-22 04:00:00,3511.40000000,-0.01367533,0.04678655,0.00253975,-0.03568494,-0.03884835,-0.00187192,-0.0001202004,0.0012032614,0.0004877477,-0.0001104984,-0.0000260017,0.0008401316,3510.97795382,3515.62767522,3513.11309512,3511.01201751,3511.30869877,3514.35127757
eth4h:row14187:1711094400,2024-03-22 08:00:00,3405.19000000,-0.01286936,0.04601423,0.00252043,-0.03459884,-0.03764222,-0.00151392,-0.0001045058,0.0011882220,0.0004873715,-0.0000893489,-0.0000025149,0.0008471029,3404.83415663,3409.23852660,3406.84999713,3404.88576366,3405.18143615,3408.07576829
eth4h:row14188:1711108800,2024-03-22 12:00:00,3349.31000000,-0.01235981,0.04514764,0.00244625,-0.03350769,-0.03648046,-0.00114353,-0.0000945835,0.0011713470,0.0004859271,-0.0000681010,0.0000201077,0.0008543154,3348.99322563,3353.23550294,3350.93791589,3349.08191624,3349.37734763,3352.17258978
eth4h:row14189:1711123200,2024-03-22 16:00:00,3340.46000000,-0.01265699,0.04651151,0.00259345,-0.03452608,-0.03563384,-0.00061838,-0.0001003703,0.0011979055,0.0004887935,-0.0000879320,0.0000365939,0.0008645415,3340.12473390,3344.46395318,3342.09319423,3340.16627960,3340.58224266,3343.34921510
eth4h:row14190:1711137600,2024-03-22 20:00:00,3336.35000000,-0.01114511,0.04528005,0.00168951,-0.03343024,-0.03385613,-0.00051503,-0.0000709298,0.0011739255,0.0004711912,-0.0000665930,0.0000712109,0.0008665540,3336.11336159,3340.26892604,3337.92242913,3336.12782968,3336.58759302,3339.24238038
eth4h:row14191:1711152000,2024-03-23 00:00:00,3303.56000000,-0.01014073,0.04265434,0.00040425,-0.03144404,-0.03321133,-0.00132414,-0.0000513717,0.0011227956,0.0004461635,-0.0000279160,0.0000837671,0.0008507984,3303.39029500,3307.27130561,3305.03425666,3303.46777916,3303.83674113,3306.37185969
eth4h:row14192:1711166400,2024-03-23 04:00:00,3365.28000000,-0.01041277,0.04184333,-0.00036063,-0.03111313,-0.03283922,-0.00174277,-0.0000566690,0.0011070029,0.0004312690,-0.0000214722,0.0000910131,0.0008426465,3365.08929847,3369.00743740,3366.73165397,3365.20774073,3365.58629865,3368.11693638
eth4h:row14193:1711180800,2024-03-23 08:00:00,3364.99000000,-0.01038454,0.04182027,-0.00130836,-0.03156502,-0.03372631,-0.00224948,-0.0000561194,0.0011065537,0.0004128140,-0.0000302719,0.0000737389,0.0008327793,3364.80116412,3368.71560303,3366.37940187,3364.88813704,3365.23813970,3367.79346119
eth4h:row14194:1711195200,2024-03-23 12:00:00,3405.50000000,-0.01071647,0.04296611,-0.00177858,-0.03366528,-0.03547085,-0.00207281,-0.0000625829,0.0011288664,0.0004036576,-0.0000711699,0.0000397677,0.0008362195,3405.28688068,3409.34652539,3406.87493359,3405.25763965,3405.63543175,3408.34893662
eth4h:row14195:1711209600,2024-03-23 16:00:00,3386.12000000,-0.00952689,0.04131023,-0.00287339,-0.03329669,-0.03684653,-0.00290048,-0.0000394185,0.0010966218,0.0003823386,-0.0000639923,0.0000129794,0.0008201026,3385.98652692,3389.83532989,3387.41489181,3385.90332142,3386.16395024,3388.89810479
eth4h:row14196:1711224000,2024-03-23 20:00:00,3329.53000000,-0.00996336,0.04175837,-0.00360085,-0.03423097,-0.03920586,-0.00394843,-0.0000479178,0.0011053483,0.0003681729,-0.0000821855,-0.0000329634,0.0007996960,3329.37046010,3333.21232521,3330.75606829,3329.25637212,3329.42024910,3332.19367658
eth4h:row14197:1711238400,2024-03-24 00:00:00,3307.62000000,-0.01157692,0.04395900,-0.00318201,-0.03686179,-0.04149906,-0.00411261,-0.0000793383,0.0011482009,0.0003763288,-0.0001334149,-0.0000776185,0.0007964990,3307.35758935,3311.41999348,3308.86498678,3307.17874349,3307.36327738,3310.25556558
eth4h:row14198:1711252800,2024-03-24 04:00:00,3341.80000000,-0.01350266,0.04547570,-0.00270919,-0.03876707,-0.04351819,-0.00420627,-0.0001168379,0.0011777354,0.0003855359,-0.0001705161,-0.0001169369,0.0007946752,3341.40957393,3345.73807461,3343.08863237,3341.23021785,3341.40924325,3344.45670097
eth4h:row14199:1711267200,2024-03-24 08:00:00,3387.38000000,-0.01492701,0.04567377,-0.00255982,-0.03948995,-0.04480983,-0.00496642,-0.0001445742,0.0011815923,0.0003884446,-0.0001845927,-0.0001420886,0.0007798728,3386.89030772,3391.38486766,3388.69606498,3386.75477197,3386.89872606,3390.02275603
eth4h:row14200:1711281600,2024-03-24 12:00:00,3397.51000000,-0.01660693,0.04787014,-0.00199404,-0.04138454,-0.04548151,-0.00532764,-0.0001772868,0.0012243619,0.0003994620,-0.0002214858,-0.0001551682,0.0007728389,3396.90771959,3401.67232929,3398.86744711,3396.75758295,3396.98285531,3400.13674271
eth4h:row14201:1711296000,2024-03-24 16:00:00,3382.50000000,-0.01651828,0.04840950,-0.00172788,-0.04179212,-0.04539005,-0.00529409,-0.0001755606,0.0012348648,0.0004046448,-0.0002294225,-0.0001533872,0.0007734922,3381.90621830,3386.67951019,3383.86898798,3381.72406734,3381.98120767,3385.11734946
eth4h:row14202:1711310400,2024-03-24 20:00:00,3454.98000000,-0.01593705,0.04869611,-0.00130028,-0.04178054,-0.04518870,-0.00490839,-0.0001642423,0.0012404459,0.0004129715,-0.0002291971,-0.0001494664,0.0007810028,3454.41259260,3459.26837491,3456.40710277,3454.18821949,3454.46363508,3457.67940287
eth4h:row14203:1711324800,2024-03-25 00:00:00,3454.97000000,-0.01526372,0.04856867,-0.00067103,-0.04092180,-0.04476861,-0.00444802,-0.0001511308,0.0012379644,0.0004252247,-0.0002124750,-0.0001412860,0.0007899675,3454.44788704,3459.24977830,3456.43945086,3454.23598333,3454.48189555,3457.70039230
eth4h:row14204:1711339200,2024-03-25 04:00:00,3444.60000000,-0.01457694,0.04798276,-0.00015075,-0.03989870,-0.04441739,-0.00378805,-0.0001377573,0.0012265550,0.0004353560,-0.0001925523,-0.0001344468,0.0008028190,3444.12551402,3448.82758337,3446.09995384,3443.93679809,3444.13691585,3447.36650078
eth4h:row14205:1711353600,2024-03-25 08:00:00,3436.19000000,-0.01449791,0.04763452,0.00032553,-0.03930214,-0.04370511,-0.00337286,-0.0001362182,0.0012197737,0.0004446305,-0.0001809355,-0.0001205767,0.0008109040,3435.72196022,3440.38393162,3437.71817464,3435.56832763,3435.77570044,3438.97755020
eth4h:row14206:1711368000,2024-03-25 12:00:00,3581.49000000,-0.01472160,0.04752512,0.00084813,-0.03891833,-0.04272509,-0.00345057,-0.0001405742,0.0012176433,0.0004548071,-0.0001734616,-0.0001014930,0.0008093908,3580.98657025,3585.85363353,3583.11925770,3580.86880288,3581.12652242,3584.38999834
eth4h:row14207:1711382400,2024-03-25 16:00:00,3638.96000000,-0.01535860,0.04769564,0.00098257,-0.03926549,-0.04203904,-0.00369978,-0.0001529783,0.0012209640,0.0004574250,-0.0001802219,-0.0000881336,0.0008045378,3638.40336063,3643.40575268,3640.62493217,3638.30423868,3638.63929938,3641.88885904
eth4h:row14208:1711396800,2024-03-25 20:00:00,3590.42000000,-0.01515466,0.04822920,0.00101717,-0.03969763,-0.04134414,-0.00336817,-0.0001490071,0.0012313538,0.0004580987,-0.0001886368,-0.0000746019,0.0008109954,3589.88504189,3594.84380024,3592.06514338,3589.74277852,3590.15215769,3593.33299509
eth4h:row14209:1711411200,2024-03-26 00:00:00,3623.00000000,-0.01460235,0.04866377,0.00131986,-0.03982871,-0.04045767,-0.00266744,-0.0001382520,0.0012398162,0.0004639930,-0.0001911894,-0.0000573399,0.0008246405,3622.49914763,3627.49463984,3624.68143665,3622.30738697,3622.79226368,3625.98890484
eth4h:row14210:1711425600,2024-03-26 04:00:00,3635.13000000,-0.01326126,0.04796047,0.00141999,-0.03834566,-0.03875793,-0.00204884,-0.0001121372,0.0012261209,0.0004659428,-0.0001623102,-0.0000242410,0.0008366864,3634.72238965,3639.58984236,3636.82415720,3634.54002935,3635.04188197,3638.17273661
eth4h:row14211:1711440000,2024-03-26 08:00:00,3631.60000000,-0.01127674,0.04497630,0.00064675,-0.03531451,-0.03755907,-0.00253493,-0.0000734929,0.0011680107,0.0004508857,-0.0001032851,-0.0000008958,0.0008272208,3631.33311299,3635.84422576,3633.23780559,3631.22492931,3631.59674679,3634.60537810
eth4h:row14212:1711454400,2024-03-26 12:00:00,3593.35000000,-0.01097611,0.04373256,0.00047645,-0.03430387,-0.03759042,-0.00251943,-0.0000676388,0.0011437915,0.0004475693,-0.0000836050,-0.0000015063,0.0008275228,3593.10695847,3597.46239469,3594.95863324,3593.04959049,3593.34458727,3596.32480962
eth4h:row14213:1711468800,2024-03-26 16:00:00,3560.82000000,-0.01094343,0.04286907,0.00010404,-0.03399211,-0.03745646,-0.00311933,-0.0000670024,0.0011269769,0.0004403175,-0.0000775341,0.0000011023,0.0008158409,3560.58142442,3564.83522390,3562.38823645,3560.54392566,3560.82392506,3563.72624793
eth4h:row14214:1711483200,2024-03-26 20:00:00,3587.33000000,-0.01090325,0.04258261,-0.00059399,-0.03380054,-0.03731135,-0.00390090,-0.0000662201,0.0011213987,0.0004267248,-0.0000738037,0.0000039279,0.0008006214,3587.09245440,3591.35508359,3588.86112946,3587.06525147,3587.34409087,3590.20324335
eth4h:row14215:1711497600,2024-03-27 00:00:00,3603.11000000,-0.01149386,0.04318298,-0.00115480,-0.03428726,-0.03792719,-0.00490616,-0.0000777209,0.0011330896,0.0004158044,-0.0000832815,-0.0000080641,0.0007810463,3602.82997379,3607.19496017,3604.60850038,3602.80994018,3603.08094423,3605.92529495
eth4h:row14216:1711512000,2024-03-27 04:00:00,3565.21000000,-0.01194328,0.04406414,-0.00102306,-0.03514535,-0.03860731,-0.00451306,-0.0000864724,0.0011502483,0.0004183697,-0.0000999911,-0.0000213080,0.0007887011,3564.90172105,3569.31323631,3566.70188803,3564.85352861,3565.13403346,3568.02299404
eth4h:row14217:1711526400,2024-03-27 08:00:00,3585.07000000,-0.01136795,0.04375250,-0.00121678,-0.03487205,-0.03823970,-0.00436905,-0.0000752690,0.0011441798,0.0004145974,-0.0000946691,-0.0000141495,0.0007915052,3584.80016545,3589.17431216,3586.55666890,3584.73062066,3585.01927336,3587.90872496
eth4h:row14218:1711540800,2024-03-27 12:00:00,3514.30000000,-0.01085953,0.04297347,-0.00181447,-0.03430609,-0.03795025,-0.00458774,-0.0000653688,0.0011290098,0.0004029586,-0.0000836482,-0.0000085133,0.0007872469,3514.07028201,3518.26991973,3515.71640287,3514.00604726,3514.27008186,3517.06771099
eth4h:row14219:1711555200,2024-03-27 16:00:00,3491.18000000,-0.01073939,0.04204182,-0.00237610,-0.03403622,-0.03869063,-0.00499686,-0.0000630292,0.0011108679,0.0003920222,-0.0000783930,-0.0000229306,0.0007792800,3490.95996081,3495.06039474,3492.54888837,3490.90632660,3491.09994615,3493.90166717
eth4h:row14220:1711569600,2024-03-27 20:00:00,3501.19000000,-0.01186506,0.04250405,-0.00225374,-0.03458336,-0.03960914,-0.00523402,-0.0000849493,0.0011198689,0.0003944048,-0.0000890474,-0.0000408165,0.0007746619,3500.89258895,3505.11307012,3502.57115839,3500.87824201,3501.04709650,3503.90328916
eth4h:row14221:1711584000,2024-03-28 00:00:00,3496.61000000,-0.01262322,0.04292087,-0.00273370,-0.03521536,-0.04055927,-0.00584347,-0.0000997128,0.0011279855,0.0003850588,-0.0001013543,-0.0000593182,0.0007627941,3496.26136073,3500.55635067,3497.95665953,3496.25562152,3496.40259349,3499.27821112
eth4h:row14222:1711598400,2024-03-28 04:00:00,3573.88000000,-0.01365505,0.04412786,-0.00289402,-0.03680834,-0.04186530,-0.00602095,-0.0001198054,0.0011514891,0.0003819368,-0.0001323741,-0.0000847503,0.0007593381,3573.45185537,3577.99765413,3575.24525712,3573.40694211,3573.57712553,3576.59481381
eth4h:row14223:1711612800,2024-03-28 08:00:00,3579.73000000,-0.01413311,0.04454262,-0.00283817,-0.03746090,-0.04248367,-0.00583959,-0.0001291146,0.0011595656,0.0003830242,-0.0001450814,-0.0000967917,0.0007628697,3579.26783439,3583.88333946,3581.10138598,3579.21068529,3579.38352875,3582.46190955
eth4h:row14224:1711627200,2024-03-28 12:00:00,3578.70000000,-0.01383586,0.04408733,-0.00316552,-0.03729725,-0.04313798,-0.00632764,-0.0001233263,0.0011506998,0.0003766500,-0.0001418945,-0.0001095329,0.0007533660,3578.25867924,3582.82037974,3580.04817114,3578.19223809,3578.30803595,3581.39708672
eth4h:row14225:1711641600,2024-03-28 16:00:00,3563.05000000,-0.01351148,0.04430727,-0.00346437,-0.03815475,-0.04423208,-0.00643957,-0.0001170097,0.0011549827,0.0003708304,-0.0001585925,-0.0001308382,0.0007511864,3562.63311307,3567.16763863,3564.37153216,3562.48497170,3562.58384736,3565.72752025
eth4h:row14226:1711656000,2024-03-28 20:00:00,3560.49000000,-0.01343806,0.04476840,-0.00325934,-0.03856606,-0.04437000,-0.00647226,-0.0001155800,0.0011639623,0.0003748229,-0.0001666020,-0.0001335240,0.0007505498,3560.07850228,3564.63668881,3561.82480345,3559.89686454,3560.01462081,3563.16332807
eth4h:row14227:1711670400,2024-03-29 00:00:00,3562.39000000,-0.01370165,0.04423837,-0.00342039,-0.03815566,-0.04509638,-0.00698752,-0.0001207128,0.0011536410,0.0003716868,-0.0001586102,-0.0001476685,0.0007405163,3561.95999989,3566.50209059,3563.71433944,3561.82501332,3561.86398589,3565.02898502
eth4h:row14228:1711684800,2024-03-29 04:00:00,3519.43000000,-0.01422256,0.04422984,-0.00328550,-0.03772743,-0.04487131,-0.00750294,-0.0001308565,0.0011534750,0.0003743135,-0.0001502714,-0.0001432858,0.0007304796,3518.96948988,3523.49191676,3520.74761690,3518.90117012,3518.92575162,3522.00181098
eth4h:row14229:1711699200,2024-03-29 08:00:00,3549.85000000,-0.01618193,0.04615168,-0.00247463,-0.03989574,-0.04540444,-0.00700938,-0.0001690110,0.0011908985,0.0003901035,-0.0001924946,-0.0001536675,0.0007400905,3549.25008715,3554.08002948,3551.23507893,3549.16673885,3549.30454542,3552.47818278
eth4h:row14230:1711713600,2024-03-29 12:00:00,3488.53000000,-0.01644774,0.04695282,-0.00184123,-0.04021284,-0.04470349,-0.00659863,-0.0001741870,0.0012064991,0.0004024375,-0.0001986694,-0.0001400180,0.0007480892,3487.92239644,3492.74144847,3489.93419778,3487.83700482,3488.04157728,3491.14070784
eth4h:row14231:1711728000,2024-03-29 16:00:00,3500.34000000,-0.01652390,0.04766680,-0.00147146,-0.04010857,-0.04438198,-0.00632429,-0.0001756700,0.0012204022,0.0004096380,-0.0001966391,-0.0001337573,0.0007534311,3499.72514920,3504.61443051,3501.77416602,3499.65176412,3499.87183524,3502.97825891
eth4h:row14232:1711742400,2024-03-29 20:00:00,3509.74000000,-0.01580283,0.04680905,-0.00193566,-0.03921443,-0.04434565,-0.00652569,-0.0001616288,0.0012036996,0.0004005987,-0.0001792275,-0.0001330499,0.0007495094,3509.17277079,3513.96721626,3511.14627892,3509.11101434,3509.27306056,3512.37156911
eth4h:row14233:1711756800,2024-03-30 00:00:00,3490.00000000,-0.01527238,0.04661057,-0.00191172,-0.03865936,-0.04400057,-0.00588742,-0.0001512994,0.0011998346,0.0004010648,-0.0001684188,-0.0001263302,0.0007619383,3489.47200504,3494.18993572,3491.39999705,3489.41226797,3489.55913554,3492.66017793
eth4h:row14234:1711771200,2024-03-30 04:00:00,3492.64000000,-0.01530333,0.04642636,-0.00166381,-0.03787057,-0.04369444,-0.00533539,-0.0001519021,0.0011962475,0.0004058924,-0.0001530587,-0.0001203690,0.0007726878,3492.10950102,3496.82056187,3494.05792368,3492.10546185,3492.21961984,3495.33976338
eth4h:row14235:1711785600,2024-03-30 08:00:00,3560.00000000,-0.01529503,0.04566295,-0.00176877,-0.03704591,-0.04317582,-0.00546727,-0.0001517405,0.0011813816,0.0004038486,-0.0001370003,-0.0001102700,0.0007701199,3559.45984497,3564.20820382,3561.43799127,3559.51231247,3559.60746058,3562.74268266
eth4h:row14236:1711800000,2024-03-30 12:00:00,3536.61000000,-0.01521292,0.04547990,-0.00204171,-0.03719060,-0.04294900,-0.00541909,-0.0001501416,0.0011778172,0.0003985337,-0.0001398178,-0.0001058530,0.0007710581,3536.07904747,3540.77793413,3538.01973921,3536.11555356,3536.23565895,3539.33798343
eth4h:row14237:1711814400,2024-03-30 16:00:00,3509.02000000,-0.01535536,0.04568664,-0.00231002,-0.03766866,-0.04310925,-0.00556125,-0.0001529153,0.0011818430,0.0003933090,-0.0001491270,-0.0001089735,0.0007682898,3508.48345802,3513.16956226,3510.40040042,3508.49674953,3508.63763068,3511.71698007
eth4h:row14238:1711828800,2024-03-30 20:00:00,3505.64000000,-0.01507322,0.04607383,-0.00248076,-0.03817525,-0.04303861,-0.00555844,-0.0001474213,0.0011893827,0.0003899841,-0.0001589918,-0.0001075981,0.0007683445,3505.12323207,3509.81202818,3507.00741034,3505.08267630,3505.26282011,3508.33457415
eth4h:row14239:1711843200,2024-03-31 00:00:00,3537.26000000,-0.01305416,0.04398707,-0.00350893,-0.03595967,-0.04157541,-0.00599028,-0.0001081044,0.0011487476,0.0003699628,-0.0001158482,-0.0000791053,0.0007599354,3536.87762722,3541.32575373,3538.56889660,3536.85023860,3536.98019489,3539.94911074
eth4h:row14240:1711857600,2024-03-31 04:00:00,3625.38000000,-0.01202419,0.04260693,-0.00390111,-0.03463050,-0.04128448,-0.00621378,-0.0000880480,0.0011218722,0.0003623258,-0.0000899655,-0.0000734401,0.0007555832,3625.06080654,3629.44949549,3626.69380684,3625.05385557,3625.11376148,3628.12031126
eth4h:row14241:1711872000,2024-03-31 08:00:00,3609.20000000,-0.01207612,0.04338370,-0.00300513,-0.03583425,-0.04148007,-0.00511246,-0.0000890592,0.0011369981,0.0003797732,-0.0001134058,-0.0000772489,0.0007770290,3608.87858167,3613.30598740,3610.57093773,3608.79071886,3608.92120421,3612.00554309
eth4h:row14242:1711886400,2024-03-31 12:00:00,3617.68000000,-0.01057623,0.04125807,-0.00344415,-0.03411805,-0.04069767,-0.00598679,-0.0000598521,0.0010956062,0.0003712241,-0.0000799866,-0.0000620133,0.0007600033,3617.46348071,3621.64572483,3619.02321939,3617.39064558,3617.45566270,3620.43049380
eth4h:row14243:1711900800,2024-03-31 16:00:00,3638.18000000,-0.01024696,0.04091767,-0.00360457,-0.03368128,-0.04083959,-0.00690209,-0.0000534403,0.0010889776,0.0003681003,-0.0000714815,-0.0000647769,0.0007421799,3637.98557989,3642.14405468,3639.51946174,3637.91994671,3637.94433778,3640.88118626
eth4h:row14244:1711915200,2024-03-31 20:00:00,3645.29000000,-0.01059888,0.04189200,-0.00324291,-0.03468100,-0.04142217,-0.00691211,-0.0000602932,0.0011079506,0.0003751428,-0.0000909489,-0.0000761213,0.0007419847,3645.07022056,3649.33103934,3646.65776099,3644.95848006,3645.01252650,3647.99575325
eth4h:row14245:1711929600,2024-04-01 00:00:00,3610.42000000,-0.01227769,0.04394916,-0.00216443,-0.03649942,-0.04206289,-0.00644724,-0.0000929844,0.0011480094,0.0003961439,-0.0001263586,-0.0000885979,0.0007510370,3610.08430305,3614.56717617,3611.85052916,3609.96382105,3610.10013854,3613.13257738
eth4h:row14246:1711944000,2024-04-01 04:00:00,3546.88000000,-0.01314399,0.04497514,-0.00106948,-0.03657807,-0.04099835,-0.00564811,-0.0001098536,0.0011679880,0.0004174657,-0.0001278902,-0.0000678683,0.0007665984,3546.49038403,3551.02513371,3548.36100993,3546.42641799,3546.63928744,3549.60007494
eth4h:row14247:1711958400,2024-04-01 08:00:00,3537.98000000,-0.01277223,0.04434354,-0.00059928,-0.03490848,-0.03928138,-0.00540033,-0.0001026144,0.0011556890,0.0004266220,-0.0000953786,-0.0000344340,0.0007714233,3537.61697077,3542.07116814,3539.48970201,3537.64256860,3537.85817531,3540.71033317
eth4h:row14248:1711972800,2024-04-01 12:00:00,3444.04000000,-0.01210651,0.04296339,-0.00053904,-0.03322479,-0.03808648,-0.00518018,-0.0000896509,0.0011288136,0.0004277948,-0.0000625922,-0.0000111660,0.0007757102,3443.73125255,3447.92987438,3445.51365769,3443.82443667,3444.00154403,3446.71261353
eth4h:row14249:1711987200,2024-04-01 16:00:00,3486.33000000,-0.01150879,0.04210744,-0.00088983,-0.03211143,-0.03763083,-0.00525125,-0.0000780117,0.0011121458,0.0004209641,-0.0000409120,-0.0000022933,0.0007743264,3486.05803613,3490.20946418,3487.79792883,3486.18737010,3486.32200497,3489.03060288
eth4h:row14250:1712001600,2024-04-01 20:00:00,3503.80000000,-0.01139943,0.04207126,-0.00125306,-0.03185165,-0.03781769,-0.00526698,-0.0000758821,0.0011114413,0.0004138910,-0.0000358532,-0.0000059320,0.0007740202,3503.53413423,3507.69643290,3505.25049143,3503.67437968,3503.77921566,3506.51306166
eth4h:row14251:1712016000,2024-04-02 00:00:00,3366.08000000,-0.01099923,0.04217554,-0.00154259,-0.03170950,-0.03730599,-0.00473411,-0.0000680891,0.0011134719,0.0004082529,-0.0000330853,0.0000040324,0.0007843966,3365.85081443,3369.83012287,3367.45449244,3365.96863399,3366.09357343,3368.72137737
eth4h:row14252:1712030400,2024-04-02 04:00:00,3362.90000000,-0.01129483,0.04197813,-0.00178578,-0.03163382,-0.03757317,-0.00440991,-0.0000738452,0.0011096277,0.0004035173,-0.0000316116,-0.0000011703,0.0007907097,3362.65167526,3366.63363820,3364.25726231,3362.79369515,3362.89606439,3365.56012934
eth4h:row14253:1712044800,2024-04-02 08:00:00,3308.64000000,-0.01108588,0.04143874,-0.00213152,-0.03134159,-0.03727237,-0.00429515,-0.0000697764,0.0010991242,0.0003967847,-0.0000259211,0.0000046870,0.0007929443,3308.40914296,3312.27860569,3309.95307831,3308.55423759,3308.65550772,3311.26460775
eth4h:row14254:1712059200,2024-04-02 12:00:00,3240.13000000,-0.01094118,0.04082323,-0.00270120,-0.03116077,-0.03742812,-0.00459545,-0.0000669586,0.0010871386,0.0003856916,-0.0000223999,0.0000016542,0.0007870967,3239.91305266,3243.65438566,3241.37993198,3240.05742225,3240.13535980,3242.68129961
eth4h:row14255:1712073600,2024-04-02 16:00:00,3277.53000000,-0.01021473,0.03941352,-0.00419978,-0.03055109,-0.03738872,-0.00561281,-0.0000528126,0.0010596875,0.0003565100,-0.0000105277,0.0000024214,0.0007672858,3277.35690958,3281.00499850,3278.69868053,3277.49549542,3277.53793620,3280.04576723
eth4h:row14256:1712088000,2024-04-02 20:00:00,3278.96000000,-0.01051781,0.03931702,-0.00499721,-0.03068441,-0.03801978,-0.00636545,-0.0000587144,0.0010578084,0.0003409817,-0.0000131238,-0.0000098672,0.0007526297,3278.76748362,3282.43034655,3280.07825588,3278.91696785,3278.92764595,3281.42877159
eth4h:row14257:1712102400,2024-04-03 00:00:00,3315.41000000,-0.01080115,0.03993718,-0.00503736,-0.03168957,-0.03878859,-0.00626205,-0.0000642319,0.0010698846,0.0003402000,-0.0000326971,-0.0000248381,0.0007546433,3315.19705175,3318.95900426,3316.53809420,3315.30159754,3315.32765240,3317.91289628
eth4h:row14258:1712116800,2024-04-03 04:00:00,3305.53000000,-0.01083118,0.04025004,-0.00502478,-0.03247068,-0.03987984,-0.00620362,-0.0000648166,0.0010759770,0.0003404449,-0.0000479077,-0.0000460877,0.0007557811,3305.31575376,3309.08858826,3306.65554226,3305.37164351,3305.37765917,3308.02920130
eth4h:row14259:1712131200,2024-04-03 08:00:00,3317.53000000,-0.01059093,0.04057638,-0.00493215,-0.03350800,-0.04152892,-0.00581704,-0.0000601382,0.0010823316,0.0003422487,-0.0000681071,-0.0000782000,0.0007633087,3317.33049567,3321.12261153,3318.66561459,3317.30406020,3317.27057922,3320.06326638
eth4h:row14260:1712145600,2024-04-03 12:00:00,3329.20000000,-0.00972342,0.03981528,-0.00534667,-0.03338304,-0.04228846,-0.00673713,-0.0000432455,0.0010675110,0.0003341766,-0.0000656738,-0.0000929905,0.0007453920,3329.05603017,3332.75585531,3330.31272680,3328.98136598,3328.89043055,3331.68248428
eth4h:row14261:1712160000,2024-04-03 16:00:00,3314.29000000,-0.01072085,0.04084382,-0.00508711,-0.03393428,-0.04335687,-0.00758182,-0.0000626682,0.0010875396,0.0003392311,-0.0000764080,-0.0001137955,0.0007289436,3314.08230596,3317.89638222,3315.41450090,3314.03677148,3313.91287017,3316.70681117
eth4h:row14262:1712174400,2024-04-03 20:00:00,3310.83000000,-0.01161672,0.04147390,-0.00459805,-0.03489552,-0.04405449,-0.00771062,-0.0000801134,0.0010998090,0.0003487544,-0.0000951261,-0.0001273800,0.0007264355,3310.56476887,3314.47328383,3311.98486787,3310.51506854,3310.40829332,3313.23597828
eth4h:row14263:1712188800,2024-04-04 00:00:00,3274.37000000,-0.01405394,0.04527245,-0.00264294,-0.03862187,-0.04484547,-0.00645081,-0.0001275729,0.0011737775,0.0003868260,-0.0001676887,-0.0001427827,0.0007509675,3273.95230561,3278.21563828,3275.63685652,3273.82097115,3273.90251000,3276.82986888
eth4h:row14264:1712203200,2024-04-04 04:00:00,3322.79000000,-0.01451214,0.04556546,-0.00186182,-0.03826119,-0.04356999,-0.00620807,-0.0001364953,0.0011794833,0.0004020366,-0.0001606652,-0.0001179455,0.0007556943,3322.33648566,3326.71148766,3324.12615184,3322.25618617,3322.39811504,3325.30196250
eth4h:row14265:1712217600,2024-04-04 08:00:00,3340.37000000,-0.01456983,0.04538048,-0.00163651,-0.03750339,-0.04300512,-0.00620664,-0.0001376189,0.0011758812,0.0004064241,-0.0001459087,-0.0001069458,0.0007557223,3339.91033375,3344.30018854,3341.72788281,3339.88264649,3340.01278057,3342.89534624
eth4h:row14266:1712232000,2024-04-04 12:00:00,3364.12000000,-0.01418787,0.04568473,-0.00078248,-0.03690643,-0.04201255,-0.00518043,-0.0001301810,0.0011818058,0.0004230545,-0.0001342843,-0.0000876177,0.0007757054,3363.68208408,3368.09808688,3365.54350719,3363.66828186,3363.82525641,3366.73057860
eth4h:row14267:1712246400,2024-04-04 16:00:00,3366.09000000,-0.01325396,0.04461829,-0.00043180,-0.03504644,-0.04054479,-0.00459826,-0.0001119950,0.0011610391,0.0004298832,-0.0000980650,-0.0000590362,0.0007870419,3365.71303588,3370.00043177,3367.53733650,3365.75992074,3365.89128480,3368.74029659
eth4h:row14268:1712260800,2024-04-04 20:00:00,3327.40000000,-0.01162867,0.04287279,-0.00046172,-0.03263297,-0.03894485,-0.00408764,-0.0000803461,0.0011270494,0.0004293005,-0.0000510679,-0.0000278808,0.0007969852,3327.13266717,3331.15225832,3328.82876118,3327.23008100,3327.30723058,3330.05294560
eth4h:row14269:1712275200,2024-04-05 00:00:00,3308.30000000,-0.01101014,0.04283727,-0.00005477,-0.03252023,-0.03798587,-0.00340166,-0.0000683015,0.0011263577,0.0004372250,-0.0000488725,-0.0000092068,0.0008103432,3308.07404584,3312.02842841,3309.74678771,3308.13831909,3308.26954130,3310.98194500
eth4h:row14270:1712289600,2024-04-05 04:00:00,3287.61000000,-0.01047264,0.04150502,-0.00041727,-0.03094372,-0.03706402,-0.00376387,-0.0000578349,0.0011004149,0.0004301661,-0.0000181733,0.0000087442,0.0008032898,3287.41986703,3291.22972628,3289.02452252,3287.55025380,3287.63874749,3290.25196465
eth4h:row14271:1712304000,2024-04-05 08:00:00,3243.51000000,-0.01060727,0.04184262,-0.00048451,-0.03106610,-0.03615279,-0.00349073,-0.0000604565,0.0011069889,0.0004288568,-0.0000205565,0.0000264885,0.0008086086,3243.31391458,3247.10251779,3244.90129977,3243.44332562,3243.59591686,3246.13379076
eth4h:row14272:1712318400,2024-04-05 12:00:00,3326.43000000,-0.01010467,0.04051325,-0.00117994,-0.03002959,-0.03496379,-0.00403022,-0.0000506695,0.0010811025,0.0004153147,-0.0000003727,0.0000496416,0.0007981032,3326.26145588,3330.02815638,3327.81180222,3326.42876036,3326.59513334,3329.08589419
eth4h:row14273:1712332800,2024-04-05 16:00:00,3320.10000000,-0.00952108,0.03931598,-0.00186269,-0.02904135,-0.03399921,-0.00443484,-0.0000393053,0.0010577881,0.0004020198,0.0000188713,0.0000684247,0.0007902241,3319.96950498,3323.61382030,3321.43501424,3320.16265510,3320.32718472,3322.72466008
eth4h:row14274:1712347200,2024-04-05 20:00:00,3317.85000000,-0.00939573,0.04044167,-0.00168716,-0.03051838,-0.03398267,-0.00363034,-0.0000368644,0.0010797085,0.0004054377,-0.0000098908,0.0000687468,0.0008058900,3317.72769162,3321.43424554,3319.19545414,3317.81718413,3318.07809947,3320.52489990
eth4h:row14275:1712361600,2024-04-06 00:00:00,3331.34000000,-0.00762936,0.03843073,-0.00288505,-0.02902563,-0.03367893,-0.00448178,-0.0000024682,0.0010405498,0.0003821114,0.0000191774,0.0000746616,0.0007893101,3331.33177757,3334.80822922,3332.61318613,3331.40388705,3331.58873246,3333.97049836
eth4h:row14276:1712376000,2024-04-06 04:00:00,3330.39000000,-0.00715147,0.03789750,-0.00336368,-0.02889491,-0.03456271,-0.00469391,0.0000068378,0.0010301664,0.0003727912,0.0000217228,0.0000574517,0.0007851794,3330.41277251,3333.82262369,3331.63177145,3330.46234602,3330.58134220,3333.00598059
eth4h:row14277:1712390400,2024-04-06 08:00:00,3330.67000000,-0.00688323,0.03749663,-0.00376040,-0.02915369,-0.03561781,-0.00470920,0.0000120611,0.0010223603,0.0003650659,0.0000166837,0.0000369061,0.0007848817,3330.71017172,3334.07688606,3331.88613598,3330.72556835,3330.79292434,3333.28520817
eth4h:row14278:1712404800,2024-04-06 12:00:00,3335.37000000,-0.00782552,0.03752763,-0.00379802,-0.02898846,-0.03606740,-0.00535249,-0.0000062880,0.0010229639,0.0003643334,0.0000199011,0.0000281512,0.0007723550,3335.34902733,3338.78370873,3336.58540796,3335.43637812,3335.46389587,3337.94708486
eth4h:row14279:1712419200,2024-04-06 16:00:00,3349.24000000,-0.00929837,0.03893159,-0.00339015,-0.03031921,-0.03696720,-0.00527607,-0.0000349685,0.0010503029,0.0003722757,-0.0000060124,0.0000106297,0.0007738431,3349.12288426,3352.75956448,3350.48707276,3349.21986320,3349.27560149,3351.83278951
eth4h:row14280:1712433600,2024-04-06 20:00:00,3351.59000000,-0.01041417,0.04031316,-0.00312169,-0.03174939,-0.03765435,-0.00551538,-0.0000566962,0.0010772061,0.0003775034,-0.0000338621,-0.0000027511,0.0007691831,3351.39998283,3355.20229848,3352.85547533,3351.47651003,3351.58077932,3354.16897795
eth4h:row14281:1712448000,2024-04-07 00:00:00,3388.41000000,-0.01146156,0.04227877,-0.00258661,-0.03392578,-0.03871951,-0.00516311,-0.0000770919,0.0011154822,0.0003879230,-0.0000762426,-0.0000234929,0.0007760426,3388.14879126,3392.19181980,3389.72469715,3388.15166872,3388.33039728,3391.04057117
eth4h:row14282:1712462400,2024-04-07 04:00:00,3385.19000000,-0.01095681,0.04225344,-0.00285971,-0.03381961,-0.03894041,-0.00535410,-0.0000672630,0.0011149889,0.0003826048,-0.0000741751,-0.0000277944,0.0007723235,3384.96230964,3388.96655422,3386.48543775,3384.93891239,3385.09591208,3387.80547179
eth4h:row14283:1712476800,2024-04-07 08:00:00,3390.34000000,-0.01096401,0.04290063,-0.00260165,-0.03428305,-0.03922752,-0.00496525,-0.0000674031,0.0011275915,0.0003876301,-0.0000831996,-0.0000333853,0.0007798956,3390.11148812,3394.16507456,3391.65445249,3390.05793664,3390.22681428,3392.98514264
eth4h:row14284:1712491200,2024-04-07 12:00:00,3390.13000000,-0.01177746,0.04421697,-0.00185672,-0.03529383,-0.03983746,-0.00424187,-0.0000832434,0.0011532243,0.0004021360,-0.0001028823,-0.0000452625,0.0007939820,3389.84780575,3394.04183549,3391.49356748,3389.78123351,3389.97655778,3392.82277094
eth4h:row14285:1712505600,2024-04-07 16:00:00,3381.39000000,-0.01196818,0.04308394,-0.00163809,-0.03409521,-0.03983063,-0.00433270,-0.0000869573,0.0011311611,0.0004063933,-0.0000795418,-0.0000451296,0.0007922131,3381.09597633,3385.21706092,3382.76445367,3381.12104888,3381.23740272,3384.06984282
eth4h:row14286:1712520000,2024-04-07 20:00:00,3454.20000000,-0.01267876,0.04339156,-0.00130680,-0.03435516,-0.03982864,-0.00432865,-0.0001007942,0.0011371513,0.0004128445,-0.0000846038,-0.0000450907,0.0007922920,3453.85185415,3458.13018228,3455.62634190,3453.90777402,3454.04425121,3456.93781955
eth4h:row14287:1712534400,2024-04-08 00:00:00,3423.00000000,-0.01366830,0.04445852,-0.00134366,-0.03551843,-0.04019428,-0.00463214,-0.0001200634,0.0011579279,0.0004121268,-0.0001072560,-0.0000522108,0.0007863822,3422.58904765,3426.96588295,3424.41100069,3422.63288233,3422.82128695,3425.69284485
eth4h:row14288:1712548800,2024-04-08 04:00:00,3473.88000000,-0.01357618,0.04466964,-0.00146802,-0.03553941,-0.04001073,-0.00467369,-0.0001182696,0.0011620390,0.0004097050,-0.0001076646,-0.0000486366,0.0007855730,3473.46916995,3477.91913049,3475.30355772,3473.50600632,3473.71104656,3476.61005867
eth4h:row14289:1712563200,2024-04-08 08:00:00,3633.08000000,-0.01365343,0.04553077,-0.00134156,-0.03648831,-0.04015849,-0.00438548,-0.0001197738,0.0011788078,0.0004121675,-0.0001261422,-0.0000515139,0.0007911855,3632.64487821,3637.36522839,3634.57774630,3632.62174428,3632.89285085,3635.95557752
eth4h:row14290:1712577600,2024-04-08 12:00:00,3629.20000000,-0.01257567,0.04539675,-0.00129035,-0.03623277,-0.03994793,-0.00376115,-0.0000987868,0.0011761981,0.0004131647,-0.0001211661,-0.0000474138,0.0008033428,3628.84150051,3633.47116938,3630.69976716,3628.76029067,3629.02792997,3632.11666301
eth4h:row14291:1712592000,2024-04-08 16:00:00,3702.80000000,-0.01159203,0.04469664,-0.00117012,-0.03586174,-0.03980655,-0.00328741,-0.0000796326,0.0011625648,0.0004155059,-0.0001139412,-0.0000446607,0.0008125679,3702.50514828,3707.10724822,3704.33885502,3702.37812257,3702.63463415,3705.80999934
eth4h:row14292:1712606400,2024-04-08 20:00:00,3694.61000000,-0.01063491,0.04384223,-0.00126156,-0.03532572,-0.03952596,-0.00347840,-0.0000609948,0.0011459272,0.0004137253,-0.0001035033,-0.0000391968,0.0008088489,3694.38465492,3698.84618067,3696.13886991,3694.22761555,3694.46518591,3697.59959000
eth4h:row14293:1712620800,2024-04-09 00:00:00,3692.29000000,-0.01042005,0.04329235,-0.00134711,-0.03509827,-0.03934071,-0.00420974,-0.0000568109,0.0011352194,0.0004120595,-0.0000990742,-0.0000355894,0.0007946076,3692.08024380,3696.48393925,3693.81175652,3691.92420761,3692.15859579,3695.22508754
eth4h:row14294:1712635200,2024-04-09 04:00:00,3641.81000000,-0.01113871,0.04372994,-0.00113252,-0.03552876,-0.03938309,-0.00466451,-0.0000708051,0.0011437405,0.0004162382,-0.0001074571,-0.0000364147,0.0007857519,3641.55215050,3645.97766834,3643.32617583,3641.41868266,3641.67738707,3644.67268377
eth4h:row14295:1712649600,2024-04-09 08:00:00,3632.85000000,-0.01251474,0.04546071,-0.00043018,-0.03717196,-0.03960709,-0.00445386,-0.0000976003,0.0011774435,0.0004299146,-0.0001394548,-0.0000407765,0.0007898539,3632.49544990,3637.12999471,3634.41215121,3632.34341698,3632.70186817,3635.72055421
eth4h:row14296:1712664000,2024-04-09 12:00:00,3529.92000000,-0.01291041,0.04593063,0.00002268,-0.03728565,-0.03886319,-0.00422071,-0.0001053052,0.0011865942,0.0004387333,-0.0001416688,-0.0000262907,0.0007943939,3529.54830074,3534.11106864,3531.46903319,3529.41995598,3529.82719708,3532.72526086
eth4h:row14297:1712678400,2024-04-09 16:00:00,3517.10000000,-0.01225092,0.04471836,-0.00002038,-0.03523159,-0.03762830,-0.00442896,-0.0000924629,0.0011629879,0.0004378947,-0.0001016703,-0.0000022439,0.0007903388,3516.77481370,3521.19272409,3518.64045671,3516.74243361,3517.09210790,3519.88079920
eth4h:row14298:1712692800,2024-04-09 20:00:00,3506.39000000,-0.01184899,0.04381759,-0.00000466,-0.03417234,-0.03735701,-0.00422611,-0.0000846362,0.0011454472,0.0004382008,-0.0000810437,0.0000030389,0.0007942887,3506.09324496,3510.40868585,3507.92683971,3506.10584070,3506.40065548,3509.17619223
eth4h:row14299:1712707200,2024-04-10 00:00:00,3513.00000000,-0.01124546,0.04249669,-0.00035920,-0.03267613,-0.03719530,-0.00416092,-0.0000728838,0.0011197256,0.0004312970,-0.0000519082,0.0000061878,0.0007955582,3512.74396840,3516.93579905,3514.51547318,3512.81765112,3513.02173772,3515.79590781
eth4h:row14300:1712721600,2024-04-10 04:00:00,3536.61000000,-0.01098654,0.04202340,-0.00067351,-0.03186771,-0.03741214,-0.00425179,-0.0000678419,0.0011105093,0.0004251765,-0.0000361660,0.0000019653,0.0007937887,3536.37007786,3540.53961971,3538.11400316,3536.48209714,3536.61695033,3539.41843560
eth4h:row14301:1712736000,2024-04-10 08:00:00,3521.32000000,-0.01161210,0.04241658,-0.00114779,-0.03248800,-0.03791431,-0.00442766,-0.0000800234,0.0011181656,0.0004159407,-0.0000482449,-0.0000078134,0.0007903640,3521.03822320,3525.25962118,3522.78496510,3521.15011851,3521.29248659,3524.10422471
eth4h:row14302:1712750400,2024-04-10 12:00:00,3479.41000000,-0.01238567,0.04310841,-0.00124128,-0.03344461,-0.03868429,-0.00448240,-0.0000950869,0.0011316376,0.0004141202,-0.0000668728,-0.0000228070,0.0007892981,3479.07916939,3483.34965973,3480.85119246,3479.17733000,3479.33064612,3482.15737572
eth4h:row14303:1712764800,2024-04-10 16:00:00,3521.52000000,-0.01308084,0.04431782,-0.00146357,-0.03492419,-0.03929687,-0.00424242,-0.0001086238,0.0011551882,0.0004097916,-0.0000956844,-0.0000347358,0.0007939711,3521.13749981,3525.59036878,3522.96338521,3521.18306155,3521.39767942,3524.31709531
eth4h:row14304:1712779200,2024-04-10 20:00:00,3545.64000000,-0.01338418,0.04485575,-0.00185627,-0.03617274,-0.03946597,-0.00425635,-0.0001145308,0.0011656632,0.0004021447,-0.0001199973,-0.0000380286,0.0007936999,3545.23393837,3549.77543194,3547.06614711,3545.21455833,3545.50516686,3548.45529129
eth4h:row14305:1712793600,2024-04-11 00:00:00,3575.84000000,-0.01177505,0.04317117,-0.00317290,-0.03478278,-0.03916363,-0.00484533,-0.0000831964,0.0011328597,0.0003765062,-0.0000929307,-0.0000321411,0.0007822307,3575.54251534,3579.89322060,3577.18657940,3575.50771006,3575.72507046,3578.63822627
eth4h:row14306:1712808000,2024-04-11 04:00:00,3583.40000000,-0.01120059,0.04255996,-0.00362510,-0.03483994,-0.03945342,-0.00525080,-0.0000720101,0.0011209576,0.0003677006,-0.0000940438,-0.0000377843,0.0007743351,3583.14196814,3587.41909177,3584.71786066,3583.06301928,3583.26460639,3586.17582707
eth4h:row14307:1712822400,2024-04-11 08:00:00,3522.88000000,-0.01130167,0.04248489,-0.00381752,-0.03530104,-0.04044072,-0.00566367,-0.0000739784,0.0011194958,0.0003639537,-0.0001030228,-0.0000570096,0.0007662954,3522.61939278,3526.82605763,3524.16239848,3522.51708188,3522.67916761,3525.58060150
eth4h:row14308:1712836800,2024-04-11 12:00:00,3508.32000000,-0.01064743,0.04177985,-0.00426280,-0.03519779,-0.04120550,-0.00622768,-0.0000612385,0.0011057668,0.0003552827,-0.0001010122,-0.0000719022,0.0007553126,3508.10516222,3512.20152928,3509.56666697,3507.96563483,3508.06775308,3510.97087926
eth4h:row14309:1712851200,2024-04-11 16:00:00,3517.70000000,-0.01201724,0.04358131,-0.00349669,-0.03694825,-0.04267723,-0.00637579,-0.0000879125,0.0011408463,0.0003702011,-0.0001350985,-0.0001005609,0.0007524285,3517.39076377,3521.71544517,3519.00249762,3517.22479610,3517.34627456,3520.34781364
eth4h:row14310:1712865600,2024-04-11 20:00:00,3502.52000000,-0.01248477,0.04358596,-0.00332267,-0.03689839,-0.04268134,-0.00655004,-0.0000970168,0.0011409369,0.0003735897,-0.0001341276,-0.0001006410,0.0007490352,3502.18021315,3506.51843470,3503.82874991,3502.05024690,3502.16752052,3505.14449372
eth4h:row14311:1712880000,2024-04-12 00:00:00,3534.01000000,-0.01282497,0.04357735,-0.00301662,-0.03641063,-0.04274670,-0.00677688,-0.0001036413,0.0011407691,0.0003795495,-0.0001246295,-0.0001019137,0.0007446180,3533.64374942,3538.04378991,3535.35158623,3533.56958543,3533.64985430,3536.64246749
eth4h:row14312:1712894400,2024-04-12 04:00:00,3516.20000000,-0.01357859,0.04337663,-0.00275832,-0.03607380,-0.04243062,-0.00713741,-0.0001183166,0.0011368606,0.0003845792,-0.0001180706,-0.0000957587,0.0007375975,3515.78399981,3520.19970228,3517.55251761,3515.78486474,3515.86330951,3518.79449723
eth4h:row14313:1712908800,2024-04-12 08:00:00,3532.22000000,-0.01487097,0.04531408,-0.00156166,-0.03716759,-0.04226021,-0.00597151,-0.0001434829,0.0011745882,0.0004078816,-0.0001393698,-0.0000924403,0.0007603009,3531.71322335,3536.37134154,3533.66102148,3531.72774960,3531.89349560,3534.90657110
eth4h:row14314:1712923200,2024-04-12 12:00:00,3440.71000000,-0.01494054,0.04580591,-0.00149267,-0.03746923,-0.04255310,-0.00596535,-0.0001448376,0.0011841655,0.0004092251,-0.0001452436,-0.0000981438,0.0007604209,3440.21169174,3444.78678336,3442.11831302,3440.21029504,3440.37233207,3443.32738266
eth4h:row14315:1712937600,2024-04-12 16:00:00,3206.17000000,-0.01467076,0.04597823,-0.00128100,-0.03726057,-0.04219521,-0.00553168,-0.0001395842,0.0011875210,0.0004133469,-0.0001411804,-0.0000911746,0.0007688656,3205.72250069,3209.97965576,3207.49553447,3205.71738352,3205.87769209,3208.63606176
eth4h:row14316:1712952000,2024-04-12 20:00:00,3237.43000000,-0.01449014,0.04549522,-0.00144757,-0.03640630,-0.04219464,-0.00514904,-0.0001360670,0.0011781155,0.0004101033,-0.0001245454,-0.0000911636,0.0007763167,3236.98952247,3241.24631402,3238.75795297,3237.02681814,3237.13487779,3239.94424673
eth4h:row14317:1712966400,2024-04-13 00:00:00,3230.91000000,-0.01438104,0.04557548,-0.00154880,-0.03571114,-0.04165599,-0.00460232,-0.0001339424,0.0011796783,0.0004081320,-0.0001110085,-0.0000806746,0.0007869629,3230.47727306,3234.72368354,3232.22890700,3230.55136153,3230.64935823,3233.45360719
eth4h:row14318:1712980800,2024-04-13 04:00:00,3257.60000000,-0.01495376,0.04471705,-0.00196907,-0.03433787,-0.04148868,-0.00482477,-0.0001450950,0.0011629623,0.0003999481,-0.0000842672,-0.0000774166,0.0007826312,3257.12737273,3261.39066990,3258.90313163,3257.32550282,3257.34781755,3260.15049724
eth4h:row14319:1712995200,2024-04-13 08:00:00,3268.20000000,-0.01473157,0.04379905,-0.00218999,-0.03370727,-0.04021759,-0.00437774,-0.0001407683,0.0011450863,0.0003956463,-0.0000719876,-0.0000526647,0.0007913361,3267.73997331,3271.94451439,3269.49330691,3267.96473873,3268.02788588,3270.78726810
eth4h:row14320:1713009600,2024-04-13 12:00:00,3272.39000000,-0.01406045,0.04320685,-0.00302611,-0.03405347,-0.04020867,-0.00490385,-0.0001276998,0.0011335544,0.0003793646,-0.0000787290,-0.0000524911,0.0007810913,3271.97214329,3276.10153530,3273.63166456,3272.13237805,3272.21823301,3274.94703372
eth4h:row14321:1713024000,2024-04-13 16:00:00,3085.20000000,-0.01289926,0.04265708,-0.00385464,-0.03378710,-0.04028589,-0.00541788,-0.0001050881,0.0011228489,0.0003632309,-0.0000735420,-0.0000539948,0.0007710816,3084.87579915,3088.66615919,3086.32084343,3084.97311660,3085.03341976,3087.57985843
eth4h:row14322:1713038400,2024-04-13 20:00:00,3007.01000000,-0.01005375,0.04020215,-0.00528740,-0.03186559,-0.03999493,-0.00610858,-0.0000496779,0.0010750444,0.0003353308,-0.0000361248,-0.0000483290,0.0007576318,3006.86062162,3010.24440740,3008.01851212,3006.90137422,3006.86467780,3009.28906951
eth4h:row14323:1713052800,2024-04-14 00:00:00,2970.85000000,-0.00991319,0.04014967,-0.00560054,-0.03174194,-0.04063020,-0.00605540,-0.0000469408,0.0010740224,0.0003292331,-0.0000337170,-0.0000606994,0.0007586674,2970.71054921,2974.04247350,2971.82826305,2970.74983348,2970.66967662,2973.10474214
eth4h:row14324:1713067200,2024-04-14 04:00:00,3084.20000000,-0.00976919,0.03877432,-0.00564911,-0.03043683,-0.04057310,-0.00633850,-0.0000441366,0.0010472405,0.0003282873,-0.0000083027,-0.0000595875,0.0007531545,3084.06387686,3087.43159089,3085.21266976,3084.17439303,3084.01622574,3086.52375397
eth4h:row14325:1713081600,2024-04-14 08:00:00,3027.01000000,-0.01043250,0.03867177,-0.00522344,-0.03042316,-0.04064120,-0.00624530,-0.0000570531,0.0010452435,0.0003365763,-0.0000080366,-0.0000609136,0.0007549695,3026.83730448,3030.17561677,3028.02899140,3026.98567329,3026.82561967,3029.29616301
eth4h:row14326:1713096000,2024-04-14 12:00:00,3055.74000000,-0.01116808,0.03802869,-0.00551519,-0.03048679,-0.04104776,-0.00737800,-0.0000713770,0.0010327210,0.0003308951,-0.0000092756,-0.0000688305,0.0007329125,3055.52189824,3058.89735707,3056.75129681,3055.71165632,3055.52967913,3057.98041095
eth4h:row14327:1713110400,2024-04-14 16:00:00,3073.62000000,-0.01252693,0.04024125,-0.00476960,-0.03272915,-0.04222057,-0.00720101,-0.0000978377,0.0010758058,0.0003454138,-0.0000529406,-0.0000916685,0.0007363590,3073.31929880,3076.92839738,3074.68185425,3073.45728488,3073.33825891,3075.88412115
eth4h:row14328:1713124800,2024-04-14 20:00:00,3155.11000000,-0.01244235,0.04222841,-0.00417757,-0.03412623,-0.04244287,-0.00688734,-0.0000961907,0.0011145014,0.0003569425,-0.0000801459,-0.0000959972,0.0007424670,3154.80652234,3158.62833473,3156.23639385,3154.85714094,3154.80713287,3157.45343492
eth4h:row14329:1713139200,2024-04-15 00:00:00,3146.50000000,-0.01258390,0.04440496,-0.00329797,-0.03594702,-0.04297719,-0.00577440,-0.0000989470,0.0011568851,0.0003740708,-0.0001156018,-0.0001064020,0.0007641392,3146.18867863,3150.14224528,3147.67723400,3146.13627987,3146.16522385,3148.90528289
eth4h:row14330:1713153600,2024-04-15 04:00:00,3242.05000000,-0.01138419,0.04331959,-0.00214167,-0.03439396,-0.04198397,-0.00433960,-0.0000755853,0.0011357498,0.0003965871,-0.0000853594,-0.0000870612,0.0007920788,3241.80495793,3245.73424948,3243.33601027,3241.77327247,3241.76775562,3244.61897620
eth4h:row14331:1713168000,2024-04-15 08:00:00,3229.64000000,-0.01076557,0.04238213,-0.00153710,-0.03360670,-0.04107801,-0.00376615,-0.0000635390,0.0011174948,0.0004083598,-0.0000700292,-0.0000694195,0.0008032454,3229.43479848,3233.25112313,3230.95912452,3229.41383876,3229.41580766,3232.23523574
eth4h:row14332:1713182400,2024-04-15 12:00:00,3163.21000000,-0.01041035,0.04161406,-0.00108216,-0.03252735,-0.03959481,-0.00402090,-0.0000566220,0.0011025384,0.0004172188,-0.0000490112,-0.0000405374,0.0007982847,3163.03089793,3166.69948363,3164.53002599,3163.05497111,3163.08177433,3165.73615037
eth4h:row14333:1713196800,2024-04-15 16:00:00,3100.10000000,-0.01047991,0.04167254,-0.00077649,-0.03279054,-0.03864450,-0.00427378,-0.0000579765,0.0011036770,0.0004231710,-0.0000541361,-0.0000220322,0.0007933604,3099.92027238,3103.52339779,3101.41215004,3099.93217710,3100.03169868,3102.56047254
eth4h:row14334:1713211200,2024-04-15 20:00:00,3101.99000000,-0.01111878,0.04244987,-0.00055169,-0.03296691,-0.03772599,-0.00453023,-0.0000704171,0.0011188139,0.0004275486,-0.0000575706,-0.0000041463,0.0007883666,3101.77157448,3105.46249161,3103.31653510,3101.81142182,3101.97713835,3104.43646965
eth4h:row14335:1713225600,2024-04-16 00:00:00,3072.19000000,-0.01149932,0.04363919,0.00027157,-0.03292426,-0.03644193,-0.00375782,-0.0000778271,0.0011419733,0.0004435798,-0.0000567401,0.0000208581,0.0008034076,3071.95090954,3075.70036305,3073.55306377,3072.01568856,3072.25408066,3074.65921266
eth4h:row14336:1713240000,2024-04-16 04:00:00,3107.29000000,-0.01018116,0.04264594,0.00043947,-0.03109340,-0.03433476,-0.00296312,-0.0000521589,0.0011226319,0.0004468493,-0.0000210880,0.0000618907,0.0008188827,3107.12793144,3110.78030167,3108.67880058,3107.22447403,3107.48231840,3109.83554821
eth4h:row14337:1713254400,2024-04-16 08:00:00,3093.31000000,-0.00889410,0.04071722,0.00061870,-0.02906543,-0.03258777,-0.00214075,-0.0000270962,0.0010850743,0.0004503394,0.0000184024,0.0000959094,0.0008348967,3093.22618415,3096.66829287,3094.70335316,3093.36692473,3093.60669185,3095.89367258
eth4h:row14338:1713268800,2024-04-16 12:00:00,3009.04000000,-0.00747642,0.03912056,0.00065382,-0.02750727,-0.03123836,-0.00171561,0.0000005101,0.0010539828,0.0004510232,0.0000487441,0.0001221864,0.0008431753,3009.04153484,3012.21314837,3010.39745296,3009.18667640,3009.40768631,3011.57821811
eth4h:row14339:1713283200,2024-04-16 16:00:00,3057.64000000,-0.00609140,0.03602464,-0.00068091,-0.02476118,-0.03035296,-0.00316832,0.0000274803,0.0009936964,0.0004250323,0.0001022182,0.0001394276,0.0008148870,3057.72402606,3060.67987586,3058.93987194,3057.95256254,3058.06634920,3060.13264646
eth4h:row14340:1713297600,2024-04-16 20:00:00,3084.22000000,-0.00725552,0.03807039,-0.00081678,-0.02683457,-0.03157476,-0.00299176,0.0000048115,0.0010335329,0.0004223865,0.0000618434,0.0001156356,0.0008183250,3084.23483983,3087.40929079,3085.52300816,3084.41074455,3084.57666635,3086.74492736
eth4h:row14341:1713312000,2024-04-17 00:00:00,3095.61000000,-0.00797856,0.03900126,-0.00110813,-0.02771301,-0.03220729,-0.00284370,-0.0000092680,0.0010516597,0.0004167132,0.0000447377,0.0001033186,0.0008212083,3095.58131001,3098.86724083,3096.90025027,3095.74849360,3095.92985057,3098.15318465
eth4h:row14342:1713326400,2024-04-17 04:00:00,3076.60000000,-0.00823878,0.03947891,-0.00110095,-0.02827546,-0.03202230,-0.00241606,-0.0000143352,0.0010609608,0.0004168530,0.0000337853,0.0001069207,0.0008295357,3076.55589662,3079.86588409,3077.88275738,3076.70394568,3076.92896990,3079.15320825
eth4h:row14343:1713340800,2024-04-17 08:00:00,3040.20000000,-0.00803924,0.03938205,-0.00175340,-0.02888809,-0.03184906,-0.00255790,-0.0000104496,0.0010590747,0.0004041479,0.0000218556,0.0001102942,0.0008267736,3040.16823139,3043.42150445,3041.42893871,3040.26644627,3040.53533498,3042.71459631
eth4h:row14344:1713355200,2024-04-17 12:00:00,2946.80000000,-0.00758275,0.03961167,-0.00205103,-0.03036667,-0.03299818,-0.00248760,-0.0000015606,0.0010635462,0.0003983522,-0.0000069366,0.0000879176,0.0008281426,2946.79540133,2949.93572504,2947.97409814,2946.77955944,2947.05908707,2949.24138127
eth4h:row14345:1713369600,2024-04-17 16:00:00,3001.60000000,-0.00699146,0.03842596,-0.00291537,-0.02998209,-0.03340725,-0.00344324,0.0000099536,0.0010404569,0.0003815210,0.0000005524,0.0000799519,0.0008095334,3001.62987684,3004.72466076,3002.74539199,3001.60165806,3001.83999334,3004.03087917
eth4h:row14346:1713384000,2024-04-17 20:00:00,2985.41000000,-0.00653929,0.03748138,-0.00386919,-0.02926679,-0.03434280,-0.00434865,0.0000187587,0.0010220632,0.0003629475,0.0000144813,0.0000617340,0.0007919026,2985.46600304,2988.46283747,2986.49374382,2985.45323299,2985.59430711,2987.77509034
eth4h:row14347:1713398400,2024-04-18 00:00:00,3025.68000000,-0.00813815,0.03923491,-0.00374695,-0.03108954,-0.03617514,-0.00466276,-0.0000123757,0.0010562096,0.0003653278,-0.0000210129,0.0000260533,0.0007857860,3025.64255532,3028.87744043,3026.78556685,3025.61642239,3025.75882982,3028.05847143
eth4h:row14348:1713412800,2024-04-18 04:00:00,2975.20000000,-0.01107554,0.04310367,-0.00194857,-0.03439732,-0.03809131,-0.00337391,-0.0000695751,0.0011315453,0.0004003474,-0.0000854247,-0.0000112600,0.0008108835,2974.99300750,2978.56847895,2976.39135207,2974.94585542,2975.16649937,2977.61351906
eth4h:row14349:1713427200,2024-04-18 08:00:00,3046.46000000,-0.01111583,0.04225606,-0.00239608,-0.03388297,-0.03861583,-0.00421242,-0.0000703597,0.0011150399,0.0003916331,-0.0000754089,-0.0000214739,0.0007945553,3046.24565963,3049.85881916,3047.65332819,3046.23027838,3046.39458122,3048.88154295
eth4h:row14350:1713441600,2024-04-18 12:00:00,3069.17000000,-0.01206250,0.04356558,-0.00185462,-0.03530335,-0.03972477,-0.00410788,-0.0000887940,0.0011405399,0.0004021769,-0.0001030677,-0.0000430682,0.0007965910,3068.89748811,3072.67250785,3070.40459758,3068.85368390,3069.03781912,3071.61584727
eth4h:row14351:1713456000,2024-04-18 16:00:00,3064.19000000,-0.01257047,0.04443703,-0.00164591,-0.03603412,-0.04041622,-0.00418857,-0.0000986856,0.0011575095,0.0004062410,-0.0001172979,-0.0000565326,0.0007950197,3063.88762358,3067.73888259,3065.43505252,3063.83059815,3064.01677826,3066.62706019
eth4h:row14352:1713470400,2024-04-18 20:00:00,3064.40000000,-0.01245292,0.04465688,-0.00151184,-0.03630247,-0.04064328,-0.00411657,-0.0000963964,0.0011617906,0.0004088518,-0.0001225235,-0.0000609542,0.0007964218,3064.10461700,3067.96226014,3065.65314160,3064.02456200,3064.21321770,3066.84152720
eth4h:row14353:1713484800,2024-04-19 00:00:00,2979.80000000,-0.01309113,0.04608289,-0.00085648,-0.03736682,-0.04111955,-0.00389922,-0.0001088243,0.0011895591,0.0004216135,-0.0001432493,-0.0000702285,0.0008006542,2979.47574291,2983.34675742,2981.05658886,2979.37317625,2979.59074038,2982.18674483
eth4h:row14354:1713499200,2024-04-19 04:00:00,3084.41000000,-0.01353866,0.04695643,-0.00000219,-0.03811170,-0.04117311,-0.00317048,-0.0001175389,0.0012065694,0.0004382489,-0.0001577542,-0.0000712714,0.0008148449,3084.04748302,3088.13380065,3085.76203539,3083.92345964,3084.19017764,3086.92433999
eth4h:row14355:1713513600,2024-04-19 08:00:00,3102.61000000,-0.01348802,0.04686392,0.00018492,-0.03772774,-0.04075918,-0.00288948,-0.0001165530,0.0012047680,0.0004418925,-0.0001502775,-0.0000632111,0.0008203167,3102.24840272,3106.35017780,3103.98132303,3102.14378263,3102.41388678,3105.15616709
eth4h:row14356:1713528000,2024-04-19 12:00:00,3080.74000000,-0.01326869,0.04677115,0.00022371,-0.03776276,-0.04021538,-0.00299560,-0.0001122820,0.0012029614,0.0004426478,-0.0001509594,-0.0000526217,0.0008182503,3080.39410787,3084.44824132,3082.10398464,3080.27496853,3080.57789043,3083.26184805
eth4h:row14357:1713542400,2024-04-19 16:00:00,3104.10000000,-0.01316343,0.04591862,0.00004632,-0.03652441,-0.03919093,-0.00340635,-0.0001102322,0.0011863603,0.0004391936,-0.0001268453,-0.0000326727,0.0008102518,3103.75784702,3107.78476637,3105.46360040,3103.70628461,3103.99858241,3106.61612190
eth4h:row14358:1713556800,2024-04-19 20:00:00,3056.46000000,-0.01359703,0.04654021,0.00037508,-0.03702908,-0.03887195,-0.00326561,-0.0001186755,0.0011984644,0.0004455955,-0.0001366727,-0.0000264613,0.0008129925,3056.09729452,3060.12525436,3057.82224821,3056.04229402,3056.37912304,3058.94588930
eth4h:row14359:1713571200,2024-04-20 00:00:00,3055.99000000,-0.01329830,0.04658509,0.00045518,-0.03675869,-0.03865007,-0.00295262,-0.0001128585,0.0011993384,0.0004471551,-0.0001314073,-0.0000221407,0.0008190871,3055.64512491,3059.65736484,3057.35680715,3055.58844706,3055.92233887,3058.49414755
eth4h:row14360:1713585600,2024-04-20 04:00:00,3060.64000000,-0.01279570,0.04565836,0.00037445,-0.03558802,-0.03798596,-0.00264191,-0.0001030715,0.0011812922,0.0004455831,-0.0001086111,-0.0000092085,0.0008251376,3060.32455163,3064.25764663,3062.00407345,3060.30759856,3060.61181612,3063.16649130
eth4h:row14361:1713600000,2024-04-20 08:00:00,3047.39000000,-0.01109403,0.04328699,-0.00053893,-0.03345170,-0.03707809,-0.00296142,-0.0000699352,0.0011351149,0.0004277971,-0.0000670109,0.0000084702,0.0008189159,3047.17688777,3050.85110187,3048.69394365,3047.18579853,3047.41581222,3049.88657838
eth4h:row14362:1713614400,2024-04-20 12:00:00,3109.86000000,-0.01102459,0.04289848,-0.00086380,-0.03282609,-0.03712145,-0.00325919,-0.0000685830,0.0011275497,0.0004214709,-0.0000548285,0.0000076258,0.0008131174,3109.64672388,3113.36849924,3111.17099177,3109.68949578,3109.88371540,3112.38970955
eth4h:row14363:1713628800,2024-04-20 16:00:00,3148.21000000,-0.01115073,0.04226530,-0.00092486,-0.03234064,-0.03688521,-0.00342913,-0.0000710392,0.0011152199,0.0004202819,-0.0000453754,0.0000122262,0.0008098082,3147.98636149,3151.72290475,3149.53341391,3148.06715199,3148.24849078,3150.76047870
eth4h:row14364:1713643200,2024-04-20 20:00:00,3155.79000000,-0.01141609,0.04296599,-0.00121062,-0.03360428,-0.03799085,-0.00346761,-0.0000762066,0.0011288641,0.0004147174,-0.0000699819,-0.0000093037,0.0008090589,3155.54951729,3159.35446965,3157.09903243,3155.56915949,3155.76063958,3158.34425326
eth4h:row14365:1713657600,2024-04-21 00:00:00,3166.80000000,-0.01177719,0.04401226,-0.00117053,-0.03508465,-0.03865210,-0.00341249,-0.0000832382,0.0011492380,0.0004154981,-0.0000988089,-0.0000221802,0.0008101323,3166.53641227,3170.44149890,3168.11607275,3166.48710731,3166.72976051,3169.36656638
eth4h:row14366:1713672000,2024-04-21 04:00:00,3179.55000000,-0.01135778,0.04403657,-0.00160538,-0.03540788,-0.03872416,-0.00377208,-0.0000750711,0.0011497115,0.0004070303,-0.0001051033,-0.0000235835,0.0008031301,3179.31131656,3183.20766753,3180.84443650,3179.21583648,3179.47501611,3182.10461798
eth4h:row14367:1713686400,2024-04-21 08:00:00,3168.81000000,-0.01055154,0.04365764,-0.00201266,-0.03535467,-0.03902931,-0.00413432,-0.0000593713,0.0011423326,0.0003990994,-0.0001040671,-0.0000295255,0.0007960761,3168.62186922,3172.43190316,3170.07492256,3168.48024837,3168.71644064,3171.33361829
eth4h:row14368:1713700800,2024-04-21 12:00:00,3158.82000000,-0.01130083,0.04413868,-0.00180118,-0.03586438,-0.03938896,-0.00423871,-0.0000739621,0.0011516998,0.0004032175,-0.0001139926,-0.0000365290,0.0007940435,3158.58637567,3162.46010800,3160.09394820,3158.45993855,3158.70461355,3161.32923651
eth4h:row14369:1713715200,2024-04-21 16:00:00,3136.79000000,-0.01114261,0.04318533,-0.00165250,-0.03492973,-0.03902710,-0.00439717,-0.0000708811,0.0011331354,0.0004061128,-0.0000957924,-0.0000294826,0.0007909577,3136.56766875,3140.34642236,3138.06414914,3136.48953389,3136.69752074,3139.27204964
eth4h:row14370:1713729600,2024-04-21 20:00:00,3147.67000000,-0.01191792,0.04343180,-0.00173430,-0.03531849,-0.03939850,-0.00472763,-0.0000859785,0.0011379348,0.0004045197,-0.0001033625,-0.0000367147,0.0007845228,3147.39937957,3151.25388188,3148.94355220,3147.34466563,3147.55443632,3150.14038773
eth4h:row14371:1713744000,2024-04-22 00:00:00,3190.10000000,-0.01234511,0.04408056,-0.00133100,-0.03565697,-0.03921542,-0.00489324,-0.0000942971,0.0011505681,0.0004123733,-0.0001099537,-0.0000331497,0.0007812979,3189.79919710,3193.77253967,3191.41578326,3189.74925595,3189.99425086,3192.59339220
eth4h:row14372:1713758400,2024-04-22 04:00:00,3203.60000000,-0.01246595,0.04383535,-0.00145290,-0.03543552,-0.03992141,-0.00498326,-0.0000966503,0.0011457931,0.0004099994,-0.0001056415,-0.0000468973,0.0007795449,3203.29038596,3207.27276650,3204.91374341,3203.26158469,3203.44976337,3206.09832385
eth4h:row14373:1713772800,2024-04-22 08:00:00,3194.54000000,-0.01305148,0.04465873,-0.00107584,-0.03612971,-0.04028974,-0.00449529,-0.0001080522,0.0011618266,0.0004173420,-0.0001191593,-0.0000540697,0.0007890471,3194.19484160,3198.25365852,3195.87349384,3194.15936357,3194.36727699,3197.06163717
eth4h:row14374:1713787200,2024-04-22 12:00:00,3183.32000000,-0.01241891,0.04431192,-0.00127855,-0.03545567,-0.04017998,-0.00462452,-0.0000957343,0.0011550733,0.0004133945,-0.0001060338,-0.0000519323,0.0007865306,3183.01526176,3186.99909220,3184.63623909,3182.98247828,3183.15468722,3185.82476349
eth4h:row14375:1713801600,2024-04-22 16:00:00,3188.23000000,-0.01258235,0.04392216,-0.00131449,-0.03485340,-0.04045338,-0.00452250,-0.0000989168,0.0011474836,0.0004126946,-0.0000943058,-0.0000572563,0.0007885172,3187.91464598,3191.89054151,3189.54603696,3187.92934552,3188.04745903,3190.74496571
eth4h:row14376:1713816000,2024-04-22 20:00:00,3200.20000000,-0.01302913,0.04392944,-0.00140647,-0.03514234,-0.04066060,-0.00467381,-0.0001076169,0.0011476252,0.0004109036,-0.0000999325,-0.0000612914,0.0007855709,3199.85562280,3203.87473845,3201.51524381,3199.88021209,3200.00386141,3202.71497160
eth4h:row14377:1713830400,2024-04-23 00:00:00,3183.90000000,-0.01402152,0.04489017,-0.00124314,-0.03619970,-0.04130132,-0.00454669,-0.0001269415,0.0011663335,0.0004140841,-0.0001205222,-0.0000737680,0.0007880461,3183.49585647,3187.61565569,3185.21867538,3183.51629247,3183.66513874,3186.41004901
eth4h:row14378:1713844800,2024-04-23 04:00:00,3160.48000000,-0.01452842,0.04562981,-0.00121110,-0.03702928,-0.04106126,-0.00445377,-0.0001368125,0.0011807363,0.0004147080,-0.0001366764,-0.0000690934,0.0007898555,3160.04763649,3164.21389736,3161.79094804,3160.04806638,3160.26163926,3162.97730859
eth4h:row14379:1713859200,2024-04-23 08:00:00,3179.80000000,-0.01449567,0.04615364,-0.00167167,-0.03766736,-0.04100776,-0.00447036,-0.0001361747,0.0011909368,0.0004057395,-0.0001491017,-0.0000680517,0.0007895325,3179.36702121,3183.58919689,3181.09043209,3179.32592171,3179.58361660,3182.31154688
eth4h:row14380:1713873600,2024-04-23 12:00:00,3226.13000000,-0.01432440,0.04589880,-0.00169272,-0.03747516,-0.04116107,-0.00452680,-0.0001328395,0.0011859744,0.0004053294,-0.0001453591,-0.0000710369,0.0007884335,3225.70147098,3229.95837731,3227.43791054,3225.66108663,3225.90083375,3228.67459202
eth4h:row14381:1713888000,2024-04-23 16:00:00,3218.31000000,-0.01370531,0.04541907,-0.00199739,-0.03718000,-0.04118449,-0.00433372,-0.0001207842,0.0011766327,0.0003993967,-0.0001396115,-0.0000714931,0.0007921932,3217.92130254,3222.09899758,3219.59563903,3217.86071833,3218.07992133,3220.86053350
eth4h:row14382:1713902400,2024-04-23 20:00:00,3219.46000000,-0.01275016,0.04443861,-0.00249695,-0.03622619,-0.04115386,-0.00459054,-0.0001021847,0.0011575403,0.0003896689,-0.0001210381,-0.0000708965,0.0007871923,3219.13103724,3223.18881228,3220.71476802,3219.07034618,3219.23175966,3221.99533197
eth4h:row14383:1713916800,2024-04-24 00:00:00,3237.61000000,-0.01267865,0.04377613,-0.00271138,-0.03581191,-0.04141424,-0.00503027,-0.0001007922,0.0011446400,0.0003854933,-0.0001129709,-0.0000759669,0.0007786295,3237.28369064,3241.31801961,3238.85831748,3237.24426502,3237.36405818,3240.13188023
eth4h:row14384:1713931200,2024-04-24 04:00:00,3250.11000000,-0.01283482,0.04347629,-0.00281576,-0.03559488,-0.04183275,-0.00558605,-0.0001038331,0.0011388012,0.0003834608,-0.0001087446,-0.0000841165,0.0007678068,3249.77254836,3253.81333751,3251.35652875,3249.75658737,3249.83662347,3252.60641477
eth4h:row14385:1713945600,2024-04-24 08:00:00,3281.96000000,-0.01400630,0.04448328,-0.00262849,-0.03694427,-0.04299880,-0.00568725,-0.0001266453,0.0011584102,0.0003871075,-0.0001350210,-0.0001068228,0.0007658363,3281.54438157,3285.76405880,3283.23071721,3281.51689631,3281.60943068,3284.47440665
eth4h:row14386:1713960000,2024-04-24 12:00:00,3175.80000000,-0.01461221,0.04567692,-0.00232805,-0.03833861,-0.04349358,-0.00565213,-0.0001384441,0.0011816538,0.0003929578,-0.0001621729,-0.0001164575,0.0007665202,3175.36035970,3179.55491420,3177.04820076,3175.28501303,3175.43017580,3178.23524801
eth4h:row14387:1713974400,2024-04-24 16:00:00,3134.67000000,-0.01402704,0.04518781,-0.00261022,-0.03739667,-0.04300887,-0.00616772,-0.0001270492,0.0011721293,0.0003874632,-0.0001438305,-0.0001070189,0.0007564801,3134.27176800,3138.34639282,3135.88480469,3134.21917119,3134.33454895,3137.04221257
eth4h:row14388:1713988800,2024-04-24 20:00:00,3140.80000000,-0.01389395,0.04525746,-0.00232618,-0.03741288,-0.04264108,-0.00608884,-0.0001244574,0.0011734856,0.0003929943,-0.0001441462,-0.0000998570,0.0007580161,3140.40912847,3144.48784687,3142.03455895,3140.34729816,3140.48638481,3143.18167948
eth4h:row14389:1714003200,2024-04-25 00:00:00,3147.41000000,-0.01368412,0.04524977,-0.00202081,-0.03730757,-0.04263062,-0.00572408,-0.0001203716,0.0011733358,0.0003989407,-0.0001420956,-0.0000996533,0.0007651191,3147.03116415,3151.10513636,3148.66588036,3146.96279863,3147.09636584,3149.81906502
eth4h:row14390:1714017600,2024-04-25 04:00:00,3136.39000000,-0.01327834,0.04449777,-0.00198707,-0.03611236,-0.04199973,-0.00546641,-0.0001124697,0.0011586922,0.0003995976,-0.0001188215,-0.0000873682,0.0007701367,3136.03727097,3140.02621694,3137.64354440,3136.01735147,3136.11599132,3138.80637936
eth4h:row14391:1714032000,2024-04-25 08:00:00,3112.00000000,-0.01321889,0.04412568,-0.00193037,-0.03548206,-0.04142121,-0.00560511,-0.0001113122,0.0011514467,0.0004007018,-0.0001065477,-0.0000761027,0.0007674358,3111.65361563,3115.58536603,3113.24723402,3111.66844116,3111.76317745,3114.38917688
eth4h:row14392:1714046400,2024-04-25 12:00:00,3160.40000000,-0.01333499,0.04371811,-0.00195978,-0.03477795,-0.04072351,-0.00582301,-0.0001135729,0.0011435101,0.0004001291,-0.0000928367,-0.0000625164,0.0007631925,3160.04108451,3164.01601629,3161.66482090,3160.10661250,3160.20242920,3162.81291433
eth4h:row14393:1714060800,2024-04-25 16:00:00,3165.84000000,-0.01334174,0.04347507,-0.00197027,-0.03445874,-0.04046816,-0.00592339,-0.0001137044,0.0011387774,0.0003999248,-0.0000866207,-0.0000575441,0.0007612380,3165.48005061,3169.44724065,3167.10635107,3165.56578451,3165.65782974,3168.25087511
eth4h:row14394:1714075200,2024-04-25 20:00:00,3155.80000000,-0.01369679,0.04457382,-0.00161130,-0.03551148,-0.04088867,-0.00522969,-0.0001206182,0.0011601732,0.0004069151,-0.0001071205,-0.0000657327,0.0007747463,3155.41937603,3159.46339941,3157.08440388,3155.46196720,3155.59256767,3158.24589172
eth4h:row14395:1714089600,2024-04-26 00:00:00,3141.59000000,-0.01253170,0.04378790,-0.00199944,-0.03484776,-0.04012547,-0.00507392,-0.0000979306,0.0011448692,0.0003993568,-0.0000941961,-0.0000508708,0.0007777796,3141.28235742,3145.18876933,3142.84486581,3141.29408828,3141.43018872,3144.03441500
eth4h:row14396:1714104000,2024-04-26 04:00:00,3135.46000000,-0.01127279,0.04234657,-0.00271059,-0.03325283,-0.03938810,-0.00535531,-0.0000734160,0.0011168024,0.0003855087,-0.0000631383,-0.0000365122,0.0007723000,3135.22981550,3138.96364541,3136.66897999,3135.26203861,3135.34551962,3137.88245118
eth4h:row14397:1714118400,2024-04-26 08:00:00,3128.63000000,-0.01102519,0.04154737,-0.00267986,-0.03228213,-0.03892718,-0.00530399,-0.0000685946,0.0011012396,0.0003861070,-0.0000442359,-0.0000275367,0.0007732994,3128.41540031,3132.07726891,3129.83821913,3128.49160530,3128.54384903,3131.05030331
eth4h:row14398:1714132800,2024-04-26 12:00:00,3117.60000000,-0.01071993,0.04084594,-0.00285421,-0.03199042,-0.03894547,-0.00537774,-0.0000626502,0.0010875808,0.0003827120,-0.0000385556,-0.0000278930,0.0007718632,3117.40468787,3120.99248630,3118.79337133,3117.47980147,3117.51304191,3120.00728961
eth4h:row14399:1714147200,2024-04-26 16:00:00,3133.84000000,-0.01074281,0.04079307,-0.00286739,-0.03213119,-0.03891040,-0.00565302,-0.0000630959,0.0010865513,0.0003824554,-0.0000412968,-0.0000272100,0.0007665028,3133.64227380,3137.24692837,3135.03878315,3133.71058515,3133.75472946,3136.24301789
eth4h:row14400:1714161600,2024-04-26 20:00:00,3131.30000000,-0.01080599,0.04107437,-0.00320050,-0.03253875,-0.03904391,-0.00593677,-0.0000643262,0.0010920291,0.0003759688,-0.0000492332,-0.0000298099,0.0007609774,3131.09858183,3134.72133833,3132.47749246,3131.14583997,3131.20665772,3133.68375539
eth4h:row14401:1714176000,2024-04-27 00:00:00,3122.18000000,-0.01058429,0.04074080,-0.00360257,-0.03208355,-0.03909314,-0.00647103,-0.0000600091,0.0010855334,0.0003681393,-0.0000403691,-0.0000307686,0.0007505737,3121.99264645,3125.57107075,3123.32960891,3122.05396288,3122.08393639,3124.52430591
eth4h:row14402:1714190400,2024-04-27 04:00:00,3120.59000000,-0.01087940,0.04073180,-0.00370498,-0.03219643,-0.03950668,-0.00665764,-0.0000657556,0.0010853581,0.0003661452,-0.0000425671,-0.0000388213,0.0007469399,3120.38481056,3123.97879630,3121.73279816,3120.45716823,3120.46885689,3122.92176404
eth4h:row14403:1714204800,2024-04-27 08:00:00,3124.92000000,-0.01187184,0.04227812,-0.00290989,-0.03349305,-0.03996647,-0.00574924,-0.0000850813,0.0011154694,0.0003816277,-0.0000678161,-0.0000477748,0.0007646290,3124.65413894,3128.40769747,3126.11278349,3124.70808728,3124.77071128,3127.31031823
eth4h:row14404:1714219200,2024-04-27 12:00:00,3145.05000000,-0.01067710,0.03985427,-0.00361223,-0.03074492,-0.03896282,-0.00637699,-0.0000618163,0.0010682701,0.0003679512,-0.0000143022,-0.0000282308,0.0007524050,3144.85559080,3148.41155809,3146.20743777,3145.00501926,3144.96121402,3147.41724168
eth4h:row14405:1714233600,2024-04-27 16:00:00,3237.40000000,-0.01021917,0.03883237,-0.00404061,-0.03000170,-0.03863389,-0.00673629,-0.0000528991,0.0010483710,0.0003596094,0.0000001705,-0.0000218256,0.0007454084,3237.22874897,3240.79577587,3238.56440892,3237.40055207,3237.32934252,3239.81408489
eth4h:row14406:1714248000,2024-04-27 20:00:00,3255.56000000,-0.01048648,0.03917698,-0.00376994,-0.03076690,-0.03922475,-0.00658822,-0.0000581044,0.0010550814,0.0003648802,-0.0000147302,-0.0000333314,0.0007482917,3255.37084305,3258.99669344,3256.74810608,3255.51204539,3255.45148958,3257.99702017
eth4h:row14407:1714262400,2024-04-28 00:00:00,3308.87000000,-0.01043102,0.04058347,-0.00363885,-0.03245467,-0.03973205,-0.00608593,-0.0000570244,0.0010824698,0.0003674328,-0.0000475958,-0.0000432098,0.0007580728,3308.68131898,3312.45369098,3310.08601073,3308.71251559,3308.72702737,3311.37931539
eth4h:row14408:1714276800,2024-04-28 04:00:00,3317.60000000,-0.00995897,0.04146985,-0.00357418,-0.03358955,-0.04023252,-0.00617173,-0.0000478322,0.0010997301,0.0003686921,-0.0000696952,-0.0000529554,0.0007564020,3317.44131572,3321.25047150,3318.82339849,3317.36878715,3317.42431977,3320.11038867
eth4h:row14409:1714291200,2024-04-28 08:00:00,3286.41000000,-0.01039056,0.04303015,-0.00269506,-0.03496077,-0.04061437,-0.00540398,-0.0000562366,0.0011301136,0.0003858110,-0.0000963968,-0.0000603913,0.0007713522,3286.22518862,3290.12611603,3287.67817779,3286.09321594,3286.21153557,3288.94595753
eth4h:row14410:1714305600,2024-04-28 12:00:00,3321.01000000,-0.00937143,0.04076848,-0.00303285,-0.03265307,-0.03946061,-0.00586672,-0.0000363912,0.0010860725,0.0003792333,-0.0000514593,-0.0000379241,0.0007623415,3320.88914679,3324.61881694,3322.26967655,3320.83910742,3320.88405596,3323.54270893
eth4h:row14411:1714320000,2024-04-28 16:00:00,3316.92000000,-0.00970274,0.04072166,-0.00241743,-0.03250129,-0.03875048,-0.00571939,-0.0000428428,0.0010851608,0.0003912173,-0.0000485037,-0.0000240959,0.0007652104,3316.77789706,3320.52134515,3318.21789027,3316.75912105,3316.84007682,3319.45911291
eth4h:row14412:1714334400,2024-04-28 20:00:00,3263.45000000,-0.01002991,0.04047809,-0.00213342,-0.03206859,-0.03783021,-0.00602903,-0.0000492137,0.0010804177,0.0003967479,-0.0000400778,-0.0000061757,0.0007591808,3263.28939757,3266.97779452,3264.74502374,3263.31921075,3263.42984597,3265.92848934
eth4h:row14413:1714348800,2024-04-29 00:00:00,3177.60000000,-0.00992119,0.03977863,-0.00216954,-0.03061914,-0.03677825,-0.00654056,-0.0000470966,0.0010667972,0.0003960444,-0.0000118529,0.0000143090,0.0007492198,3177.45034932,3180.99166360,3178.85871981,3177.56233655,3177.64546858,3179.98161287
eth4h:row14414:1714363200,2024-04-29 04:00:00,3189.00000000,-0.00984734,0.03944347,-0.00229438,-0.03003244,-0.03661106,-0.00652644,-0.0000456585,0.0010602708,0.0003936135,-0.0000004281,0.0000175647,0.0007494949,3188.85439823,3192.38299656,3190.25548046,3188.99863483,3189.05601425,3191.39103506
eth4h:row14415:1714377600,2024-04-29 08:00:00,3160.11000000,-0.00968057,0.03962816,-0.00197268,-0.02965891,-0.03636972,-0.00597781,-0.0000424110,0.0010638671,0.0003998779,0.0000068456,0.0000222642,0.0007601781,3159.97597947,3163.47372600,3161.37391089,3160.13163277,3160.18035822,3162.51315980
eth4h:row14416:1714392000,2024-04-29 12:00:00,3182.45000000,-0.00945555,0.03949664,-0.00199843,-0.02928359,-0.03633348,-0.00514679,-0.0000380292,0.0010613061,0.0003993764,0.0000141540,0.0000229699,0.0007763605,3182.32897641,3185.82934645,3183.72124914,3182.49504475,3182.52310148,3184.92168781
eth4h:row14417:1714406400,2024-04-29 16:00:00,3186.01000000,-0.00889120,0.03836329,-0.00243592,-0.02809675,-0.03617487,-0.00514923,-0.0000270396,0.0010392365,0.0003908573,0.0000372653,0.0000260585,0.0007763131,3185.92385264,3189.32273888,3187.25551873,3186.12872985,3186.09302364,3188.48430146
eth4h:row14418:1714420800,2024-04-29 20:00:00,3216.73000000,-0.00900412,0.03740359,-0.00283272,-0.02730047,-0.03623486,-0.00545846,-0.0000292385,0.0010205485,0.0003831304,0.0000527710,0.0000248903,0.0007702913,3216.63594895,3220.01450470,3217.96266330,3216.89975457,3216.81006623,3219.20877386
eth4h:row14419:1714435200,2024-04-30 00:00:00,3180.79000000,-0.00997964,0.03908444,-0.00297581,-0.02919024,-0.03713269,-0.00546815,-0.0000482347,0.0010532794,0.0003803441,0.0000159719,0.0000074071,0.0007701027,3180.63657939,3184.14202573,3182.00002482,3180.84080371,3180.81356039,3183.24047853
eth4h:row14420:1714449600,2024-04-30 04:00:00,3157.35000000,-0.01088281,0.04047690,-0.00347511,-0.03121797,-0.03813461,-0.00556606,-0.0000658220,0.0010803945,0.0003706213,-0.0000235138,-0.0000121033,0.0007681962,3157.14218368,3160.76302688,3158.52039804,3157.27575943,3157.31178603,3159.77639610
eth4h:row14421:1714464000,2024-04-30 08:00:00,3007.45000000,-0.01113467,0.04145447,-0.00386465,-0.03298743,-0.03843720,-0.00557235,-0.0000707264,0.0010994307,0.0003630359,-0.0000579701,-0.0000179954,0.0007680736,3007.23730129,3010.75830101,3008.54201045,3007.27566279,3007.39588022,3009.76083027
eth4h:row14422:1714478400,2024-04-30 12:00:00,2994.12000000,-0.01103881,0.04121650,-0.00423325,-0.03244532,-0.03844420,-0.00585860,-0.0000688598,0.0010947967,0.0003558581,-0.0000474138,-0.0000181318,0.0007624996,2993.91383262,2997.39974761,2995.18567157,2993.97804070,2994.06571177,2996.40388597
eth4h:row14423:1714492800,2024-04-30 16:00:00,2928.96000000,-0.01090588,0.04076798,-0.00446531,-0.03234464,-0.03896642,-0.00599957,-0.0000662712,0.0010860626,0.0003513392,-0.0000454532,-0.0000283010,0.0007597545,2928.76590073,2932.14276199,2929.98923928,2928.82687256,2928.87710866,2931.18613604
eth4h:row14424:1714507200,2024-04-30 20:00:00,3014.05000000,-0.01125364,0.04019982,-0.00440528,-0.03210657,-0.03994749,-0.00577972,-0.0000730431,0.0010749991,0.0003525083,-0.0000408174,-0.0000474051,0.0007640356,3013.82985236,3017.29184320,3015.11266491,3013.92697673,3013.90712210,3016.35372151
eth4h:row14425:1714521600,2024-05-01 00:00:00,3004.37000000,-0.00995712,0.03733660,-0.00542901,-0.02958771,-0.03954030,-0.00700788,-0.0000477962,0.0010192439,0.0003325733,0.0000082320,-0.0000394760,0.0007401198,3004.22640593,3007.43374691,3005.36933948,3004.39473200,3004.25140197,3006.59441689
eth4h:row14426:1714536000,2024-05-01 04:00:00,2869.71000000,-0.01037900,0.03783420,-0.00593176,-0.02998340,-0.04074282,-0.00799525,-0.0000560114,0.0010289338,0.0003227833,0.0000005269,-0.0000628925,0.0007208929,2869.54926790,2872.66426116,2870.63644411,2869.71151192,2869.52952243,2871.77949934
eth4h:row14427:1714550400,2024-05-01 08:00:00,2905.39000000,-0.01128198,0.03890372,-0.00565809,-0.03131345,-0.04180170,-0.00806503,-0.0000735950,0.0010497603,0.0003281124,-0.0000253730,-0.0000835118,0.0007195342,2905.17618557,2908.44156447,2906.34345097,2905.31628261,2905.14737568,2907.48127964
eth4h:row14428:1714564800,2024-05-01 12:00:00,2885.45000000,-0.01349907,0.04280553,-0.00446943,-0.03497716,-0.04411028,-0.00713723,-0.0001167680,0.0011257396,0.0003512590,-0.0000967160,-0.0001284664,0.0007376010,2885.11309155,2888.70009436,2886.46371824,2885.17094443,2885.07934046,2887.57909601
eth4h:row14429:1714579200,2024-05-01 16:00:00,2926.06000000,-0.01411271,0.04383198,-0.00382951,-0.03519097,-0.04435212,-0.00636460,-0.0001287174,0.0011457275,0.0003637201,-0.0001008793,-0.0001331758,0.0007526462,2925.68338949,2929.41438873,2927.12446038,2925.76483604,2925.67034552,2928.26311703
eth4h:row14430:1714593600,2024-05-01 20:00:00,2972.46000000,-0.01474877,0.04426581,-0.00338589,-0.03584917,-0.04417226,-0.00598884,-0.0001411032,0.0011541755,0.0003723587,-0.0001136963,-0.0001296735,0.0007599634,2972.04060601,2975.89272103,2973.56702738,2972.12206152,2972.07457573,2974.71981940
eth4h:row14431:1714608000,2024-05-02 00:00:00,2929.33000000,-0.01503679,0.04464901,-0.00288742,-0.03625473,-0.04392979,-0.00558230,-0.0001467118,0.0011616374,0.0003820654,-0.0001215938,-0.0001249519,0.0007678799,2928.90026412,2932.73479657,2930.44940941,2928.97383330,2928.96399758,2931.58023750
eth4h:row14432:1714622400,2024-05-02 04:00:00,2921.22000000,-0.01485643,0.04494012,-0.00260288,-0.03652747,-0.04345933,-0.00543598,-0.0001431997,0.0011673062,0.0003876061,-0.0001269047,-0.0001157907,0.0007707292,2920.80171226,2924.63194909,2922.35250226,2920.84930686,2920.88176948,2923.47233745
eth4h:row14433:1714636800,2024-05-02 08:00:00,2995.55000000,-0.01451981,0.04522217,-0.00252658,-0.03675437,-0.04333637,-0.00539855,-0.0001366448,0.0011727985,0.0003890918,-0.0001313231,-0.0001133962,0.0007714580,2995.14070176,2999.06523733,2996.71577071,2995.15664084,2995.21033518,2997.86183255
eth4h:row14434:1714651200,2024-05-02 12:00:00,2990.17000000,-0.01370703,0.04543275,-0.00225303,-0.03699185,-0.04316301,-0.00467145,-0.0001208175,0.0011768991,0.0003944187,-0.0001359475,-0.0001100204,0.0007856167,2989.80875681,2993.69120004,2991.34961157,2989.76352140,2989.84103835,2992.52005053
eth4h:row14435:1714665600,2024-05-02 16:00:00,2999.81000000,-0.01308316,0.04494605,-0.00203669,-0.03597913,-0.04222155,-0.00430206,-0.0001086691,0.0011674216,0.0003986315,-0.0001162271,-0.0000916876,0.0007928098,2999.48403109,3003.31408809,3001.00605714,2999.46136092,2999.53496721,3002.18922187
eth4h:row14436:1714680000,2024-05-02 20:00:00,2986.19000000,-0.01189713,0.04334775,-0.00162955,-0.03414604,-0.04044840,-0.00390478,-0.0000855738,0.0011362982,0.0004065596,-0.0000805316,-0.0000571594,0.0008005460,2985.93447145,2989.58513099,2987.40431108,2985.94952716,2986.01931615,2988.58153959
eth4h:row14437:1714694400,2024-05-03 00:00:00,3010.15000000,-0.01108770,0.04168267,-0.00187827,-0.03240110,-0.03957657,-0.00427949,-0.0000698118,0.0011038743,0.0004017163,-0.0000465526,-0.0000401822,0.0007932493,3009.93986325,3013.47466185,3011.35946916,3010.00987295,3010.02904792,3012.53874666
eth4h:row14438:1714708800,2024-05-03 04:00:00,2969.00000000,-0.01013513,0.04018614,-0.00184816,-0.03081411,-0.03811035,-0.00456601,-0.0000512626,0.0010747327,0.0004023027,-0.0000156494,-0.0000116309,0.0007876699,2968.84780537,2972.19259674,2970.19467703,2968.95353722,2968.96546818,2971.33951332
eth4h:row14439:1714723200,2024-05-03 08:00:00,2979.50000000,-0.01009522,0.03997127,-0.00194888,-0.03017015,-0.03748915,-0.00482325,-0.0000504855,0.0010705485,0.0004003413,-0.0000031098,0.0000004657,0.0007826608,2979.34958229,2982.69140723,2980.69305575,2979.49073431,2979.50138744,2981.83285057
eth4h:row14440:1714737600,2024-05-03 12:00:00,3075.52000000,-0.00952114,0.03902436,-0.00207323,-0.02919943,-0.03622634,-0.00489877,-0.0000393065,0.0010521095,0.0003979199,0.0000157929,0.0000250562,0.0007811902,3075.39911452,3078.75748657,3076.74405402,3075.56857170,3075.59706191,3077.92350476
eth4h:row14441:1714752000,2024-05-03 16:00:00,3072.50000000,-0.00913745,0.03906889,-0.00179770,-0.02848592,-0.03548697,-0.00465828,-0.0000318349,0.0010529765,0.0004032852,0.0000296870,0.0000394538,0.0007858732,3072.40218869,3075.73697426,3073.73934371,3072.59121463,3072.62122415,3074.91554450
eth4h:row14442:1714766400,2024-05-03 20:00:00,3102.61000000,-0.00915629,0.03975514,-0.00102577,-0.02898925,-0.03501613,-0.00337283,-0.0000322017,0.0010663399,0.0004183169,0.0000198857,0.0000486225,0.0008109046,3102.51009224,3105.92020144,3103.90814578,3102.67169818,3102.76086036,3105.12694095
eth4h:row14443:1714780800,2024-05-04 00:00:00,3112.00000000,-0.00741437,0.03745399,-0.00188883,-0.02733890,-0.03416101,-0.00394673,0.0000017183,0.0010215299,0.0004015107,0.0000520227,0.0000652741,0.0007997290,3112.00534746,3115.18062518,3113.24975215,3112.16189875,3112.20313959,3114.48975217
eth4h:row14444:1714795200,2024-05-04 04:00:00,3095.94000000,-0.00773406,0.03898565,-0.00110286,-0.02878329,-0.03400037,-0.00295312,-0.0000045069,0.0010513556,0.0004168157,0.0000238964,0.0000684021,0.0008190776,3095.92604685,3099.19664560,3097.23070551,3096.01398270,3096.15177603,3098.47685382
eth4h:row14445:1714809600,2024-05-04 08:00:00,3130.45000000,-0.00740428,0.03780619,-0.00184100,-0.02780833,-0.03372348,-0.00390271,0.0000019148,0.0010283883,0.0004024420,0.0000428815,0.0000737940,0.0008005863,3130.45599412,3133.67097395,3131.71007805,3130.58424129,3130.68101695,3132.95719896
eth4h:row14446:1714824000,2024-05-04 12:00:00,3126.81000000,-0.00841975,0.03937141,-0.00129877,-0.02919452,-0.03384597,-0.00331700,-0.0000178593,0.0010588675,0.0004130009,0.0000158886,0.0000714088,0.0008119917,3126.75415787,3130.12263100,3128.10164207,3126.85968114,3127.03328978,3129.34997476
eth4h:row14447:1714838400,2024-05-04 16:00:00,3137.01000000,-0.00805254,0.03836144,-0.00185277,-0.02819122,-0.03330074,-0.00387244,-0.0000107087,0.0010392005,0.0004022129,0.0000354256,0.0000820261,0.0008011757,3136.97640692,3140.27167683,3138.27199966,3137.12113256,3137.26732713,3139.52430313
eth4h:row14448:1714852800,2024-05-04 20:00:00,3117.23000000,-0.00908802,0.04039104,-0.00096502,-0.02979029,-0.03327177,-0.00295823,-0.0000308725,0.0010787225,0.0004194999,0.0000042871,0.0000825901,0.0008189780,3117.13376494,3120.59444056,3118.53795213,3117.24336404,3117.48746312,3119.78398862
eth4h:row14449:1714867200,2024-05-05 00:00:00,3086.91000000,-0.00780691,0.03938935,-0.00151298,-0.02969673,-0.03305218,-0.00292392,-0.0000059256,0.0010592169,0.0004088296,0.0000061091,0.0000868661,0.0008196460,3086.89170839,3090.18143940,3088.17227818,3086.92885832,3087.17815937,3089.44121067
eth4h:row14450:1714881600,2024-05-05 04:00:00,3105.70000000,-0.00713268,0.03767470,-0.00238085,-0.02831538,-0.03330664,-0.00378469,0.0000072037,0.0010258278,0.0003919296,0.0000330080,0.0000819112,0.0008028845,3105.72237251,3108.88754812,3106.91745444,3105.80251452,3105.95440189,3108.19451954
eth4h:row14451:1714896000,2024-05-05 08:00:00,3138.10000000,-0.00743732,0.03793938,-0.00217680,-0.02805496,-0.03363989,-0.00378897,0.0000012715,0.0010309818,0.0003959031,0.0000380789,0.0000754218,0.0008028012,3138.10399002,3141.33699228,3139.34262933,3138.21949779,3138.33669020,3140.62028190
eth4h:row14452:1714910400,2024-05-05 12:00:00,3160.19000000,-0.00892052,0.04033203,-0.00194467,-0.03020559,-0.03510416,-0.00324422,-0.0000276107,0.0010775735,0.0004004233,-0.0000037998,0.0000469082,0.0008134090,3160.10274621,3163.59717230,3161.45566705,3160.17799181,3160.33824230,3162.76157271
eth4h:row14453:1714924800,2024-05-05 16:00:00,3142.45000000,-0.00993158,0.04066319,-0.00176939,-0.03087462,-0.03571806,-0.00335518,-0.0000472989,0.0010840222,0.0004038365,-0.0000168278,0.0000349539,0.0008112483,3142.30136920,3145.85833245,3143.71929239,3142.39711993,3142.55984268,3145.00034144
eth4h:row14454:1714939200,2024-05-05 20:00:00,3136.41000000,-0.01133180,0.04249001,-0.00133919,-0.03252244,-0.03678057,-0.00291985,-0.0000745651,0.0011195956,0.0004122137,-0.0000489154,0.0000142637,0.0008197254,3136.17614208,3139.92347725,3137.70313762,3136.25658489,3136.45473722,3138.98204890
eth4h:row14455:1714953600,2024-05-06 00:00:00,3134.61000000,-0.01149416,0.04259277,-0.00178600,-0.03270992,-0.03720526,-0.00340007,-0.0000777267,0.0011215966,0.0004035130,-0.0000525663,0.0000059939,0.0008103741,3134.36636645,3138.12774023,3135.87511110,3134.44522939,3134.62878873,3137.15123639
eth4h:row14456:1714968000,2024-05-06 04:00:00,3180.53000000,-0.01258478,0.04444031,-0.00169689,-0.03500612,-0.03872631,-0.00326842,-0.0000989641,0.0011575733,0.0004052482,-0.0000972798,-0.0000236252,0.0008129376,3180.21525718,3184.21382848,3181.81916526,3180.22061387,3180.45486011,3183.11662372
eth4h:row14457:1714982400,2024-05-06 08:00:00,3149.23000000,-0.01226453,0.04440413,-0.00168901,-0.03503251,-0.03885863,-0.00290877,-0.0000927281,0.0011568688,0.0004054017,-0.0000977936,-0.0000262019,0.0008199411,3148.93799132,3152.87535417,3150.50696202,3148.92204038,3149.14748518,3151.81324206
eth4h:row14458:1714996800,2024-05-06 12:00:00,3089.25000000,-0.01224697,0.04424713,-0.00192340,-0.03516778,-0.03924651,-0.00308655,-0.0000923860,0.0011538116,0.0004008375,-0.0001004278,-0.0000337550,0.0008164793,3088.96460966,3092.81646962,3090.48853546,3088.93976904,3089.14572412,3091.77333855
eth4h:row14459:1715011200,2024-05-06 16:00:00,3069.84000000,-0.01240058,0.04476471,-0.00160118,-0.03571924,-0.03949652,-0.00293748,-0.0000953774,0.0011638903,0.0004071119,-0.0001111663,-0.0000386234,0.0008193820,3069.54722071,3073.41503706,3071.09002298,3069.49875615,3069.72143451,3072.35640232
eth4h:row14460:1715025600,2024-05-06 20:00:00,3062.60000000,-0.01242805,0.04445118,-0.00183630,-0.03565682,-0.04030574,-0.00341587,-0.0000959121,0.0011577852,0.0004025337,-0.0001099508,-0.0000543813,0.0008100664,3062.30627355,3066.14788629,3063.83304780,3062.26328316,3062.43345637,3065.08191450
eth4h:row14461:1715040000,2024-05-07 00:00:00,3049.19000000,-0.01305167,0.04482729,-0.00179301,-0.03592586,-0.04058091,-0.00367520,-0.0001080560,0.0011651090,0.0004033765,-0.0001151898,-0.0000597395,0.0008050165,3048.86053464,3052.74470913,3050.42021961,3048.83878467,3049.00784824,3051.64563645
eth4h:row14462:1715054400,2024-05-07 04:00:00,3077.40000000,-0.01320042,0.04421423,-0.00222081,-0.03513300,-0.04046816,-0.00435997,-0.0001109524,0.0011531709,0.0003950460,-0.0000997505,-0.0000575441,0.0007916821,3077.05857397,3080.95081513,3078.61595485,3077.09304301,3077.22291879,3079.83728712
eth4h:row14463:1715068800,2024-05-07 08:00:00,3063.39000000,-0.01435001,0.04494245,-0.00182628,-0.03544424,-0.04071734,-0.00429300,-0.0001333383,0.0011673514,0.0004027287,-0.0001058113,-0.0000623963,0.0007929863,3062.98156003,3066.96814074,3064.62396345,3063.06587595,3063.19886171,3065.82018958
eth4h:row14464:1715083200,2024-05-07 12:00:00,3071.41000000,-0.01461133,0.04542149,-0.00141951,-0.03530103,-0.04034812,-0.00391297,-0.0001384270,0.0011766797,0.0004106497,-0.0001030225,-0.0000552065,0.0008003866,3070.98486345,3075.02619305,3072.67153253,3071.09359206,3071.24044277,3073.86929932
eth4h:row14465:1715097600,2024-05-07 16:00:00,3049.62000000,-0.01423393,0.04534943,-0.00127115,-0.03503412,-0.04049481,-0.00381673,-0.0001310779,0.0011752765,0.0004135386,-0.0000978250,-0.0000580629,0.0008022606,3049.22028845,3053.20625369,3050.88139635,3049.32168557,3049.44293521,3052.06757163
eth4h:row14466:1715112000,2024-05-07 20:00:00,3005.69000000,-0.01342048,0.04444665,-0.00169507,-0.03416943,-0.04054410,-0.00373839,-0.0001152376,0.0011576970,0.0004052837,-0.0000809871,-0.0000590228,0.0008037860,3005.34365140,3009.17169314,3006.90840418,3005.44658769,3005.51260092,3008.10690279
eth4h:row14467:1715126400,2024-05-08 00:00:00,3032.33000000,-0.01295742,0.04404328,-0.00221779,-0.03412695,-0.04076979,-0.00392291,-0.0001062207,0.0011498421,0.0003951048,-0.0000801598,-0.0000634177,0.0008001930,3032.00792104,3035.81870606,3033.52832485,3032.08693863,3032.13770268,3034.75742034
eth4h:row14468:1715140800,2024-05-08 04:00:00,2995.01000000,-0.01325046,0.04448817,-0.00197728,-0.03414838,-0.04062784,-0.00341051,-0.0001119268,0.0011585054,0.0003997883,-0.0000805771,-0.0000606536,0.0008101709,2994.67479686,2998.48174577,2996.20760920,2994.76868047,2994.82834747,2997.43745304
eth4h:row14469:1715155200,2024-05-08 08:00:00,2990.31000000,-0.01368415,0.04402173,-0.00205998,-0.03365941,-0.04051576,-0.00367058,-0.0001203721,0.0011494225,0.0003981778,-0.0000710555,-0.0000584709,0.0008051064,2989.95007165,2993.74910578,2991.50091221,2990.09752946,2990.13515892,2992.71848720
eth4h:row14470:1715169600,2024-05-08 12:00:00,3006.98000000,-0.01349899,0.04380972,-0.00195574,-0.03361958,-0.04002202,-0.00375472,-0.0001167665,0.0011452940,0.0004002077,-0.0000702799,-0.0000488565,0.0008034681,3006.62890593,3010.42584908,3008.18365737,3006.76867711,3006.83309307,3009.39698346
eth4h:row14471:1715184000,2024-05-08 16:00:00,2999.38000000,-0.01316725,0.04410870,-0.00210854,-0.03438618,-0.04014043,-0.00372989,-0.0001103065,0.0011511159,0.0003972323,-0.0000852079,-0.0000511622,0.0008039516,2999.04916712,3002.83462210,3000.57168732,2999.12444002,2999.22654912,3001.79232578
eth4h:row14472:1715198400,2024-05-08 20:00:00,2974.21000000,-0.01212318,0.04362042,-0.00273937,-0.03412932,-0.03975002,-0.00407189,-0.0000899756,0.0011416077,0.0003849482,-0.0000802060,-0.0000435598,0.0007972919,2973.94240571,2977.60731994,2975.35513717,2973.97146012,2974.08044690,2976.58225914
eth4h:row14473:1715212800,2024-05-09 00:00:00,2997.90000000,-0.01038852,0.04113997,-0.00373950,-0.03150244,-0.03883103,-0.00501550,-0.0000561969,0.0010933064,0.0003654729,-0.0000290532,-0.0000256645,0.0007789172,2997.73153216,3001.17941554,2998.99585130,2997.81290282,2997.82306126,3000.23602545
eth4h:row14474:1715227200,2024-05-09 04:00:00,2983.59000000,-0.01098812,0.04180399,-0.00288845,-0.03193445,-0.03879616,-0.00411788,-0.0000678726,0.0011062368,0.0003820452,-0.0000374657,-0.0000249855,0.0007963963,2983.38750275,2986.89238342,2984.73008404,2983.47821980,2983.51545430,2985.96706647
eth4h:row14475:1715241600,2024-05-09 08:00:00,2977.20000000,-0.01042768,0.04031662,-0.00281503,-0.03030026,-0.03810123,-0.00412348,-0.0000569594,0.0010772734,0.0003834749,-0.0000056433,-0.0000114533,0.0007962872,2977.03042523,2980.40898663,2978.34190031,2977.18319889,2977.16590150,2979.57165039
eth4h:row14476:1715256000,2024-05-09 12:00:00,3005.99000000,-0.01002985,0.03936303,-0.00275982,-0.02943779,-0.03755567,-0.00423967,-0.0000492125,0.0010587044,0.0003845499,0.0000111514,-0.0000008296,0.0007940246,3005.84207130,3009.17414015,3007.14617557,3006.02352105,3005.98750609,3008.37777792
eth4h:row14477:1715270400,2024-05-09 16:00:00,3021.41000000,-0.00943169,0.03806014,-0.00336205,-0.02845543,-0.03763665,-0.00515446,-0.0000375646,0.0010333333,0.0003728228,0.0000302807,-0.0000024064,0.0007762112,3021.29650408,3024.53373723,3022.53666056,3021.50149172,3021.40272923,3023.75616275
eth4h:row14478:1715284800,2024-05-09 20:00:00,3036.23000000,-0.00908054,0.03843073,-0.00336860,-0.02845516,-0.03737251,-0.00519723,-0.0000307268,0.0010405498,0.0003726954,0.0000302859,0.0000027371,0.0007753783,3036.13670782,3039.39099276,3037.36179991,3036.32195634,3036.23831047,3038.58513975
eth4h:row14479:1715299200,2024-05-10 00:00:00,3028.95000000,-0.00955112,0.03987918,-0.00307062,-0.02992119,-0.03784392,-0.00475825,-0.0000398903,0.0010687553,0.0003784979,0.0000017383,-0.0000064427,0.0007839265,3028.82917670,3032.18893676,3030.09666823,3028.95526525,3028.93048558,3031.32540508
eth4h:row14480:1715313600,2024-05-10 04:00:00,3042.26000000,-0.00993529,0.04120422,-0.00187747,-0.03075502,-0.03744838,-0.00324421,-0.0000473711,0.0010945576,0.0004017318,-0.0000144989,0.0000012596,0.0008134091,3042.11588817,3045.59175179,3043.48241811,3042.21589087,3042.26383192,3044.73560880
eth4h:row14481:1715328000,2024-05-10 08:00:00,3037.85000000,-0.00952864,0.04079116,-0.00143698,-0.03024427,-0.03670190,-0.00279902,-0.0000394524,0.0010865141,0.0004103095,-0.0000045531,0.0000157958,0.0008220782,3037.73015179,3041.15246068,3039.09671433,3037.83616835,3037.89798569,3040.34837705
eth4h:row14482:1715342400,2024-05-10 12:00:00,2918.54000000,-0.00826322,0.03873686,-0.00197409,-0.02847930,-0.03556783,-0.00357139,-0.0000148111,0.0010465110,0.0003998504,0.0000298158,0.0000378793,0.0008070381,2918.49677359,2921.59588291,2919.70721258,2918.62701998,2918.65055445,2920.89632358
eth4h:row14483:1715356800,2024-05-10 16:00:00,2901.60000000,-0.00789471,0.03748960,-0.00206280,-0.02772644,-0.03481019,-0.00386841,-0.0000076352,0.0010222234,0.0003981230,0.0000444763,0.0000526326,0.0008012542,2901.57784570,2904.56759980,2902.75542363,2901.72905521,2901.75272286,2903.92585072
eth4h:row14484:1715371200,2024-05-10 20:00:00,2909.99000000,-0.00810623,0.03825480,-0.00198004,-0.02811545,-0.03413246,-0.00386577,-0.0000117542,0.0010371241,0.0003997346,0.0000369011,0.0000658300,0.0008013057,2909.95579571,2913.00958621,2911.15345613,2910.09738395,2910.18157109,2912.32272594
eth4h:row14485:1715385600,2024-05-11 00:00:00,2911.00000000,-0.00778338,0.03739104,-0.00232905,-0.02659830,-0.03349481,-0.00444293,-0.0000054674,0.0010203042,0.0003929383,0.0000664443,0.0000782469,0.0007900667,2910.98408449,2913.97162120,2912.14406804,2911.19342579,2911.22778568,2913.30079302
eth4h:row14486:1715400000,2024-05-11 04:00:00,2921.79000000,-0.00838785,0.03827757,-0.00169050,-0.02676001,-0.03319371,-0.00336456,-0.0000172380,0.0010375674,0.0004053727,0.0000632954,0.0000841100,0.0008110656,2921.73963448,2924.82312742,2922.97465395,2921.97494172,2922.03576223,2924.16072464
eth4h:row14487:1715414400,2024-05-11 08:00:00,2903.40000000,-0.00810699,0.03747881,-0.00158796,-0.02612489,-0.03273771,-0.00297921,-0.0000117690,0.0010220133,0.0004073695,0.0000756629,0.0000929898,0.0008185695,2903.36583020,2906.36883017,2904.58299747,2903.61968808,2903.66999904,2905.77760764
eth4h:row14488:1715428800,2024-05-11 12:00:00,2925.72000000,-0.00787552,0.03675363,-0.00191313,-0.02549953,-0.03249354,-0.00306460,-0.0000072615,0.0010078920,0.0004010376,0.0000878404,0.0000977445,0.0008169067,2925.69875498,2928.67029620,2926.89355895,2925.97700775,2926.00598689,2928.11101670
eth4h:row14489:1715443200,2024-05-11 16:00:00,2930.61000000,-0.00727496,0.03632129,-0.00233741,-0.02498705,-0.03250984,-0.00324220,0.0000044331,0.0009994730,0.0003927755,0.0000978199,0.0000974270,0.0008134483,2930.62299185,2933.54052990,2931.76129783,2930.89668591,2930.89553449,2932.99486962
eth4h:row14490:1715457600,2024-05-11 20:00:00,2912.45000000,-0.00733317,0.03661440,-0.00307088,-0.02575831,-0.03389517,-0.00365939,0.0000032995,0.0010051806,0.0003784928,0.0000828014,0.0000704507,0.0008053243,2912.45960953,2915.37901017,2913.55255009,2912.69116480,2912.65519132,2914.79641155
eth4h:row14491:1715472000,2024-05-12 00:00:00,2921.13000000,-0.00874458,0.03909958,-0.00252881,-0.02812624,-0.03496344,-0.00297736,-0.0000241847,0.0010535743,0.0003890484,0.0000366911,0.0000496485,0.0008186055,2921.05935430,2924.20924919,2922.26668209,2921.23718133,2921.27503345,2923.52223201
eth4h:row14492:1715486400,2024-05-12 04:00:00,2907.80000000,-0.00868948,0.03944752,-0.00276725,-0.02838133,-0.03507233,-0.00309524,-0.0000231116,0.0010603497,0.0003844054,0.0000317237,0.0000475280,0.0008163101,2907.73279679,2910.88492005,2908.91798900,2907.89224758,2907.93820520,2910.17463558
eth4h:row14493:1715500800,2024-05-12 08:00:00,2928.00000000,-0.00875428,0.03960372,-0.00283353,-0.02943568,-0.03530065,-0.00305208,-0.0000243736,0.0010633912,0.0003831146,0.0000111926,0.0000430820,0.0008171504,2927.92863507,2931.11526556,2929.12197453,2928.03277199,2928.12614694,2930.39359427
eth4h:row14494:1715515200,2024-05-12 12:00:00,2938.00000000,-0.00866602,0.03896866,-0.00310619,-0.02962751,-0.03561930,-0.00354674,-0.0000226549,0.0010510248,0.0003778051,0.0000074569,0.0000368771,0.0008075180,2937.93344065,2941.08953429,2939.11020119,2938.02190856,2938.10834690,2940.37344608
eth4h:row14495:1715529600,2024-05-12 16:00:00,2929.59000000,-0.00819117,0.03877790,-0.00314611,-0.02979566,-0.03554449,-0.00376909,-0.0000134081,0.0010473101,0.0003770279,0.0000041827,0.0000383337,0.0008031883,2929.55071997,2932.65979646,2930.69474547,2929.60225357,2929.70230429,2931.94395752
eth4h:row14496:1715544000,2024-05-12 20:00:00,2929.29000000,-0.00783838,0.03837771,-0.00370417,-0.02962164,-0.03586245,-0.00467828,-0.0000065384,0.0010395174,0.0003661608,0.0000075713,0.0000321421,0.0007854837,2929.27084721,2932.33663105,2930.36278768,2929.31217851,2929.38415514,2931.59181336
eth4h:row14497:1715558400,2024-05-13 00:00:00,2889.92000000,-0.00809647,0.03894094,-0.00318025,-0.02970506,-0.03620286,-0.00436258,-0.0000115641,0.0010504851,0.0003763630,0.0000059469,0.0000255135,0.0007916313,2889.88658086,2892.95741308,2891.00786366,2889.93718612,2889.99373302,2892.20865693
eth4h:row14498:1715572800,2024-05-13 04:00:00,2953.99000000,-0.00841302,0.03869752,-0.00267027,-0.02919809,-0.03645948,-0.00417230,-0.0000177281,0.0010457449,0.0003862939,0.0000158190,0.0000205163,0.0007953366,2953.93763172,2957.08073589,2955.13132860,2954.03672952,2954.05060547,2956.34035094
eth4h:row14499:1715587200,2024-05-13 08:00:00,2965.57000000,-0.00948873,0.03973392,-0.00187313,-0.02972234,-0.03658841,-0.00372319,-0.0000386754,0.0010659267,0.0004018164,0.0000056103,0.0000180057,0.0008040821,2965.45530772,2968.73276560,2966.76185405,2965.58663781,2965.62339774,2967.95552079
eth4h:row14500:1715601600,2024-05-13 12:00:00,2961.22000000,-0.00907464,0.03928579,-0.00188770,-0.02880855,-0.03608591,-0.00377766,-0.0000306119,0.0010572002,0.0004015327,0.0000234046,0.0000277908,0.0008030214,2961.12935286,2964.35225778,2962.40926554,2961.28930688,2961.30229574,2963.59887811
eth4h:row14501:1715616000,2024-05-13 16:00:00,2956.70000000,-0.00972991,0.03965456,-0.00137437,-0.02947452,-0.03645951,-0.00356855,-0.0000433717,0.0010643813,0.0004115286,0.0000104361,0.0000205157,0.0008070933,2956.57176559,2959.84873153,2957.91701700,2956.73085655,2956.76065935,2959.08729615
eth4h:row14502:1715630400,2024-05-13 20:00:00,2950.99000000,-0.00943500,0.03943063,-0.00126908,-0.02887810,-0.03536854,-0.00348582,-0.0000376290,0.0010600206,0.0004135791,0.0000220501,0.0000417600,0.0008087044,2950.87895924,2954.11976879,2952.21072010,2951.05507023,2951.11323603,2953.37744371
eth4h:row14503:1715644800,2024-05-14 00:00:00,2940.99000000,-0.00896832,0.03918964,-0.00149496,-0.02802173,-0.03499744,-0.00346377,-0.0000285415,0.0010553280,0.0004091804,0.0000387260,0.0000489864,0.0008091337,2940.90606082,2944.09534748,2942.19364173,2941.10389502,2941.13407199,2943.37061700
eth4h:row14504:1715659200,2024-05-14 04:00:00,2920.03000000,-0.00930934,0.03972850,-0.00124716,-0.02820940,-0.03473160,-0.00301019,-0.0000351820,0.0010658211,0.0004140059,0.0000350716,0.0000541630,0.0008179662,2919.92726922,2923.14388867,2921.23915994,2920.13241203,2920.18816180,2922.41946304
eth4h:row14505:1715673600,2024-05-14 08:00:00,2907.94000000,-0.01047771,0.04131959,-0.00050924,-0.02949375,-0.03463007,-0.00198667,-0.0000579335,0.0010968041,0.0004283753,0.0000100618,0.0000561402,0.0008378970,2907.77153769,2911.13119012,2909.18595654,2907.96925918,2908.10325686,2910.37757526
eth4h:row14506:1715688000,2024-05-14 12:00:00,2898.93000000,-0.00896776,0.03871015,-0.00149147,-0.02760823,-0.03357089,-0.00280719,-0.0000285305,0.0010459910,0.0004092485,0.0000467782,0.0000767653,0.0008219192,2898.84729322,2901.96384112,2900.11662542,2899.06560982,2899.15254582,2901.31366564
eth4h:row14507:1715702400,2024-05-14 16:00:00,2893.74000000,-0.00857027,0.03850312,-0.00186865,-0.02740949,-0.03341702,-0.00320661,-0.0000207903,0.0010419594,0.0004019037,0.0000506481,0.0000797616,0.0008141414,2893.67983895,2896.75673102,2894.90323862,2893.88656626,2893.97081851,2896.09687276
eth4h:row14508:1715716800,2024-05-14 20:00:00,2881.93000000,-0.00887057,0.03900800,-0.00224218,-0.02835662,-0.03414569,-0.00320434,-0.0000266380,0.0010517909,0.0003946299,0.0000322048,0.0000655724,0.0008141855,2881.85323207,2884.96278235,2883.06752030,2882.02281341,2882.11898121,2884.27738105
eth4h:row14509:1715731200,2024-05-15 00:00:00,2902.64000000,-0.00812046,0.03767691,-0.00325441,-0.02716630,-0.03433917,-0.00393419,-0.0000120313,0.0010258708,0.0003749190,0.0000553837,0.0000618048,0.0007999732,2902.60507776,2905.61926142,2903.72845885,2902.80076334,2902.81940274,2904.96296326
eth4h:row14510:1715745600,2024-05-15 04:00:00,2916.51000000,-0.00814094,0.03762270,-0.00333892,-0.02663748,-0.03403280,-0.00407347,-0.0000124300,0.0010248151,0.0003732733,0.0000656815,0.0000677707,0.0007972612,2916.47374811,2919.50041563,2917.59885849,2916.70156690,2916.70766060,2918.83614727
eth4h:row14511:1715760000,2024-05-15 08:00:00,2898.74000000,-0.00797954,0.03660012,-0.00391485,-0.02632935,-0.03445632,-0.00432199,-0.0000092872,0.0010049026,0.0003620583,0.0000716815,0.0000595235,0.0007924217,2898.71307908,2901.65441561,2899.78970289,2898.94779360,2898.91254840,2901.03793492
eth4h:row14512:1715774400,2024-05-15 12:00:00,2976.81000000,-0.00833657,0.03699014,-0.00358607,-0.02703175,-0.03505323,-0.00390415,-0.0000162396,0.0010124975,0.0003684606,0.0000580039,0.0000479000,0.0008005583,2976.76165825,2979.82553905,2977.90703919,2976.98267159,2976.95259259,2979.19406421
eth4h:row14513:1715788800,2024-05-15 16:00:00,3024.56000000,-0.00827453,0.03737182,-0.00392556,-0.02808153,-0.03567303,-0.00438182,-0.0000150313,0.0010199299,0.0003618498,0.0000375616,0.0000358307,0.0007912566,3024.51453721,3027.64641277,3025.65463451,3024.67360935,3024.66837419,3026.95415002
eth4h:row14514:1715803200,2024-05-15 20:00:00,3032.55000000,-0.00814067,0.03804133,-0.00414408,-0.02864839,-0.03651179,-0.00489407,-0.0000124247,0.0010329671,0.0003575946,0.0000265233,0.0000194978,0.0007812817,3032.51232159,3035.68414287,3033.63461756,3032.63043427,3032.60912856,3034.92020175
eth4h:row14515:1715817600,2024-05-16 00:00:00,3013.44000000,-0.00878592,0.04046179,-0.00378371,-0.03149928,-0.03813163,-0.00451762,-0.0000249896,0.0010801002,0.0003646121,-0.0000289916,-0.0000120452,0.0007886123,3013.36469630,3016.69657569,3014.53893692,3013.35263671,3013.40370268,3015.81737302
eth4h:row14516:1715832000,2024-05-16 04:00:00,3016.31000000,-0.00916003,0.04112334,-0.00305300,-0.03233774,-0.03850514,-0.00424727,-0.0000322745,0.0010929825,0.0003788410,-0.0000453188,-0.0000193186,0.0007938768,3016.21265153,3019.60857649,3017.45291847,3016.17330753,3016.25172978,3018.70552922
eth4h:row14517:1715846400,2024-05-16 08:00:00,3006.45000000,-0.00944765,0.04111273,-0.00231706,-0.03214009,-0.03839002,-0.00384257,-0.0000378754,0.0010927759,0.0003931718,-0.0000414700,-0.0000170767,0.0008017574,3006.33613175,3009.73717198,3007.63228390,3006.32532505,3006.39866010,3008.86141024
eth4h:row14518:1715860800,2024-05-16 12:00:00,2956.57000000,-0.00957555,0.04122097,-0.00187302,-0.03216937,-0.03759710,-0.00392968,-0.0000403659,0.0010948837,0.0004018186,-0.0000420402,-0.0000016363,0.0008000611,2956.45065786,2959.80887314,2957.75824341,2956.44570782,2956.56516213,2958.93638323
eth4h:row14519:1715875200,2024-05-16 16:00:00,2944.76000000,-0.00944209,0.03905440,-0.00193651,-0.02977320,-0.03669561,-0.00490597,-0.0000377671,0.0010526945,0.0004005822,0.0000046200,0.0000159183,0.0007810499,2944.64878695,2947.86156477,2945.93985460,2944.77360472,2944.80687584,2947.06090296
eth4h:row14520:1715889600,2024-05-16 20:00:00,2944.70000000,-0.01048017,0.04035164,-0.00086749,-0.03035590,-0.03572816,-0.00416659,-0.0000579814,0.0010779553,0.0004213991,-0.0000067268,0.0000347571,0.0007954477,2944.52926714,2947.87596652,2945.94115540,2944.68019177,2944.80235109,2947.04328684
eth4h:row14521:1715904000,2024-05-17 00:00:00,2950.49000000,-0.00998323,0.03987847,-0.00113882,-0.02839452,-0.03479815,-0.00444673,-0.0000483046,0.0010687413,0.0004161156,0.0000314669,0.0000528671,0.0007899927,2950.34748125,2953.64499626,2951.71800030,2950.58284418,2950.64598794,2952.82178659
eth4h:row14522:1715918400,2024-05-17 04:00:00,3024.67000000,-0.01066411,0.04115776,-0.00038186,-0.02941456,-0.03516883,-0.00315035,-0.0000615632,0.0010936528,0.0004308557,0.0000116037,0.0000456489,0.0008152369,3024.48379728,3027.97974843,3025.97347699,3024.70509765,3024.80807592,3027.13682801
eth4h:row14523:1715932800,2024-05-17 08:00:00,3030.40000000,-0.01014106,0.04068036,0.00008007,-0.02855843,-0.03455029,-0.00179388,-0.0000513780,0.0010843564,0.0004398507,0.0000282750,0.0000576937,0.0008416512,3030.24430798,3033.68781599,3031.73321682,3030.48568587,3030.57484016,3032.95161339
eth4h:row14524:1715947200,2024-05-17 12:00:00,3111.54000000,-0.00882332,0.03937305,-0.00044727,-0.02716860,-0.03359274,-0.00184647,-0.0000257179,0.0010588994,0.0004295820,0.0000553390,0.0000763399,0.0008406272,3111.45997871,3114.83655295,3112.87694863,3111.71219426,3111.77754382,3114.15674480
eth4h:row14525:1715961600,2024-05-17 16:00:00,3085.16000000,-0.00690617,0.03689394,-0.00158924,-0.02572409,-0.03287546,-0.00264804,0.0000116145,0.0010106242,0.0004073445,0.0000834676,0.0000903075,0.0008250182,3085.19583283,3088.27951336,3086.41697901,3085.41752160,3085.43862553,3087.70636334
eth4h:row14526:1715976000,2024-05-17 20:00:00,3092.01000000,-0.00686912,0.03765277,-0.00180015,-0.02717797,-0.03377841,-0.00254204,0.0000123359,0.0010254007,0.0004032375,0.0000551565,0.0000727244,0.0008270823,3092.04814286,3095.18217529,3093.25706574,3092.18054909,3092.23487287,3094.56840457
eth4h:row14527:1715990400,2024-05-18 00:00:00,3114.40000000,-0.00694233,0.03871278,-0.00209087,-0.02887338,-0.03387064,-0.00292605,0.0000109103,0.0010460421,0.0003975763,0.0000221420,0.0000709283,0.0008196047,3114.43397914,3117.65949794,3115.63845782,3114.46895995,3114.62090693,3116.95362310
eth4h:row14528:1716004800,2024-05-18 04:00:00,3101.99000000,-0.00676511,0.03888325,-0.00263433,-0.02971245,-0.03373153,-0.00367705,0.0000143612,0.0010493616,0.0003869937,0.0000058030,0.0000736373,0.0008049805,3102.03454874,3105.24681768,3103.19068301,3102.00800084,3102.21843060,3104.48804673
eth4h:row14529:1716019200,2024-05-18 08:00:00,3133.79000000,-0.00768785,0.04034657,-0.00204011,-0.03167779,-0.03362546,-0.00293032,-0.0000036071,0.0010778567,0.0003985648,-0.0000324678,0.0000757027,0.0008195215,3133.77869607,3137.16959748,3135.03926721,3133.68825423,3134.02724542,3136.35926101
eth4h:row14530:1716033600,2024-05-18 12:00:00,3110.89000000,-0.00711891,0.03878132,-0.00220107,-0.03053496,-0.03296439,-0.00365704,0.0000074718,0.0010473769,0.0003954305,-0.0000102137,0.0000885757,0.0008053702,3110.91324398,3114.14998109,3112.12038408,3110.85822643,3111.16556156,3113.39642722
eth4h:row14531:1716048000,2024-05-18 16:00:00,3119.69000000,-0.00589657,0.03638429,-0.00256050,-0.02814312,-0.03229509,-0.00461721,0.0000312743,0.0010006999,0.0003884314,0.0000363623,0.0001016089,0.0007866729,3119.78756752,3122.81343589,3120.90202085,3119.80344118,3120.00700442,3122.14514123
eth4h:row14532:1716062400,2024-05-18 20:00:00,3122.94000000,-0.00555867,0.03534646,-0.00285972,-0.02691456,-0.03266794,-0.00520925,0.0000378541,0.0009804902,0.0003826047,0.0000602858,0.0000943483,0.0007751443,3123.05821834,3126.00351382,3124.13507999,3123.12827454,3123.23465808,3125.36166747
eth4h:row14533:1716076800,2024-05-19 00:00:00,3129.36000000,-0.00599559,0.03537754,-0.00298191,-0.02638498,-0.03363327,-0.00556454,0.0000293461,0.0009810955,0.0003802253,0.0000705983,0.0000755507,0.0007682258,3129.45183584,3132.43170769,3130.55008802,3129.58093544,3129.59643419,3131.76497872
eth4h:row14534:1716091200,2024-05-19 04:00:00,3115.81000000,-0.00650480,0.03529758,-0.00275655,-0.02540767,-0.03398696,-0.00560728,0.0000194302,0.0009795385,0.0003846138,0.0000896293,0.0000686632,0.0007673934,3115.87054135,3118.86355112,3117.00861394,3116.08928039,3116.02394898,3118.20196983
eth4h:row14535:1716105600,2024-05-19 08:00:00,3102.58000000,-0.00860737,0.03730024,-0.00195985,-0.02651538,-0.03506828,-0.00491631,-0.0000215128,0.0010185359,0.0004001278,0.0000680591,0.0000476069,0.0007808487,3102.51325553,3105.74169899,3103.82167676,3102.79116595,3102.72770780,3105.00359158
eth4h:row14536:1716120000,2024-05-19 12:00:00,3077.25000000,-0.00968564,0.03888343,-0.00152032,-0.02766819,-0.03544719,-0.00420002,-0.0000425096,0.0010493651,0.0004086867,0.0000456105,0.0000402285,0.0007947968,3077.11918999,3080.48085357,3078.50788814,3077.39035822,3077.37379574,3079.69676053
eth4h:row14537:1716134400,2024-05-19 16:00:00,3065.20000000,-0.01077884,0.03994680,-0.00150888,-0.02903030,-0.03607623,-0.00386906,-0.0000637975,0.0010700720,0.0004089094,0.0000190863,0.0000279794,0.0008012415,3065.00445408,3068.48174037,3066.45364537,3065.25850384,3065.28576361,3067.65694971
eth4h:row14538:1716148800,2024-05-19 20:00:00,3071.19000000,-0.01104276,0.04069266,-0.00196538,-0.02972385,-0.03614867,-0.00391870,-0.0000689367,0.0010845961,0.0004000201,0.0000055810,0.0000265686,0.0008002748,3070.97828964,3074.52280777,3072.41878348,3071.20714036,3071.27159827,3073.64877979
eth4h:row14539:1716163200,2024-05-20 00:00:00,3087.21000000,-0.01048961,0.04033066,-0.00322653,-0.02978471,-0.03625334,-0.00451315,-0.0000581654,0.0010775468,0.0003754619,0.0000043960,0.0000245304,0.0007886993,3087.03043654,3090.53840610,3088.36934731,3087.22357127,3087.28573158,3089.64584085
eth4h:row14540:1716177600,2024-05-20 04:00:00,3091.73000000,-0.01099706,0.04125018,-0.00339691,-0.03114533,-0.03704820,-0.00406272,-0.0000680467,0.0010954525,0.0003721441,-0.0000220993,0.0000090523,0.0007974705,3091.51962501,3095.11869895,3092.88078320,3091.66167575,3091.75798743,3094.19654686
eth4h:row14541:1716192000,2024-05-20 08:00:00,3093.80000000,-0.01080702,0.04140804,-0.00344108,-0.03192550,-0.03748957,-0.00366240,-0.0000643462,0.0010985265,0.0003712840,-0.0000372913,0.0000004575,0.0008052659,3093.60093204,3097.20048868,3094.94889185,3093.68463030,3093.80141553,3096.29233491
eth4h:row14542:1716206400,2024-05-20 12:00:00,3118.53000000,-0.00934026,0.03907896,-0.00461526,-0.03066365,-0.03768624,-0.00471022,-0.0000357841,0.0010531727,0.0003484192,-0.0000127196,-0.0000033721,0.0007848617,3118.41840812,3121.81608065,3119.61674519,3118.49033380,3118.51948403,3120.97857552
eth4h:row14543:1716220800,2024-05-20 16:00:00,3438.87000000,-0.00882432,0.03796066,-0.00534606,-0.03023691,-0.03840668,-0.00599119,-0.0000257374,0.0010313961,0.0003341885,-0.0000044098,-0.0000174011,0.0007599176,3438.78149372,3442.41866698,3440.01942300,3438.85483540,3438.81016027,3441.48425087
eth4h:row14544:1716235200,2024-05-20 20:00:00,3661.78000000,-0.00925086,0.03838364,-0.00557131,-0.03094409,-0.03947375,-0.00620282,-0.0000340434,0.0010396328,0.0003298024,-0.0000181806,-0.0000381801,0.0007557966,3661.65534264,3665.58888635,3662.98786287,3661.71342739,3661.64019568,3664.54860696
eth4h:row14545:1716249600,2024-05-21 00:00:00,3695.90000000,-0.00967237,0.03904331,-0.00545334,-0.03184881,-0.04064957,-0.00678081,-0.0000422514,0.0010524786,0.0003320995,-0.0000357981,-0.0000610766,0.0007445416,3695.74384638,3699.79190331,3697.12761029,3695.76769615,3695.67427377,3698.65277579
eth4h:row14546:1716264000,2024-05-21 04:00:00,3660.49000000,-0.00940765,0.03907192,-0.00497158,-0.03201376,-0.04063828,-0.00675734,-0.0000370966,0.0010530357,0.0003414808,-0.0000390100,-0.0000608567,0.0007449986,3660.35421094,3664.34665691,3661.74020033,3660.34720716,3660.26724149,3663.21807590
eth4h:row14547:1716278400,2024-05-21 08:00:00,3777.97000000,-0.00981987,0.03998364,-0.00404888,-0.03309390,-0.04103366,-0.00655178,-0.0000451235,0.0010707893,0.0003594484,-0.0000600434,-0.0000685560,0.0007490013,3777.79952872,3782.01757666,3779.32822931,3777.74316473,3777.71100636,3780.80076441
eth4h:row14548:1716292800,2024-05-21 12:00:00,3777.68000000,-0.01023771,0.04192937,-0.00276407,-0.03443849,-0.04168091,-0.00571450,-0.0000532601,0.0011086783,0.0003844672,-0.0000862264,-0.0000811597,0.0007653055,3777.47880585,3781.87055442,3779.13267345,3777.35427834,3777.37341693,3780.57218599
eth4h:row14549:1716307200,2024-05-21 16:00:00,3712.27000000,-0.01001076,0.04090185,-0.00241074,-0.03252729,-0.04080228,-0.00604235,-0.0000488408,0.0010886695,0.0003913476,-0.0000490100,-0.0000640503,0.0007589214,3712.08869414,3716.31363577,3713.72307212,3712.08806599,3712.03223571,3715.08839051
eth4h:row14550:1716321600,2024-05-21 20:00:00,3789.60000000,-0.01104356,0.04163931,-0.00151821,-0.03287974,-0.04014189,-0.00561612,-0.0000689524,0.0011030299,0.0004087277,-0.0000558731,-0.0000511906,0.0007672212,3789.33870717,3793.78234830,3791.14923126,3789.38826928,3789.40601302,3792.50857718
eth4h:row14551:1716336000,2024-05-22 00:00:00,3793.43000000,-0.01142967,0.04217214,-0.00078633,-0.03271564,-0.03866486,-0.00513838,-0.0000764709,0.0011134057,0.0004229795,-0.0000526778,-0.0000224286,0.0007765243,3793.13992410,3797.65597884,3795.03488248,3793.23017589,3793.34491968,3796.37683458
eth4h:row14552:1716350400,2024-05-22 04:00:00,3746.79000000,-0.01187328,0.04268423,0.00016553,-0.03239242,-0.03771002,-0.00467418,-0.0000851092,0.0011233776,0.0004415148,-0.0000463837,-0.0000038352,0.0007855636,3746.47112729,3751.00142515,3748.44462862,3746.61621397,3746.77563031,3749.73449828
eth4h:row14553:1716364800,2024-05-22 08:00:00,3690.60000000,-0.01103586,0.04244865,0.00045833,-0.03216900,-0.03669054,-0.00368342,-0.0000688023,0.0011187901,0.0004472165,-0.0000420329,0.0000160169,0.0008048564,3690.34608683,3694.73131727,3692.25086631,3690.44487648,3690.65911253,3693.57159888
eth4h:row14554:1716379200,2024-05-22 12:00:00,3762.66000000,-0.00979318,0.04076911,0.00000307,-0.03027783,-0.03527258,-0.00376574,-0.0000446038,0.0010860847,0.0004383513,-0.0000052066,0.0000436287,0.0008032536,3762.49217487,3766.74878733,3764.30972839,3762.64040949,3762.82416363,3765.68358421
eth4h:row14555:1716393600,2024-05-22 16:00:00,3736.61000000,-0.00799058,0.03895224,-0.00069569,-0.02779457,-0.03326020,-0.00361849,-0.0000095022,0.0010507051,0.0004247446,0.0000431496,0.0000828153,0.0008061208,3736.57449427,3740.53813839,3738.19744196,3736.77123679,3736.91946136,3739.62337363
eth4h:row14556:1716408000,2024-05-22 20:00:00,3737.73000000,-0.00680314,0.03684682,-0.00121353,-0.02568490,-0.03208215,-0.00344175,0.0000136207,0.0010097067,0.0004146607,0.0000842307,0.0001057554,0.0008095625,3737.78091097,3741.50591688,3739.28021100,3738.04484497,3738.12530609,3740.75715133
eth4h:row14557:1716422400,2024-05-23 00:00:00,3782.11000000,-0.00567266,0.03426958,-0.00216348,-0.02405314,-0.03109161,-0.00404061,0.0000356343,0.0009595204,0.0003961625,0.0001160059,0.0001250440,0.0007979010,3782.24477532,3785.74075326,3783.60862684,3782.54877235,3782.58295974,3785.12895350
eth4h:row14558:1716436800,2024-05-23 04:00:00,3814.00000000,-0.00614467,0.03514607,-0.00261811,-0.02557091,-0.03165678,-0.00415149,0.0000264430,0.0009765881,0.0003873094,0.0000864505,0.0001140385,0.0007957418,3814.10085479,3817.72652622,3815.47748430,3814.32973650,3814.43496782,3817.03616719
eth4h:row14559:1716451200,2024-05-23 08:00:00,3918.46000000,-0.00536813,0.03472046,-0.00359811,-0.02569483,-0.03181276,-0.00493414,0.0000415645,0.0009683003,0.0003682261,0.0000840375,0.0001110011,0.0007805013,3918.62287215,3922.25608352,3919.90314497,3918.78931132,3918.89497739,3921.51955713
eth4h:row14560:1716465600,2024-05-23 12:00:00,3812.95000000,-0.00450629,0.03401379,-0.00485876,-0.02587871,-0.03225035,-0.00605075,0.0000583469,0.0009545394,0.0003436776,0.0000804568,0.0001024800,0.0007587578,3813.17248040,3816.59134850,3814.26065076,3813.25679010,3813.34077113,3815.84420324
eth4h:row14561:1716480000,2024-05-23 16:00:00,3791.34000000,-0.00423437,0.03316120,-0.00524207,-0.02521194,-0.03295306,-0.00661440,0.0000636419,0.0009379371,0.0003362135,0.0000934407,0.0000887963,0.0007477820,3791.58129580,3794.89770670,3792.61491392,3791.69428185,3791.67667176,3794.17615612
eth4h:row14562:1716494400,2024-05-23 20:00:00,3783.61000000,-0.00429654,0.03302089,-0.00551290,-0.02522492,-0.03397063,-0.00685898,0.0000624313,0.0009352049,0.0003309398,0.0000931879,0.0000689813,0.0007430193,3783.84622317,3787.15010570,3784.86235444,3783.96260317,3783.87100724,3786.42234007
eth4h:row14563:1716508800,2024-05-24 00:00:00,3803.82000000,-0.00559054,0.03431145,-0.00526835,-0.02692793,-0.03511340,-0.00688324,0.0000372334,0.0009603358,0.0003357019,0.0000600255,0.0000467283,0.0007425468,3803.96163193,3807.47469895,3805.09716401,3804.04833304,3803.99775018,3806.64556329
eth4h:row14564:1716523200,2024-05-24 04:00:00,3679.24000000,-0.00545503,0.03274099,-0.00620379,-0.02605311,-0.03637908,-0.00853713,0.0000398722,0.0009297544,0.0003174862,0.0000770607,0.0000220820,0.0007103409,3679.38670241,3682.66238025,3680.40829332,3679.52353565,3679.32124592,3681.85444317
eth4h:row14565:1716537600,2024-05-24 08:00:00,3712.62000000,-0.00430027,0.02953369,-0.00721500,-0.02317561,-0.03570617,-0.01016245,0.0000623588,0.0008672992,0.0002977951,0.0001330938,0.0000351854,0.0006786914,3712.85152170,3715.84134916,3713.72576469,3713.11415975,3712.75063237,3715.14057863
eth4h:row14566:1716552000,2024-05-24 12:00:00,3693.67000000,0.01388569,0.00584830,-0.01333567,-0.01671660,-0.02105082,-0.01450171,0.0004164910,0.0004060773,0.0001786082,0.0002588692,0.0003205667,0.0005941937,3695.20870085,3695.17022014,3694.32977864,3694.62630103,3694.85425738,3695.86540748
eth4h:row14567:1716566400,2024-05-24 16:00:00,3744.40000000,0.00041778,0.02152104,-0.00986697,-0.01705666,-0.03308908,-0.01269705,0.0001542326,0.0007112701,0.0002461536,0.0002522472,0.0000861476,0.0006293355,3744.97755316,3747.06422723,3745.32181108,3745.34463370,3744.72258500,3746.75722537
eth4h:row14568:1716580800,2024-05-24 20:00:00,3728.28000000,-0.01047629,0.03949166,-0.00324580,-0.03132201,-0.03962819,-0.00667439,-0.0000579060,0.0010612092,0.0003750866,-0.0000255398,-0.0000411874,0.0007466138,3728.06411665,3732.23858494,3729.67868998,3728.18478169,3728.12644514,3731.06462466
eth4h:row14569:1716595200,2024-05-25 00:00:00,3745.26000000,-0.01117919,0.04101527,-0.00271999,-0.03275422,-0.04009972,-0.00611595,-0.0000715935,0.0010908782,0.0003853256,-0.0000534290,-0.0000503694,0.0007574881,3744.99187347,3749.34785192,3746.70342248,3745.05989985,3745.07135812,3748.09806474
eth4h:row14570:1716609600,2024-05-25 04:00:00,3746.60000000,-0.00645196,0.03302116,-0.00577755,-0.02549882,-0.03752048,-0.00900162,0.0000204591,0.0009352101,0.0003257863,0.0000878543,-0.0000001443,0.0007012961,3746.67665292,3750.10549716,3747.82078978,3746.92916954,3746.59945948,3749.22839747
eth4h:row14571:1716624000,2024-05-25 08:00:00,3739.39000000,-0.00901125,0.03754497,-0.00414431,-0.02964241,-0.03890798,-0.00743857,-0.0000293775,0.0010233016,0.0003575901,0.0000071668,-0.0000271630,0.0007317331,3739.28014764,3743.21848235,3740.72740814,3739.41679944,3739.28842845,3742.12723682
eth4h:row14572:1716638400,2024-05-25 12:00:00,3743.79000000,-0.01112607,0.04103462,-0.00278283,-0.03279298,-0.03974218,-0.00613256,-0.0000705590,0.0010912549,0.0003841019,-0.0000541837,-0.0000434071,0.0007571647,3743.52585119,3747.87765905,3745.22827314,3743.58715300,3743.62749628,3746.62573918
eth4h:row14573:1716652800,2024-05-25 16:00:00,3757.64000000,-0.00841981,0.03586645,-0.00502201,-0.02846188,-0.03852022,-0.00858230,-0.0000178605,0.0009906159,0.0003404987,0.0000301550,-0.0000196122,0.0007094614,3757.57288743,3761.36422242,3758.91968931,3757.75331346,3757.56630507,3760.30684650
eth4h:row14574:1716667200,2024-05-25 20:00:00,3749.26000000,-0.00894560,0.03724796,-0.00450950,-0.02984921,-0.03853632,-0.00783956,-0.0000280990,0.0010175180,0.0003504789,0.0000031398,-0.0000199256,0.0007239245,3749.15465091,3753.07688104,3750.57426667,3749.27177201,3749.18529450,3751.97516401
eth4h:row14575:1716681600,2024-05-26 00:00:00,3771.59000000,-0.00940081,0.03819925,-0.00419698,-0.03053669,-0.03899450,-0.00758785,-0.0000369634,0.0010360423,0.0003565644,-0.0000102474,-0.0000288477,0.0007288262,3771.45059189,3775.49955170,3772.93505453,3771.55135132,3771.48119994,3774.33983559
eth4h:row14576:1716696000,2024-05-26 04:00:00,3786.02000000,-0.01011786,0.03902245,-0.00413879,-0.03153239,-0.03991414,-0.00782412,-0.0000509263,0.0010520723,0.0003576977,-0.0000296364,-0.0000467557,0.0007242253,3785.82719710,3790.00526297,3787.37449272,3785.90779770,3785.84298618,3788.76292462
eth4h:row14577:1716710400,2024-05-26 08:00:00,3813.79000000,-0.00702772,0.03348059,-0.00612730,-0.02634287,-0.03836820,-0.00991951,0.0000092476,0.0009441566,0.0003189756,0.0000714184,-0.0000166519,0.0006834222,3813.82526861,3817.39251531,3815.00670006,3814.06238436,3813.72649359,3816.39731953
eth4h:row14578:1716724800,2024-05-26 12:00:00,3833.05000000,-0.01021558,0.03880662,-0.00379519,-0.03093828,-0.03978787,-0.00753935,-0.0000528292,0.0010478696,0.0003643885,-0.0000180674,-0.0000442968,0.0007297706,3832.84750849,3837.06864154,3834.44697382,3832.98074740,3832.88021190,3835.84826797
eth4h:row14579:1716739200,2024-05-26 16:00:00,3878.86000000,-0.01003547,0.03860209,-0.00391418,-0.03079979,-0.03967271,-0.00783684,-0.0000493219,0.0010438867,0.0003620714,-0.0000153706,-0.0000420544,0.0007239775,3878.66869192,3882.91120454,3880.26467839,3878.80038015,3878.69688036,3881.66922416
eth4h:row14580:1716753600,2024-05-26 20:00:00,3826.47000000,-0.00875115,0.03575221,-0.00500892,-0.02822460,-0.03909061,-0.00909304,-0.0000243126,0.0009883915,0.0003407537,0.0000347757,-0.0000307193,0.0006995158,3826.37696958,3830.25392017,3827.77410613,3826.60307036,3826.35245546,3829.14761250
eth4h:row14581:1716768000,2024-05-27 00:00:00,3919.58000000,-0.00915886,0.03708694,-0.00438234,-0.02928783,-0.03927288,-0.00842206,-0.0000322519,0.0010143824,0.0003529549,0.0000140716,-0.0000342686,0.0007125817,3919.45358808,3923.55797036,3920.96367899,3919.63515517,3919.44568379,3922.37401649
eth4h:row14582:1716782400,2024-05-27 04:00:00,3914.01000000,-0.00819978,0.03569112,-0.00482434,-0.02829398,-0.03851930,-0.00875932,-0.0000135758,0.0009872018,0.0003443479,0.0000334246,-0.0000195942,0.0007060144,3913.95686440,3917.87582568,3915.35801321,3914.14082658,3913.93330875,3916.77432300
eth4h:row14583:1716796800,2024-05-27 08:00:00,3900.49000000,-0.00947006,0.03823165,-0.00364284,-0.03052818,-0.03869874,-0.00749620,-0.0000383118,0.0010366731,0.0003673552,-0.0000100817,-0.0000230884,0.0007306109,3900.34056814,3904.53562983,3901.92312839,3900.45067669,3900.39994485,3903.34078173
eth4h:row14584:1716811200,2024-05-27 12:00:00,3963.39000000,-0.00788368,0.03625310,-0.00437982,-0.02862030,-0.03795994,-0.00820082,-0.0000074205,0.0009981452,0.0003530040,0.0000270703,-0.0000087019,0.0007168899,3963.36058975,3967.34801379,3964.78933968,3963.49729144,3963.35551111,3966.23233280
eth4h:row14585:1716825600,2024-05-27 16:00:00,3873.25000000,-0.00858107,0.03787846,-0.00346680,-0.03011107,-0.03789956,-0.00700570,-0.0000210007,0.0010297956,0.0003707831,-0.0000019593,-0.0000075261,0.0007401623,3873.16866007,3877.24071017,3874.68640180,3873.24241114,3873.22084948,3876.11789502
eth4h:row14586:1716840000,2024-05-27 20:00:00,3894.22000000,-0.01023203,0.04015899,-0.00245723,-0.03213711,-0.03823791,-0.00578899,-0.0000531495,0.0010742040,0.0003904422,-0.0000414120,-0.0000141147,0.0007638550,3894.01302958,3898.40543444,3895.74076483,3894.05873596,3894.16503466,3897.19575576
eth4h:row14587:1716854400,2024-05-28 00:00:00,3849.71000000,-0.00929627,0.03875894,-0.00297565,-0.03036691,-0.03713722,-0.00612364,-0.0000349276,0.0010469410,0.0003803471,-0.0000069412,0.0000073188,0.0007573384,3849.57554140,3853.74252985,3851.17450472,3849.68327850,3849.73817555,3852.62663751
eth4h:row14588:1716868800,2024-05-28 04:00:00,3847.29000000,-0.00849272,0.03698603,-0.00364262,-0.02861814,-0.03639687,-0.00697060,-0.0000192802,0.0010124174,0.0003673594,0.0000271123,0.0000217356,0.0007408458,3847.21582401,3851.18703579,3848.70359770,3847.39431041,3847.37362388,3850.14130483
eth4h:row14589:1716883200,2024-05-28 08:00:00,3904.34000000,-0.00875413,0.03720544,-0.00353932,-0.02875608,-0.03656299,-0.00657493,-0.0000243707,0.0010166899,0.0003693710,0.0000244262,0.0000185008,0.0007485505,3904.24484980,3908.31152141,3905.78241622,3904.43536954,3904.41223392,3907.26368986
eth4h:row14590:1716897600,2024-05-28 12:00:00,3861.10000000,-0.00865050,0.03735385,-0.00384686,-0.02896845,-0.03692506,-0.00679996,-0.0000223525,0.0010195799,0.0003633823,0.0000202908,0.0000114503,0.0007441685,3861.01369555,3865.03870762,3862.50331049,3861.17834550,3861.14421085,3863.97437855
eth4h:row14591:1716912000,2024-05-28 16:00:00,3840.81000000,-0.00891897,0.03817026,-0.00371024,-0.02958665,-0.03747273,-0.00650692,-0.0000275805,0.0010354776,0.0003660426,0.0000082526,0.0000007854,0.0007498748,3840.70406999,3844.78913269,3842.21615741,3840.84169671,3840.81301668,3843.69120694
eth4h:row14592:1716926400,2024-05-28 20:00:00,3844.69000000,-0.00788152,0.03634486,-0.00465330,-0.02853532,-0.03737835,-0.00708248,-0.0000073784,0.0009999321,0.0003476786,0.0000287251,0.0000026234,0.0007386671,3844.66163233,3848.53635157,3846.02694881,3844.80044063,3844.70008598,3847.53099519
eth4h:row14593:1716940800,2024-05-29 00:00:00,3851.00000000,-0.00959788,0.03934304,-0.00372996,-0.03125442,-0.03868140,-0.00627365,-0.0000408008,0.0010583150,0.0003656587,-0.0000242236,-0.0000227507,0.0007544173,3850.84287916,3855.07772852,3852.40840915,3850.90671606,3850.91238815,3853.90635710
eth4h:row14594:1716955200,2024-05-29 04:00:00,3820.00000000,-0.01030980,0.03942037,-0.00380067,-0.03166327,-0.03918765,-0.00633570,-0.0000546639,0.0010598210,0.0003642817,-0.0000321849,-0.0000326088,0.0007532090,3819.79118959,3824.05066230,3821.39180963,3819.87705553,3819.87543627,3822.87834231
eth4h:row14595:1716969600,2024-05-29 08:00:00,3811.16000000,-0.01076734,0.03982771,-0.00377657,-0.03213910,-0.03930096,-0.00637993,-0.0000635735,0.0010677530,0.0003647511,-0.0000414509,-0.0000348153,0.0007523478,3810.91771888,3815.23155093,3812.55037820,3811.00202739,3811.02731573,3814.02839672
eth4h:row14596:1716984000,2024-05-29 12:00:00,3759.85000000,-0.01076500,0.03945277,-0.00417738,-0.03176088,-0.03933863,-0.00686695,-0.0000635280,0.0010604518,0.0003569461,-0.0000340858,-0.0000355488,0.0007428641,3759.61115201,3763.83925460,3761.19230343,3759.72184460,3759.71634415,3762.64409526
eth4h:row14597:1716998400,2024-05-29 16:00:00,3749.66000000,-0.01160739,0.04028351,-0.00406547,-0.03258094,-0.03992332,-0.00686653,-0.0000799317,0.0010766287,0.0003591253,-0.0000500546,-0.0000469344,0.0007428722,3749.36029518,3753.69916544,3751.00683954,3749.47231683,3749.48401598,3752.44655315
eth4h:row14598:1717012800,2024-05-29 20:00:00,3767.43000000,-0.01151335,0.04058246,-0.00399126,-0.03258414,-0.04005144,-0.00672850,-0.0000781005,0.0010824500,0.0003605705,-0.0000501170,-0.0000494293,0.0007455602,3767.13577341,3771.51026265,3768.78866892,3767.24119236,3767.24378320,3770.23989318
eth4h:row14599:1717027200,2024-05-30 00:00:00,3791.31000000,-0.01128303,0.04030386,-0.00437044,-0.03247146,-0.04025314,-0.00679469,-0.0000736154,0.0010770250,0.0003531867,-0.0000479228,-0.0000533570,0.0007442711,3791.03091165,3795.39553555,3792.64927679,3791.12831427,3791.10771245,3794.13281288
eth4h:row14600:1717041600,2024-05-30 04:00:00,3720.32000000,-0.01119983,0.04000912,-0.00415999,-0.03212486,-0.04052810,-0.00659205,-0.0000719953,0.0010712855,0.0003572847,-0.0000411735,-0.0000587112,0.0007482173,3720.05216392,3724.30766055,3721.64945108,3720.16682468,3720.10158202,3723.10464927
eth4h:row14601:1717056000,2024-05-30 08:00:00,3737.00000000,-0.01170036,0.04071543,-0.00399167,-0.03277158,-0.04087026,-0.00627581,-0.0000817421,0.0010850395,0.0003605625,-0.0000537670,-0.0000653740,0.0007543752,3736.69454231,3741.05699316,3738.34766495,3736.79907796,3736.75570527,3739.82016373
eth4h:row14602:1717070400,2024-05-30 12:00:00,3776.12000000,-0.01168402,0.04037575,-0.00421148,-0.03267453,-0.04113019,-0.00685090,-0.0000814238,0.0010784248,0.0003562821,-0.0000518772,-0.0000704357,0.0007431766,3775.81254659,3780.19445813,3777.46560355,3775.92411062,3775.85403568,3778.92736711
eth4h:row14603:1717084800,2024-05-30 16:00:00,3762.01000000,-0.01219167,0.04145560,-0.00391889,-0.03367577,-0.04164628,-0.00642787,-0.0000913092,0.0010994527,0.0003619797,-0.0000713741,-0.0000804854,0.0007514143,3761.66650951,3766.14842666,3763.37201762,3761.74149934,3761.70722536,3764.83789055
eth4h:row14604:1717099200,2024-05-30 20:00:00,3747.91000000,-0.01288369,0.04265917,-0.00360652,-0.03512510,-0.04224066,-0.00640052,-0.0001047849,0.0011228896,0.0003680625,-0.0000995967,-0.0000920596,0.0007519468,3747.51729620,3752.12085277,3749.28971885,3747.53673895,3747.56498478,3750.72928873
eth4h:row14605:1717113600,2024-05-31 00:00:00,3760.21000000,-0.01359946,0.04427917,-0.00306824,-0.03637729,-0.04245362,-0.00582477,-0.0001187228,0.0011544355,0.0003785442,-0.0001239804,-0.0000962067,0.0007631583,3759.76360374,3764.55342640,3761.63367510,3759.74383645,3759.84826007,3763.08073073
eth4h:row14606:1717128000,2024-05-31 04:00:00,3729.11000000,-0.01310888,0.04393316,-0.00288005,-0.03597477,-0.04180915,-0.00561239,-0.0001091699,0.0011476978,0.0003822087,-0.0001161421,-0.0000836569,0.0007672939,3728.70291559,3733.39234817,3730.53557078,3728.67691840,3728.79804719,3731.97242143
eth4h:row14607:1717142400,2024-05-31 08:00:00,3802.62000000,-0.01318842,0.04354910,-0.00256182,-0.03536032,-0.04160876,-0.00560795,-0.0001107188,0.0011402190,0.0003884057,-0.0001041770,-0.0000797547,0.0007673804,3802.19900165,3806.95829232,3804.09724612,3802.22387491,3802.31673512,3805.53917591
eth4h:row14608:1717156800,2024-05-31 12:00:00,3744.77000000,-0.01283108,0.04327423,-0.00224016,-0.03498956,-0.04094297,-0.00512779,-0.0001037603,0.0011348665,0.0003946693,-0.0000969574,-0.0000667900,0.0007767305,3744.38146163,3749.02222658,3746.24823728,3744.40693452,3744.51989502,3747.67980687
eth4h:row14609:1717171200,2024-05-31 16:00:00,3785.45000000,-0.01249820,0.04285771,-0.00228074,-0.03472526,-0.04086909,-0.00547509,-0.0000972783,0.0011267558,0.0003938791,-0.0000918107,-0.0000653514,0.0007699677,3785.08177594,3789.71768149,3786.94130343,3785.10247125,3785.20262368,3788.36579649
eth4h:row14610:1717185600,2024-05-31 20:00:00,3762.29000000,-0.01201743,0.04279415,-0.00209233,-0.03419937,-0.04004798,-0.00540001,-0.0000879163,0.0011255179,0.0003975480,-0.0000815701,-0.0000493620,0.0007714297,3761.95924800,3766.52690869,3763.78598826,3761.98312228,3762.10429053,3765.19346193
eth4h:row14611:1717200000,2024-06-01 00:00:00,3778.98000000,-0.01114985,0.04195128,-0.00228808,-0.03307132,-0.03965727,-0.00548414,-0.0000710221,0.0011091049,0.0003937361,-0.0000596038,-0.0000417538,0.0007697914,3778.71161835,3783.17361020,3780.46821373,3778.75476525,3778.82221663,3781.89014623
eth4h:row14612:1717214400,2024-06-01 04:00:00,3773.00000000,-0.01140481,0.04265756,-0.00178485,-0.03353802,-0.03960112,-0.00496836,-0.0000759869,0.0011228582,0.0004035355,-0.0000686918,-0.0000406604,0.0007798350,3772.71331234,3777.23892352,3774.52284662,3772.74083462,3772.84659136,3775.94346491
eth4h:row14613:1717228800,2024-06-01 08:00:00,3788.28000000,-0.01142544,0.04242442,-0.00133463,-0.03283782,-0.03851912,-0.00448894,-0.0000763885,0.0011183183,0.0004123026,-0.0000550568,-0.0000195907,0.0007891707,3787.99063007,3792.51887248,3789.84223980,3788.07143501,3788.20578550,3791.27077950
eth4h:row14614:1717243200,2024-06-01 12:00:00,3798.60000000,-0.01039080,0.04051182,-0.00185867,-0.03099890,-0.03722928,-0.00490740,-0.0000562413,0.0010810746,0.0004020980,-0.0000192478,0.0000055262,0.0007810222,3798.38636797,3802.70879065,3800.12771656,3798.52688602,3798.62099185,3801.56794977
eth4h:row14615:1717257600,2024-06-01 16:00:00,3804.51000000,-0.01033768,0.04024244,-0.00198796,-0.03048716,-0.03650350,-0.00505305,-0.0000552068,0.0010758290,0.0003995803,-0.0000092829,0.0000196591,0.0007781859,3804.29997094,3808.60520457,3806.03051120,3804.47468346,3804.58479402,3807.47176847
eth4h:row14616:1717272000,2024-06-01 20:00:00,3815.82000000,-0.00997786,0.03995896,-0.00205206,-0.03000842,-0.03619198,-0.00499466,-0.0000482001,0.0010703088,0.0003983320,0.0000000397,0.0000257254,0.0007793228,3815.63608143,3819.90629221,3817.34026616,3815.82015135,3815.91816461,3818.79491468
eth4h:row14617:1717286400,2024-06-02 00:00:00,3807.13000000,-0.00887315,0.03897578,-0.00258550,-0.02925695,-0.03564868,-0.00518231,-0.0000266882,0.0010511635,0.0003879446,0.0000146728,0.0000363049,0.0007756687,3807.02839578,3811.13402032,3808.60724211,3807.18586179,3807.26821992,3810.08421733
eth4h:row14618:1717300800,2024-06-02 04:00:00,3793.33000000,-0.00842504,0.03889797,-0.00287481,-0.02922009,-0.03553004,-0.00515621,-0.0000179623,0.0010496483,0.0003823109,0.0000153907,0.0000386152,0.0007761771,3793.26186366,3797.31375273,3794.78050851,3793.38838248,3793.47648302,3796.27543888
eth4h:row14619:1717315200,2024-06-02 08:00:00,3805.01000000,-0.00803158,0.03831641,-0.00295525,-0.02868671,-0.03535692,-0.00490285,-0.0000103004,0.0010383236,0.0003807444,0.0000257770,0.0000419864,0.0007811107,3804.97080700,3808.96288355,3806.45901204,3805.10808292,3805.16976191,3807.98329509
eth4h:row14620:1717329600,2024-06-02 12:00:00,3798.78000000,-0.00802086,0.03766147,-0.00312286,-0.02804371,-0.03531925,-0.00510928,-0.0000100918,0.0010255702,0.0003774806,0.0000382980,0.0000427199,0.0007770910,3798.74166370,3802.67791383,3800.21423636,3798.92548852,3798.94228703,3801.73314503
eth4h:row14621:1717344000,2024-06-02 16:00:00,3782.37000000,-0.00845605,0.03807227,-0.00307341,-0.02867873,-0.03550611,-0.00522767,-0.0000185661,0.0010335695,0.0003784435,0.0000259325,0.0000390812,0.0007747855,3782.29977662,3786.28136325,3783.80168424,3782.46808761,3782.51782248,3785.30166088
eth4h:row14622:1717358400,2024-06-02 20:00:00,3780.91000000,-0.00876784,0.03772844,-0.00341095,-0.02869825,-0.03585801,-0.00561617,-0.0000246376,0.0010268742,0.0003718706,0.0000255524,0.0000322286,0.0007672204,3780.81684853,3784.79451291,3782.31627080,3781.00661251,3781.03185541,3783.81190418
eth4h:row14623:1717372800,2024-06-03 00:00:00,3799.50000000,-0.00947745,0.03910208,-0.00320717,-0.02974550,-0.03623683,-0.00537653,-0.0000384557,0.0010536230,0.0003758388,0.0000051594,0.0000248520,0.0007718868,3799.35389036,3803.50535030,3800.92826794,3799.51960314,3799.59442618,3802.43391622
eth4h:row14624:1717387200,2024-06-03 04:00:00,3817.82000000,-0.00936493,0.03856818,-0.00385388,-0.02927009,-0.03627283,-0.00588498,-0.0000362646,0.0010432263,0.0003632457,0.0000144169,0.0000241509,0.0007619859,3817.68155062,3821.80492842,3819.20705848,3817.87504154,3817.91220494,3820.73023354
eth4h:row14625:1717401600,2024-06-03 08:00:00,3809.00000000,-0.00970833,0.03935800,-0.00345963,-0.02987855,-0.03682981,-0.00536935,-0.0000429516,0.0010586063,0.0003709228,0.0000025685,0.0000133050,0.0007720267,3808.83640100,3813.03436661,3810.41310695,3809.00978334,3809.05067913,3811.94178512
eth4h:row14626:1717416000,2024-06-03 12:00:00,3796.82000000,-0.01021752,0.04011125,-0.00323341,-0.03100025,-0.03785200,-0.00494950,-0.0000528669,0.0010732743,0.0003753280,-0.0000192742,-0.0000065999,0.0007802023,3796.61927922,3800.89721706,3798.24532021,3796.74682002,3796.79494135,3799.78344368
eth4h:row14627:1717430400,2024-06-03 16:00:00,3773.40000000,-0.00990908,0.03968234,-0.00331497,-0.03077802,-0.03825352,-0.00504163,-0.0000468607,0.0010649221,0.0003737396,-0.0000149466,-0.0000144188,0.0007784084,3773.22317994,3777.42051761,3774.81053254,3773.34360077,3773.34559252,3776.33838960
eth4h:row14628:1717444800,2024-06-03 20:00:00,3767.06000000,-0.01020822,0.03950755,-0.00368797,-0.03061147,-0.03900710,-0.00576727,-0.0000526858,0.0010615185,0.0003664763,-0.0000117034,-0.0000290932,0.0007642779,3766.86153454,3771.06092694,3768.44079103,3767.01591273,3766.95040590,3769.94018123
eth4h:row14629:1717459200,2024-06-04 00:00:00,3773.51000000,-0.01094913,0.04074789,-0.00341734,-0.03183893,-0.03947080,-0.00547890,-0.0000671136,0.0010856715,0.0003717463,-0.0000356057,-0.0000381226,0.0007698934,3773.25675481,3777.60901684,3774.91304909,3773.37564383,3773.36614670,3776.41631902
eth4h:row14630:1717473600,2024-06-04 04:00:00,3774.72000000,-0.01246363,0.04246897,-0.00304538,-0.03349554,-0.04071582,-0.00537441,-0.0000966051,0.0011191859,0.0003789893,-0.0000678646,-0.0000623667,0.0007719280,3774.35536054,3778.94697822,3776.15084964,3774.46383897,3774.48459044,3777.63493713
eth4h:row14631:1717488000,2024-06-04 08:00:00,3764.65000000,-0.01295784,0.04329271,-0.00250425,-0.03418533,-0.04018644,-0.00483858,-0.0001062288,0.0011352263,0.0003895266,-0.0000812967,-0.0000520582,0.0007823622,3764.25010708,3768.92615662,3766.11671700,3764.34395872,3764.45402415,3767.59647227
eth4h:row14632:1717502400,2024-06-04 12:00:00,3810.63000000,-0.01257129,0.04264886,-0.00264215,-0.03361298,-0.04004810,-0.00507550,-0.0000987015,0.0011226888,0.0003868414,-0.0000701514,-0.0000493643,0.0007777487,3810.25390355,3814.91055394,3812.10439460,3810.36268844,3810.44189558,3813.59486520
eth4h:row14633:1717516800,2024-06-04 16:00:00,3800.38000000,-0.01254317,0.04330853,-0.00238298,-0.03447009,-0.04025710,-0.00468705,-0.0000981540,0.0011355345,0.0003918881,-0.0000868418,-0.0000534342,0.0007853129,3800.00699587,3804.69791374,3801.86961572,3800.04998236,3800.17693520,3803.36565965
eth4h:row14634:1717531200,2024-06-04 20:00:00,3810.23000000,-0.01198199,0.04272170,-0.00254001,-0.03366954,-0.04022498,-0.00485785,-0.0000872263,0.0011241071,0.0003888304,-0.0000712529,-0.0000528086,0.0007819870,3809.89766239,3814.51551489,3811.71182115,3809.95851991,3810.02879245,3813.21071563
eth4h:row14635:1717545600,2024-06-05 00:00:00,3810.45000000,-0.01139118,0.04264913,-0.00246322,-0.03350237,-0.04028562,-0.00464200,-0.0000757214,0.0011226940,0.0003903256,-0.0000679975,-0.0000539896,0.0007861902,3810.16147835,3814.73037166,3811.93760645,3810.19090789,3810.24428099,3813.44691648
eth4h:row14636:1717560000,2024-06-05 04:00:00,3809.58000000,-0.01154518,0.04281000,-0.00221040,-0.03352184,-0.04007528,-0.00460399,-0.0000787203,0.0011258266,0.0003952487,-0.0000683767,-0.0000498936,0.0007869303,3809.28012061,3813.87134189,3811.08602924,3809.31952236,3809.38993123,3812.57905381
eth4h:row14637:1717574400,2024-06-05 08:00:00,3804.31000000,-0.01208682,0.04303596,-0.00163818,-0.03375417,-0.04006694,-0.00419572,-0.0000892676,0.0011302268,0.0004063915,-0.0000729007,-0.0000497311,0.0007948805,3803.97041357,3808.61216370,3805.85635329,3804.03267318,3804.12081231,3807.33517388
eth4h:row14638:1717588800,2024-06-05 12:00:00,3813.58000000,-0.01207496,0.04288743,-0.00140804,-0.03320938,-0.03933696,-0.00406921,-0.0000890366,0.0011273344,0.0004108731,-0.0000622922,-0.0000355163,0.0007973441,3813.24046686,3817.88160399,3815.14721940,3813.34245119,3813.44455807,3816.62194824
eth4h:row14639:1717603200,2024-06-05 16:00:00,3876.54000000,-0.01249471,0.04353187,-0.00106576,-0.03405112,-0.03907908,-0.00410237,-0.0000972104,0.0011398835,0.0004175381,-0.0000786832,-0.0000304947,0.0007966984,3876.16317848,3880.96132357,3878.15894117,3876.23499349,3876.42178798,3879.62966371
eth4h:row14640:1717617600,2024-06-05 20:00:00,3865.99000000,-0.01150940,0.04247028,-0.00138407,-0.03283205,-0.03802977,-0.00408269,-0.0000780236,0.0011192114,0.0004113397,-0.0000549445,-0.0000100616,0.0007970815,3865.68837337,3870.31928232,3867.58056226,3865.77759077,3865.95110204,3869.07273769
eth4h:row14641:1717632000,2024-06-06 00:00:00,3861.69000000,-0.01132880,0.04289935,-0.00127562,-0.03297130,-0.03792886,-0.00376875,-0.0000745067,0.0011275665,0.0004134515,-0.0000576562,-0.0000080966,0.0008031948,3861.40228875,3866.04676808,3863.28695178,3861.46735618,3861.65873352,3864.79293527
eth4h:row14642:1717646400,2024-06-06 04:00:00,3852.10000000,-0.01051228,0.04228545,-0.00124857,-0.03229530,-0.03729666,-0.00365223,-0.0000586067,0.0011156122,0.0004139783,-0.0000444924,0.0000042141,0.0008054638,3851.87424772,3856.39984763,3853.69501608,3851.92861461,3852.11623298,3855.20397687
eth4h:row14643:1717660800,2024-06-06 08:00:00,3849.51000000,-0.01018494,0.04159475,-0.00114239,-0.03149713,-0.03696880,-0.00341425,-0.0000522326,0.0011021623,0.0004160459,-0.0000289499,0.0000105983,0.0008100979,3849.30893538,3853.75512375,3851.11190617,3849.39855887,3849.55079858,3852.62974341
eth4h:row14644:1717675200,2024-06-06 12:00:00,3845.01000000,-0.00981851,0.04090867,-0.00124523,-0.03080605,-0.03646732,-0.00338436,-0.0000450971,0.0010888024,0.0004140433,-0.0000154924,0.0000203636,0.0008106801,3844.83660523,3849.19873599,3846.60233039,3844.95043186,3845.08829919,3848.12833696
eth4h:row14645:1717689600,2024-06-06 16:00:00,3791.01000000,-0.00977157,0.04003487,-0.00153799,-0.03007647,-0.03618831,-0.00379629,-0.0000441830,0.0010717869,0.0004083426,-0.0000012855,0.0000257967,0.0008026586,3790.84250536,3795.07533319,3792.55834680,3791.00512653,3791.10779697,3794.05410817
eth4h:row14646:1717704000,2024-06-06 20:00:00,3813.46000000,-0.01001759,0.04016463,-0.00151298,-0.03018327,-0.03581692,-0.00398701,-0.0000489737,0.0010743137,0.0004088296,-0.0000033652,0.0000330289,0.0007989447,3813.27324528,3817.55905383,3815.01937405,3813.44716709,3813.58595642,3816.50796109
eth4h:row14647:1717718400,2024-06-07 00:00:00,3806.30000000,-0.01037432,0.04094053,-0.00177869,-0.03100308,-0.03597064,-0.00418029,-0.0000559203,0.0010894228,0.0004036553,-0.0000193293,0.0000300355,0.0007951811,3806.08715639,3810.44892942,3807.83674339,3806.22642746,3806.41432590,3809.32790146
eth4h:row14648:1717732800,2024-06-07 04:00:00,3816.31000000,-0.00996853,0.04108856,-0.00190641,-0.03104128,-0.03593744,-0.00394342,-0.0000480185,0.0010923053,0.0004011683,-0.0000200730,0.0000306820,0.0007997936,3816.12675100,3820.48085311,3817.84128970,3816.23339584,3816.42709385,3819.36348120
eth4h:row14649:1717747200,2024-06-07 08:00:00,3835.00000000,-0.00992598,0.04135162,-0.00190965,-0.03137806,-0.03630159,-0.00371451,-0.0000471898,0.0010974279,0.0004011053,-0.0000266311,0.0000235909,0.0008042510,3834.81903154,3839.21094624,3836.53854747,3834.89787101,3835.09047211,3838.08554322
eth4h:row14650:1717761600,2024-06-07 12:00:00,3800.73000000,-0.00899813,0.03984395,-0.00237929,-0.02984690,-0.03578911,-0.00398259,-0.0000291219,0.0010680693,0.0003919600,0.0000031848,0.0000335703,0.0007990307,3800.61931723,3804.79161170,3802.22002597,3800.74210456,3800.85759394,3803.76811372
eth4h:row14651:1717776000,2024-06-07 16:00:00,3687.37000000,-0.00911650,0.03952271,-0.00253529,-0.02977067,-0.03628720,-0.00415104,-0.0000314270,0.0010618139,0.0003889222,0.0000046693,0.0000238712,0.0007957507,3687.25411896,3691.28737999,3688.80437894,3687.38721745,3687.45802295,3690.30539496
eth4h:row14652:1717790400,2024-06-07 20:00:00,3678.32000000,-0.00943436,0.03932370,-0.00263305,-0.02995661,-0.03667334,-0.00446918,-0.0000376165,0.0010579384,0.0003870187,0.0000010486,0.0000163518,0.0007895555,3678.18163693,3682.21349509,3679.74385410,3678.32385701,3678.38014756,3681.22538444
eth4h:row14653:1717804800,2024-06-08 00:00:00,3690.00000000,-0.01007134,0.03959618,-0.00267417,-0.02993507,-0.03678349,-0.00511329,-0.0000500203,0.0010632444,0.0003862178,0.0000014679,0.0000142069,0.0007770128,3689.81542953,3693.92545830,3691.42541902,3690.00541645,3690.05242367,3692.86829143
eth4h:row14654:1717819200,2024-06-08 04:00:00,3708.98000000,-0.01060814,0.04027621,-0.00297760,-0.03035594,-0.03705633,-0.00515122,-0.0000604734,0.0010764865,0.0003803091,-0.0000067276,0.0000088939,0.0007762742,3708.75571231,3712.97481668,3710.39082724,3708.95504743,3709.01298737,3711.86030320
eth4h:row14655:1717833600,2024-06-08 08:00:00,3683.13000000,-0.01189308,0.04227514,-0.00231161,-0.03230674,-0.03796399,-0.00435084,-0.0000854948,0.0011154114,0.0003932779,-0.0000447153,-0.0000087808,0.0007918600,3682.81512490,3687.24049707,3684.57877851,3682.96531158,3683.09765921,3686.04767824
eth4h:row14656:1717848000,2024-06-08 12:00:00,3688.13000000,-0.01175553,0.04175252,-0.00249640,-0.03205038,-0.03789342,-0.00417925,-0.0000828163,0.0011052346,0.0003896795,-0.0000397232,-0.0000074066,0.0007952012,3687.82457542,3692.20850229,3689.56746882,3687.98349856,3688.10268362,3691.06397198
eth4h:row14657:1717862400,2024-06-08 16:00:00,3682.61000000,-0.01084286,0.04068530,-0.00272545,-0.03087006,-0.03766889,-0.00455456,-0.0000650441,0.0010844528,0.0003852192,-0.0000167390,-0.0000030343,0.0007878929,3682.37047580,3686.60578283,3684.02888540,3682.54835728,3682.59882571,3685.51264574
eth4h:row14658:1717876800,2024-06-08 20:00:00,3681.57000000,-0.01071288,0.04121424,-0.00269934,-0.03164768,-0.03863771,-0.00434802,-0.0000625129,0.0010947526,0.0003857277,-0.0000318814,-0.0000218999,0.0007919148,3681.33986140,3685.60261516,3682.99035757,3681.45262819,3681.48937487,3684.48664451
eth4h:row14659:1717891200,2024-06-09 00:00:00,3674.22000000,-0.01091599,0.04171617,-0.00283184,-0.03217823,-0.03934009,-0.00441631,-0.0000664682,0.0011045266,0.0003831476,-0.0000422128,-0.0000355773,0.0007905850,3673.97578923,3678.28051572,3675.62803815,3674.06490398,3674.08928366,3677.12593164
eth4h:row14660:1717905600,2024-06-09 04:00:00,3685.99000000,-0.01107025,0.04176135,-0.00294972,-0.03229244,-0.03965414,-0.00471868,-0.0000694720,0.0011054064,0.0003808522,-0.0000444367,-0.0000416928,0.0007846970,3685.73393563,3690.06676966,3687.39408471,3685.82621043,3685.83632383,3688.88352051
eth4h:row14661:1717920000,2024-06-09 08:00:00,3693.50000000,-0.01156999,0.04247434,-0.00282064,-0.03303912,-0.03962190,-0.00454746,-0.0000792034,0.0011192903,0.0003833658,-0.0000589767,-0.0000410649,0.0007880312,3693.20747380,3697.63641331,3694.91623291,3693.28217591,3693.34832986,3696.41174036
eth4h:row14662:1717934400,2024-06-09 12:00:00,3690.59000000,-0.01302947,0.04422811,-0.00197155,-0.03505273,-0.04007141,-0.00415197,-0.0001076236,0.0011534414,0.0003999000,-0.0000981874,-0.0000498181,0.0007957324,3690.19282674,3694.84933509,3692.06616197,3690.22764835,3690.40614633,3693.52789078
eth4h:row14663:1717948800,2024-06-09 16:00:00,3701.09000000,-0.01259691,0.04390878,-0.00183341,-0.03467683,-0.03959791,-0.00402198,-0.0000992003,0.0011472231,0.0004025898,-0.0000908676,-0.0000405977,0.0007982638,3700.72286887,3705.33841224,3702.58032116,3700.75370602,3700.93974716,3704.04562580
eth4h:row14664:1717963200,2024-06-09 20:00:00,3706.40000000,-0.01219046,0.04362930,-0.00182950,-0.03459523,-0.03934149,-0.00419331,-0.0000912857,0.0011417807,0.0004026660,-0.0000892787,-0.0000356045,0.0007949275,3706.06167409,3710.63431272,3707.89274176,3706.06911233,3706.26803771,3709.34749056
eth4h:row14665:1717977600,2024-06-10 00:00:00,3684.14000000,-0.01140434,0.04295395,-0.00206048,-0.03356371,-0.03902859,-0.00417003,-0.0000759776,0.0011286297,0.0003981682,-0.0000691921,-0.0000295116,0.0007953807,3683.86009848,3688.30037704,3685.60719964,3683.88509550,3684.03127679,3687.07145958
eth4h:row14666:1717992000,2024-06-10 04:00:00,3647.79000000,-0.01134248,0.04298706,-0.00163807,-0.03318089,-0.03853355,-0.00357727,-0.0000747731,0.0011292744,0.0004063938,-0.0000617374,-0.0000198716,0.0008069235,3647.51725355,3651.91168277,3649.27274045,3647.56480196,3647.71751320,3650.73467521
eth4h:row14667:1718006400,2024-06-10 08:00:00,3675.95000000,-0.01153389,0.04271675,-0.00131415,-0.03230594,-0.03834821,-0.00329426,-0.0000785003,0.0011240108,0.0004127013,-0.0000446996,-0.0000162625,0.0008124345,3675.66144804,3680.08413039,3677.46738246,3675.78569022,3675.89022028,3678.93768197
eth4h:row14668:1718020800,2024-06-10 12:00:00,3702.54000000,-0.01176812,0.04259542,-0.00082395,-0.03177982,-0.03744558,-0.00303830,-0.0000830615,0.0011216482,0.0004222470,-0.0000344546,0.0000013141,0.0008174188,3702.23247432,3706.69527739,3704.10371638,3702.41243256,3702.54486556,3705.56776321
eth4h:row14669:1718035200,2024-06-10 16:00:00,3668.33000000,-0.01175626,0.04194931,-0.00125850,-0.03107021,-0.03741438,-0.00351458,-0.0000828305,0.0011090666,0.0004137849,-0.0000206365,0.0000019217,0.0008081442,3668.02616296,3672.40067901,3669.84821380,3668.25429914,3668.33704953,3671.29573779
eth4h:row14670:1718049600,2024-06-10 20:00:00,3667.85000000,-0.01181053,0.04177619,-0.00136501,-0.03093657,-0.03735525,-0.00339213,-0.0000838873,0.0011056954,0.0004117110,-0.0000180340,0.0000030731,0.0008105286,3667.54232688,3671.90776771,3669.36040497,3667.78385450,3667.86127173,3670.82410262
eth4h:row14671:1718064000,2024-06-11 00:00:00,3595.60000000,-0.01153290,0.04167560,-0.00177104,-0.03082159,-0.03707854,-0.00360581,-0.0000784812,0.0011037367,0.0004038045,-0.0000157951,0.0000084615,0.0008063678,3595.31782415,3599.57078679,3597.05221254,3595.54320762,3595.63042440,3598.50054529
eth4h:row14672:1718078400,2024-06-11 04:00:00,3534.60000000,-0.01032794,0.04069418,-0.00217196,-0.02984033,-0.03633840,-0.00366208,-0.0000550170,0.0010846257,0.0003959974,0.0000033128,0.0000228742,0.0008052720,3534.40554212,3538.43579785,3535.99996943,3534.61170929,3534.68085197,3537.44746062
eth4h:row14673:1718092800,2024-06-11 08:00:00,3529.56000000,-0.01041932,0.04163558,-0.00190494,-0.03070129,-0.03658635,-0.00286420,-0.0000567966,0.0011029574,0.0004011969,-0.0000134526,0.0000180458,0.0008208090,3529.35953855,3533.45510183,3530.97633254,3529.51251869,3529.62369422,3532.45828393
eth4h:row14674:1718107200,2024-06-11 12:00:00,3447.75000000,-0.01071814,0.04233087,-0.00142742,-0.03155134,-0.03683979,-0.00198276,-0.0000626154,0.0011164966,0.0004104956,-0.0000300055,0.0000131106,0.0008379732,3447.53412459,3451.60155084,3449.16557672,3447.64655015,3447.79520237,3450.64033281
eth4h:row14675:1718121600,2024-06-11 16:00:00,3497.21000000,-0.00993197,0.04073552,-0.00211779,-0.03027066,-0.03627194,-0.00286659,-0.0000473064,0.0010854306,0.0003970521,-0.0000050670,0.0000241683,0.0008207624,3497.04456347,3501.00803974,3498.59885034,3497.19227968,3497.29452271,3500.08155686
eth4h:row14676:1718136000,2024-06-11 20:00:00,3497.33000000,-0.01044537,0.04111338,-0.00223590,-0.03053763,-0.03635288,-0.00311941,-0.0000573039,0.0010927887,0.0003947522,-0.0000102656,0.0000225921,0.0008158394,3497.12959526,3501.15393173,3498.71085140,3497.29409782,3497.40901302,3500.18442398
eth4h:row14677:1718150400,2024-06-12 00:00:00,3509.99000000,-0.01082924,0.04166842,-0.00231473,-0.03137344,-0.03688008,-0.00324756,-0.0000647789,0.0011035969,0.0003932173,-0.0000265412,0.0000123260,0.0008133439,3509.76263418,3513.86575227,3511.37046003,3509.89684200,3510.03326435,3512.84599009
eth4h:row14678:1718164800,2024-06-12 04:00:00,3526.71000000,-0.01121500,0.04272021,-0.00186562,-0.03250537,-0.03714839,-0.00285519,-0.0000722907,0.0011240781,0.0004019626,-0.0000485832,0.0000071012,0.0008209844,3526.45506075,3530.67652639,3528.12789057,3526.53866532,3526.73504404,3529.60656278
eth4h:row14679:1718179200,2024-06-12 08:00:00,3531.72000000,-0.01031585,0.04210291,-0.00183060,-0.03161117,-0.03659410,-0.00292036,-0.0000547817,0.0011120576,0.0004026447,-0.0000311705,0.0000178949,0.0008197154,3531.52653163,3535.64966067,3533.14231455,3531.60991621,3531.78320030,3534.61619200
eth4h:row14680:1718193600,2024-06-12 12:00:00,3618.32000000,-0.00991055,0.04203112,-0.00168579,-0.03190183,-0.03707410,-0.00265296,-0.0000468894,0.0011106596,0.0004054644,-0.0000368305,0.0000085480,0.0008249224,3618.15034299,3622.34095429,3619.78739733,3618.18673783,3618.35092953,3621.30606477
eth4h:row14681:1718208000,2024-06-12 16:00:00,3529.01000000,-0.00927699,0.04155014,-0.00145954,-0.03171734,-0.03701270,-0.00253884,-0.0000345521,0.0011012935,0.0004098701,-0.0000332380,0.0000097435,0.0008271447,3528.88806748,3532.89861675,3530.45673229,3528.89270488,3529.04438505,3531.93020938
eth4h:row14682:1718222400,2024-06-12 20:00:00,3560.12000000,-0.00934044,0.04188190,-0.00109447,-0.03185297,-0.03706098,-0.00251113,-0.0000357876,0.0011077538,0.0004169791,-0.0000358791,0.0000088033,0.0008276844,3559.99259409,3564.06592172,3561.60480521,3559.99226852,3560.15134111,3563.06787553
eth4h:row14683:1718236800,2024-06-13 00:00:00,3503.00000000,-0.00939207,0.04222555,-0.00082061,-0.03239712,-0.03696693,-0.00256455,-0.0000367930,0.0011144457,0.0004223120,-0.0000464751,0.0000106349,0.0008266440,3502.87111634,3506.90607938,3504.47967121,3502.83720142,3503.03725421,3505.89693110
eth4h:row14684:1718251200,2024-06-13 04:00:00,3507.53000000,-0.01044896,0.04372240,0.00005455,-0.03354300,-0.03704361,-0.00229205,-0.0000573738,0.0011435936,0.0004393538,-0.0000687887,0.0000091417,0.0008319504,3507.32876551,3511.54348343,3509.07138526,3507.28872970,3507.56206487,3510.44930531
eth4h:row14685:1718265600,2024-06-13 08:00:00,3497.17000000,-0.01107594,0.04412038,0.00073385,-0.03365369,-0.03636465,-0.00179718,-0.0000695829,0.0011513434,0.0004525817,-0.0000709441,0.0000223629,0.0008415869,3496.92666528,3501.19876253,3498.75311335,3496.92190517,3497.24820772,3500.11441132
eth4h:row14686:1718280000,2024-06-13 12:00:00,3441.73000000,-0.01075040,0.04371119,0.00107620,-0.03271871,-0.03504223,-0.00163921,-0.0000632436,0.0011433754,0.0004592483,-0.0000527375,0.0000481141,0.0008446630,3441.51233952,3445.66744006,3443.31097167,3441.54849645,3441.89559985,3444.63833004
eth4h:row14687:1718294400,2024-06-13 16:00:00,3481.43000000,-0.01011160,0.04320959,0.00121585,-0.03191821,-0.03366066,-0.00146588,-0.0000508044,0.0011336078,0.0004619676,-0.0000371494,0.0000750173,0.0008480384,3481.25313260,3485.37881396,3483.03867946,3481.30066930,3481.69117744,3484.38363842
eth4h:row14688:1718308800,2024-06-13 20:00:00,3469.40000000,-0.00968130,0.04206867,0.00138421,-0.03017407,-0.03277115,-0.00127332,-0.0000424252,0.0011113908,0.0004652461,-0.0000031861,0.0000923386,0.0008517879,3469.25281313,3473.25800270,3471.01450028,3469.38894605,3469.72037443,3472.35645194
eth4h:row14689:1718323200,2024-06-14 00:00:00,3490.91000000,-0.00933160,0.04202960,0.00132444,-0.02980148,-0.03251005,-0.00101514,-0.0000356155,0.0011106300,0.0004640822,0.0000040692,0.0000974230,0.0008568155,3490.78567156,3494.78926310,3492.53044522,3490.92420533,3491.25011133,3493.90234758
eth4h:row14690:1718337600,2024-06-14 04:00:00,3516.61000000,-0.00914653,0.04144333,0.00085953,-0.02927515,-0.03259207,-0.00107876,-0.0000320117,0.0010992136,0.0004550291,0.0000143185,0.0000958259,0.0008555766,3516.49742929,3520.47763085,3518.21052406,3516.66035307,3516.94699835,3519.62001682
eth4h:row14691:1718352000,2024-06-14 08:00:00,3515.80000000,-0.00925611,0.04122794,0.00081344,-0.02927850,-0.03257514,-0.00090167,-0.0000341456,0.0010950195,0.0004541316,0.0000142532,0.0000961555,0.0008590250,3515.67995312,3519.65197824,3517.39699858,3515.85011193,3516.13807976,3518.82145763
eth4h:row14692:1718366400,2024-06-14 12:00:00,3462.41000000,-0.00903530,0.04118714,0.00038076,-0.02942417,-0.03246910,-0.00096096,-0.0000298458,0.0010942250,0.0004457060,0.0000114166,0.0000982203,0.0008578706,3462.30666300,3466.20072930,3463.95356095,3462.44952906,3462.75009577,3465.38157403
eth4h:row14693:1718380800,2024-06-14 16:00:00,3406.21000000,-0.00883457,0.04055706,-0.00036291,-0.02919145,-0.03273696,-0.00175911,-0.0000259370,0.0010819556,0.0004312248,0.0000159484,0.0000930043,0.0008423283,3406.12165431,3409.89736234,3407.67915883,3406.26432407,3406.52680682,3409.08035577
eth4h:row14694:1718395200,2024-06-14 20:00:00,3481.80000000,-0.00898801,0.04148708,-0.00052710,-0.03078040,-0.03328887,-0.00159544,-0.0000289248,0.0011000655,0.0004280274,-0.0000149931,0.0000822570,0.0008455154,3481.69929092,3485.63231572,3483.29062478,3481.74779753,3482.08641433,3484.74516027
eth4h:row14695:1718409600,2024-06-15 00:00:00,3504.40000000,-0.00860903,0.04117731,-0.00137424,-0.03123299,-0.03367538,-0.00204378,-0.0000215450,0.0010940335,0.0004115312,-0.0000238063,0.0000747307,0.0008367849,3504.32449848,3508.23602909,3505.84246675,3504.31657407,3504.66189591,3507.33365634
eth4h:row14696:1718424000,2024-06-15 04:00:00,3529.61000000,-0.00842686,0.04106475,-0.00178667,-0.03150907,-0.03411637,-0.00253591,-0.0000179977,0.0010918416,0.0004035001,-0.0000291823,0.0000661434,0.0008272018,3529.54647569,3533.46587966,3531.03448530,3529.50699945,3529.84346824,3532.53090781
eth4h:row14697:1718438400,2024-06-15 08:00:00,3539.40000000,-0.00857845,0.04105593,-0.00172070,-0.03205706,-0.03457294,-0.00247347,-0.0000209496,0.0010916698,0.0004047847,-0.0000398532,0.0000572527,0.0008284176,3539.32585182,3543.26596597,3540.83298482,3539.25894639,3539.60264596,3542.33331624
eth4h:row14698:1718452800,2024-06-15 12:00:00,3565.80000000,-0.00901972,0.04120106,-0.00158093,-0.03234988,-0.03526298,-0.00287621,-0.0000295423,0.0010944961,0.0004075063,-0.0000455553,0.0000438156,0.0008205751,3565.69465953,3569.70489060,3567.25338203,3565.63756264,3565.95624105,3568.72720763
eth4h:row14699:1718467200,2024-06-15 16:00:00,3558.48000000,-0.00924471,0.04150636,-0.00150724,-0.03278795,-0.03610996,-0.00310634,-0.0000339236,0.0011004410,0.0004089413,-0.0000540856,0.0000273224,0.0008160938,3558.35928569,3562.39805275,3559.93550707,3558.28754250,3558.57722770,3561.38523869
eth4h:row14700:1718481600,2024-06-15 20:00:00,3568.74000000,-0.00930534,0.04116375,-0.00156355,-0.03240253,-0.03652570,-0.00345918,-0.0000351043,0.0010937695,0.0004078448,-0.0000465805,0.0000192268,0.0008092230,3568.61472420,3572.64551436,3570.19578878,3568.57377034,3568.80861597,3571.62907541
eth4h:row14701:1718496000,2024-06-16 00:00:00,3555.01000000,-0.00984685,0.04134149,-0.00156600,-0.03217737,-0.03667963,-0.00396620,-0.0000456490,0.0010972306,0.0004077970,-0.0000421960,0.0000162293,0.0007993499,3554.84772117,3558.91280651,3556.46001817,3554.85999590,3555.06769588,3557.85283304
eth4h:row14702:1718510400,2024-06-16 04:00:00,3561.93000000,-0.01056647,0.04220480,-0.00104994,-0.03236183,-0.03681696,-0.00372731,-0.0000596620,0.0011140418,0.0004178463,-0.0000457880,0.0000135551,0.0008040018,3561.71749430,3565.90034996,3563.41865018,3561.76691006,3561.97828278,3564.79494952
eth4h:row14703:1718524800,2024-06-16 08:00:00,3555.28000000,-0.01178648,0.04315902,-0.00030370,-0.03304802,-0.03742183,-0.00329651,-0.0000834190,0.0011326230,0.0004323776,-0.0000591499,0.0000017766,0.0008123907,3554.98343459,3559.30907305,3556.81755579,3555.06971159,3555.28631646,3558.16944976
eth4h:row14704:1718539200,2024-06-16 12:00:00,3591.88000000,-0.01249285,0.04431189,0.00018795,-0.03433552,-0.03756747,-0.00260978,-0.0000971741,0.0011550727,0.0004419515,-0.0000842213,-0.0000010595,0.0008257633,3591.53097930,3596.03127949,3593.46778774,3591.57749983,3591.87619455,3594.84726776
eth4h:row14705:1718553600,2024-06-16 16:00:00,3599.03000000,-0.01241696,0.04448173,-0.00006194,-0.03419274,-0.03782565,-0.00278934,-0.0000956963,0.0011583800,0.0004370854,-0.0000814409,-0.0000060869,0.0008222668,3598.68560277,3603.20146000,3600.60342739,3598.73690355,3599.00809310,3601.99057994
eth4h:row14706:1718568000,2024-06-16 20:00:00,3624.41000000,-0.01246077,0.04482842,-0.00013984,-0.03463871,-0.03773261,-0.00263913,-0.0000965494,0.0011651311,0.0004355686,-0.0000901254,-0.0000042751,0.0008251918,3624.06008245,3628.63537373,3625.98902295,3624.08336341,3624.39450531,3627.40206792
eth4h:row14707:1718582400,2024-06-17 00:00:00,3582.05000000,-0.01218858,0.04505769,-0.00032901,-0.03478868,-0.03787095,-0.00246169,-0.0000912491,0.0011695956,0.0004318847,-0.0000930456,-0.0000069690,0.0008286470,3581.72315591,3586.24200084,3583.59736687,3581.71672142,3582.02503671,3585.01948522
eth4h:row14708:1718596800,2024-06-17 04:00:00,3552.68000000,-0.01195453,0.04464821,-0.00061253,-0.03459043,-0.03798658,-0.00251142,-0.0000866915,0.0011616218,0.0004263639,-0.0000891852,-0.0000092207,0.0008276787,3552.37202626,3556.80926827,3554.19505734,3552.36316754,3552.64724187,3555.62169489
eth4h:row14709:1718611200,2024-06-17 08:00:00,3527.63000000,-0.01196331,0.04438636,-0.00052263,-0.03460554,-0.03780726,-0.00235176,-0.0000868624,0.0011565229,0.0004281144,-0.0000894795,-0.0000057288,0.0008307877,3527.32359494,3531.71214509,3529.14055269,3527.31436369,3527.60979082,3530.56192947
eth4h:row14710:1718625600,2024-06-17 12:00:00,3497.26000000,-0.01198316,0.04417420,-0.00101435,-0.03453375,-0.03778360,-0.00277254,-0.0000872489,0.0011523915,0.0004185393,-0.0000880814,-0.0000052681,0.0008225940,3496.95488125,3501.29253586,3498.72404726,3496.95196989,3497.24157629,3500.13800855
eth4h:row14711:1718640000,2024-06-17 16:00:00,3554.01000000,-0.01213792,0.04398886,-0.00114428,-0.03455503,-0.03770749,-0.00308957,-0.0000902626,0.0011487824,0.0004160092,-0.0000884958,-0.0000037859,0.0008164205,3553.68922038,3558.09513020,3555.48880851,3553.69549898,3553.99654498,3556.91275141
eth4h:row14712:1718654400,2024-06-17 20:00:00,3511.46000000,-0.01246201,0.04402871,-0.00141458,-0.03476902,-0.03835074,-0.00339689,-0.0000965734,0.0011495583,0.0004107456,-0.0000926629,-0.0000163118,0.0008104359,3511.12090261,3515.49894913,3512.90261291,3511.13463303,3511.40272207,3514.30696686
eth4h:row14713:1718668800,2024-06-18 00:00:00,3441.53000000,-0.01193117,0.04362557,-0.00154300,-0.03443749,-0.03809620,-0.00351977,-0.0000862365,0.0011417081,0.0004082449,-0.0000862069,-0.0000113552,0.0008080432,3441.23322731,3445.46146661,3442.93527393,3441.23332899,3441.49092097,3444.31202880
eth4h:row14714:1718683200,2024-06-18 04:00:00,3443.97000000,-0.01238175,0.04417694,-0.00166841,-0.03490002,-0.03905011,-0.00348955,-0.0000950106,0.0011524449,0.0004058029,-0.0000952138,-0.0000299306,0.0008086317,3443.64280191,3447.94127361,3445.36785647,3443.64210228,3443.86692149,3446.75602950
eth4h:row14715:1718697600,2024-06-18 08:00:00,3414.11000000,-0.01203178,0.04332278,-0.00183872,-0.03403017,-0.03930036,-0.00372610,-0.0000881957,0.0011358119,0.0004024864,-0.0000782752,-0.0000348037,0.0008040254,3413.80890342,3417.98998985,3415.48440935,3413.84277029,3413.99117852,3416.85613500
eth4h:row14716:1718712000,2024-06-18 12:00:00,3424.01000000,-0.01221260,0.04310805,-0.00195893,-0.03364999,-0.03987748,-0.00394404,-0.0000917169,0.0011316306,0.0004001456,-0.0000708722,-0.0000460419,0.0007997814,3423.69597483,3427.88690765,3425.38037668,3423.76734164,3423.85235580,3426.74955491
eth4h:row14717:1718726400,2024-06-18 16:00:00,3423.27000000,-0.01321936,0.04384983,-0.00186008,-0.03467473,-0.04064731,-0.00416532,-0.0001113212,0.0011460751,0.0004020706,-0.0000908267,-0.0000610325,0.0007954726,3422.88893861,3427.19557374,3424.64667286,3422.95908976,3423.06107556,3425.99420071
eth4h:row14718:1718740800,2024-06-18 20:00:00,3483.42000000,-0.01370153,0.04428608,-0.00180583,-0.03524094,-0.04092238,-0.00406075,-0.0001207105,0.0011545701,0.0004031269,-0.0001018525,-0.0000663890,0.0007975088,3482.99954009,3487.44417524,3484.82454349,3483.06522299,3483.18874681,3486.19916620
eth4h:row14719:1718755200,2024-06-19 00:00:00,3565.93000000,-0.01448388,0.04590950,-0.00130648,-0.03696686,-0.04145608,-0.00376661,-0.0001359452,0.0011861827,0.0004128507,-0.0001354609,-0.0000767817,0.0008032366,3565.44526201,3570.16235429,3567.40250080,3565.44698855,3565.65621241,3568.79543607
eth4h:row14720:1718769600,2024-06-19 04:00:00,3544.30000000,-0.01318553,0.04535571,-0.00154011,-0.03664811,-0.04107592,-0.00387010,-0.0001106625,0.0011753989,0.0004083012,-0.0001292539,-0.0000693789,0.0008012212,3543.90780045,3548.46841575,3545.74743742,3543.84191487,3544.05410883,3547.14090631
eth4h:row14721:1718784000,2024-06-19 08:00:00,3536.94000000,-0.01302631,0.04621065,-0.00116916,-0.03775383,-0.04133717,-0.00334519,-0.0001075621,0.0011920470,0.0004155248,-0.0001507856,-0.0000744661,0.0008114428,3536.55957977,3541.15871278,3538.40999163,3536.40672073,3536.67662753,3539.81118931
eth4h:row14722:1718798400,2024-06-19 12:00:00,3529.29000000,-0.01219365,0.04592142,-0.00101695,-0.03746508,-0.04094935,-0.00308005,-0.0000913478,0.0011864149,0.0004184887,-0.0001451627,-0.0000669142,0.0008166058,3528.96762183,3533.47968701,3530.76727710,3528.77771597,3529.05384818,3532.17321567
eth4h:row14723:1718812800,2024-06-19 16:00:00,3546.29000000,-0.01164162,0.04499657,-0.00097345,-0.03632125,-0.04032440,-0.00338608,-0.0000805982,0.0011684053,0.0004193357,-0.0001228891,-0.0000547446,0.0008106466,3546.00418677,3550.43592566,3547.77739786,3545.85422637,3546.09586513,3549.16595346
eth4h:row14724:1718827200,2024-06-19 20:00:00,3560.51000000,-0.01191773,0.04436807,-0.00058214,-0.03556573,-0.03951038,-0.00344490,-0.0000859748,0.0011561666,0.0004269557,-0.0001081770,-0.0000388933,0.0008095012,3560.20389915,3564.62892339,3562.03050448,3560.12485550,3560.37152273,3563.39340388
eth4h:row14725:1718841600,2024-06-20 00:00:00,3553.65000000,-0.01271777,0.04488704,-0.00004818,-0.03588847,-0.03927175,-0.00339727,-0.0001015539,0.0011662726,0.0004373534,-0.0001144618,-0.0000342465,0.0008104287,3553.28913138,3557.79694230,3555.20454081,3553.24326625,3553.52830185,3556.53114721
eth4h:row14726:1718856000,2024-06-20 04:00:00,3607.87000000,-0.01330493,0.04523531,0.00045954,-0.03574499,-0.03849212,-0.00333793,-0.0001129877,0.0011730544,0.0004472401,-0.0001116677,-0.0000190650,0.0008115841,3607.46237825,3612.10471100,3609.48394517,3607.46713983,3607.80121676,3610.79927855
eth4h:row14727:1718870400,2024-06-20 08:00:00,3598.94000000,-0.01260975,0.04470239,0.00027998,-0.03487439,-0.03771586,-0.00352027,-0.0000994505,0.0011626768,0.0004437435,-0.0000947147,-0.0000039490,0.0008080335,3598.58210158,3603.12683759,3600.53736052,3598.59914372,3598.92578799,3601.84923927
eth4h:row14728:1718884800,2024-06-20 12:00:00,3506.61000000,-0.01149285,0.04393954,0.00021528,-0.03370648,-0.03704492,-0.00305858,-0.0000777012,0.0011478220,0.0004424837,-0.0000719722,0.0000091161,0.0008170239,3506.33754276,3510.63727481,3508.16196113,3506.35763072,3506.64196692,3509.47615491
eth4h:row14729:1718899200,2024-06-20 16:00:00,3536.61000000,-0.01094805,0.04354880,0.00028688,-0.03309798,-0.03678478,-0.00263406,-0.0000670924,0.0011402132,0.0004438780,-0.0000601229,0.0000141819,0.0008252905,3536.37272839,3540.64478914,3538.18017171,3536.39737520,3536.66015621,3539.52993538
eth4h:row14730:1718913600,2024-06-20 20:00:00,3513.08000000,-0.01040044,0.04260097,0.00036474,-0.03164440,-0.03594790,-0.00223315,-0.0000564290,0.0011217562,0.0004453941,-0.0000318176,0.0000304783,0.0008330973,3512.88176601,3517.02303033,3514.64505359,3512.96822407,3513.18707438,3516.00795702
eth4h:row14731:1718928000,2024-06-21 00:00:00,3501.20000000,-0.00992087,0.04125876,-0.00028897,-0.03028707,-0.03538493,-0.00280958,-0.0000470902,0.0010956196,0.0004326644,-0.0000053865,0.0000414409,0.0008218726,3501.03513156,3505.03808546,3502.71517245,3501.18114092,3501.34509573,3504.07872321
eth4h:row14732:1718942400,2024-06-21 04:00:00,3475.00000000,-0.01084389,0.04139928,-0.00054010,-0.03071138,-0.03582317,-0.00306470,-0.0000650641,0.0010983559,0.0004277742,-0.0000136490,0.0000329070,0.0008169048,3474.77390960,3478.81888352,3476.48683343,3474.95257002,3475.11435376,3477.83990397
eth4h:row14733:1718956800,2024-06-21 08:00:00,3503.22000000,-0.01114504,0.04156036,-0.00094531,-0.03117105,-0.03574330,-0.00347036,-0.0000709284,0.0011014926,0.0004198837,-0.0000226001,0.0000344623,0.0008090053,3502.97153103,3507.08089685,3504.69125380,3503.14082774,3503.34073116,3506.05527014
eth4h:row14734:1718971200,2024-06-21 12:00:00,3492.78000000,-0.01166350,0.04287881,-0.00138729,-0.03301768,-0.03610478,-0.00362317,-0.0000810242,0.0011271666,0.0004112772,-0.0000585592,0.0000274234,0.0008060297,3492.49701173,3496.71916475,3494.21679609,3492.57547170,3492.87578530,3495.59641945
eth4h:row14735:1718985600,2024-06-21 16:00:00,3535.45000000,-0.01084565,0.04241399,-0.00204281,-0.03282155,-0.03639264,-0.00377217,-0.0000650983,0.0011181151,0.0003985122,-0.0000547400,0.0000218180,0.0008031283,3535.21985555,3539.40525100,3536.85920088,3535.25647484,3535.52713715,3538.29056063
eth4h:row14736:1719000000,2024-06-21 20:00:00,3518.50000000,-0.01012696,0.04193384,-0.00229784,-0.03284385,-0.03683082,-0.00352633,-0.0000511035,0.0011087654,0.0003935460,-0.0000551744,0.0000132853,0.0008079155,3518.32019677,3522.40335446,3519.88496417,3518.30587437,3518.54674457,3521.34379944
eth4h:row14737:1719014400,2024-06-22 00:00:00,3506.77000000,-0.00908314,0.03993622,-0.00306165,-0.03095653,-0.03662465,-0.00428287,-0.0000307773,0.0010698660,0.0003786726,-0.0000184229,0.0000173000,0.0007931836,3506.66207281,3510.52378174,3508.09816913,3506.70539590,3506.83066780,3509.55261575
eth4h:row14738:1719028800,2024-06-22 04:00:00,3494.00000000,-0.00931434,0.03976912,-0.00317969,-0.03108078,-0.03744815,-0.00442712,-0.0000352795,0.0010666121,0.0003763740,-0.0000208423,0.0000012642,0.0007903745,3493.87673551,3497.72873081,3495.31529835,3493.92717786,3494.00441713,3496.76265996
eth4h:row14739:1719043200,2024-06-22 08:00:00,3493.20000000,-0.01040938,0.04015965,-0.00330627,-0.03186541,-0.03859619,-0.00495884,-0.0000566031,0.0010742168,0.0003739090,-0.0000361214,-0.0000210915,0.0007800204,3493.00227966,3496.95447033,3494.50638331,3493.07382317,3493.12632397,3495.92583019
eth4h:row14740:1719057600,2024-06-22 12:00:00,3505.43000000,-0.01164830,0.04099713,-0.00306174,-0.03261563,-0.03921921,-0.00538159,-0.0000807282,0.0010905248,0.0003786708,-0.0000507301,-0.0000332234,0.0007717883,3505.14702423,3509.25484358,3506.75765551,3505.25217353,3505.31353958,3508.13649424
eth4h:row14741:1719072000,2024-06-22 16:00:00,3491.44000000,-0.01273982,0.04253570,-0.00295201,-0.03379412,-0.04027543,-0.00572436,-0.0001019833,0.0011204852,0.0003808075,-0.0000736787,-0.0000537911,0.0007651136,3491.08394948,3495.35429953,3492.76981973,3491.18276486,3491.25219667,3494.11237041
eth4h:row14742:1719086400,2024-06-22 20:00:00,3495.75000000,-0.01418488,0.04493082,-0.00233557,-0.03621600,-0.04143158,-0.00520225,-0.0001301227,0.0011671251,0.0003928113,-0.0001208397,-0.0000763046,0.0007752805,3495.29515333,3499.83235938,3497.12343988,3495.32760031,3495.48326821,3498.46123764
eth4h:row14743:1719100800,2024-06-23 00:00:00,3519.00000000,-0.01392622,0.04523868,-0.00195392,-0.03612828,-0.04143430,-0.00439196,-0.0001250859,0.0011731200,0.0004002432,-0.0001191314,-0.0000763575,0.0007910591,3518.55985018,3523.13063152,3520.40873786,3518.58080146,3518.73130837,3521.78483832
eth4h:row14744:1719115200,2024-06-23 04:00:00,3512.50000000,-0.01293246,0.04376433,-0.00226935,-0.03467625,-0.04111455,-0.00459710,-0.0001057346,0.0011444102,0.0003941010,-0.0000908563,-0.0000701310,0.0007870645,3512.12862678,3516.52204170,3513.88455244,3512.18088171,3512.25367339,3515.26565231
eth4h:row14745:1719129600,2024-06-23 08:00:00,3498.29000000,-0.01303890,0.04373763,-0.00219470,-0.03450457,-0.04125086,-0.00453644,-0.0001078073,0.0011438902,0.0003955546,-0.0000875133,-0.0000727855,0.0007882458,3497.91287917,3502.29394919,3499.67403828,3497.98386655,3498.03538452,3501.04859941
eth4h:row14746:1719144000,2024-06-23 12:00:00,3474.54000000,-0.01367411,0.04465694,-0.00178390,-0.03559251,-0.04174937,-0.00415901,-0.0001201766,0.0011617918,0.0004035541,-0.0001086984,-0.0000824928,0.0007955954,3474.12246680,3478.57903790,3475.94244767,3474.16234343,3474.25338741,3477.30542813
eth4h:row14747:1719158400,2024-06-23 16:00:00,3479.93000000,-0.01429424,0.04524697,-0.00153478,-0.03585727,-0.04173062,-0.00419376,-0.0001322522,0.0011732813,0.0004084051,-0.0001138541,-0.0000821277,0.0007949188,3479.46980205,3484.01533292,3481.35151135,3479.53381809,3479.64421297,3482.69736145
eth4h:row14748:1719172800,2024-06-23 20:00:00,3420.91000000,-0.01457132,0.04581428,-0.00162378,-0.03619696,-0.04169152,-0.00420276,-0.0001376479,0.0011843286,0.0004066719,-0.0001204688,-0.0000813663,0.0007947434,3420.43915144,3424.96388152,3422.30147092,3420.49791185,3420.63166442,3423.62982616
eth4h:row14749:1719187200,2024-06-24 00:00:00,3402.81000000,-0.01471777,0.04629988,-0.00136248,-0.03656974,-0.04133628,-0.00363249,-0.0001404996,0.0011937846,0.0004117601,-0.0001277279,-0.0000744487,0.0008058482,3402.33194001,3406.87464770,3404.21143006,3402.37539382,3402.55667454,3405.55325361
eth4h:row14750:1719201600,2024-06-24 04:00:00,3369.19000000,-0.01439324,0.04596902,-0.00135526,-0.03601759,-0.04070316,-0.00341039,-0.0001341801,0.0011873417,0.0004119009,-0.0001169761,-0.0000621201,0.0008101732,3368.73795217,3373.19275553,3370.57805818,3368.79590846,3368.98071216,3371.92073344
eth4h:row14751:1719216000,2024-06-24 08:00:00,3321.19000000,-0.01311558,0.04485361,-0.00136232,-0.03467884,-0.03955517,-0.00325053,-0.0001093005,0.0011656214,0.0004117633,-0.0000909068,-0.0000397655,0.0008132861,3320.82701213,3325.06350735,3322.55782588,3320.88809498,3321.05793371,3323.89217637
eth4h:row14752:1719230400,2024-06-24 12:00:00,3280.30000000,-0.01170772,0.04258946,-0.00214419,-0.03255818,-0.03915332,-0.00390278,-0.0000818854,0.0011215322,0.0003965381,-0.0000496115,-0.0000319403,0.0008005849,3280.03140223,3283.98102577,3281.60102181,3280.13726327,3280.19522794,3282.92721009
eth4h:row14753:1719244800,2024-06-24 16:00:00,3293.07000000,-0.01173037,0.04240615,-0.00214735,-0.03237864,-0.03911240,-0.00371498,-0.0000823265,0.0011179625,0.0003964766,-0.0000461153,-0.0000311435,0.0008042419,3292.79890429,3296.75358750,3294.37588395,3292.91814254,3292.96744390,3295.71949004
eth4h:row14754:1719259200,2024-06-24 20:00:00,3352.73000000,-0.01178560,0.04232541,-0.00215842,-0.03200513,-0.03943104,-0.00380030,-0.0000834018,0.0011163904,0.0003962610,-0.0000388420,-0.0000373484,0.0008025805,3352.45038779,3356.47504563,3354.05881932,3352.59977590,3352.60478310,3355.42191585
eth4h:row14755:1719273600,2024-06-25 00:00:00,3371.61000000,-0.01156688,0.04209579,-0.00227192,-0.03210765,-0.03905547,-0.00393163,-0.0000791428,0.0011119189,0.0003940509,-0.0000408383,-0.0000300350,0.0008000231,3371.34317203,3375.36104193,3372.93884779,3371.47231191,3371.50873505,3374.30844520
eth4h:row14756:1719288000,2024-06-25 04:00:00,3361.00000000,-0.01153822,0.04214043,-0.00232686,-0.03230619,-0.03925077,-0.00404484,-0.0000785848,0.0011127882,0.0003929811,-0.0000447045,-0.0000338380,0.0007978186,3360.73588697,3364.74216302,3362.32106891,3360.84975147,3360.88627244,3363.68253814
eth4h:row14757:1719302400,2024-06-25 08:00:00,3376.01000000,-0.01125340,0.04246429,-0.00191704,-0.03292481,-0.03900502,-0.00368511,-0.0000730385,0.0011190948,0.0004009614,-0.0000567508,-0.0000290525,0.0008048235,3375.76343030,3379.79018988,3377.36392113,3375.81841403,3375.91191976,3378.72818590
eth4h:row14758:1719316800,2024-06-25 12:00:00,3419.60000000,-0.01104847,0.04293267,-0.00151575,-0.03345649,-0.03893176,-0.00355816,-0.0000690478,0.0011282153,0.0004087756,-0.0000671040,-0.0000276261,0.0008072957,3419.36389223,3423.46022225,3420.99813487,3419.37053875,3419.50553118,3422.36174313
eth4h:row14759:1719331200,2024-06-25 16:00:00,3415.66000000,-0.00980014,0.04175851,-0.00152404,-0.03227295,-0.03787113,-0.00342534,-0.0000447393,0.0011053512,0.0004086141,-0.0000440572,-0.0000069725,0.0008098820,3415.50718921,3419.43759142,3417.05597219,3415.50951905,3415.63618439,3418.42740205
eth4h:row14760:1719345600,2024-06-25 20:00:00,3394.91000000,-0.00946517,0.04133315,-0.00149990,-0.03216737,-0.03764410,-0.00340356,-0.0000382166,0.0010970681,0.0004090842,-0.0000420013,-0.0000025515,0.0008103061,3394.78026054,3398.63649122,3396.29908822,3394.76741231,3394.90133789,3397.66203108
eth4h:row14761:1719360000,2024-06-26 00:00:00,3395.15000000,-0.01006004,0.04236905,-0.00065599,-0.03275698,-0.03727625,-0.00310593,-0.0000498004,0.0011172400,0.0004255176,-0.0000534827,0.0000046116,0.0008161019,3394.98092438,3398.94531713,3396.59500346,3394.96842313,3395.16565705,3397.92191930
eth4h:row14762:1719374400,2024-06-26 04:00:00,3401.80000000,-0.00941575,0.04116894,-0.00053346,-0.03162755,-0.03622410,-0.00338062,-0.0000372541,0.0010938705,0.0004279036,-0.0000314894,0.0000250998,0.0008107529,3401.67327130,3405.52316448,3403.25595409,3401.69288104,3401.88538543,3404.55913771
eth4h:row14763:1719388800,2024-06-26 08:00:00,3381.44000000,-0.01004063,0.04199786,-0.00013235,-0.03195952,-0.03636698,-0.00317151,-0.0000494223,0.0011100119,0.0004357142,-0.0000379538,0.0000223176,0.0008148249,3381.27288555,3385.19552265,3382.91366257,3381.31166406,3381.51546656,3384.19640425
eth4h:row14764:1719403200,2024-06-26 12:00:00,3361.69000000,-0.01005983,0.04143334,0.00029205,-0.03095455,-0.03552253,-0.00295890,-0.0000497963,0.0010990192,0.0004439787,-0.0000183843,0.0000387614,0.0008189650,3361.52260432,3365.38659278,3363.18284997,3361.62819839,3361.82030649,3364.44423406
eth4h:row14765:1719417600,2024-06-26 16:00:00,3408.08000000,-0.00969666,0.04065076,0.00035957,-0.02970199,-0.03451655,-0.00304076,-0.0000427244,0.0010837802,0.0004452934,0.0000060067,0.0000583507,0.0008173708,3407.93439506,3411.77561173,3409.59793348,3408.10047130,3408.27886959,3410.86680386
eth4h:row14766:1719432000,2024-06-26 20:00:00,3371.44000000,-0.00950432,0.04012562,0.00012763,-0.02888353,-0.03401927,-0.00327725,-0.0000389789,0.0010735541,0.0004407769,0.0000219444,0.0000680342,0.0008127658,3371.30858761,3375.06136662,3372.92638057,3371.51398518,3371.66938091,3374.18130513
eth4h:row14767:1719446400,2024-06-27 00:00:00,3383.80000000,-0.00884943,0.03891412,-0.00039488,-0.02784912,-0.03384686,-0.00330208,-0.0000262263,0.0010499628,0.0004306022,0.0000420873,0.0000713914,0.0008122823,3383.71125665,3387.35473005,3385.25738549,3383.94241806,3384.04158287,3386.54971738
eth4h:row14768:1719460800,2024-06-27 04:00:00,3374.98000000,-0.00795846,0.03717197,-0.00103414,-0.02621667,-0.03297264,-0.00354355,-0.0000088766,0.0010160381,0.0004181540,0.0000738758,0.0000884150,0.0008075801,3374.95004190,3378.41085102,3376.39155649,3375.22933854,3375.27841198,3377.70666755
eth4h:row14769:1719475200,2024-06-27 08:00:00,3403.46000000,-0.00812285,0.03758324,-0.00143294,-0.02645862,-0.03273899,-0.00355791,-0.0000120777,0.0010240468,0.0004103881,0.0000691643,0.0000929648,0.0008073005,3403.41889428,3406.94708738,3404.85702609,3403.69540619,3403.77641673,3406.20872442
eth4h:row14770:1719489600,2024-06-27 12:00:00,3452.75000000,-0.00815962,0.03730533,-0.00213720,-0.02676020,-0.03330223,-0.00392536,-0.0000127938,0.0010186351,0.0003966742,0.0000632916,0.0000819970,0.0008001453,3452.70582637,3456.26888439,3454.11988843,3452.96853709,3453.03312691,3455.51380718
eth4h:row14771:1719504000,2024-06-27 16:00:00,3449.79000000,-0.00861499,0.03815187,-0.00227510,-0.02817669,-0.03416414,-0.00346600,-0.0000216611,0.0010351196,0.0003939888,0.0000357086,0.0000652132,0.0008090903,3449.71527465,3453.36279398,3451.14944646,3449.91318922,3450.01497902,3452.58232103
eth4h:row14772:1719518400,2024-06-27 20:00:00,3450.44000000,-0.00814861,0.03812722,-0.00316159,-0.02883461,-0.03483621,-0.00425494,-0.0000125794,0.0010346396,0.0003767264,0.0000228971,0.0000521260,0.0007937273,3450.39659581,3454.01180944,3451.74011684,3450.51900584,3450.61986232,3453.17979575
eth4h:row14773:1719532800,2024-06-28 00:00:00,3460.50000000,-0.00798857,0.03866211,-0.00356389,-0.03004062,-0.03583191,-0.00452491,-0.0000094630,0.0010450555,0.0003688925,-0.0000005874,0.0000327370,0.0007884702,3460.46725345,3464.11830492,3461.77678791,3460.49796734,3460.61328817,3463.22957717
eth4h:row14774:1719547200,2024-06-28 04:00:00,3431.82000000,-0.00809756,0.03944281,-0.00350326,-0.03168416,-0.03673659,-0.00436214,-0.0000115853,0.0010602580,0.0003700732,-0.0000325918,0.0000151203,0.0007916399,3431.78024162,3435.46054417,3433.09025955,3431.70815280,3431.87189055,3434.53784119
eth4h:row14775:1719561600,2024-06-28 08:00:00,3452.78000000,-0.00846155,0.03888095,-0.00365348,-0.03131303,-0.03739760,-0.00486173,-0.0000186732,0.0010493169,0.0003671478,-0.0000253648,0.0000022485,0.0007819114,3452.71552609,3456.40496198,3454.04791348,3452.69242194,3452.78776343,3455.48082386
eth4h:row14776:1719576000,2024-06-28 12:00:00,3413.61000000,-0.00885451,0.03849421,-0.00362443,-0.03085778,-0.03746770,-0.00558445,-0.0000263252,0.0010417859,0.0003677137,-0.0000164999,0.0000008835,0.0007678380,3413.52013710,3417.16810382,3414.86546188,3413.55367621,3413.61301594,3416.23210595
eth4h:row14777:1719590400,2024-06-28 16:00:00,3379.74000000,-0.01016186,0.03990910,-0.00314796,-0.03205375,-0.03828792,-0.00575653,-0.0000517831,0.0010693379,0.0003769919,-0.0000397888,-0.0000150885,0.0007644871,3379.56499106,3383.35601717,3381.01437493,3379.60552693,3379.68900518,3382.32475558
eth4h:row14778:1719604800,2024-06-28 20:00:00,3380.15000000,-0.01108170,0.04086659,-0.00245446,-0.03248584,-0.03874031,-0.00550040,-0.0000696949,0.0010879829,0.0003904964,-0.0000482028,-0.0000238980,0.0007694747,3379.91442902,3383.82954684,3381.47019400,3379.98707128,3380.06922215,3382.75194075
eth4h:row14779:1719619200,2024-06-29 00:00:00,3386.07000000,-0.01172096,0.04134262,-0.00222006,-0.03247226,-0.03938622,-0.00568866,-0.0000821431,0.0010972527,0.0003950607,-0.0000479384,-0.0000364756,0.0007658087,3385.79186915,3389.78741339,3387.40796744,3385.90768097,3385.94649326,3388.66407499
eth4h:row14780:1719633600,2024-06-29 04:00:00,3399.72000000,-0.01194057,0.04134721,-0.00236409,-0.03178946,-0.03954006,-0.00589224,-0.0000864196,0.0010973420,0.0003922561,-0.0000346424,-0.0000394713,0.0007618446,3399.42621028,3403.45270328,3401.05382241,3399.60222769,3399.58581125,3402.31104505
eth4h:row14781:1719648000,2024-06-29 08:00:00,3400.45000000,-0.01356293,0.04342658,-0.00156683,-0.03335809,-0.04050560,-0.00490692,-0.0001180116,0.0011378332,0.0004077809,-0.0000651881,-0.0000582730,0.0007810315,3400.04873105,3404.32134702,3401.83692143,3400.22833851,3400.25185125,3403.10689592
eth4h:row14782:1719662400,2024-06-29 12:00:00,3394.62000000,-0.01370604,0.04345689,-0.00128720,-0.03310100,-0.04029087,-0.00421346,-0.0001207984,0.0011384234,0.0004132261,-0.0000601818,-0.0000540917,0.0007945352,3394.20996011,3398.48671547,3396.02303537,3394.41571185,3394.43638416,3397.31821675
eth4h:row14783:1719676800,2024-06-29 16:00:00,3387.02000000,-0.01389119,0.04340488,-0.00141751,-0.03294588,-0.04023410,-0.00418964,-0.0001244037,0.0011374107,0.0004106887,-0.0000571611,-0.0000529862,0.0007949990,3386.59866827,3390.87462463,3388.41129653,3386.82639961,3386.84053953,3389.71374814
eth4h:row14784:1719691200,2024-06-29 20:00:00,3378.80000000,-0.01432459,0.04438720,-0.00156223,-0.03402198,-0.04065356,-0.00404902,-0.0001328433,0.0011565392,0.0004078704,-0.0000781159,-0.0000611544,0.0007977372,3378.35117898,3382.70997518,3380.17839375,3378.53607229,3378.59337784,3381.49646975
eth4h:row14785:1719705600,2024-06-30 00:00:00,3371.28000000,-0.01422866,0.04478876,-0.00198055,-0.03502307,-0.04110227,-0.00380811,-0.0001309752,0.0011643586,0.0003997247,-0.0000976100,-0.0000698919,0.0008024283,3370.83847495,3375.20766512,3372.62785328,3370.95094553,3371.04438295,3373.98629620
eth4h:row14786:1719720000,2024-06-30 04:00:00,3394.03000000,-0.01401906,0.04476211,-0.00253585,-0.03528151,-0.04108778,-0.00378828,-0.0001268937,0.0011638398,0.0003889115,-0.0001026423,-0.0000696099,0.0008028145,3393.59934642,3397.98240676,3395.35023386,3393.68164667,3393.79375016,3396.75587064
eth4h:row14787:1719734400,2024-06-30 08:00:00,3389.19000000,-0.01275605,0.04361270,-0.00293998,-0.03406746,-0.04019622,-0.00408516,-0.0001022993,0.0011414574,0.0003810418,-0.0000790015,-0.0000522486,0.0007970334,3388.84330589,3393.06082483,3390.48166917,3388.92225949,3389.01292432,3391.89237433
eth4h:row14788:1719748800,2024-06-30 12:00:00,3399.80000000,-0.01253305,0.04318286,-0.00309692,-0.03431296,-0.04058892,-0.00419494,-0.0000979570,0.0011330872,0.0003779858,-0.0000837820,-0.0000598956,0.0007948957,3399.46698224,3403.65445327,3401.08531890,3399.51516984,3399.59637287,3402.50356079
eth4h:row14789:1719763200,2024-06-30 16:00:00,3428.41000000,-0.01181002,0.04259420,-0.00308726,-0.03438533,-0.04060698,-0.00410492,-0.0000838774,0.0011216244,0.0003781738,-0.0000851914,-0.0000602473,0.0007966488,3428.12244584,3432.25754579,3429.70678000,3428.11794153,3428.20345366,3431.14232676
eth4h:row14790:1719777600,2024-06-30 20:00:00,3438.16000000,-0.01078768,0.04077215,-0.00357478,-0.03296242,-0.04046194,-0.00502387,-0.0000639696,0.0010861439,0.0003686804,-0.0000574832,-0.0000574228,0.0007787541,3437.94006935,3441.89636514,3439.42781579,3437.96236915,3437.96257676,3440.83852401
eth4h:row14791:1719792000,2024-07-01 00:00:00,3498.23000000,-0.01039250,0.03993989,-0.00408241,-0.03219053,-0.04039464,-0.00603812,-0.0000562743,0.0010699374,0.0003587954,-0.0000424522,-0.0000561124,0.0007590038,3498.03314497,3501.97489017,3499.48537390,3498.08149546,3498.03371129,3500.88617782
eth4h:row14792:1719806400,2024-07-01 04:00:00,3490.58000000,-0.01121303,0.04102657,-0.00367453,-0.03289252,-0.04120556,-0.00603209,-0.0000722524,0.0010910982,0.0003667380,-0.0000561220,-0.0000719034,0.0007591212,3490.32780621,3494.39064404,3491.86036304,3490.38410700,3490.32902453,3493.23077925
eth4h:row14793:1719820800,2024-07-01 08:00:00,3459.60000000,-0.01283303,0.04331932,-0.00214563,-0.03489668,-0.04213754,-0.00494140,-0.0001037983,0.0011357446,0.0003965101,-0.0000951488,-0.0000900516,0.0007803600,3459.24091794,3463.53145412,3460.97203828,3459.27083900,3459.28847137,3462.30078722
eth4h:row14794:1719835200,2024-07-01 12:00:00,3474.35000000,-0.01239879,0.04258723,-0.00181538,-0.03359247,-0.04108063,-0.00494203,-0.0000953425,0.0011214886,0.0004029409,-0.0000697521,-0.0000694706,0.0007803478,3474.01876242,3478.24862978,3475.75023991,3474.10766522,3474.10864317,3477.06225965
eth4h:row14795:1719849600,2024-07-01 16:00:00,3471.47000000,-0.01172304,0.04194535,-0.00171042,-0.03282083,-0.04033402,-0.00485079,-0.0000821837,0.0011089894,0.0004049849,-0.0000547260,-0.0000549320,0.0007821244,3471.18471340,3475.32195881,3472.87617756,3471.28002536,3471.27931032,3474.18618344
eth4h:row14796:1719864000,2024-07-01 20:00:00,3442.20000000,-0.01232611,0.04271818,-0.00104779,-0.03312671,-0.04018209,-0.00432848,-0.0000939271,0.0011240386,0.0004178882,-0.0000606823,-0.0000519735,0.0007922954,3441.87669930,3446.07134115,3443.63875538,3441.99112563,3442.02110152,3444.92831977
eth4h:row14797:1719878400,2024-07-02 00:00:00,3457.03000000,-0.01204564,0.04274989,-0.00072886,-0.03269782,-0.03907309,-0.00397077,-0.0000884656,0.0011246561,0.0004240985,-0.0000523307,-0.0000303780,0.0007992610,3456.72418541,3460.92015705,3458.49643225,3456.84909589,3456.92498384,3459.79417372
eth4h:row14798:1719892800,2024-07-02 04:00:00,3439.00000000,-0.01121001,0.04182444,-0.00067906,-0.03120932,-0.03766013,-0.00401888,-0.0000721935,0.0011066349,0.0004250684,-0.0000233453,-0.0000028637,0.0007983242,3438.75173541,3442.80782412,3440.46212099,3438.91971659,3438.99015167,3441.74653303
eth4h:row14799:1719907200,2024-07-02 08:00:00,3453.26000000,-0.01201466,0.04325701,0.00028621,-0.03239388,-0.03703777,-0.00272077,-0.0000878623,0.0011345311,0.0004438649,-0.0000464122,0.0000092554,0.0008236020,3452.95660194,3457.18005418,3454.79312116,3453.09973047,3453.29196155,3456.10528343
eth4h:row14800:1719921600,2024-07-02 12:00:00,3415.65000000,-0.01071236,0.04164783,-0.00015512,-0.03081262,-0.03589938,-0.00285426,-0.0000625028,0.0011031959,0.0004352710,-0.0000156204,0.0000314231,0.0008210025,3415.43651901,3419.42021024,3417.13705702,3415.59664657,3415.75733199,3418.45540881
eth4h:row14801:1719936000,2024-07-02 16:00:00,3415.37000000,-0.01006320,0.04037473,-0.00085016,-0.02961145,-0.03492520,-0.00332236,-0.0000498619,0.0010784051,0.0004217366,0.0000077697,0.0000503931,0.0008118874,3415.19970735,3419.05513906,3416.81069016,3415.39653663,3415.54211547,3418.14402166
eth4h:row14802:1719950400,2024-07-02 20:00:00,3421.35000000,-0.00958218,0.03962884,-0.00117639,-0.02896683,-0.03416360,-0.00334654,-0.0000404950,0.0010638804,0.0004153839,0.0000203224,0.0000652236,0.0008114164,3421.21145522,3424.99184425,3422.77146895,3421.41953076,3421.57316004,3424.12726615
eth4h:row14803:1719964800,2024-07-03 00:00:00,3360.33000000,-0.00867806,0.03865019,-0.00191069,-0.02795547,-0.03383849,-0.00373108,-0.0000228894,0.0010448234,0.0004010850,0.0000400164,0.0000715545,0.0008039285,3360.25308509,3363.84278612,3361.67804833,3360.46447096,3360.57045528,3363.03255119
eth4h:row14804:1719979200,2024-07-03 04:00:00,3352.20000000,-0.00878333,0.03788967,-0.00217890,-0.02747090,-0.03372157,-0.00384472,-0.0000249391,0.0010300138,0.0003958621,0.0000494524,0.0000738311,0.0008017155,3352.11640018,3355.65459103,3353.52727175,3352.36577830,3352.44750588,3354.88858836
eth4h:row14805:1719993600,2024-07-03 08:00:00,3307.50000000,-0.00825195,0.03747261,-0.00285358,-0.02750527,-0.03417114,-0.00395381,-0.0000145917,0.0010218926,0.0003827242,0.0000487829,0.0000650768,0.0007995912,3307.45173826,3310.88163719,3308.76610258,3307.66135352,3307.71524843,3310.14570550
eth4h:row14806:1720008000,2024-07-03 12:00:00,3304.26000000,-0.00814308,0.03730441,-0.00350554,-0.02744060,-0.03463603,-0.00442609,-0.0000124717,0.0010186171,0.0003700288,0.0000500423,0.0000560241,0.0007903946,3304.21879036,3307.62749069,3305.48289753,3304.42535681,3304.44512343,3306.87270172
eth4h:row14807:1720022400,2024-07-03 16:00:00,3266.29000000,-0.00869323,0.03820691,-0.00371002,-0.02868513,-0.03581507,-0.00471741,-0.0000231847,0.0010361915,0.0003660469,0.0000258077,0.0000330649,0.0007847218,3266.21427277,3269.67625590,3267.48583434,3266.37429664,3266.39800123,3268.85413502
eth4h:row14808:1720036800,2024-07-03 20:00:00,3295.48000000,-0.00907421,0.03834517,-0.00376709,-0.02868333,-0.03653122,-0.00474720,-0.0000306035,0.0010388836,0.0003649356,0.0000258428,0.0000191194,0.0007841416,3295.37914842,3298.90539923,3296.68285746,3295.56516568,3295.54300819,3298.06513653
eth4h:row14809:1720051200,2024-07-04 00:00:00,3243.20000000,-0.00964709,0.03900445,-0.00399965,-0.03005454,-0.03777040,-0.00531862,-0.0000417590,0.0010517218,0.0003604070,-0.0000008584,-0.0000050110,0.0007730144,3243.06457011,3246.61273853,3244.36908250,3243.19721602,3243.18374847,3245.70800964
eth4h:row14810:1720065600,2024-07-04 04:00:00,3182.21000000,-0.00990219,0.03952412,-0.00398528,-0.03053937,-0.03860805,-0.00544843,-0.0000467267,0.0010618411,0.0003606868,-0.0000102996,-0.0000213225,0.0007704866,3182.06130946,3185.59079611,3183.35798823,3182.17722468,3182.14214816,3184.66279507
eth4h:row14811:1720080000,2024-07-04 08:00:00,3159.45000000,-0.00970644,0.03872297,-0.00424538,-0.03022545,-0.03889314,-0.00598047,-0.0000429147,0.0010462406,0.0003556219,-0.0000041866,-0.0000268740,0.0007601265,3159.31441601,3162.75727451,3160.57376955,3159.43677257,3159.36509421,3161.85249458
eth4h:row14812:1720094400,2024-07-04 12:00:00,3138.79000000,-0.00998630,0.03891442,-0.00443685,-0.03055201,-0.03951428,-0.00655540,-0.0000483644,0.0010499686,0.0003518936,-0.0000105457,-0.0000389693,0.0007489308,3138.63819810,3142.08736180,3139.89471439,3138.75689956,3138.66768587,3141.14161694
eth4h:row14813:1720108800,2024-07-04 16:00:00,3133.82000000,-0.00928226,0.03803340,-0.00434113,-0.02921854,-0.03868748,-0.00662263,-0.0000346548,0.0010328127,0.0003537575,0.0000154209,-0.0000228691,0.0007476217,3133.71139999,3137.05832123,3134.92880834,3133.86832665,3133.74833330,3136.16378783
eth4h:row14814:1720123200,2024-07-04 20:00:00,3059.70000000,-0.01109008,0.04065908,-0.00333556,-0.03175695,-0.03973670,-0.00541555,-0.0000698583,0.0010839421,0.0003733387,-0.0000340092,-0.0000433004,0.0007711270,3059.48626215,3063.01833567,3060.84251775,3059.59594376,3059.56751674,3062.06032732
eth4h:row14815:1720137600,2024-07-05 00:00:00,2920.99000000,-0.01097316,0.04064766,-0.00283080,-0.03142254,-0.03918535,-0.00509914,-0.0000675813,0.0010837198,0.0003831679,-0.0000274973,-0.0000325642,0.0007772885,2920.79260234,2924.15725060,2922.10944398,2920.90968185,2920.89488199,2923.26133444
eth4h:row14816:1720152000,2024-07-05 04:00:00,2882.21000000,-0.01150961,0.04118244,-0.00246300,-0.03164059,-0.03934423,-0.00476314,-0.0000780276,0.0010941333,0.0003903299,-0.0000317433,-0.0000356579,0.0007838312,2881.98511671,2885.36524789,2883.33523245,2882.11851060,2882.10722821,2884.47005166
eth4h:row14817:1720166400,2024-07-05 08:00:00,2947.42000000,-0.01164497,0.04137231,-0.00215896,-0.03120163,-0.03883306,-0.00434236,-0.0000806635,0.0010978307,0.0003962504,-0.0000231955,-0.0000257040,0.0007920251,2947.18226028,2950.65754488,2948.58814773,2947.35163382,2947.34424048,2949.75535524
eth4h:row14818:1720180800,2024-07-05 12:00:00,2990.99000000,-0.01190335,0.04222444,-0.00195762,-0.03131601,-0.03908522,-0.00369718,-0.0000856948,0.0011144242,0.0004001711,-0.0000254229,-0.0000306142,0.0008045885,2990.73369883,2994.32508968,2992.18714737,2990.91396144,2990.89843456,2993.39748446
eth4h:row14819:1720195200,2024-07-05 16:00:00,2987.99000000,-0.01182900,0.04151226,-0.00193367,-0.03028197,-0.03812233,-0.00340379,-0.0000842471,0.0011005559,0.0004006374,-0.0000052872,-0.0000118642,0.0008103017,2987.73828110,2991.28026032,2989.18734047,2987.97420182,2987.95455024,2990.41215468
eth4h:row14820:1720209600,2024-07-05 20:00:00,2981.78000000,-0.01147197,0.04056451,-0.00199744,-0.02963829,-0.03768215,-0.00340052,-0.0000772947,0.0010821007,0.0003993958,0.0000072471,-0.0000032926,0.0008103653,2981.54953317,2985.00833250,2982.97114827,2981.80160947,2981.77018223,2984.19731031
eth4h:row14821:1720224000,2024-07-06 00:00:00,2980.01000000,-0.01067795,0.04084087,-0.00237088,-0.03036731,-0.03750423,-0.00328769,-0.0000618328,0.0010874821,0.0003921238,-0.0000069490,0.0000001720,0.0008125624,2979.82574335,2983.25247034,2981.17876186,2979.98929189,2980.01051260,2982.43242823
eth4h:row14822:1720238400,2024-07-06 04:00:00,3004.69000000,-0.00972359,0.03985802,-0.00242917,-0.02945193,-0.03732241,-0.00346873,-0.0000432487,0.0010683432,0.0003909888,0.0000108760,0.0000037126,0.0008090370,3004.56005388,3007.90175552,3005.86502974,3004.72267914,3004.70115536,3007.12188911
eth4h:row14823:1720252800,2024-07-06 08:00:00,3005.65000000,-0.00960909,0.04058466,-0.00254067,-0.03050005,-0.03760118,-0.00295894,-0.0000410190,0.0010824930,0.0003888176,-0.0000095338,-0.0000017158,0.0008189641,3005.52671363,3008.90535663,3006.81887680,3005.62134473,3005.64484285,3008.11252772
eth4h:row14824:1720267200,2024-07-06 12:00:00,3020.00000000,-0.00802313,0.03831390,-0.00326371,-0.02862249,-0.03671045,-0.00379148,-0.0000101359,0.0010382749,0.0003747379,0.0000270276,0.0000156293,0.0008027523,3019.96938975,3023.13721845,3021.13192057,3020.08162446,3020.04720073,3022.42528524
eth4h:row14825:1720281600,2024-07-06 16:00:00,3058.21000000,-0.00847293,0.03893868,-0.00285165,-0.02959858,-0.03716920,-0.00379431,-0.0000188949,0.0010504410,0.0003827619,0.0000080204,0.0000066961,0.0008026972,3058.15221596,3061.42415709,3059.38079041,3058.23452830,3058.23047830,3060.66580198
eth4h:row14826:1720296000,2024-07-06 20:00:00,3066.83000000,-0.00908810,0.04017556,-0.00181802,-0.03092089,-0.03688691,-0.00299430,-0.0000308739,0.0010745267,0.0004028896,-0.0000177288,0.0000121931,0.0008182757,3066.73531644,3070.12716185,3068.06584276,3066.77562936,3066.86739436,3069.34053946
eth4h:row14827:1720310400,2024-07-07 00:00:00,3050.76000000,-0.00804353,0.03877152,-0.00242126,-0.02964115,-0.03648029,-0.00402835,-0.0000105331,0.0010471859,0.0003911428,0.0000071914,0.0000201112,0.0007981396,3050.72786610,3053.95638623,3051.95351635,3050.78193941,3050.82135504,3053.19590444
eth4h:row14828:1720324800,2024-07-07 04:00:00,3004.42000000,-0.00876571,0.04006398,-0.00165824,-0.03041301,-0.03620488,-0.00355298,-0.0000245961,0.0010723539,0.0004060009,-0.0000078390,0.0000254741,0.0008073966,3004.34610382,3007.64352965,3005.64004486,3004.39644852,3004.49653580,3006.84673795
eth4h:row14829:1720339200,2024-07-07 08:00:00,3015.51000000,-0.00867417,0.03949205,-0.00139322,-0.02970521,-0.03563745,-0.00372472,-0.0000228136,0.0010612167,0.0004111615,0.0000059440,0.0000365237,0.0008040522,3015.44120608,3018.71180817,3016.75011664,3015.52792425,3015.62013950,3017.93560260
eth4h:row14830:1720353600,2024-07-07 12:00:00,2970.99000000,-0.00885694,0.03995962,-0.00064406,-0.02921657,-0.03465129,-0.00308880,-0.0000263725,0.0010703216,0.0004257499,0.0000154592,0.0000557270,0.0008164354,2970.91164850,2974.17161711,2972.25516791,2971.03592945,2971.15556892,2973.41661200
eth4h:row14831:1720368000,2024-07-07 16:00:00,2985.19000000,-0.00877267,0.03854508,-0.00069753,-0.02727818,-0.03406591,-0.00322476,-0.0000247316,0.0010427765,0.0004247086,0.0000532051,0.0000671259,0.0008137880,2985.11617229,2988.30450965,2986.45810514,2985.34883156,2985.39039041,2987.62030041
eth4h:row14832:1720382400,2024-07-07 20:00:00,2931.00000000,-0.00950868,0.03956846,0.00027211,-0.02792646,-0.03349320,-0.00203481,-0.0000390639,0.0010627047,0.0004435903,0.0000405813,0.0000782783,0.0008369596,2930.88550595,2934.11644305,2932.30045148,2931.11894634,2931.22944254,2933.45415548
eth4h:row14833:1720396800,2024-07-08 00:00:00,2879.71000000,-0.00914314,0.03896178,-0.00015410,-0.02719257,-0.03289855,-0.00224730,-0.0000319458,0.0010508908,0.0004352909,0.0000548721,0.0000898577,0.0008328218,2879.61800687,2882.73785139,2880.96378436,2879.86802012,2879.96877573,2882.10928425
eth4h:row14834:1720411200,2024-07-08 04:00:00,2927.00000000,-0.00904967,0.03843195,-0.00061706,-0.02662016,-0.03264038,-0.00238424,-0.0000301256,0.0010405736,0.0004262757,0.0000660186,0.0000948851,0.0008301552,2926.91182380,2930.04734407,2928.24797481,2927.19324290,2927.27774199,2929.43087304
eth4h:row14835:1720425600,2024-07-08 08:00:00,3053.97000000,-0.00892660,0.03837160,-0.00088743,-0.02654397,-0.03266562,-0.00210882,-0.0000277291,0.0010393984,0.0004210107,0.0000675023,0.0000943936,0.0008355185,3053.88531743,3057.14594176,3055.25602475,3054.17615682,3054.25828883,3056.52271466
eth4h:row14836:1720440000,2024-07-08 12:00:00,2969.21000000,-0.00874341,0.03934277,-0.00120512,-0.02762246,-0.03292558,-0.00184914,-0.0000241617,0.0010583098,0.0004148245,0.0000465011,0.0000893313,0.0008405751,2969.13825958,2972.35400741,2970.44195646,2969.34807463,2969.47525533,2971.70689325
eth4h:row14837:1720454400,2024-07-08 16:00:00,3004.59000000,-0.00833264,0.03961975,-0.00155097,-0.02890621,-0.03334821,-0.00168948,-0.0000161630,0.0010637034,0.0004080898,0.0000215028,0.0000811016,0.0008436841,3004.54143728,3007.78769311,3005.81639280,3004.65460781,3004.83368690,3007.12599446
eth4h:row14838:1720468800,2024-07-08 20:00:00,3019.01000000,-0.00781500,0.03997389,-0.00163260,-0.03036482,-0.03381429,-0.00130672,-0.0000060831,0.0010705996,0.0004065001,-0.0000069006,0.0000720257,0.0008511376,3018.99163505,3022.24388159,3020.23747742,3018.98916717,3019.22745418,3021.58068691
eth4h:row14839:1720483200,2024-07-09 00:00:00,3064.45000000,-0.00714783,0.03924469,-0.00237046,-0.03024996,-0.03422654,-0.00257306,0.0000069086,0.0010563999,0.0003921320,-0.0000046640,0.0000639979,0.0008264783,3064.47117103,3067.68899525,3065.65190464,3064.43570757,3064.64612473,3066.98374834
eth4h:row14840:1720497600,2024-07-09 04:00:00,3061.93000000,-0.00744665,0.03922311,-0.00240786,-0.03045258,-0.03453407,-0.00289743,0.0000010898,0.0010559797,0.0003914037,-0.0000086094,0.0000580094,0.0008201619,3061.93333699,3065.16504384,3063.12868533,3061.90363882,3062.10762601,3064.44230853
eth4h:row14841:1720512000,2024-07-09 08:00:00,3083.47000000,-0.00838932,0.04019249,-0.00190497,-0.03164823,-0.03480280,-0.00275655,-0.0000172668,0.0010748563,0.0004011964,-0.0000318922,0.0000527766,0.0008229052,3083.41675888,3086.78606909,3084.70732538,3083.37166306,3083.63273922,3086.00844773
eth4h:row14842:1720526400,2024-07-09 12:00:00,3067.83000000,-0.00897588,0.04119245,-0.00126362,-0.03238466,-0.03499598,-0.00267161,-0.0000286887,0.0010943283,0.0004136853,-0.0000462325,0.0000490148,0.0008245593,3067.74198935,3071.18905093,3069.09937862,3067.68816969,3067.98037281,3070.36065089
eth4h:row14843:1720540800,2024-07-09 16:00:00,3068.99000000,-0.00925846,0.04139221,-0.00067455,-0.03179293,-0.03450350,-0.00278891,-0.0000341914,0.0010982183,0.0004251562,-0.0000347100,0.0000586049,0.0008222752,3068.88506874,3072.36227249,3070.29507749,3068.88347728,3069.16986302,3071.51459225
eth4h:row14844:1720555200,2024-07-09 20:00:00,3066.65000000,-0.00918724,0.04126970,-0.00042934,-0.03168086,-0.03512219,-0.00261145,-0.0000328044,0.0010958326,0.0004299312,-0.0000325276,0.0000465571,0.0008257308,3066.54940205,3070.01237692,3067.96873194,3066.55025079,3066.79277764,3069.18327321
eth4h:row14845:1720569600,2024-07-10 00:00:00,3080.00000000,-0.00955422,0.04184935,-0.00005383,-0.03170251,-0.03558344,-0.00242728,-0.0000399507,0.0011071201,0.0004372434,-0.0000329492,0.0000375752,0.0008293172,3079.87695446,3083.41181822,3081.34700420,3079.89851802,3080.11573391,3082.55535632
eth4h:row14846:1720584000,2024-07-10 04:00:00,3097.08000000,-0.00995393,0.04221503,0.00037871,-0.03142269,-0.03544766,-0.00223279,-0.0000477341,0.0011142408,0.0004456661,-0.0000275002,0.0000402192,0.0008331043,3096.93216716,3100.53281625,3098.46057126,3096.99483093,3097.20456473,3099.66126572
eth4h:row14847:1720598400,2024-07-10 08:00:00,3102.22000000,-0.01041760,0.04279003,0.00055635,-0.03152939,-0.03545726,-0.00197073,-0.0000567630,0.0011254378,0.0004491252,-0.0000295781,0.0000400324,0.0008382073,3102.04391375,3105.71332112,3103.61359816,3102.12824369,3102.34419174,3104.82139364
eth4h:row14848:1720612800,2024-07-10 12:00:00,3122.76000000,-0.01170507,0.04411659,0.00121442,-0.03283061,-0.03613148,-0.00141536,-0.0000818338,0.0011512697,0.0004619398,-0.0000549164,0.0000269034,0.0008490220,3122.50446321,3126.35720936,3124.20286023,3122.58851397,3122.84401412,3125.41241786
eth4h:row14849:1720627200,2024-07-10 16:00:00,3107.03000000,-0.01179191,0.04454280,0.00152591,-0.03312128,-0.03563560,-0.00112771,-0.0000835249,0.0011595691,0.0004680053,-0.0000605767,0.0000365597,0.0008546234,3106.77049654,3110.63490570,3108.48444677,3106.84179206,3107.14359401,3109.68647563
eth4h:row14850:1720641600,2024-07-10 20:00:00,3101.05000000,-0.01106836,0.04423896,0.00082403,-0.03310783,-0.03477670,-0.00123836,-0.0000694352,0.0011536526,0.0004543378,-0.0000603147,0.0000532849,0.0008524688,3100.83468547,3104.62959878,3102.45924433,3100.86296679,3101.21524363,3103.69467544
eth4h:row14851:1720656000,2024-07-11 00:00:00,3077.20000000,-0.01012693,0.04349194,-0.00013719,-0.03268657,-0.03419907,-0.00166390,-0.0000511030,0.0011391059,0.0004356201,-0.0000521116,0.0000645330,0.0008441823,3077.04274998,3080.70725385,3078.54078211,3077.03964625,3077.39858735,3079.79881462
eth4h:row14852:1720670400,2024-07-11 04:00:00,3118.22000000,-0.01013201,0.04251421,-0.00030379,-0.03176611,-0.03414426,-0.00189412,-0.0000512019,0.0011200668,0.0004323759,-0.0000341877,0.0000656002,0.0008396992,3118.06034526,3121.71457146,3119.56853455,3118.11339713,3118.42456268,3120.83946655
eth4h:row14853:1720684800,2024-07-11 08:00:00,3147.04000000,-0.01011740,0.04220817,-0.00065908,-0.03173066,-0.03418184,-0.00187372,-0.0000509173,0.0011141073,0.0004254574,-0.0000334974,0.0000648684,0.0008400965,3146.87976544,3150.54809422,3148.37921626,3146.93458422,3147.24415017,3149.68492802
eth4h:row14854:1720699200,2024-07-11 12:00:00,3117.95000000,-0.00996087,0.04167534,-0.00137887,-0.03175751,-0.03478346,-0.00241339,-0.0000478693,0.0011037315,0.0004114410,-0.0000340202,0.0000531532,0.0008295876,3117.80074939,3121.39327958,3119.23311630,3117.84392838,3118.11573340,3120.53768586
eth4h:row14855:1720713600,2024-07-11 16:00:00,3107.11000000,-0.00964172,0.04078782,-0.00182162,-0.03178724,-0.03591106,-0.00285965,-0.0000416545,0.0010864491,0.0004028195,-0.0000345991,0.0000311956,0.0008208977,3106.98057753,3110.48755137,3108.36185660,3107.00249855,3107.20692969,3109.66166648
eth4h:row14856:1720728000,2024-07-11 20:00:00,3099.57000000,-0.00923653,0.04002971,-0.00268066,-0.03124365,-0.03629900,-0.00387065,-0.0000337643,0.0010716865,0.0003860915,-0.0000240138,0.0000236414,0.0008012105,3099.46534705,3102.89354803,3100.76694855,3099.49556842,3099.64327896,3102.05440311
eth4h:row14857:1720742400,2024-07-12 00:00:00,3085.74000000,-0.00946090,0.04017747,-0.00314629,-0.03126056,-0.03748665,-0.00462114,-0.0000381333,0.0010745638,0.0003770244,-0.0000243431,0.0000005144,0.0007865965,3085.62233271,3089.05760681,3086.90361873,3085.66488429,3085.74158734,3088.16818705
eth4h:row14858:1720756800,2024-07-12 04:00:00,3072.30000000,-0.01171668,0.04268620,-0.00244133,-0.03394122,-0.03981534,-0.00412886,-0.0000820598,0.0011234159,0.0003907520,-0.0000765432,-0.0000448319,0.0007961825,3072.04789796,3075.75341022,3073.50074192,3072.06484534,3072.16226613,3074.74708538
eth4h:row14859:1720771200,2024-07-12 08:00:00,3070.00000000,-0.01286152,0.04381017,-0.00185619,-0.03486229,-0.04011489,-0.00360390,-0.0001043531,0.0011453027,0.0004021463,-0.0000944791,-0.0000506648,0.0008064049,3069.67965260,3073.51809361,3071.23483743,3069.70996300,3069.84446292,3072.47666158
eth4h:row14860:1720785600,2024-07-12 12:00:00,3131.34000000,-0.01304606,0.04326279,-0.00212290,-0.03424908,-0.04018024,-0.00438226,-0.0001079466,0.0011346437,0.0003969526,-0.0000825381,-0.0000519375,0.0007912480,3131.00200083,3134.89497161,3132.58324026,3131.08155592,3131.17737024,3133.81864700
eth4h:row14861:1720800000,2024-07-12 16:00:00,3116.10000000,-0.01409316,0.04410524,-0.00184947,-0.03503327,-0.04068375,-0.00437256,-0.0001283367,0.0011510486,0.0004022772,-0.0000978084,-0.0000617423,0.0007914369,3115.70011576,3119.68884770,3117.35378806,3115.79523402,3115.90761083,3118.56717271
eth4h:row14862:1720814400,2024-07-12 20:00:00,3133.88000000,-0.01441142,0.04506288,-0.00188541,-0.03617984,-0.04163832,-0.00428012,-0.0001345341,0.0011696966,0.0004015773,-0.0001201354,-0.0000803304,0.0007932371,3133.45841471,3137.54783336,3135.13874775,3133.50353265,3133.62826417,3136.36689611
eth4h:row14863:1720828800,2024-07-13 00:00:00,3120.94000000,-0.01441893,0.04597927,-0.00187895,-0.03711339,-0.04228190,-0.00399033,-0.0001346803,0.0011875413,0.0004017031,-0.0001383144,-0.0000928628,0.0007988800,3120.51969910,3124.64844669,3122.19394303,3120.50835881,3120.65019427,3123.43425271
eth4h:row14864:1720843200,2024-07-13 04:00:00,3140.21000000,-0.01409814,0.04591087,-0.00183530,-0.03665599,-0.04204328,-0.00390875,-0.0001284336,0.0011862094,0.0004025530,-0.0001294074,-0.0000882160,0.0008004687,3139.80671747,3143.93715688,3141.47435535,3139.80365976,3139.93299533,3142.72464603
eth4h:row14865:1720857600,2024-07-13 08:00:00,3156.84000000,-0.01395194,0.04570828,-0.00171933,-0.03693200,-0.04239357,-0.00352292,-0.0001255867,0.0011822643,0.0004048114,-0.0001347822,-0.0000950373,0.0008079818,3156.44356762,3160.57442637,3158.11818336,3156.41454277,3156.53999669,3159.39170012
eth4h:row14866:1720872000,2024-07-13 12:00:00,3154.87000000,-0.01422119,0.04561619,-0.00130935,-0.03672234,-0.04209123,-0.00343639,-0.0001308298,0.0011804711,0.0004127949,-0.0001306996,-0.0000891498,0.0008096668,3154.45727601,3158.59643181,3156.17258304,3154.45768684,3154.58875651,3157.42542803
eth4h:row14867:1720886400,2024-07-13 16:00:00,3163.75000000,-0.01427992,0.04558832,-0.00115612,-0.03668943,-0.04163752,-0.00353431,-0.0001319733,0.0011799285,0.0004157787,-0.0001300586,-0.0000803148,0.0008077600,3163.33249688,3167.48520186,3165.06569331,3163.33855394,3163.49591436,3166.30658314
eth4h:row14868:1720900800,2024-07-13 20:00:00,3175.93000000,-0.01370302,0.04495014,-0.00158031,-0.03607002,-0.04109538,-0.00423466,-0.0001207395,0.0011675011,0.0004075185,-0.0001179969,-0.0000697579,0.0007941223,3175.54656297,3179.64006725,3177.22451390,3175.55527229,3175.70846159,3178.45307839
eth4h:row14869:1720915200,2024-07-14 00:00:00,3172.75000000,-0.01426569,0.04645980,-0.00125090,-0.03735323,-0.04136098,-0.00407695,-0.0001316962,0.0011968986,0.0004139329,-0.0001429847,-0.0000749298,0.0007971934,3172.33218829,3176.54973365,3174.06357754,3172.29637777,3172.51227529,3175.28030379
eth4h:row14870:1720929600,2024-07-14 04:00:00,3195.40000000,-0.01357965,0.04555441,-0.00113905,-0.03604719,-0.04059485,-0.00379130,-0.0001183372,0.0011792680,0.0004161111,-0.0001175523,-0.0000600111,0.0008027558,3195.02188771,3199.17045584,3196.72991800,3195.02439534,3195.20824617,3197.96615565
eth4h:row14871:1720944000,2024-07-14 08:00:00,3202.84000000,-0.01310900,0.04526136,-0.00077047,-0.03534501,-0.03985155,-0.00324736,-0.0001091722,0.0011735616,0.0004232884,-0.0001038790,-0.0000455370,0.0008133478,3202.49035787,3206.60093643,3204.19601191,3202.50730932,3202.69415566,3205.44608246
eth4h:row14872:1720958400,2024-07-14 12:00:00,3190.48000000,-0.01192945,0.04379985,-0.00098287,-0.03375716,-0.03869901,-0.00325077,-0.0000862031,0.0011451019,0.0004191523,-0.0000729590,-0.0000230937,0.0008132815,3190.20498250,3194.13551736,3191.81757740,3190.24723413,3190.40632102,3193.07581368
eth4h:row14873:1720972800,2024-07-14 16:00:00,3190.90000000,-0.01147680,0.04185186,-0.00113131,-0.03149473,-0.03806937,-0.00368098,-0.0000773887,0.0011071689,0.0004162617,-0.0000289031,-0.0000108329,0.0008049040,3190.65306997,3194.43482155,3192.22852585,3190.80777432,3190.86543350,3193.46940219
eth4h:row14874:1720987200,2024-07-14 20:00:00,3245.08000000,-0.01147754,0.04163281,-0.00137442,-0.03114095,-0.03780863,-0.00402715,-0.0000774032,0.0011029034,0.0004115277,-0.0000220140,-0.0000057555,0.0007981630,3244.82883013,3248.66098409,3246.41571521,3245.00856370,3245.06132287,3247.67113670
eth4h:row14875:1721001600,2024-07-15 00:00:00,3329.37000000,-0.01166508,0.04209832,-0.00158812,-0.03160873,-0.03783811,-0.00416563,-0.0000810550,0.0011119682,0.0004073663,-0.0000311229,-0.0000063295,0.0007954665,3329.10014896,3333.07421277,3330.72654936,3329.26638190,3329.34892685,3332.01945582
eth4h:row14876:1721016000,2024-07-15 04:00:00,3355.95000000,-0.01149635,0.04235882,-0.00149068,-0.03225459,-0.03778113,-0.00371217,-0.0000777694,0.0011170409,0.0004092638,-0.0000436997,-0.0000052199,0.0008042966,3355.68901994,3359.70082808,3357.32375006,3355.80334930,3355.93248236,3358.65026481
eth4h:row14877:1721030400,2024-07-15 08:00:00,3339.68000000,-0.01132223,0.04353771,-0.00106962,-0.03360140,-0.03766302,-0.00272957,-0.0000743788,0.0011399973,0.0004174630,-0.0000699259,-0.0000029200,0.0008234307,3339.43160790,3343.48939709,3341.07448376,3339.44647798,3339.67024809,3342.43112747
eth4h:row14878:1721044800,2024-07-15 12:00:00,3367.83000000,-0.00992124,0.04204843,-0.00155860,-0.03203375,-0.03711850,-0.00343534,-0.0000470975,0.0011109967,0.0004079412,-0.0000393994,0.0000076833,0.0008096873,3367.67138741,3371.57372743,3369.20415704,3367.69731220,3367.85587615,3370.55799345
eth4h:row14879:1721059200,2024-07-15 16:00:00,3406.00000000,-0.00868034,0.04042361,-0.00194533,-0.03121961,-0.03657071,-0.00348209,-0.0000229338,0.0010793568,0.0004004104,-0.0000235458,0.0000183505,0.0008087769,3405.92188854,3409.67827412,3407.36407081,3405.91980407,3406.06250221,3408.75580839
eth4h:row14880:1721073600,2024-07-15 20:00:00,3483.39000000,-0.00845966,0.03990112,-0.00203610,-0.03111513,-0.03666750,-0.00365904,-0.0000186364,0.0010691824,0.0003986430,-0.0000215111,0.0000164655,0.0008053313,3483.32508288,3487.11637097,3484.77890573,3483.31506923,3483.44735631,3486.19641290
eth4h:row14881:1721088000,2024-07-16 00:00:00,3469.51000000,-0.00859512,0.03934962,-0.00212552,-0.03051056,-0.03629098,-0.00426279,-0.0000212743,0.0010584433,0.0003969017,-0.0000097384,0.0000237975,0.0007935744,3469.43618945,3473.18422366,3470.88732761,3469.47621264,3469.59256659,3472.26440717
eth4h:row14882:1721102400,2024-07-16 04:00:00,3376.80000000,-0.00894959,0.03976647,-0.00182340,-0.03047740,-0.03570012,-0.00459429,-0.0000281768,0.0010665604,0.0004027848,-0.0000090928,0.0000353032,0.0007871193,3376.70485393,3380.40348259,3378.16039773,3376.76929560,3376.91921403,3379.45899095
eth4h:row14883:1721116800,2024-07-16 08:00:00,3419.79000000,-0.01023696,0.04156149,-0.00111079,-0.03211575,-0.03642464,-0.00419792,-0.0000532456,0.0011015146,0.0004166612,-0.0000409962,0.0000211947,0.0007948377,3419.60791620,3423.55902419,3421.21519080,3419.64980457,3419.86248212,3422.50925845
eth4h:row14884:1721131200,2024-07-16 12:00:00,3476.25000000,-0.01019107,0.04198507,-0.00075617,-0.03268878,-0.03654052,-0.00365954,-0.0000523518,0.0011097630,0.0004235668,-0.0000521546,0.0000189383,0.0008053216,3476.06801666,3480.10995489,3477.72273594,3476.06870236,3476.31583500,3479.05062670
eth4h:row14885:1721145600,2024-07-16 16:00:00,3474.40000000,-0.00919083,0.04023994,-0.00127089,-0.03057940,-0.03605840,-0.00413996,-0.0000328743,0.0010757802,0.0004135438,-0.0000110790,0.0000283264,0.0007959663,3474.28578332,3478.13970201,3475.83711375,3474.36150737,3474.49841873,3477.16660615
eth4h:row14886:1721160000,2024-07-16 20:00:00,3444.13000000,-0.00806488,0.03865603,-0.00196530,-0.02908741,-0.03538222,-0.00454901,-0.0000109489,0.0010449371,0.0004000216,0.0000179744,0.0000414937,0.0007880010,3444.09229061,3447.73078024,3445.50800182,3444.19190660,3444.27291254,3446.84504755
eth4h:row14887:1721174400,2024-07-17 00:00:00,3480.25000000,-0.00862962,0.03918947,-0.00157211,-0.02946423,-0.03568760,-0.00423034,-0.0000219460,0.0010553245,0.0004076782,0.0000106366,0.0000355470,0.0007942064,3480.17362320,3483.92473194,3481.66911135,3480.28701821,3480.37371452,3483.01513475
eth4h:row14888:1721188800,2024-07-17 04:00:00,3486.22000000,-0.00966357,0.04045165,-0.00084713,-0.03068044,-0.03642336,-0.00366823,-0.0000420799,0.0010799029,0.0004217955,-0.0000130466,0.0000212196,0.0008051523,3486.07330329,3489.98681273,3487.69078193,3486.17451691,3486.29397709,3489.02806825
eth4h:row14889:1721203200,2024-07-17 08:00:00,3449.03000000,-0.00962052,0.04046492,-0.00122076,-0.03090410,-0.03644664,-0.00383602,-0.0000412416,0.0010801612,0.0004145199,-0.0000174017,0.0000207664,0.0008018850,3448.88775939,3452.75752112,3450.45998805,3448.96998137,3449.10162465,3451.79683454
eth4h:row14890:1721217600,2024-07-17 12:00:00,3437.17000000,-0.00975917,0.04056219,-0.00173729,-0.03155812,-0.03667716,-0.00415776,-0.0000439416,0.0010820554,0.0004044616,-0.0000301375,0.0000162775,0.0007956198,3437.01896850,3440.89122128,3438.56048430,3437.06641382,3437.22594897,3439.90576874
eth4h:row14891:1721232000,2024-07-17 16:00:00,3416.79000000,-0.01014894,0.04114337,-0.00197860,-0.03238850,-0.03668577,-0.00422295,-0.0000515315,0.0010933725,0.0003997626,-0.0000463074,0.0000161098,0.0007943503,3416.61393208,3420.52786739,3418.15617783,3416.63178098,3416.84504416,3419.50520654
eth4h:row14892:1721246400,2024-07-17 20:00:00,3387.05000000,-0.00979513,0.04073180,-0.00214248,-0.03125302,-0.03583155,-0.00449019,-0.0000446418,0.0010853581,0.0003965715,-0.0000241963,0.0000327439,0.0007891465,3386.89879938,3390.72815782,3388.39347372,3386.96804684,3387.16090718,3389.72393344
eth4h:row14893:1721260800,2024-07-18 00:00:00,3431.40000000,-0.00894751,0.03896261,-0.00275267,-0.03004658,-0.03569729,-0.00479172,-0.0000281362,0.0010509070,0.0003846892,-0.0000007035,0.0000353584,0.0007832748,3431.30345489,3435.00797789,3432.72027653,3431.39758616,3431.52133080,3434.08878193
eth4h:row14894:1721275200,2024-07-18 04:00:00,3433.00000000,-0.00905545,0.03848780,-0.00286324,-0.02995227,-0.03631679,-0.00474985,-0.0000302381,0.0010416611,0.0003825362,0.0000011330,0.0000232949,0.0007840901,3432.89619400,3436.57788578,3434.31349791,3433.00388965,3433.07997237,3435.69283702
eth4h:row14895:1721289600,2024-07-18 08:00:00,3458.83000000,-0.00883733,0.03781793,-0.00351430,-0.02928032,-0.03643794,-0.00540414,-0.0000259907,0.0010286169,0.0003698582,0.0000142178,0.0000209358,0.0007713492,3458.74010385,3462.38964148,3460.10951310,3458.87917747,3458.90241430,3461.49899483
eth4h:row14896:1721304000,2024-07-18 12:00:00,3389.28000000,-0.00855035,0.03702611,-0.00447962,-0.02880609,-0.03708369,-0.00651892,-0.0000204023,0.0010131980,0.0003510606,0.0000234524,0.0000083611,0.0007496413,3389.21085151,3392.71575187,3390.47005170,3389.35948783,3389.30833833,3391.82169669
eth4h:row14897:1721318400,2024-07-18 16:00:00,3405.60000000,-0.00979678,0.03870419,-0.00412403,-0.03044161,-0.03852735,-0.00631743,-0.0000446740,0.0010458749,0.0003579851,-0.0000083958,-0.0000197509,0.0007535648,3405.44786161,3409.16369496,3406.81937219,3405.57140736,3405.53273694,3408.16730736
eth4h:row14898:1721332800,2024-07-18 20:00:00,3426.50000000,-0.01029061,0.03887821,-0.00418573,-0.03105309,-0.03942714,-0.00643880,-0.0000542902,0.0010492635,0.0003567835,-0.0000203031,-0.0000372724,0.0007512013,3426.31397979,3430.09718833,3427.72273672,3426.43043200,3426.37228844,3429.07495845
eth4h:row14899:1721347200,2024-07-19 00:00:00,3429.59000000,-0.01112987,0.04037438,-0.00374951,-0.03214129,-0.04000074,-0.00601472,-0.0000706330,0.0010783981,0.0003652779,-0.0000414935,-0.0000484421,0.0007594595,3429.34776630,3433.29045834,3430.84298212,3429.44769718,3429.42386734,3432.19562410
eth4h:row14900:1721361600,2024-07-19 04:00:00,3391.59000000,-0.01164949,0.04131050,-0.00362207,-0.03330095,-0.04049850,-0.00581075,-0.0000807515,0.0010966271,0.0003677597,-0.0000640753,-0.0000581349,0.0007634313,3391.31613524,3395.31134944,3392.83751938,3391.37268995,3391.39283595,3394.18023472
eth4h:row14901:1721376000,2024-07-19 08:00:00,3404.54000000,-0.01185055,0.04084081,-0.00377734,-0.03304442,-0.04060084,-0.00625807,-0.0000846667,0.0010874810,0.0003647361,-0.0000590800,-0.0000601278,0.0007547208,3404.25176108,3408.24438628,3405.78198518,3404.33886565,3404.33529871,3407.11044699
eth4h:row14902:1721390400,2024-07-19 12:00:00,3465.00000000,-0.01200388,0.04152221,-0.00348825,-0.03348223,-0.04056744,-0.00611634,-0.0000876525,0.0011007498,0.0003703654,-0.0000676054,-0.0000594772,0.0007574806,3464.69629734,3468.81619786,3466.28355369,3464.76575506,3464.79391754,3467.62566453
eth4h:row14903:1721404800,2024-07-19 16:00:00,3522.97000000,-0.01149251,0.04151971,-0.00367029,-0.03372037,-0.04055569,-0.00629848,-0.0000776945,0.0011007010,0.0003668207,-0.0000722426,-0.0000592486,0.0007539339,3522.69629512,3526.84987153,3524.26253531,3522.71550062,3522.76127523,3525.62708787
eth4h:row14904:1721419200,2024-07-19 20:00:00,3503.53000000,-0.01175028,0.04260910,-0.00316212,-0.03505717,-0.04138914,-0.00581763,-0.0000827141,0.0011219146,0.0003767161,-0.0000982739,-0.0000754782,0.0007632973,3503.24022049,3507.46286724,3504.85008491,3503.18571146,3503.26556968,3506.20525582
eth4h:row14905:1721433600,2024-07-20 00:00:00,3495.01000000,-0.01171587,0.04361743,-0.00237361,-0.03534242,-0.04100660,-0.00495999,-0.0000820442,0.0011415497,0.0003920707,-0.0001038286,-0.0000680291,0.0007799980,3494.72326664,3499.00200568,3496.38055953,3494.64713700,3494.77224586,3497.73716443
eth4h:row14906:1721448000,2024-07-20 04:00:00,3487.40000000,-0.01131251,0.04281298,-0.00240290,-0.03450201,-0.04061738,-0.00545959,-0.0000741896,0.0011258847,0.0003915003,-0.0000874634,-0.0000604499,0.0007702694,3487.14128081,3491.32862142,3488.76558556,3487.09499356,3487.18919350,3490.08727248
eth4h:row14907:1721462400,2024-07-20 08:00:00,3484.81000000,-0.01117797,0.04253338,-0.00212195,-0.03447990,-0.04021580,-0.00530396,-0.0000715697,0.0011204400,0.0003969712,-0.0000870328,-0.0000526298,0.0007733000,3484.56060223,3488.71670863,3486.19364368,3484.50672055,3484.62659982,3487.50584563
eth4h:row14908:1721476800,2024-07-20 12:00:00,3503.72000000,-0.01180719,0.04279957,-0.00159829,-0.03423245,-0.03986732,-0.00496327,-0.0000838223,0.0011256235,0.0004071684,-0.0000822142,-0.0000458440,0.0007799342,3503.42632244,3507.66609017,3505.14689449,3503.43195617,3503.55937922,3506.45373702
eth4h:row14909:1721491200,2024-07-20 16:00:00,3514.45000000,-0.01164038,0.04241434,-0.00145172,-0.03329770,-0.03875200,-0.00517845,-0.0000805742,0.0011181221,0.0004100225,-0.0000640120,-0.0000241255,0.0007757440,3514.16683755,3518.38178195,3515.89129896,3514.22504021,3514.36521320,3517.17737137
eth4h:row14910:1721505600,2024-07-20 20:00:00,3517.50000000,-0.01124676,0.04192889,-0.00166004,-0.03267993,-0.03796268,-0.00539735,-0.0000729091,0.0011086690,0.0004059659,-0.0000519822,-0.0000087553,0.0007714815,3517.24355165,3521.40190584,3518.92827506,3517.31715729,3517.46920339,3520.21473313
eth4h:row14911:1721520000,2024-07-21 00:00:00,3510.47000000,-0.01078621,0.04187036,-0.00152298,-0.03222526,-0.03743566,-0.00483989,-0.0000639409,0.0011075292,0.0004086347,-0.0000431286,0.0000015074,0.0007823368,3510.24554469,3514.36010198,3511.90479316,3510.31860154,3510.47529156,3513.21744444
eth4h:row14912:1721534400,2024-07-21 04:00:00,3485.01000000,-0.00983807,0.04068304,-0.00164632,-0.03092816,-0.03699813,-0.00447745,-0.0000454781,0.0010844087,0.0004062330,-0.0000178704,0.0000100273,0.0007893944,3484.85151211,3488.79122485,3486.42601377,3484.94772214,3485.04494533,3487.76213353
eth4h:row14913:1721548800,2024-07-21 08:00:00,3498.79000000,-0.00793347,0.03762410,-0.00263473,-0.02782738,-0.03534732,-0.00519650,-0.0000083900,0.0010248424,0.0003869859,0.0000425107,0.0000421732,0.0007753925,3498.76064543,3502.37754639,3500.14424442,3498.93873908,3498.93755842,3501.50398760
eth4h:row14914:1721563200,2024-07-21 12:00:00,3499.95000000,-0.00780159,0.03707100,-0.00314351,-0.02731004,-0.03521011,-0.00542876,-0.0000058220,0.0010140720,0.0003770786,0.0000525847,0.0000448451,0.0007708697,3499.92962346,3503.50100132,3501.27000494,3500.13404874,3500.10695915,3502.64904542
eth4h:row14915:1721577600,2024-07-21 16:00:00,3490.72000000,-0.00815429,0.03688780,-0.00310828,-0.02725929,-0.03526575,-0.00529101,-0.0000126900,0.0010105046,0.0003777645,0.0000535730,0.0000437616,0.0007735521,3490.67570320,3494.24917155,3492.03891923,3490.90701347,3490.87276290,3493.42129849
eth4h:row14916:1721592000,2024-07-21 20:00:00,3535.92000000,-0.00811695,0.03610677,-0.00371930,-0.02689994,-0.03521905,-0.00591920,-0.0000119628,0.0009952958,0.0003658662,0.0000605704,0.0000446710,0.0007613195,3535.87770077,3539.44103817,3537.21391021,3536.13417869,3536.07795663,3538.61298984
eth4h:row14917:1721606400,2024-07-22 00:00:00,3517.33000000,-0.00774483,0.03640715,-0.00418030,-0.02739720,-0.03485144,-0.00598096,-0.0000047167,0.0010011450,0.0003568892,0.0000508875,0.0000518294,0.0007601169,3517.31340978,3520.85312054,3518.58552129,3517.50899279,3517.51230599,3520.00459835
eth4h:row14918:1721620800,2024-07-22 04:00:00,3478.89000000,-0.00823070,0.03803108,-0.00425575,-0.02914121,-0.03614996,-0.00590505,-0.0000141779,0.0010327675,0.0003554200,0.0000169266,0.0000265436,0.0007615950,3478.84067687,3482.48474039,3480.12668679,3478.94888616,3478.98234361,3481.54051447
eth4h:row14919:1721635200,2024-07-22 08:00:00,3500.31000000,-0.00744955,0.03770200,-0.00442665,-0.02928204,-0.03603408,-0.00572259,0.0000010332,0.0010263594,0.0003520922,0.0000141842,0.0000288000,0.0007651480,3500.31361669,3503.90442036,3501.54264881,3500.35964941,3500.41081031,3502.98928001
eth4h:row14920:1721649600,2024-07-22 12:00:00,3457.15000000,-0.00610629,0.03508038,-0.00533038,-0.02713124,-0.03582365,-0.00664847,0.0000271904,0.0009753090,0.0003344939,0.0000560664,0.0000328977,0.0007471185,3457.24400269,3460.52343433,3458.30658916,3457.34383555,3457.26373426,3459.73386596
eth4h:row14921:1721664000,2024-07-22 16:00:00,3498.14000000,-0.00740497,0.03590740,-0.00498849,-0.02799020,-0.03695620,-0.00665835,0.0000019014,0.0009914133,0.0003411516,0.0000393400,0.0000108438,0.0007469262,3498.14665147,3501.60982233,3499.33359949,3498.27761956,3498.17793337,3500.75382832
eth4h:row14922:1721678400,2024-07-22 20:00:00,3439.60000000,-0.00872016,0.03743754,-0.00429403,-0.02944073,-0.03782771,-0.00644733,-0.0000237091,0.0010212095,0.0003546747,0.0000110942,-0.0000061270,0.0007510354,3439.51845121,3443.11434636,3440.82015542,3439.63815979,3439.57892580,3442.18423156
eth4h:row14923:1721692800,2024-07-23 00:00:00,3474.99000000,-0.00935876,0.03789509,-0.00423724,-0.02945643,-0.03792123,-0.00684572,-0.0000361445,0.0010301194,0.0003557804,0.0000107884,-0.0000079480,0.0007432774,3474.86440043,3478.57149899,3476.22655319,3475.02748962,3474.96238073,3477.57384181
eth4h:row14924:1721707200,2024-07-23 04:00:00,3454.84000000,-0.00932065,0.03770006,-0.00454172,-0.02934281,-0.03800163,-0.00756722,-0.0000354023,0.0010263217,0.0003498514,0.0000130009,-0.0000095138,0.0007292279,3454.71769299,3458.38759739,3456.04889197,3454.88491627,3454.80713152,3457.36028469
eth4h:row14925:1721721600,2024-07-23 08:00:00,3516.00000000,-0.01036415,0.03995625,-0.00398202,-0.03166073,-0.03930730,-0.00689065,-0.0000557221,0.0010702560,0.0003607504,-0.0000321356,-0.0000349389,0.0007424026,3515.80408639,3519.76503455,3517.26862711,3515.88701302,3515.87715702,3518.61125667
eth4h:row14926:1721736000,2024-07-23 12:00:00,3454.38000000,-0.01059894,0.04111124,-0.00317147,-0.03298220,-0.03956781,-0.00575651,-0.0000602943,0.0010927469,0.0003765341,-0.0000578683,-0.0000400116,0.0007644876,3454.17172677,3458.15682631,3455.68093661,3454.18010676,3454.24178749,3457.02184022
eth4h:row14927:1721750400,2024-07-23 16:00:00,3457.03000000,-0.01031876,0.04125736,-0.00302328,-0.03255537,-0.03958503,-0.00557492,-0.0000548383,0.0010955923,0.0003794196,-0.0000495567,-0.0000403470,0.0007680237,3456.84042756,3460.81957103,3458.34191390,3456.85868522,3456.89052190,3459.68610077
eth4h:row14928:1721764800,2024-07-23 20:00:00,3482.51000000,-0.00964564,0.04005507,-0.00276548,-0.03123873,-0.03881819,-0.00569596,-0.0000417308,0.0010721804,0.0003844398,-0.0000239181,-0.0000254144,0.0007656667,3482.36467500,3486.24588139,3483.84907291,3482.42670615,3482.42149517,3485.17746284
eth4h:row14929:1721779200,2024-07-24 00:00:00,3448.36000000,-0.01000683,0.04065151,-0.00257097,-0.03221102,-0.03923924,-0.00554286,-0.0000487642,0.0010837947,0.0003882275,-0.0000428512,-0.0000336134,0.0007686480,3448.19184755,3452.09934014,3449.69900819,3448.21223674,3448.24409085,3451.01159390
eth4h:row14930:1721793600,2024-07-24 04:00:00,3446.69000000,-0.01014556,0.04063717,-0.00245389,-0.03195628,-0.03852994,-0.00575045,-0.0000514657,0.0010835155,0.0003905074,-0.0000378908,-0.0000198014,0.0007646055,3446.51261834,3450.42656607,3448.03622072,3446.55940464,3446.62175137,3449.32636592
eth4h:row14931:1721808000,2024-07-24 08:00:00,3459.63000000,-0.01060440,0.04135639,-0.00231912,-0.03252114,-0.03819767,-0.00586634,-0.0000604005,0.0010975208,0.0003931318,-0.0000488902,-0.0000133312,0.0007623489,3459.42104284,3463.42910019,3460.99035796,3459.46086216,3459.58387914,3462.26845061
eth4h:row14932:1721822400,2024-07-24 12:00:00,3414.87000000,-0.01077385,0.04188771,-0.00201110,-0.03240020,-0.03739724,-0.00542671,-0.0000637003,0.0011078670,0.0003991297,-0.0000465352,0.0000022554,0.0007709097,3414.65247864,3418.65531820,3416.23324814,3414.71109207,3414.87770197,3417.50357139
eth4h:row14933:1721836800,2024-07-24 16:00:00,3363.00000000,-0.01053861,0.04141525,-0.00187243,-0.03137444,-0.03664429,-0.00525909,-0.0000591194,0.0010986669,0.0004018300,-0.0000265606,0.0000169176,0.0007741738,3362.80118722,3366.69684732,3364.35162591,3362.91067785,3363.05689438,3365.60455453
eth4h:row14934:1721851200,2024-07-24 20:00:00,3335.81000000,-0.00959633,0.03970120,-0.00206673,-0.02986718,-0.03606398,-0.00510792,-0.0000407707,0.0010652895,0.0003980464,0.0000027899,0.0000282179,0.0007771174,3335.67399958,3339.36549684,3337.13807139,3335.81930651,3335.90413089,3338.40332354
eth4h:row14935:1721865600,2024-07-25 00:00:00,3168.30000000,-0.00782873,0.03702194,-0.00306256,-0.02744986,-0.03526340,-0.00572662,-0.0000063504,0.0010131167,0.0003786549,0.0000498621,0.0000438075,0.0007650696,3168.27988020,3171.51148424,3169.49991945,3168.45798196,3168.43879823,3170.72489761
eth4h:row14936:1721880000,2024-07-25 04:00:00,3171.84000000,-0.00702313,0.03500528,-0.00436811,-0.02559942,-0.03490681,-0.00667069,0.0000093370,0.0009738466,0.0003532320,0.0000858954,0.0000507512,0.0007466858,3171.86961555,3174.93039000,3172.96059320,3172.11245823,3172.00097872,3174.20925217
eth4h:row14937:1721894400,2024-07-25 08:00:00,3172.50000000,-0.00809692,0.03583128,-0.00446447,-0.02574250,-0.03585831,-0.00682225,-0.0000115728,0.0009899311,0.0003513556,0.0000831092,0.0000322228,0.0007437346,3172.46328548,3175.64211154,3173.61487149,3172.76367498,3172.60222848,3174.86037566
eth4h:row14938:1721908800,2024-07-25 12:00:00,3142.28000000,-0.01012906,0.03800411,-0.00407445,-0.02792616,-0.03714518,-0.00603948,-0.0000511445,0.0010322423,0.0003589505,0.0000405871,0.0000071639,0.0007589773,3142.11929390,3145.52526891,3143.40812530,3142.40753877,3142.30251106,3144.66582436
eth4h:row14939:1721923200,2024-07-25 16:00:00,3123.88000000,-0.01069771,0.03823818,-0.00415907,-0.02819258,-0.03711606,-0.00591691,-0.0000622176,0.0010368002,0.0003573027,0.0000353992,0.0000077309,0.0007613640,3123.68564587,3127.12051910,3124.99637031,3123.99058492,3123.90415046,3126.25931555
eth4h:row14940:1721937600,2024-07-25 20:00:00,3175.48000000,-0.01072815,0.03848550,-0.00479517,-0.02912369,-0.03784335,-0.00581154,-0.0000628104,0.0010416164,0.0003449161,0.0000172678,-0.0000064316,0.0007634160,3175.28055319,3178.78935540,3176.57546293,3175.53483404,3175.45957656,3177.90513771
eth4h:row14941:1721952000,2024-07-26 00:00:00,3236.21000000,-0.00968026,0.03780837,-0.00564117,-0.02945864,-0.03829715,-0.00627112,-0.0000424049,0.0010284306,0.0003284419,0.0000107454,-0.0000152684,0.0007544666,3236.07277178,3239.53992948,3237.27308157,3236.24477459,3236.16058862,3238.65253366
eth4h:row14942:1721966400,2024-07-26 04:00:00,3251.00000000,-0.00899084,0.03723446,-0.00621556,-0.02914945,-0.03910781,-0.00686840,-0.0000289800,0.0010172551,0.0003172570,0.0000167661,-0.0000310541,0.0007428360,3250.90578745,3254.30877898,3252.03156598,3251.05450706,3250.89904463,3253.41585686
eth4h:row14943:1721980800,2024-07-26 08:00:00,3246.86000000,-0.00874139,0.03811211,-0.00612468,-0.03063567,-0.04016484,-0.00640794,-0.0000241226,0.0010343454,0.0003190267,-0.0000121747,-0.0000516375,0.0007518023,3246.78167834,3250.22011219,3247.89600024,3246.82047081,3246.69234469,3249.30191457
eth4h:row14944:1721995200,2024-07-26 12:00:00,3255.02000000,-0.00888032,0.03814501,-0.00613198,-0.03138764,-0.04144333,-0.00701392,-0.0000268278,0.0010349861,0.0003188845,-0.0000268177,-0.0000765333,0.0007400022,3254.93267613,3258.39064444,3256.05814096,3254.93270902,3254.77089212,3257.42961331
eth4h:row14945:1722009600,2024-07-26 16:00:00,3274.19000000,-0.00980256,0.03954110,-0.00513720,-0.03275767,-0.04177810,-0.00662807,-0.0000447866,0.0010621719,0.0003382557,-0.0000534960,-0.0000830522,0.0007475158,3274.04336348,3277.66960036,3275.29770070,3274.01484853,3273.91808258,3276.63842369
eth4h:row14946:1722024000,2024-07-26 20:00:00,3274.61000000,-0.00999783,0.03895319,-0.00517539,-0.03232199,-0.04195348,-0.00753731,-0.0000485889,0.0010507236,0.0003375120,-0.0000450121,-0.0000864675,0.0007298103,3274.45089401,3278.05251841,3275.71540664,3274.46260625,3274.32686495,3277.00071643
eth4h:row14947:1722038400,2024-07-27 00:00:00,3245.00000000,-0.01066172,0.04011283,-0.00421217,-0.03341476,-0.04171778,-0.00722158,-0.0000615168,0.0010733051,0.0003562687,-0.0000662916,-0.0000818776,0.0007359584,3244.80038412,3248.48474480,3246.15629798,3244.78489101,3244.73431803,3247.38906399
eth4h:row14948:1722052800,2024-07-27 04:00:00,3272.31000000,-0.01181081,0.04170949,-0.00306905,-0.03438803,-0.04151917,-0.00700058,-0.0000838928,0.0011043966,0.0003785284,-0.0000852439,-0.0000780103,0.0007402619,3272.03548823,3275.92592434,3273.54889666,3272.03106749,3272.05473623,3274.73326314
eth4h:row14949:1722067200,2024-07-27 08:00:00,3278.41000000,-0.01160556,0.04179639,-0.00212109,-0.03308220,-0.04006354,-0.00632590,-0.0000798960,0.0011060888,0.0003969880,-0.0000598156,-0.0000496649,0.0007533999,3278.14807850,3282.03821893,3279.71174777,3278.21390582,3278.24718211,3280.88088459
eth4h:row14950:1722081600,2024-07-27 12:00:00,3280.97000000,-0.01094741,0.04133988,-0.00145886,-0.03159925,-0.03894738,-0.00566292,-0.0000670799,0.0010971993,0.0004098835,-0.0000309384,-0.0000279302,0.0007663100,3280.74992024,3284.57185348,3282.31509107,3280.86849370,3280.87836323,3283.48520356
eth4h:row14951:1722096000,2024-07-27 16:00:00,3261.00000000,-0.01155700,0.04200373,-0.00014256,-0.03141811,-0.03857753,-0.00427490,-0.0000789504,0.0011101262,0.0004355155,-0.0000274111,-0.0000207282,0.0007933387,3260.74255297,3264.62213182,3262.42052526,3260.91061365,3260.93240603,3263.58810386
eth4h:row14952:1722110400,2024-07-27 20:00:00,3249.01000000,-0.01017882,0.04047991,-0.00015293,-0.02932821,-0.03661696,-0.00391863,-0.0000521133,0.0010804531,0.0004353137,0.0000132852,0.0000174498,0.0008002763,3248.84068769,3252.52230000,3250.42464632,3249.05316419,3249.06669498,3251.61114634
eth4h:row14953:1722124800,2024-07-28 00:00:00,3237.70000000,-0.01008382,0.04011280,-0.00030370,-0.02864468,-0.03569026,-0.00395739,-0.0000502635,0.0010733045,0.0004323776,0.0000265955,0.0000354953,0.0007995214,3237.53726593,3241.17690358,3239.10021163,3237.78610953,3237.81492522,3240.28964559
eth4h:row14954:1722139200,2024-07-28 04:00:00,3227.69000000,-0.01002909,0.03972662,-0.00040147,-0.02796323,-0.03489561,-0.00372125,-0.0000491977,0.0010657845,0.0004304738,0.0000398652,0.0000509694,0.0008041199,3227.53120891,3231.13185586,3229.07973509,3227.81867511,3227.85451758,3230.28649341
eth4h:row14955:1722153600,2024-07-28 08:00:00,3256.46000000,-0.01081559,0.04103104,-0.00018017,-0.02905133,-0.03425679,-0.00288629,-0.0000645131,0.0010911852,0.0004347831,0.0000186769,0.0000634089,0.0008203788,3256.24992253,3260.01534051,3257.87616157,3256.52082101,3256.66649505,3259.13262698
eth4h:row14956:1722168000,2024-07-28 12:00:00,3268.61000000,-0.00983234,0.04026140,-0.00085948,-0.02858929,-0.03297520,-0.00277974,-0.0000453663,0.0010761981,0.0004215551,0.0000276741,0.0000883651,0.0008224537,3268.46171848,3272.12956531,3269.98818955,3268.70045708,3268.89884371,3271.29938611
eth4h:row14957:1722182400,2024-07-28 16:00:00,3271.85000000,-0.00918454,0.03927393,-0.00175650,-0.02799256,-0.03246180,-0.00304910,-0.0000327519,0.0010569692,0.0004040875,0.0000392942,0.0000983625,0.0008172085,3271.74284254,3275.31007302,3273.17238094,3271.97856713,3272.17184323,3274.52487630
eth4h:row14958:1722196800,2024-07-28 20:00:00,3270.16000000,-0.00845163,0.03947870,-0.00206495,-0.02883251,-0.03243164,-0.00228328,-0.0000184800,0.0010609567,0.0003980811,0.0000229380,0.0000989498,0.0008321212,3270.09956812,3273.63133934,3271.46204788,3270.23501171,3270.48359774,3272.88230195
eth4h:row14959:1722211200,2024-07-29 00:00:00,3348.98000000,-0.00713247,0.03761540,-0.00337010,-0.02797973,-0.03290156,-0.00354930,0.0000072077,0.0010246730,0.0003726661,0.0000395440,0.0000897991,0.0008074682,3349.00413863,3352.41336796,3350.22828395,3349.11243467,3349.28074883,3351.68528707
eth4h:row14960:1722225600,2024-07-29 04:00:00,3366.91000000,-0.00691423,0.03761990,-0.00370792,-0.02869826,-0.03391550,-0.00370325,0.0000114575,0.0010247606,0.0003660879,0.0000255521,0.0000700549,0.0008044704,3366.94857669,3370.36204511,3368.14281053,3366.99603271,3367.14587679,3369.61966912
eth4h:row14961:1722240000,2024-07-29 08:00:00,3375.00000000,-0.00682649,0.03770206,-0.00416745,-0.02967882,-0.03517938,-0.00404901,0.0000131660,0.0010263606,0.0003571395,0.0000064579,0.0000454434,0.0007977373,3375.04443567,3378.46574516,3376.20556114,3375.02179544,3375.15337507,3377.69343763
eth4h:row14962:1722254400,2024-07-29 12:00:00,3308.67000000,-0.00714131,0.03800765,-0.00400682,-0.03009988,-0.03606991,-0.00463536,0.0000070357,0.0010323113,0.0003602674,-0.0000017414,0.0000281024,0.0007863195,3308.69327876,3312.08734111,3309.86222063,3308.66423833,3308.76298293,3311.27269488
eth4h:row14963:1722268800,2024-07-29 16:00:00,3311.02000000,-0.00787067,0.03850795,-0.00394436,-0.03052820,-0.03676025,-0.00537087,-0.0000071672,0.0010420534,0.0003614836,-0.0000100820,0.0000146595,0.0007719971,3310.99626938,3314.47205805,3312.21709586,3310.98661855,3311.06853831,3313.57708475
eth4h:row14964:1722283200,2024-07-29 20:00:00,3317.66000000,-0.00897051,0.03999872,-0.00308718,-0.03182158,-0.03746662,-0.00504064,-0.0000285842,0.0010710830,0.0003781754,-0.0000352677,0.0000009044,0.0007784275,3317.56516872,3321.21539291,3318.91489463,3317.54299590,3317.66300048,3320.24356325
eth4h:row14965:1722297600,2024-07-30 00:00:00,3321.00000000,-0.01058620,0.04211629,-0.00212287,-0.03369699,-0.03838373,-0.00456959,-0.0000600462,0.0011123182,0.0003969532,-0.0000717873,-0.0000169543,0.0007876002,3320.80059246,3324.69606387,3322.31854316,3320.76160279,3320.94369532,3323.61665042
eth4h:row14966:1722312000,2024-07-30 04:00:00,3340.90000000,-0.01116008,0.04278509,-0.00137876,-0.03359060,-0.03806020,-0.00439048,-0.0000712212,0.0011253415,0.0004114433,-0.0000697155,-0.0000106542,0.0007910880,3340.66206564,3344.66176962,3342.27487369,3340.66709546,3340.86440573,3343.54399149
eth4h:row14967:1722326400,2024-07-30 08:00:00,3334.65000000,-0.01195313,0.04361627,-0.00082103,-0.03382450,-0.03800819,-0.00415414,-0.0000866642,0.0011415271,0.0004223037,-0.0000742703,-0.0000096415,0.0007956902,3334.36101774,3338.45876669,3336.05853239,3334.40234371,3334.61784924,3337.30440417
eth4h:row14968:1722340800,2024-07-30 12:00:00,3321.00000000,-0.01285088,0.04492632,-0.00002680,-0.03459505,-0.03838859,-0.00345690,-0.0001041460,0.0011670375,0.0004377696,-0.0000892752,-0.0000170489,0.0008092674,3320.65414931,3324.87799384,3322.45415124,3320.70353035,3320.94338117,3323.68866491
eth4h:row14969:1722355200,2024-07-30 16:00:00,3272.79000000,-0.01272500,0.04469395,0.00038292,-0.03388580,-0.03837562,-0.00297381,-0.0001016946,0.0011625126,0.0004457481,-0.0000754641,-0.0000167964,0.0008186745,3272.45719181,3276.59687189,3274.24916510,3272.54303130,3272.73502928,3275.47044687
eth4h:row14970:1722369600,2024-07-30 20:00:00,3279.21000000,-0.01233546,0.04394788,0.00005018,-0.03293657,-0.03758395,-0.00292597,-0.0000941093,0.0011479845,0.0004392686,-0.0000569798,-0.0000013804,0.0008196063,3278.90141026,3282.97664371,3280.65077056,3279.02315665,3279.20547343,3281.89876275
eth4h:row14971:1722384000,2024-07-31 00:00:00,3294.01000000,-0.01249215,0.04416061,-0.00034061,-0.03292757,-0.03738240,-0.00297417,-0.0000971604,0.0011521269,0.0004316590,-0.0000568045,0.0000025444,0.0008186676,3293.68996806,3297.80730456,3295.43219597,3293.82289065,3294.01838137,3296.70780330
eth4h:row14972:1722398400,2024-07-31 04:00:00,3317.50000000,-0.01269116,0.04414926,-0.00025781,-0.03283096,-0.03700230,-0.00255231,-0.0001010356,0.0011519058,0.0004332713,-0.0000549234,0.0000099460,0.0008268824,3317.16483119,3321.32364925,3318.93768901,3317.31779674,3317.53299611,3320.24431670
eth4h:row14973:1722412800,2024-07-31 08:00:00,3322.87000000,-0.01266770,0.04422409,-0.00045306,-0.03307342,-0.03681073,-0.00223175,-0.0001005789,0.0011533630,0.0004294692,-0.0000596447,0.0000136764,0.0008331246,3322.53580614,3326.70468630,3324.29737695,3322.67181437,3322.91544530,3325.63951826
eth4h:row14974:1722427200,2024-07-31 12:00:00,3302.36000000,-0.01150855,0.04306070,-0.00142028,-0.03258347,-0.03643907,-0.00270084,-0.0000780070,0.0011307084,0.0004106346,-0.0000501040,0.0000209138,0.0008239901,3302.10240271,3306.09611814,3303.71634170,3302.19454282,3302.42906561,3305.08223339
eth4h:row14975:1722441600,2024-07-31 16:00:00,3266.19000000,-0.01069960,0.04312385,-0.00202026,-0.03342661,-0.03702436,-0.00290472,-0.0000622544,0.0011319382,0.0003989513,-0.0000665222,0.0000095166,0.0008200200,3265.98667161,3269.88921837,3267.49331060,3265.97273293,3266.22108311,3268.86943969
eth4h:row14976:1722456000,2024-07-31 20:00:00,3232.74000000,-0.00986108,0.04205049,-0.00285459,-0.03294381,-0.03717399,-0.00361617,-0.0000459261,0.0011110368,0.0003827046,-0.0000571208,0.0000066027,0.0008061660,3232.59153634,3236.33368907,3233.97742130,3232.55534856,3232.76134493,3235.34717575
eth4h:row14977:1722470400,2024-08-01 00:00:00,3178.22000000,-0.00971864,0.04157773,-0.00297125,-0.03252138,-0.03740556,-0.00381574,-0.0000431524,0.0011018309,0.0003804329,-0.0000488948,0.0000020935,0.0008022798,3178.08285526,3181.72379101,3179.42932945,3178.06460526,3178.22665362,3180.77084466
eth4h:row14978:1722484800,2024-08-01 04:00:00,3166.81000000,-0.00990371,0.04038671,-0.00341562,-0.03146149,-0.03793339,-0.00460060,-0.0000467562,0.0010786384,0.0003717798,-0.0000282558,-0.0000081848,0.0007869965,3166.66193531,3170.22768570,3167.98757486,3166.72052061,3166.78408032,3169.30324922
eth4h:row14979:1722499200,2024-08-01 08:00:00,3188.39000000,-0.01071204,0.04035444,-0.00313104,-0.03129103,-0.03826485,-0.00479060,-0.0000624967,0.0010780099,0.0003773213,-0.0000249365,-0.0000146393,0.0007832965,3188.19074238,3191.82896920,3189.59327439,3188.31049358,3188.34332448,3190.88843320
eth4h:row14980:1722513600,2024-08-01 12:00:00,3117.18000000,-0.01124574,0.04010556,-0.00344228,-0.03090918,-0.03853042,-0.00558781,-0.0000728894,0.0010731635,0.0003712607,-0.0000175007,-0.0000198107,0.0007677727,3116.95279905,3120.52703942,3118.33750124,3117.12544765,3117.11824712,3119.57420466
eth4h:row14981:1722528000,2024-08-01 16:00:00,3131.64000000,-0.01099621,0.03941885,-0.00399494,-0.03008918,-0.03861708,-0.00636255,-0.0000680302,0.0010597914,0.0003604986,-0.0000015330,-0.0000214983,0.0007526861,3131.42696115,3134.96064441,3132.76915550,3131.63519905,3131.57267576,3133.99802933
eth4h:row14982:1722542400,2024-08-01 20:00:00,3203.40000000,-0.01232438,0.04201622,-0.00323311,-0.03274007,-0.04030005,-0.00564525,-0.0000938934,0.0011103694,0.0003753338,-0.0000531533,-0.0000542705,0.0007666541,3203.09923585,3206.95893285,3204.60256988,3203.22973312,3203.22615475,3205.85684138
eth4h:row14983:1722556800,2024-08-02 00:00:00,3168.27000000,-0.01197211,0.04309223,-0.00278957,-0.03387642,-0.04076109,-0.00460177,-0.0000870339,0.0011313224,0.0003839706,-0.0000752813,-0.0000632482,0.0007869737,3167.99426518,3171.85636320,3169.48675619,3168.03149764,3168.06961881,3170.76432647
eth4h:row14984:1722571200,2024-08-02 04:00:00,3147.42000000,-0.01163608,0.04318128,-0.00252471,-0.03348861,-0.04095865,-0.00424531,-0.0000804903,0.0011330565,0.0003891282,-0.0000677296,-0.0000670953,0.0007939148,3147.16667341,3150.98822573,3148.64498824,3147.20683361,3147.20883001,3149.91977546
eth4h:row14985:1722585600,2024-08-02 08:00:00,3153.73000000,-0.01177384,0.04339109,-0.00202743,-0.03387470,-0.04081971,-0.00378760,-0.0000831729,0.0011371420,0.0003988117,-0.0000752479,-0.0000643898,0.0008028279,3153.46770603,3157.31827876,3154.98799524,3153.49269741,3153.52693859,3156.26291898
eth4h:row14986:1722600000,2024-08-02 12:00:00,3038.99000000,-0.01173657,0.04341794,-0.00190997,-0.03440691,-0.04074536,-0.00403492,-0.0000824472,0.0011376649,0.0004010991,-0.0000856115,-0.0000629418,0.0007980118,3038.73945413,3042.44931972,3040.20918061,3038.72983857,3038.79872642,3041.41611784
eth4h:row14987:1722614400,2024-08-02 16:00:00,3011.64000000,-0.01265499,0.04430986,-0.00152222,-0.03511114,-0.04030753,-0.00400115,-0.0001003314,0.0011550332,0.0004086497,-0.0000993249,-0.0000544161,0.0007986693,3011.33785309,3015.12055391,3012.87095726,3011.34088414,3011.47612270,3014.04626530
eth4h:row14988:1722628800,2024-08-02 20:00:00,2989.61000000,-0.01259756,0.04438619,-0.00152092,-0.03514301,-0.03950191,-0.00416743,-0.0000992131,0.0011565195,0.0004086749,-0.0000999455,-0.0000387285,0.0007954315,2989.31340625,2993.06954225,2990.83202837,2989.31121678,2989.49421919,2991.98897599
eth4h:row14989:1722643200,2024-08-03 00:00:00,2982.50000000,-0.01249945,0.04440463,-0.00136715,-0.03441746,-0.03868745,-0.00404533,-0.0000973026,0.0011568787,0.0004116692,-0.0000858170,-0.0000228685,0.0007978090,2982.20980902,2985.95238727,2983.72805609,2982.24406189,2982.43179553,2984.88041474
eth4h:row14990:1722657600,2024-08-03 04:00:00,2983.90000000,-0.01187006,0.04375923,-0.00107855,-0.03317064,-0.03713144,-0.00353355,-0.0000850465,0.0011443109,0.0004172892,-0.0000615377,0.0000074314,0.0008077748,2983.64624049,2987.31646375,2985.14540893,2983.71638318,2983.92217474,2986.31129300
eth4h:row14991:1722672000,2024-08-03 08:00:00,2997.21000000,-0.01112673,0.04218755,-0.00111427,-0.03149511,-0.03687114,-0.00303873,-0.0000705718,0.0011137058,0.0004165935,-0.0000289104,0.0000125001,0.0008174104,2996.99848902,3000.54986950,2998.45887825,2997.12335074,2997.24746562,2999.66095224
eth4h:row14992:1722686400,2024-08-03 12:00:00,2942.40000000,-0.00945318,0.03955067,-0.00159377,-0.02880531,-0.03576387,-0.00331815,-0.0000379830,0.0010623582,0.0004072563,0.0000234675,0.0000340619,0.0008119693,2942.28824088,2945.52754382,2943.59855500,2942.46905168,2942.50022540,2944.79010877
eth4h:row14993:1722700800,2024-08-03 16:00:00,2893.53000000,-0.00892548,0.03853587,-0.00203719,-0.02768983,-0.03574536,-0.00388664,-0.0000277073,0.0010425972,0.0003986218,0.0000451892,0.0000344223,0.0008008993,2893.44982919,2896.54835948,2894.68365400,2893.66075930,2893.62960359,2895.84835435
eth4h:row14994:1722715200,2024-08-03 20:00:00,2903.64000000,-0.00939852,0.03896300,-0.00217366,-0.02812522,-0.03641526,-0.00382366,-0.0000369187,0.0010509146,0.0003959643,0.0000367108,0.0000213775,0.0008021257,2903.53280341,2906.69308159,2904.78996537,2903.74659689,2903.70207318,2905.97001855
eth4h:row14995:1722729600,2024-08-04 00:00:00,2915.78000000,-0.01066852,0.04115314,-0.00201354,-0.03065334,-0.03766084,-0.00338695,-0.0000616491,0.0010935629,0.0003990823,-0.0000125188,-0.0000028777,0.0008106296,2915.60025028,2918.97033287,2916.94386834,2915.74349815,2915.77160941,2918.14457591
eth4h:row14996:1722744000,2024-08-04 04:00:00,2893.24000000,-0.01055588,0.04112978,-0.00203309,-0.03026862,-0.03716604,-0.00337463,-0.0000594557,0.0010931079,0.0003987016,-0.0000050272,0.0000067577,0.0008108694,2893.06798539,2896.40435266,2894.39376934,2893.22545500,2893.25955161,2895.58699134
eth4h:row14997:1722758400,2024-08-04 08:00:00,2914.22000000,-0.01048787,0.04119123,-0.00210829,-0.03083358,-0.03668959,-0.00308543,-0.0000581314,0.0010943045,0.0003972371,-0.0000160287,0.0000160355,0.0008165010,2914.05059720,2917.41078973,2915.37786626,2914.17328929,2914.26673133,2916.60043530
eth4h:row14998:1722772800,2024-08-04 12:00:00,2826.98000000,-0.00984281,0.04114661,-0.00252805,-0.03154756,-0.03666282,-0.00316969,-0.0000455703,0.0010934358,0.0003890632,-0.0000299318,0.0000165566,0.0008148603,2826.85117652,2830.07281168,2828.08008791,2826.89538472,2827.02680566,2829.28453250
eth4h:row14999:1722787200,2024-08-04 16:00:00,2757.55000000,-0.00890432,0.04013092,-0.00258226,-0.03106357,-0.03626258,-0.00356832,-0.0000272953,0.0010736574,0.0003880076,-0.0000205071,0.0000243505,0.0008070978,2757.47473297,2760.51225379,2758.62015791,2757.49345115,2757.61714866,2759.77651105
eth4h:row15000:1722801600,2024-08-04 20:00:00,2688.92000000,-0.00865991,0.03990958,-0.00272604,-0.03124621,-0.03665189,-0.00370808,-0.0000225359,0.0010693472,0.0003852079,-0.0000240637,0.0000167696,0.0008043762,2688.85940336,2691.79692703,2689.95599274,2688.85529537,2688.96509254,2691.08377342
eth4h:row15001:1722816000,2024-08-05 00:00:00,2312.72000000,-0.00815412,0.03981770,-0.00273276,-0.03101000,-0.03673161,-0.00408755,-0.0000126868,0.0010675580,0.0003850770,-0.0000194640,0.0000152172,0.0007969869,2312.69065926,2315.19028115,2313.61074684,2312.67498572,2312.75519344,2314.56394234
eth4h:row15002:1722830400,2024-08-05 04:00:00,2357.55000000,-0.00991234,0.03988755,-0.00245104,-0.03005688,-0.03695235,-0.00423495,-0.0000469243,0.0010689183,0.0003905628,-0.0000009040,0.0000109187,0.0007941166,2357.43937632,2360.07137576,2358.47095117,2357.54786886,2357.57574145,2359.42291315
eth4h:row15003:1722844800,2024-08-05 08:00:00,2290.57000000,-0.01145563,0.04057918,-0.00174771,-0.02906592,-0.03669546,-0.00365521,-0.0000769764,0.0010823862,0.0004042587,0.0000183928,0.0000159212,0.0008054057,2290.39368703,2293.05062359,2291.49617011,2290.61213035,2290.60646884,2292.41558132
eth4h:row15004:1722859200,2024-08-05 12:00:00,2450.80000000,-0.01202232,0.03916491,-0.00233578,-0.02695030,-0.03619457,-0.00390366,-0.0000880115,0.0010548464,0.0003928073,0.0000595900,0.0000256749,0.0008005678,2450.58431102,2453.38658142,2451.76288111,2450.94604742,2450.86292478,2452.76281705
eth4h:row15005:1722873600,2024-08-05 16:00:00,2404.90000000,-0.01318973,0.03832967,-0.00237607,-0.02638058,-0.03565861,-0.00387109,-0.0001107444,0.0010385819,0.0003920226,0.0000706839,0.0000361116,0.0008012019,2404.63368561,2407.39898299,2405.84296006,2405.06999383,2404.98684643,2406.82758259
eth4h:row15006:1722888000,2024-08-05 20:00:00,2419.59000000,-0.01240596,0.03951312,-0.00283067,-0.02758482,-0.03671873,-0.00328841,-0.0000954821,0.0010616270,0.0003831703,0.0000472340,0.0000154679,0.0008125484,2419.35898345,2422.16006605,2420.51729276,2419.70428968,2419.62742632,2421.55683285
eth4h:row15007:1722902400,2024-08-06 00:00:00,2491.90000000,-0.01105872,0.04015205,-0.00342845,-0.02824854,-0.03766490,-0.00311893,-0.0000692475,0.0010740688,0.0003715298,0.0000343094,-0.0000029566,0.0008158487,2491.72744824,2494.57790996,2492.82598716,2491.98549698,2491.89263251,2493.93384299
eth4h:row15008:1722916800,2024-08-06 04:00:00,2523.41000000,-0.00965767,0.04055244,-0.00409919,-0.02935224,-0.03972701,-0.00299268,-0.0000419650,0.0010818656,0.0003584688,0.0000128172,-0.0000431118,0.0008183072,2523.30410733,2526.14146782,2524.31472585,2523.44234328,2523.30121371,2525.47576961
eth4h:row15009:1722931200,2024-08-06 08:00:00,2458.91000000,-0.00909324,0.04155193,-0.00415127,-0.03121626,-0.04127408,-0.00166545,-0.0000309740,0.0011013284,0.0003574546,-0.0000234805,-0.0000732376,0.0008441520,2458.83383886,2461.61955908,2459.78910590,2458.85226430,2458.72992200,2460.98657014
eth4h:row15010:1722945600,2024-08-06 12:00:00,2527.60000000,-0.00967486,0.04115657,-0.00400237,-0.03184694,-0.04068602,-0.00239204,-0.0000422998,0.0010936296,0.0003603540,-0.0000357615,-0.0000617864,0.0008300033,2527.49308516,2530.36577031,2528.51099490,2527.50961074,2527.44383356,2529.69878713
eth4h:row15011:1722960000,2024-08-06 16:00:00,2493.04000000,-0.00995275,0.04169283,-0.00403834,-0.03396563,-0.04079867,-0.00324540,-0.0000477112,0.0011040722,0.0003596535,-0.0000770185,-0.0000639801,0.0008133859,2492.92105693,2495.79401614,2493.93679190,2492.84799722,2492.88050027,2495.06862857
eth4h:row15012:1722974400,2024-08-06 20:00:00,2461.33000000,-0.01097728,0.04235820,-0.00343583,-0.03509280,-0.04047231,-0.00411334,-0.0000676617,0.0011170288,0.0003713862,-0.0000989677,-0.0000576248,0.0007964847,2461.16346789,2464.08091253,2462.24427372,2461.08641998,2461.18817045,2463.29119252
eth4h:row15013:1722988800,2024-08-07 00:00:00,2507.27000000,-0.01192462,0.04441962,-0.00259593,-0.03685489,-0.04010902,-0.00430817,-0.0000861091,0.0011571706,0.0003877414,-0.0001332806,-0.0000505505,0.0007926909,2507.05411050,2510.17301842,2508.24236076,2506.93585182,2507.14325945,2509.25827796
eth4h:row15014:1723003200,2024-08-07 04:00:00,2510.72000000,-0.01050051,0.04350690,-0.00225196,-0.03498058,-0.03891618,-0.00389766,-0.0000583775,0.0011393972,0.0003944394,-0.0000967824,-0.0000273226,0.0008006847,2510.57343479,2513.58233776,2511.71052234,2510.47701823,2510.65140164,2512.73110011
eth4h:row15015:1723017600,2024-08-07 08:00:00,2473.01000000,-0.00929201,0.04200888,-0.00098942,-0.03233371,-0.03682951,-0.00305500,-0.0000348446,0.0011102266,0.0004190248,-0.0000452405,0.0000133108,0.0008170937,2472.92383054,2475.75712627,2474.04646964,2472.89812242,2473.04291800,2475.03150664
eth4h:row15016:1723032000,2024-08-07 12:00:00,2412.75000000,-0.00852987,0.04016913,0.00034383,-0.02905354,-0.03555570,-0.00183598,-0.0000200036,0.0010744013,0.0004449870,0.0000186339,0.0000381155,0.0008408313,2412.70173671,2415.34365492,2413.82388127,2412.79495940,2412.84196500,2414.77956890
eth4h:row15017:1723046400,2024-08-07 16:00:00,2350.45000000,-0.00799537,0.03795085,0.00091821,-0.02657316,-0.03498799,-0.00147445,-0.0000095953,0.0010312052,0.0004561718,0.0000669338,0.0000491703,0.0008478714,2350.42744680,2352.87504643,2351.52245360,2350.60732985,2350.56557529,2352.44372435
eth4h:row15018:1723060800,2024-08-07 20:00:00,2342.80000000,-0.00889601,0.03849734,0.00140728,-0.02640375,-0.03443874,-0.00144013,-0.0000271334,0.0010418468,0.0004656953,0.0000702327,0.0000598659,0.0008485396,2342.73643284,2345.24211068,2343.89128493,2342.96454703,2342.94025812,2344.78880231
eth4h:row15019:1723075200,2024-08-08 00:00:00,2430.41000000,-0.01019138,0.03987852,0.00160484,-0.02666254,-0.03395218,-0.00140711,-0.0000523579,0.0010687425,0.0004695423,0.0000651934,0.0000693405,0.0008491828,2430.28275207,2433.00887096,2431.55144827,2430.56845183,2430.57853169,2432.47473888
eth4h:row15020:1723089600,2024-08-08 04:00:00,2414.00000000,-0.01112339,0.04130638,0.00127123,-0.02764551,-0.03321583,-0.00100445,-0.0000705068,0.0010965470,0.0004630460,0.0000460522,0.0000836794,0.0008570237,2413.82980263,2416.64851622,2415.11805193,2414.11117250,2414.20201062,2416.06974200
eth4h:row15021:1723104000,2024-08-08 08:00:00,2447.63000000,-0.01186907,0.04318089,0.00189984,-0.02864666,-0.03196717,0.00058963,-0.0000850274,0.0011330489,0.0004752869,0.0000265569,0.0001079944,0.0008880649,2447.42189331,2450.40485628,2448.79360298,2447.69500245,2447.89434448,2449.80461963
eth4h:row15022:1723118400,2024-08-08 12:00:00,2507.20000000,-0.01073986,0.04242025,0.00164421,-0.02872404,-0.03087828,0.00153650,-0.0000630384,0.0011182370,0.0004703091,0.0000250501,0.0001291980,0.0009065031,2507.04195500,2510.00521200,2508.37943623,2507.26280642,2507.52394626,2509.47381512
eth4h:row15023:1723132800,2024-08-08 16:00:00,2573.53000000,-0.00869130,0.04097036,0.00043232,-0.02893346,-0.02974562,0.00159823,-0.0000231470,0.0010900037,0.0004467101,0.0000209721,0.0001512543,0.0009077052,2573.47043112,2576.33668654,2574.67987878,2573.58397286,2573.91928689,2575.86706698
eth4h:row15024:1723147200,2024-08-08 20:00:00,2682.50000000,-0.00692241,0.03935850,-0.00070717,-0.02875952,-0.03071595,0.00072986,0.0000112982,0.0010586162,0.0004245210,0.0000243592,0.0001323591,0.0008907956,2682.53030767,2685.34124162,2683.63901936,2682.56534440,2682.85507688,2684.89062387
eth4h:row15025:1723161600,2024-08-09 00:00:00,2694.67000000,-0.00634524,0.03754947,-0.00220791,-0.02837316,-0.03211541,-0.00072541,0.0000225373,0.0010233892,0.0003952973,0.0000318827,0.0001051078,0.0008624572,2694.73073128,2697.42910789,2695.73540641,2694.75591470,2694.95324561,2696.99504013
eth4h:row15026:1723176000,2024-08-09 04:00:00,2670.21000000,-0.00650273,0.03898630,-0.00223722,-0.02991898,-0.03282169,-0.00085023,0.0000194705,0.0010513684,0.0003947266,0.0000017813,0.0000913544,0.0008600268,2670.26199088,2673.01885073,2671.26421087,2670.21475632,2670.45394652,2672.50743994
eth4h:row15027:1723190400,2024-08-09 08:00:00,2634.92000000,-0.00731368,0.03978155,-0.00245771,-0.03173725,-0.03511841,-0.00196766,0.0000036790,0.0010668541,0.0003904330,-0.0000336256,0.0000466308,0.0008382671,2634.92969388,2637.73257519,2635.94896045,2634.83140067,2635.04287129,2637.12969278
eth4h:row15028:1723204800,2024-08-09 12:00:00,2557.82000000,-0.00747487,0.03972090,-0.00221294,-0.03274193,-0.03589178,-0.00219660,0.0000005403,0.0010656731,0.0003951992,-0.0000531896,0.0000315711,0.0008338091,2557.82138187,2560.54725289,2558.83104831,2557.68395417,2557.90075442,2559.95362300
eth4h:row15029:1723219200,2024-08-09 16:00:00,2590.80000000,-0.00746989,0.03912530,-0.00247726,-0.03168304,-0.03601865,-0.00338979,0.0000006372,0.0010540751,0.0003900523,-0.0000325700,0.0000291006,0.0008105742,2590.80165078,2593.53233753,2591.81074448,2590.71561905,2590.87539492,2592.90088699
eth4h:row15030:1723233600,2024-08-09 20:00:00,2598.78000000,-0.00857216,0.04000653,-0.00166986,-0.03143575,-0.03612057,-0.00345207,-0.0000208271,0.0010712350,0.0004057746,-0.0000277547,0.0000271158,0.0008093614,2598.72587543,2601.56539583,2599.83473280,2598.70787277,2598.85046907,2600.88420375
eth4h:row15031:1723248000,2024-08-10 00:00:00,2602.59000000,-0.01001288,0.04097731,-0.00108628,-0.03185564,-0.03702471,-0.00347077,-0.0000488820,0.0010901389,0.0004171386,-0.0000359310,0.0000095096,0.0008089973,2602.46278326,2605.42873162,2603.67586710,2602.49648801,2602.61474975,2604.69634014
eth4h:row15032:1723262400,2024-08-10 04:00:00,2634.27000000,-0.01039025,0.04101364,-0.00031099,-0.03076240,-0.03635175,-0.00284384,-0.0000562305,0.0010908463,0.0004322357,-0.0000146425,0.0000226142,0.0008212055,2634.12187779,2637.14515164,2635.40887166,2634.23142787,2634.32957253,2636.43416555
eth4h:row15033:1723276800,2024-08-10 08:00:00,2636.58000000,-0.01140465,0.04118762,-0.00019960,-0.03040461,-0.03722347,-0.00326313,-0.0000759837,0.0010942343,0.0004344049,-0.0000076753,0.0000056394,0.0008130406,2636.37967050,2639.46661537,2637.72559196,2636.55976348,2636.59486866,2638.72451833
eth4h:row15034:1723291200,2024-08-10 12:00:00,2599.49000000,-0.01194832,0.04294349,0.00029792,-0.03176801,-0.03758488,-0.00206012,-0.0000865705,0.0011284260,0.0004440928,-0.0000342245,-0.0000013984,0.0008364668,2599.26497064,2602.42498768,2600.64467125,2599.40103521,2599.48636494,2601.66529662
eth4h:row15035:1723305600,2024-08-10 16:00:00,2603.01000000,-0.01134877,0.04232330,0.00001315,-0.03088791,-0.03686110,-0.00204448,-0.0000748956,0.0011163492,0.0004385477,-0.0000170866,0.0000126957,0.0008367713,2602.81505337,2605.91749068,2604.15179446,2602.96552372,2603.04304714,2605.18903558
eth4h:row15036:1723320000,2024-08-10 20:00:00,2609.92000000,-0.01182732,0.04367698,0.00027914,-0.03209760,-0.03706787,-0.00111285,-0.0000842143,0.0011427092,0.0004437272,-0.0000406427,0.0000086693,0.0008549127,2609.70021663,2612.90408424,2611.07834953,2609.81392783,2609.94262625,2612.15220787
eth4h:row15037:1723334400,2024-08-11 00:00:00,2646.38000000,-0.01233055,0.04442099,0.00020455,-0.03274932,-0.03684477,-0.00067538,-0.0000940136,0.0011571973,0.0004422746,-0.0000533335,0.0000130137,0.0008634316,2646.13121605,2649.44415632,2647.55068563,2646.23886297,2646.41443938,2648.66595493
eth4h:row15038:1723348800,2024-08-11 04:00:00,2677.79000000,-0.01277570,0.04531816,0.00005790,-0.03409312,-0.03677971,-0.00049308,-0.0001026821,0.0011746677,0.0004394190,-0.0000795012,0.0000142806,0.0008669815,2677.51505314,2680.93736165,2678.96693025,2677.57712103,2677.82824061,2680.11260118
eth4h:row15039:1723363200,2024-08-11 08:00:00,2652.61000000,-0.01216474,0.04467631,-0.00046638,-0.03449608,-0.03699467,-0.00041434,-0.0000907849,0.0011621690,0.0004292098,-0.0000873479,0.0000100946,0.0008685148,2652.36919405,2655.69457322,2653.74877066,2652.37831024,2652.63677716,2654.91483175
eth4h:row15040:1723377600,2024-08-11 12:00:00,2614.07000000,-0.01117826,0.04350678,-0.00158797,-0.03452837,-0.03720806,-0.00141356,-0.0000715752,0.0011393949,0.0004073693,-0.0000879767,0.0000059394,0.0008490571,2613.88290416,2617.05015550,2615.13510887,2613.84003291,2614.08552603,2616.29043731
eth4h:row15041:1723392000,2024-08-11 16:00:00,2599.06000000,-0.01018013,0.04255471,-0.00227019,-0.03396515,-0.03795920,-0.00225843,-0.0000521389,0.0011208555,0.0003940844,-0.0000770092,-0.0000086874,0.0008326051,2598.92449150,2601.97480391,2600.08445091,2598.85985616,2599.03742104,2601.22489162
eth4h:row15042:1723406400,2024-08-11 20:00:00,2555.38000000,-0.01084602,0.04312242,-0.00238830,-0.03522543,-0.04024727,-0.00251586,-0.0000651056,0.0011319103,0.0003917846,-0.0001015504,-0.0000532427,0.0008275923,2555.21363587,2558.27409859,2556.38135456,2555.12051319,2555.24394834,2557.49568805
eth4h:row15043:1723420800,2024-08-12 00:00:00,2541.02000000,-0.01071221,0.04172782,-0.00247348,-0.03391115,-0.04050807,-0.00305359,-0.0000624999,0.0011047535,0.0003901260,-0.0000759576,-0.0000583212,0.0008171211,2540.86119149,2543.82875193,2542.01151125,2540.82699746,2540.87180899,2543.09716963
eth4h:row15044:1723435200,2024-08-12 04:00:00,2567.27000000,-0.01166204,0.04025570,-0.00292375,-0.03239581,-0.04175184,-0.00496474,-0.0000809958,0.0010760872,0.0003813578,-0.0000464496,-0.0000825409,0.0007799055,2567.06207040,2570.03409339,2568.24923516,2567.15075413,2567.05810388,2569.27300893
eth4h:row15045:1723449600,2024-08-12 08:00:00,2673.60000000,-0.01301530,0.04060558,-0.00274611,-0.03244499,-0.04235939,-0.00552453,-0.0001073477,0.0010829004,0.0003848170,-0.0000474074,-0.0000943717,0.0007690049,2673.31301069,2676.49681062,2674.62904483,2673.47325449,2673.34769983,2675.65680222
eth4h:row15046:1723464000,2024-08-12 12:00:00,2689.20000000,-0.01336759,0.04109538,-0.00256328,-0.03261305,-0.04225314,-0.00572149,-0.0001142078,0.0010924382,0.0003883773,-0.0000506799,-0.0000923028,0.0007651695,2688.89288989,2692.13939003,2690.24462696,2689.06371494,2688.95179086,2691.25848113
eth4h:row15047:1723478400,2024-08-12 16:00:00,2660.09000000,-0.01426058,0.04301880,-0.00194309,-0.03437575,-0.04274366,-0.00508666,-0.0001315967,0.0011298925,0.0004004540,-0.0000850048,-0.0001018545,0.0007775313,2659.73996395,2663.09731434,2661.15545712,2659.86388924,2659.81907163,2662.15910761
eth4h:row15048:1723492800,2024-08-12 20:00:00,2722.30000000,-0.01372777,0.04420761,-0.00146738,-0.03520625,-0.04270772,-0.00412333,-0.0001212215,0.0011530421,0.0004097175,-0.0001011770,-0.0001011546,0.0007962902,2721.97001881,2725.44073681,2723.41560251,2722.02457978,2722.02464069,2724.46860425
eth4h:row15049:1723507200,2024-08-13 00:00:00,2656.39000000,-0.01291500,0.04510031,-0.00086446,-0.03548108,-0.04229701,-0.00304702,-0.0001053945,0.0011704255,0.0004214580,-0.0001065286,-0.0000931570,0.0008172491,2656.11004574,2659.50092668,2657.50979276,2656.10703365,2656.14255016,2658.56181962
eth4h:row15050:1723521600,2024-08-13 04:00:00,2648.94000000,-0.01275493,0.04476333,-0.00041909,-0.03514000,-0.04219363,-0.00251162,-0.0001022776,0.0011638636,0.0004301307,-0.0000998869,-0.0000911438,0.0008276747,2648.66908674,2652.02479964,2650.07963544,2648.67541877,2648.69857646,2651.13336811
eth4h:row15051:1723536000,2024-08-13 08:00:00,2644.65000000,-0.01260926,0.04334689,-0.00047425,-0.03430082,-0.04124943,-0.00248792,-0.0000994409,0.0011362814,0.0004290565,-0.0000835455,-0.0000727576,0.0008281362,2644.38702676,2647.65677455,2645.78494768,2644.42906055,2644.45758853,2646.84103746
eth4h:row15052:1723550400,2024-08-13 12:00:00,2652.00000000,-0.01327452,0.04368577,-0.00044933,-0.03472304,-0.04070456,-0.00313779,-0.0001123954,0.0011428804,0.0004295418,-0.0000917674,-0.0000621474,0.0008154814,2651.70194408,2655.03265147,2653.13938950,2651.75664393,2651.83519034,2654.16353865
eth4h:row15053:1723564800,2024-08-13 16:00:00,2711.46000000,-0.01392229,0.04456211,-0.00050720,-0.03526319,-0.04000429,-0.00358995,-0.0001250093,0.0011599452,0.0004284149,-0.0001022857,-0.0000485112,0.0008066767,2711.12106343,2714.60696975,2712.62187878,2711.18267051,2711.32846701,2713.64815396
eth4h:row15054:1723579200,2024-08-13 20:00:00,2702.44000000,-0.01347789,0.04405407,-0.00074110,-0.03468665,-0.03906263,-0.00372859,-0.0001163556,0.0011500522,0.0004238602,-0.0000910588,-0.0000301743,0.0008039768,2702.12557417,2705.54973487,2703.58569942,2702.19393014,2702.35845692,2704.61357269
eth4h:row15055:1723593600,2024-08-14 00:00:00,2709.39000000,-0.01247983,0.04353074,-0.00103940,-0.03389620,-0.03907401,-0.00362078,-0.0000969205,0.0011398615,0.0004180516,-0.0000756666,-0.0000303960,0.0008060763,2709.12741735,2712.48009013,2710.52290153,2709.18499743,2709.30764659,2711.57485555
eth4h:row15056:1723608000,2024-08-14 04:00:00,2727.57000000,-0.01124242,0.04234750,-0.00102442,-0.03237460,-0.03830601,-0.00301972,-0.0000728246,0.0011168204,0.0004183432,-0.0000460367,-0.0000154408,0.0008177805,2727.37137292,2730.61790753,2728.71129904,2727.44443462,2727.52788456,2729.80146592
eth4h:row15057:1723622400,2024-08-14 08:00:00,2750.24000000,-0.00898218,0.03930668,-0.00206395,-0.02984936,-0.03780077,-0.00357484,-0.0000288114,0.0010576070,0.0003981006,0.0000031369,-0.0000056023,0.0008069708,2750.16076289,2753.15021176,2751.33509026,2750.24862729,2750.22459229,2752.46025896
eth4h:row15058:1723636800,2024-08-14 12:00:00,2674.21000000,-0.00876166,0.03818349,-0.00251507,-0.02902402,-0.03878928,-0.00411514,-0.0000245172,0.0010357353,0.0003893161,0.0000192087,-0.0000248515,0.0007964497,2674.14443667,2676.98120860,2675.25131568,2674.26136869,2674.14354273,2676.34072214
eth4h:row15059:1723651200,2024-08-14 16:00:00,2669.06000000,-0.00982621,0.03819061,-0.00252409,-0.02900387,-0.03894366,-0.00505066,-0.0000452471,0.0010358740,0.0003891404,0.0000196010,-0.0000278576,0.0007782324,2668.93923555,2671.82624239,2670.09884119,2669.11231688,2668.98564735,2671.13795736
eth4h:row15060:1723665600,2024-08-14 20:00:00,2661.45000000,-0.01101278,0.03977133,-0.00254750,-0.03106166,-0.03960485,-0.00507225,-0.0000683529,0.0010666550,0.0003886845,-0.0000204700,-0.0000407330,0.0007778119,2661.26808848,2664.29036360,2662.48466555,2661.39552072,2661.34159347,2663.52091282
eth4h:row15061:1723680000,2024-08-15 00:00:00,2652.50000000,-0.01212387,0.04196293,-0.00245285,-0.03320649,-0.03983337,-0.00486210,-0.0000899889,0.0011093318,0.0003905277,-0.0000622359,-0.0000451830,0.0007819042,2652.26131506,2655.44413521,2653.53607700,2652.33492445,2652.38015487,2654.57481183
eth4h:row15062:1723694400,2024-08-15 04:00:00,2615.16000000,-0.01204748,0.04237593,-0.00199771,-0.03338256,-0.03890941,-0.00418761,-0.0000885015,0.0011173741,0.0003993904,-0.0000656645,-0.0000271908,0.0007950385,2614.92856454,2618.08374510,2616.20467849,2614.98828244,2615.08889261,2617.23997952
eth4h:row15063:1723708800,2024-08-15 08:00:00,2637.73000000,-0.01070608,0.04083136,-0.00233510,-0.03198002,-0.03775720,-0.00407096,-0.0000623806,0.0010872970,0.0003928206,-0.0000383530,-0.0000047539,0.0007973099,2637.56546187,2640.59955564,2638.76635821,2637.62883699,2637.71746058,2639.83392687
eth4h:row15064:1723723200,2024-08-15 12:00:00,2668.40000000,-0.00969659,0.04034198,-0.00260438,-0.03168796,-0.03770138,-0.00410159,-0.0000427229,0.0010777673,0.0003875770,-0.0000326657,-0.0000036669,0.0007967135,2668.28600061,2671.27746460,2669.43441084,2668.31283615,2668.39021524,2670.52679731
eth4h:row15065:1723737600,2024-08-15 16:00:00,2549.59000000,-0.00819965,0.03844271,-0.00317295,-0.03029689,-0.03754390,-0.00449377,-0.0000135732,0.0010407831,0.0003765052,-0.0000055777,-0.0000006004,0.0007890767,2549.55539408,2552.24495149,2550.55011458,2549.57577920,2549.58846919,2551.60261595
eth4h:row15066:1723752000,2024-08-15 20:00:00,2569.89000000,-0.00826703,0.03717468,-0.00362852,-0.02925807,-0.03810922,-0.00532639,-0.0000148854,0.0010160909,0.0003676339,0.0000146511,-0.0000116088,0.0007728631,2569.85174653,2572.50256904,2570.83495231,2569.92765191,2569.86016682,2571.87694089
eth4h:row15067:1723766400,2024-08-16 00:00:00,2580.08000000,-0.00934556,0.03752051,-0.00375846,-0.02938826,-0.03905613,-0.00623047,-0.0000358874,0.0010228252,0.0003651038,0.0000121159,-0.0000300478,0.0007552582,2579.98740922,2582.72032081,2581.02216889,2580.11126011,2580.00247540,2582.02936258
eth4h:row15068:1723780800,2024-08-16 04:00:00,2617.45000000,-0.01141995,0.03987850,-0.00315400,-0.03122542,-0.04011170,-0.00603237,-0.0000762817,0.0010687419,0.0003768743,-0.0000236589,-0.0000506027,0.0007591158,2617.25034407,2620.24887389,2618.43663548,2617.38807466,2617.31755323,2619.43770206
eth4h:row15069:1723795200,2024-08-16 08:00:00,2612.52000000,-0.01282418,0.04101888,-0.00246194,-0.03256139,-0.04001201,-0.00530863,-0.0001036260,0.0010909485,0.0003903505,-0.0000496739,-0.0000486615,0.0007732090,2612.24928911,2615.37167992,2613.53999767,2612.39022907,2612.39287393,2614.54080510
eth4h:row15070:1723809600,2024-08-16 12:00:00,2568.97000000,-0.01176314,0.04044808,-0.00262811,-0.03216539,-0.03952665,-0.00522095,-0.0000829646,0.0010798333,0.0003871149,-0.0000419627,-0.0000392102,0.0007749165,2568.75687537,2571.74555763,2569.96467903,2568.86220128,2568.86927225,2570.96150872
eth4h:row15071:1723824000,2024-08-16 16:00:00,2620.40000000,-0.01158868,0.04111127,-0.00238032,-0.03277036,-0.03986106,-0.00496716,-0.0000795673,0.0010927475,0.0003919399,-0.0000537433,-0.0000457221,0.0007798583,2620.19151020,2623.26500064,2621.42724071,2620.25917497,2620.28019253,2622.44433781
eth4h:row15072:1723838400,2024-08-16 20:00:00,2592.73000000,-0.01154868,0.04304407,-0.00180638,-0.03419895,-0.03978188,-0.00397222,-0.0000787885,0.0011303846,0.0004031162,-0.0000815619,-0.0000441802,0.0007992327,2592.52573083,2595.66243916,2593.77538213,2592.51854054,2592.61545532,2594.80302290
eth4h:row15073:1723852800,2024-08-17 00:00:00,2595.77000000,-0.01101688,0.04281149,-0.00187464,-0.03422865,-0.04030434,-0.00372051,-0.0000684327,0.0011258557,0.0004017871,-0.0000821402,-0.0000543540,0.0008041342,2595.59237062,2598.69410812,2596.81315639,2595.55679157,2595.62891329,2597.85818695
eth4h:row15074:1723867200,2024-08-17 04:00:00,2600.24000000,-0.01183948,0.04267160,-0.00142351,-0.03369887,-0.04006628,-0.00373732,-0.0000844511,0.0011231316,0.0004105718,-0.0000718239,-0.0000497183,0.0008038069,2600.02041616,2603.16205225,2601.30780432,2600.05324732,2600.11072370,2602.33093111
eth4h:row15075:1723881600,2024-08-17 08:00:00,2599.23000000,-0.01236230,0.04313422,-0.00120115,-0.03384502,-0.03957082,-0.00376528,-0.0000946319,0.0011321401,0.0004149018,-0.0000746699,-0.0000400702,0.0008032624,2598.98404150,2602.17435897,2600.30864895,2599.03592308,2599.12585038,2601.31870252
eth4h:row15076:1723896000,2024-08-17 12:00:00,2606.78000000,-0.01298545,0.04333056,-0.00129407,-0.03420275,-0.03961856,-0.00424230,-0.0001067665,0.0011359634,0.0004130923,-0.0000816359,-0.0000409999,0.0007939734,2606.50169819,2609.74288916,2607.85706322,2606.56720177,2606.67312443,2608.85053586
eth4h:row15077:1723910400,2024-08-17 16:00:00,2614.94000000,-0.01314318,0.04346595,-0.00126846,-0.03434339,-0.03931097,-0.00440647,-0.0001098379,0.0011385998,0.0004135911,-0.0000843745,-0.0000350103,0.0007907766,2614.65279630,2617.91906593,2616.02173962,2614.71937495,2614.84845185,2617.00865124
eth4h:row15078:1723924800,2024-08-17 20:00:00,2614.51000000,-0.01172519,0.04218719,-0.00214973,-0.03284897,-0.03890765,-0.00499907,-0.0000822255,0.0011136988,0.0003964301,-0.0000552739,-0.0000271566,0.0007792371,2614.29502943,2617.42339865,2615.54667604,2614.36548986,2614.43899981,2616.54811713
eth4h:row15079:1723939200,2024-08-18 00:00:00,2606.60000000,-0.01120387,0.04235307,-0.00206001,-0.03254827,-0.03865112,-0.00448959,-0.0000720740,0.0011169289,0.0003981772,-0.0000494186,-0.0000221611,0.0007891581,2606.41213873,2609.51301349,2607.63809546,2606.47118869,2606.54223564,2608.65783129
eth4h:row15080:1723953600,2024-08-18 04:00:00,2608.06000000,-0.01098318,0.04243610,-0.00187289,-0.03263133,-0.03895796,-0.00389670,-0.0000677766,0.0011185458,0.0004018210,-0.0000510360,-0.0000281362,0.0008007033,2607.88324057,2610.97886658,2609.10818392,2607.92689849,2607.98662016,2610.14911844
eth4h:row15081:1723968000,2024-08-18 08:00:00,2649.40000000,-0.01083231,0.04171363,-0.00160373,-0.03188564,-0.03866998,-0.00319890,-0.0000648386,0.0011044773,0.0004070625,-0.0000365151,-0.0000225284,0.0008142915,2649.22822207,2652.32781860,2650.47869085,2649.30325863,2649.34031392,2651.55826262
eth4h:row15082:1723982400,2024-08-18 12:00:00,2672.20000000,-0.01053628,0.04023091,-0.00231953,-0.03093716,-0.03857166,-0.00431544,-0.0000590742,0.0010756044,0.0003931237,-0.0000180456,-0.0000206139,0.0007925493,2672.04214667,2675.07577636,2673.25071161,2672.15177890,2672.14491617,2674.31868960
eth4h:row15083:1723996800,2024-08-18 16:00:00,2667.90000000,-0.01109704,0.04073859,-0.00249865,-0.03157387,-0.03881291,-0.00478110,-0.0000699938,0.0010854904,0.0003896357,-0.0000304442,-0.0000253117,0.0007834815,2667.71327017,2670.79755220,2668.93971166,2667.81877911,2667.83247178,2669.99106938
eth4h:row15084:1724011200,2024-08-18 20:00:00,2612.15000000,-0.01058055,0.03972990,-0.00341445,-0.03138212,-0.03852377,-0.00565004,-0.0000599363,0.0010658484,0.0003718024,-0.0000267103,-0.0000196813,0.0007665608,2611.99344220,2614.93564006,2613.12138429,2612.08022953,2612.09859006,2614.15313947
eth4h:row15085:1724025600,2024-08-19 00:00:00,2644.41000000,-0.00989911,0.03936071,-0.00382681,-0.03056183,-0.03797970,-0.00604718,-0.0000466666,0.0010586592,0.0003637726,-0.0000107369,-0.0000090867,0.0007588274,2644.28659729,2647.21101126,2645.37213892,2644.38160743,2644.38597124,2646.41741229
eth4h:row15086:1724040000,2024-08-19 04:00:00,2614.31000000,-0.00717595,0.03514615,-0.00519230,-0.02648396,-0.03615702,-0.00718270,0.0000063610,0.0009765898,0.0003371826,0.0000686708,0.0000264061,0.0007367156,2614.32662973,2616.86435557,2615.19164858,2614.48953282,2614.37903463,2616.23671255
eth4h:row15087:1724054400,2024-08-19 08:00:00,2587.90000000,-0.00874597,0.03691537,-0.00453972,-0.02805522,-0.03711251,-0.00603260,-0.0000242117,0.0010110414,0.0003498904,0.0000380740,0.0000077999,0.0007591112,2587.83734342,2590.51779728,2588.80563979,2587.99853359,2587.92018556,2589.86524965
eth4h:row15088:1724068800,2024-08-19 12:00:00,2584.53000000,-0.00925751,0.03764508,-0.00373894,-0.02842866,-0.03700302,-0.00510367,-0.0000341728,0.0010252510,0.0003654837,0.0000308021,0.0000099321,0.0007772001,2584.44168081,2587.18115069,2585.47477631,2584.60961019,2584.55566994,2586.53947776
eth4h:row15089:1724083200,2024-08-19 16:00:00,2606.63000000,-0.00739804,0.03309677,-0.00539252,-0.02420921,-0.03575594,-0.00730203,0.0000020364,0.0009366824,0.0003332839,0.0001129666,0.0000342163,0.0007343919,2606.63530804,2609.07272837,2607.49889271,2606.92447885,2606.71919064,2608.54499110
eth4h:row15090:1724097600,2024-08-19 20:00:00,2636.36000000,-0.00853793,0.03402255,-0.00555446,-0.02485662,-0.03677363,-0.00751819,-0.0000201606,0.0009547100,0.0003301305,0.0001003597,0.0000143989,0.0007301826,2636.30684989,2638.87816108,2637.23048664,2636.62459760,2636.39796108,2638.28572717
eth4h:row15091:1724112000,2024-08-20 00:00:00,2661.99000000,-0.01029862,0.03766877,-0.00510114,-0.02862575,-0.03928027,-0.00670344,-0.0000544463,0.0010257123,0.0003389579,0.0000269641,-0.0000344125,0.0007460481,2661.84506850,2664.72183677,2662.89245544,2662.06177901,2661.89839579,2663.97671361
eth4h:row15092:1724126400,2024-08-20 04:00:00,2674.81000000,-0.01090434,0.03910661,-0.00477148,-0.02970780,-0.04008634,-0.00636109,-0.0000662413,0.0010537112,0.0003453773,0.0000058935,-0.0000501089,0.0007527146,2674.63282294,2677.62996275,2675.73397813,2674.82576407,2674.67597166,2676.82412640
eth4h:row15093:1724140800,2024-08-20 08:00:00,2642.45000000,-0.00974329,0.03849701,-0.00505813,-0.02908705,-0.03949860,-0.00640914,-0.0000436323,0.0010418404,0.0003397953,0.0000179813,-0.0000386641,0.0007517789,2642.33470634,2645.20444588,2643.34804469,2642.49751518,2642.34783412,2644.43728513
eth4h:row15094:1724155200,2024-08-20 12:00:00,2574.99000000,-0.00946940,0.03880063,-0.00493433,-0.03006120,-0.04034696,-0.00601212,-0.0000382990,0.0010477529,0.0003422062,-0.0000009881,-0.0000551839,0.0007595102,2574.89138231,2577.68936715,2575.87132826,2574.98745563,2574.84790592,2576.94647395
eth4h:row15095:1724169600,2024-08-20 16:00:00,2601.94000000,-0.00989853,0.03937048,-0.00407005,-0.03112451,-0.04017673,-0.00528660,-0.0000466553,0.0010588495,0.0003590362,-0.0000216939,-0.0000518690,0.0007736380,2601.81860862,2604.69652201,2602.87435838,2601.88355435,2601.80504341,2603.95373851
eth4h:row15096:1724184000,2024-08-20 20:00:00,2572.82000000,-0.00939481,0.03867022,-0.00433082,-0.03069892,-0.03954817,-0.00592053,-0.0000368464,0.0010452134,0.0003539583,-0.0000134064,-0.0000396292,0.0007612935,2572.72520250,2575.51055169,2573.73083209,2572.78550791,2572.71804332,2574.77941698
eth4h:row15097:1724198400,2024-08-21 00:00:00,2591.50000000,-0.00965799,0.03896353,-0.00440474,-0.03043390,-0.03916828,-0.00647553,-0.0000419714,0.0010509250,0.0003525187,-0.0000082458,-0.0000322316,0.0007504862,2591.39123345,2594.22490378,2592.41371336,2591.47863112,2591.41647310,2593.44561505
eth4h:row15098:1724212800,2024-08-21 04:00:00,2600.72000000,-0.01115386,0.04058621,-0.00361882,-0.03187216,-0.03946555,-0.00611470,-0.0000711002,0.0010825231,0.0003678229,-0.0000362528,-0.0000380205,0.0007575125,2600.53509492,2603.53686399,2601.67678038,2600.62571833,2600.62112128,2602.69082427
eth4h:row15099:1724227200,2024-08-21 08:00:00,2577.60000000,-0.01060696,0.03982870,-0.00293750,-0.03034311,-0.03843398,-0.00546179,-0.0000604504,0.0010677722,0.0003810901,-0.0000064778,-0.0000179327,0.0007702266,2577.44418767,2580.35375949,2578.58248510,2577.58330288,2577.55377702,2579.58610097
eth4h:row15100:1724241600,2024-08-21 12:00:00,2601.89000000,-0.00961345,0.03830517,-0.00309836,-0.02877025,-0.03766076,-0.00563924,-0.0000411041,0.0010381048,0.0003779576,0.0000241503,-0.0000028759,0.0007667710,2601.78305394,2604.59243702,2602.87359001,2601.95283717,2601.88251721,2603.88581895
eth4h:row15101:1724256000,2024-08-21 16:00:00,2646.43000000,-0.00783676,0.03664104,-0.00366517,-0.02713222,-0.03735802,-0.00575060,-0.0000065068,0.0010056995,0.0003669202,0.0000560473,0.0000030191,0.0007646026,2646.41278036,2649.09285199,2647.40120682,2646.57832940,2646.43798996,2648.45424105
eth4h:row15102:1724270400,2024-08-21 20:00:00,2630.71000000,-0.00654835,0.03450591,-0.00379922,-0.02490118,-0.03653700,-0.00569001,0.0000185823,0.0009641225,0.0003643100,0.0000994921,0.0000190068,0.0007657824,2630.75888513,2633.24754963,2631.66856857,2630.97174790,2630.76000189,2632.72532305
eth4h:row15103:1724284800,2024-08-22 00:00:00,2616.59000000,-0.00629921,0.03389189,-0.00413466,-0.02401773,-0.03596882,-0.00630578,0.0000234336,0.0009521658,0.0003577780,0.0001166953,0.0000300709,0.0007537917,2616.65131692,2619.08261399,2617.52632591,2616.89536155,2616.66868444,2618.56310732
eth4h:row15104:1724299200,2024-08-22 04:00:00,2636.29000000,-0.00680698,0.03463913,-0.00380522,-0.02451430,-0.03613252,-0.00598070,0.0000135459,0.0009667166,0.0003641931,0.0001070257,0.0000268831,0.0007601218,2636.32571108,2638.83977743,2637.25029339,2636.57216598,2636.36087268,2638.29466339
eth4h:row15105:1724313600,2024-08-22 08:00:00,2641.91000000,-0.00859238,0.03763238,-0.00265302,-0.02778126,-0.03673611,-0.00467121,-0.0000212209,0.0010250037,0.0003866297,0.0000434087,0.0000151296,0.0007856214,2641.85393691,2644.61935595,2642.93163841,2642.02468448,2641.94997131,2643.98635642
eth4h:row15106:1724328000,2024-08-22 12:00:00,2599.40000000,-0.00860432,0.03817485,-0.00241178,-0.02814650,-0.03580088,-0.00445313,-0.0000214533,0.0010355670,0.0003913274,0.0000362964,0.0000333411,0.0007898681,2599.34423485,2602.09324718,2600.41741549,2599.49435067,2599.48666832,2601.45399425
eth4h:row15107:1724342400,2024-08-22 16:00:00,2606.60000000,-0.00746915,0.03719137,-0.00285245,-0.02738689,-0.03458247,-0.00444238,0.0000006517,0.0010164159,0.0003827463,0.0000510883,0.0000570670,0.0007900773,2606.60169866,2609.25073667,2607.59785735,2606.73317023,2606.74875503,2608.66022930
eth4h:row15108:1724356800,2024-08-22 20:00:00,2622.88000000,-0.00669853,0.03569452,-0.00352533,-0.02657526,-0.03407226,-0.00509814,0.0000156577,0.0009872680,0.0003696434,0.0000668929,0.0000670023,0.0007773079,2622.92106862,2625.47076413,2623.84970959,2623.05545792,2623.05574495,2624.91957793
eth4h:row15109:1724371200,2024-08-23 00:00:00,2635.72000000,-0.00699982,0.03673268,-0.00285602,-0.02677767,-0.03408483,-0.00438308,0.0000097908,0.0010074840,0.0003826768,0.0000629516,0.0000667574,0.0007912320,2635.74580595,2638.37678379,2636.72882181,2635.88592789,2635.89595976,2637.80629138
eth4h:row15110:1724385600,2024-08-23 04:00:00,2669.23000000,-0.00678813,0.03558282,-0.00331851,-0.02595944,-0.03422753,-0.00476108,0.0000139129,0.0009850929,0.0003736708,0.0000788847,0.0000639788,0.0007838714,2669.26713707,2671.86073503,2670.22759974,2669.44056964,2669.40077954,2671.32315321
eth4h:row15111:1724400000,2024-08-23 08:00:00,2653.27000000,-0.00668931,0.03469903,-0.00363763,-0.02519980,-0.03456963,-0.00516125,0.0000158373,0.0009678830,0.0003674566,0.0000936771,0.0000573171,0.0007760789,2653.31202103,2655.83929819,2654.24514068,2653.51856239,2653.42208211,2655.32994608
eth4h:row15112:1724414400,2024-08-23 12:00:00,2671.09000000,-0.00689965,0.03453467,-0.00402840,-0.02495797,-0.03508840,-0.00561592,0.0000117413,0.0009646825,0.0003598472,0.0000983863,0.0000472152,0.0007672253,2671.12136229,2673.66799698,2672.05135727,2671.35281153,2671.21611902,2673.14011415
eth4h:row15113:1724428800,2024-08-23 16:00:00,2746.54000000,-0.00722125,0.03471828,-0.00422305,-0.02517342,-0.03537629,-0.00603186,0.0000054789,0.0009682579,0.0003560568,0.0000941907,0.0000416092,0.0007591257,2746.55504809,2749.20064700,2747.51809825,2746.79871082,2746.65428358,2748.62576064
eth4h:row15114:1724443200,2024-08-23 20:00:00,2762.48000000,-0.00684626,0.03467301,-0.00436492,-0.02531618,-0.03561083,-0.00572336,0.0000127810,0.0009673764,0.0003532942,0.0000914109,0.0000370419,0.0007651330,2762.51530744,2765.15365094,2763.45614062,2762.73253241,2762.58232943,2764.59447353
eth4h:row15115:1724457600,2024-08-24 00:00:00,2746.60000000,-0.00657462,0.03491349,-0.00434923,-0.02567419,-0.03555993,-0.00554373,0.0000180707,0.0009720591,0.0003535996,0.0000844394,0.0000380331,0.0007686309,2746.64963356,2749.27115564,2747.57136843,2746.83193093,2746.70446376,2748.71193307
eth4h:row15116:1724472000,2024-08-24 04:00:00,2758.48000000,-0.00666830,0.03580026,-0.00414849,-0.02678577,-0.03597090,-0.00538094,0.0000162465,0.0009893270,0.0003575086,0.0000627937,0.0000300303,0.0007718009,2758.52481590,2761.21038919,2759.46635666,2758.65322060,2758.56283920,2760.60981927
eth4h:row15117:1724486400,2024-08-24 08:00:00,2756.31000000,-0.00725979,0.03801662,-0.00329784,-0.02955332,-0.03650815,-0.00439057,0.0000047285,0.0010324860,0.0003740733,0.0000089017,0.0000195686,0.0007910862,2756.32303334,2759.15732118,2757.34125480,2756.33453591,2756.36393759,2758.49134160
eth4h:row15118:1724500800,2024-08-24 12:00:00,2761.07000000,-0.00624943,0.03567291,-0.00404507,-0.02743291,-0.03593809,-0.00565165,0.0000244031,0.0009868472,0.0003595225,0.0000501920,0.0000306692,0.0007665295,2761.13737944,2763.79609921,2762.06284532,2761.20858710,2761.15468122,2763.18725288
eth4h:row15119:1724515200,2024-08-24 16:00:00,2793.01000000,-0.00792691,0.03756530,-0.00303212,-0.02889543,-0.03654058,-0.00501646,-0.0000082623,0.0010236974,0.0003792476,0.0000217126,0.0000189372,0.0007788983,2792.98692346,2795.87066107,2794.06944311,2793.07064416,2793.06289221,2795.18631822
eth4h:row15120:1724529600,2024-08-24 20:00:00,2768.00000000,-0.00816981,0.03731010,-0.00298087,-0.02874559,-0.03628910,-0.00537078,-0.0000129923,0.0010187280,0.0003802456,0.0000246305,0.0000238340,0.0007719988,2767.96403752,2770.82127589,2769.05271993,2768.06817813,2768.06597343,2770.13771785
eth4h:row15121:1724544000,2024-08-25 00:00:00,2764.53000000,-0.00840518,0.03705040,-0.00286392,-0.02806928,-0.03570173,-0.00557050,-0.0000175755,0.0010136709,0.0003825228,0.0000378001,0.0000352719,0.0007681096,2764.48141240,2767.33374453,2765.58769812,2764.63450145,2764.62751190,2766.65427770
eth4h:row15122:1724558400,2024-08-25 04:00:00,2743.40000000,-0.00766364,0.03581873,-0.00322703,-0.02662432,-0.03552059,-0.00601574,-0.0000031356,0.0009896868,0.0003754522,0.0000659377,0.0000387992,0.0007594395,2743.39139782,2746.11645083,2744.43020885,2743.58089937,2743.50644370,2745.48423766
eth4h:row15123:1724572800,2024-08-25 08:00:00,2750.99000000,-0.00770552,0.03599275,-0.00310026,-0.02645304,-0.03560791,-0.00573036,-0.0000039513,0.0009930754,0.0003779208,0.0000692729,0.0000370988,0.0007649967,2750.97913015,2753.72329747,2752.02985272,2751.18057554,2751.09206027,2753.09530332
eth4h:row15124:1724587200,2024-08-25 12:00:00,2763.81000000,-0.00813912,0.03661395,-0.00281101,-0.02685788,-0.03591997,-0.00515122,-0.0000123946,0.0010051719,0.0003835532,0.0000613896,0.0000310221,0.0007762743,2763.77574399,2766.58950092,2764.87027153,2763.97967434,2763.89574048,2765.95630769
eth4h:row15125:1724601600,2024-08-25 16:00:00,2766.30000000,-0.00857814,0.03677184,-0.00281927,-0.02644972,-0.03580192,-0.00474712,-0.0000209435,0.0010082465,0.0003833923,0.0000693376,0.0000333208,0.0007841432,2766.24206463,2769.09051895,2767.36078150,2766.49181516,2766.39217685,2768.47002614
eth4h:row15126:1724616000,2024-08-25 20:00:00,2746.13000000,-0.00907311,0.03700567,-0.00292201,-0.02643612,-0.03611536,-0.00464581,-0.0000305820,0.0010127999,0.0003813918,0.0000696025,0.0000272174,0.0007861161,2746.04601914,2748.91268900,2747.17755109,2746.32114414,2746.20474355,2748.28962573
eth4h:row15127:1724630400,2024-08-26 00:00:00,2744.34000000,-0.00910629,0.03640581,-0.00343969,-0.02601951,-0.03603963,-0.00509753,-0.0000312282,0.0010011189,0.0003713110,0.0000777150,0.0000286920,0.0007773198,2744.25430053,2747.08878623,2745.35919292,2744.55328468,2744.41874184,2746.47405913
eth4h:row15128:1724644800,2024-08-26 04:00:00,2733.13000000,-0.00937858,0.03685401,-0.00391683,-0.02704386,-0.03666274,-0.00526782,-0.0000365304,0.0010098465,0.0003620197,0.0000577680,0.0000165584,0.0007740038,2733.03015938,2735.89143593,2734.11962605,2733.28789199,2733.17525657,2735.24627179
eth4h:row15129:1724659200,2024-08-26 08:00:00,2737.35000000,-0.01024674,0.03896723,-0.00397183,-0.02960285,-0.03799135,-0.00480694,-0.0000534359,0.0010509970,0.0003609487,0.0000079372,-0.0000093136,0.0007829784,2737.20373111,2740.22845896,2738.33822126,2737.37172688,2737.32450560,2739.49412511
eth4h:row15130:1724673600,2024-08-26 12:00:00,2721.69000000,-0.00855222,0.03647650,-0.00529235,-0.02746713,-0.03743622,-0.00597760,-0.0000204389,0.0010024954,0.0003352345,0.0000495258,0.0000014963,0.0007601823,2721.63437225,2724.41984985,2722.60255721,2721.82479714,2721.69407257,2723.75976726
eth4h:row15131:1724688000,2024-08-26 16:00:00,2680.83000000,-0.00799814,0.03511295,-0.00592107,-0.02639629,-0.03732438,-0.00648504,-0.0000096493,0.0009759433,0.0003229915,0.0000703781,0.0000036743,0.0007503010,2680.80413203,2683.44761522,2681.69602527,2681.01867839,2680.83985030,2682.84218409
eth4h:row15132:1724702400,2024-08-26 20:00:00,2680.49000000,-0.00831343,0.03560127,-0.00561092,-0.02724260,-0.03779147,-0.00598353,-0.0000157889,0.0009854521,0.0003290310,0.0000538980,-0.0000054213,0.0007600668,2680.44767822,2683.13279650,2681.37210929,2680.63447700,2680.47546839,2682.52812604
eth4h:row15133:1724716800,2024-08-27 00:00:00,2685.27000000,-0.00818166,0.03477032,-0.00584028,-0.02689285,-0.03817991,-0.00648402,-0.0000132230,0.0009692712,0.0003245647,0.0000607086,-0.0000129854,0.0007503208,2685.23449293,2687.87401664,2686.14168527,2685.43302381,2685.23513102,2687.28557009
eth4h:row15134:1724731200,2024-08-27 04:00:00,2687.90000000,-0.00753665,0.03303847,-0.00674843,-0.02506715,-0.03795088,-0.00765599,-0.0000006628,0.0009355473,0.0003068804,0.0000962602,-0.0000085255,0.0007274993,2687.89821850,2690.41583423,2688.72499042,2688.15875029,2687.87708446,2689.85615675
eth4h:row15135:1724745600,2024-08-27 08:00:00,2626.67000000,-0.00864084,0.03459964,-0.00668261,-0.02641180,-0.03922424,-0.00752304,-0.0000221645,0.0009659476,0.0003081622,0.0000700760,-0.0000333215,0.0007300881,2626.61178177,2629.20845141,2627.47956519,2626.85407309,2626.58247690,2628.58840085
eth4h:row15136:1724760000,2024-08-27 12:00:00,2579.30000000,-0.00902937,0.03441948,-0.00670450,-0.02571344,-0.03944201,-0.00776277,-0.0000297304,0.0009624395,0.0003077358,0.0000836751,-0.0000375620,0.0007254199,2579.22331763,2581.78361511,2580.09386514,2579.51583210,2579.20311814,2581.17175444
eth4h:row15137:1724774400,2024-08-27 16:00:00,2584.00000000,-0.01127817,0.03816877,-0.00516826,-0.02860967,-0.04077465,-0.00652469,-0.0000735208,0.0010354486,0.0003376508,0.0000272771,-0.0000635123,0.0007495290,2583.81002935,2586.67698495,2584.87263705,2584.07048511,2583.83588942,2585.93750886
eth4h:row15138:1724788800,2024-08-27 20:00:00,2457.33000000,-0.01164946,0.03985516,-0.00443886,-0.02997289,-0.04145197,-0.00573139,-0.0000807509,0.0010682875,0.0003518544,0.0000007314,-0.0000767016,0.0007649766,2457.13157647,2459.95653765,2458.19477450,2457.33179735,2457.14152610,2459.21051922
eth4h:row15139:1724803200,2024-08-28 00:00:00,2478.45000000,-0.01170987,0.03922612,-0.00448279,-0.02937519,-0.04154114,-0.00558127,-0.0000819272,0.0010560384,0.0003509988,0.0000123703,-0.0000784380,0.0007678999,2478.24695582,2481.06872077,2479.32008577,2478.48065948,2478.25560306,2480.35393250
eth4h:row15140:1724817600,2024-08-28 04:00:00,2437.02000000,-0.01139042,0.03921286,-0.00447317,-0.02953601,-0.04150609,-0.00554860,-0.0000757066,0.0010557801,0.0003511861,0.0000092389,-0.0000777555,0.0007685361,2436.83550850,2439.59431597,2437.87599795,2437.04251538,2436.83051570,2438.89365780
eth4h:row15141:1724832000,2024-08-28 08:00:00,2523.20000000,-0.01111209,0.03925816,-0.00450990,-0.02917201,-0.04091660,-0.00548292,-0.0000702868,0.0010566622,0.0003504710,0.0000163268,-0.0000662764,0.0007698152,2523.02265849,2525.86757924,2524.08446347,2523.24119609,2523.03277682,2525.14314551
eth4h:row15142:1724846400,2024-08-28 12:00:00,2496.05000000,-0.01057878,0.03875355,-0.00410517,-0.02908584,-0.03995318,-0.00533678,-0.0000599017,0.0010468360,0.0003583523,0.0000180048,-0.0000475159,0.0007726609,2495.90048677,2498.66432309,2496.94462548,2496.09494136,2495.93140069,2497.97934541
eth4h:row15143:1724860800,2024-08-28 16:00:00,2504.88000000,-0.01017182,0.03965939,-0.00339509,-0.03022652,-0.03988639,-0.00426243,-0.0000519769,0.0010644753,0.0003721795,-0.0000042075,-0.0000462154,0.0007935815,2504.74980736,2507.54780251,2505.81243850,2504.86946068,2504.76423866,2506.86861547
eth4h:row15144:1724875200,2024-08-28 20:00:00,2528.33000000,-0.00911614,0.03900982,-0.00290687,-0.02959519,-0.03871379,-0.00413850,-0.0000314200,0.0010518263,0.0003816866,0.0000080863,-0.0000233815,0.0007959949,2528.25056111,2530.99076304,2529.29521378,2528.35044494,2528.27088455,2530.34333888
eth4h:row15145:1724889600,2024-08-29 00:00:00,2523.40000000,-0.00728731,0.03768501,-0.00302400,-0.02821999,-0.03720675,-0.00436892,0.0000041926,0.0010260286,0.0003794057,0.0000348653,0.0000059649,0.0007915078,2523.41057962,2525.99040930,2524.35757399,2523.48798070,2523.41505194,2525.39808155
eth4h:row15146:1724904000,2024-08-29 04:00:00,2547.53000000,-0.00458926,0.03289164,-0.00411217,-0.02375009,-0.03502683,-0.00538423,0.0000567313,0.0009326880,0.0003582159,0.0001219070,0.0000484142,0.0007717370,2547.67452871,2549.90715901,2548.44272921,2547.84058067,2547.65333954,2549.49678189
eth4h:row15147:1724918400,2024-08-29 08:00:00,2555.21000000,-0.00533657,0.03319965,-0.00302939,-0.02404092,-0.03397227,-0.00496345,0.0000421791,0.0009386857,0.0003793007,0.0001162438,0.0000689494,0.0007799306,2555.31777863,2557.60966530,2556.17937667,2555.50704456,2555.38618615,2557.20366378
eth4h:row15148:1724932800,2024-08-29 12:00:00,2575.97000000,-0.00384894,0.03093643,-0.00313442,-0.02159814,-0.03192497,-0.00540343,0.0000711474,0.0008946145,0.0003772554,0.0001638116,0.0001088161,0.0007713631,2576.15328006,2578.27553115,2576.94198195,2576.39200833,2576.25032228,2577.95777471
eth4h:row15149:1724947200,2024-08-29 16:00:00,2528.54000000,-0.00373843,0.03139485,-0.00242632,-0.02184632,-0.03072555,-0.00495752,0.0000732993,0.0009035412,0.0003910442,0.0001589789,0.0001321723,0.0007800462,2528.72534694,2530.82567249,2529.52896423,2528.94201634,2528.87422495,2530.51314753
eth4h:row15150:1724961600,2024-08-29 20:00:00,2527.61000000,-0.00239804,0.02992917,-0.00274044,-0.02080576,-0.02984954,-0.00540600,0.0000994005,0.0008750003,0.0003849275,0.0001792416,0.0001492307,0.0007713129,2527.86125808,2529.82262733,2528.58313375,2528.06309339,2527.98722505,2529.56033022
eth4h:row15151:1724976000,2024-08-30 00:00:00,2516.80000000,-0.00200452,0.02993158,-0.00221333,-0.01977561,-0.02880094,-0.00460084,0.0001070635,0.0008750473,0.0003951917,0.0001993015,0.0001696498,0.0007869917,2517.06947185,2519.00328285,2517.79481504,2517.30165190,2517.22701077,2518.78148025
eth4h:row15152:1724990400,2024-08-30 04:00:00,2517.41000000,-0.00177634,0.02953593,-0.00239464,-0.01921470,-0.02785433,-0.00462973,0.0001115068,0.0008673427,0.0003916611,0.0002102240,0.0001880830,0.0007864290,2517.69072410,2519.59440447,2518.39616465,2517.93927553,2517.88352651,2519.39054300
eth4h:row15153:1725004800,2024-08-30 08:00:00,2512.44000000,-0.00283611,0.03151164,-0.00145278,-0.02047243,-0.02774180,-0.00320338,0.0000908701,0.0009058155,0.0004100019,0.0001857323,0.0001902743,0.0008142042,2512.66831605,2514.71683821,2513.47031631,2512.90668469,2512.91809832,2514.48647222
eth4h:row15154:1725019200,2024-08-30 12:00:00,2448.75000000,-0.00319904,0.03041667,-0.00157944,-0.02003708,-0.02708579,-0.00325536,0.0000838028,0.0008844934,0.0004075354,0.0001942099,0.0002030487,0.0008131921,2448.95522064,2450.91686138,2449.74815581,2449.22561763,2449.24726594,2450.74211402
eth4h:row15155:1725033600,2024-08-30 16:00:00,2506.94000000,-0.00264268,0.02904660,-0.00260668,-0.01896725,-0.02600757,-0.00456415,0.0000946368,0.0008578142,0.0003875321,0.0002150425,0.0002240447,0.0007877062,2507.17725994,2509.09141138,2507.91170810,2507.47915658,2507.50172943,2508.91551017
eth4h:row15156:1725048000,2024-08-30 20:00:00,2526.00000000,-0.00266290,0.02900464,-0.00341860,-0.01942566,-0.02639360,-0.00486511,0.0000942430,0.0008569971,0.0003717218,0.0002061161,0.0002165276,0.0007818457,2526.23806907,2528.16570253,2526.93914371,2526.52070281,2526.54700784,2527.97571447
eth4h:row15157:1725062400,2024-08-31 00:00:00,2523.52000000,-0.00228646,0.02953500,-0.00452590,-0.02051276,-0.02740614,-0.00506550,0.0001015732,0.0008673248,0.0003501595,0.0001849471,0.0001968107,0.0007779434,2523.77633511,2525.70966080,2524.40378930,2523.98676097,2524.01670449,2525.48391946
eth4h:row15158:1725076800,2024-08-31 04:00:00,2521.01000000,-0.00328080,0.03167508,-0.00424460,-0.02210281,-0.02875630,-0.00395703,0.0000822106,0.0009089981,0.0003556372,0.0001539842,0.0001705191,0.0007995285,2521.21726232,2523.30263512,2521.90672432,2521.39822558,2521.43991705,2523.02642539
eth4h:row15159:1725091200,2024-08-31 08:00:00,2525.50000000,-0.00303760,0.03105689,-0.00485472,-0.02188472,-0.02943713,-0.00423810,0.0000869465,0.0008969602,0.0003437564,0.0001582311,0.0001572613,0.0007940552,2525.71959281,2527.76628917,2526.36830601,2525.89964424,2525.89719476,2527.50618289
eth4h:row15160:1725105600,2024-08-31 12:00:00,2519.19000000,-0.00316061,0.03021664,-0.00574795,-0.02169966,-0.03092689,-0.00516423,0.0000845511,0.0008805982,0.0003263626,0.0001618347,0.0001282515,0.0007760209,2519.40300933,2521.40937121,2520.01230350,2519.59772531,2519.51311066,2521.14570272
eth4h:row15161:1725120000,2024-08-31 16:00:00,2499.80000000,-0.00605169,0.03505982,-0.00423913,-0.02650657,-0.03365890,-0.00353339,0.0000282536,0.0009749086,0.0003557437,0.0000682306,0.0000750516,0.0008077780,2499.87062937,2502.23826480,2500.68944621,2499.97056861,2499.98762099,2501.82009923
eth4h:row15162:1725134400,2024-08-31 20:00:00,2513.01000000,-0.00556645,0.03295610,-0.00579062,-0.02508449,-0.03403778,-0.00576767,0.0000377026,0.0009339432,0.0003255318,0.0000959225,0.0000676738,0.0007642702,2513.10474889,2515.35810504,2513.82819788,2513.25106567,2513.18007063,2514.93135283
eth4h:row15163:1725148800,2024-09-01 00:00:00,2488.74000000,-0.00681019,0.03478114,-0.00545293,-0.02638679,-0.03505347,-0.00573212,0.0000134835,0.0009694819,0.0003321075,0.0000705629,0.0000478954,0.0007649626,2488.77355711,2491.15395822,2489.56666638,2488.91561902,2488.85920193,2490.64452127
eth4h:row15164:1725163200,2024-09-01 04:00:00,2486.82000000,-0.00714298,0.03520719,-0.00582785,-0.02691565,-0.03624079,-0.00632489,0.0000070032,0.0009777783,0.0003248068,0.0000602646,0.0000247748,0.0007534195,2486.83741567,2489.25274786,2487.62786732,2486.96987172,2486.88161116,2488.69432476
eth4h:row15165:1725177600,2024-09-01 08:00:00,2477.74000000,-0.00940631,0.03841317,-0.00422910,-0.02940088,-0.03778259,-0.00474581,-0.0000370704,0.0010402080,0.0003559389,0.0000118701,-0.0000052483,0.0007841686,2477.64815078,2480.31870584,2478.62208115,2477.76941120,2477.72699605,2479.68372799
eth4h:row15166:1725192000,2024-09-01 12:00:00,2480.83000000,-0.00886458,0.03740338,-0.00443845,-0.02855348,-0.03782514,-0.00514774,-0.0000265214,0.0010205444,0.0003518624,0.0000283714,-0.0000060770,0.0007763421,2480.76420582,2483.36308961,2481.70306434,2480.90038554,2480.81492393,2482.75672051
eth4h:row15167:1725206400,2024-09-01 16:00:00,2501.71000000,-0.00934510,0.03787289,-0.00418677,-0.02856169,-0.03832037,-0.00502191,-0.0000358784,0.0010296871,0.0003567633,0.0000282115,-0.0000157205,0.0007787923,2501.62024417,2504.28730508,2502.60267758,2501.78057795,2501.67067222,2503.65907123
eth4h:row15168:1725220800,2024-09-01 20:00:00,2425.72000000,-0.01064859,0.03926284,-0.00338440,-0.02995087,-0.03922919,-0.00461267,-0.0000612612,0.0010567533,0.0003723877,0.0000011603,-0.0000334178,0.0007867614,2425.57140212,2428.28474261,2426.62347650,2425.72281455,2425.63893906,2427.62921387
eth4h:row15169:1725235200,2024-09-02 00:00:00,2450.52000000,-0.01246299,0.04191310,-0.00266132,-0.03211125,-0.04065809,-0.00408526,-0.0000965926,0.0011083614,0.0003864681,-0.0000409085,-0.0000612426,0.0007970315,2450.28330936,2453.23756763,2451.46723083,2450.41975485,2450.36992836,2452.47392016
eth4h:row15170:1725249600,2024-09-02 04:00:00,2441.14000000,-0.01315545,0.04326475,-0.00206292,-0.03276510,-0.04055295,-0.00359149,-0.0001100767,0.0011346820,0.0003981207,-0.0000536408,-0.0000591952,0.0008066466,2440.87130217,2443.91148969,2442.11206175,2441.00905876,2440.99550055,2443.10993177
eth4h:row15171:1725264000,2024-09-02 08:00:00,2515.81000000,-0.01400128,0.04519413,-0.00145343,-0.03469199,-0.04127023,-0.00280816,-0.0001265475,0.0011722524,0.0004099891,-0.0000911627,-0.0000731627,0.0008219003,2515.49165069,2518.76089346,2516.84166617,2515.58066236,2515.62594326,2517.87859503
eth4h:row15172:1725278400,2024-09-02 12:00:00,2513.20000000,-0.01286533,0.04404572,-0.00111834,-0.03341278,-0.03974245,-0.00176441,-0.0001044274,0.0011498897,0.0004165143,-0.0000662530,-0.0000434124,0.0008422250,2512.93756673,2516.09156495,2514.24700167,2513.03349855,2513.09089840,2515.31757146
eth4h:row15173:1725292800,2024-09-02 16:00:00,2524.25000000,-0.01227097,0.04334057,-0.00131136,-0.03331610,-0.03938273,-0.00210020,-0.0000928535,0.0011361584,0.0004127556,-0.0000643704,-0.0000364077,0.0008356862,2524.01562547,2527.11957760,2525.29211330,2524.08751835,2524.15809949,2526.36036258
eth4h:row15174:1725307200,2024-09-02 20:00:00,2538.01000000,-0.01069798,0.04235432,-0.00136556,-0.03215541,-0.03816489,-0.00223023,-0.0000622228,0.0011169533,0.0004117002,-0.0000417683,-0.0000126929,0.0008331542,2537.85208288,2540.84642246,2539.05511442,2537.90399382,2537.97778557,2540.12543481
eth4h:row15175:1725321600,2024-09-03 00:00:00,2516.00000000,-0.01011479,0.04250289,-0.00111664,-0.03243854,-0.03792546,-0.00221356,-0.0000508665,0.0011198463,0.0004165473,-0.0000472818,-0.0000080305,0.0008334789,2515.87202320,2518.81911145,2517.04825141,2515.88104182,2515.97979546,2518.09790706
eth4h:row15176:1725336000,2024-09-03 04:00:00,2519.55000000,-0.00997029,0.04205049,-0.00109620,-0.03201049,-0.03782792,-0.00229761,-0.0000480527,0.0011110368,0.0004169454,-0.0000389464,-0.0000061310,0.0008318422,2519.42893168,2522.35086839,2520.60073394,2519.45187444,2519.53455265,2521.64673998
eth4h:row15177:1725350400,2024-09-03 08:00:00,2509.59000000,-0.00986041,0.04160289,-0.00058546,-0.03105469,-0.03673927,-0.00200323,-0.0000459130,0.0011023207,0.0004268910,-0.0000203342,0.0000150681,0.0008375746,2509.47477979,2512.35789835,2510.66154997,2509.53897005,2509.62781497,2511.69284941
eth4h:row15178:1725364800,2024-09-03 12:00:00,2444.01000000,-0.01016743,0.04214842,-0.00019469,-0.03123518,-0.03639800,-0.00192443,-0.0000518916,0.0011129438,0.0004345005,-0.0000238490,0.0000217135,0.0008391090,2443.88317960,2446.73155990,2445.07215421,2443.95171352,2444.06306858,2446.06165151
eth4h:row15179:1725379200,2024-09-03 16:00:00,2447.60000000,-0.00940034,0.04039717,-0.00018513,-0.02936542,-0.03438971,-0.00219190,-0.0000369541,0.0010788421,0.0004346865,0.0000125607,0.0000608206,0.0008339007,2447.50955285,2450.24199877,2448.66416986,2447.63074376,2447.74886900,2449.64190650
eth4h:row15180:1725393600,2024-09-03 20:00:00,2425.29000000,-0.00873709,0.03934631,-0.00000028,-0.02832946,-0.03365467,-0.00206973,-0.0000240387,0.0010583789,0.0004382861,0.0000327338,0.0000751340,0.0008362796,2425.23169985,2427.85823450,2426.35320397,2425.36939015,2425.47222857,2427.31906886
eth4h:row15181:1725408000,2024-09-04 00:00:00,2373.00000000,-0.00742602,0.03778390,-0.00062584,-0.02633036,-0.03282920,-0.00265016,0.0000014914,0.0010279542,0.0004261047,0.0000716618,0.0000912081,0.0008249770,2373.00353915,2375.44058944,2374.01136202,2373.17005957,2373.21644678,2374.95847810
eth4h:row15182:1725422400,2024-09-04 04:00:00,2401.52000000,-0.00782332,0.03781600,-0.00084804,-0.02587330,-0.03266705,-0.00249892,-0.0000062450,0.0010285792,0.0004217778,0.0000805621,0.0000943657,0.0008279220,2401.50500247,2403.99142431,2402.53312137,2401.71347937,2401.74663191,2403.50909462
eth4h:row15183:1725436800,2024-09-04 08:00:00,2398.77000000,-0.00783120,0.03771473,-0.00116161,-0.02571368,-0.03272644,-0.00186754,-0.0000063985,0.0010266072,0.0004156718,0.0000836704,0.0000932091,0.0008402169,2398.75465144,2401.23385907,2399.76730820,2398.97071447,2398.99359769,2400.78633402
eth4h:row15184:1725451200,2024-09-04 12:00:00,2455.40000000,-0.00817826,0.03716115,-0.00109555,-0.02484862,-0.03257147,-0.00188673,-0.0000131568,0.0010158275,0.0004169581,0.0001005155,0.0000962269,0.0008398431,2455.36769492,2457.89553007,2456.42401232,2455.64681824,2455.63628685,2457.46301705
eth4h:row15185:1725465600,2024-09-04 16:00:00,2452.16000000,-0.00865261,0.03738288,-0.00135887,-0.02546957,-0.03223739,-0.00198207,-0.0000223937,0.0010201452,0.0004118305,0.0000884239,0.0001027324,0.0008379867,2452.10508756,2454.66283559,2453.17008229,2452.37683924,2452.41192933,2454.21573858
eth4h:row15186:1725480000,2024-09-04 20:00:00,2450.71000000,-0.00787918,0.03687841,-0.00263651,-0.02633321,-0.03292451,-0.00234710,-0.0000073329,0.0010103218,0.0003869512,0.0000716064,0.0000893522,0.0008308784,2450.69202932,2453.18725700,2451.65848874,2450.88549278,2450.92898617,2452.74708820
eth4h:row15187:1725494400,2024-09-05 00:00:00,2405.55000000,-0.00764033,0.03740195,-0.00355990,-0.02768665,-0.03421602,-0.00305953,-0.0000026818,0.0010205166,0.0003689702,0.0000452510,0.0000642028,0.0008170053,2405.54354887,2408.00615673,2406.43774014,2405.65885605,2405.70444797,2407.51615026
eth4h:row15188:1725508800,2024-09-05 04:00:00,2412.40000000,-0.00616449,0.03607199,-0.00446660,-0.02673149,-0.03370167,-0.00393711,0.0000260570,0.0009946185,0.0003513143,0.0000638508,0.0000742188,0.0007999165,2412.46286082,2414.80061136,2413.24765939,2412.55403854,2412.57905209,2414.33049053
eth4h:row15189:1725523200,2024-09-05 08:00:00,2389.54000000,-0.00638524,0.03625218,-0.00478614,-0.02726560,-0.03483243,-0.00396851,0.0000217585,0.0009981272,0.0003450917,0.0000534500,0.0000521997,0.0007993049,2389.59199335,2391.92625563,2390.36475283,2389.66772433,2389.66473653,2391.45073468
eth4h:row15190:1725537600,2024-09-05 12:00:00,2371.43000000,-0.00733927,0.03746466,-0.00416000,-0.02913597,-0.03617419,-0.00353754,0.0000031808,0.0010217376,0.0003572846,0.0000170287,0.0000260718,0.0008076972,2371.43754301,2373.85421747,2372.27742680,2371.47038273,2371.49182830,2373.34617108
eth4h:row15191:1725552000,2024-09-05 16:00:00,2363.97000000,-0.00731677,0.03692336,-0.00359321,-0.02871640,-0.03606246,-0.00361088,0.0000036189,0.0010111970,0.0003683216,0.0000251990,0.0000282475,0.0008062691,2363.97855507,2366.36164832,2364.84086152,2364.02957034,2364.03677719,2365.87676460
eth4h:row15192:1725566400,2024-09-05 20:00:00,2368.81000000,-0.00715131,0.03492186,-0.00477192,-0.02711816,-0.03655944,-0.00569544,0.0000068410,0.0009722222,0.0003453687,0.0000563212,0.0000185698,0.0007656767,2368.82620499,2371.11412954,2369.62825415,2368.94341801,2368.85398878,2370.62443708
eth4h:row15193:1725580800,2024-09-06 00:00:00,2392.63000000,-0.00879635,0.03755743,-0.00429493,-0.02866336,-0.03830493,-0.00574064,-0.0000251927,0.0010235442,0.0003546570,0.0000262317,-0.0000154199,0.0007647966,2392.56972393,2395.08021629,2393.47871344,2392.69276351,2392.59310624,2394.46057517
eth4h:row15194:1725595200,2024-09-06 04:00:00,2344.45000000,-0.01096101,0.04009733,-0.00307276,-0.03076188,-0.04016040,-0.00508847,-0.0000673448,0.0010730033,0.0003784563,-0.0000146324,-0.0000515510,0.0007774962,2344.29211874,2346.96695274,2345.33743972,2344.41569535,2344.32914437,2346.27350980
eth4h:row15195:1725609600,2024-09-06 08:00:00,2372.95000000,-0.01076329,0.03995509,-0.00262929,-0.02995056,-0.03912113,-0.00425002,-0.0000634946,0.0010702334,0.0003870918,0.0000011664,-0.0000313135,0.0007938232,2372.79933531,2375.49096977,2373.86872732,2372.95276778,2372.87569573,2374.83445072
eth4h:row15196:1725624000,2024-09-06 12:00:00,2290.21000000,-0.00983420,0.03881956,-0.00262187,-0.02830855,-0.03825990,-0.00421483,-0.0000454026,0.0010481214,0.0003872363,0.0000331409,-0.0000145430,0.0007945085,2290.10602084,2292.61167656,2291.09702422,2290.28590079,2290.17669376,2292.03031428
eth4h:row15197:1725638400,2024-09-06 16:00:00,2222.56000000,-0.01035264,0.03932808,-0.00186878,-0.02876681,-0.03846515,-0.00342978,-0.0000554981,0.0010580237,0.0004019011,0.0000242173,-0.0000185398,0.0008097955,2222.43665548,2224.91276556,2223.45342886,2222.61382511,2222.51879466,2224.36054811
eth4h:row15198:1725652800,2024-09-06 20:00:00,2225.23000000,-0.01026040,0.03941102,-0.00150328,-0.02865143,-0.03766159,-0.00278830,-0.0000537020,0.0010596388,0.0004090185,0.0000264641,-0.0000028922,0.0008222870,2225.11050391,2227.58918970,2226.14034639,2225.28888948,2225.22356429,2227.06053015
eth4h:row15199:1725667200,2024-09-07 00:00:00,2238.41000000,-0.01035570,0.03997529,-0.00200863,-0.02889166,-0.03749756,-0.00319166,-0.0000555576,0.0010706268,0.0003991779,0.0000217860,0.0000003020,0.0008144324,2238.28564272,2240.80778517,2239.30370214,2238.45876655,2238.41067602,2240.23377624
eth4h:row15200:1725681600,2024-09-07 04:00:00,2288.11000000,-0.01068544,0.04032928,-0.00215669,-0.02890949,-0.03727631,-0.00312669,-0.0000619787,0.0010775201,0.0003962948,0.0000214390,0.0000046104,0.0008156976,2287.96819020,2290.57681324,2289.01694574,2288.15905524,2288.12054917,2289.97716714
eth4h:row15201:1725696000,2024-09-07 08:00:00,2283.70000000,-0.01186705,0.04177655,-0.00119118,-0.03029738,-0.03697751,-0.00170700,-0.0000849879,0.0011057023,0.0004150959,-0.0000055873,0.0000104289,0.0008433430,2283.50592137,2286.22648896,2284.64815132,2283.68724038,2283.72381653,2285.62675477
eth4h:row15202:1725710400,2024-09-07 12:00:00,2300.49000000,-0.01025805,0.03972072,-0.00203598,-0.02895642,-0.03562955,-0.00225352,-0.0000536562,0.0010656696,0.0003986453,0.0000205249,0.0000366775,0.0008327007,2300.36656787,2302.94286904,2301.40726231,2300.53721790,2300.57437767,2302.40641735
eth4h:row15203:1725724800,2024-09-07 16:00:00,2290.44000000,-0.00954376,0.03955723,-0.00208163,-0.02904178,-0.03564341,-0.00221073,-0.0000397470,0.0010624859,0.0003977564,0.0000188629,0.0000364076,0.0008335340,2290.34896380,2292.87485346,2291.35121827,2290.48320465,2290.52339095,2292.34995558
eth4h:row15204:1725739200,2024-09-07 20:00:00,2273.58000000,-0.00746894,0.03808368,-0.00258833,-0.02838973,-0.03515873,-0.00249735,0.0000006557,0.0010337918,0.0003878895,0.0000315600,0.0000458456,0.0008279526,2273.58149088,2275.93162362,2274.46206884,2273.65175537,2273.68423604,2275.46319607
eth4h:row15205:1725753600,2024-09-08 00:00:00,2286.04000000,-0.00619896,0.03539968,-0.00401329,-0.02604711,-0.03538979,-0.00387824,0.0000253859,0.0009815267,0.0003601415,0.0000771776,0.0000413463,0.0008010628,2286.09803388,2288.28491089,2286.86344603,2286.21643792,2286.13452116,2287.87199525
eth4h:row15206:1725768000,2024-09-08 04:00:00,2294.94000000,-0.00647479,0.03511605,-0.00376245,-0.02541321,-0.03531239,-0.00399166,0.0000200146,0.0009760037,0.0003650260,0.0000895214,0.0000428534,0.0007988542,2294.98593272,2297.18096327,2295.77786566,2295.14545534,2295.03834807,2296.77405487
eth4h:row15207:1725782400,2024-09-08 08:00:00,2296.60000000,-0.00771287,0.03719617,-0.00295555,-0.02727209,-0.03603149,-0.00344682,-0.0000040943,0.0010165094,0.0003807386,0.0000533238,0.0000288505,0.0008094637,2296.59059703,2298.93570234,2297.47457072,2296.72246666,2296.66625894,2298.45976700
eth4h:row15208:1725796800,2024-09-08 12:00:00,2245.74000000,-0.00767994,0.03734139,-0.00244607,-0.02767120,-0.03540141,-0.00323053,-0.0000034530,0.0010193373,0.0003906597,0.0000455519,0.0000411199,0.0008136755,2245.73224539,2248.03033376,2246.61749154,2245.84230010,2245.83234657,2247.56804727
eth4h:row15209:1725811200,2024-09-08 16:00:00,2272.09000000,-0.00697207,0.03609280,-0.00274929,-0.02696968,-0.03518064,-0.00399287,0.0000103311,0.0009950236,0.0003847551,0.0000592124,0.0000454191,0.0007988307,2272.11347331,2274.35190829,2272.96436639,2272.22453999,2272.19319853,2273.90574032
eth4h:row15210:1725825600,2024-09-08 20:00:00,2297.30000000,-0.00796111,0.03818790,-0.00205253,-0.02836607,-0.03583927,-0.00340848,-0.0000089282,0.0010358212,0.0003983229,0.0000320208,0.0000325936,0.0008102103,2297.27948930,2299.68082489,2298.21524949,2297.37356259,2297.37487858,2299.16205042
eth4h:row15211:1725840000,2024-09-09 00:00:00,2304.23000000,-0.00791915,0.03829441,-0.00214336,-0.02794268,-0.03546808,-0.00354946,-0.0000081111,0.0010378953,0.0003965542,0.0000402654,0.0000398217,0.0008074651,2304.21131023,2306.62279106,2305.14393326,2304.32278250,2304.32176022,2306.09133658
eth4h:row15212:1725854400,2024-09-09 04:00:00,2314.33000000,-0.00869735,0.03870959,-0.00155359,-0.02803734,-0.03554515,-0.00275257,-0.0000232648,0.0010459800,0.0004080387,0.0000384222,0.0000383210,0.0008229828,2314.27615812,2316.75200932,2315.27452900,2314.41892337,2314.41868907,2316.23543774
eth4h:row15213:1725868800,2024-09-09 08:00:00,2315.29000000,-0.00956960,0.03914688,-0.00050929,-0.02830135,-0.03500355,-0.00187289,-0.0000402501,0.0010544952,0.0004283741,0.0000332810,0.0000488674,0.0008401126,2315.19681121,2317.73275001,2316.28202284,2315.36705647,2315.40314500,2317.23592151
eth4h:row15214:1725883200,2024-09-09 12:00:00,2292.55000000,-0.00931893,0.03887645,-0.00068715,-0.02788151,-0.03440256,-0.00215590,-0.0000353689,0.0010492293,0.0004249108,0.0000414565,0.0000605705,0.0008346017,2292.46891647,2294.95667295,2293.52433636,2292.64504305,2292.68886503,2294.46416480
eth4h:row15215:1725897600,2024-09-09 16:00:00,2350.57000000,-0.00828399,0.03709508,-0.00135222,-0.02649147,-0.03370384,-0.00254160,-0.0000152156,0.0010145409,0.0004119601,0.0000685245,0.0000741764,0.0008270910,2350.53423500,2352.95595945,2351.53854048,2350.73107719,2350.74436338,2352.51493949
eth4h:row15216:1725912000,2024-09-09 20:00:00,2359.50000000,-0.00878298,0.03790594,-0.00151441,-0.02783750,-0.03441871,-0.00241989,-0.0000249324,0.0010303306,0.0004088017,0.0000423136,0.0000602559,0.0008294611,2359.44117267,2361.93231799,2360.46476489,2359.59984117,2359.64217814,2361.45792533
eth4h:row15217:1725926400,2024-09-10 00:00:00,2340.84000000,-0.00755945,0.03752492,-0.00175475,-0.02670060,-0.03317354,-0.00216339,-0.0000011067,0.0010229111,0.0004041216,0.0000644523,0.0000845029,0.0008344557,2340.83740930,2343.23569619,2341.78617523,2340.99087738,2341.03781621,2342.79414260
eth4h:row15218:1725940800,2024-09-10 04:00:00,2363.51000000,-0.00735289,0.03700624,-0.00231641,-0.02617995,-0.03335936,-0.00285460,0.0000029156,0.0010128109,0.0003931845,0.0000745908,0.0000808845,0.0008209960,2363.51689098,2365.90500130,2364.43947814,2363.68630260,2363.70117915,2365.45122906
eth4h:row15219:1725955200,2024-09-10 08:00:00,2351.00000000,-0.00862093,0.03990013,-0.00114515,-0.02975976,-0.03408486,-0.00118744,-0.0000217769,0.0010691632,0.0004159922,0.0000048817,0.0000667568,0.0008534603,2350.94880318,2353.51494698,2351.97820122,2351.01147690,2351.15695058,2353.00734162
eth4h:row15220:1725969600,2024-09-10 12:00:00,2325.01000000,-0.00781091,0.03810684,-0.00178860,-0.02820800,-0.03430606,-0.00212755,-0.0000060033,0.0010342427,0.0004034625,0.0000350989,0.0000624496,0.0008351536,2324.99604225,2327.41586851,2325.94824362,2325.09160676,2325.15520046,2326.95255152
eth4h:row15221:1725984000,2024-09-10 16:00:00,2380.73000000,-0.00754008,0.03638545,-0.00264405,-0.02653238,-0.03357569,-0.00346163,-0.0000007295,0.0010007225,0.0003868044,0.0000677280,0.0000766719,0.0008091754,2380.72826320,2383.11364254,2381.65105497,2380.89124756,2380.91254205,2382.65720788
eth4h:row15222:1725998400,2024-09-10 20:00:00,2388.52000000,-0.00732358,0.03535191,-0.00347945,-0.02593881,-0.03379799,-0.00445146,0.0000034863,0.0009805964,0.0003705367,0.0000792866,0.0000723432,0.0007899005,2388.52832718,2390.86332296,2389.40519835,2388.70938503,2388.69279933,2390.40743840
eth4h:row15223:1726012800,2024-09-11 00:00:00,2348.31000000,-0.00892380,0.03782821,-0.00281146,-0.02783857,-0.03484503,-0.00407070,-0.0000276745,0.0010288171,0.0003835445,0.0000422928,0.0000519542,0.0007973151,2348.24501256,2350.72722478,2349.21085416,2348.40931860,2348.43200778,2350.18308970
eth4h:row15224:1726027200,2024-09-11 04:00:00,2341.66000000,-0.00877117,0.03811420,-0.00243176,-0.02792164,-0.03478978,-0.00370060,-0.0000247023,0.0010343860,0.0003909383,0.0000406751,0.0000530302,0.0008045219,2341.60215627,2344.08343356,2342.57562349,2341.75524912,2341.78418190,2343.54467473
eth4h:row15225:1726041600,2024-09-11 08:00:00,2327.59000000,-0.00774419,0.03720839,-0.00311582,-0.02769589,-0.03522096,-0.00397535,-0.0000047042,0.0010167473,0.0003776177,0.0000450711,0.0000446339,0.0007991718,2327.57905048,2329.95777437,2328.46910512,2327.69490944,2327.69389165,2329.45088769
eth4h:row15226:1726056000,2024-09-11 12:00:00,2325.90000000,-0.00759701,0.03746814,-0.00302413,-0.02797207,-0.03566650,-0.00365544,-0.0000018383,0.0010218055,0.0003794032,0.0000396931,0.0000359578,0.0008054014,2325.89572441,2328.27783207,2326.78262140,2325.99232411,2325.98363585,2327.77403764
eth4h:row15227:1726070400,2024-09-11 16:00:00,2340.60000000,-0.00764430,0.03705562,-0.00314070,-0.02708998,-0.03572229,-0.00376863,-0.0000027590,0.0010137725,0.0003771332,0.0000568699,0.0000348715,0.0008031971,2340.59354239,2342.97403908,2341.48288456,2340.73311352,2340.68162155,2342.48071836
eth4h:row15228:1726084800,2024-09-11 20:00:00,2340.55000000,-0.00866884,0.03705401,-0.00322346,-0.02702966,-0.03592167,-0.00404282,-0.0000227097,0.0010137412,0.0003755217,0.0000580445,0.0000309890,0.0007978580,2340.49684732,2342.92391495,2341.42909226,2340.68586005,2340.62253244,2342.41817177
eth4h:row15229:1726099200,2024-09-12 00:00:00,2368.00000000,-0.01100864,0.04021115,-0.00245776,-0.02938979,-0.03703020,-0.00374554,-0.0000682722,0.0010752196,0.0003904321,0.0000120860,0.0000094028,0.0008036467,2367.83833695,2370.54748938,2368.92472368,2368.02861979,2368.02226602,2369.90380035
eth4h:row15230:1726113600,2024-09-12 04:00:00,2359.59000000,-0.01193377,0.04165668,-0.00213047,-0.03098817,-0.03788654,-0.00341451,-0.0000862873,0.0011033682,0.0003968052,-0.0000190389,-0.0000072725,0.0008100930,2359.38640619,2362.19493348,2360.52648333,2359.54507648,2359.57283986,2361.50226169
eth4h:row15231:1726128000,2024-09-12 08:00:00,2348.55000000,-0.01102094,0.04050202,-0.00301066,-0.03054718,-0.03789369,-0.00361612,-0.0000685119,0.0010808837,0.0003796655,-0.0000104516,-0.0000074118,0.0008061670,2348.38910194,2351.08988183,2349.44183280,2348.52545391,2348.53259304,2350.44408685
eth4h:row15232:1726142400,2024-09-12 12:00:00,2323.20000000,-0.01015732,0.03920863,-0.00370570,-0.02910860,-0.03809834,-0.00426131,-0.0000516946,0.0010556977,0.0003661311,0.0000175617,-0.0000113970,0.0007936033,2323.07990617,2325.65389197,2324.05075150,2323.24079980,2323.17352268,2325.04443095
eth4h:row15233:1726156800,2024-09-12 16:00:00,2361.03000000,-0.00939469,0.03821547,-0.00384695,-0.02790247,-0.03766514,-0.00423644,-0.0000368441,0.0010363580,0.0003633806,0.0000410485,-0.0000029612,0.0007940876,2360.94301155,2363.47814072,2361.88810839,2361.12691877,2361.02300848,2362.90560921
eth4h:row15234:1726171200,2024-09-12 20:00:00,2361.76000000,-0.00865889,0.03665698,-0.00428497,-0.02704589,-0.03750435,-0.00427588,-0.0000225159,0.0010060099,0.0003548510,0.0000577285,0.0000001697,0.0007933197,2361.70682342,2364.13714953,2362.59822153,2361.89634487,2361.76040077,2363.63437402
eth4h:row15235:1726185600,2024-09-13 00:00:00,2356.04000000,-0.00784716,0.03511093,-0.00461044,-0.02566859,-0.03761659,-0.00476437,-0.0000067093,0.0009759038,0.0003485133,0.0000845485,-0.0000020159,0.0007838074,2356.02419267,2358.34039080,2356.86125429,2356.23920797,2356.03525057,2357.88740543
eth4h:row15236:1726200000,2024-09-13 04:00:00,2348.88000000,-0.00931914,0.03652177,-0.00455995,-0.02701655,-0.03916550,-0.00520143,-0.0000353730,0.0010033769,0.0003494964,0.0000582999,-0.0000321776,0.0007752965,2348.79691463,2351.23799482,2349.70106846,2349.01694339,2348.80441978,2350.70178446
eth4h:row15237:1726214400,2024-09-13 08:00:00,2354.35000000,-0.01041508,0.03856749,-0.00450009,-0.02929340,-0.03991217,-0.00509357,-0.0000567139,0.0010432129,0.0003506620,0.0000139631,-0.0000467174,0.0007773968,2354.21647932,2356.80736994,2355.17572574,2354.38287421,2354.24001350,2356.18097585
eth4h:row15238:1726228800,2024-09-13 12:00:00,2407.79000000,-0.01034373,0.03878541,-0.00457825,-0.02939757,-0.04044054,-0.00521595,-0.0000553246,0.0010474564,0.0003491400,0.0000119345,-0.0000570062,0.0007750138,2407.65679362,2410.31337627,2408.63080263,2407.81873598,2407.65274506,2409.65679386
eth4h:row15239:1726243200,2024-09-13 16:00:00,2421.07000000,-0.01106478,0.03976805,-0.00348200,-0.03010465,-0.04035992,-0.00411428,-0.0000693656,0.0010665912,0.0003704871,-0.0000018342,-0.0000554363,0.0007964664,2420.90206697,2423.65366955,2421.96714138,2421.06555918,2420.93578844,2422.99906898
eth4h:row15240:1726257600,2024-09-13 20:00:00,2439.19000000,-0.00980100,0.03861148,-0.00339221,-0.02926069,-0.03940285,-0.00393480,-0.0000447561,0.0010440695,0.0003722355,0.0000146000,-0.0000367994,0.0007999613,2439.08083376,2441.73801384,2440.09812213,2439.22561243,2439.10024082,2441.14203830
eth4h:row15241:1726272000,2024-09-14 00:00:00,2432.94000000,-0.00905104,0.03829239,-0.00334870,-0.02893132,-0.03912217,-0.00407872,-0.0000301523,0.0010378559,0.0003730829,0.0000210139,-0.0000313338,0.0007971589,2432.86664247,2435.46635180,2433.84785775,2432.99112603,2432.86376784,2434.88021292
eth4h:row15242:1726286400,2024-09-14 04:00:00,2420.23000000,-0.00908893,0.03802866,-0.00318229,-0.02894818,-0.03902573,-0.00443568,-0.0000308902,0.0010327205,0.0003763232,0.0000206854,-0.0000294559,0.0007902079,2420.15523987,2422.73071211,2421.14096021,2420.28006395,2420.15871106,2422.14324068
eth4h:row15243:1726300800,2024-09-14 08:00:00,2417.07000000,-0.00921747,0.03824735,-0.00272316,-0.02885091,-0.03885645,-0.00409308,-0.0000333931,0.0010369790,0.0003852639,0.0000225796,-0.0000261596,0.0007968791,2416.98928778,2419.57775078,2418.00138922,2417.12457713,2417.00677133,2418.99688032
eth4h:row15244:1726315200,2024-09-14 12:00:00,2418.54000000,-0.00973687,0.03820822,-0.00261883,-0.02782768,-0.03822894,-0.00445140,-0.0000435072,0.0010362170,0.0003872955,0.0000425049,-0.0000139400,0.0007899018,2418.43477829,2421.04743114,2419.47687110,2418.64280191,2418.50628575,2420.45116374
eth4h:row15245:1726329600,2024-09-14 16:00:00,2408.71000000,-0.01024370,0.03863750,-0.00184681,-0.02757528,-0.03698451,-0.00356996,-0.0000533767,0.0010445761,0.0004023290,0.0000474197,0.0000102925,0.0008070659,2408.58143439,2411.22739559,2409.67928878,2408.82422309,2408.73479175,2410.65477244
eth4h:row15246:1726344000,2024-09-14 20:00:00,2417.79000000,-0.01078252,0.03918449,-0.00103130,-0.02741253,-0.03605906,-0.00252049,-0.0000638692,0.0010552276,0.0004182093,0.0000505889,0.0000283137,0.0008275020,2417.63558264,2420.34266540,2418.80135367,2417.91231654,2417.85845745,2419.79155413
eth4h:row15247:1726358400,2024-09-15 00:00:00,2420.09000000,-0.00962833,0.03711975,-0.00165019,-0.02555327,-0.03508569,-0.00324197,-0.0000413937,0.0010150214,0.0004061576,0.0000867941,0.0000472680,0.0008134527,2419.98982570,2422.54769020,2421.07313755,2420.30005857,2420.20439554,2422.05942958
eth4h:row15248:1726372800,2024-09-15 04:00:00,2422.90000000,-0.00794749,0.03434245,-0.00296784,-0.02307534,-0.03446270,-0.00416684,-0.0000086630,0.0009609393,0.0003804992,0.0001350464,0.0000593993,0.0007954430,2422.87901050,2425.22937887,2423.82208692,2423.22722598,2423.04392295,2424.82804547
eth4h:row15249:1726387200,2024-09-15 08:00:00,2406.86000000,-0.00847961,0.03677882,-0.00262119,-0.02551142,-0.03539378,-0.00278046,-0.0000190249,0.0010083823,0.0003872495,0.0000876089,0.0000412685,0.0008224396,2406.81421016,2409.28825923,2407.79223587,2407.07087150,2406.95932954,2408.84031121
eth4h:row15250:1726401600,2024-09-15 12:00:00,2408.71000000,-0.00802989,0.03587914,-0.00337172,-0.02464887,-0.03514872,-0.00296764,-0.0000102676,0.0009908632,0.0003726346,0.0001044052,0.0000460406,0.0008187948,2408.68526838,2411.09788485,2409.60773602,2408.96149505,2408.82090100,2410.68304688
eth4h:row15251:1726416000,2024-09-15 16:00:00,2372.35000000,-0.00592725,0.03152243,-0.00461076,-0.02079664,-0.03356300,-0.00408370,0.0000306768,0.0009060256,0.0003485069,0.0001794192,0.0000769191,0.0007970618,2372.42277723,2374.50038386,2373.17692438,2372.77568321,2372.53248606,2374.24166336
eth4h:row15252:1726430400,2024-09-15 20:00:00,2316.10000000,-0.00714201,0.03365112,-0.00417072,-0.02305013,-0.03416160,-0.00337116,0.0000070220,0.0009474773,0.0003570758,0.0001355373,0.0000652625,0.0008109371,2316.11626377,2318.29549200,2316.92717100,2316.41393933,2316.25115936,2317.97897308
eth4h:row15253:1726444800,2024-09-16 00:00:00,2278.38000000,-0.00688851,0.03352708,-0.00472027,-0.02418075,-0.03399736,-0.00372585,0.0000119584,0.0009450619,0.0003463746,0.0001135209,0.0000684607,0.0008040302,2278.40724585,2280.53422791,2279.16930960,2278.63865833,2278.53598486,2280.21262295
eth4h:row15254:1726459200,2024-09-16 04:00:00,2310.69000000,-0.00493455,0.03019104,-0.00665974,-0.02214287,-0.03356556,-0.00556662,0.0000500075,0.0008800997,0.0003086075,0.0001532042,0.0000768692,0.0007681852,2310.80555472,2312.72453271,2311.40320627,2311.04403458,2310.86762771,2312.46571973
eth4h:row15255:1726473600,2024-09-16 08:00:00,2307.80000000,-0.00611711,0.03258423,-0.00645258,-0.02329017,-0.03468473,-0.00533414,0.0000269798,0.0009267018,0.0003126415,0.0001308630,0.0000550758,0.0007727122,2307.86226476,2309.93963370,2308.52162695,2308.10202547,2307.92710754,2309.58395441
eth4h:row15256:1726488000,2024-09-16 12:00:00,2287.72000000,-0.00639510,0.03242723,-0.00651457,-0.02306306,-0.03544230,-0.00559785,0.0000215664,0.0009236446,0.0003114344,0.0001352855,0.0000403237,0.0007675771,2287.76933842,2289.83401639,2288.43258576,2288.02951624,2287.81225121,2289.47667563
eth4h:row15257:1726502400,2024-09-16 16:00:00,2275.22000000,-0.00679795,0.03273533,-0.00573693,-0.02432720,-0.03621829,-0.00444942,0.0000137217,0.0009296441,0.0003265771,0.0001106691,0.0000252129,0.0007899404,2275.25122012,2277.33612836,2275.96315620,2275.47181045,2275.27736567,2277.01799817
eth4h:row15258:1726516800,2024-09-16 20:00:00,2295.68000000,-0.00562754,0.03167323,-0.00594498,-0.02357678,-0.03660998,-0.00497670,0.0000365129,0.0009089621,0.0003225260,0.0001252819,0.0000175856,0.0007796726,2295.76382358,2297.76763478,2296.42053583,2295.96762527,2295.72037120,2297.47057679
eth4h:row15259:1726531200,2024-09-17 00:00:00,2284.18000000,-0.00507092,0.03094006,-0.00649386,-0.02240689,-0.03710247,-0.00620862,0.0000473519,0.0008946853,0.0003118376,0.0001480630,0.0000079955,0.0007556837,2284.28816278,2286.22453666,2284.89240435,2284.51822764,2284.19826328,2285.90676999
eth4h:row15260:1726545600,2024-09-17 04:00:00,2309.18000000,-0.00490116,0.03016592,-0.00680025,-0.02176520,-0.03740219,-0.00669981,0.0000506578,0.0008796105,0.0003058713,0.0001605585,0.0000021591,0.0007461188,2309.29698086,2311.21207247,2309.88642002,2309.55078831,2309.18498572,2310.90356544
eth4h:row15261:1726560000,2024-09-17 08:00:00,2308.12000000,-0.00685045,0.03278319,-0.00569887,-0.02383603,-0.03798894,-0.00568226,0.0000126994,0.0009305761,0.0003273184,0.0001202336,-0.0000092666,0.0007659335,2308.14931204,2310.26888109,2308.87561376,2308.39753026,2308.09861174,2309.88854355
eth4h:row15262:1726574400,2024-09-17 12:00:00,2383.79000000,-0.00702980,0.03375495,-0.00455407,-0.02429346,-0.03667811,-0.00475765,0.0000092070,0.0009494991,0.0003496108,0.0001113260,0.0000162589,0.0007839381,2383.81194763,2386.05448146,2384.62354448,2384.05539264,2383.82875817,2385.65947646
eth4h:row15263:1726588800,2024-09-17 16:00:00,2353.09000000,-0.00606720,0.03302125,-0.00421369,-0.02433000,-0.03597967,-0.00444455,0.0000279515,0.0009352119,0.0003562391,0.0001106145,0.0000298597,0.0007900351,2353.15577342,2355.29166703,2353.92841206,2353.35030035,2353.16026355,2354.94975823
eth4h:row15264:1726603200,2024-09-17 20:00:00,2341.80000000,-0.00546634,0.03391216,-0.00307315,-0.02531838,-0.03528989,-0.00335542,0.0000396520,0.0009525604,0.0003784486,0.0000913680,0.0000432915,0.0008112435,2341.89285886,2344.03176877,2342.68641861,2342.01397533,2341.90138234,2343.70054076
eth4h:row15265:1726617600,2024-09-18 00:00:00,2334.79000000,-0.00463445,0.03375269,-0.00242971,-0.02485369,-0.03453801,-0.00315509,0.0000558512,0.0009494550,0.0003909782,0.0001004169,0.0000579328,0.0008151446,2334.92040444,2337.00783084,2335.70303041,2335.02446408,2334.92526493,2336.69396744
eth4h:row15266:1726632000,2024-09-18 04:00:00,2330.00000000,-0.00258628,0.03100071,-0.00274160,-0.02249966,-0.03243954,-0.00361208,0.0000957351,0.0008958662,0.0003849048,0.0001462564,0.0000987960,0.0008062456,2330.22307336,2332.08830364,2330.89700084,2330.34080243,2330.23020611,2331.87930979
eth4h:row15267:1726646400,2024-09-18 08:00:00,2300.59000000,-0.00291948,0.03085706,-0.00204204,-0.02145394,-0.03136153,-0.00306372,0.0000892466,0.0008930690,0.0003985272,0.0001666196,0.0001197879,0.0008169238,2300.79532903,2302.64550340,2301.50703038,2300.97335522,2300.86559943,2302.47017460
eth4h:row15268:1726660800,2024-09-18 12:00:00,2296.00000000,-0.00404087,0.03075121,-0.00072269,-0.02098198,-0.02918614,-0.00231163,0.0000674100,0.0008910077,0.0004242187,0.0001758100,0.0001621489,0.0008315692,2296.15477865,2298.04666529,2296.97421265,2296.40369535,2296.37232414,2297.91007685
eth4h:row15269:1726675200,2024-09-18 16:00:00,2315.19000000,-0.00292556,0.02869407,-0.00063661,-0.01874101,-0.02587766,-0.00287351,0.0000891282,0.0008509494,0.0004258950,0.0002194481,0.0002265743,0.0008206278,2315.39635797,2317.16094805,2316.17623774,2315.69811981,2315.71462207,2317.09068904
eth4h:row15270:1726689600,2024-09-18 20:00:00,2374.75000000,-0.00163081,0.02760158,-0.00122412,-0.01836156,-0.02379585,-0.00310353,0.0001143406,0.0008296755,0.0004144545,0.0002268369,0.0002671131,0.0008161486,2375.02154592,2376.72108938,2375.73442982,2375.28874213,2375.38441160,2376.68894005
eth4h:row15271:1726704000,2024-09-19 00:00:00,2403.68000000,0.00251353,0.02167470,-0.00322590,-0.01532596,-0.02205876,-0.00448394,0.0001950427,0.0007142623,0.0003754741,0.0002859488,0.0003009392,0.0007892680,2404.14886598,2405.39747138,2404.58268897,2404.36742772,2404.40347028,2405.57789668
eth4h:row15272:1726718400,2024-09-19 04:00:00,2438.06000000,0.00320302,0.02152497,-0.00371674,-0.01477873,-0.02241401,-0.00389597,0.0002084691,0.0007113467,0.0003659161,0.0002966049,0.0002940215,0.0008007175,2438.56831308,2439.79492299,2438.95228861,2438.78324789,2438.77694757,2440.01297906
eth4h:row15273:1726732800,2024-09-19 08:00:00,2435.35000000,0.00442503,0.02068294,-0.00468666,-0.01410862,-0.02183525,-0.00437791,0.0002322652,0.0006949499,0.0003470291,0.0003096538,0.0003052917,0.0007913329,2435.91571266,2437.04303450,2436.19528386,2436.10423212,2436.09360557,2437.27793524
eth4h:row15274:1726747200,2024-09-19 12:00:00,2440.00000000,0.00161666,0.02554873,-0.00408726,-0.01764683,-0.02522508,-0.00325207,0.0001775781,0.0007897008,0.0003587011,0.0002407548,0.0002392820,0.0008132561,2440.43332899,2441.92763091,2440.87538757,2440.58751255,2440.58391782,2441.98515194
eth4h:row15275:1726761600,2024-09-19 16:00:00,2460.93000000,0.00004341,0.02815510,-0.00308025,-0.02119861,-0.02628420,-0.00208959,0.0001469424,0.0008404540,0.0003783103,0.0001715916,0.0002186580,0.0008358928,2461.29164163,2462.99916796,2461.86117133,2461.35231110,2461.46816081,2462.98793366
eth4h:row15276:1726776000,2024-09-19 20:00:00,2465.21000000,0.00024526,0.02691490,-0.00410265,-0.02067734,-0.02640040,-0.00402081,0.0001508731,0.0008163039,0.0003584013,0.0001817422,0.0002163952,0.0007982866,2465.58196183,2467.22318222,2466.09369285,2465.65807349,2465.74351745,2467.17872982
eth4h:row15277:1726790400,2024-09-20 00:00:00,2520.56000000,0.00142364,0.02418298,-0.00598344,-0.01933531,-0.02531315,-0.00640703,0.0001738195,0.0007631057,0.0003217769,0.0002078753,0.0002375671,0.0007518201,2520.99816065,2522.48418784,2521.37118849,2521.08401673,2521.15887316,2522.45572028
eth4h:row15278:1726804800,2024-09-20 04:00:00,2561.00000000,0.00073582,0.02618078,-0.00600541,-0.02164903,-0.02608619,-0.00637682,0.0001604257,0.0008020085,0.0003213492,0.0001628207,0.0002225137,0.0007524083,2561.41088311,2563.05476771,2561.82310753,2561.41701770,2561.56992106,2562.92764275
eth4h:row15279:1726819200,2024-09-20 08:00:00,2544.96000000,0.00128283,0.02549488,-0.00594233,-0.02086050,-0.02611790,-0.00643773,0.0001710774,0.0007886521,0.0003225776,0.0001781755,0.0002218962,0.0007512222,2545.39542251,2546.96787971,2545.78107956,2545.41348990,2545.52477974,2546.87254883
eth4h:row15280:1726833600,2024-09-20 12:00:00,2560.27000000,0.00257607,0.02261347,-0.00642813,-0.01868301,-0.02622623,-0.00716695,0.0001962605,0.0007325429,0.0003131176,0.0002205774,0.0002197867,0.0007370223,2560.77252929,2562.14619476,2561.07179102,2560.83480009,2560.83277521,2562.15767160
eth4h:row15281:1726848000,2024-09-20 16:00:00,2540.98000000,0.00315464,0.02151341,-0.00691764,-0.01769673,-0.02738137,-0.00761028,0.0002075269,0.0007111216,0.0003035854,0.0002397831,0.0001972929,0.0007283894,2541.50737640,2542.78758828,2541.75152154,2541.58935705,2541.48136680,2542.83149702
eth4h:row15282:1726862400,2024-09-20 20:00:00,2561.40000000,0.00181612,0.02298666,-0.00617138,-0.01774172,-0.02913735,-0.00725767,0.0001814623,0.0007398099,0.0003181173,0.0002389071,0.0001630989,0.0007352556,2561.86483963,2563.29565015,2562.21495528,2562.01200964,2561.81779570,2563.28397622
eth4h:row15283:1726876800,2024-09-21 00:00:00,2544.00000000,0.00046867,0.02271707,-0.00662618,-0.01616782,-0.02997179,-0.00853126,0.0001552235,0.0007345602,0.0003092609,0.0002695555,0.0001468501,0.0007104552,2544.39491935,2545.86940756,2544.78688150,2544.68584153,2544.37361414,2545.80804032
eth4h:row15284:1726891200,2024-09-21 04:00:00,2555.77000000,-0.00212017,0.02641413,-0.00572086,-0.01826231,-0.03177712,-0.00794445,0.0001048115,0.0008065526,0.0003268901,0.0002287698,0.0001116952,0.0007218821,2556.03788815,2557.83219437,2556.60559246,2556.35474975,2556.05548306,2557.61563058
eth4h:row15285:1726905600,2024-09-21 08:00:00,2556.50000000,-0.00533813,0.03013764,-0.00500235,-0.02106855,-0.03359631,-0.00760656,0.0000421486,0.0008790597,0.0003408816,0.0001741242,0.0000762703,0.0007284618,2556.60775514,2558.74830424,2557.37161225,2556.94518719,2556.69499244,2558.36299096
eth4h:row15286:1726920000,2024-09-21 12:00:00,2560.00000000,-0.00881030,0.03724799,-0.00254956,-0.02731742,-0.03474090,-0.00461274,-0.0000254643,0.0010175186,0.0003886444,0.0000524411,0.0000539819,0.0007867600,2559.93481220,2562.60617323,2560.99512291,2560.13425271,2560.13819743,2562.01489805
eth4h:row15287:1726934400,2024-09-21 16:00:00,2572.05000000,-0.00629695,0.03371534,-0.00436866,-0.02464529,-0.03372256,-0.00574673,0.0000234777,0.0009487279,0.0003532214,0.0001044749,0.0000738120,0.0007646781,2572.11038662,2574.49133344,2572.95866352,2572.31872863,2572.23985513,2574.01754235
eth4h:row15288:1726948800,2024-09-21 20:00:00,2612.40000000,-0.00631756,0.03356812,-0.00445405,-0.02450141,-0.03376008,-0.00557457,0.0000230764,0.0009458610,0.0003515586,0.0001072767,0.0000730813,0.0007680304,2612.46028557,2614.87213630,2613.31857308,2612.68026477,2612.59092468,2614.40717320
eth4h:row15289:1726963200,2024-09-22 00:00:00,2594.71000000,-0.00626123,0.03334302,-0.00478165,-0.02450093,-0.03451736,-0.00560272,0.0000241733,0.0009414777,0.0003451792,0.0001072860,0.0000583350,0.0007674822,2594.77272338,2597.15401203,2595.60579460,2594.98839104,2594.86136685,2596.70215820
eth4h:row15290:1726977600,2024-09-22 04:00:00,2587.99000000,-0.00666791,0.03395087,-0.00486457,-0.02541731,-0.03523017,-0.00554598,0.0000162540,0.0009533143,0.0003435646,0.0000894416,0.0000444545,0.0007685872,2588.03206555,2590.45834418,2588.87929449,2588.22148422,2588.10505046,2589.97986056
eth4h:row15291:1726992000,2024-09-22 08:00:00,2580.59000000,-0.00595504,0.03171024,-0.00605116,-0.02359703,-0.03560782,-0.00701730,0.0000301356,0.0009096829,0.0003204584,0.0001248876,0.0000371005,0.0007399363,2580.66776890,2582.93858663,2581.41710420,2580.91230383,2580.68574302,2582.50017884
eth4h:row15292:1727006400,2024-09-22 12:00:00,2570.51000000,-0.00672339,0.03251419,-0.00630515,-0.02452950,-0.03702322,-0.00734181,0.0000151737,0.0009253380,0.0003155123,0.0001067298,0.0000095386,0.0007336172,2570.54900447,2572.88969149,2571.32115553,2570.78436457,2570.53451927,2572.39646216
eth4h:row15293:1727020800,2024-09-22 16:00:00,2578.37000000,-0.00495124,0.02880666,-0.00788585,-0.02167488,-0.03625626,-0.00913161,0.0000496825,0.0008531419,0.0002847317,0.0001623172,0.0000244736,0.0006987647,2578.49810308,2580.57065415,2579.10424831,2578.78854786,2578.43310271,2580.17230347
eth4h:row15294:1727035200,2024-09-22 20:00:00,2581.00000000,-0.00580081,0.03008098,-0.00753307,-0.02281975,-0.03691898,-0.00857622,0.0000331389,0.0008779565,0.0002916013,0.0001400233,0.0000115686,0.0007095798,2581.08553286,2583.26700076,2581.75273275,2581.36142555,2581.02985885,2582.83207540
eth4h:row15295:1727049600,2024-09-23 00:00:00,2676.71000000,-0.00160851,0.02356461,-0.00953698,-0.01772739,-0.03458155,-0.01044975,0.0001147750,0.0007510643,0.0002525795,0.0002391862,0.0000570850,0.0006730968,2677.01723704,2678.72113656,2677.38616757,2677.35030867,2676.86280427,2678.51229155
eth4h:row15296:1727064000,2024-09-23 04:00:00,2646.48000000,-0.00451657,0.02866635,-0.00802630,-0.02170732,-0.03661696,-0.00922519,0.0000581467,0.0008504097,0.0002819966,0.0001616855,0.0000174498,0.0006969424,2646.63388858,2648.73154951,2647.22640365,2646.90793214,2646.52618087,2648.32508704
eth4h:row15297:1727078400,2024-09-23 08:00:00,2646.00000000,-0.00496143,0.02959440,-0.00754793,-0.02246841,-0.03744379,-0.00898409,0.0000494840,0.0008684814,0.0002913119,0.0001468649,0.0000013489,0.0007016375,2646.13093800,2648.29899986,2646.77092352,2646.38863312,2646.00356928,2647.85718421
eth4h:row15298:1727092800,2024-09-23 12:00:00,2675.38000000,-0.00590310,0.03144062,-0.00686188,-0.02410359,-0.03846092,-0.00860425,0.0000311472,0.0009044326,0.0003046714,0.0001150233,-0.0000184573,0.0007090340,2675.46333180,2677.80079541,2676.19523583,2675.68774886,2675.33062003,2677.27760804
eth4h:row15299:1727107200,2024-09-23 16:00:00,2672.97000000,-0.00626343,0.03250546,-0.00636792,-0.02501247,-0.03843937,-0.00846992,0.0000241303,0.0009251680,0.0003142901,0.0000973248,-0.0000180378,0.0007116497,2673.03450041,2675.44409057,2673.81022012,2673.23015905,2672.92178603,2674.87289536
eth4h:row15300:1727121600,2024-09-23 20:00:00,2646.97000000,0.00023168,0.02176688,-0.00945761,-0.01710561,-0.03423823,-0.01141557,0.0001506087,0.0007160573,0.0002541251,0.0002512940,0.0000637704,0.0006542895,2647.36868677,2648.86606099,2647.64274704,2647.63525136,2647.13880382,2648.70245129
eth4h:row15301:1727136000,2024-09-24 00:00:00,2627.40000000,-0.00061514,0.02264101,-0.00859756,-0.01722310,-0.03361852,-0.01087559,0.0001341188,0.0007330791,0.0002708726,0.0002490061,0.0000758379,0.0006648044,2627.75240726,2629.32679830,2628.11178706,2628.05431999,2627.59926416,2629.14728789
eth4h:row15302:1727150400,2024-09-24 04:00:00,2647.00000000,-0.00584400,0.03134752,-0.00530775,-0.02303160,-0.03589512,-0.00829824,0.0000322980,0.0009026196,0.0003349346,0.0001358980,0.0000315061,0.0007149929,2647.08549411,2649.39031274,2647.88672028,2647.35974652,2647.08339792,2648.89326293
eth4h:row15303:1727164800,2024-09-24 08:00:00,2636.85000000,-0.00107910,0.02345897,-0.00747142,-0.01712100,-0.03212959,-0.01044330,0.0001250841,0.0007490070,0.0002928017,0.0002509943,0.0001048315,0.0006732225,2637.17984862,2638.82575905,2637.62218733,2637.51191737,2637.12643948,2638.62578440
eth4h:row15304:1727179200,2024-09-24 12:00:00,2612.44000000,-0.00464471,0.03000332,-0.00516618,-0.02126480,-0.03392095,-0.00798380,0.0000556516,0.0008764441,0.0003376913,0.0001703027,0.0000699487,0.0007211159,2612.58539040,2614.73066143,2613.32234724,2612.88494336,2612.62274315,2614.32455134
eth4h:row15305:1727193600,2024-09-24 16:00:00,2650.49000000,-0.00013638,0.02258299,-0.00742667,-0.01572267,-0.03122518,-0.00995420,0.0001434416,0.0007319492,0.0002936731,0.0002782237,0.0001224429,0.0006827465,2650.87021770,2652.43073429,2651.26849197,2651.22753160,2650.81455365,2652.30023073
eth4h:row15306:1727208000,2024-09-24 20:00:00,2653.20000000,-0.00319259,0.02818469,-0.00521988,-0.01889601,-0.03219608,-0.00758940,0.0000839284,0.0008410303,0.0003366457,0.0002164298,0.0001035368,0.0007287960,2653.42268822,2655.43236024,2654.09333869,2653.77429364,2653.47471803,2655.13434641
eth4h:row15307:1727222400,2024-09-25 00:00:00,2646.60000000,0.00052412,0.02214587,-0.00743836,-0.01435464,-0.02992193,-0.00938961,0.0001563033,0.0007234374,0.0002934455,0.0003048631,0.0001478210,0.0006937408,2647.01370454,2648.51534227,2647.37674678,2647.40697372,2646.99125203,2648.43669154
eth4h:row15308:1727236800,2024-09-25 04:00:00,2621.47000000,0.00086230,0.02068935,-0.00785949,-0.01409952,-0.02967636,-0.00940024,0.0001628886,0.0006950747,0.0002852449,0.0003098311,0.0001526030,0.0006935337,2621.89704241,2623.29275085,2622.21786761,2622.28233872,2621.87007468,2623.28870829
eth4h:row15309:1727251200,2024-09-25 08:00:00,2627.40000000,0.00204268,0.01871306,-0.00861642,-0.01316344,-0.02834470,-0.01005750,0.0001858740,0.0006565909,0.0002705054,0.0003280591,0.0001785341,0.0006807351,2627.88841069,2629.12569335,2628.11082199,2628.26208398,2627.86912246,2629.18917226
eth4h:row15310:1727265600,2024-09-25 12:00:00,2600.81000000,0.00790799,0.01121447,-0.01141227,-0.01137961,-0.02403722,-0.01228942,0.0003000881,0.0005105720,0.0002160622,0.0003627954,0.0002624130,0.0006372732,2601.59058936,2602.13823981,2601.37199743,2601.75373317,2601.49257585,2602.46795461
eth4h:row15311:1727280000,2024-09-25 16:00:00,2570.69000000,0.01144490,0.00826732,-0.01247523,-0.01443642,-0.02057318,-0.01232797,0.0003689618,0.0004531826,0.0001953634,0.0003032707,0.0003298677,0.0006365226,2571.63866146,2571.85525596,2571.19226769,2571.46973312,2571.53812756,2572.32682324
eth4h:row15312:1727294400,2024-09-25 20:00:00,2579.95000000,0.00414941,0.01658023,-0.01050203,-0.01399949,-0.02713786,-0.01056730,0.0002268979,0.0006150586,0.0002337872,0.0003117790,0.0002020348,0.0006708077,2580.53545172,2581.53730844,2580.55322992,2580.75449958,2580.47129243,2581.68123095
eth4h:row15313:1727308800,2024-09-26 00:00:00,2602.30000000,0.00550292,0.01473407,-0.01139955,-0.01318487,-0.02682353,-0.01143102,0.0002532548,0.0005791085,0.0002163100,0.0003276419,0.0002081556,0.0006539887,2602.95912830,2603.80745049,2602.86296440,2603.15276215,2602.84173980,2604.00243144
eth4h:row15314:1727323200,2024-09-26 04:00:00,2629.80000000,0.00396329,0.01679600,-0.01114725,-0.01386611,-0.02874900,-0.01119922,0.0002232737,0.0006192602,0.0002212230,0.0003143763,0.0001706613,0.0006585024,2630.38723081,2631.42903481,2630.38183654,2630.62687669,2630.24884339,2631.53229995
eth4h:row15315:1727337600,2024-09-26 08:00:00,2628.80000000,0.00266355,0.01820467,-0.01095875,-0.01493784,-0.03039823,-0.01091304,0.0001979641,0.0006466909,0.0002248936,0.0002935065,0.0001385461,0.0006640752,2629.32045959,2630.50057093,2629.39126679,2629.57168319,2629.16423520,2630.54630075
eth4h:row15316:1727352000,2024-09-26 12:00:00,2652.01000000,0.00193048,0.01839448,-0.01122526,-0.01473750,-0.03176446,-0.01165469,0.0001836890,0.0006503871,0.0002197038,0.0002974078,0.0001119418,0.0006496333,2652.49718986,2653.73539409,2652.59272070,2652.79884584,2652.30688738,2653.73339370
eth4h:row15317:1727366400,2024-09-26 16:00:00,2648.99000000,0.00283776,0.01782785,-0.01166503,-0.01501867,-0.03154803,-0.01231873,0.0002013565,0.0006393532,0.0002111404,0.0002919327,0.0001161562,0.0006367025,2649.52344498,2650.68418167,2649.54936777,2649.76343957,2649.29771447,2650.67715570
eth4h:row15318:1727380800,2024-09-26 20:00:00,2632.26000000,0.00905296,0.01114918,-0.01334616,-0.01524947,-0.02651892,-0.01269714,0.0003223841,0.0005093005,0.0001784039,0.0002874382,0.0002140873,0.0006293337,2633.10873548,2633.60095273,2632.72964738,2633.01672094,2632.82359363,2633.91709136
eth4h:row15319:1727395200,2024-09-27 00:00:00,2638.66000000,-0.00341143,0.02772588,-0.00835381,-0.02117484,-0.03630344,-0.00931762,0.0000796670,0.0008320960,0.0002756192,0.0001720544,0.0000235549,0.0006951426,2638.87022252,2640.85653229,2639.38736549,2639.11403212,2638.72215412,2640.49488277
eth4h:row15320:1727409600,2024-09-27 04:00:00,2657.27000000,-0.00106716,0.02395210,-0.00925431,-0.01846180,-0.03461764,-0.01041796,0.0001253165,0.0007586099,0.0002580839,0.0002248850,0.0000563822,0.0006737158,2657.60302069,2659.28659603,2657.95588706,2657.86764732,2657.41982690,2659.06084791
eth4h:row15321:1727424000,2024-09-27 08:00:00,2652.00000000,0.00186142,0.01944224,-0.01001908,-0.01538687,-0.03178979,-0.01128802,0.0001823444,0.0006707900,0.0002431916,0.0002847626,0.0001114485,0.0006567733,2652.48362139,2653.77953174,2652.64502253,2652.75529796,2652.29557792,2653.74233490
eth4h:row15322:1727438400,2024-09-27 12:00:00,2683.62000000,-0.00251533,0.02580298,-0.00777373,-0.01906980,-0.03424562,-0.00943724,0.0000971165,0.0007946516,0.0002869150,0.0002130456,0.0000636265,0.0006928132,2683.88063656,2685.75339051,2684.39008121,2684.19179421,2683.79075482,2685.47989150
eth4h:row15323:1727452800,2024-09-27 16:00:00,2701.37000000,-0.00560355,0.03108651,-0.00562138,-0.02229766,-0.03592867,-0.00781092,0.0000369801,0.0008975370,0.0003288274,0.0001501900,0.0000308526,0.0007244822,2701.46989883,2703.79566802,2702.25843053,2701.77574911,2701.45334565,2703.32780372
eth4h:row15324:1727467200,2024-09-27 20:00:00,2694.43000000,-0.00540707,0.03106109,-0.00531194,-0.02167436,-0.03523657,-0.00762996,0.0000408063,0.0008970420,0.0003348530,0.0001623274,0.0000443298,0.0007280060,2694.53995189,2696.84810131,2695.33238912,2694.86741529,2694.54944610,2696.39227552
eth4h:row15325:1727481600,2024-09-28 00:00:00,2690.31000000,-0.00386813,0.02882210,-0.00603549,-0.01973199,-0.03422756,-0.00813695,0.0000707737,0.0008534425,0.0003207633,0.0002001508,0.0000639782,0.0007181335,2690.50040980,2692.60700504,2691.17309125,2690.84852154,2690.48212669,2692.24269567
eth4h:row15326:1727496000,2024-09-28 04:00:00,2677.93000000,-0.00474732,0.03056813,-0.00503714,-0.02095903,-0.03441716,-0.00685231,0.0000536535,0.0008874427,0.0003402042,0.0001762569,0.0000602861,0.0007431492,2678.07368406,2680.30756418,2678.84119791,2678.40204525,2678.09144682,2679.92084116
eth4h:row15327:1727510400,2024-09-28 08:00:00,2675.22000000,-0.00424108,0.02953363,-0.00477534,-0.01975946,-0.03294582,-0.00641045,0.0000635113,0.0008672981,0.0003453021,0.0001996160,0.0000889373,0.0007517534,2675.38991219,2677.54121956,2676.14391864,2675.75407002,2675.45793738,2677.23186182
eth4h:row15328:1727524800,2024-09-28 12:00:00,2669.90000000,0.00194657,0.01917169,-0.00806079,-0.01238463,-0.02800278,-0.00938446,0.0001840024,0.0006655217,0.0002813250,0.0003432248,0.0001851923,0.0006938410,2670.39131320,2671.67746771,2670.65121535,2670.81653308,2670.39449079,2671.75312877
eth4h:row15329:1727539200,2024-09-28 16:00:00,2678.34000000,-0.00129965,0.02422393,-0.00670614,-0.01599641,-0.02988977,-0.00774150,0.0001207893,0.0007639031,0.0003077039,0.0002728933,0.0001484472,0.0007258341,2678.66353440,2680.38677390,2679.16426247,2679.07100069,2678.73762160,2680.28473631
eth4h:row15330:1727553600,2024-09-28 20:00:00,2675.21000000,-0.00212640,0.02597741,-0.00633604,-0.01748176,-0.02989159,-0.00703978,0.0001046902,0.0007980483,0.0003149109,0.0002439693,0.0001484118,0.0007394986,2675.49008298,2677.34579897,2676.05258557,2675.86274881,2675.60706221,2677.18904567
eth4h:row15331:1727568000,2024-09-29 00:00:00,2674.96000000,-0.00102380,0.02489371,-0.00694567,-0.01667219,-0.02919755,-0.00712543,0.0001261609,0.0007769456,0.0003030396,0.0002597339,0.0001619267,0.0007378308,2675.29749666,2677.03910589,2675.77074163,2675.65486793,2675.39318242,2676.93439629
eth4h:row15332:1727582400,2024-09-29 04:00:00,2640.44000000,0.00004336,0.02346189,-0.00820372,-0.01607029,-0.02948139,-0.00803061,0.0001469416,0.0007490639,0.0002785419,0.0002714546,0.0001563995,0.0007202043,2640.82801891,2642.41859928,2641.17557556,2641.15685691,2640.85299591,2642.34234121
eth4h:row15333:1727596800,2024-09-29 08:00:00,2652.49000000,-0.00218734,0.02697522,-0.00714302,-0.01886828,-0.03143904,-0.00656141,0.0001035034,0.0008174785,0.0002991968,0.0002169698,0.0001182785,0.0007488138,2652.76455603,2654.65924020,2653.28373514,2653.06557262,2652.80375104,2654.47696508
eth4h:row15334:1727611200,2024-09-29 12:00:00,2666.38000000,-0.00196396,0.02617113,-0.00745091,-0.01850414,-0.03164387,-0.00679908,0.0001078533,0.0008018205,0.0002932012,0.0002240606,0.0001142898,0.0007441857,2666.66759350,2668.51881552,2667.16190034,2666.97749768,2666.68475754,2668.36502030
eth4h:row15335:1727625600,2024-09-29 16:00:00,2666.78000000,-0.00012727,0.02255160,-0.00926265,-0.01576113,-0.03116069,-0.00877267,0.0001436189,0.0007313381,0.0002579214,0.0002774747,0.0001236988,0.0007057542,2667.16302740,2668.73103126,2667.46790830,2667.52006672,2667.10989784,2668.66275557
eth4h:row15336:1727640000,2024-09-29 20:00:00,2657.62000000,-0.00106430,0.02297867,-0.00938487,-0.01651208,-0.03230945,-0.00922237,0.0001253722,0.0007396543,0.0002555414,0.0002628517,0.0001013292,0.0006969974,2657.95321263,2659.58644735,2658.29921879,2658.31865179,2657.88930813,2659.47299992
eth4h:row15337:1727654400,2024-09-30 00:00:00,2629.89000000,-0.00132762,0.02323917,-0.00966541,-0.01696729,-0.03293712,-0.00955189,0.0001202447,0.0007447271,0.0002500786,0.0002539874,0.0000891067,0.0006905806,2630.20624927,2631.84927973,2630.54776140,2630.55804369,2630.12435136,2631.70677832
eth4h:row15338:1727668800,2024-09-30 04:00:00,2637.82000000,0.00083451,0.02092103,-0.01056545,-0.01581132,-0.03162877,-0.01026857,0.0001623475,0.0006995862,0.0002325523,0.0002764974,0.0001145841,0.0006766249,2638.24827813,2639.66602818,2638.43350243,2638.54945132,2638.12226945,2639.60541853
eth4h:row15339:1727683200,2024-09-30 08:00:00,2628.94000000,0.00291903,0.01828069,-0.01136241,-0.01504711,-0.03116692,-0.01091621,0.0002029390,0.0006481714,0.0002170332,0.0002913787,0.0001235775,0.0006640134,2629.47356872,2630.64455599,2629.51062930,2629.70612879,2629.26489789,2630.68623116
eth4h:row15340:1727697600,2024-09-30 12:00:00,2596.00000000,0.00105752,0.02090988,-0.01001944,-0.01564814,-0.03256024,-0.00961172,0.0001666901,0.0006993692,0.0002431846,0.0002796751,0.0000964457,0.0006894156,2596.43276359,2597.81619740,2596.63138406,2596.72613802,2596.25038503,2597.79033997
eth4h:row15341:1727712000,2024-09-30 16:00:00,2595.31000000,-0.00073420,0.02313764,-0.00892358,-0.01657435,-0.03348986,-0.00891633,0.0001318003,0.0007427499,0.0002645242,0.0002616391,0.0000783433,0.0007029569,2595.65208523,2597.23838220,2595.99661300,2595.98912342,2595.51333299,2597.13503237
eth4h:row15342:1727726400,2024-09-30 20:00:00,2602.23000000,-0.00052461,0.02217294,-0.00918450,-0.01555150,-0.03316028,-0.00938817,0.0001358815,0.0007239644,0.0002594432,0.0002815568,0.0000847612,0.0006937688,2602.58361902,2604.11460396,2602.90521839,2602.96277878,2602.45057745,2604.03597249
eth4h:row15343:1727740800,2024-10-01 00:00:00,2629.83000000,-0.00148068,0.02340046,-0.00855253,-0.01658021,-0.03364227,-0.00911110,0.0001172641,0.0007478678,0.0002717495,0.0002615251,0.0000753754,0.0006991641,2630.13840264,2631.79750091,2630.54475206,2630.51785641,2630.02823199,2631.66932560
eth4h:row15344:1727755200,2024-10-01 04:00:00,2645.61000000,-0.00304222,0.02610562,-0.00759039,-0.01798856,-0.03417615,-0.00803329,0.0000868565,0.0008005449,0.0002904852,0.0002341004,0.0000649793,0.0007201521,2645.83979840,2647.72877764,2646.37862216,2646.22941093,2645.78191541,2647.51592772
eth4h:row15345:1727769600,2024-10-01 08:00:00,2628.87000000,-0.00070159,0.02310807,-0.00808219,-0.01605209,-0.03215442,-0.00831215,0.0001324352,0.0007421742,0.0002809083,0.0002718089,0.0001043481,0.0007147220,2629.21817800,2630.82180360,2629.60857525,2629.58464741,2629.14433190,2630.74958288
eth4h:row15346:1727784000,2024-10-01 12:00:00,2524.81000000,0.00027503,0.02315856,-0.00773348,-0.01651165,-0.03134827,-0.00767810,0.0001514528,0.0007431573,0.0002876987,0.0002628601,0.0001200462,0.0007270688,2525.19241853,2526.68702825,2525.53648908,2525.47375912,2525.11311200,2526.64637810
eth4h:row15347:1727798400,2024-10-01 16:00:00,2488.71000000,0.00143276,0.02207486,-0.00742273,-0.01596203,-0.03012613,-0.00721838,0.0001739971,0.0007220545,0.0002937500,0.0002735627,0.0001438446,0.0007360208,2489.14306604,2490.50763318,2489.44116598,2489.39091132,2489.06801315,2490.54241653
eth4h:row15348:1727812800,2024-10-01 20:00:00,2447.79000000,0.00280064,0.02045373,-0.00746487,-0.01582464,-0.02941642,-0.00721033,0.0002006337,0.0006904866,0.0002929293,0.0002762380,0.0001576647,0.0007361775,2448.28115834,2449.48074974,2448.50713438,2448.46626609,2448.17596045,2449.59267130
eth4h:row15349:1727827200,2024-10-02 00:00:00,2489.60000000,0.00258778,0.02083118,-0.00708316,-0.01512388,-0.02874894,-0.00710973,0.0001964886,0.0006978365,0.0003003624,0.0002898838,0.0001706625,0.0007381365,2490.08922612,2491.33794010,2490.34789445,2490.32179927,2490.02491752,2491.43834311
eth4h:row15350:1727841600,2024-10-02 04:00:00,2482.04000000,0.00217900,0.02068091,-0.00683596,-0.01479956,-0.02784381,-0.00720279,0.0001885284,0.0006949105,0.0003051761,0.0002961993,0.0001882878,0.0007363244,2482.50797924,2483.76539497,2482.79757488,2482.77528736,2482.50738195,2483.86825972
eth4h:row15351:1727856000,2024-10-02 08:00:00,2455.22000000,0.00127622,0.02148972,-0.00625262,-0.01535630,-0.02721054,-0.00680238,0.0001709489,0.0007106602,0.0003165353,0.0002853580,0.0002006194,0.0007441214,2455.63975305,2456.96544725,2455.99728683,2455.92071671,2455.71261417,2457.04766165
eth4h:row15352:1727870400,2024-10-02 12:00:00,2460.40000000,0.00227547,0.01983843,-0.00601186,-0.01463942,-0.02539126,-0.00692252,0.0001904070,0.0006785049,0.0003212235,0.0002993177,0.0002360460,0.0007417821,2460.86852195,2462.06996003,2461.19046537,2461.13655154,2460.98083612,2462.22575766
eth4h:row15353:1727884800,2024-10-02 16:00:00,2371.77000000,0.00293876,0.02047373,-0.00606036,-0.01531744,-0.02478106,-0.00673330,0.0002033232,0.0006908760,0.0003202791,0.0002861148,0.0002479284,0.0007454666,2372.25228497,2373.40916504,2372.52974991,2372.44869555,2372.35810198,2373.53873453
eth4h:row15354:1727899200,2024-10-02 20:00:00,2364.10000000,0.00461470,0.01852573,-0.00657484,-0.01409047,-0.02398200,-0.00680107,0.0002359584,0.0006529429,0.0003102607,0.0003100072,0.0002634883,0.0007441469,2364.65789512,2365.64412634,2364.83360115,2364.83300166,2364.72299486,2365.85989248
eth4h:row15355:1727913600,2024-10-03 00:00:00,2399.32000000,0.00330569,0.02085317,-0.00598958,-0.01499988,-0.02495674,-0.00577947,0.0002104683,0.0006982648,0.0003216575,0.0002922986,0.0002445073,0.0007640404,2399.82503401,2400.99594575,2400.09188340,2400.02142028,2399.90672297,2401.15387792
eth4h:row15356:1727928000,2024-10-03 04:00:00,2364.66000000,0.00507759,0.01725794,-0.00705035,-0.01268722,-0.02387098,-0.00689047,0.0002449722,0.0006282554,0.0003010012,0.0003373326,0.0002656501,0.0007424061,2365.23934691,2366.14607719,2365.37187255,2365.45781150,2365.28825559,2366.41618975
eth4h:row15357:1727942400,2024-10-03 08:00:00,2352.34000000,0.00330578,0.01897476,-0.00649020,-0.01357255,-0.02455384,-0.00634949,0.0002104701,0.0006616868,0.0003119089,0.0003200926,0.0002523529,0.0007529406,2352.83514926,2353.89702742,2353.07383015,2353.09308710,2352.93369462,2354.11183928
eth4h:row15358:1727956800,2024-10-03 12:00:00,2340.59000000,0.00214241,0.02086801,-0.00650004,-0.01518708,-0.02552236,-0.00632892,0.0001878161,0.0006985538,0.0003117174,0.0002886532,0.0002334931,0.0007533410,2341.02964171,2342.22559926,2341.31971626,2341.26571625,2341.13657543,2342.35392685
eth4h:row15359:1727971200,2024-10-03 16:00:00,2353.51000000,0.00158325,0.02275369,-0.00630923,-0.01669468,-0.02675147,-0.00646538,0.0001769275,0.0007352734,0.0003154330,0.0002592960,0.0002095589,0.0007506838,2353.92643754,2355.24110962,2354.25249172,2354.12033485,2354.00325062,2355.27740520
eth4h:row15360:1727985600,2024-10-03 20:00:00,2349.80000000,0.00006756,0.02634395,-0.00569186,-0.01934373,-0.02761961,-0.00549282,0.0001474128,0.0008051859,0.0003274549,0.0002077114,0.0001926537,0.0007696224,2350.14641614,2351.69278768,2350.56957953,2350.28813093,2350.25274129,2351.60915473
eth4h:row15361:1728000000,2024-10-04 00:00:00,2367.06000000,0.00174123,0.02399198,-0.00679887,-0.01780498,-0.02780859,-0.00630829,0.0001800039,0.0007593863,0.0003058982,0.0002376753,0.0001889738,0.0007537428,2367.48611835,2368.85819572,2367.78419012,2367.62265855,2367.50735458,2368.84482696
eth4h:row15362:1728014400,2024-10-04 04:00:00,2381.60000000,0.00026850,0.02589125,-0.00596185,-0.01926204,-0.02877421,-0.00538940,0.0001513257,0.0007963706,0.0003221975,0.0002093021,0.0001701703,0.0007716363,2381.96042460,2383.49739156,2382.36746919,2382.09852604,2382.00531216,2383.43843817
eth4h:row15363:1728028800,2024-10-04 08:00:00,2386.20000000,-0.00026804,0.02593700,-0.00536392,-0.01908901,-0.02851153,-0.00518550,0.0001408776,0.0007972614,0.0003338408,0.0002126715,0.0001752854,0.0007756068,2386.53618591,2388.10318369,2386.99674384,2386.70753076,2386.61830272,2388.05147084
eth4h:row15364:1728043200,2024-10-04 12:00:00,2417.05000000,-0.00018105,0.02526755,-0.00578935,-0.01870632,-0.02895869,-0.00595104,0.0001425716,0.0007842253,0.0003255565,0.0002201236,0.0001665781,0.0007606996,2417.39462735,2418.94625521,2417.83701440,2417.58210835,2417.45266103,2418.88934837
eth4h:row15365:1728057600,2024-10-04 16:00:00,2428.90000000,-0.00081597,0.02592859,-0.00565104,-0.01920177,-0.02978797,-0.00613731,0.0001302079,0.0007970977,0.0003282498,0.0002104758,0.0001504296,0.0007570723,2429.21628250,2430.83684250,2429.69741686,2429.41127854,2429.26540602,2430.73954919
eth4h:row15366:1728072000,2024-10-04 20:00:00,2414.41000000,-0.00043716,0.02586330,-0.00579739,-0.01893861,-0.02999110,-0.00641257,0.0001375845,0.0007958262,0.0003253999,0.0002156002,0.0001464741,0.0007517122,2414.74220831,2416.33221555,2415.19577670,2414.93060338,2414.76367434,2416.22562375
eth4h:row15367:1728086400,2024-10-05 00:00:00,2399.60000000,-0.00046574,0.02630890,-0.00557794,-0.01855830,-0.03010107,-0.00603583,0.0001370280,0.0008045034,0.0003296732,0.0002230059,0.0001443326,0.0007590484,2399.92883488,2401.53126310,2400.39121432,2400.13518453,2399.94636556,2401.42210388
eth4h:row15368:1728100800,2024-10-05 04:00:00,2415.10000000,-0.00115015,0.02732209,-0.00510758,-0.01867613,-0.03022642,-0.00566697,0.0001237006,0.0008242331,0.0003388324,0.0002207115,0.0001418917,0.0007662310,2415.39876773,2417.09142589,2415.91845276,2415.63309917,2415.44270703,2416.95123370
eth4h:row15369:1728115200,2024-10-05 08:00:00,2417.19000000,-0.00490749,0.03362111,-0.00222015,-0.02339512,-0.03192876,-0.00248538,0.0000505344,0.0009468929,0.0003950590,0.0001288194,0.0001087424,0.0008281857,2417.31215444,2419.47990393,2418.14512120,2417.50140097,2417.45286534,2419.19271127
eth4h:row15370:1728129600,2024-10-05 12:00:00,2415.01000000,-0.00443938,0.03161485,-0.00289320,-0.02129748,-0.03079773,-0.00338032,0.0000596498,0.0009078252,0.0003819526,0.0001696663,0.0001307667,0.0008107587,2415.15405911,2417.20340247,2415.93259565,2415.41978062,2415.32582352,2416.96878443
eth4h:row15371:1728144000,2024-10-05 16:00:00,2396.54000000,-0.00495540,0.03187627,-0.00297401,-0.02161610,-0.03044243,-0.00364008,0.0000496016,0.0009129159,0.0003803791,0.0001634619,0.0001376855,0.0008057004,2396.65887506,2398.72883852,2397.45176705,2396.93177512,2396.86999142,2398.47167130
eth4h:row15372:1728158400,2024-10-05 20:00:00,2414.66000000,-0.00505763,0.03083328,-0.00362104,-0.02075825,-0.03027070,-0.00444624,0.0000476107,0.0008926059,0.0003677797,0.0001801666,0.0001410294,0.0007900022,2414.77496642,2416.81630204,2415.54822622,2415.09508033,2415.00056195,2416.56834033
eth4h:row15373:1728172800,2024-10-06 00:00:00,2413.64000000,-0.00644343,0.03366411,-0.00300858,-0.02222782,-0.03044222,-0.00341186,0.0000206254,0.0009477303,0.0003797059,0.0001515500,0.0001376895,0.0008101445,2413.68978277,2415.92856402,2414.55664731,2414.00581480,2413.97235581,2415.59618937
eth4h:row15374:1728187200,2024-10-06 04:00:00,2417.38000000,-0.00522226,0.03237764,-0.00378164,-0.02106690,-0.03036574,-0.00341346,0.0000444049,0.0009226789,0.0003646523,0.0001741564,0.0001391787,0.0008101133,2417.48734599,2419.61149490,2418.26166381,2417.80103880,2417.71647112,2419.33914507
eth4h:row15375:1728201600,2024-10-06 08:00:00,2426.63000000,-0.00487712,0.03141079,-0.00413672,-0.02084715,-0.03053007,-0.00327824,0.0000511258,0.0009038517,0.0003577378,0.0001784355,0.0001359787,0.0008127464,2426.75406659,2428.82430509,2427.49825268,2427.06303553,2426.95999240,2428.60303647
eth4h:row15376:1728216000,2024-10-06 12:00:00,2446.62000000,-0.00519751,0.03223572,-0.00386248,-0.02202630,-0.03096951,-0.00232851,0.0000448869,0.0009199154,0.0003630781,0.0001554742,0.0001274216,0.0008312404,2446.72982367,2448.87171887,2447.50847541,2447.00041587,2446.93177219,2448.65457487
eth4h:row15377:1728230400,2024-10-06 16:00:00,2441.39000000,-0.00452971,0.03040088,-0.00511878,-0.02039182,-0.03146876,-0.00375384,0.0000578908,0.0008841858,0.0003386145,0.0001873021,0.0001176999,0.0008034851,2441.53133807,2443.54959705,2442.21682997,2441.84732041,2441.67736824,2443.35240879
eth4h:row15378:1728244800,2024-10-06 20:00:00,2440.03000000,-0.00593612,0.03208724,-0.00526931,-0.02189487,-0.03292913,-0.00392817,0.0000305042,0.0009170241,0.0003356831,0.0001580335,0.0000892623,0.0008000906,2440.10443218,2442.26859266,2440.84921421,2440.41563692,2440.24781234,2441.98302621
eth4h:row15379:1728259200,2024-10-07 00:00:00,2495.34000000,-0.00794481,0.03610990,-0.00458742,-0.02580531,-0.03506050,-0.00314159,-0.0000086108,0.0009953567,0.0003489614,0.0000818862,0.0000477584,0.0008154075,2495.31851328,2497.82498992,2496.21092936,2495.54434220,2495.45917627,2497.37554881
eth4h:row15380:1728273600,2024-10-07 04:00:00,2480.53000000,-0.00775756,0.03713296,-0.00462050,-0.02743403,-0.03607381,-0.00327552,-0.0000049645,0.0010152785,0.0003483174,0.0000501702,0.0000280264,0.0008127995,2480.51768538,2483.04970760,2481.39416225,2480.65445189,2480.59952128,2482.54699314
eth4h:row15381:1728288000,2024-10-07 08:00:00,2475.84000000,-0.00708330,0.03673521,-0.00467591,-0.02746586,-0.03585605,-0.00340955,0.0000081653,0.0010075333,0.0003472383,0.0000495504,0.0000322669,0.0008101894,2475.86021602,2478.33574834,2476.69985566,2475.96268199,2475.91988899,2477.84671222
eth4h:row15382:1728302400,2024-10-07 12:00:00,2474.23000000,-0.00607859,0.03553960,-0.00471662,-0.02691419,-0.03591362,-0.00372936,0.0000277299,0.0009842514,0.0003464455,0.0000602930,0.0000311457,0.0008039619,2474.29861100,2476.66646319,2475.08733441,2474.37918333,2474.30706282,2476.21998637
eth4h:row15383:1728316800,2024-10-07 16:00:00,2445.62000000,-0.00644428,0.03617222,-0.00405768,-0.02741128,-0.03620533,-0.00379153,0.0000206088,0.0009965702,0.0003592770,0.0000506133,0.0000254654,0.0008027513,2445.67040193,2448.05844682,2446.49881298,2445.74378408,2445.68227941,2447.58401277
eth4h:row15384:1728331200,2024-10-07 20:00:00,2422.71000000,-0.00719443,0.03640229,-0.00337751,-0.02690842,-0.03587622,-0.00381053,0.0000060012,0.0010010504,0.0003725218,0.0000604053,0.0000318740,0.0008023813,2422.72453924,2425.13646907,2423.61268031,2422.85634901,2422.78722273,2424.65471732
eth4h:row15385:1728345600,2024-10-08 00:00:00,2438.13000000,-0.00761349,0.03621764,-0.00301984,-0.02646348,-0.03594587,-0.00392274,-0.0000021592,0.0009974546,0.0003794867,0.0000690697,0.0000305178,0.0008001962,2438.12473564,2440.56313730,2439.05541338,2438.29840683,2438.20440744,2440.08176315
eth4h:row15386:1728360000,2024-10-08 04:00:00,2428.60000000,-0.00907029,0.03784562,-0.00187523,-0.02672700,-0.03574092,-0.00339009,-0.0000305272,0.0010291560,0.0004017755,0.0000639381,0.0000345087,0.0008105684,2428.52586288,2431.10069495,2429.57594795,2428.75528509,2428.68380938,2430.56934445
eth4h:row15387:1728374400,2024-10-08 08:00:00,2439.71000000,-0.01009522,0.03891847,-0.00059808,-0.02627758,-0.03500945,-0.00219534,-0.0000504855,0.0010500476,0.0004266452,0.0000726896,0.0000487525,0.0008338336,2439.58683316,2442.27315700,2440.75111260,2439.88734796,2439.82894488,2441.74516061
eth4h:row15388:1728388800,2024-10-08 12:00:00,2419.50000000,-0.00876388,0.03774453,-0.00065460,-0.02479291,-0.03376166,-0.00148484,-0.0000245604,0.0010271875,0.0004255446,0.0001016005,0.0000730506,0.0008476690,2419.44057676,2421.98655713,2420.52982420,2419.74583482,2419.67675235,2421.55180460
eth4h:row15389:1728403200,2024-10-08 16:00:00,2440.13000000,-0.00828555,0.03702448,-0.00062568,-0.02433197,-0.03317476,-0.00111601,-0.0000152460,0.0010131661,0.0004261078,0.0001105762,0.0000844791,0.0008548512,2440.09279796,2442.60350970,2441.16997996,2440.39983530,2440.33614880,2442.21683994
eth4h:row15390:1728417600,2024-10-08 20:00:00,2440.89000000,-0.00712898,0.03544874,-0.00067210,-0.02255508,-0.03209279,-0.00083556,0.0000072756,0.0009824820,0.0004252038,0.0001451773,0.0001055482,0.0008603125,2440.90775908,2443.28930882,2441.92809632,2441.24438756,2441.14764523,2442.99083165
eth4h:row15391:1728432000,2024-10-09 00:00:00,2446.78000000,-0.00677559,0.03515858,-0.00146153,-0.02169658,-0.03169430,-0.00092996,0.0000141573,0.0009768318,0.0004098314,0.0001618948,0.0001133079,0.0008584741,2446.81463993,2449.17126026,2447.78297279,2447.17615290,2447.05725522,2448.88139914
eth4h:row15392:1728446400,2024-10-09 04:00:00,2436.01000000,-0.00693780,0.03551588,-0.00164256,-0.02278845,-0.03145508,-0.00056054,0.0000109985,0.0009837895,0.0004063063,0.0001406330,0.0001179663,0.0008656678,2436.03679257,2438.40770016,2436.99996730,2436.35260745,2436.29738394,2438.11968844
eth4h:row15393:1728460800,2024-10-09 08:00:00,2441.70000000,-0.00672002,0.03517977,-0.00174316,-0.02306981,-0.03077299,-0.00039912,0.0000152393,0.0009772444,0.0004043472,0.0001351540,0.0001312484,0.0008688110,2441.73721005,2444.08730401,2442.68749426,2442.03002791,2442.02049018,2443.82229774
eth4h:row15394:1728475200,2024-10-09 12:00:00,2461.30000000,-0.00496472,0.03338183,-0.00302112,-0.02281642,-0.02899514,-0.00126665,0.0000494199,0.0009422333,0.0003794618,0.0001400883,0.0001658683,0.0008519178,2461.42164023,2463.62021185,2462.23414667,2461.64482359,2461.70828552,2463.39771860
eth4h:row15395:1728489600,2024-10-09 16:00:00,2418.30000000,-0.00253382,0.03057522,-0.00457887,-0.02230697,-0.02839852,-0.00267547,0.0000967564,0.0008875808,0.0003491280,0.0001500086,0.0001774860,0.0008244841,2418.53399744,2420.44738949,2419.14444360,2418.66279301,2418.72925261,2420.29467214
eth4h:row15396:1728504000,2024-10-09 20:00:00,2370.47000000,-0.00042425,0.02761380,-0.00510600,-0.02132901,-0.02763546,-0.00314209,0.0001378358,0.0008299134,0.0003388631,0.0001690523,0.0001923450,0.0008153977,2370.79675818,2372.43810139,2371.27340104,2370.87076733,2370.92599183,2372.40366394
eth4h:row15397:1728518400,2024-10-10 00:00:00,2395.30000000,0.00116983,0.02529065,-0.00626582,-0.02066630,-0.02745307,-0.00460136,0.0001688771,0.0007846751,0.0003162782,0.0001819573,0.0001958966,0.0007869815,2395.70454549,2397.18026978,2396.05770103,2395.73588186,2395.76927715,2397.18579878
eth4h:row15398:1728532800,2024-10-10 04:00:00,2395.80000000,0.00178251,0.02421723,-0.00651752,-0.01933142,-0.02800364,-0.00514750,0.0001808076,0.0007637725,0.0003113768,0.0002079511,0.0001851755,0.0007763467,2396.23321813,2397.63054519,2396.54611280,2396.29826099,2396.24368454,2397.66069365
eth4h:row15399:1728547200,2024-10-10 08:00:00,2406.56000000,0.00032787,0.02476207,-0.00606273,-0.01876135,-0.02926410,-0.00492593,0.0001524817,0.0007743822,0.0003202329,0.0002190520,0.0001606308,0.0007806614,2406.92698445,2408.42431904,2407.33078313,2407.08721959,2406.94659865,2408.43944194
eth4h:row15400:1728561600,2024-10-10 12:00:00,2404.63000000,-0.00146416,0.02557436,-0.00572551,-0.01807187,-0.03006179,-0.00499449,0.0001175859,0.0007901999,0.0003267996,0.0002324781,0.0001450975,0.0007793262,2404.91276712,2406.53088923,2405.41596045,2405.18908879,2404.97893113,2406.50472149
eth4h:row15401:1728576000,2024-10-10 16:00:00,2367.13000000,-0.00180301,0.02604381,-0.00565598,-0.01786847,-0.03058169,-0.00533251,0.0001109874,0.0007993413,0.0003281535,0.0002364389,0.0001349735,0.0007727440,2367.39273629,2369.02290123,2367.90690942,2367.68974776,2367.44952150,2368.95989242
eth4h:row15402:1728590400,2024-10-10 20:00:00,2386.49000000,-0.00411436,0.02954141,-0.00466366,-0.01995505,-0.03177259,-0.00450400,0.0000659789,0.0008674495,0.0003474768,0.0001958073,0.0001117834,0.0007888775,2386.64746323,2388.56105776,2387.31939396,2386.95733781,2386.75678479,2388.37339099
eth4h:row15403:1728604800,2024-10-11 00:00:00,2411.10000000,-0.00508080,0.03218646,-0.00380333,-0.02176980,-0.03271381,-0.00327667,0.0000471595,0.0009189561,0.0003642299,0.0001604689,0.0000934552,0.0008127770,2411.21370895,2413.31671336,2411.97835471,2411.48693753,2411.32534035,2413.06048326
eth4h:row15404:1728619200,2024-10-11 04:00:00,2407.64000000,-0.00538194,0.03332631,-0.00383517,-0.02266951,-0.03331766,-0.00277010,0.0000412955,0.0009411522,0.0003636098,0.0001429491,0.0000816964,0.0008226414,2407.73942674,2409.90702227,2408.51560075,2407.98419459,2407.83670363,2409.62143927
eth4h:row15405:1728633600,2024-10-11 08:00:00,2417.82000000,-0.00523074,0.03295744,-0.00349938,-0.02216260,-0.03241966,-0.00229793,0.0000442398,0.0009339694,0.0003701486,0.0001528200,0.0000991831,0.0008318360,2417.92696632,2420.07922466,2418.71511838,2418.18951958,2418.05981880,2419.83206637
eth4h:row15406:1728648000,2024-10-11 12:00:00,2443.81000000,-0.00534315,0.03320018,-0.00339522,-0.02284376,-0.03245170,-0.00196917,0.0000420508,0.0009386962,0.0003721770,0.0001395559,0.0000985592,0.0008382378,2443.91276634,2446.10507217,2444.71969924,2444.15107186,2444.05087195,2445.85935271
eth4h:row15407:1728662400,2024-10-11 16:00:00,2459.60000000,-0.00521637,0.03320090,-0.00326537,-0.02346845,-0.03218205,-0.00231204,0.0000445196,0.0009387101,0.0003747056,0.0001273915,0.0001038101,0.0008315612,2459.70950273,2461.90993543,2460.52179849,2459.91335200,2459.85534465,2461.64615850
eth4h:row15408:1728676800,2024-10-11 20:00:00,2439.50000000,-0.00422710,0.03157405,-0.00377120,-0.02236788,-0.03198067,-0.00335712,0.0000637835,0.0009070308,0.0003648555,0.0001488227,0.0001077315,0.0008112104,2439.65560484,2441.71370531,2440.39022743,2439.86307996,2439.76282505,2441.47975065
eth4h:row15409:1728691200,2024-10-12 00:00:00,2439.04000000,-0.00401904,0.03240166,-0.00389790,-0.02325832,-0.03163067,-0.00340239,0.0000678351,0.0009231467,0.0003623884,0.0001314831,0.0001145469,0.0008103289,2439.20545820,2441.29263127,2439.92403989,2439.36071368,2439.31940053,2441.01722551
eth4h:row15410:1728705600,2024-10-12 04:00:00,2446.69000000,-0.00356513,0.03187782,-0.00423529,-0.02317531,-0.03181271,-0.00390745,0.0000766739,0.0009129461,0.0003558185,0.0001330996,0.0001110022,0.0008004941,2446.87760452,2448.92471606,2447.56073254,2447.01567525,2446.96160312,2448.64934492
eth4h:row15411:1728720000,2024-10-12 08:00:00,2452.50000000,-0.00406727,0.03258593,-0.00276476,-0.02293983,-0.03084228,-0.00245455,0.0000668959,0.0009267349,0.0003844539,0.0001376852,0.0001298991,0.0008287860,2452.66406757,2454.77387080,2453.44305445,2452.83769613,2452.81859821,2454.53344022
eth4h:row15412:1728734400,2024-10-12 12:00:00,2473.11000000,-0.00232996,0.02837611,-0.00379098,-0.01939317,-0.02929247,-0.00362666,0.0001007262,0.0008447578,0.0003644705,0.0002067486,0.0001600783,0.0008059617,2473.35911961,2475.20006167,2474.01153984,2473.62136493,2473.50592292,2475.10403537
eth4h:row15413:1728748800,2024-10-12 16:00:00,2472.60000000,-0.00305498,0.02911661,-0.00342831,-0.01966604,-0.02943672,-0.00333944,0.0000866081,0.0008591774,0.0003715327,0.0002014351,0.0001572695,0.0008115548,2472.81415650,2474.72531496,2473.51882248,2473.09811850,2472.98889507,2474.60746493
eth4h:row15414:1728763200,2024-10-12 20:00:00,2476.40000000,-0.00370079,0.02956036,-0.00306546,-0.01962591,-0.02946452,-0.00330836,0.0000740322,0.0008678186,0.0003785983,0.0002022165,0.0001567280,0.0008121600,2476.58334022,2478.54999880,2477.33773835,2476.90081954,2476.78815168,2478.41204989
eth4h:row15415:1728777600,2024-10-13 00:00:00,2457.86000000,-0.00374399,0.02976222,-0.00352727,-0.01906314,-0.02941702,-0.00364673,0.0000731910,0.0008717492,0.0003696056,0.0002131753,0.0001576531,0.0008055710,2458.03989992,2460.00357176,2458.76860664,2458.38401079,2458.24751973,2459.84077841
eth4h:row15416:1728792000,2024-10-13 04:00:00,2465.00000000,-0.00412032,0.03067837,-0.00354808,-0.01904711,-0.02979879,-0.00326343,0.0000658629,0.0008895893,0.0003692003,0.0002134875,0.0001502190,0.0008130348,2465.16235728,2467.19381337,2465.91024688,2465.52630281,2465.37031757,2467.00494578
eth4h:row15417:1728806400,2024-10-13 08:00:00,2458.27000000,-0.00566883,0.03299034,-0.00285321,-0.02098618,-0.03102369,-0.00176420,0.0000357089,0.0009346101,0.0003827315,0.0001757282,0.0001263666,0.0008422292,2458.35778367,2460.56859783,2459.21103734,2458.70202536,2458.58066282,2460.34129891
eth4h:row15418:1728820800,2024-10-13 12:00:00,2440.51000000,-0.00534353,0.03286881,-0.00302489,-0.02104529,-0.03025169,-0.00123951,0.0000420436,0.0009322434,0.0003793883,0.0001745771,0.0001413996,0.0008524463,2440.61260986,2442.78621027,2441.43607657,2440.93609440,2440.85511155,2442.59129070
eth4h:row15419:1728835200,2024-10-13 16:00:00,2458.09000000,-0.00446963,0.03092087,-0.00419510,-0.02030429,-0.03007860,-0.00230506,0.0000590607,0.0008943115,0.0003566010,0.0001890066,0.0001447702,0.0008316970,2458.23518090,2460.28928150,2458.96671358,2458.55463912,2458.44588393,2460.13523641
eth4h:row15420:1728849600,2024-10-13 20:00:00,2468.91000000,-0.00347008,0.02799273,-0.00529814,-0.01869735,-0.02987004,-0.00367652,0.0000785249,0.0008372924,0.0003351217,0.0002202983,0.0001488314,0.0008049909,2469.10387854,2470.97806518,2469.73752402,2469.45395659,2469.27747864,2470.89825032
eth4h:row15421:1728864000,2024-10-14 00:00:00,2521.11000000,-0.00378419,0.02922229,-0.00579157,-0.02014781,-0.03080265,-0.00393881,0.0000724082,0.0008612353,0.0003255132,0.0001920536,0.0001306709,0.0007998834,2521.29255557,2523.28220415,2521.93078828,2521.59423486,2521.43945733,2523.12740077
eth4h:row15422:1728878400,2024-10-14 04:00:00,2535.78000000,-0.00339949,0.02996431,-0.00639763,-0.02144447,-0.03138811,-0.00425302,0.0000798994,0.0008756845,0.0003137115,0.0001668041,0.0001192703,0.0007937648,2535.98261548,2538.00151575,2536.57562823,2536.20301378,2536.08246122,2537.79361190
eth4h:row15423:1728892800,2024-10-14 08:00:00,2537.90000000,-0.00254923,0.02946753,-0.00651669,-0.02168981,-0.03212927,-0.00422844,0.0000964564,0.0008660109,0.0003113931,0.0001620265,0.0001048379,0.0007942434,2538.14480854,2540.09880095,2538.69040759,2538.31124034,2538.16608206,2539.91651103
eth4h:row15424:1728907200,2024-10-14 12:00:00,2635.47000000,-0.00227082,0.03021658,-0.00580691,-0.02283649,-0.03260002,-0.00353344,0.0001018779,0.0008805970,0.0003252145,0.0001396975,0.0000956709,0.0008077770,2635.73850986,2637.79180920,2636.32723249,2635.83819425,2635.72214990,2637.59973206
eth4h:row15425:1728921600,2024-10-14 16:00:00,2620.51000000,-0.00049207,0.02739689,-0.00626368,-0.02106231,-0.03240351,-0.00484124,0.0001365153,0.0008256897,0.0003163199,0.0001742457,0.0000994977,0.0007823104,2620.86776402,2622.67462169,2621.33905046,2620.96665251,2620.77074757,2622.56085431
eth4h:row15426:1728936000,2024-10-14 20:00:00,2629.79000000,-0.00163776,0.02854068,-0.00540898,-0.02217772,-0.03330962,-0.00451710,0.0001142054,0.0008479624,0.0003329635,0.0001525255,0.0000818531,0.0007886223,2630.09035339,2632.02090884,2630.66576975,2630.19114068,2630.00526533,2631.86472895
eth4h:row15427:1728950400,2024-10-15 00:00:00,2612.32000000,-0.00199758,0.02906138,-0.00488823,-0.02250372,-0.03319389,-0.00495208,0.0001071987,0.0008581021,0.0003431038,0.0001461775,0.0000841066,0.0007801521,2612.60005238,2614.56259921,2613.21645071,2612.70189036,2612.53972250,2614.35880219
eth4h:row15428:1728964800,2024-10-15 04:00:00,2615.66000000,-0.00295943,0.03081743,-0.00402650,-0.02287857,-0.03309799,-0.00516343,0.0000884687,0.0008922972,0.0003598842,0.0001388781,0.0000859741,0.0007760365,2615.89141420,2617.99498765,2616.60150416,2616.02328299,2615.88488865,2617.69063553
eth4h:row15429:1728979200,2024-10-15 08:00:00,2586.20000000,-0.00453360,0.03279973,-0.00225946,-0.02347248,-0.03239913,-0.00396330,0.0000578150,0.0009308982,0.0003942935,0.0001273128,0.0000995830,0.0007994065,2586.34952560,2588.60860990,2587.21992289,2586.52927740,2586.45755428,2588.26825169
eth4h:row15430:1728993600,2024-10-15 12:00:00,2573.45000000,-0.00436081,0.03266639,-0.00128919,-0.02243143,-0.03079415,-0.00297986,0.0000611798,0.0009283018,0.0004131873,0.0001475851,0.0001308363,0.0008185569,2573.60744806,2575.84004744,2574.51353666,2573.82983095,2573.78672279,2575.55737755
eth4h:row15431:1729008000,2024-10-15 16:00:00,2592.11000000,-0.00365414,0.03183211,-0.00062166,-0.02158896,-0.02909333,-0.00231647,0.0000749408,0.0009120559,0.0004261861,0.0001639903,0.0001639561,0.0008314749,2592.30426196,2594.47522761,2593.21495679,2592.53511587,2592.53502709,2594.26617055
eth4h:row15432:1729022400,2024-10-15 20:00:00,2607.41000000,-0.00191921,0.02841172,-0.00103377,-0.01799890,-0.02651916,-0.00277391,0.0001087247,0.0008454513,0.0004181611,0.0002338991,0.0002140826,0.0008225673,2607.69350532,2609.61537035,2608.50054545,2608.01994205,2607.96826089,2609.55565249
eth4h:row15433:1729036800,2024-10-16 00:00:00,2617.23000000,-0.00111377,0.02720494,-0.00143981,-0.01663564,-0.02572746,-0.00277273,0.0001244089,0.0008219518,0.0004102545,0.0002604456,0.0002294992,0.0008225902,2617.55562689,2619.38212119,2618.30395058,2617.91173492,2617.83072120,2619.38379347
eth4h:row15434:1729051200,2024-10-16 04:00:00,2607.13000000,-0.00166202,0.02833617,-0.00089205,-0.01761883,-0.02545969,-0.00193421,0.0001137330,0.0008439802,0.0004209207,0.0002413001,0.0002347135,0.0008389185,2607.42653361,2609.33129480,2608.22762611,2607.75917657,2607.74200055,2609.31808735
eth4h:row15435:1729065600,2024-10-16 08:00:00,2630.40000000,-0.00054109,0.02704678,-0.00118865,-0.01688465,-0.02371619,-0.00179989,0.0001355606,0.0008188719,0.0004151451,0.0002555966,0.0002686644,0.0008415341,2630.75660279,2632.55484288,2631.49222438,2631.07240735,2631.10678966,2632.61450296
eth4h:row15436:1729080000,2024-10-16 12:00:00,2607.67000000,0.00293426,0.02338669,-0.00346131,-0.01550127,-0.02163337,-0.00297052,0.0002032356,0.0007475997,0.0003708900,0.0002825350,0.0003092229,0.0008187387,2608.20002523,2609.62022228,2608.63733809,2608.40686209,2608.47647588,2609.80587447
eth4h:row15437:1729094400,2024-10-16 16:00:00,2614.93000000,0.00404328,0.02156032,-0.00489469,-0.01644608,-0.02116943,-0.00385983,0.0002248314,0.0007120350,0.0003429780,0.0002641369,0.0003182570,0.0008014213,2615.51798434,2616.79258473,2615.82701733,2615.62079065,2615.76235210,2617.02650055
eth4h:row15438:1729108800,2024-10-16 20:00:00,2611.10000000,0.00523114,0.01971213,-0.00581075,-0.01725883,-0.02013130,-0.00467096,0.0002479624,0.0006760455,0.0003251398,0.0002483102,0.0003384724,0.0007856263,2611.74753484,2612.86581917,2611.94911057,2611.74844337,2611.98393480,2613.15215481
eth4h:row15439:1729123200,2024-10-17 00:00:00,2640.80000000,0.00767602,0.01580096,-0.00789685,-0.01724124,-0.01953636,-0.00674145,0.0002955711,0.0005998839,0.0002845175,0.0002486529,0.0003500576,0.0007453080,2641.58065952,2642.38464877,2641.55146058,2641.45672430,2641.72459398,2642.76894311
eth4h:row15440:1729137600,2024-10-17 04:00:00,2628.50000000,0.00620975,0.01795799,-0.00829112,-0.01837046,-0.02246276,-0.00717859,0.0002670186,0.0006418875,0.0002768399,0.0002266637,0.0002930721,0.0007367957,2629.20195204,2630.18774288,2629.22777441,2629.09585310,2629.27045296,2630.43738106
eth4h:row15441:1729152000,2024-10-17 08:00:00,2598.01000000,0.00482169,0.01918472,-0.00833588,-0.01868066,-0.02512355,-0.00713634,0.0002399891,0.0006657753,0.0002759684,0.0002206233,0.0002412592,0.0007376183,2598.63356902,2599.74026674,2598.72706755,2598.58324474,2598.63686931,2599.92704665
eth4h:row15442:1729166400,2024-10-17 12:00:00,2630.82000000,0.00528187,0.01803214,-0.00921532,-0.01692819,-0.02588148,-0.00858087,0.0002489501,0.0006433314,0.0002588431,0.0002547488,0.0002265001,0.0007094891,2631.47502446,2632.51303356,2631.50105775,2631.49028355,2631.41594836,2632.68720049
eth4h:row15443:1729180800,2024-10-17 16:00:00,2595.59000000,0.00462751,0.01855687,-0.00928035,-0.01689928,-0.02705432,-0.00888373,0.0002362080,0.0006535493,0.0002575768,0.0002553117,0.0002036615,0.0007035916,2596.20317145,2597.28690057,2596.25864991,2596.25276910,2596.11867563,2597.41687796
eth4h:row15444:1729195200,2024-10-17 20:00:00,2605.80000000,0.00468034,0.01709513,-0.00954871,-0.01600083,-0.02797068,-0.00909111,0.0002372366,0.0006250850,0.0002523510,0.0002728071,0.0001858174,0.0006995533,2606.41826449,2607.42935575,2606.45765930,2606.51097768,2606.28424784,2607.62353386
eth4h:row15445:1729209600,2024-10-18 00:00:00,2609.99000000,0.00179076,0.02018810,-0.00888126,-0.01642687,-0.02964101,-0.00891044,0.0001809684,0.0006853140,0.0002653482,0.0002645109,0.0001532913,0.0007030716,2610.46236846,2611.77927578,2610.68264813,2610.68046211,2610.39011934,2611.82565514
eth4h:row15446:1729224000,2024-10-18 04:00:00,2644.50000000,0.00241788,0.01874769,-0.00965792,-0.01517906,-0.02928869,-0.00992525,0.0001931801,0.0006572652,0.0002502244,0.0002888093,0.0001601520,0.0006833103,2645.01091418,2646.23870923,2645.16180120,2645.26386646,2644.92355587,2646.30763166
eth4h:row15447:1729238400,2024-10-18 08:00:00,2621.98000000,0.00681405,0.01259194,-0.01141948,-0.01345887,-0.02555994,-0.01121463,0.0002787860,0.0005373951,0.0002159219,0.0003223063,0.0002327613,0.0006582024,2622.71107334,2623.38941793,2622.54620403,2622.82521680,2622.59036650,2623.70636157
eth4h:row15448:1729252800,2024-10-18 12:00:00,2653.15000000,-0.00587246,0.03105406,-0.00617735,-0.02193495,-0.03506071,-0.00692965,0.0000317437,0.0008969051,0.0003180009,0.0001572529,0.0000477543,0.0007416432,2653.23422227,2655.53069110,2653.99383837,2653.56724843,2653.27670242,2655.11842054
eth4h:row15449:1729267200,2024-10-18 16:00:00,2651.31000000,-0.00440201,0.02925346,-0.00687601,-0.02066217,-0.03495950,-0.00762172,0.0000603775,0.0008618423,0.0003043961,0.0001820376,0.0000497251,0.0007281665,2651.47008436,2653.59599610,2652.11717135,2651.79268211,2651.44184006,2653.24129822
eth4h:row15450:1729281600,2024-10-18 20:00:00,2642.17000000,-0.00634472,0.03313998,-0.00553010,-0.02384746,-0.03651420,-0.00604824,0.0000225475,0.0009375239,0.0003306048,0.0001200110,0.0000194508,0.0007588066,2642.22957489,2644.64825910,2643.04365856,2642.48710860,2642.22139274,2644.17565702
eth4h:row15451:1729296000,2024-10-19 00:00:00,2646.41000000,-0.00566131,0.03258783,-0.00586236,-0.02342966,-0.03620750,-0.00647568,0.0000358554,0.0009267720,0.0003241348,0.0001281468,0.0000254230,0.0007504833,2646.50488987,2648.86375564,2647.26793262,2646.74915062,2646.47728055,2648.39683203
eth4h:row15452:1729310400,2024-10-19 04:00:00,2641.05000000,-0.00677197,0.03416402,-0.00506338,-0.02518673,-0.03684617,-0.00575646,0.0000142278,0.0009574648,0.0003396932,0.0000939316,0.0000129864,0.0007644886,2641.08757650,2643.57992347,2641.94729905,2641.29808976,2641.08429798,2643.06982451
eth4h:row15453:1729324800,2024-10-19 08:00:00,2631.48000000,-0.00621197,0.03261445,-0.00507165,-0.02376818,-0.03513829,-0.00616766,0.0000251326,0.0009272903,0.0003395321,0.0001215547,0.0000462437,0.0007564812,2631.54613667,2633.92127752,2632.37362371,2631.79988830,2631.60169222,2633.47141840
eth4h:row15454:1729339200,2024-10-19 12:00:00,2645.70000000,-0.00643858,0.03228412,-0.00536877,-0.02287113,-0.03493045,-0.00664375,0.0000207197,0.0009208578,0.0003337463,0.0001390228,0.0000502910,0.0007472105,2645.75481865,2648.13743566,2646.58314002,2646.06783831,2645.83305818,2647.67763364
eth4h:row15455:1729353600,2024-10-19 16:00:00,2641.34000000,-0.00587219,0.03180350,-0.00535695,-0.02259013,-0.03407899,-0.00669381,0.0000317490,0.0009114988,0.0003339766,0.0001444948,0.0000668712,0.0007462356,2641.42386116,2643.74867571,2642.22229301,2641.72168755,2641.51663541,2643.31179745
eth4h:row15456:1729368000,2024-10-19 20:00:00,2648.20000000,-0.00507508,0.03081665,-0.00540517,-0.02127681,-0.03317437,-0.00644745,0.0000472709,0.0008922821,0.0003330376,0.0001700688,0.0000844867,0.0007510330,2648.32518582,2650.56399596,2649.08209703,2648.65041445,2648.42374709,2650.18963277
eth4h:row15457:1729382400,2024-10-20 00:00:00,2640.25000000,-0.00168276,0.02590496,-0.00670371,-0.01707905,-0.03071640,-0.00738325,0.0001133291,0.0007966375,0.0003077512,0.0002518111,0.0001323504,0.0007328104,2640.54923411,2642.35416024,2641.06266514,2640.91492801,2640.59946135,2642.18551164
eth4h:row15458:1729396800,2024-10-20 04:00:00,2646.10000000,-0.00043872,0.02340315,-0.00757821,-0.01540568,-0.03074972,-0.00801701,0.0001375541,0.0007479201,0.0002907223,0.0002843964,0.0001317016,0.0007204692,2646.46400683,2648.07981158,2646.86939200,2646.85264836,2646.44851859,2648.00712055
eth4h:row15459:1729411200,2024-10-20 08:00:00,2649.49000000,-0.00359367,0.02793292,-0.00577054,-0.01827228,-0.03234745,-0.00591482,0.0000761183,0.0008361276,0.0003259228,0.0002285756,0.0001005893,0.0007614048,2649.69168223,2651.70623822,2650.35366999,2650.09567806,2649.75652366,2651.50810263
eth4h:row15460:1729425600,2024-10-20 12:00:00,2706.58000000,-0.00281899,0.02658934,-0.00660055,-0.01693222,-0.03204832,-0.00681477,0.0000912035,0.0008099644,0.0003097600,0.0002546704,0.0001064141,0.0007438803,2706.82686084,2708.77312139,2707.41852017,2707.26937367,2706.86803359,2708.59412049
eth4h:row15461:1729440000,2024-10-20 16:00:00,2699.86000000,-0.00294438,0.02691532,-0.00704798,-0.01785427,-0.03229667,-0.00711340,0.0000887617,0.0008163121,0.0003010473,0.0002367154,0.0001015782,0.0007380650,2700.09965491,2702.06482810,2700.67290793,2700.49917414,2700.13426073,2701.85340774
eth4h:row15462:1729454400,2024-10-20 20:00:00,2746.91000000,-0.00343548,0.02809805,-0.00669636,-0.01922024,-0.03277210,-0.00670918,0.0000791987,0.0008393433,0.0003078944,0.0002101160,0.0000923201,0.0007459362,2747.12756026,2749.21656831,2747.75588841,2747.48723043,2747.16360660,2748.95978415
eth4h:row15463:1729468800,2024-10-21 00:00:00,2733.81000000,-0.00373711,0.03084681,-0.00606004,-0.02166623,-0.03321961,-0.00582653,0.0000733251,0.0008928694,0.0003202854,0.0001624858,0.0000836057,0.0007631241,2734.01046424,2736.25202532,2734.68573976,2734.25424146,2734.03857175,2735.89703241
eth4h:row15464:1729483200,2024-10-21 04:00:00,2722.01000000,-0.00228936,0.02998135,-0.00626991,-0.02211852,-0.03245852,-0.00597278,0.0001015169,0.0008760164,0.0003161986,0.0001536784,0.0000984264,0.0007602762,2722.28634416,2724.39557026,2722.87083175,2722.42834617,2722.27793070,2724.08026632
eth4h:row15465:1729497600,2024-10-21 08:00:00,2704.77000000,-0.00060523,0.02702505,-0.00680281,-0.02046705,-0.03196529,-0.00657541,0.0001343117,0.0008184489,0.0003058216,0.0001858371,0.0001080309,0.0007485412,2705.13330671,2706.98462210,2705.59730353,2705.27269328,2705.06221455,2706.79538982
eth4h:row15466:1729512000,2024-10-21 12:00:00,2679.43000000,-0.00000541,0.02654175,-0.00638638,-0.02048923,-0.03095830,-0.00624979,0.0001459919,0.0008090376,0.0003139306,0.0001854053,0.0001276398,0.0007548820,2679.82120350,2681.59863665,2680.27128715,2679.92682662,2679.77202385,2681.45341705
eth4h:row15467:1729526400,2024-10-21 16:00:00,2680.10000000,0.00108369,0.02305377,-0.00708007,-0.01738010,-0.02970497,-0.00799970,0.0001671996,0.0007411168,0.0003004224,0.0002459489,0.0001520459,0.0007208063,2680.54814923,2682.08700333,2680.90528310,2680.75924859,2680.50752911,2682.03252925
eth4h:row15468:1729540800,2024-10-21 20:00:00,2666.70000000,0.00005600,0.02412990,-0.00604989,-0.01746180,-0.02924202,-0.00728399,0.0001471876,0.0007620721,0.0003204830,0.0002443579,0.0001610608,0.0007347432,2667.09253415,2668.73299233,2667.55476909,2667.35170873,2667.12953544,2668.66005959
eth4h:row15469:1729555200,2024-10-22 00:00:00,2644.56000000,0.00063610,0.02244914,-0.00661715,-0.01577086,-0.02901931,-0.00830284,0.0001584839,0.0007293429,0.0003094368,0.0002772852,0.0001653977,0.0007149032,2644.97915332,2646.48949471,2645.37845076,2645.29339915,2644.99744019,2646.45128043
eth4h:row15470:1729569600,2024-10-22 04:00:00,2646.79000000,-0.00167632,0.02626074,-0.00503110,-0.01732708,-0.02945278,-0.00679858,0.0001134545,0.0008035656,0.0003403218,0.0002469813,0.0001569567,0.0007441955,2647.09030714,2648.91772410,2647.69091369,2647.44378829,2647.20546395,2648.76046241
eth4h:row15471:1729584000,2024-10-22 08:00:00,2632.90000000,0.00090197,0.02221269,-0.00620032,-0.01468759,-0.02800960,-0.00732227,0.0001636610,0.0007247386,0.0003175537,0.0002983796,0.0001850594,0.0007339977,2633.33093843,2634.80885577,2633.73621977,2633.68572087,2633.38728807,2634.83325203
eth4h:row15472:1729598400,2024-10-22 12:00:00,2624.33000000,0.00016510,0.02386395,-0.00565516,-0.01488581,-0.02821077,-0.00606585,0.0001493122,0.0007568932,0.0003281696,0.0002945198,0.0001811422,0.0007584638,2624.72187385,2626.31708951,2625.19136663,2625.10303095,2624.80541988,2626.32121438
eth4h:row15473:1729612800,2024-10-22 16:00:00,2628.01000000,-0.00017662,0.02335454,-0.00569557,-0.01443484,-0.02794901,-0.00586182,0.0001426578,0.0007469735,0.0003273827,0.0003033014,0.0001862393,0.0007624369,2628.38493293,2629.97378730,2628.87050574,2628.80720009,2628.49948420,2630.01445594
eth4h:row15474:1729627200,2024-10-22 20:00:00,2622.81000000,-0.00068387,0.02373264,-0.00589670,-0.01451285,-0.02802894,-0.00547730,0.0001327802,0.0007543363,0.0003234661,0.0003017824,0.0001846828,0.0007699246,2623.15828040,2624.78922711,2623.65852738,2623.60163735,2623.29443261,2624.83014346
eth4h:row15475:1729641600,2024-10-23 00:00:00,2616.50000000,-0.00038064,0.02299956,-0.00699570,-0.01460452,-0.02789519,-0.00618343,0.0001386851,0.0007400612,0.0003020655,0.0002999973,0.0001872873,0.0007561742,2616.86289481,2618.43708673,2617.29047377,2617.28506066,2616.99008322,2618.47927816
eth4h:row15476:1729656000,2024-10-23 04:00:00,2602.81000000,-0.00114852,0.02472926,-0.00748944,-0.01671971,-0.02909459,-0.00629116,0.0001237322,0.0007737433,0.0002924509,0.0002588085,0.0001639317,0.0007540763,2603.13207133,2604.82468606,2603.57130553,2603.48371657,2603.23671811,2604.77345762
eth4h:row15477:1729670400,2024-10-23 08:00:00,2580.93000000,0.00033869,0.02304424,-0.00852669,-0.01688861,-0.02825193,-0.00670088,0.0001526924,0.0007409311,0.0002722528,0.0002555195,0.0001803407,0.0007460980,2581.32411851,2582.84299988,2581.63276103,2581.58956211,2581.39548875,2582.85634529
eth4h:row15478:1729684800,2024-10-23 12:00:00,2540.22000000,0.00212625,0.02185000,-0.00946745,-0.01748080,-0.02804143,-0.00726635,0.0001875012,0.0007176759,0.0002539335,0.0002439879,0.0001844396,0.0007350867,2540.69633906,2542.04370893,2540.86512877,2540.83985856,2540.68856045,2542.08796848
eth4h:row15479:1729699200,2024-10-23 16:00:00,2512.51000000,0.00521909,0.01732851,-0.01062256,-0.01643596,-0.02737261,-0.00853990,0.0002477276,0.0006296296,0.0002314401,0.0002643339,0.0001974635,0.0007102871,2513.13249525,2514.09244888,2513.09156281,2513.17422934,2513.00617808,2514.29523735
eth4h:row15480:1729713600,2024-10-23 20:00:00,2524.61000000,0.00450341,0.01781020,-0.01034078,-0.01673962,-0.02876560,-0.00834851,0.0002337914,0.0006390096,0.0002369272,0.0002584209,0.0001703381,0.0007140140,2525.20030123,2526.22376559,2525.20821953,2525.26249617,2525.04007378,2526.41325060
eth4h:row15481:1729728000,2024-10-24 00:00:00,2544.80000000,0.00570567,0.01498456,-0.01165268,-0.01516121,-0.02837990,-0.01038561,0.0002572028,0.0005839862,0.0002113808,0.0002891569,0.0001778488,0.0006743457,2545.45461380,2546.28656216,2545.33797865,2545.53595289,2545.25262977,2546.51665376
eth4h:row15482:1729742400,2024-10-24 04:00:00,2544.76000000,0.00427105,0.01618660,-0.01126567,-0.01469665,-0.02980633,-0.01034150,0.0002292666,0.0006073935,0.0002189170,0.0002982032,0.0001500721,0.0006752048,2545.34349528,2546.30614016,2545.31715224,2545.51896869,2545.14192625,2546.47881431
eth4h:row15483:1729756800,2024-10-24 08:00:00,2529.47000000,0.00520433,0.01472456,-0.01115841,-0.01521222,-0.02819131,-0.01020005,0.0002474404,0.0005789234,0.0002210056,0.0002881637,0.0001815211,0.0006779592,2530.09597042,2530.93479326,2530.02908892,2530.19900637,2529.92919391,2531.18545887
eth4h:row15484:1729771200,2024-10-24 12:00:00,2525.84000000,0.00176297,0.01932649,-0.00989858,-0.01504434,-0.03091742,-0.00934266,0.0001804272,0.0006685359,0.0002455380,0.0002914327,0.0001284361,0.0006946550,2526.29577146,2527.52917937,2526.46026593,2526.57621963,2526.16442978,2527.59519699
eth4h:row15485:1729785600,2024-10-24 16:00:00,2539.96000000,0.00621748,0.01443071,-0.01068317,-0.01479609,-0.02744303,-0.00971061,0.0002671692,0.0005732013,0.0002302598,0.0002962669,0.0001960922,0.0006874899,2540.63868967,2541.41632562,2540.54491808,2540.71261754,2540.45811517,2541.70679723
eth4h:row15486:1729800000,2024-10-24 20:00:00,2535.82000000,-0.00067161,0.02409027,-0.00745600,-0.01694619,-0.03281651,-0.00698706,0.0001330190,0.0007613003,0.0002931021,0.0002543983,0.0000914554,0.0007405252,2536.15733474,2537.75125555,2536.56336303,2536.46519024,2536.05192493,2537.69853407
eth4h:row15487:1729814400,2024-10-25 00:00:00,2521.73000000,-0.00049143,0.02377305,-0.00737153,-0.01604399,-0.03260604,-0.00686438,0.0001365277,0.0007551232,0.0002947470,0.0002719668,0.0000955537,0.0007429142,2522.07430959,2523.63493597,2522.47338198,2522.41592001,2521.97097212,2523.60412497
eth4h:row15488:1729828800,2024-10-25 04:00:00,2484.07000000,-0.00247587,0.02688206,-0.00610988,-0.01795521,-0.03348158,-0.00590741,0.0000978849,0.0008156644,0.0003193148,0.0002347498,0.0000785046,0.0007615490,2484.31316487,2486.09699407,2484.86332703,2484.65320344,2484.26501854,2485.96246160
eth4h:row15489:1729843200,2024-10-25 08:00:00,2545.13000000,-0.00393143,0.02936385,-0.00457909,-0.01958184,-0.03330193,-0.00442291,0.0000695410,0.0008639919,0.0003491236,0.0002030748,0.0000820028,0.0007904564,2545.30699710,2547.32992188,2546.01872015,2545.64690425,2545.33871647,2547.14260969
eth4h:row15490:1729857600,2024-10-25 12:00:00,2524.86000000,-0.00375384,0.02926103,-0.00453444,-0.01979637,-0.03239159,-0.00463835,0.0000729992,0.0008619897,0.0003499931,0.0001988973,0.0000997298,0.0007862613,2525.04431959,2527.03734167,2525.74383828,2525.36223767,2525.11181631,2526.84598041
eth4h:row15491:1729872000,2024-10-25 16:00:00,2476.10000000,-0.00324604,0.02975864,-0.00413711,-0.02030640,-0.03162149,-0.00430975,0.0000828876,0.0008716796,0.0003577303,0.0001889654,0.0001147257,0.0007926601,2476.30524645,2478.25930681,2476.98593445,2476.56794141,2476.38408852,2478.06348377
eth4h:row15492:1729886400,2024-10-25 20:00:00,2440.62000000,-0.00258487,0.03003607,-0.00338801,-0.02112475,-0.03030247,-0.00348693,0.0000957623,0.0008770819,0.0003723175,0.0001730299,0.0001404107,0.0008086827,2440.85373066,2442.76156275,2441.52885466,2441.04233688,2440.96271326,2442.59448553
eth4h:row15493:1729900800,2024-10-26 00:00:00,2452.27000000,0.00031197,0.02595345,-0.00472724,-0.01852905,-0.02785466,-0.00471882,0.0001521721,0.0007975817,0.0003462388,0.0002235755,0.0001880766,0.0007846943,2452.64319556,2454.22666595,2453.11921798,2452.81832868,2452.73125797,2454.19503740
eth4h:row15494:1729915200,2024-10-26 04:00:00,2465.61000000,0.00040482,0.02540923,-0.00425280,-0.01745790,-0.02682854,-0.00429614,0.0001539802,0.0007869842,0.0003554774,0.0002444339,0.0002080581,0.0007929250,2465.98968429,2467.55115989,2466.48662452,2466.21275230,2466.12304360,2467.56581918
eth4h:row15495:1729929600,2024-10-26 08:00:00,2472.98000000,0.00028679,0.02417896,-0.00419069,-0.01627582,-0.02585153,-0.00416053,0.0001516818,0.0007630274,0.0003566870,0.0002674523,0.0002270833,0.0007955658,2473.35513440,2474.86767152,2473.86223715,2473.64149271,2473.54163621,2474.94820124
eth4h:row15496:1729944000,2024-10-26 12:00:00,2457.59000000,0.00011744,0.02304322,-0.00409942,-0.01498995,-0.02471549,-0.00438945,0.0001483840,0.0007409114,0.0003584643,0.0002924918,0.0002492051,0.0007911080,2457.95469408,2459.41153105,2458.47111615,2458.30893007,2458.20252031,2459.53498835
eth4h:row15497:1729958400,2024-10-26 16:00:00,2486.68000000,-0.00063328,0.02399869,-0.00406552,-0.01511441,-0.02481214,-0.00460019,0.0001337653,0.0007595169,0.0003591244,0.0002900683,0.0002473231,0.0007870044,2487.01265383,2488.56939296,2487.57318787,2487.40141172,2487.29508943,2488.63779850
eth4h:row15498:1729972800,2024-10-26 20:00:00,2482.51000000,-0.00090757,0.02532286,-0.00398247,-0.01562628,-0.02524651,-0.00420047,0.0001284242,0.0007853024,0.0003607415,0.0002801007,0.0002388647,0.0007947881,2482.82883487,2484.46028676,2483.40570598,2483.20545030,2483.10305481,2484.48385358
eth4h:row15499:1729987200,2024-10-27 00:00:00,2484.64000000,-0.00115319,0.02690104,-0.00426166,-0.01663400,-0.02666412,-0.00358971,0.0001236414,0.0008160341,0.0003553049,0.0002604776,0.0002112599,0.0008066813,2484.94722330,2486.66837844,2485.52296170,2485.28727727,2485.16496013,2486.64512128
eth4h:row15500:1730001600,2024-10-27 04:00:00,2481.26000000,-0.00114287,0.02833942,-0.00454708,-0.01808636,-0.02768437,-0.00299511,0.0001238422,0.0008440434,0.0003497469,0.0002321961,0.0001913926,0.0008182599,2481.56730366,2483.35517526,2482.12796480,2481.83620568,2481.73494034,2483.29114640
eth4h:row15501:1730016000,2024-10-27 08:00:00,2469.86000000,-0.00103790,0.02923111,-0.00448119,-0.01975883,-0.02859853,-0.00255780,0.0001258864,0.0008614071,0.0003510300,0.0001996282,0.0001735914,0.0008267756,2470.17094137,2471.98847147,2470.72714723,2470.35310289,2470.28878371,2471.90286432
eth4h:row15502:1730030400,2024-10-27 12:00:00,2501.97000000,-0.00097549,0.02816660,-0.00495801,-0.02010551,-0.02859459,-0.00323101,0.0001271016,0.0008406781,0.0003417451,0.0001928774,0.0001736680,0.0008136662,2502.28802468,2504.07423563,2502.82518209,2502.45262009,2502.40454991,2504.00659694
eth4h:row15503:1730044800,2024-10-27 16:00:00,2494.59000000,-0.00030373,0.02563516,-0.00588859,-0.01874354,-0.02809004,-0.00493375,0.0001401827,0.0007913837,0.0003236240,0.0002193988,0.0001834931,0.0007805090,2494.93972285,2496.56495935,2495.39743975,2495.13737004,2495.04778207,2496.53781007
eth4h:row15504:1730059200,2024-10-27 20:00:00,2507.80000000,-0.00144446,0.02733166,-0.00584925,-0.02043306,-0.02881686,-0.00538783,0.0001179695,0.0008244194,0.0003243900,0.0001864990,0.0001693399,0.0007716667,2508.09586128,2509.86833135,2508.61363722,2508.26774571,2508.22470650,2509.73593271
eth4h:row15505:1730073600,2024-10-28 00:00:00,2477.71000000,-0.00156602,0.02815370,-0.00582043,-0.02145217,-0.02875752,-0.00558157,0.0001156023,0.0008404268,0.0003249513,0.0001666541,0.0001704953,0.0007678941,2477.99644547,2479.79320907,2478.51526600,2478.12295490,2478.13247398,2479.61334965
eth4h:row15506:1730088000,2024-10-28 04:00:00,2511.77000000,-0.00068045,0.02746106,-0.00599151,-0.02075058,-0.02871145,-0.00556314,0.0001328470,0.0008269392,0.0003216198,0.0001803161,0.0001713925,0.0007682529,2512.10370316,2513.84794007,2512.57796482,2512.22295331,2512.20053549,2513.70041606
eth4h:row15507:1730102400,2024-10-28 08:00:00,2527.12000000,-0.00013016,0.02599017,-0.00579860,-0.01924345,-0.02876277,-0.00533658,0.0001435626,0.0007982967,0.0003253764,0.0002096642,0.0001703932,0.0007726648,2527.48282588,2529.13819702,2527.94239908,2527.64990221,2527.55064071,2529.07337117
eth4h:row15508:1730116800,2024-10-28 12:00:00,2501.02000000,-0.00004599,0.02518550,-0.00561030,-0.01787355,-0.02917443,-0.00532169,0.0001452017,0.0007826276,0.0003290431,0.0002363399,0.0001623770,0.0007729547,2501.38317878,2502.97813352,2501.84307888,2501.61116078,2501.42614111,2502.95392237
eth4h:row15509:1730131200,2024-10-28 16:00:00,2506.70000000,-0.00097622,0.02628300,-0.00495026,-0.01810968,-0.02989651,-0.00474617,0.0001270874,0.0008039991,0.0003418960,0.0002317419,0.0001483160,0.0007841618,2507.01859026,2508.71619491,2507.55717718,2507.28097484,2507.07181141,2508.66642931
eth4h:row15510:1730145600,2024-10-28 20:00:00,2567.48000000,-0.00277372,0.02768946,-0.00451548,-0.01879176,-0.03121115,-0.00496039,0.0000920850,0.0008313869,0.0003503624,0.0002184598,0.0001227163,0.0007799902,2567.71643737,2569.61545675,2568.37970595,2568.04095243,2567.79509091,2569.48339048
eth4h:row15511:1730160000,2024-10-29 00:00:00,2607.75000000,-0.00440687,0.03110293,-0.00348793,-0.02106244,-0.03230030,-0.00405464,0.0000602829,0.0008978568,0.0003703718,0.0001742431,0.0001015074,0.0007976278,2607.90720754,2610.09243750,2608.71601583,2608.20442213,2608.01471924,2609.83084360
eth4h:row15512:1730174400,2024-10-29 04:00:00,2613.30000000,-0.00524843,0.03272463,-0.00343914,-0.02203467,-0.03312010,-0.00405577,0.0000438954,0.0009294358,0.0003713218,0.0001553111,0.0000855435,0.0007976057,2613.41471437,2615.73002362,2614.27055536,2613.70590610,2613.52356033,2615.38521452
eth4h:row15513:1730188800,2024-10-29 08:00:00,2631.59000000,-0.00627242,0.03592042,-0.00232674,-0.02507344,-0.03261269,-0.00235850,0.0000239554,0.0009916669,0.0003929832,0.0000961378,0.0000954243,0.0008306564,2631.65304142,2634.20095516,2632.62437399,2631.84300735,2631.84112955,2633.77685530
eth4h:row15514:1730203200,2024-10-29 12:00:00,2648.52000000,-0.00482301,0.03546933,-0.00206279,-0.02570301,-0.03162862,-0.00213260,0.0000521794,0.0009828830,0.0003981233,0.0000838782,0.0001145870,0.0008350554,2648.65820181,2651.12446493,2649.57464737,2648.74216233,2648.82350326,2650.73258456
eth4h:row15515:1730217600,2024-10-29 16:00:00,2624.74000000,-0.00356491,0.03337631,-0.00219294,-0.02394221,-0.03010012,-0.00258060,0.0000766783,0.0009421260,0.0003955888,0.0001181659,0.0001443512,0.0008263315,2624.94126826,2627.21400097,2625.77852315,2625.05017300,2625.11891170,2626.90980165
eth4h:row15516:1730232000,2024-10-29 20:00:00,2638.80000000,-0.00200766,0.02971277,-0.00314714,-0.02141285,-0.02913121,-0.00399579,0.0001070023,0.0008707865,0.0003770079,0.0001674198,0.0001632185,0.0007987737,2639.08237272,2641.09883205,2639.79503600,2639.24182445,2639.23073611,2640.90864597
eth4h:row15517:1730246400,2024-10-30 00:00:00,2641.70000000,-0.00268377,0.03061847,-0.00270166,-0.02195066,-0.02917928,-0.00370468,0.0000938365,0.0008884229,0.0003856826,0.0001569471,0.0001622824,0.0008044425,2641.94789948,2644.04798952,2642.71905426,2642.11463968,2642.12873623,2643.82595079
eth4h:row15518:1730260800,2024-10-30 04:00:00,2668.60000000,-0.00298920,0.03060827,-0.00234992,-0.02120743,-0.02799151,-0.00418277,0.0000878889,0.0008882244,0.0003925319,0.0001714198,0.0001854117,0.0007951328,2668.83455067,2670.97136860,2669.64771619,2669.05749010,2669.09483552,2670.72273513
eth4h:row15519:1730275200,2024-10-30 08:00:00,2659.18000000,-0.00283232,0.03030247,-0.00236965,-0.02066543,-0.02784262,-0.00395816,0.0000909438,0.0008822696,0.0003921478,0.0001819741,0.0001883111,0.0007995065,2659.42184694,2661.52714883,2660.22299619,2659.66394587,2659.68080014,2661.30688173
eth4h:row15520:1730289600,2024-10-30 12:00:00,2683.08000000,-0.00241424,0.02951459,-0.00253500,-0.02008757,-0.02796505,-0.00383908,0.0000990850,0.0008669272,0.0003889280,0.0001932268,0.0001859270,0.0008018253,2683.34586628,2685.40704363,2684.12372788,2683.59849304,2683.57890349,2685.23222429
eth4h:row15521:1730304000,2024-10-30 16:00:00,2655.00000000,-0.00268319,0.03058166,-0.00233238,-0.02102135,-0.02845789,-0.00336923,0.0000938478,0.0008877061,0.0003928736,0.0001750434,0.0001763300,0.0008109746,2655.24917762,2657.35790623,2656.04328421,2655.46478096,2655.46819748,2657.15401096
eth4h:row15522:1730318400,2024-10-30 20:00:00,2659.19000000,-0.00087535,0.02801351,-0.00356344,-0.01880046,-0.02752833,-0.00411667,0.0001290516,0.0008376969,0.0003689013,0.0002182903,0.0001944313,0.0007964200,2659.53319476,2661.41852842,2660.17115969,2659.77053884,2659.70707997,2661.30867555
eth4h:row15523:1730332800,2024-10-31 00:00:00,2657.00000000,-0.00244229,0.02957240,-0.00346633,-0.01977366,-0.02861605,-0.00408254,0.0000985390,0.0008680531,0.0003707924,0.0001993395,0.0001732502,0.0007970844,2657.26183089,2659.30741835,2657.98537796,2657.52969777,2657.46036560,2659.11869763
eth4h:row15524:1730347200,2024-10-31 04:00:00,2646.80000000,-0.00394146,0.03079603,-0.00334833,-0.02107772,-0.02976770,-0.00398165,0.0000693457,0.0008918805,0.0003730900,0.0001739457,0.0001508243,0.0007990490,2646.98355067,2649.16168233,2647.78767898,2647.26043956,2647.19923176,2648.91576814
eth4h:row15525:1730361600,2024-10-31 08:00:00,2638.81000000,-0.00539686,0.03233514,-0.00326510,-0.02210855,-0.03029026,-0.00409060,0.0000410050,0.0009218514,0.0003747108,0.0001538725,0.0001406487,0.0007969275,2638.91820673,2641.24371219,2639.79897584,2639.21607147,2639.18117117,2640.91377832
eth4h:row15526:1730376000,2024-10-31 12:00:00,2562.86000000,-0.00464141,0.03249634,-0.00435737,-0.02344381,-0.03051410,-0.00442087,0.0000557157,0.0009249904,0.0003534412,0.0001278711,0.0001362897,0.0007904963,2563.00279547,2565.23171765,2563.76598037,2563.18773671,2563.20931535,2564.88673236
eth4h:row15527:1730390400,2024-10-31 16:00:00,2514.33000000,-0.00392595,0.03105379,-0.00519764,-0.02272388,-0.03107087,-0.00506810,0.0000696478,0.0008968998,0.0003370788,0.0001418903,0.0001254479,0.0007778927,2514.50512366,2516.58611375,2515.17767010,2514.68678431,2514.64543724,2516.28663997
eth4h:row15528:1730404800,2024-10-31 20:00:00,2518.61000000,-0.00278293,0.02898876,-0.00588134,-0.02141490,-0.03044696,-0.00549990,0.0000919057,0.0008566878,0.0003237651,0.0001673798,0.0001375972,0.0007694844,2518.84148528,2520.76858689,2519.42557011,2519.03159971,2518.95657764,2520.54877692
eth4h:row15529:1730419200,2024-11-01 00:00:00,2503.20000000,-0.00109947,0.02611516,-0.00756388,-0.01940979,-0.03114370,-0.00705712,0.0001246874,0.0008007306,0.0002910013,0.0002064251,0.0001240296,0.0007391610,2503.51213704,2505.20519162,2503.92854034,2503.71677660,2503.51049008,2505.05095174
eth4h:row15530:1730433600,2024-11-01 04:00:00,2504.12000000,-0.00341861,0.02864829,-0.00690679,-0.02102516,-0.03341965,-0.00637658,0.0000795271,0.0008500580,0.0003037968,0.0001749691,0.0000797105,0.0007524129,2504.31915344,2506.24955228,2504.88085918,2504.55818205,2504.31961267,2506.00484130
eth4h:row15531:1730448000,2024-11-01 08:00:00,2515.44000000,-0.00565858,0.03083942,-0.00668170,-0.02292664,-0.03532276,-0.00627460,0.0000359085,0.0008927255,0.0003081799,0.0001379420,0.0000426514,0.0007543989,2515.53032737,2517.68660001,2516.21532756,2515.78700868,2515.54728942,2517.33836102
eth4h:row15532:1730462400,2024-11-01 12:00:00,2500.03000000,-0.00589222,0.03051762,-0.00716910,-0.02219721,-0.03612710,-0.00740023,0.0000313590,0.0008864590,0.0002986888,0.0001521460,0.0000269888,0.0007324796,2500.10839964,2502.24715667,2500.77684254,2500.41039845,2500.09747360,2501.86189172
eth4h:row15533:1730476800,2024-11-01 16:00:00,2514.49000000,-0.00688213,0.03161303,-0.00727331,-0.02369077,-0.03752024,-0.00775544,0.0000120826,0.0009077898,0.0002966595,0.0001230622,-0.0000001396,0.0007255627,2514.52038164,2516.77366484,2515.23605808,2514.79945761,2514.48964891,2516.31508215
eth4h:row15534:1730491200,2024-11-01 20:00:00,2511.49000000,-0.00786145,0.03406576,-0.00649112,-0.02576044,-0.03890757,-0.00684943,-0.0000069876,0.0009555515,0.0003118910,0.0000827599,-0.0000271548,0.0007432053,2511.47245084,2513.89100492,2512.27343335,2511.69785917,2511.42180181,2513.35724655
eth4h:row15535:1730505600,2024-11-02 00:00:00,2506.70000000,-0.00819987,0.03524909,-0.00629834,-0.02661626,-0.03985734,-0.00664115,-0.0000135776,0.0009785943,0.0003156449,0.0000660947,-0.0000456496,0.0007472612,2506.66596532,2509.15424295,2507.49135202,2506.86568494,2506.58557285,2508.57385958
eth4h:row15536:1730520000,2024-11-02 04:00:00,2507.35000000,-0.00727926,0.03420318,-0.00651055,-0.02557870,-0.03915984,-0.00720871,0.0000043493,0.0009582274,0.0003115126,0.0000862988,-0.0000320674,0.0007362091,2507.36090521,2509.75376296,2508.13119290,2507.56639051,2507.26959713,2509.19661354
eth4h:row15537:1730534400,2024-11-02 08:00:00,2502.13000000,-0.00770321,0.03380639,-0.00601578,-0.02536119,-0.03936587,-0.00668685,-0.0000039063,0.0009505008,0.0003211472,0.0000905343,-0.0000360792,0.0007463712,2502.12022600,2504.50940722,2502.93368117,2502.35653893,2502.03972666,2503.99821490
eth4h:row15538:1730548800,2024-11-02 12:00:00,2488.79000000,-0.01009905,0.03794611,-0.00421630,-0.02898594,-0.04020021,-0.00530344,-0.0000505601,0.0010311129,0.0003561882,0.0000199501,-0.0000523263,0.0007733101,2488.66416981,2491.35754706,2489.67663553,2488.83965214,2488.65977416,2490.71535082
eth4h:row15539:1730563200,2024-11-02 16:00:00,2493.02000000,-0.00935358,0.03632338,-0.00449159,-0.02710244,-0.03946156,-0.00648915,-0.0000360435,0.0009995137,0.0003508275,0.0000566273,-0.0000379427,0.0007502210,2492.93014436,2495.51305324,2493.89477340,2493.16117709,2492.92540987,2494.89101774
eth4h:row15540:1730577600,2024-11-02 20:00:00,2494.23000000,-0.00979315,0.03729064,-0.00393858,-0.02779273,-0.03924862,-0.00596076,-0.0000446032,0.0010183490,0.0003615962,0.0000431853,-0.0000337962,0.0007605102,2494.11875183,2496.77129045,2495.13206719,2494.33771643,2494.14570592,2496.12760890
eth4h:row15541:1730592000,2024-11-03 00:00:00,2449.59000000,-0.00876182,0.03625462,-0.00411046,-0.02632485,-0.03849820,-0.00598915,-0.0000245204,0.0009981748,0.0003582493,0.0000717692,-0.0000191833,0.0007599573,2449.52993583,2452.03633978,2450.46772103,2449.76581136,2449.54300911,2451.45229137
eth4h:row15542:1730606400,2024-11-03 04:00:00,2450.03000000,-0.00861396,0.03651351,-0.00314159,-0.02595590,-0.03745738,-0.00473528,-0.0000216411,0.0010032162,0.0003771158,0.0000789537,0.0000010843,0.0007843738,2449.97697934,2452.48914309,2450.95411936,2450.22344665,2450.03265657,2451.95249317
eth4h:row15543:1730620800,2024-11-03 08:00:00,2454.47000000,-0.00651026,0.03248856,-0.00388460,-0.02214236,-0.03509367,-0.00508451,0.0000193240,0.0009248389,0.0003626473,0.0001532141,0.0000471125,0.0007775733,2454.51743059,2456.74103944,2455.36026844,2454.84608819,2454.58563889,2456.37927244
eth4h:row15544:1730635200,2024-11-03 12:00:00,2442.63000000,-0.00673975,0.03329951,-0.00345699,-0.02211019,-0.03448961,-0.00432003,0.0000148551,0.0009406305,0.0003709741,0.0001538406,0.0000588753,0.0007924599,2442.66628580,2444.92869311,2443.53632068,2443.00580447,2442.77381482,2444.56645348
eth4h:row15545:1730649600,2024-11-03 16:00:00,2452.89000000,-0.00676626,0.03232742,-0.00346490,-0.02131500,-0.03380228,-0.00434351,0.0000143389,0.0009217011,0.0003708201,0.0001693251,0.0000722596,0.0007920027,2452.92517199,2455.15187354,2453.79974950,2453.30537096,2453.06725123,2454.83346509
eth4h:row15546:1730664000,2024-11-03 20:00:00,2457.73000000,-0.00590302,0.03094069,-0.00415655,-0.02035626,-0.03276313,-0.00467170,0.0000311486,0.0008946975,0.0003573518,0.0001879945,0.0000924947,0.0007856119,2457.80655608,2459.92990875,2458.60843113,2458.19208312,2457.95733761,2459.66158063
eth4h:row15547:1730678400,2024-11-04 00:00:00,2473.76000000,-0.00483678,0.03046206,-0.00490438,-0.01967196,-0.03189377,-0.00499019,0.0000519113,0.0008853773,0.0003427894,0.0002013199,0.0001094237,0.0007794100,2473.88841941,2475.95118072,2474.60812409,2474.25806717,2474.03070283,2475.68882491
eth4h:row15548:1730692800,2024-11-04 04:00:00,2459.67000000,-0.00459923,0.03044880,-0.00515763,-0.02015161,-0.03208391,-0.00483714,0.0000565371,0.0008851190,0.0003378579,0.0001919797,0.0001057212,0.0007823903,2459.80906666,2461.84806446,2460.50115924,2460.14225192,2459.93005295,2461.59517506
eth4h:row15549:1730707200,2024-11-04 08:00:00,2470.20000000,-0.00576989,0.03406972,-0.00377769,-0.02350011,-0.03232691,-0.00238204,0.0000337410,0.0009556287,0.0003647293,0.0001267749,0.0001009891,0.0008301980,2470.28334836,2472.56172219,2471.10111863,2470.51317910,2470.44947591,2472.25160652
eth4h:row15550:1730721600,2024-11-04 12:00:00,2442.60000000,-0.00314367,0.03039352,-0.00507336,-0.02127291,-0.03125823,-0.00349053,0.0000848810,0.0008840425,0.0003394989,0.0001701448,0.0001217994,0.0008086127,2442.80733922,2444.76031694,2443.42940081,2443.01563106,2442.89752528,2444.57591607
eth4h:row15551:1730736000,2024-11-04 16:00:00,2430.43000000,-0.00175989,0.02744544,-0.00620278,-0.01970546,-0.03081972,-0.00510174,0.0001118272,0.0008266351,0.0003175059,0.0002006676,0.0001303384,0.0007772378,2430.70180336,2432.43990933,2431.20179843,2430.91775742,2430.74679901,2432.31975642
eth4h:row15552:1730750400,2024-11-04 20:00:00,2398.21000000,-0.00258766,0.02855784,-0.00572627,-0.02090910,-0.03143329,-0.00480101,0.0000957081,0.0008482967,0.0003267848,0.0001772293,0.0001183905,0.0007830938,2398.43953904,2400.24525676,2398.99382655,2398.63507064,2398.49394206,2400.08875902
eth4h:row15553:1730764800,2024-11-05 00:00:00,2420.41000000,-0.00306292,0.02949733,-0.00567068,-0.02143278,-0.03178511,-0.00516118,0.0000864535,0.0008665912,0.0003278672,0.0001670316,0.0001115396,0.0007760803,2420.61926186,2422.50841513,2421.20370324,2420.81431871,2420.67998667,2422.28916172
eth4h:row15554:1730779200,2024-11-05 04:00:00,2443.40000000,-0.00290240,0.02891666,-0.00582651,-0.02049549,-0.03179995,-0.00598785,0.0000895791,0.0008552839,0.0003248328,0.0001852834,0.0001112506,0.0007599827,2443.61888749,2445.49069473,2444.19382539,2443.85276352,2443.67184487,2445.25764753
eth4h:row15555:1730793600,2024-11-05 08:00:00,2440.63000000,-0.00347753,0.03035078,-0.00496560,-0.02141967,-0.03194795,-0.00496611,0.0000783798,0.0008832103,0.0003415973,0.0001672869,0.0001083687,0.0007798789,2440.82130365,2442.78654172,2441.46385492,2441.03831968,2440.89450215,2442.53413832
eth4h:row15556:1730808000,2024-11-05 12:00:00,2441.19000000,-0.00319093,0.02956820,-0.00483829,-0.02046127,-0.03155328,-0.00505584,0.0000839606,0.0008679712,0.0003440763,0.0001859497,0.0001160541,0.0007781315,2441.39497244,2443.30980256,2442.03010015,2441.64398069,2441.47332644,2443.09030619
eth4h:row15557:1730822400,2024-11-05 16:00:00,2408.40000000,-0.00362960,0.02974615,-0.00428574,-0.02040647,-0.03172249,-0.00464039,0.0000754187,0.0008714364,0.0003548360,0.0001870169,0.0001127589,0.0007862216,2408.58164515,2410.49968224,2409.25473871,2408.85045364,2408.67158386,2410.29428059
eth4h:row15558:1730836800,2024-11-05 20:00:00,2422.55000000,-0.00431080,0.03059868,-0.00372541,-0.02045329,-0.03167976,-0.00434441,0.0000621536,0.0008880375,0.0003657472,0.0001861052,0.0001135911,0.0007919852,2422.70057498,2424.70227080,2423.43620295,2423.00089111,2422.82519577,2424.46938364
eth4h:row15559:1730851200,2024-11-06 00:00:00,2579.31000000,-0.00538459,0.03273747,-0.00315696,-0.02190178,-0.03228653,-0.00381060,0.0000412438,0.0009296859,0.0003768167,0.0001578988,0.0001017755,0.0008023799,2579.41638286,2581.70906316,2580.28211016,2579.71730223,2579.57252385,2581.38041691
eth4h:row15560:1730865600,2024-11-06 04:00:00,2594.00000000,-0.00604455,0.03377084,-0.00267265,-0.02233883,-0.03235567,-0.00321570,0.0000283926,0.0009498085,0.0003862476,0.0001493882,0.0001004291,0.0008139644,2594.07365145,2596.46497360,2595.00211972,2594.38754200,2594.26052615,2596.11228314
eth4h:row15561:1730880000,2024-11-06 08:00:00,2629.02000000,-0.00590113,0.03436664,-0.00220352,-0.02298258,-0.03202165,-0.00235722,0.0000311855,0.0009614105,0.0003953828,0.0001368527,0.0001069335,0.0008306814,2629.10198849,2631.54878294,2630.05967476,2629.37981305,2629.30114533,2631.20478529
eth4h:row15562:1730894400,2024-11-06 12:00:00,2634.19000000,-0.00514396,0.03394897,-0.00253533,-0.02296869,-0.03096331,-0.00250833,0.0000459298,0.0009532771,0.0003889215,0.0001371231,0.0001275423,0.0008277388,2634.31099052,2636.70231037,2635.21469229,2634.55123310,2634.52599220,2636.37132391
eth4h:row15563:1730908800,2024-11-06 16:00:00,2687.25000000,-0.00393341,0.03292591,-0.00238309,-0.02314013,-0.03050206,-0.00263784,0.0000695024,0.0009333554,0.0003918860,0.0001337847,0.0001365242,0.0008252168,2687.43677690,2689.75933007,2688.30330194,2687.60953707,2687.61689971,2689.46847908
eth4h:row15564:1730923200,2024-11-06 20:00:00,2721.87000000,-0.00356299,0.03367788,-0.00210310,-0.02423776,-0.03036047,-0.00206674,0.0000767157,0.0009479984,0.0003973382,0.0001124107,0.0001392814,0.0008363378,2722.07881820,2724.45155186,2722.95171788,2722.17598444,2722.24913221,2724.14735489
eth4h:row15565:1730937600,2024-11-07 00:00:00,2852.42000000,-0.00240706,0.03107575,-0.00286766,-0.02222986,-0.02919031,-0.00320510,0.0000992249,0.0008973275,0.0003824500,0.0001515102,0.0001620677,0.0008141707,2852.70304515,2854.98070373,2853.51111665,2852.85220353,2852.88232257,2854.74330241
eth4h:row15566:1730952000,2024-11-07 04:00:00,2820.29000000,-0.00177619,0.03012333,-0.00295582,-0.02178137,-0.02865363,-0.00373447,0.0001115097,0.0008787812,0.0003807334,0.0001602437,0.0001725184,0.0008038625,2820.60450736,2822.76950704,2821.36398293,2820.74196990,2820.77659382,2822.55803676
eth4h:row15567:1730966400,2024-11-07 08:00:00,2792.28000000,-0.00268805,0.03099702,-0.00188653,-0.02197474,-0.02756856,-0.00323739,0.0000937532,0.0008957943,0.0004015554,0.0001564782,0.0001936478,0.0008135420,2792.54179749,2794.78242914,2793.40148020,2792.71696510,2792.82077130,2794.55256145
eth4h:row15568:1730980800,2024-11-07 12:00:00,2847.49000000,-0.00211865,0.02985779,-0.00223295,-0.02123315,-0.02710767,-0.00384496,0.0001048411,0.0008736104,0.0003948097,0.0001709190,0.0002026227,0.0008017109,2847.78854966,2849.97868370,2848.61443863,2847.97673166,2848.06702462,2849.77377905
eth4h:row15569:1730995200,2024-11-07 16:00:00,2885.00000000,-0.00048018,0.02745349,-0.00304067,-0.02014927,-0.02695999,-0.00447171,0.0001367468,0.0008267918,0.0003790811,0.0001920252,0.0002054983,0.0007895063,2885.39454153,2887.38628062,2886.09385643,2885.55404592,2885.59292346,2887.27862496
eth4h:row15570:1731009600,2024-11-07 20:00:00,2895.47000000,-0.00017358,0.02681059,-0.00333656,-0.01930645,-0.02675308,-0.00478697,0.0001427170,0.0008142728,0.0003733193,0.0002084374,0.0002095276,0.0007833672,2895.88326233,2897.82866255,2896.55113657,2896.07358713,2896.07674430,2897.73910484
eth4h:row15571:1731024000,2024-11-08 00:00:00,2902.42000000,-0.00000103,0.02636168,-0.00365931,-0.01847869,-0.02633155,-0.00461061,0.0001460772,0.0008055312,0.0003670344,0.0002245562,0.0002177358,0.0007868015,2902.84400824,2904.75893170,2903.48548348,2903.07182966,2903.05202961,2904.70452694
eth4h:row15572:1731038400,2024-11-08 04:00:00,2911.96000000,-0.00106297,0.02690256,-0.00335799,-0.01821439,-0.02712748,-0.00455863,0.0001253981,0.0008160637,0.0003729020,0.0002297029,0.0002022368,0.0007878137,2912.32517701,2914.33731470,2913.04607826,2912.62896258,2912.54896500,2914.25498593
eth4h:row15573:1731052800,2024-11-08 08:00:00,2914.39000000,-0.00359672,0.03098504,-0.00196503,-0.02067977,-0.02794222,-0.00331051,0.0000760588,0.0008955610,0.0004000269,0.0001816949,0.0001863716,0.0008121182,2914.61167335,2917.00118306,2915.55606766,2914.91957802,2914.93321006,2916.75779045
eth4h:row15574:1731067200,2024-11-08 12:00:00,2937.04000000,-0.00399680,0.03147084,-0.00256399,-0.02152334,-0.02913545,-0.00351507,0.0000682681,0.0009050210,0.0003883633,0.0001652682,0.0001631361,0.0008081348,2937.24051286,2939.69928619,2938.18086015,2937.52543955,2937.51917629,2939.41448344
eth4h:row15575:1731081600,2024-11-08 16:00:00,2949.96000000,-0.00419332,0.03249461,-0.00321937,-0.02349126,-0.03003673,-0.00350137,0.0000644413,0.0009249567,0.0003756013,0.0001269472,0.0001455856,0.0008084016,2950.15010545,2952.68984770,2951.06821695,2950.33451298,2950.38950287,2952.34571647
eth4h:row15576:1731096000,2024-11-08 20:00:00,2961.75000000,-0.00301938,0.03030265,-0.00432785,-0.02164323,-0.02953652,-0.00492304,0.0000873013,0.0008822730,0.0003540160,0.0001629336,0.0001553259,0.0007807175,2962.00857599,2964.36422525,2962.79869252,2962.23260776,2962.21007229,2964.06319297
eth4h:row15577:1731110400,2024-11-09 00:00:00,2965.50000000,-0.00343023,0.03118882,-0.00451970,-0.02216041,-0.03000394,-0.00507097,0.0000793008,0.0008995293,0.0003502802,0.0001528627,0.0001462239,0.0007778370,2965.73517590,2968.16875436,2966.53893800,2965.95334897,2965.93365879,2967.80757303
eth4h:row15578:1731124800,2024-11-09 04:00:00,3030.38000000,-0.00248458,0.02947906,-0.00541647,-0.02179335,-0.03054113,-0.00561844,0.0000977155,0.0008662355,0.0003328175,0.0001600104,0.0001357634,0.0007671761,3030.67612942,3033.00615989,3031.38873134,3030.86493111,3030.79144257,3032.70572714
eth4h:row15579:1731139200,2024-11-09 08:00:00,3051.60000000,-0.00367732,0.03120283,-0.00511507,-0.02353784,-0.03244547,-0.00544647,0.0000744893,0.0008998021,0.0003386866,0.0001260402,0.0000986805,0.0007705248,3051.82731987,3054.34707177,3052.63371101,3051.98464837,3051.90114839,3053.95223956
eth4h:row15580:1731153600,2024-11-09 12:00:00,3040.88000000,-0.00337210,0.03042076,-0.00589863,-0.02321677,-0.03275780,-0.00653800,0.0000804328,0.0008845729,0.0003234285,0.0001322924,0.0000925986,0.0007492697,3041.12459621,3043.57107013,3041.86366643,3041.28231192,3041.16159433,3043.15929304
eth4h:row15581:1731168000,2024-11-09 16:00:00,3070.39000000,-0.00179164,0.02795113,-0.00727592,-0.02178461,-0.03239921,-0.00810322,0.0001112088,0.0008364822,0.0002966087,0.0001601804,0.0000995812,0.0007187905,3070.73147351,3072.95940113,3071.30083961,3070.88185581,3070.69576841,3072.59776040
eth4h:row15582:1731182400,2024-11-09 20:00:00,3126.21000000,0.00405987,0.01852394,-0.01003022,-0.01614286,-0.02908207,-0.01083975,0.0002251543,0.0006529081,0.0002429747,0.0002700415,0.0001641755,0.0006655024,3126.91395890,3128.25179421,3126.96968220,3127.05432042,3126.72328912,3128.29119278
eth4h:row15583:1731196800,2024-11-10 00:00:00,3134.82000000,-0.00673595,0.03531454,-0.00425523,-0.02684290,-0.03588406,-0.00584316,0.0000149291,0.0009798687,0.0003554301,0.0000616812,0.0000317214,0.0007628002,3134.86680039,3137.89321743,3135.93440755,3135.01336541,3134.91944243,3137.21215367
eth4h:row15584:1731211200,2024-11-10 04:00:00,3185.89000000,-0.00822353,0.03773583,-0.00359729,-0.02910944,-0.03681061,-0.00538472,-0.0000140384,0.0010270181,0.0003682421,0.0000175452,0.0000136787,0.0007717272,3185.84527563,3189.16364742,3187.06339476,3185.94589758,3185.93357929,3188.34958706
eth4h:row15585:1731225600,2024-11-10 08:00:00,3220.00000000,-0.00865355,0.03848393,-0.00309749,-0.02984982,-0.03733218,-0.00499321,-0.0000224120,0.0010415857,0.0003779746,0.0000031279,0.0000035223,0.0007793511,3219.92783407,3223.35565318,3221.21730823,3220.01007192,3220.01134180,3222.51048875
eth4h:row15586:1731240000,2024-11-10 12:00:00,3209.53000000,-0.00717789,0.03549228,-0.00384748,-0.02704027,-0.03627373,-0.00623393,0.0000063233,0.0009833298,0.0003633703,0.0000578379,0.0000241335,0.0007551907,3209.55029488,3212.68757879,3210.69645978,3209.71563791,3209.60745812,3211.95472272
eth4h:row15587:1731254400,2024-11-10 16:00:00,3164.27000000,-0.00632085,0.03426207,-0.00413455,-0.02559760,-0.03583977,-0.00651906,0.0000230123,0.0009593741,0.0003577802,0.0000859308,0.0000325838,0.0007496385,3164.34281799,3167.30717548,3165.40231573,3164.54192000,3164.37310552,3166.64294794
eth4h:row15588:1731268800,2024-11-10 20:00:00,3183.21000000,0.00837427,0.01233218,-0.01110554,-0.01308865,-0.02552096,-0.01246784,0.0003091681,0.0005323369,0.0002220352,0.0003295155,0.0002335204,0.0006337988,3184.19429907,3184.90499130,3183.91686301,3184.25908985,3183.95343120,3185.22815424
eth4h:row15589:1731283200,2024-11-11 00:00:00,3195.07000000,-0.00691949,0.03559864,-0.00335009,-0.02654829,-0.03562323,-0.00584068,0.0000113551,0.0009854010,0.0003730558,0.0000674181,0.0000368005,0.0007628485,3195.10628055,3198.21997705,3196.26216178,3195.28541283,3195.18758230,3197.50828439
eth4h:row15590:1731297600,2024-11-11 04:00:00,3140.16000000,-0.00686169,0.03565050,-0.00320138,-0.02628402,-0.03524176,-0.00580573,0.0000124807,0.0009864108,0.0003759517,0.0000725642,0.0000442288,0.0007635291,3140.19919152,3143.25901603,3141.34077039,3140.38787157,3140.29888854,3142.55851919
eth4h:row15591:1731312000,2024-11-11 08:00:00,3197.79000000,-0.00148167,0.02598078,-0.00668253,-0.01872065,-0.03207342,-0.00922054,0.0001172449,0.0007981139,0.0003081637,0.0002198445,0.0001059255,0.0006970331,3198.16494660,3200.34321939,3198.77559456,3198.49309375,3198.12874529,3200.01974245
eth4h:row15592:1731326400,2024-11-11 12:00:00,3236.98000000,0.00085065,0.02221210,-0.00777258,-0.01624758,-0.03017444,-0.01026827,0.0001626617,0.0007247269,0.0002869373,0.0002680022,0.0001429038,0.0006766308,3237.50657552,3239.32677693,3237.90894359,3237.84763401,3237.44260991,3239.17098153
eth4h:row15593:1731340800,2024-11-11 16:00:00,3300.20000000,-0.00141625,0.02600832,-0.00663230,-0.01852111,-0.03159512,-0.00913503,0.0001185188,0.0007986501,0.0003091418,0.0002237301,0.0001152393,0.0006986981,3300.59115877,3302.83675794,3301.22038757,3300.93843673,3300.58033453,3302.50664911
eth4h:row15594:1731355200,2024-11-11 20:00:00,3371.59000000,-0.00135702,0.02620325,-0.00655624,-0.01865123,-0.03122450,-0.00894102,0.0001196722,0.0008024461,0.0003106230,0.0002211964,0.0001224563,0.0007024761,3371.99350964,3374.29660508,3372.63745604,3372.33586595,3372.00289766,3373.95929334
eth4h:row15595:1731369600,2024-11-12 00:00:00,3335.60000000,-0.00016344,0.02411938,-0.00746133,-0.01750779,-0.03089521,-0.00976016,0.0001429146,0.0007618673,0.0002929983,0.0002434624,0.0001288684,0.0006865251,3336.07674008,3338.14225282,3336.57746844,3336.41219206,3336.02988118,3337.89075934
eth4h:row15596:1731384000,2024-11-12 04:00:00,3368.72000000,-0.00023299,0.02428011,-0.00732027,-0.01769524,-0.03100739,-0.00954541,0.0001415601,0.0007649970,0.0002957451,0.0002398121,0.0001266840,0.0006907068,3369.19691015,3371.29804678,3369.71642965,3369.52795667,3369.14679006,3371.04760173
eth4h:row15597:1731398400,2024-11-12 08:00:00,3282.42000000,0.00254187,0.02015597,-0.00899460,-0.01529035,-0.02945099,-0.01096249,0.0001955946,0.0006846884,0.0002631411,0.0002866423,0.0001569915,0.0006631123,3283.06208644,3284.66820453,3283.28385317,3283.36101532,3282.93535246,3284.59733495
eth4h:row15598:1731412800,2024-11-12 12:00:00,3261.65000000,0.00631317,0.01465163,-0.01069393,-0.01293985,-0.02705766,-0.01234049,0.0002690326,0.0005775033,0.0002300505,0.0003324131,0.0002035965,0.0006362787,3262.52760833,3263.53415761,3262.40043042,3262.73439544,3262.31412819,3263.72597895
eth4h:row15599:1731427200,2024-11-12 16:00:00,3272.82000000,0.00415017,0.01708082,-0.00997869,-0.01381056,-0.02851225,-0.01206877,0.0002269127,0.0006248065,0.0002439781,0.0003154580,0.0001752715,0.0006415700,3273.56272877,3274.86551805,3273.61859379,3273.85260017,3273.39368230,3274.92041670
eth4h:row15600:1731441600,2024-11-12 20:00:00,3243.80000000,0.00440948,0.01685277,-0.01025205,-0.01360680,-0.02838830,-0.01226240,0.0002319622,0.0006203657,0.0002386551,0.0003194258,0.0001776851,0.0006377994,3244.55252635,3245.81296669,3244.57424182,3244.83631883,3244.37642615,3245.86955351
eth4h:row15601:1731456000,2024-11-13 00:00:00,3207.99000000,0.01069552,0.00933100,-0.01246370,-0.01317971,-0.02282135,-0.01356209,0.0003543693,0.0004738954,0.0001955879,0.0003277423,0.0002860895,0.0006124906,3209.12701454,3209.51061183,3208.61750554,3209.04156626,3208.90790361,3209.95546568
eth4h:row15602:1731470400,2024-11-13 04:00:00,3160.89000000,0.00568046,0.01465351,-0.01101382,-0.01320664,-0.02730049,-0.01284922,0.0002567118,0.0005775399,0.0002238211,0.0003272179,0.0001988679,0.0006263723,3161.70154196,3162.71606720,3161.59755319,3161.92446916,3161.51866220,3162.87051404
eth4h:row15603:1731484800,2024-11-13 08:00:00,3168.00000000,0.00097935,0.02136976,-0.00903539,-0.01594273,-0.03058569,-0.01123097,0.0001651679,0.0007083243,0.0002623469,0.0002739385,0.0001348958,0.0006578842,3168.52329509,3170.24476642,3168.83122395,3168.86795589,3168.42737866,3170.08486291
eth4h:row15604:1731499200,2024-11-13 12:00:00,3309.28000000,0.00529222,0.01497946,-0.01115375,-0.01277735,-0.02747179,-0.01305975,0.0002491518,0.0005838870,0.0002210965,0.0003355774,0.0001955322,0.0006222728,3310.10461571,3311.21280974,3310.01175100,3310.39070590,3309.92713397,3311.33991570
eth4h:row15605:1731513600,2024-11-13 16:00:00,3158.81000000,0.00796764,0.01171217,-0.01228499,-0.01218333,-0.02559329,-0.01359375,0.0003012497,0.0005202636,0.0001990679,0.0003471446,0.0002321119,0.0006118742,3159.76173387,3160.45384146,3159.43888037,3159.90675433,3159.54328250,3160.74338569
eth4h:row15606:1731528000,2024-11-13 20:00:00,3187.16000000,0.00405656,0.01630605,-0.01093786,-0.01351632,-0.02887724,-0.01272918,0.0002250899,0.0006097195,0.0002253003,0.0003211877,0.0001681641,0.0006287099,3187.87747824,3189.10386607,3187.87814891,3188.18384092,3187.69601101,3189.16442895
eth4h:row15607:1731542400,2024-11-14 00:00:00,3217.21000000,0.00960082,0.00995219,-0.01291791,-0.01284721,-0.02414263,-0.01374089,0.0003330524,0.0004859919,0.0001867432,0.0003342171,0.0002603603,0.0006090091,3218.28167790,3218.77391790,3217.81084817,3218.28542625,3218.04774291,3219.16990676
eth4h:row15608:1731556800,2024-11-14 04:00:00,3217.62000000,0.00423777,0.01667414,-0.01139757,-0.01362267,-0.02927215,-0.01305941,0.0002286186,0.0006168872,0.0002163486,0.0003191167,0.0001604741,0.0006222793,3218.35569195,3219.60552096,3218.31620287,3218.64696027,3218.13638606,3219.62288144
eth4h:row15609:1731571200,2024-11-14 08:00:00,3185.23000000,0.00219230,0.01955665,-0.01050850,-0.01527793,-0.03097133,-0.01221992,0.0001887876,0.0006730179,0.0002336612,0.0002868840,0.0001273862,0.0006386266,3185.83138856,3187.37443824,3185.97435153,3186.14392268,3185.63578031,3187.26482241
eth4h:row15610:1731585600,2024-11-14 12:00:00,3077.68000000,-0.00270934,0.02736232,-0.00786180,-0.02062288,-0.03427375,-0.01006573,0.0000933386,0.0008250165,0.0002851999,0.0001828028,0.0000630787,0.0006805748,3077.96727963,3080.22018457,3078.55787929,3078.24265995,3077.87414211,3079.77530427
eth4h:row15611:1731600000,2024-11-14 16:00:00,3145.41000000,0.00036491,0.02226640,-0.00981453,-0.01708360,-0.03238342,-0.01192086,0.0001532031,0.0007257843,0.0002471747,0.0002517226,0.0000998888,0.0006444502,3145.89192349,3147.69371791,3146.18756195,3146.20187049,3145.72420692,3147.43771330
eth4h:row15612:1731614400,2024-11-14 20:00:00,3058.82000000,-0.00128144,0.02464596,-0.00894277,-0.01841627,-0.03337104,-0.01132573,0.0001211439,0.0007721212,0.0002641504,0.0002257717,0.0000806570,0.0006560390,3059.19057984,3061.18269191,3059.62809531,3059.51067307,3059.06672535,3060.82736370
eth4h:row15613:1731628800,2024-11-15 00:00:00,3082.44000000,-0.00623843,0.03261057,-0.00628878,-0.02432975,-0.03678975,-0.00891440,0.0000246172,0.0009272148,0.0003158311,0.0001106195,0.0000140850,0.0007029944,3082.51588206,3085.29940952,3083.41368407,3082.78099673,3082.48341642,3084.60770004
eth4h:row15614:1731643200,2024-11-15 04:00:00,3039.48000000,-0.00221604,0.02514089,-0.00880819,-0.01824313,-0.03360317,-0.01144529,0.0001029446,0.0007817589,0.0002667711,0.0002291432,0.0000761368,0.0006537109,3039.79291407,3041.85706949,3040.29095350,3040.17655597,3039.71142513,3041.46759071
eth4h:row15615:1731657600,2024-11-15 08:00:00,3104.29000000,-0.00013945,0.02219806,-0.00973533,-0.01627352,-0.03265876,-0.01225569,0.0001433818,0.0007244536,0.0002487171,0.0002674970,0.0000945271,0.0006379301,3104.73513057,3106.53972892,3105.06218607,3105.12049938,3104.58345333,3106.27095179
eth4h:row15616:1731672000,2024-11-15 12:00:00,3023.73000000,0.00396042,0.01622630,-0.01162457,-0.01275765,-0.03001211,-0.01375023,0.0002232177,0.0006081665,0.0002119282,0.0003359610,0.0001460649,0.0006088271,3024.40502548,3025.56949058,3024.37088149,3024.74602599,3024.17169315,3025.57148934
eth4h:row15617:1731686400,2024-11-15 16:00:00,3039.58000000,0.00806226,0.01079071,-0.01309108,-0.01128613,-0.02698190,-0.01457996,0.0003030923,0.0005023202,0.0001833710,0.0003646157,0.0002050717,0.0005926700,3040.50141278,3041.10722598,3040.13742195,3040.68848053,3040.20339586,3041.38200179
eth4h:row15618:1731700800,2024-11-15 20:00:00,3090.01000000,-0.00190318,0.02611677,-0.00864495,-0.01913234,-0.03487123,-0.01077478,0.0001090369,0.0008007620,0.0002699499,0.0002118277,0.0000514441,0.0006667676,3090.34694359,3092.48535345,3090.84426037,3090.66461910,3090.16896688,3092.07100545
eth4h:row15619:1731715200,2024-11-16 00:00:00,3154.78000000,0.00176172,0.02026839,-0.01040110,-0.01517857,-0.03195561,-0.01255384,0.0001804029,0.0006868774,0.0002357527,0.0002888189,0.0001082195,0.0006321243,3155.34918269,3156.94769161,3155.52383558,3155.69129156,3155.12142725,3156.77484342
eth4h:row15620:1731729600,2024-11-16 04:00:00,3106.66000000,-0.00460760,0.03130973,-0.00650661,-0.02353781,-0.03627376,-0.00899300,0.0000563741,0.0009018838,0.0003115894,0.0001260407,0.0000241329,0.0007014638,3106.83514002,3109.46311003,3107.62815313,3107.05159038,3106.73497368,3108.83997405
eth4h:row15621:1731744000,2024-11-16 08:00:00,3195.34000000,-0.00491698,0.03116960,-0.00631291,-0.02373363,-0.03614602,-0.00883203,0.0000503496,0.0008991550,0.0003153613,0.0001222276,0.0000266202,0.0007045985,3195.50088816,3198.21439805,3196.34784544,3195.73058272,3195.42506184,3197.59222511
eth4h:row15622:1731758400,2024-11-16 12:00:00,3141.11000000,-0.00489002,0.03187070,-0.00604226,-0.02479009,-0.03595097,-0.00879842,0.0000508745,0.0009128074,0.0003206316,0.0001016553,0.0000304185,0.0007052528,3141.26980653,3143.97853751,3142.11730062,3141.42932674,3141.20554942,3143.32605804
eth4h:row15623:1731772800,2024-11-16 16:00:00,3169.01000000,-0.00522177,0.03307996,-0.00519906,-0.02544142,-0.03565750,-0.00797517,0.0000444145,0.0009363551,0.0003370512,0.0000889721,0.0000361331,0.0007212839,3169.15075316,3171.97870841,3170.07829863,3169.29196592,3169.12450823,3171.29658034
eth4h:row15624:1731787200,2024-11-16 20:00:00,3132.87000000,-0.00442246,0.03215865,-0.00530736,-0.02483712,-0.03485069,-0.00815954,0.0000599794,0.0009184146,0.0003349421,0.0001007395,0.0000518440,0.0007176938,3133.05791333,3135.74859528,3133.91950583,3133.18561978,3133.03242458,3135.11924832
eth4h:row15625:1731801600,2024-11-17 00:00:00,3080.68000000,-0.00319785,0.02997030,-0.00576534,-0.02233211,-0.03387410,-0.00895871,0.0000838260,0.0008758011,0.0003260241,0.0001495191,0.0000708610,0.0007021316,3080.93825186,3083.37924488,3081.68453963,3081.14065490,3080.89830774,3082.84380242
eth4h:row15626:1731816000,2024-11-17 04:00:00,3136.79000000,-0.00146663,0.02636410,-0.00622124,-0.01885227,-0.03251923,-0.00962329,0.0001175377,0.0008055782,0.0003171464,0.0002172814,0.0000972442,0.0006891904,3137.15871274,3139.31794767,3137.78497942,3137.47164025,3137.09504949,3138.95259078
eth4h:row15627:1731830400,2024-11-17 08:00:00,3105.52000000,0.00306685,0.01911450,-0.00884948,-0.01415546,-0.02902646,-0.01209552,0.0002058175,0.0006644080,0.0002659670,0.0003087418,0.0001652584,0.0006410490,3106.15923618,3107.58401794,3106.34607574,3106.47895183,3106.03325559,3107.51142860
eth4h:row15628:1731844800,2024-11-17 12:00:00,3086.21000000,-0.00610960,0.03381944,-0.00359219,-0.02471076,-0.03477497,-0.00707023,0.0000271260,0.0009507550,0.0003683415,0.0001032002,0.0000533186,0.0007389056,3086.29371772,3089.14562488,3087.34698846,3086.52851381,3086.37455675,3088.49126065
eth4h:row15629:1731859200,2024-11-17 16:00:00,3097.74000000,-0.00246738,0.02745680,-0.00588917,-0.01884952,-0.03208563,-0.00951671,0.0000980503,0.0008268562,0.0003236126,0.0002173351,0.0001056875,0.0006912657,3098.04374925,3100.30244474,3098.74263006,3098.41332081,3098.06740974,3099.88210174
eth4h:row15630:1731873600,2024-11-17 20:00:00,3076.00000000,-0.00453116,0.03074384,-0.00473120,-0.02127498,-0.03296856,-0.00821535,0.0000578626,0.0008908643,0.0003461616,0.0001701045,0.0000884945,0.0007166069,3076.17799062,3078.74151967,3077.06497739,3076.52328586,3076.27222108,3078.20507296
eth4h:row15631:1731888000,2024-11-18 00:00:00,3111.96000000,-0.00584204,0.03356607,-0.00429996,-0.02374087,-0.03381417,-0.00707016,0.0000323360,0.0009458210,0.0003545592,0.0001220866,0.0000720280,0.0007389071,3112.06062991,3114.90474944,3113.06356968,3112.33995185,3112.18415644,3114.26029902
eth4h:row15632:1731902400,2024-11-18 04:00:00,3130.55000000,-0.00660570,0.03433690,-0.00397367,-0.02459974,-0.03382833,-0.00633245,0.0000174655,0.0009608314,0.0003609130,0.0001053619,0.0000717524,0.0007532724,3130.60467696,3133.55937615,3131.68006013,3130.87985812,3130.77463246,3132.90904537
eth4h:row15633:1731916800,2024-11-18 08:00:00,3056.28000000,-0.00501190,0.03213841,-0.00497011,-0.02293053,-0.03313536,-0.00690346,0.0000485012,0.0009180206,0.0003415093,0.0001378662,0.0000852463,0.0007421532,3056.42823696,3059.08701616,3057.32392639,3056.70138686,3056.54054781,3058.54906983
eth4h:row15634:1731931200,2024-11-18 12:00:00,3143.41000000,-0.00385486,0.02976368,-0.00646524,-0.02179132,-0.03273142,-0.00810396,0.0000710322,0.0008717777,0.0003123949,0.0001600499,0.0000931122,0.0007187760,3143.63329123,3146.15154948,3144.39213865,3143.91314260,3143.70270350,3145.67021971
eth4h:row15635:1731945600,2024-11-18 16:00:00,3127.17000000,-0.00595210,0.03406847,-0.00519780,-0.02601236,-0.03446767,-0.00638730,0.0000301928,0.0009556043,0.0003370757,0.0000778543,0.0000593024,0.0007522042,3127.26441945,3130.15976533,3128.22427073,3127.41347306,3127.35545428,3129.52315522
eth4h:row15636:1731960000,2024-11-18 20:00:00,3207.80000000,-0.00402190,0.03072370,-0.00697281,-0.02392515,-0.03431449,-0.00786112,0.0000677794,0.0008904720,0.0003025111,0.0001184981,0.0000622854,0.0007235048,3208.01743017,3210.65772835,3208.77054175,3208.18014075,3207.99980519,3210.12169854
eth4h:row15637:1731974400,2024-11-19 00:00:00,3148.50000000,-0.00315188,0.03030909,-0.00722812,-0.02391365,-0.03433508,-0.00819180,0.0000847212,0.0008823984,0.0002975396,0.0001187221,0.0000618843,0.0007170656,3148.76675585,3151.27945746,3149.43694284,3148.87381877,3148.69484889,3150.75849055
eth4h:row15638:1731988800,2024-11-19 04:00:00,3118.08000000,-0.00305726,0.02927653,-0.00809292,-0.02328772,-0.03533853,-0.00940870,0.0000865637,0.0008622915,0.0002806994,0.0001309106,0.0000423444,0.0006933690,3118.34992429,3120.76985343,3118.95536611,3118.48821651,3118.21203614,3120.24272969
eth4h:row15639:1732003200,2024-11-19 08:00:00,3126.51000000,-0.00581312,0.03366942,-0.00609844,-0.02717127,-0.03733645,-0.00772372,0.0000328992,0.0009478336,0.0003195377,0.0000552871,0.0000034393,0.0007261803,3126.61286137,3129.47481603,3127.50919736,3126.68286031,3126.52075303,3128.78123457
eth4h:row15640:1732017600,2024-11-19 12:00:00,3104.36000000,-0.00456810,0.03056545,-0.00731640,-0.02459821,-0.03706232,-0.00961224,0.0000571433,0.0008873904,0.0002958205,0.0001053918,0.0000087772,0.0006894056,3104.53739847,3107.11600204,3105.27846920,3104.68719134,3104.38724781,3106.50090103
eth4h:row15641:1732032000,2024-11-19 16:00:00,3122.19000000,-0.00638361,0.03234286,-0.00653757,-0.02565528,-0.03816283,-0.00961703,0.0000217901,0.0009220017,0.0003109864,0.0000848076,-0.0000126528,0.0006893122,3122.25803364,3125.06999188,3123.16110970,3122.45479661,3122.15049571,3124.34290545
eth4h:row15642:1732046400,2024-11-19 20:00:00,3107.44000000,-0.00910336,0.03585268,-0.00555081,-0.02869866,-0.03991169,-0.00927607,-0.0000311710,0.0009903478,0.0003302015,0.0000255443,-0.0000467081,0.0006959516,3107.34313938,3110.51897083,3108.46625074,3107.51937828,3107.29486078,3109.60338066
eth4h:row15643:1732060800,2024-11-20 00:00:00,3096.00000000,-0.01202999,0.04088653,-0.00363647,-0.03260506,-0.04157735,-0.00768266,-0.0000881609,0.0010883712,0.0003674791,-0.0000505244,-0.0000791431,0.0007269799,3095.72706592,3099.37143157,3097.13792428,3095.84358035,3095.75498276,3098.25154799
eth4h:row15644:1732075200,2024-11-20 04:00:00,3109.54000000,-0.01052824,0.03743313,-0.00484457,-0.02905872,-0.04085258,-0.00921185,-0.0000589175,0.0010211236,0.0003439540,0.0000185329,-0.0000650299,0.0006972023,3109.35679915,3112.71684643,3110.60972267,3109.59762944,3109.33779356,3111.70873424
eth4h:row15645:1732089600,2024-11-20 08:00:00,3099.82000000,-0.01278177,0.04190172,-0.00278473,-0.03310024,-0.04200117,-0.00673326,-0.0001028002,0.0011081398,0.0003840649,-0.0000601670,-0.0000873960,0.0007454675,3099.50135441,3103.25693772,3101.01076079,3099.63349878,3099.54909990,3102.13167655
eth4h:row15646:1732104000,2024-11-20 12:00:00,3130.00000000,-0.01233406,0.04103775,-0.00322569,-0.03200681,-0.04151148,-0.00676760,-0.0000940821,0.0010913158,0.0003754781,-0.0000388748,-0.0000778605,0.0007447988,3129.70553702,3133.41768306,3131.17546722,3129.87832438,3129.75630604,3132.33208858
eth4h:row15647:1732118400,2024-11-20 16:00:00,3058.05000000,-0.01278946,0.04154197,-0.00279004,-0.03225447,-0.04100785,-0.00618754,-0.0001029499,0.0011011345,0.0003839616,-0.0000436973,-0.0000680534,0.0007560942,3057.73519033,3061.41917904,3059.22439930,3057.91637425,3057.84189629,3060.36304807
eth4h:row15648:1732132800,2024-11-20 20:00:00,3069.97000000,-0.01120508,0.03932125,-0.00368529,-0.02964532,-0.03962622,-0.00668878,-0.0000720975,0.0010578908,0.0003665285,0.0000071102,-0.0000411491,0.0007463335,3069.74867087,3073.21941146,3071.09543769,3069.99182813,3069.84367622,3072.26207664
eth4h:row15649:1732147200,2024-11-21 00:00:00,3081.98000000,-0.01260096,0.04089711,-0.00354992,-0.03200361,-0.04072384,-0.00634899,-0.0000992793,0.0010885772,0.0003691645,-0.0000388124,-0.0000625228,0.0007529503,3081.67403851,3085.33679994,3083.11796768,3081.86038337,3081.78731191,3084.30145173
eth4h:row15650:1732161600,2024-11-21 04:00:00,3137.02000000,-0.01226540,0.04147366,-0.00341630,-0.03239715,-0.04024828,-0.00569687,-0.0000927450,0.0010998044,0.0003717666,-0.0000464757,-0.0000532624,0.0007656488,3136.72907069,3140.47200629,3138.18645605,3136.87420817,3136.85291920,3139.42277535
eth4h:row15651:1732176000,2024-11-21 08:00:00,3147.75000000,-0.01034412,0.03884015,-0.00464496,-0.03049647,-0.03932724,-0.00618799,-0.0000553322,0.0010485224,0.0003478411,-0.0000094642,-0.0000353271,0.0007560855,3147.57583301,3151.05221741,3148.84510724,3147.72020919,3147.63880099,3150.13086794
eth4h:row15652:1732190400,2024-11-21 12:00:00,3277.03000000,-0.00842685,0.03645573,-0.00572684,-0.02875737,-0.03846759,-0.00723669,-0.0000179974,0.0010020909,0.0003267737,0.0000244010,-0.0000185873,0.0007356643,3276.97102246,3280.31552794,3278.10102232,3277.10996379,3276.96908928,3279.44168098
eth4h:row15653:1732204800,2024-11-21 16:00:00,3347.00000000,-0.00793487,0.03620411,-0.00565637,-0.02880126,-0.03932530,-0.00727775,-0.0000084172,0.0009971911,0.0003281459,0.0000235465,-0.0000352894,0.0007348647,3346.97182764,3350.33926343,3348.09848468,3347.07881092,3346.88188843,3349.46049627
eth4h:row15654:1732219200,2024-11-21 20:00:00,3355.81000000,-0.00692792,0.03511838,-0.00580401,-0.02809739,-0.03925324,-0.00766066,0.0000111909,0.0009760489,0.0003252711,0.0000372528,-0.0000338862,0.0007274083,3355.84755463,3359.08703378,3356.90172556,3355.93501575,3355.69628642,3358.25193209
eth4h:row15655:1732233600,2024-11-22 00:00:00,3365.80000000,-0.00815277,0.03659777,-0.00552278,-0.02999092,-0.04087508,-0.00806274,-0.0000126604,0.0010048568,0.0003307473,0.0000003803,-0.0000654680,0.0007195787,3365.75738804,3369.18384688,3366.91341337,3365.80128008,3365.57965490,3368.22282960
eth4h:row15656:1732248000,2024-11-22 04:00:00,3362.66000000,-0.00768968,0.03633646,-0.00527579,-0.03018739,-0.04065395,-0.00842823,-0.0000036428,0.0009997684,0.0003355570,-0.0000034455,-0.0000611619,0.0007124616,3362.64775050,3366.02356238,3363.78855335,3362.64841383,3362.45433947,3365.05661980
eth4h:row15657:1732262400,2024-11-22 08:00:00,3344.75000000,-0.00883582,0.03757609,-0.00472839,-0.03100802,-0.04109231,-0.00893520,-0.0000259614,0.0010239075,0.0003462164,-0.0000194254,-0.0000696981,0.0007025894,3344.66316685,3348.17646846,3345.90820791,3344.68502759,3344.51688540,3347.10081152
eth4h:row15658:1732276800,2024-11-22 12:00:00,3314.15000000,-0.01079321,0.04140151,-0.00235521,-0.03349717,-0.04093594,-0.00683275,-0.0000640772,0.0010983994,0.0003924289,-0.0000678962,-0.0000666531,0.0007435300,3313.93764521,3317.79226032,3315.45082337,3313.92498948,3313.92910906,3316.61508638
eth4h:row15659:1732291200,2024-11-22 16:00:00,3282.40000000,-0.01069248,0.04042772,-0.00224010,-0.03247051,-0.04045130,-0.00714205,-0.0000621157,0.0010794369,0.0003946704,-0.0000479042,-0.0000572157,0.0007375072,3282.19611773,3285.94505675,3283.69572186,3282.24276301,3282.21220070,3284.82168640
eth4h:row15660:1732305600,2024-11-22 20:00:00,3327.78000000,-0.01202159,0.04278395,-0.00058487,-0.03370618,-0.03946359,-0.00550535,-0.0000879972,0.0011253194,0.0004269026,-0.0000719664,-0.0000379822,0.0007693783,3327.48717744,3331.52692336,3329.20094109,3327.54052035,3327.65360610,3330.34130702
eth4h:row15661:1732320000,2024-11-23 00:00:00,3345.51000000,-0.01024228,0.04004864,-0.00130968,-0.03057782,-0.03755871,-0.00597946,-0.0000533492,0.0010720551,0.0004127884,-0.0000110482,-0.0000008888,0.0007601461,3345.33152463,3349.09849408,3346.89127265,3345.47303823,3345.50702637,3348.05404305
eth4h:row15662:1732334400,2024-11-23 04:00:00,3341.34000000,-0.00959927,0.03924636,-0.00131346,-0.02941168,-0.03686196,-0.00556717,-0.0000408278,0.0010564324,0.0004127148,0.0000116597,0.0000126788,0.0007681744,3341.20358313,3344.87176508,3342.71930508,3341.37895934,3341.38236455,3343.90771805
eth4h:row15663:1732348800,2024-11-23 08:00:00,3354.65000000,-0.00960101,0.03937719,-0.00096499,-0.02921481,-0.03615496,-0.00501591,-0.0000408618,0.0010589801,0.0004195004,0.0000154934,0.0000264461,0.0007789092,3354.51292584,3358.20438922,3356.05757216,3354.70197543,3354.73871871,3357.26398562
eth4h:row15664:1732363200,2024-11-23 12:00:00,3460.33000000,-0.00902529,0.03921763,-0.00096674,-0.02887033,-0.03537420,-0.00454083,-0.0000296508,0.0010558730,0.0004194664,0.0000222015,0.0000416498,0.0007881603,3460.22739980,3463.98559849,3461.78179673,3460.40682547,3460.47412497,3463.05836987
eth4h:row15665:1732377600,2024-11-23 16:00:00,3407.83000000,-0.00829835,0.03866232,-0.00164738,-0.02877444,-0.03531338,-0.00452454,-0.0000154953,0.0010450596,0.0004062124,0.0000240688,0.0000428342,0.0007884775,3407.77719507,3411.39324693,3409.21458410,3407.91202323,3407.97597494,3410.51805680
eth4h:row15666:1732392000,2024-11-23 20:00:00,3393.91000000,-0.00816005,0.03859238,-0.00203944,-0.02945004,-0.03549639,-0.00447248,-0.0000128022,0.0010436975,0.0003985778,0.0000109128,0.0000392704,0.0007894913,3393.86655060,3397.45406460,3395.26300687,3393.94703739,3394.04328282,3396.59052049
eth4h:row15667:1732406400,2024-11-24 00:00:00,3427.00000000,-0.00681087,0.03632332,-0.00335542,-0.02778618,-0.03454909,-0.00571276,0.0000134701,0.0009995125,0.0003729519,0.0000433130,0.0000577170,0.0007653395,3427.04616246,3430.42704171,3428.27834463,3427.14843682,3427.19780171,3429.62382236
eth4h:row15668:1732420800,2024-11-24 04:00:00,3422.51000000,-0.00693825,0.03747157,-0.00361952,-0.02957804,-0.03508908,-0.00589420,0.0000109898,0.0010218723,0.0003678093,0.0000084203,0.0000472018,0.0007618063,3422.54761284,3426.00915554,3423.76906248,3422.53881866,3422.67155261,3425.11828292
eth4h:row15669:1732435200,2024-11-24 08:00:00,3344.22000000,-0.00680326,0.03719810,-0.00381079,-0.02968289,-0.03572617,-0.00607176,0.0000136184,0.0010165471,0.0003640847,0.0000063787,0.0000347960,0.0007583486,3344.26554327,3347.62128560,3345.43780097,3344.24133175,3344.33636754,3346.75704648
eth4h:row15670:1732449600,2024-11-24 12:00:00,3294.39000000,-0.00738715,0.03733490,-0.00390028,-0.03020148,-0.03660391,-0.00626941,0.0000022485,0.0010192108,0.0003623419,-0.0000037198,0.0000177040,0.0007545000,3294.39740735,3297.74938964,3295.58391195,3294.37774571,3294.44832426,3296.87655511
eth4h:row15671:1732464000,2024-11-24 16:00:00,3326.63000000,-0.00706528,0.03556082,-0.00499207,-0.02842807,-0.03696126,-0.00803391,0.0000085161,0.0009846646,0.0003410818,0.0000308134,0.0000107452,0.0007201400,3326.65833003,3329.90722801,3327.76484638,3326.73250644,3326.66574533,3329.02650224
eth4h:row15672:1732478400,2024-11-24 20:00:00,3361.20000000,-0.00832592,0.03688929,-0.00456102,-0.02944000,-0.03816537,-0.00807099,-0.0000160321,0.0010105336,0.0003494755,0.0000111084,-0.0000127022,0.0007194181,3361.14611331,3364.59832247,3362.37486219,3361.23733779,3361.15730578,3363.61897812
eth4h:row15673:1732492800,2024-11-25 00:00:00,3362.44000000,-0.00987351,0.03837008,-0.00422920,-0.03152990,-0.03984017,-0.00800803,-0.0000461681,0.0010393688,0.0003559371,-0.0000295879,-0.0000453153,0.0007206441,3362.28476619,3365.93663204,3363.63703004,3362.34051383,3362.28763350,3364.86399570
eth4h:row15674:1732507200,2024-11-25 04:00:00,3399.41000000,-0.00969245,0.03742782,-0.00439618,-0.03041190,-0.04029561,-0.00833306,-0.0000426422,0.0010210203,0.0003526854,-0.0000078172,-0.0000541840,0.0007143148,3399.26504461,3402.88263919,3400.60913386,3399.38342619,3399.22581141,3401.83911623
eth4h:row15675:1732521600,2024-11-25 08:00:00,3471.84000000,-0.00791958,0.03447393,-0.00553592,-0.02759355,-0.03932942,-0.00952278,-0.0000081195,0.0009634997,0.0003304915,0.0000470640,-0.0000353695,0.0006911476,3471.81181044,3475.18672900,3472.98760328,3472.00340248,3471.71720494,3474.24038334
eth4h:row15676:1732536000,2024-11-25 12:00:00,3518.41000000,-0.01171687,0.04135550,-0.00328587,-0.03403963,-0.04164965,-0.00718934,-0.0000820636,0.0010975034,0.0003743064,-0.0000784595,-0.0000805510,0.0007365863,3518.12127849,3522.27358655,3519.72721000,3518.13395827,3518.12660010,3521.00256736
eth4h:row15677:1732550400,2024-11-25 16:00:00,3464.00000000,-0.01247703,0.04343019,-0.00268943,-0.03650871,-0.04265509,-0.00622920,-0.0000968659,0.0011379034,0.0003859207,-0.0001265394,-0.0001001298,0.0007552830,3463.66447268,3467.94394100,3465.33708728,3463.56169519,3463.65316790,3466.61728856
eth4h:row15678:1732564800,2024-11-25 20:00:00,3414.49000000,-0.01263238,0.04402543,-0.00230613,-0.03702840,-0.04269082,-0.00605443,-0.0000998912,0.0011494945,0.0003933847,-0.0001366593,-0.0001008256,0.0007586862,3414.14893947,3418.41719414,3415.83347230,3414.02341002,3414.14574943,3417.08150949
eth4h:row15679:1732579200,2024-11-26 00:00:00,3434.61000000,-0.01283149,0.04476426,-0.00208216,-0.03790089,-0.04257036,-0.00584425,-0.0001037684,0.0011638816,0.0003977461,-0.0001536492,-0.0000984799,0.0007627790,3434.25361436,3438.60980656,3435.97637429,3434.08231537,3434.27177675,3437.23084798
eth4h:row15680:1732593600,2024-11-26 04:00:00,3394.80000000,-0.01310191,0.04516295,-0.00202273,-0.03849449,-0.04268301,-0.00586520,-0.0001090341,0.0011716453,0.0003989032,-0.0001652084,-0.0001006735,0.0007623711,3394.42987115,3398.77983257,3396.15446686,3394.23919700,3394.45825071,3397.38908411
eth4h:row15681:1732608000,2024-11-26 08:00:00,3323.01000000,-0.01338392,0.04467077,-0.00185214,-0.03796802,-0.04250944,-0.00617076,-0.0001145258,0.0011620611,0.0004022252,-0.0001549564,-0.0000972937,0.0007564209,3322.62945129,3326.87378513,3324.34686731,3322.49511811,3322.68670795,3325.52454508
eth4h:row15682:1732622400,2024-11-26 12:00:00,3296.32000000,-0.01365423,0.04469050,-0.00165382,-0.03750369,-0.04203025,-0.00645073,-0.0001197895,0.0011624453,0.0004060871,-0.0001459145,-0.0000879624,0.0007509691,3295.92515918,3300.15401955,3297.65886478,3295.83905417,3296.03006043,3298.79636408
eth4h:row15683:1732636800,2024-11-26 16:00:00,3300.61000000,-0.01345731,0.04393018,-0.00212563,-0.03672075,-0.04193426,-0.00700027,-0.0001159549,0.0011476397,0.0003968995,-0.0001306685,-0.0000860932,0.0007402680,3300.22730024,3304.40008559,3301.92027043,3300.17874239,3300.32585225,3303.05424043
eth4h:row15684:1732651200,2024-11-26 20:00:00,3324.73000000,-0.01343834,0.04363544,-0.00218381,-0.03613215,-0.04182992,-0.00694316,-0.0001155855,0.0011419002,0.0003957667,-0.0001192069,-0.0000840614,0.0007413802,3324.34573153,3328.52867833,3326.04607774,3324.33369295,3324.45053024,3327.19580286
eth4h:row15685:1732665600,2024-11-27 00:00:00,3361.03000000,-0.01254858,0.04124606,-0.00300680,-0.03349076,-0.04168717,-0.00767520,-0.0000982593,0.0010953724,0.0003797407,-0.0000677714,-0.0000812816,0.0007271252,3360.69976372,3364.71359647,3362.30656225,3360.80222595,3360.75682119,3363.47477848
eth4h:row15686:1732680000,2024-11-27 04:00:00,3424.11000000,-0.01103203,0.03867472,-0.00427632,-0.03116643,-0.04119761,-0.00881703,-0.0000687278,0.0010453010,0.0003550196,-0.0000225102,-0.0000717484,0.0007048905,3423.87467666,3427.69109690,3425.32584181,3424.03292362,3423.86433430,3426.52447364
eth4h:row15687:1732694400,2024-11-27 08:00:00,3460.43000000,-0.01015416,0.03745124,-0.00494877,-0.03036342,-0.04103199,-0.00916928,-0.0000516331,0.0010214765,0.0003419250,-0.0000068733,-0.0000685235,0.0006980313,3460.25133188,3463.96655374,3461.61340983,3460.40621552,3460.19288734,3462.84633158
eth4h:row15688:1732708800,2024-11-27 12:00:00,3552.79000000,-0.01249827,0.04186920,-0.00352059,-0.03527081,-0.04319868,-0.00755427,-0.0000972797,0.0011075066,0.0003697357,-0.0001024340,-0.0001107151,0.0007294801,3552.44440244,3556.72691808,3554.10383620,3552.42609212,3552.39667435,3555.38263513
eth4h:row15689:1732723200,2024-11-27 16:00:00,3589.60000000,-0.01132327,0.04079921,-0.00424947,-0.03462553,-0.04292742,-0.00815766,-0.0000743991,0.0010866708,0.0003555423,-0.0000898686,-0.0001054329,0.0007177303,3589.33294694,3593.50283370,3590.87648151,3589.27742225,3589.22155815,3592.17728959
eth4h:row15690:1732737600,2024-11-27 20:00:00,3653.28000000,-0.01048869,0.04022751,-0.00481885,-0.03458321,-0.04294635,-0.00858678,-0.0000581474,0.0010755382,0.0003444548,-0.0000890445,-0.0001058014,0.0007093741,3653.06757755,3657.21135608,3654.53860669,3652.95470999,3652.89349840,3655.87246153
eth4h:row15691:1732752000,2024-11-28 00:00:00,3598.80000000,-0.01085094,0.04148472,-0.00424815,-0.03597962,-0.04288665,-0.00817124,-0.0000652014,0.0011000197,0.0003555680,-0.0001162367,-0.0001046390,0.0007174658,3598.56536102,3602.76092903,3600.07984553,3598.38171162,3598.42344500,3601.38294255
eth4h:row15692:1732766400,2024-11-28 04:00:00,3592.40000000,-0.01085624,0.04129238,-0.00415894,-0.03604488,-0.04243461,-0.00838071,-0.0000653047,0.0010962742,0.0003573052,-0.0001175074,-0.0000958364,0.0007133868,3592.16540723,3596.34041496,3593.68381256,3591.97789135,3592.05573371,3594.96368511
eth4h:row15693:1732780800,2024-11-28 08:00:00,3620.51000000,-0.00854775,0.03718660,-0.00499117,-0.03128542,-0.04008213,-0.00960865,-0.0000203518,0.0010163231,0.0003410993,-0.0000248271,-0.0000500270,0.0006894754,3620.43631672,3624.19147834,3621.74516417,3620.42011418,3620.32888114,3623.00711324
eth4h:row15694:1732795200,2024-11-28 12:00:00,3541.78000000,-0.00616306,0.03269566,-0.00646515,-0.02702364,-0.03868634,-0.01155743,0.0000260849,0.0009288717,0.0003123968,0.0000581617,-0.0000228470,0.0006515272,3541.87238816,3545.07138758,3542.88661353,3541.98600211,3541.69908185,3544.08831794
eth4h:row15695:1732809600,2024-11-28 16:00:00,3575.05000000,-0.00731421,0.03447441,-0.00548745,-0.02816860,-0.03922609,-0.01081086,0.0000036688,0.0009635090,0.0003314353,0.0000358661,-0.0000333575,0.0006660649,3575.06311632,3578.49625296,3576.23509409,3575.17822546,3574.93074736,3577.43200858
eth4h:row15696:1732824000,2024-11-28 20:00:00,3578.79000000,-0.00834352,0.03538553,-0.00523345,-0.02890171,-0.03989670,-0.01090002,-0.0000163748,0.0009812511,0.0003363815,0.0000215904,-0.0000464162,0.0006643287,3578.73139852,3582.30341498,3579.99404120,3578.86726847,3578.62389006,3581.16828279
eth4h:row15697:1732838400,2024-11-29 00:00:00,3583.82000000,-0.00520076,0.02968595,-0.00724754,-0.02303145,-0.03811342,-0.01306959,0.0000448236,0.0008702642,0.0002971614,0.0001359009,-0.0000116906,0.0006220811,3583.98064349,3586.94022759,3584.88513113,3584.30707756,3583.77810312,3586.05012034
eth4h:row15698:1732852800,2024-11-29 04:00:00,3544.49000000,-0.00737637,0.03360973,-0.00577952,-0.02667129,-0.03984252,-0.01125607,0.0000024583,0.0009466712,0.0003257478,0.0000650231,-0.0000453611,0.0006573954,3544.49871330,3547.84705526,3545.64479806,3544.72048108,3544.32922155,3546.82089759
eth4h:row15699:1732867200,2024-11-29 08:00:00,3594.74000000,-0.00998840,0.03771097,-0.00429384,-0.03102120,-0.04128162,-0.00947944,-0.0000484053,0.0010265341,0.0003546783,-0.0000196822,-0.0000733844,0.0006919914,3594.56599984,3598.43201782,3596.01520246,3594.66924838,3594.47621186,3597.22839011
eth4h:row15700:1732881600,2024-11-29 12:00:00,3613.95000000,-0.01221858,0.04153500,-0.00304784,-0.03469164,-0.04241461,-0.00799374,-0.0000918333,0.0011009987,0.0003789414,-0.0000911561,-0.0000954470,0.0007209223,3613.61813445,3617.93114555,3615.31973489,3613.62058160,3613.60507569,3616.55631660
eth4h:row15701:1732896000,2024-11-29 16:00:00,3582.79000000,-0.01154165,0.04054547,-0.00362516,-0.03352186,-0.04136402,-0.00824305,-0.0000786515,0.0010817298,0.0003676993,-0.0000683770,-0.0000749890,0.0007160675,3582.50821925,3586.66770776,3584.10763164,3582.54502795,3582.52134015,3585.35643833
eth4h:row15702:1732910400,2024-11-29 20:00:00,3592.21000000,-0.01172762,0.04121033,-0.00357774,-0.03458804,-0.04118688,-0.00777802,-0.0000822728,0.0010946765,0.0003686228,-0.0000891385,-0.0000715395,0.0007251229,3591.91447097,3596.14446111,3593.53441449,3591.88981001,3591.95302426,3594.81573850
eth4h:row15703:1732924800,2024-11-30 00:00:00,3657.12000000,-0.01228389,0.04258049,-0.00346139,-0.03612128,-0.04147155,-0.00716778,-0.0000931051,0.0011213575,0.0003708884,-0.0001189951,-0.0000770829,0.0007370060,3656.77951947,3661.22323905,3658.47663495,3656.68484670,3656.83810954,3659.81631301
eth4h:row15704:1732939200,2024-11-30 04:00:00,3703.07000000,-0.01088238,0.04091973,-0.00400790,-0.03422986,-0.04042021,-0.00757394,-0.0000658136,0.0010890177,0.0003602463,-0.0000821637,-0.0000566104,0.0007290969,3702.82629562,3707.10490537,3704.40425776,3702.76575439,3702.86037378,3705.77088147
eth4h:row15705:1732953600,2024-11-30 08:00:00,3653.69000000,-0.00872073,0.03767607,-0.00532213,-0.03144556,-0.03988481,-0.00852836,-0.0000237201,0.0010258545,0.0003346546,-0.0000279456,-0.0000461846,0.0007105118,3653.60333511,3657.44007757,3654.91292861,3653.58789693,3653.52125956,3656.28691241
eth4h:row15706:1732968000,2024-11-30 12:00:00,3674.00000000,-0.00839639,0.03679211,-0.00585567,-0.03112003,-0.04074503,-0.00910762,-0.0000174043,0.0010086412,0.0003242649,-0.0000216066,-0.0000629354,0.0006992318,3673.93605711,3677.70761718,3675.19154258,3673.92061831,3673.76878244,3676.56987613
eth4h:row15707:1732982400,2024-11-30 16:00:00,3689.56000000,-0.00794901,0.03573862,-0.00635302,-0.03028500,-0.04122467,-0.01015467,-0.0000086926,0.0009881269,0.0003145803,-0.0000053461,-0.0000722754,0.0006788429,3689.52792827,3693.20755524,3690.72084547,3689.54027514,3689.29334531,3692.06548192
eth4h:row15708:1732996800,2024-11-30 20:00:00,3703.60000000,-0.00799951,0.03490845,-0.00695184,-0.02956816,-0.04187439,-0.01145268,-0.0000096760,0.0009719610,0.0003029195,0.0000086127,-0.0000849273,0.0006535669,3703.56416421,3707.20150491,3704.72206247,3703.63189804,3703.28547670,3706.02134172
eth4h:row15709:1733011200,2024-12-01 00:00:00,3707.00000000,-0.00929710,0.03573940,-0.00690437,-0.03061327,-0.04327223,-0.01204389,-0.0000349438,0.0009881420,0.0003038439,-0.0000117385,-0.0001121473,0.0006420544,3706.87046559,3710.66485268,3708.12652063,3706.95648548,3706.58429309,3709.38085987
eth4h:row15710:1733025600,2024-12-01 04:00:00,3702.31000000,-0.01234668,0.04044113,-0.00505504,-0.03556789,-0.04521079,-0.01043392,-0.0000943278,0.0010796981,0.0003398555,-0.0001082191,-0.0001498965,0.0006734052,3701.96078561,3706.30953574,3703.56846433,3701.90936107,3701.75507845,3704.80399426
eth4h:row15711:1733040000,2024-12-01 08:00:00,3692.42000000,-0.01287144,0.04091249,-0.00476895,-0.03577660,-0.04488034,-0.01051669,-0.0001045464,0.0010888767,0.0003454266,-0.0001122832,-0.0001434617,0.0006717933,3692.03399103,3696.44277974,3693.69568040,3692.00542662,3691.89031718,3694.90137629
eth4h:row15712:1733054400,2024-12-01 12:00:00,3728.59000000,-0.01388831,0.04336528,-0.00358481,-0.03794428,-0.04502491,-0.00917544,-0.0001243477,0.0011366395,0.0003684851,-0.0001544942,-0.0001462769,0.0006979113,3728.12638712,3732.83047204,3729.96418297,3728.01399898,3728.04463331,3731.19313330
eth4h:row15713:1733068800,2024-12-01 16:00:00,3707.96000000,-0.01342082,0.04283217,-0.00353792,-0.03728802,-0.04456491,-0.00903473,-0.0001152443,0.0011262584,0.0003693982,-0.0001417149,-0.0001373194,0.0007006512,3707.53270339,3712.13847375,3709.32996693,3707.43456401,3707.45086006,3710.55889695
eth4h:row15714:1733083200,2024-12-01 20:00:00,3707.61000000,-0.01437986,0.04456250,-0.00257492,-0.03850855,-0.04462881,-0.00789584,-0.0001339195,0.0011599527,0.0003881505,-0.0001654820,-0.0001385637,0.0007228287,3707.11351197,3711.91314754,3709.04938997,3706.99650810,3707.09629560,3710.29093583
eth4h:row15715:1733097600,2024-12-02 00:00:00,3685.01000000,-0.01382220,0.04384438,-0.00296780,-0.03757289,-0.04413242,-0.00786674,-0.0001230603,0.0011459689,0.0003805001,-0.0001472621,-0.0001288976,0.0007233953,3684.55654963,3689.23532761,3686.41241335,3684.46737782,3684.53504174,3687.67668326
eth4h:row15716:1733112000,2024-12-02 04:00:00,3666.88000000,-0.01401010,0.04318083,-0.00329842,-0.03711101,-0.04428465,-0.00807440,-0.0001267193,0.0011330478,0.0003740620,-0.0001382680,-0.0001318619,0.0007193516,3666.41536507,3671.03710486,3668.25189692,3666.37302286,3666.39650998,3669.51872513
eth4h:row15717:1733126400,2024-12-02 08:00:00,3588.99000000,-0.01470834,0.04404701,-0.00284083,-0.03759339,-0.04417989,-0.00745709,-0.0001403160,0.0011499146,0.0003829724,-0.0001476613,-0.0001298221,0.0007313724,3588.48644274,3593.11940596,3590.36474750,3588.46008412,3588.52410018,3591.61584846
eth4h:row15718:1733140800,2024-12-02 12:00:00,3672.13000000,-0.01480794,0.04329837,-0.00353398,-0.03682647,-0.04433707,-0.00814501,-0.0001422554,0.0011353366,0.0003694750,-0.0001327272,-0.0001328827,0.0007179767,3671.60765667,3676.30147120,3673.48701088,3671.64264063,3671.64206970,3674.76745042
eth4h:row15719:1733155200,2024-12-02 16:00:00,3612.17000000,-0.01428977,0.04304177,-0.00385737,-0.03671427,-0.04399852,-0.00808572,-0.0001321651,0.0011303399,0.0003631776,-0.0001305423,-0.0001262901,0.0007191313,3611.69262857,3616.25528840,3613.48209756,3611.69848985,3611.71384738,3614.76855861
eth4h:row15720:1733169600,2024-12-02 20:00:00,3643.42000000,-0.01402511,0.04256762,-0.00440351,-0.03648646,-0.04415260,-0.00834512,-0.0001270115,0.0011211068,0.0003525427,-0.0001261062,-0.0001292905,0.0007140799,3642.95727325,3647.50695339,3644.70468749,3642.96057113,3642.94897097,3646.02262202
eth4h:row15721:1733184000,2024-12-03 00:00:00,3639.75000000,-0.01266046,0.04104967,-0.00500284,-0.03475132,-0.04354251,-0.00888253,-0.0001004379,0.0010915480,0.0003408721,-0.0000923182,-0.0001174104,0.0007036151,3639.38444953,3643.72513079,3640.99090080,3639.41400043,3639.32268053,3642.31188429
eth4h:row15722:1733198400,2024-12-03 04:00:00,3616.85000000,-0.01065616,0.03833780,-0.00665103,-0.03277552,-0.04346219,-0.01022448,-0.0000614086,0.0010387403,0.0003087771,-0.0000538436,-0.0001158464,0.0006774835,3616.62790124,3620.60891976,3617.96697284,3616.65526084,3616.43102519,3619.30118628
eth4h:row15723:1733212800,2024-12-03 08:00:00,3613.81000000,-0.01121289,0.03889570,-0.00608046,-0.03369180,-0.04411916,-0.00956183,-0.0000722495,0.0010496042,0.0003198878,-0.0000716864,-0.0001286393,0.0006903871,3613.54891335,3617.60506139,3614.96619851,3613.55094838,3613.34515180,3616.30578918
eth4h:row15724:1733227200,2024-12-03 12:00:00,3571.79000000,-0.01195070,0.03942961,-0.00611676,-0.03424391,-0.04465766,-0.00998915,-0.0000866169,0.0010600009,0.0003191809,-0.0000824374,-0.0001391254,0.0006820661,3571.48063600,3575.57810794,3572.93022915,3571.49556314,3571.29310778,3574.22702783
eth4h:row15725:1733241600,2024-12-03 16:00:00,3577.34000000,-0.01145907,0.03731967,-0.00681985,-0.03200003,-0.04391698,-0.01127407,-0.0000770434,0.0010189143,0.0003054898,-0.0000387427,-0.0001247023,0.0006570450,3577.06440019,3580.98686041,3578.43300773,3577.20140677,3576.89392517,3579.69124588
eth4h:row15726:1733256000,2024-12-03 20:00:00,3614.51000000,-0.01218367,0.03804267,-0.00644850,-0.03273913,-0.04431427,-0.01114698,-0.0000911534,0.0010329932,0.0003127210,-0.0000531351,-0.0001324388,0.0006595197,3614.18054017,3618.24569349,3615.64051012,3614.31794790,3614.03133037,3616.89462698
eth4h:row15727:1733270400,2024-12-04 00:00:00,3661.80000000,-0.01444697,0.04200775,-0.00504025,-0.03642030,-0.04554475,-0.00993590,-0.0001352264,0.0011102046,0.0003401437,-0.0001248179,-0.0001563997,0.0006831029,3661.30486138,3665.86760468,3663.04574990,3661.34297051,3661.22734037,3664.30224057
eth4h:row15728:1733284800,2024-12-04 04:00:00,3714.99000000,-0.01348963,0.04156802,-0.00482066,-0.03564524,-0.04472361,-0.00940378,-0.0001165843,0.0011016417,0.0003444196,-0.0001097253,-0.0001404097,0.0006934649,3714.55691578,3719.08484313,3716.26973564,3714.58239379,3714.46841597,3717.56710861
eth4h:row15729:1733299200,2024-12-04 08:00:00,3729.09000000,-0.01245005,0.04090492,-0.00500211,-0.03489942,-0.04417700,-0.00924599,-0.0000963407,0.0010887293,0.0003408862,-0.0000952022,-0.0001297658,0.0006965375,3728.73075408,3733.15218031,3730.36141200,3728.73499950,3728.60612318,3731.68835578
eth4h:row15730:1733313600,2024-12-04 12:00:00,3821.00000000,-0.01189964,0.04155613,-0.00445924,-0.03546382,-0.04414732,-0.00868887,-0.0000856225,0.0011014102,0.0003514575,-0.0001061926,-0.0001291877,0.0007073861,3820.67285043,3825.21080678,3822.34315494,3820.59425980,3820.50640549,3823.70387865
eth4h:row15731:1733328000,2024-12-04 16:00:00,3841.15000000,-0.01191093,0.04237471,-0.00386215,-0.03678752,-0.04454247,-0.00820837,-0.0000858424,0.0011173503,0.0003630846,-0.0001319688,-0.0001368824,0.0007167429,3840.82028043,3845.44430864,3842.54491573,3840.64312168,3840.62425007,3843.90410383
eth4h:row15732:1733342400,2024-12-04 20:00:00,3837.80000000,-0.01176278,0.04289437,-0.00299256,-0.03653226,-0.04406885,-0.00764665,-0.0000829576,0.0011274696,0.0003800180,-0.0001269982,-0.0001276597,0.0007276811,3837.48163853,3842.12944295,3839.25871005,3837.31263736,3837.31009878,3840.59371071
eth4h:row15733:1733356800,2024-12-05 00:00:00,3832.66000000,-0.01108693,0.04151190,-0.00332079,-0.03550903,-0.04317567,-0.00831724,-0.0000697967,0.0011005490,0.0003736263,-0.0001070729,-0.0001102671,0.0007146229,3832.39250215,3836.88035191,3834.09225005,3832.24964786,3832.23740715,3835.39988557
eth4h:row15734:1733371200,2024-12-05 04:00:00,3850.98000000,-0.01176198,0.04256058,-0.00251972,-0.03592936,-0.04180259,-0.00803912,-0.0000829419,0.0011209698,0.0003892254,-0.0001152580,-0.0000835292,0.0007200386,3850.66060553,3855.29925278,3852.47919104,3850.53616940,3850.65834398,3853.75385284
eth4h:row15735:1733385600,2024-12-05 08:00:00,3930.98000000,-0.01207617,0.04261843,-0.00204458,-0.03573057,-0.04111940,-0.00777662,-0.0000890601,0.0011220963,0.0003984777,-0.0001113868,-0.0000702256,0.0007251502,3930.62992204,3935.39341359,3932.54672005,3930.54216491,3930.70395416,3933.83158478
eth4h:row15736:1733400000,2024-12-05 12:00:00,3888.00000000,-0.01070887,0.04102538,-0.00214441,-0.03314507,-0.03909478,-0.00779794,-0.0000624349,0.0010910750,0.0003965339,-0.0000610398,-0.0000308005,0.0007247351,3887.75726072,3892.24441458,3889.54202943,3887.76268445,3887.88024946,3890.81879150
eth4h:row15737:1733414400,2024-12-05 16:00:00,3830.81000000,-0.00874308,0.03823701,-0.00273153,-0.03002514,-0.03787739,-0.00811609,-0.0000241554,0.0010367776,0.0003851010,-0.0000002859,-0.0000070944,0.0007185399,3830.71746653,3834.78375758,3832.28553275,3830.80890475,3830.78282290,3833.56357899
eth4h:row15738:1733428800,2024-12-05 20:00:00,3785.20000000,-0.00874095,0.03879339,-0.00231649,-0.03046125,-0.03762404,-0.00707271,-0.0000241139,0.0010476119,0.0003931830,-0.0000087782,-0.0000021609,0.0007388575,3785.10872530,3789.16749835,3786.68856898,3785.16677272,3785.19182043,3787.99775669
eth4h:row15739:1733443200,2024-12-06 00:00:00,3907.01000000,-0.00771292,0.03678057,-0.00317770,-0.02805340,-0.03713188,-0.00785931,-0.0000040952,0.0010084166,0.0003764128,0.0000381094,0.0000074227,0.0007235401,3906.99400012,3910.95188087,3908.48092525,3907.15889666,3907.03900078,3909.83790123
eth4h:row15740:1733457600,2024-12-06 04:00:00,3893.75000000,-0.00712496,0.03571708,-0.00349964,-0.02733135,-0.03668661,-0.00774537,0.0000073540,0.0009877073,0.0003701435,0.0000521698,0.0000160935,0.0007257587,3893.77863465,3897.59778522,3895.19151317,3893.95314139,3893.81266467,3896.57694865
eth4h:row15741:1733472000,2024-12-06 08:00:00,3867.02000000,-0.00616397,0.03311519,-0.00467904,-0.02518090,-0.03643987,-0.00893670,0.0000260672,0.0009370411,0.0003471773,0.0000940451,0.0000208981,0.0007025602,3867.12080368,3870.64525483,3868.36277475,3867.38369129,3867.10081432,3869.73776896
eth4h:row15742:1733486400,2024-12-06 12:00:00,3993.02000000,-0.00790219,0.03648136,-0.00403708,-0.02888797,-0.03716729,-0.00782157,-0.0000077809,0.0010025900,0.0003596782,0.0000218580,0.0000067333,0.0007242749,3992.98893086,3997.02536950,3994.45646056,3993.10728027,3993.04688625,3995.91309183
eth4h:row15743:1733500800,2024-12-06 16:00:00,4067.62000000,-0.00706963,0.03503302,-0.00525456,-0.02831675,-0.03700543,-0.00887317,0.0000084314,0.0009743869,0.0003359703,0.0000329813,0.0000098851,0.0007037973,4067.65429575,4071.58536703,4068.98682918,4067.75415748,4067.66020900,4070.48378777
eth4h:row15744:1733515200,2024-12-06 20:00:00,3998.87000000,-0.00768666,0.03686623,-0.00490240,-0.03037765,-0.03789059,-0.00823196,-0.0000035839,0.0010100845,0.0003428279,-0.0000071504,-0.0000073515,0.0007162834,3998.85566846,4002.91123713,4000.24115905,3998.84140655,3998.84060257,4001.73535032
eth4h:row15745:1733529600,2024-12-07 00:00:00,3986.87000000,-0.00663109,0.03565029,-0.00554248,-0.02940559,-0.03745956,-0.00874239,0.0000169710,0.0009864068,0.0003303637,0.0000117784,0.0000010419,0.0007063440,3986.93766179,3990.80461579,3988.18733469,3986.91695925,3986.87415407,3989.68709649
eth4h:row15746:1733544000,2024-12-07 04:00:00,3985.87000000,-0.00694454,0.03635059,-0.00509239,-0.03065575,-0.03841371,-0.00840384,0.0000108673,0.0010000435,0.0003391282,-0.0000125658,-0.0000175381,0.0007129365,3985.91331599,3989.85803715,3987.22195021,3985.81991463,3985.80009604,3988.71268528
eth4h:row15747:1733558400,2024-12-07 08:00:00,3998.30000000,-0.00718318,0.03672758,-0.00516315,-0.03105043,-0.03918449,-0.00857576,0.0000062203,0.0010073847,0.0003377504,-0.0000202512,-0.0000325473,0.0007095888,3998.32487066,4002.32985590,3999.65065532,3998.21903045,3998.16986816,4001.13815574
eth4h:row15748:1733572800,2024-12-07 12:00:00,4004.71000000,-0.00801270,0.03636111,-0.00518199,-0.03063424,-0.04010607,-0.00959940,-0.0000099328,0.0010002484,0.0003373834,-0.0000121468,-0.0000504930,0.0006896556,4004.67022230,4008.71770861,4006.06135077,4004.66135585,4004.50779509,4007.47282314
eth4h:row15749:1733587200,2024-12-07 16:00:00,4012.19000000,-0.00911506,0.03661592,-0.00509426,-0.03119944,-0.04115782,-0.01021369,-0.0000313988,0.0010052102,0.0003390919,-0.0000231529,-0.0000709737,0.0006776935,4012.06402394,4016.22512216,4013.55073200,4012.09710733,4011.90525022,4014.90995680
eth4h:row15750:1733601600,2024-12-07 20:00:00,3996.22000000,-0.01200032,0.04083074,-0.00369621,-0.03534549,-0.04290540,-0.00956325,-0.0000875832,0.0010872848,0.0003663158,-0.0001038883,-0.0001050040,0.0006903595,3995.87001373,4000.56739228,3997.68414664,3995.80486094,3995.80040297,3998.97978102
eth4h:row15751:1733616000,2024-12-08 00:00:00,3989.28000000,-0.01230016,0.04141558,-0.00349384,-0.03536056,-0.04255370,-0.00966273,-0.0000934219,0.0010986733,0.0003702566,-0.0001041817,-0.0000981555,0.0006884224,3988.90733119,3993.66532406,3990.75733057,3988.86441172,3988.88844964,3992.02725506
eth4h:row15752:1733630400,2024-12-08 04:00:00,3980.60000000,-0.01315594,0.04248492,-0.00301686,-0.03666286,-0.04353262,-0.00877060,-0.0001100863,0.0011194963,0.0003795447,-0.0001295412,-0.0001172177,0.0007057946,3980.16181472,3985.05876247,3982.11110234,3980.08438167,3980.13343040,3983.41047754
eth4h:row15753:1733644800,2024-12-08 08:00:00,3971.84000000,-0.01374619,0.04302270,-0.00265876,-0.03664510,-0.04382242,-0.00844357,-0.0001215801,0.0011299685,0.0003865179,-0.0001291953,-0.0001228609,0.0007121629,3971.35713261,3976.33059075,3973.37548383,3971.32688998,3971.35204603,3974.66960446
eth4h:row15754:1733659200,2024-12-08 12:00:00,3990.79000000,-0.01486069,0.04428867,-0.00232636,-0.03758187,-0.04372168,-0.00771398,-0.0001432826,0.0011546206,0.0003929906,-0.0001474370,-0.0001208994,0.0007263701,3990.21823004,3995.40050950,3992.35865131,3990.20165318,3990.30754508,3993.68984351
eth4h:row15755:1733673600,2024-12-08 16:00:00,3989.99000000,-0.01500255,0.04437248,-0.00262236,-0.03777882,-0.04371292,-0.00753335,-0.0001460450,0.0011562525,0.0003872267,-0.0001512722,-0.0001207288,0.0007298875,3989.40732431,3994.60610408,3991.53533000,3989.38647120,3989.50832248,3992.90330688
eth4h:row15756:1733688000,2024-12-08 20:00:00,4004.15000000,-0.01553407,0.04431010,-0.00288604,-0.03786347,-0.04420627,-0.00751712,-0.0001563953,0.0011550379,0.0003820921,-0.0001529206,-0.0001303357,0.0007302035,4003.52381862,4008.77761685,4005.68024631,4003.53772973,4003.62815050,4007.07491206
eth4h:row15757:1733702400,2024-12-09 00:00:00,3929.37000000,-0.01554936,0.04431961,-0.00335460,-0.03813761,-0.04451511,-0.00764346,-0.0001566930,0.0011552230,0.0003729680,-0.0001582588,-0.0001363497,0.0007277432,3928.75434331,3933.91192149,3930.83580274,3928.74819169,3928.83426821,3932.23061289
eth4h:row15758:1733716800,2024-12-09 04:00:00,3918.44000000,-0.01531400,0.04408083,-0.00433913,-0.03848847,-0.04537616,-0.00817447,-0.0001521098,0.0011505733,0.0003537963,-0.0001650911,-0.0001531167,0.0007174030,3917.84401206,3922.95104721,3919.82657504,3917.79315371,3917.84006718,3921.25210929
eth4h:row15759:1733731200,2024-12-09 08:00:00,3850.88000000,-0.01539589,0.04500035,-0.00442094,-0.03963624,-0.04583717,-0.00758000,-0.0001537046,0.0011684790,0.0003522033,-0.0001874413,-0.0001620940,0.0007289790,3850.28814751,3855.38230237,3852.23653162,3850.15825364,3850.25584623,3853.68823403
eth4h:row15760:1733745600,2024-12-09 12:00:00,3824.00000000,-0.01549880,0.04425622,-0.00485230,-0.03874108,-0.04641036,-0.00810962,-0.0001557085,0.0011539886,0.0003438035,-0.0001700101,-0.0001732556,0.0007186658,3823.40461705,3828.41539960,3825.31493079,3823.34993681,3823.33752816,3826.74916589
eth4h:row15761:1733760000,2024-12-09 16:00:00,3795.78000000,-0.01504846,0.04314209,-0.00539907,-0.03784194,-0.04649300,-0.00856952,-0.0001469390,0.0011322933,0.0003331563,-0.0001525013,-0.0001748648,0.0007097102,3795.22229269,3800.08037056,3797.04479858,3795.20118266,3795.11630963,3798.47486009
eth4h:row15762:1733774400,2024-12-09 20:00:00,3712.00000000,-0.01581737,0.04327974,-0.00598168,-0.03873968,-0.04781217,-0.00954168,-0.0001619120,0.0011349739,0.0003218113,-0.0001699828,-0.0002005528,0.0006907795,3711.39903131,3716.21541487,3713.19475572,3711.36907755,3711.25562262,3714.56505948
eth4h:row15763:1733788800,2024-12-10 00:00:00,3682.40000000,-0.01691738,0.04400260,-0.00559856,-0.03916743,-0.04843638,-0.00953956,-0.0001833322,0.0011490499,0.0003292718,-0.0001783123,-0.0002127079,0.0006908209,3681.72495940,3686.63369343,3683.61271009,3681.74344118,3681.61680757,3684.94475771
eth4h:row15764:1733803200,2024-12-10 04:00:00,3734.55000000,-0.01673664,0.04327063,-0.00634226,-0.03846399,-0.04883087,-0.01040549,-0.0001798127,0.0011347963,0.0003147897,-0.0001646144,-0.0002203898,0.0006739586,3733.87854067,3738.79035912,3735.72578276,3733.93528995,3733.72703378,3737.06778060
eth4h:row15765:1733817600,2024-12-10 08:00:00,3750.11000000,-0.01706807,0.04267088,-0.00711400,-0.03807830,-0.04988880,-0.01158184,-0.0001862667,0.0011231176,0.0002997617,-0.0001571040,-0.0002409906,0.0006510518,3749.41154457,3754.32418077,3751.23430791,3749.52088912,3749.20636759,3752.55231072
eth4h:row15766:1733832000,2024-12-10 12:00:00,3567.75000000,-0.01764485,0.04405827,-0.00627638,-0.03906475,-0.05005092,-0.01078632,-0.0001974982,0.0011501340,0.0003160726,-0.0001763128,-0.0002441476,0.0006665428,3567.04544539,3571.85575127,3568.87784637,3567.12101548,3566.87904859,3570.12885088
eth4h:row15767:1733846400,2024-12-10 16:00:00,3628.82000000,-0.01781836,0.04489592,-0.00548943,-0.03968122,-0.04989395,-0.00989125,-0.0002008769,0.0011664455,0.0003313968,-0.0001883173,-0.0002410910,0.0006839725,3628.09112706,3633.05529046,3630.02277876,3628.13669465,3627.94522958,3631.30286204
eth4h:row15768:1733860800,2024-12-10 20:00:00,3628.25000000,-0.01649430,0.04352922,-0.00553245,-0.03811080,-0.04910649,-0.01017715,-0.0001750937,0.0011398319,0.0003305590,-0.0001577368,-0.0002257568,0.0006784052,3627.61477172,3632.38795291,3629.44954886,3627.67773651,3627.43099036,3630.71225870
eth4h:row15769:1733875200,2024-12-11 00:00:00,3665.23000000,-0.01571845,0.04374022,-0.00539691,-0.03806534,-0.04893459,-0.00989714,-0.0001599856,0.0011439407,0.0003331983,-0.0001568515,-0.0002224094,0.0006838577,3664.64366297,3669.42520475,3666.45145205,3664.65514819,3664.41490898,3667.73735309
eth4h:row15770:1733889600,2024-12-11 04:00:00,3652.58000000,-0.01597202,0.04493729,-0.00448428,-0.03911799,-0.04864172,-0.00893171,-0.0001649234,0.0011672510,0.0003509700,-0.0001773496,-0.0002167065,0.0007026574,3651.97765389,3656.84596698,3653.86217088,3651.93227397,3651.78854809,3655.14741432
eth4h:row15771:1733904000,2024-12-11 08:00:00,3716.84000000,-0.01624408,0.04570956,-0.00384080,-0.04046288,-0.04817850,-0.00829468,-0.0001702212,0.0011822893,0.0003635003,-0.0002035384,-0.0002076863,0.0007150621,3716.20736870,3721.23697877,3718.19131801,3716.08355740,3716.06814342,3719.49872185
eth4h:row15772:1733918400,2024-12-11 12:00:00,3787.34000000,-0.01468466,0.04446471,-0.00358039,-0.03812272,-0.04598019,-0.00805325,-0.0001398549,0.0011580486,0.0003685713,-0.0001579690,-0.0001648790,0.0007197635,3786.81035903,3791.72846446,3788.73616197,3786.74176510,3786.71559871,3790.06697051
eth4h:row15773:1733932800,2024-12-11 16:00:00,3803.91000000,-0.01361406,0.04421092,-0.00274054,-0.03755763,-0.04422573,-0.00733952,-0.0001190072,0.0011531065,0.0003849254,-0.0001469649,-0.0001307146,0.0007336619,3803.45733429,3808.29884325,3805.37450349,3803.35099975,3803.41280587,3806.70180767
eth4h:row15774:1733947200,2024-12-11 20:00:00,3831.81000000,-0.01215771,0.04334316,-0.00238283,-0.03624725,-0.04259924,-0.00684530,-0.0000906479,0.0011362089,0.0003918912,-0.0001214481,-0.0000990422,0.0007432857,3831.46267014,3836.16621078,3833.31194686,3831.34466209,3831.43050789,3834.65918837
eth4h:row15775:1733961600,2024-12-12 00:00:00,3935.00000000,-0.00886135,0.03913895,-0.00302364,-0.03120356,-0.03928847,-0.00756537,-0.0000264584,0.0010543409,0.0003794127,-0.0000232333,-0.0000345721,0.0007292639,3934.89588749,3939.15101927,3936.49327210,3934.90857821,3934.86396108,3937.87070017
eth4h:row15776:1733976000,2024-12-12 04:00:00,3905.40000000,-0.00634938,0.03633372,-0.00350562,-0.02802604,-0.03708828,-0.00821679,0.0000224566,0.0009997150,0.0003700272,0.0000386422,0.0000082718,0.0007165789,3905.48770313,3909.30623931,3906.84537155,3905.55091598,3905.43230466,3908.19953034
eth4h:row15777:1733990400,2024-12-12 08:00:00,3913.38000000,-0.00678770,0.03738899,-0.00247217,-0.02866648,-0.03688920,-0.00721374,0.0000139213,0.0010202641,0.0003901513,0.0000261710,0.0000121484,0.0007361112,3913.43447990,3917.37471877,3914.90710835,3913.48241851,3913.42754161,3916.26174322
eth4h:row15778:1734004800,2024-12-12 12:00:00,3957.67000000,-0.00771879,0.03837938,-0.00124965,-0.02941520,-0.03609941,-0.00623000,-0.0000042095,0.0010395499,0.0004139573,0.0000115912,0.0000275279,0.0007552673,3957.65334020,3961.78633449,3959.30864553,3957.71587460,3957.77894778,3960.66022790
eth4h:row15779:1734019200,2024-12-12 16:00:00,3871.14000000,-0.00727698,0.03757641,-0.00103846,-0.02794918,-0.03477068,-0.00634420,0.0000043937,0.0010239139,0.0004180697,0.0000401388,0.0000534022,0.0007530435,3871.15700860,3875.10574389,3872.75874471,3871.29538619,3871.34673275,3874.05623462
eth4h:row15780:1734033600,2024-12-12 20:00:00,3881.61000000,-0.00677329,0.03761134,-0.00096982,-0.02774885,-0.03367204,-0.00601483,0.0000142019,0.0010245940,0.0004194065,0.0000440399,0.0000747957,0.0007594573,3881.66512678,3885.58911255,3883.23831394,3881.78094931,3881.90033843,3884.55903693
eth4h:row15781:1734048000,2024-12-13 00:00:00,3932.83000000,-0.00557654,0.03564758,-0.00156061,-0.02612547,-0.03254736,-0.00633930,0.0000375062,0.0009863540,0.0004079021,0.0000756516,0.0000966964,0.0007531389,3932.97750825,3936.71107617,3934.43453675,3933.12753622,3933.21030878,3935.79308310
eth4h:row15782:1734062400,2024-12-13 04:00:00,3885.64000000,-0.00579879,0.03613899,-0.00151506,-0.02628776,-0.03230277,-0.00571120,0.0000331783,0.0009959231,0.0004087890,0.0000724914,0.0001014592,0.0007653698,3885.76892122,3889.51172634,3887.22873149,3885.92168570,3886.03425388,3888.61508993
eth4h:row15783:1734076800,2024-12-13 08:00:00,3901.50000000,-0.00541833,0.03610439,-0.00161179,-0.02609053,-0.03130946,-0.00539364,0.0000405869,0.0009952493,0.0004069053,0.0000763321,0.0001208018,0.0007715537,3901.65835303,3905.38489821,3903.08786425,3901.79782092,3901.97133662,3904.51137843
eth4h:row15784:1734091200,2024-12-13 12:00:00,3886.21000000,-0.00506721,0.03535587,-0.00224531,-0.02612921,-0.03143413,-0.00552024,0.0000474241,0.0009806736,0.0003945690,0.0000755788,0.0001183742,0.0007690885,3886.39430452,3890.02297300,3887.74368056,3886.50372614,3886.67005437,3889.19998889
eth4h:row15785:1734105600,2024-12-13 16:00:00,3917.98000000,-0.00515030,0.03512529,-0.00265610,-0.02677850,-0.03219865,-0.00553017,0.0000458062,0.0009761836,0.0003865697,0.0000629353,0.0001034869,0.0007688951,3918.15947172,3921.80653510,3919.49486496,3918.22658701,3918.38548051,3920.99367392
eth4h:row15786:1734120000,2024-12-13 20:00:00,3906.80000000,-0.00485057,0.03456367,-0.00333057,-0.02615732,-0.03223450,-0.00612269,0.0000516429,0.0009652471,0.0003734359,0.0000750315,0.0001027887,0.0007573570,3907.00176364,3910.57284810,3908.25921194,3907.09314419,3907.20159568,3909.75996294
eth4h:row15787:1734134400,2024-12-14 00:00:00,3910.83000000,-0.00450355,0.03355891,-0.00444202,-0.02579631,-0.03267715,-0.00704851,0.0000584003,0.0009456817,0.0003517929,0.0000820614,0.0000941690,0.0007393287,3911.05840038,3914.53014966,3912.20604420,3911.15094147,3911.19829633,3913.72245793
eth4h:row15788:1734148800,2024-12-14 04:00:00,3920.76000000,-0.00621134,0.03552300,-0.00432015,-0.02807800,-0.03444920,-0.00690788,0.0000251448,0.0009839282,0.0003541659,0.0000376303,0.0000596622,0.0007420672,3920.85858777,3924.61964464,3922.14884533,3920.90754230,3920.99392830,3923.67054698
eth4h:row15789:1734163200,2024-12-14 08:00:00,3894.53000000,-0.00776038,0.03760133,-0.00389359,-0.02991500,-0.03591070,-0.00655958,-0.0000050194,0.0010243990,0.0003624724,0.0000018587,0.0000312026,0.0007488494,3894.51045198,3898.52159691,3895.94191539,3894.53723887,3894.65152124,3897.44750867
eth4h:row15790:1734177600,2024-12-14 12:00:00,3889.01000000,-0.00740311,0.03580437,-0.00492758,-0.02864498,-0.03643633,-0.00777431,0.0000019377,0.0009894071,0.0003423376,0.0000265897,0.0000209672,0.0007251952,3889.01753575,3892.85971827,3890.34158233,3889.11340913,3889.09154245,3891.83131423
eth4h:row15791:1734192000,2024-12-14 16:00:00,3859.11000000,-0.00861652,0.03694517,-0.00494551,-0.03043215,-0.03812281,-0.00763320,-0.0000216910,0.0010116218,0.0003419884,-0.0000082116,-0.0000118734,0.0007279431,3859.02629309,3863.01593505,3860.42999656,3859.07831085,3859.06417937,3861.92023515
eth4h:row15792:1734206400,2024-12-14 20:00:00,3870.29000000,-0.01036163,0.03935204,-0.00460805,-0.03280942,-0.04021034,-0.00762132,-0.0000556731,0.0010584903,0.0003485598,-0.0000545038,-0.0000525236,0.0007281743,3870.07453492,3874.38883326,3871.63926278,3870.07906031,3870.08672361,3873.10927222
eth4h:row15793:1734220800,2024-12-15 00:00:00,3874.48000000,-0.01186590,0.04061813,-0.00493979,-0.03428508,-0.04213605,-0.00806538,-0.0000849656,0.0010831447,0.0003420998,-0.0000832391,-0.0000900226,0.0007195272,3874.15081662,3878.67889603,3875.80568568,3874.15750515,3874.13122484,3877.26879692
eth4h:row15794:1734235200,2024-12-15 04:00:00,3845.20000000,-0.01291077,0.04129881,-0.00521976,-0.03536655,-0.04383025,-0.00858800,-0.0001053121,0.0010963996,0.0003366480,-0.0001042983,-0.0001230136,0.0007093504,3844.79507510,3849.41818757,3846.49469683,3844.79897295,3844.72701737,3847.92856190
eth4h:row15795:1734249600,2024-12-15 08:00:00,3877.61000000,-0.01595381,0.04489065,-0.00425023,-0.03938993,-0.04642976,-0.00789120,-0.0001645688,0.0011663428,0.0003555275,-0.0001826451,-0.0001736334,0.0007229190,3876.97191897,3882.13526098,3878.98884205,3876.90183810,3876.93677603,3880.41421131
eth4h:row15796:1734264000,2024-12-15 12:00:00,3894.76000000,-0.01666741,0.04565609,-0.00413882,-0.04026442,-0.04696957,-0.00796513,-0.0001784646,0.0011812481,0.0003576971,-0.0001996739,-0.0001841450,0.0007214794,3894.06498512,3899.36339636,3896.15339346,3893.98239563,3894.04286555,3897.57100321
eth4h:row15797:1734278400,2024-12-15 16:00:00,3904.09000000,-0.01679255,0.04606972,-0.00429648,-0.04072024,-0.04733420,-0.00813679,-0.0001809015,0.0011893026,0.0003546268,-0.0002085499,-0.0001912454,0.0007181367,3903.38380830,3908.73590663,3905.47474050,3903.27588744,3903.34343221,3906.89467731
eth4h:row15798:1734292800,2024-12-15 20:00:00,3959.09000000,-0.01735325,0.04651288,-0.00426624,-0.04179981,-0.04814003,-0.00819763,-0.0001918199,0.0011979322,0.0003552159,-0.0002295722,-0.0002069371,0.0007169520,3958.33064059,3963.83556333,3960.49658133,3958.18120714,3958.27080223,3961.92949509
eth4h:row15799:1734307200,2024-12-16 00:00:00,3942.60000000,-0.01737112,0.04738320,-0.00379383,-0.04237197,-0.04830206,-0.00766573,-0.0001921678,0.0012148798,0.0003644149,-0.0002407138,-0.0002100924,0.0007273095,3941.84243199,3947.39269565,3944.03700400,3941.65107590,3941.77177683,3945.46853346
eth4h:row15800:1734321600,2024-12-16 04:00:00,3974.01000000,-0.01685886,0.04743431,-0.00390451,-0.04254616,-0.04848454,-0.00785305,-0.0001821927,0.0012158750,0.0003622597,-0.0002441059,-0.0002136458,0.0007236619,3973.28603031,3978.84483826,3975.44988437,3973.04003916,3973.16106028,3976.88688062
eth4h:row15801:1734336000,2024-12-16 08:00:00,3909.67000000,-0.01660964,0.04773212,-0.00362328,-0.04277475,-0.04857618,-0.00789459,-0.0001773396,0.0012216743,0.0003677360,-0.0002485571,-0.0002154303,0.0007228531,3908.97672197,3914.44926226,3911.10799086,3908.69834468,3908.82782934,3912.49713876
eth4h:row15802:1734350400,2024-12-16 12:00:00,3941.21000000,-0.01638104,0.04757107,-0.00325000,-0.04238692,-0.04831228,-0.00767445,-0.0001728882,0.0012185382,0.0003750049,-0.0002410049,-0.0002102914,0.0007271398,3940.52867027,3946.01544216,3942.68825009,3940.26026368,3940.38128447,3944.07685264
eth4h:row15803:1734364800,2024-12-16 16:00:00,4056.88000000,-0.01627368,0.04694030,-0.00297215,-0.04211147,-0.04786051,-0.00798347,-0.0001707975,0.0012062554,0.0003804153,-0.0002356411,-0.0002014941,0.0007211222,4056.18715412,4061.77658606,4058.42359296,4055.92414493,4056.06264491,4059.80656151
eth4h:row15804:1734379200,2024-12-16 20:00:00,3986.24000000,-0.01647598,0.04710177,-0.00256512,-0.04160207,-0.04703564,-0.00809650,-0.0001747368,0.0012093997,0.0003883414,-0.0002257217,-0.0001854316,0.0007189212,3985.54351786,3991.06387368,3987.78832272,3985.34032061,3985.50089376,3989.10682275
eth4h:row15805:1734393600,2024-12-17 00:00:00,4035.01000000,-0.01573865,0.04669572,-0.00220419,-0.04051715,-0.04605598,-0.00791641,-0.0001603790,0.0012014926,0.0003953697,-0.0002045952,-0.0001663548,0.0007224282,4034.36292085,4039.86094817,4036.60563620,4034.18454089,4034.33881264,4037.92605801
eth4h:row15806:1734408000,2024-12-17 04:00:00,3994.24000000,-0.01504450,0.04651285,-0.00201053,-0.03985250,-0.04498414,-0.00786582,-0.0001468619,0.0011979316,0.0003991409,-0.0001916525,-0.0001454830,0.0007234133,3993.65344155,3999.02769356,3995.83458272,3993.47456719,3993.65894825,3997.13053162
eth4h:row15807:1734422400,2024-12-17 08:00:00,3997.14000000,-0.01414184,0.04588900,-0.00154831,-0.03885342,-0.04364664,-0.00729458,-0.0001292846,0.0011857835,0.0004081416,-0.0001721976,-0.0001194381,0.0007345370,3996.62326456,4001.88255379,3998.77173212,3996.45176122,3996.66261767,4000.07712582
eth4h:row15808:1734436800,2024-12-17 12:00:00,3939.18000000,-0.01272698,0.04419196,-0.00169162,-0.03677010,-0.04256383,-0.00697827,-0.0001017332,0.0011527374,0.0004053509,-0.0001316295,-0.0000983528,0.0007406964,3938.77927498,3943.72345833,3940.77707390,3938.66152166,3938.79258981,3942.09881728
eth4h:row15809:1734451200,2024-12-17 16:00:00,3943.99000000,-0.01178394,0.04321939,-0.00129386,-0.03493955,-0.04072792,-0.00624530,-0.0000833696,0.0011337987,0.0004130964,-0.0000959836,-0.0000626023,0.0007549695,3943.66120469,3948.46422678,3945.61958452,3943.61145990,3943.74310474,3946.96871631
eth4h:row15810:1734465600,2024-12-17 20:00:00,3893.01000000,-0.01155882,0.04279564,-0.00114222,-0.03428709,-0.03983001,-0.00602816,-0.0000789858,0.0011255469,0.0004160493,-0.0000832783,-0.0000451174,0.0007591978,3892.70251971,3897.39423231,3894.63002093,3892.68581031,3892.83436148,3895.96668682
eth4h:row15811:1734480000,2024-12-18 00:00:00,3849.81000000,-0.01156126,0.04229639,-0.00126431,-0.03310951,-0.03873969,-0.00596999,-0.0000790334,0.0011158251,0.0004136718,-0.0000603475,-0.0000238858,0.0007603305,3849.50574857,3854.10811231,3851.40288718,3849.57768071,3849.71804527,3852.73824090
eth4h:row15812:1734494400,2024-12-18 04:00:00,3847.33000000,-0.01160885,0.04263226,-0.00115419,-0.03351369,-0.03837750,-0.00572680,-0.0000799602,0.0011223655,0.0004158161,-0.0000682180,-0.0000168330,0.0007650662,3847.02237916,3851.65053472,3848.93011447,3847.06755184,3847.26523848,3850.27458821
eth4h:row15813:1734508800,2024-12-18 08:00:00,3882.65000000,-0.01143277,0.04199273,-0.00194864,-0.03339670,-0.03814162,-0.00573285,-0.0000765312,0.0011099121,0.0004003461,-0.0000659399,-0.0000122396,0.0007649482,3882.35286731,3886.96179263,3884.20471499,3882.39398697,3882.60247809,3885.62116236
eth4h:row15814:1734523200,2024-12-18 12:00:00,3867.98000000,-0.01101911,0.04212443,-0.00227398,-0.03320959,-0.03767721,-0.00558172,-0.0000684762,0.0011124766,0.0003940107,-0.0000622962,-0.0000031963,0.0007678912,3867.71514454,3872.28543166,3869.50432587,3867.73904689,3867.96763696,3870.95132858
eth4h:row15815:1734537600,2024-12-18 16:00:00,3770.29000000,-0.01125374,0.04220039,-0.00276225,-0.03344673,-0.03844628,-0.00561323,-0.0000730452,0.0011139559,0.0003845028,-0.0000669140,-0.0000181724,0.0007672775,3770.01460858,3774.49227686,3771.73996576,3770.03772336,3770.22148539,3773.18396886
eth4h:row15816:1734552000,2024-12-18 20:00:00,3626.80000000,-0.01108320,0.04117192,-0.00294141,-0.03265603,-0.03862081,-0.00578934,-0.0000697242,0.0010939285,0.0003810140,-0.0000515168,-0.0000215709,0.0007638482,3626.54713309,3630.76963070,3628.18212470,3626.61316371,3626.72176768,3629.57138287
eth4h:row15817:1734566400,2024-12-19 00:00:00,3668.90000000,-0.01135831,0.04089884,-0.00360918,-0.03294108,-0.03950787,-0.00609379,-0.0000750813,0.0010886109,0.0003680105,-0.0000570677,-0.0000388445,0.0007579197,3668.62454463,3672.89617918,3670.25044225,3668.69063027,3668.75748601,3671.68178582
eth4h:row15818:1734580800,2024-12-19 04:00:00,3693.79000000,-0.01113045,0.03969843,-0.00457376,-0.03184224,-0.04009760,-0.00707380,-0.0000706443,0.0010652355,0.0003492275,-0.0000356701,-0.0000503282,0.0007388361,3693.52906392,3697.72685280,3695.08019836,3693.65824434,3693.60410276,3696.52011394
eth4h:row15819:1734595200,2024-12-19 08:00:00,3705.62000000,-0.01246032,0.04118381,-0.00492756,-0.03346744,-0.04163400,-0.00743993,-0.0000965406,0.0010941600,0.0003423381,-0.0000673173,-0.0000802463,0.0007317066,3705.26227431,3709.67676031,3706.88879190,3705.37055604,3705.32264969,3708.33241869
eth4h:row15820:1734609600,2024-12-19 12:00:00,3613.92000000,-0.01297943,0.04121659,-0.00506196,-0.03410636,-0.04196707,-0.00760573,-0.0001066492,0.0010947984,0.0003397207,-0.0000797588,-0.0000867321,0.0007284780,3613.53459877,3617.87868047,3615.14793214,3613.63176944,3613.60657065,3616.55362039
eth4h:row15821:1734624000,2024-12-19 16:00:00,3439.44000000,-0.01402052,0.04273830,-0.00499513,-0.03633953,-0.04376600,-0.00759187,-0.0001269221,0.0011244304,0.0003410223,-0.0001232451,-0.0001217624,0.0007287479,3439.00348675,3443.30958590,3440.61312571,3439.01613185,3439.02123119,3441.94739807
eth4h:row15822:1734638400,2024-12-19 20:00:00,3417.01000000,-0.01440410,0.04378916,-0.00462822,-0.03726640,-0.04442845,-0.00686042,-0.0001343916,0.0011448936,0.0003481669,-0.0001412939,-0.0001346621,0.0007429913,3416.55081340,3420.92435316,3418.19989707,3416.52723152,3416.54988938,3419.54975221
eth4h:row15823:1734652800,2024-12-20 00:00:00,3413.87000000,-0.01458791,0.04390714,-0.00485995,-0.03700167,-0.04536352,-0.00735468,-0.0001379708,0.0011471911,0.0003436545,-0.0001361388,-0.0001528707,0.0007333666,3413.39901803,3417.78860866,3415.04339355,3413.40527163,3413.34815928,3416.37453653
eth4h:row15824:1734667200,2024-12-20 04:00:00,3390.48000000,-0.01539929,0.04427160,-0.00493381,-0.03688568,-0.04575641,-0.00736613,-0.0001537708,0.0011542881,0.0003422162,-0.0001338801,-0.0001605212,0.0007331436,3389.95868340,3394.39585016,3391.64047568,3390.02611263,3389.93579962,3392.96662018
eth4h:row15825:1734681600,2024-12-20 08:00:00,3104.56000000,-0.01600821,0.04448471,-0.00474672,-0.03731739,-0.04593388,-0.00732015,-0.0001656282,0.0011584380,0.0003458595,-0.0001422868,-0.0001639771,0.0007340389,3104.04583996,3108.15852434,3105.63392737,3104.11829342,3104.05096486,3106.83970449
eth4h:row15826:1734696000,2024-12-20 12:00:00,3374.61000000,-0.01777077,0.04574526,-0.00437529,-0.03875164,-0.04698179,-0.00719743,-0.0001999501,0.0011829845,0.0003530923,-0.0001702158,-0.0001843829,0.0007364288,3373.93531380,3378.60447358,3375.80175905,3374.03563700,3373.98783694,3377.09607513
eth4h:row15827:1734710400,2024-12-20 16:00:00,3479.35000000,-0.01791261,0.04721285,-0.00364454,-0.03996631,-0.04721270,-0.00621184,-0.0002027122,0.0012115626,0.0003673219,-0.0001938688,-0.0001888794,0.0007556209,3478.64476471,3483.56800489,3480.62827637,3478.67552789,3478.69288468,3481.98006310
eth4h:row15828:1734724800,2024-12-20 20:00:00,3472.21000000,-0.01710583,0.04733474,-0.00377146,-0.04003235,-0.04777066,-0.00636730,-0.0001870020,0.0012139361,0.0003648504,-0.0001951548,-0.0001997444,0.0007525937,3471.56075067,3476.42760063,3473.47706848,3471.53244750,3471.51651476,3474.82414700
eth4h:row15829:1734739200,2024-12-21 00:00:00,3467.64000000,-0.01601762,0.04666833,-0.00351981,-0.03957256,-0.04684062,-0.00572130,-0.0001658113,0.0012009592,0.0003697509,-0.0001862014,-0.0001816339,0.0007651732,3467.06507385,3471.80699603,3468.92240023,3466.99438060,3467.01021636,3470.29436067
eth4h:row15830:1734753600,2024-12-21 04:00:00,3523.46000000,-0.01498877,0.04672081,-0.00340496,-0.03991849,-0.04704342,-0.00556023,-0.0001457766,0.0012019812,0.0003719874,-0.0001929377,-0.0001855830,0.0007683096,3522.94639930,3527.69767905,3524.77092657,3522.78025740,3522.80616623,3526.16814853
eth4h:row15831:1734768000,2024-12-21 08:00:00,3442.23000000,-0.01390009,0.04647908,-0.00262183,-0.03903794,-0.04584403,-0.00511722,-0.0001245770,0.0011972741,0.0003872370,-0.0001757908,-0.0001622274,0.0007769363,3441.80120415,3446.35376103,3443.56321708,3441.62494088,3441.67162117,3444.90543276
eth4h:row15832:1734782400,2024-12-21 12:00:00,3390.40000000,-0.01385933,0.04570750,-0.00208416,-0.03825512,-0.04489765,-0.00497302,-0.0001237834,0.0011822492,0.0003977070,-0.0001605471,-0.0001437989,0.0007797443,3389.98035089,3394.41066810,3391.74865407,3389.85572481,3389.91249938,3393.04467601
eth4h:row15833:1734796800,2024-12-21 16:00:00,3359.89000000,-0.01366803,0.04522193,-0.00144976,-0.03754037,-0.04336835,-0.00455200,-0.0001200582,0.0011727938,0.0004100606,-0.0001466289,-0.0001140189,0.0007879427,3359.48664194,3363.83276977,3361.26804115,3359.39737913,3359.50693077,3362.53844407
eth4h:row15834:1734811200,2024-12-21 20:00:00,3338.92000000,-0.01393667,0.04590447,-0.00062994,-0.03712369,-0.04137892,-0.00461962,-0.0001252893,0.0011860847,0.0004260248,-0.0001385149,-0.0000752792,0.0007866261,3338.50169517,3342.88259132,3340.34276578,3338.45754173,3338.66865826,3341.54751479
eth4h:row15835:1734825600,2024-12-22 00:00:00,3356.38000000,-0.01318371,0.04485760,-0.00044103,-0.03509894,-0.03964255,-0.00448171,-0.0001106271,0.0011656992,0.0004297034,-0.0000990872,-0.0000414671,0.0007893114,3356.00871381,3360.29481080,3357.82255784,3356.04744214,3356.24082359,3359.03027488
eth4h:row15836:1734840000,2024-12-22 04:00:00,3332.40000000,-0.01164156,0.04271073,-0.00052624,-0.03243947,-0.03797374,-0.00430639,-0.0000805971,0.0011238936,0.0004280441,-0.0000472998,-0.0000089706,0.0007927255,3332.13142910,3336.14736830,3333.82671943,3332.24238193,3332.37010651,3335.04272592
eth4h:row15837:1734854400,2024-12-22 08:00:00,3381.03000000,-0.01186717,0.04351405,0.00050202,-0.03226567,-0.03714869,-0.00298479,-0.0000849902,0.0011395365,0.0004480673,-0.0000439156,0.0000070954,0.0008184608,3380.74265771,3384.88500315,3382.54526831,3380.88152346,3381.05398991,3383.79837334
eth4h:row15838:1734868800,2024-12-22 12:00:00,3302.38000000,-0.00971706,0.04114992,0.00026198,-0.02916349,-0.03486285,-0.00267474,-0.0000431216,0.0010935002,0.0004433931,0.0000164928,0.0000516072,0.0008244983,3302.23759914,3305.99312832,3303.84457716,3302.43446583,3302.55043091,3305.10392963
eth4h:row15839:1734883200,2024-12-22 16:00:00,3247.14000000,-0.00858480,0.04000754,-0.00005123,-0.02851049,-0.03431819,-0.00229872,-0.0000210732,0.0010712548,0.0004372939,0.0000292085,0.0000622134,0.0008318206,3247.07157310,3250.62037806,3248.56026506,3247.23484549,3247.34202189,3249.84216160
eth4h:row15840:1734897600,2024-12-22 20:00:00,3281.83000000,-0.00859430,0.03914431,-0.00034342,-0.02774049,-0.03402055,-0.00264311,-0.0000212583,0.0010544453,0.0004316042,0.0000442026,0.0000680092,0.0008251142,3281.76023454,3285.29233545,3283.24675717,3281.97506876,3282.05320226,3284.53900208
eth4h:row15841:1734912000,2024-12-23 00:00:00,3351.00000000,-0.00978231,0.04063014,0.00007032,-0.02876715,-0.03392208,-0.00222790,-0.0000443923,0.0010833786,0.0004396608,0.0000242107,0.0000699266,0.0008331996,3350.85124487,3354.63236883,3352.47362730,3351.08113088,3351.23433236,3353.79321538
eth4h:row15842:1734926400,2024-12-23 04:00:00,3305.20000000,-0.00974004,0.04218004,-0.00048480,-0.03091976,-0.03360692,-0.00208105,-0.0000435690,0.0011135595,0.0004288512,-0.0000177067,0.0000760637,0.0008360592,3305.05599873,3308.88258690,3306.61774291,3305.14147628,3305.45141528,3307.96449840
eth4h:row15843:1734940800,2024-12-23 08:00:00,3339.54000000,-0.00983049,0.04257292,-0.00052458,-0.03212729,-0.03322155,-0.00173319,-0.0000453304,0.0011212101,0.0004280764,-0.0000412208,0.0000835680,0.0008428330,3339.38862087,3343.28642578,3340.96988441,3339.40234445,3339.81909039,3342.35586113
eth4h:row15844:1734955200,2024-12-23 12:00:00,3277.20000000,-0.00914554,0.04198486,-0.00066040,-0.03229487,-0.03324807,-0.00154872,-0.0000319925,0.0011097589,0.0004254317,-0.0000444840,0.0000830515,0.0008464252,3277.09515584,3280.83892063,3278.59452138,3277.05422030,3277.47218773,3279.97507886
eth4h:row15845:1734969600,2024-12-23 16:00:00,3338.21000000,-0.00776911,0.04083727,-0.00157671,-0.03136341,-0.03301159,-0.00236853,-0.0000051894,0.0010874119,0.0004075885,-0.0000263459,0.0000876565,0.0008304611,3338.19267673,3341.84198365,3339.57089349,3338.12205306,3338.50262856,3340.98340516
eth4h:row15846:1734984000,2024-12-23 20:00:00,3422.53000000,-0.00737485,0.04032928,-0.00203728,-0.03124556,-0.03395758,-0.00279494,0.0000024879,0.0010775201,0.0003986199,-0.0000240509,0.0000692355,0.0008221577,3422.53851478,3426.21983236,3423.89456050,3422.44768590,3422.76696864,3425.34501644
eth4h:row15847:1734998400,2024-12-24 00:00:00,3396.94000000,-0.00732593,0.03975225,-0.00223377,-0.03155674,-0.03514624,-0.00292273,0.0000034405,0.0010662836,0.0003947937,-0.0000301105,0.0000460888,0.0008196692,3396.95168713,3400.56403323,3398.28135541,3396.83771790,3397.09656438,3399.72550862
eth4h:row15848:1735012800,2024-12-24 04:00:00,3401.22000000,-0.00797109,0.03974349,-0.00176499,-0.03141594,-0.03541581,-0.00321217,-0.0000091226,0.0010661130,0.0004039221,-0.0000273687,0.0000408396,0.0008140331,3401.18897207,3404.84801843,3402.59410553,3401.12691421,3401.35890739,3403.98983304
eth4h:row15849:1735027200,2024-12-24 08:00:00,3414.56000000,-0.01060914,0.04232932,-0.00122645,-0.03391166,-0.03703374,-0.00382138,-0.0000604928,0.0011164664,0.0004144091,-0.0000759675,0.0000093338,0.0008021701,3414.35344996,3418.37437047,3415.97531795,3414.30061426,3414.59187088,3417.30015672
eth4h:row15850:1735041600,2024-12-24 12:00:00,3493.07000000,-0.01231362,0.04548527,0.00007277,-0.03689195,-0.03863019,-0.00264682,-0.0000936839,0.0011779217,0.0004397087,-0.0001340022,-0.0000217537,0.0008250420,3492.74277075,3497.18698707,3494.60627096,3492.60195213,3492.99401378,3495.95311855
eth4h:row15851:1735056000,2024-12-24 16:00:00,3465.52000000,-0.01244557,0.04626239,0.00024978,-0.03746764,-0.03890256,-0.00258781,-0.0000962534,0.0011930545,0.0004431554,-0.0001452126,-0.0000270573,0.0008261912,3465.18644803,3469.65702157,3467.05610441,3465.01679938,3465.42623350,3468.38436517
eth4h:row15852:1735070400,2024-12-24 20:00:00,3493.18000000,-0.01190533,0.04552994,0.00029612,-0.03623265,-0.03847698,-0.00279037,-0.0000857333,0.0011787916,0.0004440579,-0.0001211638,-0.0000187701,0.0008222468,3492.88053083,3497.30015910,3494.73151852,3492.75677879,3493.11443310,3496.05343720
eth4h:row15853:1735084800,2024-12-25 00:00:00,3478.23000000,-0.01233616,0.04652271,0.00058774,-0.03730613,-0.03896604,-0.00245440,-0.0000941230,0.0011981237,0.0004497366,-0.0001420675,-0.0000282935,0.0008287889,3477.90263407,3482.39984739,3479.79463915,3477.73589178,3478.13159023,3481.11391337
eth4h:row15854:1735099200,2024-12-25 04:00:00,3489.22000000,-0.01313630,0.04778207,0.00157304,-0.03820495,-0.03892044,-0.00168836,-0.0001097038,0.0012226470,0.0004689231,-0.0001595701,-0.0000274055,0.0008437059,3488.83724021,3493.48869332,3490.85655948,3488.66326922,3489.12437733,3492.16511761
eth4h:row15855:1735113600,2024-12-25 08:00:00,3471.04000000,-0.01283982,0.04698021,0.00158018,-0.03739003,-0.03857381,-0.00173362,-0.0001039306,0.0012070325,0.0004690622,-0.0001437014,-0.0000206557,0.0008428246,3470.67927132,3475.23218751,3472.66851563,3470.54124253,3470.96830412,3473.96671116
eth4h:row15856:1735128000,2024-12-25 12:00:00,3472.99000000,-0.01273111,0.04657970,0.00118643,-0.03725722,-0.03805030,-0.00204605,-0.0001018136,0.0011992333,0.0004613947,-0.0001411151,-0.0000104615,0.0008367407,3472.63642045,3477.15742372,3474.59278883,3472.49994313,3472.95366757,3475.89720811
eth4h:row15857:1735142400,2024-12-25 16:00:00,3481.21000000,-0.01278631,0.04667381,0.00095056,-0.03717443,-0.03786109,-0.00252244,-0.0001028887,0.0012010660,0.0004568016,-0.0001395030,-0.0000067769,0.0008274642,3480.85184142,3485.39367501,3482.80058559,3480.72439477,3481.18640817,3484.09176859
eth4h:row15858:1735156800,2024-12-25 20:00:00,3497.00000000,-0.01360652,0.04792059,0.00113794,-0.03816016,-0.03803254,-0.00243374,-0.0001188604,0.0012253444,0.0004604505,-0.0001586979,-0.0000101156,0.0008291912,3496.58437000,3501.28765569,3498.61056606,3496.44507762,3496.96462592,3499.90088426
eth4h:row15859:1735171200,2024-12-26 00:00:00,3455.71000000,-0.01226851,0.04620967,0.00047527,-0.03667146,-0.03713316,-0.00261191,-0.0000928056,0.0011920279,0.0004475464,-0.0001297086,0.0000073978,0.0008257218,3455.38930561,3459.83175881,3457.25693675,3455.26179365,3455.73556466,3458.56463361
eth4h:row15860:1735185600,2024-12-26 04:00:00,3422.00000000,-0.01170719,0.04535509,0.00008194,-0.03571246,-0.03722955,-0.00261965,-0.0000818750,0.0011753868,0.0004398871,-0.0001110343,0.0000055210,0.0008255711,3421.71983528,3426.02453819,3423.50562492,3421.62006173,3422.01889280,3424.82627077
eth4h:row15861:1735200000,2024-12-26 08:00:00,3373.28000000,-0.01108468,0.04449896,-0.00027561,-0.03515270,-0.03708977,-0.00260802,-0.0000697529,0.0011587154,0.0004329247,-0.0001001341,0.0000082427,0.0008257976,3373.04471205,3377.19093702,3374.74069242,3372.94223643,3373.30780519,3376.06679694
eth4h:row15862:1735214400,2024-12-26 12:00:00,3344.13000000,-0.01060030,0.04291774,-0.00135247,-0.03374436,-0.03702212,-0.00366637,-0.0000603207,0.0011279246,0.0004119551,-0.0000727098,0.0000095601,0.0008051884,3343.92828573,3347.90405440,3345.50791535,3343.88685786,3344.16197039,3346.82373900
eth4h:row15863:1735228800,2024-12-26 16:00:00,3339.75000000,-0.01145834,0.04245443,-0.00173319,-0.03337843,-0.03799421,-0.00447871,-0.0000770292,0.0011189027,0.0004045414,-0.0000655841,-0.0000093693,0.0007893699,3339.49275171,3343.48894654,3341.10134029,3339.53097257,3339.71870906,3342.38733887
eth4h:row15864:1735243200,2024-12-26 20:00:00,3335.05000000,-0.01386471,0.04512627,-0.00148519,-0.03612718,-0.03993488,-0.00424287,-0.0001238881,0.0011709309,0.0004093706,-0.0001191100,-0.0000471596,0.0007939624,3334.63685257,3338.95740041,3336.41555096,3334.65278599,3334.89272409,3337.69895567
eth4h:row15865:1735257600,2024-12-27 00:00:00,3379.40000000,-0.01425035,0.04541958,-0.00174714,-0.03676265,-0.04046879,-0.00442464,-0.0001313977,0.0011766426,0.0004042698,-0.0001314845,-0.0000575563,0.0007904228,3378.95598395,3383.37868628,3380.76646540,3378.95569063,3379.20549979,3382.07221064
eth4h:row15866:1735272000,2024-12-27 04:00:00,3326.02000000,-0.01458961,0.04597784,-0.00221502,-0.03773972,-0.04176656,-0.00461050,-0.0001380039,0.0011875134,0.0003951589,-0.0001505108,-0.0000828276,0.0007868035,3325.56102792,3329.97203956,3327.33456617,3325.51943584,3325.74452509,3328.63795395
eth4h:row15867:1735286400,2024-12-27 08:00:00,3419.27000000,-0.01448356,0.04582570,-0.00247602,-0.03806445,-0.04252172,-0.00465133,-0.0001359388,0.0011845508,0.0003900765,-0.0001568341,-0.0000975328,0.0007860084,3418.80522020,3423.32269897,3420.60403698,3418.73378388,3418.93652546,3421.95863158
eth4h:row15868:1735300800,2024-12-27 12:00:00,3326.32000000,-0.01485868,0.04650728,-0.00280451,-0.03927371,-0.04412598,-0.00500360,-0.0001432435,0.0011978231,0.0003836799,-0.0001803818,-0.0001287722,0.0007791489,3325.84356052,3330.30673020,3327.59648690,3325.72004646,3325.89168994,3328.91270839
eth4h:row15869:1735315200,2024-12-27 16:00:00,3355.00000000,-0.01539624,0.04771630,-0.00239381,-0.04093237,-0.04535855,-0.00465925,-0.0001537113,0.0012213662,0.0003916773,-0.0002126807,-0.0001527738,0.0007858544,3354.48433831,3359.10018694,3356.31433484,3354.28653213,3354.48748319,3357.63757762
eth4h:row15870:1735329600,2024-12-27 20:00:00,3333.51000000,-0.01501584,0.04727913,-0.00255564,-0.04100802,-0.04572050,-0.00496065,-0.0001463039,0.0012128532,0.0003885260,-0.0002141539,-0.0001598219,0.0007799851,3333.02233027,3337.55551119,3334.80540683,3332.79619233,3332.97727455,3336.11110252
eth4h:row15871:1735344000,2024-12-28 00:00:00,3345.51000000,-0.01577342,0.04787854,-0.00233742,-0.04163885,-0.04617844,-0.00540165,-0.0001610560,0.0012245255,0.0003927753,-0.0002264379,-0.0001687394,0.0007713976,3344.97122891,3349.60917166,3346.82429189,3344.75253567,3344.94552835,3348.09171407
eth4h:row15872:1735358400,2024-12-28 04:00:00,3335.53000000,-0.01637052,0.04819659,-0.00203412,-0.04200796,-0.04623986,-0.00555667,-0.0001726833,0.0012307189,0.0003986816,-0.0002336256,-0.0001699355,0.0007683790,3334.95405932,3339.63762687,3336.86007941,3334.75082582,3334.96322337,3338.09393611
eth4h:row15873:1735372800,2024-12-28 08:00:00,3359.23000000,-0.01693621,0.04861439,-0.00162391,-0.04217052,-0.04596380,-0.00561881,-0.0001836990,0.0012388546,0.0004066694,-0.0002367910,-0.0001645598,0.0007671689,3358.61296959,3363.39417641,3360.59637400,3358.43465860,3358.67725127,3361.80808541
eth4h:row15874:1735387200,2024-12-28 12:00:00,3368.38000000,-0.01666380,0.04885728,-0.00110300,-0.04189673,-0.04534087,-0.00545919,-0.0001783944,0.0012435843,0.0004168130,-0.0002314595,-0.0001524296,0.0007702771,3367.77915344,3372.57147029,3369.78427717,3367.60044668,3367.86659825,3370.97558561
eth4h:row15875:1735401600,2024-12-28 16:00:00,3400.87000000,-0.01638906,0.04879055,-0.00084468,-0.04125552,-0.04491464,-0.00536318,-0.0001730443,0.0012422850,0.0004218433,-0.0002189733,-0.0001441297,0.0007721468,3400.28154977,3405.09747499,3402.30493699,3400.12538187,3400.37986910,3403.49698506
eth4h:row15876:1735416000,2024-12-28 20:00:00,3404.00000000,-0.01547796,0.04838116,-0.00040982,-0.04024928,-0.04420201,-0.00469934,-0.0001553026,0.0012343129,0.0004303112,-0.0001993791,-0.0001302527,0.0007850737,3403.47139115,3408.20419520,3405.46509440,3403.32138116,3403.55664880,3406.67344004
eth4h:row15877:1735430400,2024-12-29 00:00:00,3382.98000000,-0.01488343,0.04796911,-0.00017505,-0.03963741,-0.04373021,-0.00441688,-0.0001437254,0.0012262892,0.0004348828,-0.0001874642,-0.0001210654,0.0007905739,3382.49381467,3387.13105641,3384.45151962,3382.34587168,3382.57046307,3385.65555331
eth4h:row15878:1735444800,2024-12-29 04:00:00,3407.61000000,-0.01433446,0.04731504,0.00020732,-0.03855241,-0.04255811,-0.00403816,-0.0001330354,0.0012135525,0.0004423286,-0.0001663362,-0.0000982413,0.0007979487,3407.15669753,3411.74782399,3409.11761681,3407.04323811,3407.27524827,3410.33018312
eth4h:row15879:1735459200,2024-12-29 08:00:00,3398.36000000,-0.01409028,0.04637424,-0.00009910,-0.03733767,-0.04176909,-0.00438279,-0.0001282807,0.0011952325,0.0004363619,-0.0001426818,-0.0000828769,0.0007912377,3397.92408407,3402.42425869,3399.84323839,3397.87515064,3398.07836596,3401.04997462
eth4h:row15880:1735473600,2024-12-29 12:00:00,3373.82000000,-0.01448120,0.04653610,0.00009296,-0.03768277,-0.04128022,-0.00404169,-0.0001358929,0.0011983843,0.0004401017,-0.0001494017,-0.0000733571,0.0007978799,3373.36155286,3377.86555650,3375.30515077,3373.31598304,3373.57251536,3376.51297748
eth4h:row15881:1735488000,2024-12-29 16:00:00,3362.60000000,-0.01450990,0.04691733,0.00031395,-0.03749309,-0.04026962,-0.00383611,-0.0001364518,0.0012058080,0.0004444051,-0.0001457082,-0.0000536779,0.0008018831,3362.14119849,3366.65709538,3364.09468854,3362.11007729,3362.41950743,3365.29749348
eth4h:row15882:1735502400,2024-12-29 20:00:00,3356.48000000,-0.01381606,0.04621688,-0.00006440,-0.03664922,-0.03892345,-0.00375514,-0.0001229407,0.0011921683,0.0004370375,-0.0001292757,-0.0000274642,0.0008034599,3356.06737734,3360.48387530,3357.94722838,3356.04611674,3356.38781836,3359.17788064
eth4h:row15883:1735516800,2024-12-30 00:00:00,3403.76000000,-0.01216196,0.04426876,-0.00078231,-0.03459376,-0.03784848,-0.00403007,-0.0000907306,0.0011542329,0.0004230577,-0.0000892499,-0.0000065314,0.0007981061,3403.45118876,3407.69100008,3405.20029149,3403.45622818,3403.73776859,3406.47764603
eth4h:row15884:1735531200,2024-12-30 04:00:00,3427.00000000,-0.01178825,0.04387266,-0.00098677,-0.03431084,-0.03777773,-0.00374060,-0.0000834535,0.0011465197,0.0004190764,-0.0000837408,-0.0000051537,0.0008037431,3426.71401680,3430.93137623,3428.43647594,3426.71303226,3426.98233821,3429.75553472
eth4h:row15885:1735545600,2024-12-30 08:00:00,3424.13000000,-0.01100652,0.04264954,-0.00159712,-0.03334047,-0.03770427,-0.00396809,-0.0000682310,0.0011227021,0.0004071910,-0.0000648448,-0.0000037232,0.0007993131,3423.89637617,3427.97643681,3425.52455889,3423.90797022,3424.11725130,3426.86804601
eth4h:row15886:1735560000,2024-12-30 12:00:00,3324.16000000,-0.01093277,0.04244644,-0.00186649,-0.03333412,-0.03826264,-0.00423491,-0.0000667950,0.0011187471,0.0004019457,-0.0000647212,-0.0000145964,0.0007941173,3323.93797030,3327.88097550,3325.49640023,3323.94486342,3324.11147967,3326.80082148
eth4h:row15887:1735574400,2024-12-30 16:00:00,3401.93000000,-0.01078275,0.04203398,-0.00222932,-0.03348897,-0.03855429,-0.00472259,-0.0000638735,0.0011107153,0.0003948804,-0.0000677366,-0.0000202755,0.0007846209,3401.71271361,3405.71067489,3403.27362059,3401.69957264,3401.86102473,3404.60027267
eth4h:row15888:1735588800,2024-12-30 20:00:00,3361.84000000,-0.01163100,0.04236422,-0.00237037,-0.03446768,-0.03960035,-0.00518662,-0.0000803914,0.0011171460,0.0003921338,-0.0000867948,-0.0000406453,0.0007755849,3361.56974799,3365.59776466,3363.15854950,3361.54822234,3361.70335968,3364.44840367
