{
    "OPEN": {
        "mean": 1.2071559053471042,
        "std": 0.11368636916898466
    },
    "LOW": {
        "mean": 1.2063299120800106,
        "std": 0.11375787475987223
    },
    "HIGH": {
        "mean": 1.2080208393254022,
        "std": 0.11359956820175407
    },
    "CLOSE": {
        "mean": 1.207158811609361,
        "std": 0.11368203617177669
    },
    "BC-BO": {
        "mean": 2.906262256506724e-06,
        "std": 0.001288231970788815
    },
    "BH-BL": {
        "mean": 0.0016909272453915197,
        "std": 0.001371381160879322
    },
    "BH-BO": {
        "mean": 0.000864933978297782,
        "std": 0.0010476609417266673
    },
    "BO-BL": {
        "mean": 0.0008259932670936996,
        "std": 0.0010061336635848225
    },
    "CLOSE_15m_tick_1": {
        "mean": 1.2072165459537194,
        "std": 0.11368736708044774
    },
    "CLOSE_15m_tick_2": {
        "mean": 1.2072199797359133,
        "std": 0.11368715193806972
    },
    "CLOSE_15m_tick_3": {
        "mean": 1.207200249379004,
        "std": 0.1136902490844245
    },
    "CLOSE_15m_tick_4": {
        "mean": 1.207216526996993,
        "std": 0.1136795087436864
    },
    "CLOSE_15m_tick_5": {
        "mean": 1.207214452542816,
        "std": 0.1136858945460377
    },
    "CLOSE_15m_tick_6": {
        "mean": 1.2072183733167734,
        "std": 0.11368376404576716
    },
    "CLOSE_15m_tick_7": {
        "mean": 1.2071971345927572,
        "std": 0.11368783264881092
    },
    "CLOSE_15m_tick_8": {
        "mean": 1.2072122584651588,
        "std": 0.11367633204560385
    },
    "CLOSE_30m_tick_1": {
        "mean": 1.2072270342528437,
        "std": 0.11368920296716241
    },
    "CLOSE_30m_tick_2": {
        "mean": 1.2072219672506208,
        "std": 0.11368342406242142
    },
    "CLOSE_30m_tick_3": {
        "mean": 1.2072223699176363,
        "std": 0.11368882730714934
    },
    "CLOSE_30m_tick_4": {
        "mean": 1.207217056477971,
        "std": 0.11368197701925571
    },
    "CLOSE_30m_tick_5": {
        "mean": 1.2072197506209963,
        "std": 0.11368565555015656
    },
    "CLOSE_30m_tick_6": {
        "mean": 1.2072155886390379,
        "std": 0.1136802059662289
    },
    "CLOSE_30m_tick_7": {
        "mean": 1.2072176222382012,
        "std": 0.11368329480299576
    },
    "CLOSE_30m_tick_8": {
        "mean": 1.2072117760491567,
        "std": 0.11367673325918888
    }
}