{
    "OPEN": {
        "mean": 1.3528538590011765,
        "std": 0.10981070740754552
    },
    "LOW": {
        "mean": 1.3516708824682966,
        "std": 0.10969642690845594
    },
    "HIGH": {
        "mean": 1.3540559596025628,
        "std": 0.10991375513204671
    },
    "CLOSE": {
        "mean": 1.3528541145901427,
        "std": 0.10980779267788848
    },
    "BC-BO": {
        "mean": 2.555889658780792e-07,
        "std": 0.0018081747005511877
    },
    "BH-BL": {
        "mean": 0.0023850771342658725,
        "std": 0.0018895447736102453
    },
    "BH-BO": {
        "mean": 0.0012021006013857604,
        "std": 0.001436716170626151
    },
    "BO-BL": {
        "mean": 0.0011829765328800722,
        "std": 0.001430160896703888
    },
    "CLOSE_15m_tick_1": {
        "mean": 1.352873979278337,
        "std": 0.10976486452711133
    },
    "CLOSE_15m_tick_2": {
        "mean": 1.352877928814224,
        "std": 0.10976847709713619
    },
    "CLOSE_15m_tick_3": {
        "mean": 1.3528617570924304,
        "std": 0.10976873418236474
    },
    "CLOSE_15m_tick_4": {
        "mean": 1.352852601320434,
        "std": 0.10976074261670211
    },
    "CLOSE_15m_tick_5": {
        "mean": 1.3528756690417048,
        "std": 0.10976368191435994
    },
    "CLOSE_15m_tick_6": {
        "mean": 1.3528787008105634,
        "std": 0.10976650156230823
    },
    "CLOSE_15m_tick_7": {
        "mean": 1.3528662181330893,
        "std": 0.10977059464068348
    },
    "CLOSE_15m_tick_8": {
        "mean": 1.3528591557719962,
        "std": 0.10976342889419649
    },
    "CLOSE_30m_tick_1": {
        "mean": 1.3528804490783108,
        "std": 0.10977596705518079
    },
    "CLOSE_30m_tick_2": {
        "mean": 1.3528581399529351,
        "std": 0.10977094884895261
    },
    "CLOSE_30m_tick_3": {
        "mean": 1.3528792881422411,
        "std": 0.10977302513361223
    },
    "CLOSE_30m_tick_4": {
        "mean": 1.3528528176885868,
        "std": 0.10976423753521056
    },
    "CLOSE_30m_tick_5": {
        "mean": 1.352878515492221,
        "std": 0.10976647450356199
    },
    "CLOSE_30m_tick_6": {
        "mean": 1.352854472806903,
        "std": 0.10976232351805534
    },
    "CLOSE_30m_tick_7": {
        "mean": 1.3528799424761406,
        "std": 0.10976548204983319
    },
    "CLOSE_30m_tick_8": {
        "mean": 1.3528609426068767,
        "std": 0.10976530842985978
    }
}