{
    "OPEN": {
        "min": 1.03553,
        "max": 1.60131
    },
    "HIGH": {
        "min": 1.03697,
        "max": 1.60384
    },
    "LOW": {
        "min": 1.03395,
        "max": 1.5992
    },
    "CLOSE": {
        "min": 1.03555,
        "max": 1.60139
    },
    "BC-BO": {
        "min": -0.02505,
        "max": 0.03022
    },
    "BH-BL": {
        "min": 0.0,
        "max": 0.0333000000000001
    },
    "BH-BO": {
        "min": 0.0,
        "max": 0.0316899999999999
    },
    "BO-BL": {
        "min": 0.0,
        "max": 0.0266599999999999
    },
    "day_of_month": {
        "min": 1,
        "max": 31
    },
    "hour_of_day": {
        "min": 0,
        "max": 23
    },
    "day_of_week": {
        "min": 0,
        "max": 6
    }
}