Metric,Average,Std Dev,Max,Min
Training MAE,0.41264879107475283,0.1409383134186213,0.5987239480018616,0.2632080018520355
Training R²,-114.39640350341797,72.12989258221803,-41.51395797729492,-210.6291046142578
Validation MAE,0.5587017416954041,0.15758454358757515,0.7619079351425171,0.36681506037712097
Validation R²,-32.6131103515625,17.20959901188596,-12.878097534179688,-55.207942962646484
