{
    "generation": 17,
    "population": [
        [
            1,
            7,
            68,
            0.0011642122202333866,
            1.439614239667805e-06,
            0.11609816521985816,
            46,
            73,
            1
        ],
        [
            1,
            7,
            68,
            0.0011642122202333866,
            1.439614239667805e-06,
            0.11609816521985816,
            46,
            73,
            1
        ],
        [
            1,
            7,
            68,
            0.0011642122202333866,
            1.439614239667805e-06,
            0.11609816521985816,
            46,
            73,
            1
        ],
        [
            1,
            7,
            68,
            0.0011642122202333866,
            1.439614239667805e-06,
            0.11609816521985816,
            46,
            73,
            1
        ],
        [
            1,
            7,
            68,
            0.0011642122202333866,
            1.439614239667805e-06,
            0.11609816521985816,
            46,
            73,
            1
        ],
        [
            1,
            7,
            68,
            0.0011642122202333866,
            1.439614239667805e-06,
            0.11609816521985816,
            46,
            73,
            1
        ],
        [
            1,
            7,
            68,
            0.0011642122202333866,
            1.439614239667805e-06,
            0.11609816521985816,
            46,
            73,
            1
        ],
        [
            1,
            7,
            68,
            0.0011642122202333866,
            1.439614239667805e-06,
            0.11609816521985816,
            46,
            73,
            1
        ],
        [
            1,
            7,
            68,
            0.0011642122202333866,
            1.439614239667805e-06,
            0.11609816521985816,
            46,
            73,
            1
        ],
        [
            1,
            7,
            68,
            0.0011642122202333866,
            1.439614239667805e-06,
            0.11609816521985816,
            46,
            73,
            1
        ],
        [
            1,
            7,
            68,
            0.0011642122202333866,
            1.439614239667805e-06,
            0.11609816521985816,
            46,
            73,
            1
        ],
        [
            1,
            7,
            68,
            0.0011642122202333866,
            1.439614239667805e-06,
            0.11609816521985816,
            46,
            73,
            1
        ],
        [
            1,
            7,
            68,
            0.0011642122202333866,
            1.439614239667805e-06,
            0.11609816521985816,
            46,
            73,
            1
        ],
        [
            1,
            7,
            68,
            0.0011642122202333866,
            1.439614239667805e-06,
            0.11609816521985816,
            46,
            73,
            1
        ],
        [
            1,
            7,
            68,
            0.0011642122202333866,
            1.439614239667805e-06,
            0.11609816521985816,
            46,
            73,
            1
        ],
        [
            1,
            7,
            68,
            0.0011642122202333866,
            1.439614239667805e-06,
            0.11609816521985816,
            46,
            73,
            1
        ],
        [
            1,
            7,
            68,
            0.0011642122202333866,
            1.439614239667805e-06,
            0.11609816521985816,
            46,
            73,
            1
        ],
        [
            1,
            7,
            68,
            0.0011642122202333866,
            1.439614239667805e-06,
            0.11609816521985816,
            46,
            73,
            1
        ],
        [
            1,
            3,
            68,
            0.0011642122202333866,
            1e-06,
            0.11609816521985816,
            46,
            73,
            0
        ],
        [
            1,
            7,
            68,
            0.0011642122202333866,
            1.439614239667805e-06,
            0.11609816521985816,
            46,
            73,
            1
        ]
    ]
}