{
    "generation": 14,
    "population": [
        [
            0.002924350201767899,
            53,
            61,
            2,
            3,
            2,
            2.4669659594391516e-06,
            1
        ],
        [
            0.002924350201767899,
            53,
            61,
            2,
            3,
            2,
            2.4669659594391516e-06,
            1
        ],
        [
            0.002924350201767899,
            53,
            61,
            2,
            3,
            2,
            2.4669659594391516e-06,
            1
        ],
        [
            0.002924350201767899,
            53,
            61,
            2,
            3,
            2,
            2.4669659594391516e-06,
            1
        ],
        [
            0.002924350201767899,
            53,
            61,
            2,
            3,
            2,
            2.4669659594391516e-06,
            1
        ],
        [
            0.002924350201767899,
            53,
            61,
            2,
            3,
            2,
            2.4669659594391516e-06,
            1
        ],
        [
            0.002924350201767899,
            53,
            61,
            2,
            3,
            2,
            2.4669659594391516e-06,
            1
        ],
        [
            0.002924350201767899,
            53,
            61,
            2,
            3,
            2,
            2.4669659594391516e-06,
            1
        ],
        [
            0.002924350201767899,
            53,
            61,
            2,
            3,
            2,
            2.4669659594391516e-06,
            1
        ],
        [
            0.002924350201767899,
            53,
            61,
            2,
            3,
            2,
            2.4669659594391516e-06,
            1
        ],
        [
            0.002924350201767899,
            53,
            61,
            2,
            3,
            2,
            2.4669659594391516e-06,
            1
        ],
        [
            0.002924350201767899,
            53,
            61,
            2,
            3,
            2,
            2.4669659594391516e-06,
            1
        ],
        [
            0.002924350201767899,
            53,
            61,
            2,
            3,
            2,
            2.4669659594391516e-06,
            1
        ],
        [
            0.002924350201767899,
            53,
            61,
            2,
            3,
            2,
            2.4669659594391516e-06,
            1
        ],
        [
            0.003998243904086967,
            53,
            61,
            2,
            3,
            2,
            2.4669659594391516e-06,
            1
        ],
        [
            0.002924350201767899,
            53,
            61,
            2,
            3,
            2,
            2.4669659594391516e-06,
            1
        ],
        [
            0.002924350201767899,
            53,
            61,
            2,
            3,
            2,
            2.4669659594391516e-06,
            1
        ],
        [
            0.002924350201767899,
            53,
            61,
            2,
            3,
            2,
            2.4669659594391516e-06,
            1
        ],
        [
            0.002924350201767899,
            53,
            61,
            2,
            3,
            2,
            2.4669659594391516e-06,
            1
        ],
        [
            0.002924350201767899,
            53,
            61,
            2,
            3,
            2,
            2.4669659594391516e-06,
            1
        ]
    ]
}