Metric,Average,Std Dev,Max,Min
Training MAE,0.16131834760308267,0.08257165006268184,0.30025777220726013,0.05557446554303169
Training R²,-12.829212427139282,12.023509640472072,-0.4225270748138428,-34.34443283081055
Validation MAE,0.18006532937288283,0.08404921206480065,0.3226528465747833,0.07357176393270493
Validation R²,-3.322763538360596,3.486259527177825,0.3385394811630249,-9.539258003234863
