{
    "generation": 9,
    "population": [
        [
            0.008298208236804177,
            85,
            237,
            67,
            1,
            1.3563031621631261e-06,
            0
        ],
        [
            0.008298208236804177,
            85,
            237,
            67,
            1,
            1.3563031621631261e-06,
            0
        ],
        [
            0.008298208236804177,
            85,
            237,
            67,
            1,
            1.3563031621631261e-06,
            0
        ],
        [
            0.008298208236804177,
            85,
            237,
            67,
            1,
            1.3563031621631261e-06,
            0
        ],
        [
            0.008298208236804177,
            85,
            237,
            67,
            1,
            1.3563031621631261e-06,
            0
        ],
        [
            0.008298208236804177,
            85,
            237,
            67,
            1,
            1.3563031621631261e-06,
            0
        ],
        [
            0.008298208236804177,
            85,
            237,
            67,
            1,
            1.3563031621631261e-06,
            0
        ],
        [
            0.008298208236804177,
            85,
            237,
            67,
            1,
            1.3563031621631261e-06,
            0
        ],
        [
            0.008298208236804177,
            85,
            237,
            104,
            1,
            1.3563031621631261e-06,
            0
        ],
        [
            0.008298208236804177,
            85,
            237,
            67,
            1,
            1.3563031621631261e-06,
            0
        ],
        [
            0.006463890905195584,
            96,
            237,
            104,
            3,
            9.608648059856165e-06,
            0
        ],
        [
            0.008298208236804177,
            85,
            237,
            67,
            1,
            1.3563031621631261e-06,
            0
        ],
        [
            0.008298208236804177,
            85,
            237,
            67,
            1,
            1.3563031621631261e-06,
            0
        ],
        [
            0.008298208236804177,
            85,
            237,
            67,
            1,
            1.3563031621631261e-06,
            0
        ],
        [
            0.008298208236804177,
            85,
            237,
            67,
            1,
            1.3563031621631261e-06,
            0
        ],
        [
            0.008298208236804177,
            85,
            237,
            67,
            1,
            1.3563031621631261e-06,
            0
        ],
        [
            0.008298208236804177,
            85,
            237,
            67,
            1,
            1.3563031621631261e-06,
            0
        ],
        [
            0.008298208236804177,
            85,
            237,
            67,
            1,
            1.3563031621631261e-06,
            0
        ],
        [
            0.008298208236804177,
            85,
            237,
            67,
            1,
            1.3563031621631261e-06,
            0
        ],
        [
            0.008298208236804177,
            85,
            237,
            67,
            1,
            1.3563031621631261e-06,
            0
        ]
    ]
}