Metric,Average,Std Dev,Max,Min
Training MAE,0.006136106699705124,0.0015169190459994085,0.009020118974149227,0.004926771391183138
Training R²,0.9759611010551452,0.010986507626478473,0.9849002957344055,0.9554407596588135
Validation MAE,0.01756661105901003,0.0048000322266038425,0.025050221011042595,0.011486918665468693
Validation R²,0.9355549573898315,0.03343167797136711,0.9748878479003906,0.8778307437896729
