Metric,Average,Std Dev,Max,Min
Training MAE,0.038525167976816495,0.023746377456491573,0.08290914446115494,0.0191668514162302
Training R²,-0.06614306171735128,1.1556500069635978,0.7941479086875916,-2.666229009628296
Validation MAE,0.08089105238517126,0.06049219720229322,0.22144867479801178,0.034124333411455154
Validation R²,-0.310689373811086,1.609164192580912,0.8221235871315002,-4.674983978271484
