Metric,Average,Std Dev,Max,Min
Training MAE,0.020833255723118782,0.0019976774079030514,0.024506354704499245,0.018904978409409523
Training R²,0.6775084376335144,0.05665752296633051,0.7391393184661865,0.575596809387207
Validation MAE,0.04247012212872505,0.003264550519620433,0.046934451907873154,0.03698994219303131
Validation R²,0.7373905897140502,0.03377436971671104,0.7933771014213562,0.6908049583435059
