Metric,Average,Std Dev,Max,Min
Training MAE,0.003513556734348337,0.0006847929182460656,0.005058715585619211,0.0025668928865343332
Training R²,0.9962363084157307,0.001238266855591117,0.9978494644165039,0.9933378100395203
Validation MAE,0.028718604644139608,0.010468683751753865,0.048758696764707565,0.01476631872355938
Validation R²,0.7799718161424001,0.1592904401085833,0.9530208706855774,0.4252406060695648
