{
  "generation": 3,
  "population": [
    [
      2,
      17,
      28,
      1,
      1,
      1,
      31,
      32,
      0.001,
      1,
      22,
      1e-05,
      0.03,
      1e-08,
      80,
      0.001,
      20
    ],
    [
      2,
      17,
      28,
      1,
      1,
      1,
      31,
      32,
      0.001,
      1,
      22,
      1e-05,
      0.03,
      1e-08,
      80,
      0.001,
      20
    ],
    [
      2,
      17,
      28,
      1,
      1,
      1,
      31,
      32,
      0.001,
      1,
      22,
      1e-05,
      0.03,
      1e-08,
      80,
      0.001,
      20
    ],
    [
      2,
      17,
      28,
      1,
      1,
      1,
      31,
      32,
      0.001,
      1,
      22,
      1e-05,
      0.03,
      1e-08,
      80,
      0.001,
      20
    ],
    [
      2,
      17,
      28,
      1,
      1,
      1,
      31,
      32,
      0.001,
      1,
      22,
      1e-05,
      0.03,
      1e-08,
      80,
      0.001,
      20
    ],
    [
      2,
      17,
      28,
      1,
      1,
      1,
      31,
      32,
      0.001,
      1,
      22,
      1e-05,
      0.03,
      1e-08,
      80,
      0.001,
      20
    ],
    [
      2,
      17,
      28,
      1,
      1,
      1,
      31,
      32,
      0.001,
      1,
      22,
      1e-05,
      0.03,
      1e-08,
      80,
      0.001,
      20
    ],
    [
      2,
      17,
      28,
      1,
      1,
      1,
      31,
      32,
      0.001,
      1,
      22,
      1e-05,
      0.03,
      1e-08,
      80,
      0.001,
      20
    ],
    [
      2,
      17,
      28,
      1,
      1,
      1,
      31,
      32,
      0.0009109840388469772,
      1,
      22,
      1e-05,
      0.03,
      2.771774105377559e-08,
      80,
      0.001,
      36
    ],
    [
      2,
      17,
      28,
      1,
      1,
      1,
      31,
      32,
      0.001,
      1,
      22,
      1e-05,
      0.03,
      1e-08,
      80,
      0.001,
      20
    ],
    [
      1,
      26,
      28,
      1,
      1,
      1,
      31,
      32,
      0.001,
      1,
      22,
      0.00013490088524348835,
      0.03,
      1e-08,
      80,
      1e-05,
      21
    ],
    [
      2,
      17,
      28,
      1,
      1,
      1,
      31,
      32,
      0.001,
      1,
      22,
      1e-05,
      0.03,
      1e-08,
      80,
      0.001,
      20
    ],
    [
      2,
      17,
      28,
      1,
      1,
      1,
      31,
      32,
      0.001,
      1,
      22,
      1e-05,
      0.03,
      1e-08,
      80,
      0.001,
      20
    ],
    [
      2,
      17,
      28,
      1,
      1,
      1,
      31,
      32,
      0.001,
      1,
      22,
      1e-05,
      0.03,
      1e-08,
      80,
      0.001,
      20
    ],
    [
      2,
      17,
      28,
      1,
      1,
      1,
      31,
      32,
      0.0009109840388469772,
      1,
      22,
      1e-05,
      0.03,
      2.771774105377559e-08,
      80,
      0.001,
      36
    ],
    [
      2,
      17,
      28,
      1,
      1,
      1,
      31,
      32,
      0.001,
      1,
      22,
      1e-05,
      0.03,
      1e-08,
      80,
      0.001,
      20
    ],
    [
      2,
      17,
      28,
      1,
      1,
      1,
      31,
      32,
      0.001,
      1,
      22,
      1e-05,
      0.03,
      1e-08,
      80,
      0.001,
      20
    ],
    [
      2,
      17,
      28,
      1,
      1,
      1,
      31,
      32,
      0.001,
      1,
      22,
      1e-05,
      0.03,
      1e-08,
      80,
      0.001,
      20
    ],
    [
      2,
      17,
      24,
      1,
      1,
      1,
      31,
      32,
      0.001,
      1,
      22,
      1e-05,
      0.03,
      1e-08,
      38,
      0.01359431113115413,
      20
    ],
    [
      2,
      20,
      28,
      1,
      0,
      1,
      31,
      32,
      0.001,
      1,
      22,
      1e-05,
      0.03,
      1e-08,
      94,
      0.001,
      20
    ]
  ],
  "genome_size": 17,
  "active_parameters": [
    "encoder_conv_layers",
    "encoder_base_filters",
    "encoder_lstm_units",
    "use_log1p_features",
    "positional_encoding",
    "horizon_attn_heads",
    "horizon_attn_key_dim",
    "horizon_embedding_dim",
    "learning_rate",
    "activation",
    "batch_size",
    "l2_reg",
    "decoder_dropout",
    "min_delta",
    "early_patience",
    "kl_weight",
    "kl_anneal_epochs"
  ],
  "current_stage": 5,
  "meta_mode": true
}