Metric,Average,Std Dev,Max,Min
Training MAE,0.02047878913581371,0.0011060503361065104,0.02185596153140068,0.0190951656550169
Training R²,0.7698858976364136,0.02032049227540808,0.7952854037284851,0.7439971566200256
Validation MAE,0.042065661400556564,0.0038712618026168107,0.04813609644770622,0.036903705447912216
Validation R²,0.7343952298164368,0.04227243709416205,0.7900100350379944,0.6671962738037109
