{
    "generation": 25,
    "population": [
        [
            0.01,
            89,
            128,
            4,
            0.015405258742119664,
            0
        ],
        [
            0.01,
            89,
            128,
            4,
            0.015405258742119664,
            0
        ],
        [
            0.01,
            89,
            128,
            4,
            0.015405258742119664,
            0
        ],
        [
            0.01,
            89,
            128,
            4,
            0.015405258742119664,
            0
        ],
        [
            0.01,
            89,
            128,
            4,
            0.015405258742119664,
            0
        ],
        [
            0.01,
            89,
            128,
            4,
            0.015405258742119664,
            0
        ],
        [
            0.01,
            89,
            128,
            3,
            0.015405258742119664,
            0
        ],
        [
            0.01,
            89,
            128,
            4,
            0.015405258742119664,
            0
        ],
        [
            0.01,
            89,
            128,
            4,
            0.015405258742119664,
            0
        ],
        [
            0.00996121702454687,
            89,
            128,
            4,
            0.015405258742119664,
            0
        ],
        [
            0.01,
            89,
            128,
            2,
            0.015405258742119664,
            0
        ],
        [
            0.01,
            89,
            128,
            4,
            0.015405258742119664,
            0
        ],
        [
            0.01,
            89,
            128,
            4,
            0.015405258742119664,
            0
        ],
        [
            0.01,
            89,
            128,
            4,
            0.015405258742119664,
            0
        ],
        [
            0.01,
            89,
            128,
            4,
            0.015405258742119664,
            0
        ],
        [
            0.01,
            89,
            128,
            4,
            0.015405258742119664,
            0
        ],
        [
            0.01,
            89,
            128,
            4,
            0.015405258742119664,
            0
        ],
        [
            0.01,
            89,
            128,
            4,
            0.015405258742119664,
            0
        ],
        [
            0.01,
            89,
            128,
            4,
            0.015405258742119664,
            0
        ],
        [
            0.01,
            89,
            128,
            4,
            0.015405258742119664,
            0
        ]
    ]
}