{
    "generation": 15,
    "population": [
        [
            0.0169323659190439,
            4.175957867050099,
            7.8350801069426845,
            4.3271070996656436,
            34,
            1
        ],
        [
            0.0169323659190439,
            4.175957867050099,
            7.8350801069426845,
            3.518358492789602,
            34,
            1
        ],
        [
            0.0169323659190439,
            4.175957867050099,
            7.8350801069426845,
            4.3271070996656436,
            34,
            1
        ],
        [
            0.0169323659190439,
            4.175957867050099,
            7.8350801069426845,
            4.623404548964773,
            34,
            1
        ],
        [
            0.0169323659190439,
            4.175957867050099,
            7.8350801069426845,
            3.518358492789602,
            34,
            1
        ],
        [
            0.0169323659190439,
            4.175957867050099,
            7.8350801069426845,
            4.3271070996656436,
            34,
            1
        ],
        [
            0.0169323659190439,
            4.175957867050099,
            7.8350801069426845,
            5.432153155840814,
            34,
            1
        ],
        [
            0.0169323659190439,
            4.175957867050099,
            7.8350801069426845,
            3.518358492789602,
            34,
            1
        ],
        [
            0.0169323659190439,
            4.175957867050099,
            7.8350801069426845,
            4.623404548964773,
            34,
            1
        ],
        [
            0.0169323659190439,
            4.175957867050099,
            7.8350801069426845,
            4.3271070996656436,
            34,
            1
        ],
        [
            0.001,
            4.175957867050099,
            7.8350801069426845,
            3.518358492789602,
            34,
            1
        ],
        [
            0.0169323659190439,
            4.175957867050099,
            7.8350801069426845,
            5.728450605139944,
            34,
            1
        ],
        [
            0.0169323659190439,
            4.175957867050099,
            7.8350801069426845,
            4.3271070996656436,
            34,
            1
        ],
        [
            0.0169323659190439,
            4.175957867050099,
            7.8350801069426845,
            5.4321531558408145,
            34,
            1
        ],
        [
            0.0169323659190439,
            4.175957867050099,
            7.8350801069426845,
            3.518358492789602,
            34,
            1
        ],
        [
            0.0169323659190439,
            4.175957867050099,
            7.8350801069426845,
            3.518358492789602,
            34,
            1
        ],
        [
            0.0169323659190439,
            4.175957867050099,
            7.8350801069426845,
            4.3271070996656436,
            34,
            1
        ],
        [
            0.0169323659190439,
            4.175957867050099,
            7.8350801069426845,
            3.518358492789602,
            34,
            1
        ],
        [
            0.0169323659190439,
            4.175957867050099,
            7.8350801069426845,
            5.728450605139944,
            34,
            1
        ],
        [
            0.0169323659190439,
            4.175957867050099,
            7.8350801069426845,
            3.518358492789602,
            34,
            1
        ]
    ]
}