Metric,Average,Std Dev,Max,Min
Training MAE,0.020283912867307664,0.000864086427546036,0.021880047395825386,0.01955324225127697
Training R²,0.8869391322135926,0.008614828930469413,0.8947874903678894,0.8712233901023865
Validation MAE,0.04955117255449295,0.004427242253548718,0.058023400604724884,0.04621315002441406
Validation R²,0.6536819696426391,0.055512141804942405,0.6930996775627136,0.5471816062927246
