{
    "generation": 19,
    "population": [
        [
            0.0017730294192668953,
            70,
            21,
            0.20154683397210202,
            0.0004993706248367463,
            1,
            0
        ],
        [
            0.0017730294192668953,
            70,
            21,
            0.20154683397210202,
            0.0004993706248367463,
            1,
            0
        ],
        [
            0.0017730294192668953,
            70,
            21,
            0.20154683397210202,
            0.0004993706248367463,
            1,
            0
        ],
        [
            0.0017730294192668953,
            70,
            21,
            0.20154683397210202,
            0.0004993706248367463,
            1,
            0
        ],
        [
            0.0017730294192668953,
            70,
            21,
            0.20154683397210202,
            0.0004993706248367463,
            1,
            0
        ],
        [
            0.0017730294192668953,
            70,
            21,
            0.20154683397210202,
            0.0004993706248367463,
            1,
            0
        ],
        [
            0.0017730294192668953,
            70,
            21,
            0.20154683397210202,
            0.0004993706248367463,
            1,
            0
        ],
        [
            0.0017730294192668953,
            70,
            21,
            0.20154683397210202,
            0.0004993706248367463,
            1,
            0
        ],
        [
            0.0017730294192668953,
            70,
            21,
            0.3,
            0.0004993706248367463,
            1,
            0
        ],
        [
            0.0017730294192668953,
            70,
            21,
            0.20154683397210202,
            0.0004993706248367463,
            1,
            0
        ],
        [
            0.0017730294192668953,
            70,
            21,
            0.2768137877753894,
            0.0004993706248367463,
            1,
            0
        ],
        [
            0.0011079629124342268,
            70,
            21,
            0.2768137877753894,
            0.0004993706248367463,
            1,
            0
        ],
        [
            0.0017730294192668953,
            70,
            21,
            0.20154683397210202,
            0.0004993706248367463,
            1,
            0
        ],
        [
            0.0011079629124342268,
            70,
            21,
            0.2258335789233345,
            0.0004993706248367463,
            1,
            0
        ],
        [
            0.0017730294192668953,
            70,
            21,
            0.20154683397210202,
            0.0004993706248367463,
            1,
            0
        ],
        [
            0.0017730294192668953,
            70,
            21,
            0.20154683397210202,
            0.0004993706248367463,
            1,
            0
        ],
        [
            0.0017730294192668953,
            70,
            21,
            0.17726008902086954,
            0.0004993706248367463,
            1,
            0
        ],
        [
            0.0017730294192668953,
            70,
            21,
            0.20154683397210202,
            0.0004993706248367463,
            1,
            0
        ],
        [
            0.0017730294192668953,
            70,
            21,
            0.20154683397210202,
            0.0004993706248367463,
            1,
            0
        ],
        [
            0.0017730294192668953,
            70,
            21,
            0.20154683397210202,
            0.0004993706248367463,
            1,
            0
        ]
    ]
}