Metric,Average,Std Dev,Max,Min
Training MAE,0.07133938223123551,0.01897396511934147,0.11667648702859879,0.042337678372859955
Training R²,-1.998551241432627,1.5120624668328158,0.03102187253534794,-6.01426362991333
Validation MAE,0.12766163150469462,0.020797957703289082,0.16215944290161133,0.09474603831768036
Validation R²,-1.2755187998215358,0.7012977785829599,-0.244013711810112,-2.5714821815490723
