{
    "total_time_elapsed": 36984.69929385185,
    "average_time_per_epoch": 4807.195173895877,
    "candidates_evaluated_so_far": 307,
    "champion_fitness": -7.875403389334679e-05,
    "champion_validation_mae": 0.008799349889159203,
    "champion_validation_naive_mae": 0.00869325827807188,
    "champion_test_mae": 0.005596942268311977,
    "champion_test_naive_mae": 0.005672350060194731,
    "champion_train_mae": 0.00935561116784811,
    "champion_train_naive_mae": 0.009619210846722126,
    "average_fitness_per_epoch": [
        0.0011106234509497882,
        0.0004675443284213543,
        0.0007130815414711833,
        -8.614477701485157e-06,
        0.00011718131136149169,
        0.00011718131136149169,
        0.00011718131136149169,
        0.00011718131136149169,
        -3.397045657038689e-06,
        1.4446559362113476e-05,
        -4.238495603203774e-06,
        -2.1601235494017602e-05,
        -2.986935433000326e-05,
        1.2394273653626442e-05,
        -7.857521995902062e-06,
        0.00025806671474128964,
        0.00021615703590214253,
        0.00038189955521374943,
        0.00034033777192234995,
        0.0002269774442538619,
        0.00013511632569134234,
        0.00013511632569134234,
        0.00013511632569134234
    ],
    "champion_fitness_per_epoch": [
        -1.715589314699173e-05,
        -1.715589314699173e-05,
        -1.715589314699173e-05,
        -1.715589314699173e-05,
        -1.715589314699173e-05,
        -1.715589314699173e-05,
        -1.715589314699173e-05,
        -1.715589314699173e-05,
        -4.5645516365766525e-05,
        -4.5645516365766525e-05,
        -7.875403389334679e-05,
        -7.875403389334679e-05,
        -7.875403389334679e-05,
        -7.875403389334679e-05,
        -7.875403389334679e-05,
        -7.875403389334679e-05,
        -7.875403389334679e-05,
        -7.875403389334679e-05,
        -7.875403389334679e-05,
        -7.875403389334679e-05,
        -7.875403389334679e-05,
        -7.875403389334679e-05,
        -7.875403389334679e-05
    ],
    "champion_validation_mae_per_epoch": [
        0.00878747459501028,
        0.00878747459501028,
        0.00878747459501028,
        0.00878747459501028,
        0.00878747459501028,
        0.00878747459501028,
        0.00878747459501028,
        0.00878747459501028,
        0.008603060618042946,
        0.008603060618042946,
        0.008799349889159203,
        0.008799349889159203,
        0.008799349889159203,
        0.008799349889159203,
        0.008799349889159203,
        0.008799349889159203,
        0.008799349889159203,
        0.008799349889159203,
        0.008799349889159203,
        0.008799349889159203,
        0.008799349889159203,
        0.008799349889159203,
        0.008799349889159203
    ],
    "best_fitness_per_epoch": [
        -1.715589314699173e-05,
        -1.715589314699173e-05,
        -1.715589314699173e-05,
        -1.715589314699173e-05,
        -1.715589314699173e-05,
        -1.715589314699173e-05,
        -1.715589314699173e-05,
        -1.715589314699173e-05,
        -4.5645516365766525e-05,
        -4.5645516365766525e-05,
        -7.875403389334679e-05,
        -7.875403389334679e-05,
        -7.875403389334679e-05,
        -7.875403389334679e-05,
        -7.875403389334679e-05,
        -7.875403389334679e-05,
        -7.875403389334679e-05,
        -7.875403389334679e-05,
        -7.875403389334679e-05,
        -7.875403389334679e-05,
        -7.875403389334679e-05,
        -7.875403389334679e-05,
        -7.875403389334679e-05
    ],
    "best_validation_mae_per_epoch": [
        0.00878747459501028,
        0.00878747459501028,
        0.00878747459501028,
        0.00878747459501028,
        0.00878747459501028,
        0.00878747459501028,
        0.00878747459501028,
        0.00878747459501028,
        0.008603060618042946,
        0.008603060618042946,
        0.008799349889159203,
        0.008799349889159203,
        0.008799349889159203,
        0.008799349889159203,
        0.008799349889159203,
        0.008799349889159203,
        0.008799349889159203,
        0.008799349889159203,
        0.008799349889159203,
        0.008799349889159203,
        0.008799349889159203,
        0.008799349889159203,
        0.008799349889159203
    ],
    "history": [
        {
            "generation": 0,
            "duration": 2255.541608810425,
            "avg_fitness": 0.0011106234509497882,
            "best_validation_mae_gen": 0.00878747459501028,
            "best_fitness_gen": -1.715589314699173e-05,
            "champion_fitness_global": -1.715589314699173e-05,
            "champion_validation_mae_global": 0.00878747459501028,
            "best_validation_naive_mae_gen": 0.00869325827807188,
            "champion_validation_naive_mae_global": 0.00869325827807188
        },
        {
            "generation": 1,
            "duration": 2551.552103281021,
            "avg_fitness": 0.0004675443284213543,
            "best_validation_mae_gen": 0.00878747459501028,
            "best_fitness_gen": -1.715589314699173e-05,
            "champion_fitness_global": -1.715589314699173e-05,
            "champion_validation_mae_global": 0.00878747459501028,
            "best_validation_naive_mae_gen": 0.00869325827807188,
            "champion_validation_naive_mae_global": 0.00869325827807188
        },
        {
            "generation": 2,
            "duration": 3107.1708841323853,
            "avg_fitness": 0.0007130815414711833,
            "best_validation_mae_gen": 0.00878747459501028,
            "best_fitness_gen": -1.715589314699173e-05,
            "champion_fitness_global": -1.715589314699173e-05,
            "champion_validation_mae_global": 0.00878747459501028,
            "best_validation_naive_mae_gen": 0.00869325827807188,
            "champion_validation_naive_mae_global": 0.00869325827807188
        },
        {
            "generation": 3,
            "duration": 4649.151837587357,
            "avg_fitness": -8.614477701485157e-06,
            "best_validation_mae_gen": 0.00878747459501028,
            "best_fitness_gen": -1.715589314699173e-05,
            "champion_fitness_global": -1.715589314699173e-05,
            "champion_validation_mae_global": 0.00878747459501028,
            "best_validation_naive_mae_gen": 0.00869325827807188,
            "champion_validation_naive_mae_global": 0.00869325827807188
        },
        {
            "generation": 0,
            "duration": 6499.687111854553,
            "avg_fitness": 0.00011718131136149169,
            "best_validation_mae_gen": 0.00878747459501028,
            "best_fitness_gen": -1.715589314699173e-05,
            "champion_fitness_global": -1.715589314699173e-05,
            "champion_validation_mae_global": 0.00878747459501028,
            "best_validation_naive_mae_gen": 0.00869325827807188,
            "champion_validation_naive_mae_global": 0.00869325827807188
        },
        {
            "generation": 1,
            "duration": 6488.407454967499,
            "avg_fitness": 0.00011718131136149169,
            "best_validation_mae_gen": 0.00878747459501028,
            "best_fitness_gen": -1.715589314699173e-05,
            "champion_fitness_global": -1.715589314699173e-05,
            "champion_validation_mae_global": 0.00878747459501028,
            "best_validation_naive_mae_gen": 0.00869325827807188,
            "champion_validation_naive_mae_global": 0.00869325827807188
        },
        {
            "generation": 2,
            "duration": 6483.980610370636,
            "avg_fitness": 0.00011718131136149169,
            "best_validation_mae_gen": 0.00878747459501028,
            "best_fitness_gen": -1.715589314699173e-05,
            "champion_fitness_global": -1.715589314699173e-05,
            "champion_validation_mae_global": 0.00878747459501028,
            "best_validation_naive_mae_gen": 0.00869325827807188,