{
    "total_time_elapsed": 5178.02907705307,
    "average_time_per_epoch": 833.6606653183699,
    "candidates_evaluated_so_far": 126,
    "champion_fitness": 0.0018578160088509321,
    "champion_validation_mae": 0.006652883253991604,
    "champion_validation_naive_mae": 0.003874493297189474,
    "champion_test_mae": 0.04322429746389389,
    "champion_test_naive_mae": 0.003033747198060155,
    "champion_train_mae": 0.005641489289700985,
    "champion_train_naive_mae": 0.0047042472288012505,
    "average_fitness_per_epoch": [
        0.017738301469944418,
        0.0071811241330578925,
        0.004742692853324115,
        0.004506980185396969,
        0.002111736824735999,
        0.001984776416793466,
        0.001921296212822199,
        0.0018578160088509321,
        0.0018578160088509321,
        0.0018578160088509321,
        0.0018578160088509321,
        0.0018578160088509321,
        0.0018578160088509321,
        0.0018578160088509321,
        0.0018578160088509321,
        0.0018578160088509321
    ],
    "champion_fitness_per_epoch": [
        0.0037749451585114002,
        0.0037749451585114002,
        0.0037749451585114002,
        0.0037749451585114002,
        0.0018578160088509321,
        0.0018578160088509321,
        0.0018578160088509321,
        0.0018578160088509321,
        0.0018578160088509321,
        0.0018578160088509321,
        0.0018578160088509321,
        0.0018578160088509321,
        0.0018578160088509321,
        0.0018578160088509321,
        0.0018578160088509321,
        0.0018578160088509321
    ],
    "champion_validation_mae_per_epoch": [
        0.010667934082448483,
        0.010667934082448483,
        0.010667934082448483,
        0.010667934082448483,
        0.006652883253991604,
        0.006652883253991604,
        0.006652883253991604,
        0.006652883253991604,
        0.006652883253991604,
        0.006652883253991604,
        0.006652883253991604,
        0.006652883253991604,
        0.006652883253991604,
        0.006652883253991604,
        0.006652883253991604,
        0.006652883253991604
    ],
    "best_fitness_per_epoch": [
        0.0037749451585114002,
        0.0037749451585114002,
        0.0037749451585114002,
        0.0037749451585114002,
        0.0018578160088509321,
        0.0018578160088509321,
        0.0018578160088509321,
        0.0018578160088509321,
        0.0018578160088509321,
        0.0018578160088509321,
        0.0018578160088509321,
        0.0018578160088509321,
        0.0018578160088509321,
        0.0018578160088509321,
        0.0018578160088509321,
        0.0018578160088509321
    ],
    "best_validation_mae_per_epoch": [
        0.010667934082448483,
        0.010667934082448483,
        0.010667934082448483,
        0.010667934082448483,
        0.006652883253991604,
        0.006652883253991604,
        0.006652883253991604,
        0.006652883253991604,
        0.006652883253991604,
        0.006652883253991604,
        0.006652883253991604,
        0.006652883253991604,
        0.006652883253991604,
        0.006652883253991604,
        0.006652883253991604,
        0.006652883253991604
    ],
    "history": [
        {
            "generation": 0,
            "duration": 418.94759583473206,
            "avg_fitness": 0.017738301469944418,
            "best_validation_mae_gen": 0.010667934082448483,
            "best_fitness_gen": 0.0037749451585114002,
            "champion_fitness_global": 0.0037749451585114002,
            "champion_validation_mae_global": 0.010667934082448483,
            "best_validation_naive_mae_gen": 0.003874493297189474,
            "champion_validation_naive_mae_global": 0.003874493297189474
        },
        {
            "generation": 1,
            "duration": 466.3311195373535,
            "avg_fitness": 0.0071811241330578925,
            "best_validation_mae_gen": 0.010667934082448483,
            "best_fitness_gen": 0.0037749451585114002,
            "champion_fitness_global": 0.0037749451585114002,
            "champion_validation_mae_global": 0.010667934082448483,
            "best_validation_naive_mae_gen": 0.003874493297189474,
            "champion_validation_naive_mae_global": 0.003874493297189474
        },
        {
            "generation": 2,
            "duration": 738.5895912647247,
            "avg_fitness": 0.004742692853324115,
            "best_validation_mae_gen": 0.010667934082448483,
            "best_fitness_gen": 0.0037749451585114002,
            "champion_fitness_global": 0.0037749451585114002,
            "champion_validation_mae_global": 0.010667934082448483,
            "best_validation_naive_mae_gen": 0.003874493297189474,
            "champion_validation_naive_mae_global": 0.003874493297189474
        },
        {
            "generation": 3,
            "duration": 663.8681552410126,
            "avg_fitness": 0.004506980185396969,
            "best_validation_mae_gen": 0.010667934082448483,
            "best_fitness_gen": 0.0037749451585114002,
            "champion_fitness_global": 0.0037749451585114002,
            "champion_validation_mae_global": 0.010667934082448483,
            "best_validation_naive_mae_gen": 0.003874493297189474,
            "champion_validation_naive_mae_global": 0.003874493297189474
        },
        {
            "generation": 0,
            "duration": 1103.765683889389,
            "avg_fitness": 0.002111736824735999,
            "best_validation_mae_gen": 0.006652883253991604,
            "best_fitness_gen": 0.0018578160088509321,
            "champion_fitness_global": 0.0018578160088509321,
            "champion_validation_mae_global": 0.006652883253991604,
            "best_validation_naive_mae_gen": 0.003874493297189474,
            "champion_validation_naive_mae_global": 0.003874493297189474
        },
        {
            "generation": 1,
            "duration": 862.0324330329895,
            "avg_fitness": 0.001984776416793466,
            "best_validation_mae_gen": 0.006652883253991604,
            "best_fitness_gen": 0.0018578160088509321,
            "champion_fitness_global": 0.0018578160088509321,
            "champion_validation_mae_global": 0.006652883253991604,
            "best_validation_naive_mae_gen": 0.003874493297189474,
            "champion_validation_naive_mae_global": 0.003874493297189474
        },
        {
            "generation": 2,
            "duration": 934.4615588188171,
            "avg_fitness": 0.001921296212822199,
            "best_validation_mae_gen": 0.006652883253991604,
            "best_fitness_gen": 0.0018578160088509321,
            "champion_fitness_global": 0.0018578160088509321,
            "champion_validation_mae_global": 0.006652883253991604,
            "best_validation_naive_mae_gen": 0.003874493297189474,
            "champion_validation_naive_mae_global": 0.003874493297189474
        },
        {
            "generation": 3,
            "duration": 897.0064408779144,
            "avg_fitness": 0.0018578160088509321,
            "best_validation_mae_gen": 0.006652883253991604,
            "best_fitness_gen": 0.0018578160088509321,
            "champion_fitness_global": 0.0018578160088509321,
            "champion_validation_mae_global": 0.006652883253991604,
            "best_validation_naive_mae_gen": 0.003874493297189474,
            "champion_validation_naive_mae_global": 0.003874493297189474
        },
        {
            "generation": 0,
            "duration": 913.0875599384308,
            "avg_fitness": 0.0018578160088509321,
            "best_validation_mae_gen": 0.006652883253991604,
            "best_fitness_gen": 0.0018578160088509321,
            "champion_fitness_global": 0.0018578160088509321,
            "champion_validation_mae_global": 0.006652883253991604,
            "best_validation_naive_mae_gen": 0.003874493297189474,
            "champion_validation_naive_mae_global": 0.003874493297189474
        },
        {
            "generation": 1,