{
    "generation": 10,
    "population": [
        [
            79,
            1,
            57,
            10,
            8,
            30,
            4,
            0.030797223922799735,
            0.005719807884114421,
            5.431378820117508e-05
        ],
        [
            79,
            1,
            57,
            10,
            8,
            30,
            4,
            0.030797223922799735,
            0.005719807884114421,
            5.431378820117508e-05
        ],
        [
            79,
            1,
            57,
            10,
            8,
            30,
            4,
            0.030797223922799735,
            0.005719807884114421,
            5.431378820117508e-05
        ],
        [
            79,
            1,
            57,
            10,
            8,
            30,
            4,
            0.030797223922799735,
            0.005719807884114421,
            5.431378820117508e-05
        ],
        [
            79,
            1,
            57,
            10,
            8,
            30,
            4,
            0.030797223922799735,
            0.005719807884114421,
            5.431378820117508e-05
        ],
        [
            79,
            1,
            57,
            10,
            8,
            30,
            4,
            0.030797223922799735,
            0.005719807884114421,
            5.431378820117508e-05
        ],
        [
            79,
            1,
            57,
            10,
            8,
            30,
            4,
            0.030797223922799735,
            0.005719807884114421,
            5.431378820117508e-05
        ],
        [
            79,
            1,
            57,
            10,
            8,
            30,
            4,
            0.030797223922799735,
            0.005719807884114421,
            5.431378820117508e-05
        ],
        [
            71,
            1,
            57,
            10,
            14,
            30,
            4,
            0.030797223922799735,
            0.005719807884114421,
            5.431378820117508e-05
        ],
        [
            79,
            1,
            57,
            10,
            8,
            30,
            4,
            0.030797223922799735,
            0.005719807884114421,
            5.431378820117508e-05
        ],
        [
            71,
            1,
            57,
            10,
            14,
            30,
            4,
            0.030797223922799735,
            0.005719807884114421,
            5.431378820117508e-05
        ],
        [
            71,
            1,
            57,
            10,
            14,
            30,
            4,
            0.030797223922799735,
            0.005719807884114421,
            5.431378820117508e-05
        ],
        [
            79,
            1,
            57,
            10,
            8,
            30,
            4,
            0.030797223922799735,
            0.005719807884114421,
            5.431378820117508e-05
        ],
        [
            79,
            1,
            57,
            10,
            8,
            30,
            4,
            0.030797223922799735,
            0.005719807884114421,
            5.431378820117508e-05
        ],
        [
            79,
            1,
            57,
            10,
            8,
            30,
            4,
            0.030797223922799735,
            0.005719807884114421,
            5.431378820117508e-05
        ],
        [
            79,
            1,
            57,
            10,
            8,
            30,
            4,
            0.030797223922799735,
            0.005719807884114421,
            5.431378820117508e-05
        ],
        [
            79,
            1,
            57,
            10,
            8,
            30,
            4,
            0.030797223922799735,
            0.005719807884114421,
            5.431378820117508e-05
        ],
        [
            79,
            1,
            57,
            10,
            8,
            30,
            4,
            0.030797223922799735,
            0.005719807884114421,
            5.431378820117508e-05
        ],
        [
            71,
            1,
            57,
            10,
            14,
            30,
            4,
            0.030797223922799735,
            0.005719807884114421,
            5.431378820117508e-05
        ],
        [
            79,
            1,
            57,
            10,
            8,
            30,
            4,
            0.030797223922799735,
            0.005719807884114421,
            5.431378820117508e-05
        ]
    ]
}