Metric,Average,Std Dev,Max,Min
Training MAE,0.029689223691821098,0.005728631251909853,0.03890823572874069,0.023206505924463272
Training R²,0.7946074485778809,0.06896145301906981,0.8699561953544617,0.6785454750061035
Validation MAE,0.039996416121721265,0.004962941009436269,0.047469362616539,0.032500654458999634
Validation R²,0.7712011694908142,0.04763245850989566,0.8413483500480652,0.6973702311515808
