Metric,Average,Std Dev,Max,Min
Training MAE,0.019170557831724486,0.001032035501907488,0.02138194628059864,0.017811549827456474
Training R²,0.9043422778447469,0.007753421319854716,0.9145331382751465,0.8865979313850403
Validation MAE,0.03593535746137301,0.001274003819089722,0.03806833550333977,0.0340484194457531
Validation R²,0.8131527185440064,0.011754999874182728,0.8296865820884705,0.7930989861488342
