Metric,Average,Std Dev,Max,Min
Training MAE,0.2318065769970417,0.22634586304129997,0.5256432294845581,0.02063022367656231
Training R²,-39.53249995708465,47.67064488490311,0.7434661984443665,-105.04833984375
Validation MAE,0.2683200977742672,0.2570661480276006,0.594810426235199,0.033485740423202515
Validation R²,-12.448208355903626,15.744470947453783,0.8312463760375977,-33.24393844604492
