Metric,Average,Std Dev,Max,Min
Training MAE,0.4586159594357014,0.21651554452857807,0.5937386155128479,0.02832895889878273
Training R²,-141.66430892944337,72.32864877967532,0.3137092590332031,-193.29811096191406
Validation MAE,0.5973449401557446,0.27589149282200826,0.7673087120056152,0.04826852306723595
Validation R²,-40.993284010887145,21.154431661056577,0.644084095954895,-55.935882568359375
