Metric,Average,Std Dev,Max,Min
Training MAE,0.05692229668299357,0.0216764102372856,0.10963689535856247,0.018692683428525925
Training R²,-1.5305976023276646,1.9510464992079735,0.7415189743041992,-6.914112567901611
Validation MAE,0.17560023839275044,0.046155708379461174,0.24143469333648682,0.03450677916407585
Validation R²,-3.041217601299286,1.5434058379637394,0.8195006251335144,-5.706307888031006
