Metric,Average,Std Dev,Max,Min
Training MAE,0.40758851170539856,0.00724453067609884,0.41704943776130676,0.396706759929657
Training R²,-2.6416253566741945,0.0824716530867237,-2.5354421138763428,-2.786306619644165
Validation MAE,0.763297152519226,0.008509064746719424,0.7712522149085999,0.7513795495033264
Validation R²,-55.39429779052735,1.3819116639611178,-53.518795013427734,-57.105133056640625
