Metric,Average,Std Dev,Max,Min
Training MAE,0.016224355436861515,0.002438298339911639,0.02002132683992386,0.013137257657945156
Training R²,0.8287108421325684,0.0493555378927545,0.8851078152656555,0.7485344409942627
Validation MAE,0.039429455250501635,0.005158104481035257,0.04499215632677078,0.03299786150455475
Validation R²,0.6972439885139465,0.08773331309472972,0.8051958680152893,0.5968636870384216
