{
    "total_time_elapsed": 51586.4144654274,
    "average_time_per_epoch": 3800.666414399942,
    "candidates_evaluated_so_far": 174,
    "champion_fitness": 0.00021863775327801704,
    "champion_validation_mae": 0.008937076665461063,
    "champion_validation_naive_mae": 0.008741626515984535,
    "champion_test_mae": 0.007492713164538145,
    "champion_test_naive_mae": 0.005638150032609701,
    "champion_train_mae": 0.010237762704491615,
    "champion_train_naive_mae": 0.009621880948543549,
    "average_fitness_per_epoch": [
        0.0045128769241273405,
        0.023362363479100166,
        0.003932572528719902,
        0.044576604338362816,
        0.005680443556047976,
        0.031159319588914512,
        0.004804408922791481,
        0.007263846043497324,
        0.004499579733237624,
        0.019342709355987607,
        0.023118164436891676,
        0.05041123980190605
    ],
    "champion_fitness_per_epoch": [
        0.0010441248305141926,
        0.0010441248305141926,
        0.0010441248305141926,
        0.0010441248305141926,
        0.0007944735698401928,
        0.0007944735698401928,
        0.0007944735698401928,
        0.0007944735698401928,
        0.0007944735698401928,
        0.0005009854212403297,
        0.0005009854212403297,
        0.0005009854212403297
    ],
    "champion_validation_mae_per_epoch": [
        0.009891994297504425,
        0.009891994297504425,
        0.009891994297504425,
        0.009891994297504425,
        0.009232815355062485,
        0.009232815355062485,
        0.009232815355062485,
        0.009232815355062485,
        0.009232815355062485,
        0.009127715602517128,
        0.009127715602517128,
        0.009127715602517128
    ],
    "best_fitness_per_epoch": [
        0.002479845192283392,
        0.0024055051617324352,
        0.0016874833963811398,
        0.0016874833963811398,
        0.0007944735698401928,
        0.0005009854212403297,
        0.0005009854212403297,
        0.0005009854212403297,
        0.0003578835166990757,
        0.00021863775327801704,
        0.0003251926973462105,
        0.0003251926973462105
    ],
    "best_validation_mae_per_epoch": [
        0.01125314086675644,
        0.011563437059521675,
        0.010293882340192795,
        0.010293882340192795,
        0.009232815355062485,
        0.009127715602517128,
        0.009127715602517128,
        0.009127715602517128,
        0.009010819718241692,
        0.008937076665461063,
        0.009155835025012493,
        0.009155835025012493
    ],
    "history": [
        {
            "generation": 14,
            "duration": 3237.6226127147675,
            "avg_fitness": 0.0045128769241273405,
            "best_validation_mae_gen": 0.01125314086675644,
            "best_fitness_gen": 0.002479845192283392,
            "champion_fitness_global": 0.0010441248305141926,
            "champion_validation_mae_global": 0.009891994297504425,
            "best_validation_naive_mae_gen": 0.008642107248306274,
            "champion_validation_naive_mae_global": 0.008655695244669914
        },
        {
            "generation": 15,
            "duration": 3918.6476588249207,
            "avg_fitness": 0.023362363479100166,
            "best_validation_mae_gen": 0.011563437059521675,
            "best_fitness_gen": 0.0024055051617324352,
            "champion_fitness_global": 0.0010441248305141926,
            "champion_validation_mae_global": 0.009891994297504425,
            "best_validation_naive_mae_gen": 0.008741626515984535,
            "champion_validation_naive_mae_global": 0.008655695244669914
        },
        {
            "generation": 16,
            "duration": 4024.72309589386,
            "avg_fitness": 0.003932572528719902,
            "best_validation_mae_gen": 0.010293882340192795,
            "best_fitness_gen": 0.0016874833963811398,
            "champion_fitness_global": 0.0010441248305141926,
            "champion_validation_mae_global": 0.009891994297504425,
            "best_validation_naive_mae_gen": 0.008741626515984535,
            "champion_validation_naive_mae_global": 0.008655695244669914
        },
        {
            "generation": 17,
            "duration": 3705.204483270645,
            "avg_fitness": 0.044576604338362816,
            "best_validation_mae_gen": 0.010293882340192795,
            "best_fitness_gen": 0.0016874833963811398,
            "champion_fitness_global": 0.0010441248305141926,
            "champion_validation_mae_global": 0.009891994297504425,
            "best_validation_naive_mae_gen": 0.008741626515984535,
            "champion_validation_naive_mae_global": 0.008655695244669914
        },
        {
            "generation": 18,
            "duration": 3848.7030057907104,
            "avg_fitness": 0.005680443556047976,
            "best_validation_mae_gen": 0.009232815355062485,
            "best_fitness_gen": 0.0007944735698401928,
            "champion_fitness_global": 0.0007944735698401928,
            "champion_validation_mae_global": 0.009232815355062485,
            "best_validation_naive_mae_gen": 0.008741626515984535,
            "champion_validation_naive_mae_global": 0.008741626515984535
        },
        {
            "generation": 19,
            "duration": 3668.9325091838837,
            "avg_fitness": 0.031159319588914512,
            "best_validation_mae_gen": 0.009127715602517128,
            "best_fitness_gen": 0.0005009854212403297,
            "champion_fitness_global": 0.0007944735698401928,
            "champion_validation_mae_global": 0.009232815355062485,
            "best_validation_naive_mae_gen": 0.008741626515984535,
            "champion_validation_naive_mae_global": 0.008741626515984535
        },
        {
            "generation": 20,
            "duration": 3815.022483587265,
            "avg_fitness": 0.004804408922791481,
            "best_validation_mae_gen": 0.009127715602517128,
            "best_fitness_gen": 0.0005009854212403297,
            "champion_fitness_global": 0.0007944735698401928,
            "champion_validation_mae_global": 0.009232815355062485,
            "best_validation_naive_mae_gen": 0.008741626515984535,
            "champion_validation_naive_mae_global": 0.008741626515984535
        },
        {
            "generation": 21,
            "duration": 3805.788674354553,
            "avg_fitness": 0.007263846043497324,
            "best_validation_mae_gen": 0.009127715602517128,
            "best_fitness_gen": 0.0005009854212403297,
            "champion_fitness_global": 0.0007944735698401928,
            "champion_validation_mae_global": 0.009232815355062485,
            "best_validation_naive_mae_gen": 0.008741626515984535,
            "champion_validation_naive_mae_global": 0.008741626515984535
        },
        {
            "generation": 22,
            "duration": 3661.958755970001,
            "avg_fitness": 0.004499579733237624,
            "best_validation_mae_gen": 0.009010819718241692,
            "best_fitness_gen": 0.0003578835166990757,
            "champion_fitness_global": 0.0007944735698401928,
            "champion_validation_mae_global": 0.009232815355062485,
            "best_validation_naive_mae_gen": 0.008741626515984535,
            "champion_validation_naive_mae_global": 0.008741626515984535
        },
        {
            "generation": 23,
            "duration": 4217.377512931824,
            "avg_fitness": 0.019342709355987607,
            "best_validation_mae_gen": 0.008937076665461063,
            "best_fitness_gen": 0.00021863775327801704,
            "champion_fitness_global": 0.0005009854212403297,
            "champion_validation_mae_global": 0.009127715602517128,
            "best_validation_naive_mae_gen": 0.008741626515984535,
            "champion_validation_naive_mae_global": 0.008741626515984535
        },
        {
            "generation": 24,
            "duration": 3767.642359972,
            "avg_fitness": 0.023118164436891676,