Metric,Average,Std Dev,Max,Min
Training MAE,0.021470345184206964,0.0010554599730468492,0.022724276408553123,0.01966886967420578
Training R²,0.9869386275609334,0.0010652557786627428,0.9886943697929382,0.9853218197822571
Validation MAE,0.03236943533023198,0.0008427951596371765,0.03499951958656311,0.03147222474217415
Validation R²,0.8366266131401062,0.010421393422809769,0.8445639610290527,0.803590714931488
