Metric,Average,Std Dev,Max,Min
Training MAE,0.03457950800657272,0.006229378562133029,0.0447143018245697,0.019071750342845917
Training R²,-0.20155063246687252,0.40162348970401174,0.6550664305686951,-0.9074897170066833
Validation MAE,0.14339255491892497,0.049194440482574736,0.25767645239830017,0.05900491029024124
Validation R²,-3.6605516970157623,3.5937705349688667,0.3277284801006317,-14.262226104736328
