{
    "total_time_elapsed": 140016.7881820202,
    "average_time_per_epoch": 7999.065227190654,
    "candidates_evaluated_so_far": 140,
    "champion_fitness": 0.056824902072548866,
    "champion_validation_mae": 0.02603645622730255,
    "champion_validation_naive_mae": 0.008677080273628235,
    "champion_test_mae": 0.06809321790933609,
    "champion_test_naive_mae": 0.005694615188986063,
    "champion_train_mae": 0.1059030219912529,
    "champion_train_naive_mae": 0.009612593799829483,
    "average_fitness_per_epoch": [
        0.057582683465443554,
        0.0573215915588662,
        0.0573827605927363,
        0.057280278275720777,
        0.057283929688856004,
        0.05737656452693045,
        0.05739406859502196,
        0.05726277851499617,
        0.05729750315658748,
        0.05723856100812554,
        0.05721012158319354,
        0.05720352027565241,
        0.05742576234042644,
        0.05717520932666957,
        0.05721259410493076
    ],
    "champion_fitness_per_epoch": [
        0.057030617259442806,
        0.05688370857387781,
        0.05688370857387781,
        0.05688370857387781,
        0.05688370857387781,
        0.05688370857387781,
        0.05688370857387781,
        0.056824902072548866,
        0.056824902072548866,
        0.056824902072548866,
        0.056824902072548866,
        0.056824902072548866,
        0.056824902072548866,
        0.056824902072548866,
        0.056824902072548866
    ],
    "champion_validation_mae_per_epoch": [
        0.02631738968193531,
        0.02610575221478939,
        0.02610575221478939,
        0.02610575221478939,
        0.02610575221478939,
        0.02610575221478939,
        0.02610575221478939,
        0.02603645622730255,
        0.02603645622730255,
        0.02603645622730255,
        0.02603645622730255,
        0.02603645622730255,
        0.02603645622730255,
        0.02603645622730255,
        0.02603645622730255
    ],
    "best_fitness_per_epoch": [
        0.057030617259442806,
        0.05688370857387781,
        0.057030617259442806,
        0.057030617259442806,
        0.057030617259442806,
        0.057030617259442806,
        0.057030617259442806,
        0.056824902072548866,
        0.057030617259442806,
        0.05698341876268387,
        0.05698341876268387,
        0.05698341876268387,
        0.05698341876268387,
        0.05687896814197302,
        0.05688932538032532
    ],
    "best_validation_mae_per_epoch": [
        0.02631738968193531,
        0.02610575221478939,
        0.02631738968193531,
        0.02631738968193531,
        0.02631738968193531,
        0.02631738968193531,
        0.02631738968193531,
        0.02603645622730255,
        0.02631738968193531,
        0.02624199166893959,
        0.02624199166893959,
        0.02624199166893959,
        0.02624199166893959,
        0.026083344593644142,
        0.026209387928247452
    ],
    "history": [
        {
            "generation": 0,
            "duration": 8211.455973863602,
            "avg_fitness": 0.057582683465443554,
            "best_validation_mae_gen": 0.02631738968193531,
            "best_fitness_gen": 0.057030617259442806,
            "champion_fitness_global": 0.057030617259442806,
            "champion_validation_mae_global": 0.02631738968193531,
            "best_validation_naive_mae_gen": 0.008677080273628235,
            "champion_validation_naive_mae_global": 0.008677080273628235
        },
        {
            "generation": 1,
            "duration": 8109.312757730484,
            "avg_fitness": 0.0573215915588662,
            "best_validation_mae_gen": 0.02610575221478939,
            "best_fitness_gen": 0.05688370857387781,
            "champion_fitness_global": 0.05688370857387781,
            "champion_validation_mae_global": 0.02610575221478939,
            "best_validation_naive_mae_gen": 0.008677080273628235,
            "champion_validation_naive_mae_global": 0.008677080273628235
        },
        {
            "generation": 2,
            "duration": 8135.802487373352,
            "avg_fitness": 0.0573827605927363,
            "best_validation_mae_gen": 0.02631738968193531,
            "best_fitness_gen": 0.057030617259442806,
            "champion_fitness_global": 0.05688370857387781,
            "champion_validation_mae_global": 0.02610575221478939,
            "best_validation_naive_mae_gen": 0.008677080273628235,
            "champion_validation_naive_mae_global": 0.008677080273628235
        },
        {
            "generation": 3,
            "duration": 7535.094831705093,
            "avg_fitness": 0.057280278275720777,
            "best_validation_mae_gen": 0.02631738968193531,
            "best_fitness_gen": 0.057030617259442806,
            "champion_fitness_global": 0.05688370857387781,
            "champion_validation_mae_global": 0.02610575221478939,
            "best_validation_naive_mae_gen": 0.008677080273628235,
            "champion_validation_naive_mae_global": 0.008677080273628235
        },
        {
            "generation": 4,
            "duration": 8413.02395272255,
            "avg_fitness": 0.057283929688856004,
            "best_validation_mae_gen": 0.02631738968193531,
            "best_fitness_gen": 0.057030617259442806,
            "champion_fitness_global": 0.05688370857387781,
            "champion_validation_mae_global": 0.02610575221478939,
            "best_validation_naive_mae_gen": 0.008677080273628235,
            "champion_validation_naive_mae_global": 0.008677080273628235
        },
        {
            "generation": 5,
            "duration": 7791.943838834763,
            "avg_fitness": 0.05737656452693045,
            "best_validation_mae_gen": 0.02631738968193531,
            "best_fitness_gen": 0.057030617259442806,
            "champion_fitness_global": 0.05688370857387781,
            "champion_validation_mae_global": 0.02610575221478939,
            "best_validation_naive_mae_gen": 0.008677080273628235,
            "champion_validation_naive_mae_global": 0.008677080273628235
        },
        {
            "generation": 6,
            "duration": 7940.606993675232,
            "avg_fitness": 0.05739406859502196,
            "best_validation_mae_gen": 0.02631738968193531,
            "best_fitness_gen": 0.057030617259442806,
            "champion_fitness_global": 0.05688370857387781,
            "champion_validation_mae_global": 0.02610575221478939,
            "best_validation_naive_mae_gen": 0.008677080273628235,
            "champion_validation_naive_mae_global": 0.008677080273628235
        },
        {
            "generation": 7,
            "duration": 8045.607639551163,
            "avg_fitness": 0.05726277851499617,
            "best_validation_mae_gen": 0.02603645622730255,
            "best_fitness_gen": 0.056824902072548866,
            "champion_fitness_global": 0.056824902072548866,
            "champion_validation_mae_global": 0.02603645622730255,
            "best_validation_naive_mae_gen": 0.008677080273628235,
            "champion_validation_naive_mae_global": 0.008677080273628235
        },
        {
            "generation": 8,
            "duration": 8177.5732045173645,
            "avg_fitness": 0.05729750315658748,
            "best_validation_mae_gen": 0.02631738968193531,
            "best_fitness_gen": 0.057030617259442806,
            "champion_fitness_global": 0.056824902072548866,
            "champion_validation_mae_global": 0.02603645622730255,
            "best_validation_naive_mae_gen": 0.008677080273628235,
            "champion_validation_naive_mae_global": 0.008677080273628235
        },
        {
            "generation": 9,
            "duration": 7880.044057607651,
            "avg_fitness": 0.05723856100812554,
            "best_validation_mae_gen": 0.02624199166893959,
            "best_fitness_gen": 0.05698341876268387,
            "champion_fitness_global": 0.056824902072548866,
            "champion_validation_mae_global": 0.02603645622730255,