Metric,Average,Std Dev,Max,Min
Training MAE,0.0037853322147081295,0.0006448122344231661,0.0050490498542785645,0.0028505735099315643
Training R²,0.9995757460594177,0.00011653573421954392,0.9997437596321106,0.9993279576301575
Validation MAE,0.03874315035839875,0.009633647997271243,0.051594026386737823,0.019794777035713196
Validation R²,0.6300019224484762,0.17304739178341558,0.9204225540161133,0.35927537083625793
