{
    "generation": 14,
    "population": [
        [
            0.005731805039450939,
            70,
            106,
            1,
            3,
            6.961344881450049e-06,
            1
        ],
        [
            0.005731805039450939,
            70,
            106,
            1,
            3,
            6.961344881450049e-06,
            1
        ],
        [
            0.005731805039450939,
            70,
            106,
            1,
            3,
            6.961344881450049e-06,
            1
        ],
        [
            0.005731805039450939,
            70,
            106,
            1,
            3,
            6.961344881450049e-06,
            1
        ],
        [
            0.005731805039450939,
            70,
            106,
            1,
            3,
            8.559703076108841e-06,
            1
        ],
        [
            0.005731805039450939,
            70,
            106,
            1,
            3,
            6.961344881450049e-06,
            1
        ],
        [
            0.005731805039450939,
            70,
            106,
            1,
            3,
            6.961344881450049e-06,
            1
        ],
        [
            0.005731805039450939,
            70,
            106,
            1,
            3,
            6.961344881450049e-06,
            1
        ],
        [
            0.005731805039450939,
            70,
            106,
            3,
            3,
            6.961344881450049e-06,
            1
        ],
        [
            0.005731805039450939,
            70,
            106,
            1,
            3,
            6.961344881450049e-06,
            1
        ],
        [
            0.005693022063997809,
            70,
            106,
            3,
            3,
            6.961344881450049e-06,
            1
        ],
        [
            0.004500425986738819,
            88,
            119,
            1,
            3,
            6.961344881450049e-06,
            1
        ],
        [
            0.005731805039450939,
            70,
            106,
            1,
            3,
            6.961344881450049e-06,
            1
        ],
        [
            0.004500425986738819,
            88,
            119,
            1,
            3,
            6.961344881450049e-06,
            1
        ],
        [
            0.005731805039450939,
            70,
            106,
            1,
            3,
            6.961344881450049e-06,
            1
        ],
        [
            0.005731805039450939,
            70,
            106,
            1,
            3,
            6.961344881450049e-06,
            1
        ],
        [
            0.005731805039450939,
            70,
            119,
            1,
            3,
            8.559703076108841e-06,
            1
        ],
        [
            0.004500425986738819,
            88,
            106,
            1,
            3,
            6.961344881450049e-06,
            1
        ],
        [
            0.005731805039450939,
            70,
            106,
            1,
            3,
            6.961344881450049e-06,
            1
        ],
        [
            0.005731805039450939,
            70,
            106,
            1,
            3,
            6.961344881450049e-06,
            1
        ]
    ]
}