{
    "typical_price": {
        "mean": 1.3548237384884092,
        "std": 0.1090819259987102
    },
    "typical_sd": {
        "mean": 0.0012866766422356323,
        "std": 0.0008122705449126839
    },
    "RSI": {
        "mean": 50.55422935293838,
        "std": 16.464277290203995
    },
    "MACD": {
        "mean": 4.70359329047103e-05,
        "std": 0.0020617418905170943
    },
    "MACD_Signal": {
        "mean": 4.097632220640529e-05,
        "std": 0.001972021294562609
    },
    "MACD_Histogram": {
        "mean": 6.059610698305011e-06,
        "std": 0.0005899829059002273
    },
    "EMA": {
        "mean": 1.3547563664533644,
        "std": 0.1090382879746183
    },
    "Stochastic_%K": {
        "mean": 50.82783691213236,
        "std": 25.253893886188436
    },
    "Stochastic_%D": {
        "mean": 50.910184834412654,
        "std": 24.84085272142807
    },
    "ADX": {
        "mean": 27.29921626089328,
        "std": 10.987033630884548
    },
    "DI+": {
        "mean": 21.009803249474942,
        "std": 7.460672665504996
    },
    "DI-": {
        "mean": 20.776596513967405,
        "std": 7.23297257698539
    },
    "ATR": {
        "mean": 0.0024056656667179686,
        "std": 0.0012071387387684036
    },
    "CCI": {
        "mean": 2.8117165530254327,
        "std": 107.76091396020946
    },
    "BB_MID_20_2": {
        "mean": 1.3547446463956812,
        "std": 0.10907090227148736
    },
    "BB_UP_20_2": {
        "mean": 1.3600727442054565,
        "std": 0.10960435807773747
    },
    "BB_LOW_20_2": {
        "mean": 1.3494165485859058,
        "std": 0.10866946703013834
    },
    "BB_WIDTH_20_2": {
        "mean": 0.010656195619550727,
        "std": 0.007647866318722304
    },
    "WilliamsR": {
        "mean": -49.267284229128215,
        "std": 25.775336894304257
    },
    "Momentum": {
        "mean": 3.4439504604632625e-06,
        "std": 0.0029522997424666214
    },
    "ROC": {
        "mean": 0.008369321031870014,
        "std": 0.4354408854134508
    },
    "S&P500_Close": {
        "mean": 1230.015210402985,
        "std": 204.82825081331484
    },
    "vix_close": {
        "mean": 22.18087844547297,
        "std": 12.343895508090764
    },
    "day_of_week": {
        "mean": 1.9036598920292156,
        "std": 1.2717292330121306
    },
    "day_of_month": {
        "mean": 15.755795490631947,
        "std": 8.7009147595859
    },
    "hour_of_day": {
        "mean": 11.247856462369006,
        "std": 5.478901105412524
    },
    "dow_sin": {
        "mean": 0.46023508325446494,
        "std": 0.4602787793050758
    },
    "dow_cos": {
        "mean": -0.056432138392479236,
        "std": 0.7427783310594349
    },
    "dom_sin": {
        "mean": 0.01011130112371889,
        "std": 0.7136924808795807
    },
    "dom_cos": {
        "mean": -0.02765233720280648,
        "std": 0.6990629729858221
    },
    "hod_sin": {
        "mean": 0.05554563120758771,
        "std": 0.6786208708903684
    },
    "hod_cos": {
        "mean": -0.042909159535475395,
        "std": 0.6721673489766441
    },
    "CLOSE_15m_tick_1": {
        "mean": 1.354827695300095,
        "std": 0.10905824367277277
    },
    "CLOSE_15m_tick_2": {
        "mean": 1.3548322749285489,
        "std": 0.10906369770384894
    },
    "CLOSE_15m_tick_3": {
        "mean": 1.3548220276278184,
        "std": 0.10906607621471025
    },
    "CLOSE_15m_tick_4": {
        "mean": 1.3548145355668464,
        "std": 0.10905099431129149
    },
    "CLOSE_15m_tick_5": {
        "mean": 1.3548332307875515,
        "std": 0.10905221729681959
    },
    "CLOSE_15m_tick_6": {
        "mean": 1.3548375043664656,
        "std": 0.10905775270894784
    },
    "CLOSE_15m_tick_7": {
        "mean": 1.3548261110670055,
        "std": 0.10906103701032699
    },
    "CLOSE_15m_tick_8": {
        "mean": 1.3548179156081297,
        "std": 0.10904759475044871
    },
    "CLOSE_30m_tick_1": {
        "mean": 1.3548211380597013,
        "std": 0.10907485966266217
    },
    "CLOSE_30m_tick_2": {
        "mean": 1.3548040631946652,
        "std": 0.10907013025342066
    },
    "CLOSE_30m_tick_3": {
        "mean": 1.3548254263258177,
        "std": 0.1090680410773558
    },
    "CLOSE_30m_tick_4": {
        "mean": 1.3548089750714511,
        "std": 0.10906232819490026
    },
    "CLOSE_30m_tick_5": {
        "mean": 1.3548303358208953,
        "std": 0.10906197590457918
    },
    "CLOSE_30m_tick_6": {
        "mean": 1.354815939583995,
        "std": 0.10905854222867148
    },
    "CLOSE_30m_tick_7": {
        "mean": 1.3548362849317246,
        "std": 0.10905637838399548
    },
    "CLOSE_30m_tick_8": {
        "mean": 1.3548200531914896,
        "std": 0.10905457192693815
    }
}