{
    "typical_price": {
        "mean": 1.206467808431248,
        "std": 0.11373908895981327
    },
    "typical_sd": {
        "mean": 0.0009059581795651104,
        "std": 0.0005514492724198266
    },
    "RSI": {
        "mean": 50.10634358066893,
        "std": 16.16888977529548
    },
    "MACD": {
        "mean": 1.263118439641977e-05,
        "std": 0.0013996325113677245
    },
    "MACD_Signal": {
        "mean": 9.20016567701375e-06,
        "std": 0.0013256274930814641
    },
    "MACD_Histogram": {
        "mean": 3.4310187194059398e-06,
        "std": 0.0004194840371486562
    },
    "EMA": {
        "mean": 1.2064361673679818,
        "std": 0.11375298221511082
    },
    "Stochastic_%K": {
        "mean": 49.54423183125476,
        "std": 24.81321235197305
    },
    "Stochastic_%D": {
        "mean": 49.60445368073215,
        "std": 24.338035479710445
    },
    "ADX": {
        "mean": 27.234090222207637,
        "std": 10.994574262554474
    },
    "DI+": {
        "mean": 20.95128599620363,
        "std": 7.390871783749884
    },
    "DI-": {
        "mean": 20.41607217335475,
        "std": 7.251364947489642
    },
    "ATR": {
        "mean": 0.0016790340247385437,
        "std": 0.0006041004060522236
    },
    "CCI": {
        "mean": 1.3616469281099455,
        "std": 108.83551021017664
    },
    "BB_MID_20_2": {
        "mean": 1.2064300598602733,
        "std": 0.11376939095057731
    },
    "BB_UP_20_2": {
        "mean": 1.2101815024333802,
        "std": 0.11345364594078695
    },
    "BB_LOW_20_2": {
        "mean": 1.202678617287166,
        "std": 0.11414840628146954
    },
    "BB_WIDTH_20_2": {
        "mean": 0.007502885146213886,
        "std": 0.005411062617687784
    },
    "WilliamsR": {
        "mean": -50.52599854428064,
        "std": 25.400855776705022
    },
    "Momentum": {
        "mean": 7.962845347734889e-07,
        "std": 0.0021486317633054135
    },
    "ROC": {
        "mean": 0.004182557948520515,
        "std": 0.3546789396392082
    },
    "S&P500_Close": {
        "mean": 1978.630164668625,
        "std": 267.121889358925
    },
    "vix_close": {
        "mean": 14.751296456369683,
        "std": 3.492506709041599
    },
    "day_of_week": {
        "mean": 1.8991346459193394,
        "std": 1.272603339839929
    },
    "day_of_month": {
        "mean": 15.646554461733883,
        "std": 8.64826556355164
    },
    "hour_of_day": {
        "mean": 11.247856462369006,
        "std": 5.483420896339808
    },
    "dow_sin": {
        "mean": 0.44665441463568795,
        "std": 0.49001513753964465
    },
    "dow_cos": {
        "mean": -0.1088049681925423,
        "std": 0.7407237823510358
    },
    "dom_sin": {
        "mean": 0.020752603909675413,
        "std": 0.7151558073234157
    },
    "dom_cos": {
        "mean": -0.03279841729801582,
        "std": 0.6980002371487692
    },
    "hod_sin": {
        "mean": 0.036714636838749704,
        "std": 0.6991181313191761
    },
    "hod_cos": {
        "mean": -0.062003810733566214,
        "std": 0.711476902329655
    },
    "CLOSE_15m_tick_1": {
        "mean": 1.206488442759606,
        "std": 0.11376356699171225
    },
    "CLOSE_15m_tick_2": {
        "mean": 1.2064942620673231,
        "std": 0.11375801892569436
    },
    "CLOSE_15m_tick_3": {
        "mean": 1.2064788464591936,
        "std": 0.1137614798534757
    },
    "CLOSE_15m_tick_4": {
        "mean": 1.2064944287869164,
        "std": 0.1137517399494091
    },
    "CLOSE_15m_tick_5": {
        "mean": 1.206491503651953,
        "std": 0.11375824716184625
    },
    "CLOSE_15m_tick_6": {
        "mean": 1.206496770800254,
        "std": 0.11375291653534231
    },
    "CLOSE_15m_tick_7": {
        "mean": 1.2064802985074627,
        "std": 0.11375588408346993
    },
    "CLOSE_15m_tick_8": {
        "mean": 1.206496450857415,
        "std": 0.1137466784877346
    },
    "CLOSE_30m_tick_1": {
        "mean": 1.206485089314068,
        "std": 0.11376984969149688
    },
    "CLOSE_30m_tick_2": {
        "mean": 1.2064861991902192,
        "std": 0.11376322406453337
    },
    "CLOSE_30m_tick_3": {
        "mean": 1.2064895046046364,
        "std": 0.11376302612164375
    },
    "CLOSE_30m_tick_4": {
        "mean": 1.2064889214830106,
        "std": 0.11375738258358013
    },
    "CLOSE_30m_tick_5": {
        "mean": 1.2064931474277547,
        "std": 0.11375749431833689
    },
    "CLOSE_30m_tick_6": {
        "mean": 1.2064929211654494,
        "std": 0.11375271797209963
    },
    "CLOSE_30m_tick_7": {
        "mean": 1.206495851460781,
        "std": 0.11375236880630846
    },
    "CLOSE_30m_tick_8": {
        "mean": 1.2064946074150522,
        "std": 0.11374746072357533
    },
    "moy_sin": {
        "mean": 0.019608581331193597,
        "std": 0.7064134205979726
    },
    "moy_cos": {
        "mean": -0.021971662611311116,
        "std": 0.7072987323864613
    },
    "rolling_std_24": {
        "mean": 0.004431882816506813,
        "std": 0.002474376313331392
    },
    "rolling_ema_24": {
        "mean": 1.2065396268812887,
        "std": 0.11365683822204027
    },
    "price_minus_ema": {
        "mean": -7.181845004065617e-05,
        "std": 0.00574879792470882
    }
}