{
    "OPEN": {
        "mean": 1.2074396862566044,
        "std": 0.11366103437183928
    },
    "LOW": {
        "mean": 1.2066135532581046,
        "std": 0.11373231134036729
    },
    "HIGH": {
        "mean": 1.2083047430043703,
        "std": 0.1135746714289483
    },
    "CLOSE": {
        "mean": 1.2074425298414975,
        "std": 0.11365678919040194
    },
    "BC-BO": {
        "mean": 2.843584893355979e-06,
        "std": 0.0012880438693947352
    },
    "BH-BL": {
        "mean": 0.001691189746265701,
        "std": 0.0013709443551697005
    },
    "BH-BO": {
        "mean": 0.0008650567477659296,
        "std": 0.0010475013788469368
    },
    "BO-BL": {
        "mean": 0.0008261329984997336,
        "std": 0.0010057904430690785
    }
}