{
    "OPEN": {
        "mean": 1.3522863254190856,
        "std": 0.10991306062470489
    },
    "LOW": {
        "mean": 1.3511045783053945,
        "std": 0.10979793174578346
    },
    "HIGH": {
        "mean": 1.3534864985976127,
        "std": 0.11001799131486398
    },
    "CLOSE": {
        "mean": 1.3522859722131628,
        "std": 0.10991093180472947
    },
    "BC-BO": {
        "mean": -3.53205922640173e-07,
        "std": 0.0018067896497432595
    },
    "BH-BL": {
        "mean": 0.0023819202922183364,
        "std": 0.0018888785114514201
    },
    "BH-BO": {
        "mean": 0.001200173178527125,
        "std": 0.0014355851417254713
    },
    "BO-BL": {
        "mean": 0.001181747113691171,
        "std": 0.0014297872085376538
    }
}