{
    "OPEN": {
        "mean": 1.2074396862566044,
        "std": 0.11366103437183928
    },
    "LOW": {
        "mean": 1.2066135532581046,
        "std": 0.11373231134036729
    },
    "HIGH": {
        "mean": 1.2083047430043703,
        "std": 0.1135746714289483
    },
    "CLOSE": {
        "mean": 1.2074425298414975,
        "std": 0.11365678919040194
    }
}