{
    "OPEN": {
        "min": 1.03553,
        "max": 1.60131
    },
    "HIGH": {
        "min": 1.03697,
        "max": 1.60384
    },
    "LOW": {
        "min": 1.03395,
        "max": 1.5992
    },
    "CLOSE": {
        "min": 1.03555,
        "max": 1.60139
    },
    "VOLUME": {
        "min": 0,
        "max": 0
    },
    "BC-BO": {
        "min": -0.02505,
        "max": 0.03022
    }
}