{
    "typical_price": {
        "mean": 1.2061962197216196,
        "std": 0.1136447666043388
    },
    "typical_sd": {
        "mean": 0.0009008787611035607,
        "std": 0.0005512299927539375
    },
    "RSI": {
        "mean": 49.814787475743124,
        "std": 16.39800583716523
    },
    "MACD": {
        "mean": -1.7825107380569612e-05,
        "std": 0.001436379292924889
    },
    "MACD_Signal": {
        "mean": -1.660493749098657e-05,
        "std": 0.0013529389203860796
    },
    "MACD_Histogram": {
        "mean": -1.2201698895827253e-06,
        "std": 0.0004281582664938693
    },
    "EMA": {
        "mean": 1.2062093015337383,
        "std": 0.1136330693027175
    },
    "Stochastic_%K": {
        "mean": 49.22776912070832,
        "std": 25.038403926940084
    },
    "Stochastic_%D": {
        "mean": 49.222994425400685,
        "std": 24.584981700783832
    },
    "ADX": {
        "mean": 27.51637509750101,
        "std": 11.106333318515706
    },
    "DI+": {
        "mean": 20.86298608229421,
        "std": 7.486778831350418
    },
    "DI-": {
        "mean": 20.57763262196924,
        "std": 7.433366051914591
    },
    "ATR": {
        "mean": 0.0017072036306214032,
        "std": 0.0006151676095446964
    },
    "CCI": {
        "mean": 0.0887434499313804,
        "std": 109.56792445959064
    },
    "BB_MID_20_2": {
        "mean": 1.2062121854663772,
        "std": 0.11364500883554264
    },
    "BB_UP_20_2": {
        "mean": 1.210082259832519,
        "std": 0.11328916634353765
    },
    "BB_LOW_20_2": {
        "mean": 1.2023421111002357,
        "std": 0.11406495280918622
    },
    "BB_WIDTH_20_2": {
        "mean": 0.007740148732283339,
        "std": 0.0054539167053584735
    },
    "WilliamsR": {
        "mean": -50.783638507934654,
        "std": 25.599036271963516
    },
    "Momentum": {
        "mean": -7.468478850325054e-06,
        "std": 0.002179128979277771
    },
    "ROC": {
        "mean": -0.0024643227630036925,
        "std": 0.3637577259299502
    },
    "S&P500_Close": {
        "mean": 1981.3133711564196,
        "std": 267.40454679899585
    },
    "vix_close": {
        "mean": 14.728284652217608,
        "std": 3.514617510283816
    },
    "day_of_week": {
        "mean": 2.021929229934924,
        "std": 1.3549477666864305
    },
    "day_of_month": {
        "mean": 15.715767353579176,
        "std": 8.66196620147501
    },
    "hour_of_day": {
        "mean": 11.42326464208243,
        "std": 5.574557126590066
    },
    "dow_sin": {
        "mean": 0.360746044856534,
        "std": 0.5033876768054816
    },
    "dow_cos": {
        "mean": -0.09237127074145497,
        "std": 0.7511438873484648
    },
    "dom_sin": {
        "mean": 0.008071760408313757,
        "std": 0.715529393308718
    },
    "dom_cos": {
        "mean": -0.028352687395014602,
        "std": 0.6953422225153202
    },
    "hod_sin": {
        "mean": -0.00985872597121951,
        "std": 0.6851217065748543
    },
    "hod_cos": {
        "mean": -0.014516563153304267,
        "std": 0.6638594551290512
    },
    "CLOSE_15m_tick_1": {
        "mean": 1.2062376843817788,
        "std": 0.11365385537010933
    },
    "CLOSE_15m_tick_2": {
        "mean": 1.2062417041757052,
        "std": 0.1136529278715693
    },
    "CLOSE_15m_tick_3": {
        "mean": 1.2062200969360086,
        "std": 0.11365629218025496
    },
    "CLOSE_15m_tick_4": {
        "mean": 1.2062372786740783,
        "std": 0.11364403264334509
    },
    "CLOSE_15m_tick_5": {
        "mean": 1.2062341801111716,
        "std": 0.11365168854745565
    },
    "CLOSE_15m_tick_6": {
        "mean": 1.2062385303687637,
        "std": 0.1136497713710149
    },
    "CLOSE_15m_tick_7": {
        "mean": 1.2062166926518436,
        "std": 0.1136540773613063
    },
    "CLOSE_15m_tick_8": {
        "mean": 1.2062337432212584,
        "std": 0.11364101065774412
    },
    "CLOSE_30m_tick_1": {
        "mean": 1.2062482483731019,
        "std": 0.11365873464543268
    },
    "CLOSE_30m_tick_2": {
        "mean": 1.2062425952413232,
        "std": 0.11365157718259687
    },
    "CLOSE_30m_tick_3": {
        "mean": 1.2062453585954447,
        "std": 0.11365639140576987
    },
    "CLOSE_30m_tick_4": {
        "mean": 1.206240541621475,
        "std": 0.11364724416687477
    },
    "CLOSE_30m_tick_5": {
        "mean": 1.2062414452277657,
        "std": 0.11365152505515216
    },
    "CLOSE_30m_tick_6": {
        "mean": 1.2062361367950107,
        "std": 0.11364478072843602
    },
    "CLOSE_30m_tick_7": {
        "mean": 1.2062382595580263,
        "std": 0.11364859357434755
    },
    "CLOSE_30m_tick_8": {
        "mean": 1.2062327159029285,
        "std": 0.11364149593214884
    }
}