{
    "OPEN": {
        "min": 1.03553,
        "max": 1.60131
    },
    "HIGH": {
        "min": 1.03697,
        "max": 1.60384
    },
    "LOW": {
        "min": 1.03395,
        "max": 1.5992
    },
    "CLOSE": {
        "min": 1.03555,
        "max": 1.60139
    },
    "BC-BO": {
        "min": -0.02505,
        "max": 0.03022
    },
    "BH-BL": {
        "min": 0.0,
        "max": 0.0333000000000001
    },
    "BH-BO": {
        "min": 0.0,
        "max": 0.03169
    },
    "BO-BL": {
        "min": 0.0,
        "max": 0.0266599999999999
    },
    "CLOSE_15m_tick_1": {
        "min": 1.03558,
        "max": 1.6016
    },
    "CLOSE_15m_tick_2": {
        "min": 1.03561,
        "max": 1.6008
    },
    "CLOSE_15m_tick_3": {
        "min": 1.03572,
        "max": 1.6012
    },
    "CLOSE_15m_tick_4": {
        "min": 1.03448,
        "max": 1.6004
    },
    "CLOSE_15m_tick_5": {
        "min": 1.03558,
        "max": 1.6016
    },
    "CLOSE_15m_tick_6": {
        "min": 1.03561,
        "max": 1.6008
    },
    "CLOSE_15m_tick_7": {
        "min": 1.03572,
        "max": 1.6012
    },
    "CLOSE_15m_tick_8": {
        "min": 1.03448,
        "max": 1.6004
    },
    "CLOSE_30m_tick_1": {
        "min": 1.03561,
        "max": 1.6008
    },
    "CLOSE_30m_tick_2": {
        "min": 1.03448,
        "max": 1.6004
    },
    "CLOSE_30m_tick_3": {
        "min": 1.03561,
        "max": 1.6008
    },
    "CLOSE_30m_tick_4": {
        "min": 1.03448,
        "max": 1.6004
    },
    "CLOSE_30m_tick_5": {
        "min": 1.03561,
        "max": 1.6008
    },
    "CLOSE_30m_tick_6": {
        "min": 1.03448,
        "max": 1.6004
    },
    "CLOSE_30m_tick_7": {
        "min": 1.03561,
        "max": 1.6008
    },
    "CLOSE_30m_tick_8": {
        "min": 1.03448,
        "max": 1.6004
    }
}