{
    "typical_price": {
        "mean": 1.3530820400753714,
        "std": 0.10977521005320874
    },
    "typical_sd": {
        "mean": 0.001280678337865556,
        "std": 0.0010231367558107777
    },
    "RSI": {
        "mean": 50.53994947477481,
        "std": 17.587451299213768
    },
    "MACD": {
        "mean": 2.9249856787795334e-05,
        "std": 0.002085680487689703
    },
    "MACD_Signal": {
        "mean": 2.653211924197064e-05,
        "std": 0.0019696600148359287
    },
    "MACD_Histogram": {
        "mean": 2.717737545824392e-06,
        "std": 0.0006157296917039895
    },
    "EMA": {
        "mean": 1.35303299914293,
        "std": 0.10971815529052863
    },
    "Stochastic_%K": {
        "mean": 50.852683048644515,
        "std": 26.704328451714833
    },
    "Stochastic_%D": {
        "mean": 50.8430283631665,
        "std": 25.92252407717403
    },
    "ADX": {
        "mean": 27.414467072920107,
        "std": 11.050179186179118
    },
    "DI+": {
        "mean": 21.025362094757227,
        "std": 7.828287621270155
    },
    "DI-": {
        "mean": 20.823959414589073,
        "std": 7.613179443254001
    },
    "ATR": {
        "mean": 0.002408073327268354,
        "std": 0.0012035578423962787
    },
    "CCI": {
        "mean": 2.8101008918201664,
        "std": 119.98356376974992
    },
    "BB_MID_20_2": {
        "mean": 1.3530281175548051,
        "std": 0.10974728598760304
    },
    "BB_UP_20_2": {
        "mean": 1.3583988675051006,
        "std": 0.11032118103309846
    },
    "BB_LOW_20_2": {
        "mean": 1.347657367604509,
        "std": 0.10930849384019847
    },
    "BB_WIDTH_20_2": {
        "mean": 0.010741499900591658,
        "std": 0.007768686743707291
    },
    "WilliamsR": {
        "mean": -49.15110276495195,
        "std": 28.7824814977478
    },
    "Momentum": {
        "mean": 1.667654763546054e-05,
        "std": 0.003643059180899582
    },
    "ROC": {
        "mean": 0.005478141327304939,
        "std": 0.4671484503129508
    },
    "S&P500_Close": {
        "mean": 1230.1900456398043,
        "std": 204.36230074364997
    },
    "vix_close": {
        "mean": 22.008906647597907,
        "std": 12.401749608674015
    },
    "day_of_week": {
        "mean": 1.979318902523094,
        "std": 1.3810117756838145
    },
    "day_of_month": {
        "mean": 15.766269130015166,
        "std": 8.751046601422559
    },
    "hour_of_day": {
        "mean": 11.263546118847373,
        "std": 6.80955934391892
    },
    "dow_sin": {
        "mean": 0.380216184525725,
        "std": 0.5072408337844785
    },
    "dow_cos": {
        "mean": -0.07585850322075871,
        "std": 0.769686407113815
    },
    "dom_sin": {
        "mean": 0.00587953828967207,
        "std": 0.7144513651781778
    },
    "dom_cos": {
        "mean": -0.02735838562105675,
        "std": 0.6991499404656821
    },
    "hod_sin": {
        "mean": 0.009999547635235943,
        "std": 0.7112645227732498
    },
    "hod_cos": {
        "mean": -0.01959188921519756,
        "std": 0.7026047242757134
    },
    "CLOSE_15m_tick_1": {
        "mean": 1.3530854329243072,
        "std": 0.10974676323283299
    },
    "CLOSE_15m_tick_2": {
        "mean": 1.3530892513442714,
        "std": 0.10974863569660685
    },
    "CLOSE_15m_tick_3": {
        "mean": 1.3530734802840205,
        "std": 0.10975074611505002
    },
    "CLOSE_15m_tick_4": {
        "mean": 1.3530655232317663,
        "std": 0.10974109379510211
    },
    "CLOSE_15m_tick_5": {
        "mean": 1.3530886977802292,
        "std": 0.10974286879137161
    },
    "CLOSE_15m_tick_6": {
        "mean": 1.3530917337653385,
        "std": 0.10974496074713068
    },
    "CLOSE_15m_tick_7": {
        "mean": 1.3530787418999035,
        "std": 0.1097485860087122
    },
    "CLOSE_15m_tick_8": {
        "mean": 1.353071886460775,
        "std": 0.10973984011803954
    },
    "CLOSE_30m_tick_1": {
        "mean": 1.3530851609678756,
        "std": 0.10975303542513747
    },
    "CLOSE_30m_tick_2": {
        "mean": 1.3530635957534816,
        "std": 0.10975088981477701
    },
    "CLOSE_30m_tick_3": {
        "mean": 1.353088903901834,
        "std": 0.10975175241811934
    },
    "CLOSE_30m_tick_4": {
        "mean": 1.3530646504894526,
        "std": 0.10974747576039283
    },
    "CLOSE_30m_tick_5": {
        "mean": 1.353089254446436,
        "std": 0.10974730364764705
    },
    "CLOSE_30m_tick_6": {
        "mean": 1.35306733524059,
        "std": 0.109744011846659
    },
    "CLOSE_30m_tick_7": {
        "mean": 1.3530924003860474,
        "std": 0.10974389919700611
    },
    "CLOSE_30m_tick_8": {
        "mean": 1.3530736036812354,
        "std": 0.10974273602298824
    }
}