{
    "OPEN": {
        "min": 1.03553,
        "max": 1.60131
    },
    "HIGH": {
        "min": 1.03697,
        "max": 1.60384
    },
    "LOW": {
        "min": 1.03395,
        "max": 1.5992
    },
    "CLOSE": {
        "min": 1.03555,
        "max": 1.60139
    },
    "BC-BO": {
        "min": -0.02505,
        "max": 0.03022
    },
    "BH-BL": {
        "min": 0.0,
        "max": 0.0333000000000001
    },
    "BH-BO": {
        "min": 0.0,
        "max": 0.03169
    },
    "BO-BL": {
        "min": 0.0,
        "max": 0.0266599999999999
    },
    "S&P500_Close": {
        "min": 676.530029,
        "max": 3386.149902
    },
    "vix_close": {
        "min": 9.14000034332275,
        "max": 82.6900024414063
    }
}