{
    "OPEN": {
<<<<<<< HEAD
        "mean": 1.3525767184973683,
        "std": 0.10989139484079251
    },
    "LOW": {
        "mean": 1.3513766982008326,
        "std": 0.10977636688795517
    },
    "HIGH": {
        "mean": 1.3537986851972892,
        "std": 0.10999490090861537
    },
    "CLOSE": {
        "mean": 1.3525777790773676,
        "std": 0.10988925252152966
    },
    "RSI": {
        "mean": 50.52309180456941,
        "std": 17.60464324082974
    },
    "MACD": {
        "mean": 2.883199532202939e-05,
        "std": 0.002085186696845382
    },
    "MACD_Histogram": {
        "mean": 2.937782720721539e-06,
        "std": 0.0006154003399787556
    },
    "MACD_Signal": {
        "mean": 2.5894212601307476e-05,
        "std": 0.0019694666536792358
    },
    "EMA": {
        "mean": 1.3525348959989654,
        "std": 0.10982116089642789
    },
    "Stochastic_%K": {
        "mean": 50.85208083351811,
        "std": 26.7019381750003
    },
    "Stochastic_%D": {
        "mean": 50.83960349910332,
        "std": 25.92198889319537
    },
    "ADX": {
        "mean": 27.45337706759868,
        "std": 11.100444446592832
    },
    "DI+": {
        "mean": 21.021946896448163,
        "std": 7.832188325068414
    },
    "DI-": {
        "mean": 20.82350905569312,
        "std": 7.6305555264942715
    },
    "ATR": {
        "mean": 0.002405084706261075,
        "std": 0.0012034386267697835
    },
    "CCI": {
        "mean": 2.8536476493021037,
        "std": 120.0078614053708
    },
    "WilliamsR": {
        "mean": -49.148571779552974,
        "std": 28.775828455924703
    },
    "Momentum": {
        "mean": 1.7536550964944796e-05,
        "std": 0.003639574741169641
    },
    "ROC": {
        "mean": 0.0055238798961806685,
        "std": 0.4669373138441651
    },
    "BC-BO": {
        "mean": 1.0605799993121048e-06,
        "std": 0.0018336606765204466
    },
    "BH-BL": {
        "mean": 0.002421986996456662,
        "std": 0.001909772365545955
    },
    "BH-BO": {
        "mean": 0.0012219666999208358,
        "std": 0.0014547000864562737
    },
    "BO-BL": {
        "mean": 0.0012000202965357857,
        "std": 0.0014479427651926467
    },
    "S&P500_Close": {
        "mean": 1229.9819565206233,
        "std": 204.19852445623036
    },
    "vix_close": {
        "mean": 21.984741122357892,
        "std": 12.399144517752186
    },
    "CLOSE_15m_tick_1": {
        "mean": 1.3525881475110941,
        "std": 0.10985189768330392
    },
    "CLOSE_15m_tick_2": {
        "mean": 1.3525919484674394,
        "std": 0.10985392726240834
    },
    "CLOSE_15m_tick_3": {
        "mean": 1.3525759582372976,
        "std": 0.10985619022145382
    },
    "CLOSE_15m_tick_4": {
        "mean": 1.3525684715676496,
        "std": 0.10984667866328325
    },
    "CLOSE_15m_tick_5": {
        "mean": 1.3525915655853313,
        "std": 0.10984858455968569
    },
    "CLOSE_15m_tick_6": {
        "mean": 1.3525945550242526,
        "std": 0.1098508554640037
    },
    "CLOSE_15m_tick_7": {
        "mean": 1.3525813732842547,
        "std": 0.10985459837926109
    },
    "CLOSE_15m_tick_8": {
        "mean": 1.3525749891637138,
        "std": 0.10984600728108058
    },
    "CLOSE_30m_tick_1": {
        "mean": 1.3525876720905432,
        "std": 0.10985707719253933
    },
    "CLOSE_30m_tick_2": {
        "mean": 1.352565927620489,
        "std": 0.10985517063461968
    },
    "CLOSE_30m_tick_3": {
        "mean": 1.3525914345178711,
        "std": 0.10985639123847045
    },
    "CLOSE_30m_tick_4": {
        "mean": 1.3525670810829407,
        "std": 0.10985231390384968
    },
    "CLOSE_30m_tick_5": {
        "mean": 1.3525919615397848,
        "std": 0.10985245378847551
    },
    "CLOSE_30m_tick_6": {
        "mean": 1.3525698252433866,
        "std": 0.10984944783262592
    },
    "CLOSE_30m_tick_7": {
        "mean": 1.3525952609308884,
        "std": 0.10984962867934644
    },
    "CLOSE_30m_tick_8": {
        "mean": 1.3525762451408714,
        "std": 0.10984874228024198
    },
    "day_of_month": {
        "mean": 15.759365647253087,
        "std": 8.742178408069295
    },
    "hour_of_day": {
        "mean": 11.263132546699232,
        "std": 6.808448507039726
    },
    "day_of_week": {
        "mean": 1.9802882796105816,
        "std": 1.3818012694746515
=======
        "mean": 1.3528031364988071,
        "std": 0.10982567025812187
    },
    "LOW": {
        "mean": 1.3516204212280645,
        "std": 0.10971115394940843
    },
    "HIGH": {
        "mean": 1.3540051877389627,
        "std": 0.10992891848778316
    },
    "CLOSE": {
        "mean": 1.3528036054377308,
        "std": 0.10982269353450405
    },
    "stl_trend": {
        "mean": 1.352801858824875,
        "std": 0.10995321187915794
    },
    "stl_seasonal": {
        "mean": 1.6279543231745743e-06,
        "std": 0.005132483662243659
    },
    "stl_residual": {
        "mean": 1.1911090177115828e-07,
        "std": 0.00015257447724663532
    },
    "CLOSE_wav_detail_L1": {
        "mean": 5.406673021318719e-06,
        "std": 0.0012598259258057934
    },
    "CLOSE_wav_detail_L2": {
        "mean": 5.4748403928941285e-06,
        "std": 0.0011726204336220296
    },
    "CLOSE_wav_approx_L2": {
        "mean": 1.3527776765138397,
        "std": 0.1098299222976163
    },
    "CLOSE_mtm_band_1_0.000_0.010": {
        "mean": 0.003030274599463181,
        "std": 0.005545974305561099
    },
    "CLOSE_mtm_band_2_0.010_0.060": {
        "mean": 0.00036853527476952714,
        "std": 0.0005380790254666252
    },
    "CLOSE_mtm_band_3_0.060_0.200": {
        "mean": 1.3293752100696056e-05,
        "std": 1.6797775226970043e-05
    },
    "CLOSE_mtm_band_4_0.200_0.500": {
        "mean": 2.4145307968491224e-06,
        "std": 2.8606820927063398e-06
    },
    "RSI": {
        "mean": 50.43469668777597,
        "std": 12.889111797896314
    },
    "MACD": {
        "mean": -0.00030695611315780837,
        "std": 0.03314129164991119
    },
    "MACD_Histogram": {
        "mean": 1.2930198988476203e-07,
        "std": 0.0006116507850389899
    },
    "MACD_Signal": {
        "mean": -0.0002792191855767784,
        "std": 0.028668236386254837
    },
    "EMA": {
        "mean": 1.352790609753047,
        "std": 0.10979132997741757
    },
    "Stochastic_%K": {
        "mean": 50.753626325501195,
        "std": 26.750498394053494
    },
    "Stochastic_%D": {
        "mean": 4.156817080545711,
        "std": 2.1276641783912473
    },
    "ADX": {
        "mean": 4.4662494073352486,
        "std": 1.6351347963251244
    },
    "DI+": {
        "mean": 25.776806523791965,
        "std": 14.941070794213264
    },
    "DI-": {
        "mean": 20.6804380420829,
        "std": 11.881119408453317
    },
    "ATR": {
        "mean": -6.135535491840294,
        "std": 0.43565129136985464
    },
    "CCI": {
        "mean": 2.0861152703934978,
        "std": 114.4057234166716
    },
    "WilliamsR": {
        "mean": -49.245522237781366,
        "std": 28.816972984734573
    },
    "Momentum": {
        "mean": 2.8459854253128193e-05,
        "std": 0.005764094843352882
    },
    "ROC": {
        "mean": 0.0030842054428916873,
        "std": 0.4247791443201547
    },
    "BC-BO": {
        "mean": 4.6893892356477174e-07,
        "std": 0.0018080300511080837
    },
    "BH-BL": {
        "mean": 0.002384766510898293,
        "std": 0.0018895378429720693
    },
    "BH-BO": {
        "mean": 0.0012020512401555085,
        "std": 0.0014366425518158917
    },
    "BO-BL": {
        "mean": 0.0011827152707427433,
        "std": 0.0014300759119682946
    },
    "S&P500_Close": {
        "mean": 1230.3710641540474,
        "std": 204.2695236622387
    },
    "vix_close": {
        "mean": 21.957120669347383,
        "std": 12.36433357532932
    },
    "CLOSE_15m_tick_1": {
        "mean": 1.2708805937714454,
        "std": 0.4439250564719285
    },