{
    "OPEN": {
        "mean": 1.3525767184973683,
        "std": 0.10989139484079251
    },
    "LOW": {
        "mean": 1.3513766982008326,
        "std": 0.10977636688795517
    },
    "HIGH": {
        "mean": 1.3537986851972892,
        "std": 0.10999490090861537
    },
    "CLOSE": {
        "mean": 1.3525777790773676,
        "std": 0.10988925252152966
    },
    "RSI": {
        "mean": 50.52309180456941,
        "std": 17.60464324082974
    },
    "MACD": {
        "mean": 2.883199532202939e-05,
        "std": 0.002085186696845382
    },
    "MACD_Histogram": {
        "mean": 2.937782720721539e-06,
        "std": 0.0006154003399787556
    },
    "MACD_Signal": {
        "mean": 2.5894212601307476e-05,
        "std": 0.0019694666536792358
    },
    "EMA": {
        "mean": 1.3525348959989654,
        "std": 0.10982116089642789
    },
    "Stochastic_%K": {
        "mean": 50.85208083351811,
        "std": 26.7019381750003
    },
    "Stochastic_%D": {
        "mean": 50.83960349910332,
        "std": 25.92198889319537
    },
    "ADX": {
        "mean": 27.45337706759868,
        "std": 11.100444446592832
    },
    "DI+": {
        "mean": 21.021946896448163,
        "std": 7.832188325068414
    },
    "DI-": {
        "mean": 20.82350905569312,
        "std": 7.6305555264942715
    },
    "ATR": {
        "mean": 0.002405084706261075,
        "std": 0.0012034386267697835
    },
    "CCI": {
        "mean": 2.8536476493021037,
        "std": 120.0078614053708
    },
    "WilliamsR": {
        "mean": -49.148571779552974,
        "std": 28.775828455924703
    },
    "Momentum": {
        "mean": 1.7536550964944796e-05,
        "std": 0.003639574741169641
    },
    "ROC": {
        "mean": 0.0055238798961806685,
        "std": 0.4669373138441651
    },
    "BC-BO": {
        "mean": 1.0605799993121048e-06,
        "std": 0.0018336606765204466
    },
    "BH-BL": {
        "mean": 0.002421986996456662,
        "std": 0.001909772365545955
    },
    "BH-BO": {
        "mean": 0.0012219666999208358,
        "std": 0.0014547000864562737
    },
    "BO-BL": {
        "mean": 0.0012000202965357857,
        "std": 0.0014479427651926467
    },
    "S&P500_Close": {
        "mean": 1229.9819565206233,
        "std": 204.19852445623036
    },
    "vix_close": {
        "mean": 21.984741122357892,
        "std": 12.399144517752186
    },
    "CLOSE_15m_tick_1": {
        "mean": 1.3525881475110941,
        "std": 0.10985189768330392
    },
    "CLOSE_15m_tick_2": {
        "mean": 1.3525919484674394,
        "std": 0.10985392726240834
    },
    "CLOSE_15m_tick_3": {
        "mean": 1.3525759582372976,
        "std": 0.10985619022145382
    },
    "CLOSE_15m_tick_4": {
        "mean": 1.3525684715676496,
        "std": 0.10984667866328325
    },
    "CLOSE_15m_tick_5": {
        "mean": 1.3525915655853313,
        "std": 0.10984858455968569
    },
    "CLOSE_15m_tick_6": {
        "mean": 1.3525945550242526,
        "std": 0.1098508554640037
    },
    "CLOSE_15m_tick_7": {
        "mean": 1.3525813732842547,
        "std": 0.10985459837926109
    },
    "CLOSE_15m_tick_8": {
        "mean": 1.3525749891637138,
        "std": 0.10984600728108058
    },
    "CLOSE_30m_tick_1": {
        "mean": 1.3525876720905432,
        "std": 0.10985707719253933
    },
    "CLOSE_30m_tick_2": {
        "mean": 1.352565927620489,
        "std": 0.10985517063461968
    },
    "CLOSE_30m_tick_3": {
        "mean": 1.3525914345178711,
        "std": 0.10985639123847045
    },
    "CLOSE_30m_tick_4": {
        "mean": 1.3525670810829407,
        "std": 0.10985231390384968
    },
    "CLOSE_30m_tick_5": {
        "mean": 1.3525919615397848,
        "std": 0.10985245378847551
    },
    "CLOSE_30m_tick_6": {
        "mean": 1.3525698252433866,
        "std": 0.10984944783262592
    },
    "CLOSE_30m_tick_7": {
        "mean": 1.3525952609308884,
        "std": 0.10984962867934644
    },
    "CLOSE_30m_tick_8": {
        "mean": 1.3525762451408714,
        "std": 0.10984874228024198
    },
    "day_of_month": {
        "mean": 15.759365647253087,
        "std": 8.742178408069295
    },
    "hour_of_day": {
        "mean": 11.263132546699232,
        "std": 6.808448507039726
    },
    "day_of_week": {
        "mean": 1.9802882796105816,
        "std": 1.3818012694746515
    }
}