{
    "OPEN": {
        "mean": 1.2072239027830334,
        "std": 0.11368954509912295
    },
    "LOW": {
        "mean": 1.206387637689635,
        "std": 0.11376153499786076
    },
    "HIGH": {
        "mean": 1.2081004743885237,
        "std": 0.11360172153690401
    },
    "CLOSE": {
        "mean": 1.207226065224122,
        "std": 0.11368529552652577
    },
    "RSI": {
        "mean": 49.88441480190771,
        "std": 17.42609126585384
    },
    "MACD": {
        "mean": -1.066490116881029e-05,
        "std": 0.0014425378692097088
    },
    "MACD_Histogram": {
        "mean": -3.4634141830583043e-07,
        "std": 0.0004418763798950784
    },
    "MACD_Signal": {
        "mean": -1.0318559750505085e-05,
        "std": 0.0013565191068323382
    },
    "EMA": {
        "mean": 1.2072406352473672,
        "std": 0.11366417392688193
    },
    "Stochastic_%K": {
        "mean": 49.29366157248518,
        "std": 26.323341045593416
    },
    "Stochastic_%D": {
        "mean": 49.29213528435618,
        "std": 25.512763872655214
    },
    "ADX": {
        "mean": 27.501481490185956,
        "std": 11.162273503613271
    },
    "DI+": {
        "mean": 20.87911943738074,
        "std": 7.796578559409158
    },
    "DI-": {
        "mean": 20.561105394119025,
        "std": 7.7217608997667035
    },
    "ATR": {
        "mean": 0.0017019866925548637,
        "std": 0.0006174450897140756
    },
    "CCI": {
        "mean": 0.26257149351514214,
        "std": 120.64584312281916
    },
    "WilliamsR": {
        "mean": -50.707960852357424,
        "std": 28.4965680351907
    },
    "Momentum": {
        "mean": -4.668547249646936e-06,
        "std": 0.002640460982518237
    },
    "ROC": {
        "mean": -0.0009754468424514774,
        "std": 0.3825633498301206
    },
    "BC-BO": {
        "mean": 2.162441088447577e-06,
        "std": 0.0013048072361022715
    },
    "BH-BL": {
        "mean": 0.0017128366988888159,
        "std": 0.0013850538895898233
    },
    "BH-BO": {
        "mean": 0.0008765716054903504,
        "std": 0.0010607411307494235
    },
    "BO-BL": {
        "mean": 0.0008362650933984277,
        "std": 0.001016798806496919
    },
    "S&P500_Close": {
        "mean": 1973.2576285054524,
        "std": 270.4509097023913
    },
    "vix_close": {
        "mean": 14.761021032795629,
        "std": 3.4981192879930965
    },
    "CLOSE_15m_tick_1": {
        "mean": 1.2072753772059583,
        "std": 0.11369247071539654
    },
    "CLOSE_15m_tick_2": {
        "mean": 1.2072788781863841,
        "std": 0.11369136596348996
    },
    "CLOSE_15m_tick_3": {
        "mean": 1.2072585042485122,
        "std": 0.11369430105995001
    },
    "CLOSE_15m_tick_4": {
        "mean": 1.2072752175857442,
        "std": 0.11368236163214666
    },
    "CLOSE_15m_tick_5": {
        "mean": 1.2072731180983178,
        "std": 0.11368954054952657
    },
    "CLOSE_15m_tick_6": {
        "mean": 1.2072765936220717,
        "std": 0.11368829706211937
    },
    "CLOSE_15m_tick_7": {
        "mean": 1.2072550933984658,
        "std": 0.1136915298809319
    },
    "CLOSE_15m_tick_8": {
        "mean": 1.207272236059032,
        "std": 0.11367958123705303
    },
    "CLOSE_30m_tick_1": {
        "mean": 1.2072840114899033,
        "std": 0.1136963104419368
    },
    "CLOSE_30m_tick_2": {
        "mean": 1.207279163713922,
        "std": 0.1136895265057348
    },
    "CLOSE_30m_tick_3": {
        "mean": 1.2072816116825482,
        "std": 0.11369362663537877
    },
    "CLOSE_30m_tick_4": {
        "mean": 1.207277188413774,
        "std": 0.11368603954747716
    },
    "CLOSE_30m_tick_5": {
        "mean": 1.207278596098937,
        "std": 0.11368997849531777
    },
    "CLOSE_30m_tick_6": {
        "mean": 1.2072738088685542,
        "std": 0.11368322221521462
    },
    "CLOSE_30m_tick_7": {
        "mean": 1.207276183219237,
        "std": 0.11368716636928194
    },
    "CLOSE_30m_tick_8": {
        "mean": 1.2072707461556984,
        "std": 0.11368018697060177
    },
    "day_of_month": {
        "mean": 15.658983797172246,
        "std": 8.72198478897169
    },
    "hour_of_day": {
        "mean": 11.250782620661186,
        "std": 6.803685778902778
    },
    "day_of_week": {
        "mean": 1.9768825897003681,
        "std": 1.3842484245924231
    }
}