{
    "BaseFeaturePlugin__OPEN": {
        "mean": 1.3525094999656098,
        "std": 0.10989474338295223
    },
    "BaseFeaturePlugin__HIGH": {
        "mean": 1.3537311857761882,
        "std": 0.10999846041541622
    },
    "BaseFeaturePlugin__LOW": {
        "mean": 1.3513096241144509,
        "std": 0.10977977091628123
    },
    "BaseFeaturePlugin__CLOSE": {
        "mean": 1.3525105330490406,
        "std": 0.109892795206618
    },
    "BaseFeaturePlugin__BC-BO": {
        "mean": 1.0330834307725598e-06,
        "std": 0.0018336214989924256
    },
    "BaseFeaturePlugin__BH-BL": {
        "mean": 0.0024215616617373516,
        "std": 0.0019099393538225587
    },
    "BaseFeaturePlugin__BH-BO": {
        "mean": 0.001221685810578402,
        "std": 0.0014545506464276813
    },
    "BaseFeaturePlugin__BO-BL": {
        "mean": 0.001199875851158909,
        "std": 0.0014481715984299784
    },
    "TechnicalFeaturePlugin__RSI_14": {
        "mean": 50.52762047281949,
        "std": 17.594439888896744
    },
    "TechnicalFeaturePlugin__MACD_12_26": {
        "mean": 2.9168323606813065e-05,
        "std": 0.0020847424886057267
    },
    "TechnicalFeaturePlugin__MACD_SIGNAL_9": {
        "mean": 2.6237036024486264e-05,
        "std": 0.001969096285827185
    },
    "TechnicalFeaturePlugin__MACD_HIST_12_26_9": {
        "mean": 2.9312875823264624e-06,
        "std": 0.0006151605694633733
    },
    "TechnicalFeaturePlugin__EMA_20": {
        "mean": 1.3524674066321567,
        "std": 0.10982339054243764
    },
    "TechnicalFeaturePlugin__STOCH_K_14": {
        "mean": 50.84790635343998,
        "std": 26.6978591658536
    },
    "TechnicalFeaturePlugin__STOCH_D_3": {
        "mean": 50.8383088990295,
        "std": 25.917647347180903
    },
    "TechnicalFeaturePlugin__ADX_14": {
        "mean": 27.450934568100674,
        "std": 11.09905303908081
    },
    "TechnicalFeaturePlugin__ATR_14": {
        "mean": 0.00240469946118033,
        "std": 0.0012033689683445892
    },
    "TechnicalFeaturePlugin__CCI_20": {
        "mean": 2.8568762619366117,
        "std": 120.02060457671381
    },
    "TechnicalFeaturePlugin__BB_MID_20_2": {
        "mean": 1.3524621627347138,
        "std": 0.10985236494348416
    },
    "TechnicalFeaturePlugin__BB_UP_20_2": {
        "mean": 1.3578265760954777,
        "std": 0.11043198486640365
    },
    "TechnicalFeaturePlugin__BB_LOW_20_2": {
        "mean": 1.347097749373949,
        "std": 0.10940752344442363
    },
    "TechnicalFeaturePlugin__BB_WIDTH_20_2": {
        "mean": 0.01072882672152859,
        "std": 0.007764702238059036
    },
    "TechnicalFeaturePlugin__WILLR_14": {
        "mean": -49.15647892383867,
        "std": 28.774785190089055
    },
    "TechnicalFeaturePlugin__MOM_4": {
        "mean": 1.7351949927779764e-05,
        "std": 0.0036387177145133396
    },
    "TechnicalFeaturePlugin__ROC_12": {
        "mean": 0.0055327903423351265,
        "std": 0.46679838337670215
    },
    "FundamentalFeaturePlugin__date_time": {
        "mean": NaN,
        "std": NaN
    },
    "FundamentalFeaturePlugin__SP500": {
        "mean": 1229.936202727182,
        "std": 204.17505682327047
    },
    "FundamentalFeaturePlugin__VIX": {
        "mean": 21.98186222163394,
        "std": 12.398237589400523
    },
    "SeasonalFeaturePlugin__datetime": {
        "mean": NaN,
        "std": NaN
    },
    "SeasonalFeaturePlugin__dow_sin": {
        "mean": 0.3798483753789293,
        "std": 0.5074725830691551
    },
    "SeasonalFeaturePlugin__dow_cos": {
        "mean": -0.07612995953487178,
        "std": 0.7696884099248753
    },
    "SeasonalFeaturePlugin__dom_sin": {
        "mean": 0.007609136412161313,
        "std": 0.7138667622019756
    },
    "SeasonalFeaturePlugin__dom_cos": {
        "mean": -0.029396727914187237,
        "std": 0.6996474390623302
    },
    "SeasonalFeaturePlugin__hod_sin": {
        "mean": 0.010286706226995098,
        "std": 0.7112508580658687
    },
    "SeasonalFeaturePlugin__hod_cos": {
        "mean": -0.019655621235341276,
        "std": 0.7026125757818044
    },
    "HighFreqFeaturePlugin__M15_LAG_1": {
        "mean": 1.3525212335786505,
        "std": 0.10985448716434418
    },
    "HighFreqFeaturePlugin__M15_LAG_2": {
        "mean": 1.352524918495082,
        "std": 0.10985661260324782
    },
    "HighFreqFeaturePlugin__M15_LAG_3": {
        "mean": 1.3525090535800262,
        "std": 0.10985882801799833
    },
    "HighFreqFeaturePlugin__M15_LAG_4": {
        "mean": 1.352501471215352,
        "std": 0.10984947365411245
    },
    "HighFreqFeaturePlugin__M15_LAG_5": {
        "mean": 1.3525245869729692,
        "std": 0.10985138792104535
    },
    "HighFreqFeaturePlugin__M15_LAG_6": {
        "mean": 1.3525274891670678,
        "std": 0.10985374404693209
    },
    "HighFreqFeaturePlugin__M15_LAG_7": {
        "mean": 1.3525144425338742,
        "std": 0.10985744130656107
    },
    "HighFreqFeaturePlugin__M15_LAG_8": {
        "mean": 1.3525079651282756,
        "std": 0.109848994521022
    },
    "HighFreqFeaturePlugin__M30_LAG_1": {
        "mean": 1.3525207744686705,
        "std": 0.1098592286174953
    },
    "HighFreqFeaturePlugin__M30_LAG_2": {
        "mean": 1.3524991282068919,
        "std": 0.10985738183852987
    },
    "HighFreqFeaturePlugin__M30_LAG_3": {
        "mean": 1.3525245845656513,
        "std": 0.10985875379959155
    },
    "HighFreqFeaturePlugin__M30_LAG_4": {
        "mean": 1.3525002551757341,
        "std": 0.10985473114113516
    },
    "HighFreqFeaturePlugin__M30_LAG_5": {
        "mean": 1.352525046426852,
        "std": 0.10985504540683323
    },
    "HighFreqFeaturePlugin__M30_LAG_6": {
        "mean": 1.3525029224843526,
        "std": 0.10985208414383157
    },
    "HighFreqFeaturePlugin__M30_LAG_7": {
        "mean": 1.3525282811747712,
        "std": 0.10985243394339642
    },
    "HighFreqFeaturePlugin__M30_LAG_8": {
        "mean": 1.3525093159777148,
        "std": 0.1098515840480987
    }
}