{
    "OPEN": {
        "mean": 1.3528031364988071,
        "std": 0.10982567025812187
    },
    "LOW": {
        "mean": 1.3516204212280645,
        "std": 0.10971115394940843
    },
    "HIGH": {
        "mean": 1.3540051877389627,
        "std": 0.10992891848778316
    },
    "CLOSE": {
        "mean": 1.3528036054377308,
        "std": 0.10982269353450405
    },
    "stl_trend": {
        "mean": 1.352801858824875,
        "std": 0.10995321187915794
    },
    "stl_seasonal": {
        "mean": 1.6279543231745743e-06,
        "std": 0.005132483662243659
    },
    "stl_residual": {
        "mean": 1.1911090177115828e-07,
        "std": 0.00015257447724663532
    },
    "CLOSE_wav_detail_L1": {
        "mean": 5.406673021318719e-06,
        "std": 0.0012598259258057934
    },
    "CLOSE_wav_detail_L2": {
        "mean": 5.4748403928941285e-06,
        "std": 0.0011726204336220296
    },
    "CLOSE_wav_approx_L2": {
        "mean": 1.3527776765138397,
        "std": 0.1098299222976163
    },
    "CLOSE_mtm_band_1_0.000_0.010": {
        "mean": 0.003030274599463181,
        "std": 0.005545974305561099
    },
    "CLOSE_mtm_band_2_0.010_0.060": {
        "mean": 0.00036853527476952714,
        "std": 0.0005380790254666252
    },
    "CLOSE_mtm_band_3_0.060_0.200": {
        "mean": 1.3293752100696056e-05,
        "std": 1.6797775226970043e-05
    },
    "CLOSE_mtm_band_4_0.200_0.500": {
        "mean": 2.4145307968491224e-06,
        "std": 2.8606820927063398e-06
    },
    "RSI": {
        "mean": 50.43469668777597,
        "std": 12.889111797896314
    },
    "MACD": {
        "mean": -0.00030695611315780837,
        "std": 0.03314129164991119
    },
    "MACD_Histogram": {
        "mean": 1.2930198988476203e-07,
        "std": 0.0006116507850389899
    },
    "MACD_Signal": {
        "mean": -0.0002792191855767784,
        "std": 0.028668236386254837
    },
    "EMA": {
        "mean": 1.352790609753047,
        "std": 0.10979132997741757
    },
    "Stochastic_%K": {
        "mean": 50.753626325501195,
        "std": 26.750498394053494
    },
    "Stochastic_%D": {
        "mean": 4.156817080545711,
        "std": 2.1276641783912473
    },
    "ADX": {
        "mean": 4.4662494073352486,
        "std": 1.6351347963251244
    },
    "DI+": {
        "mean": 25.776806523791965,
        "std": 14.941070794213264
    },
    "DI-": {
        "mean": 20.6804380420829,
        "std": 11.881119408453317
    },
    "ATR": {
        "mean": -6.135535491840294,
        "std": 0.43565129136985464
    },
    "CCI": {
        "mean": 2.0861152703934978,
        "std": 114.4057234166716
    },
    "WilliamsR": {
        "mean": -49.245522237781366,
        "std": 28.816972984734573
    },
    "Momentum": {
        "mean": 2.8459854253128193e-05,
        "std": 0.005764094843352882
    },
    "ROC": {
        "mean": 0.0030842054428916873,
        "std": 0.4247791443201547
    },
    "BC-BO": {
        "mean": 4.6893892356477174e-07,
        "std": 0.0018080300511080837
    },
    "BH-BL": {
        "mean": 0.002384766510898293,
        "std": 0.0018895378429720693
    },
    "BH-BO": {
        "mean": 0.0012020512401555085,
        "std": 0.0014366425518158917
    },
    "BO-BL": {
        "mean": 0.0011827152707427433,
        "std": 0.0014300759119682946
    },
    "S&P500_Close": {
        "mean": 1230.3710641540474,
        "std": 204.2695236622387
    },
    "vix_close": {
        "mean": 21.957120669347383,
        "std": 12.36433357532932
    },
    "CLOSE_15m_tick_1": {
        "mean": 1.2708805937714454,
        "std": 0.4439250564719285
    },
    "CLOSE_15m_tick_2": {
        "mean": 1.2708959955557009,
        "std": 0.4439285914009724
    },
    "CLOSE_15m_tick_3": {
        "mean": 1.2707493212640109,
        "std": 0.4443074267257455
    },
    "CLOSE_15m_tick_4": {
        "mean": 1.2710319476487697,
        "std": 0.4435453131916495
    },
    "CLOSE_15m_tick_5": {
        "mean": 1.251359177804647,
        "std": 0.48922431276005307
    },
    "CLOSE_15m_tick_6": {
        "mean": 1.2513746397176562,
        "std": 0.48922807622984055
    },
    "CLOSE_15m_tick_7": {
        "mean": 1.2512281147674913,
        "std": 0.48956607826117887
    },
    "CLOSE_15m_tick_8": {
        "mean": 1.2514323129963074,
        "std": 0.48905433077850563
    },
    "CLOSE_30m_tick_1": {
        "mean": 1.2714182699911767,
        "std": 0.44259798139183953
    },
    "CLOSE_30m_tick_2": {
        "mean": 1.271371504199209,
        "std": 0.44279335750819604
    },
    "CLOSE_30m_tick_3": {
        "mean": 1.2518968540243782,
        "std": 0.4880419435380327
    },
    "CLOSE_30m_tick_4": {
        "mean": 1.2517720780366655,
        "std": 0.4883862773971859
    },
    "CLOSE_30m_tick_5": {
        "mean": 1.2322176556321691,
        "std": 0.5291862190704938
    },
    "CLOSE_30m_tick_6": {
        "mean": 1.232173028985981,
        "std": 0.5293468490897562
    },
    "CLOSE_30m_tick_7": {
        "mean": 1.2125399578445146,
        "std": 0.5666718140938024
    },
    "CLOSE_30m_tick_8": {
        "mean": 1.212415018463449,
        "std": 0.5669595608397382
    },
    "day_of_month": {
        "mean": 15.740400640501944,
        "std": 8.782397990693255
    },
    "hour_of_day": {
        "mean": 11.497728832391099,
        "std": 6.924655419930033
    },
    "day_of_week": {
        "mean": 2.042809058527499,
        "std": 1.5038938580841734
    }
}