{
    "BaseFeaturePlugin__OPEN": {
        "mean": 1.2072660771029644,
        "std": 0.11368663466752008
    },
    "BaseFeaturePlugin__HIGH": {
        "mean": 1.2081426181305455,
        "std": 0.11359877906004866
    },
    "BaseFeaturePlugin__LOW": {
        "mean": 1.2064296330559185,
        "std": 0.11375856310532242
    },
    "BaseFeaturePlugin__CLOSE": {
        "mean": 1.2072681157576175,
        "std": 0.11368233957787906
    },
    "BaseFeaturePlugin__BC-BO": {
        "mean": 2.03865465300514e-06,
        "std": 0.0013047424844527633
    },
    "BaseFeaturePlugin__BH-BL": {
        "mean": 0.0017129850746268307,
        "std": 0.0013849179444339016
    },
    "BaseFeaturePlugin__BH-BO": {
        "mean": 0.0008765410275809544,
        "std": 0.0010607061406531348
    },
    "BaseFeaturePlugin__BO-BL": {
        "mean": 0.0008364440470458386,
        "std": 0.0010167088562559343
    },
    "TechnicalFeaturePlugin__RSI_14": {
        "mean": 49.87726951360894,
        "std": 17.42752422291068
    },
    "TechnicalFeaturePlugin__MACD_12_26": {
        "mean": -1.0684965294775592e-05,
        "std": 0.0014423123731695858
    },
    "TechnicalFeaturePlugin__MACD_SIGNAL_9": {
        "mean": -1.0192238385743364e-05,
        "std": 0.0013563428968572141
    },
    "TechnicalFeaturePlugin__MACD_HIST_12_26_9": {
        "mean": -4.927269090328435e-07,
        "std": 0.000441853979681671
    },
    "TechnicalFeaturePlugin__EMA_20": {
        "mean": 1.2072831483708586,
        "std": 0.11366137813960281
    },
    "TechnicalFeaturePlugin__STOCH_K_14": {
        "mean": 49.27944687168415,
        "std": 26.324535135022
    },
    "TechnicalFeaturePlugin__STOCH_D_3": {
        "mean": 49.27819420736128,
        "std": 25.514410766073713
    },
    "TechnicalFeaturePlugin__ADX_14": {
        "mean": 27.499019408145585,
        "std": 11.161398930865918
    },
    "TechnicalFeaturePlugin__ATR_14": {
        "mean": 0.001701956045648683,
        "std": 0.0006173562891267284
    },
    "TechnicalFeaturePlugin__CCI_20": {
        "mean": 0.20819209280155546,
        "std": 120.63280351174701
    },
    "TechnicalFeaturePlugin__BB_MID_20_2": {
        "mean": 1.207284544741729,
        "std": 0.11367336369246188
    },
    "TechnicalFeaturePlugin__BB_UP_20_2": {
        "mean": 1.2111301447160272,
        "std": 0.11332663328000436
    },
    "TechnicalFeaturePlugin__BB_LOW_20_2": {
        "mean": 1.203438944767431,
        "std": 0.11408587599357829
    },
    "TechnicalFeaturePlugin__BB_WIDTH_20_2": {
        "mean": 0.007691199948596466,
        "std": 0.005521899217714171
    },
    "TechnicalFeaturePlugin__WILLR_14": {
        "mean": -50.72257521423324,
        "std": 28.497298587740286
    },
    "TechnicalFeaturePlugin__MOM_4": {
        "mean": -4.9814292592333125e-06,
        "std": 0.0026401690073002797
    },
    "TechnicalFeaturePlugin__ROC_12": {
        "mean": -0.0010520017626721222,
        "std": 0.3825225203926744
    },
    "FundamentalFeaturePlugin__date_time": {
        "mean": NaN,
        "std": NaN
    },
    "FundamentalFeaturePlugin__SP500": {
        "mean": 1972.9144691159986,
        "std": 270.5618910621663
    },
    "FundamentalFeaturePlugin__VIX": {
        "mean": 14.762142527209194,
        "std": 3.4970920993949592
    },
    "SeasonalFeaturePlugin__datetime": {
        "mean": NaN,
        "std": NaN
    },
    "SeasonalFeaturePlugin__dow_sin": {
        "mean": 0.3781475656170318,
        "std": 0.507452146426681
    },
    "SeasonalFeaturePlugin__dow_cos": {
        "mean": -0.0740478274422292,
        "std": 0.7707418128036492
    },
    "SeasonalFeaturePlugin__dom_sin": {
        "mean": 0.014689594545690873,
        "std": 0.7162782258500725
    },
    "SeasonalFeaturePlugin__dom_cos": {
        "mean": -0.030433734849582485,
        "std": 0.6970207019427509
    },
    "SeasonalFeaturePlugin__hod_sin": {
        "mean": 0.011092348929294527,
        "std": 0.7112029167268891
    },
    "SeasonalFeaturePlugin__hod_cos": {
        "mean": -0.020956871244171164,
        "std": 0.7026112386587172
    },
    "HighFreqFeaturePlugin__M15_LAG_1": {
        "mean": 1.2073176917257034,
        "std": 0.11368949197961445
    },
    "HighFreqFeaturePlugin__M15_LAG_2": {
        "mean": 1.2073212366737738,
        "std": 0.11368842537948023
    },
    "HighFreqFeaturePlugin__M15_LAG_3": {
        "mean": 1.2073009140931288,
        "std": 0.11369139928511335
    },
    "HighFreqFeaturePlugin__M15_LAG_4": {
        "mean": 1.2073175706719859,
        "std": 0.113679412881423
    },
    "HighFreqFeaturePlugin__M15_LAG_5": {
        "mean": 1.207315413714836,
        "std": 0.11368659945382051
    },
    "HighFreqFeaturePlugin__M15_LAG_6": {
        "mean": 1.2073189222092304,
        "std": 0.11368539047477383
    },
    "HighFreqFeaturePlugin__M15_LAG_7": {
        "mean": 1.2072974633743725,
        "std": 0.11368865832373484
    },
    "HighFreqFeaturePlugin__M15_LAG_8": {
        "mean": 1.2073144934314604,
        "std": 0.1136766483401107
    },
    "HighFreqFeaturePlugin__M30_LAG_1": {
        "mean": 1.2073265788568677,
        "std": 0.11369344609832432
    },
    "HighFreqFeaturePlugin__M30_LAG_2": {
        "mean": 1.207321625971525,
        "std": 0.11368654519065301
    },
    "HighFreqFeaturePlugin__M30_LAG_3": {
        "mean": 1.2073240769654034,
        "std": 0.11369070082117362
    },
    "HighFreqFeaturePlugin__M30_LAG_4": {
        "mean": 1.2073195618680788,
        "std": 0.11368305878719419
    },
    "HighFreqFeaturePlugin__M30_LAG_5": {
        "mean": 1.2073209546736363,
        "std": 0.11368703840996112
    },
    "HighFreqFeaturePlugin__M30_LAG_6": {
        "mean": 1.207316162390811,
        "std": 0.11368027374513197
    },
    "HighFreqFeaturePlugin__M30_LAG_7": {
        "mean": 1.2073185119334207,
        "std": 0.11368426025577925
    },
    "HighFreqFeaturePlugin__M30_LAG_8": {
        "mean": 1.2073130039892706,
        "std": 0.11367725445548874
    }
}