{
    "OPEN": {
        "mean": 1.2071856184438416,
        "std": 0.11368739047886024
    },
    "LOW": {
        "mean": 1.2063598186333782,
        "std": 0.11375895572408541
    },
    "HIGH": {
        "mean": 1.2080505287408907,
        "std": 0.11360060515739188
    },
    "CLOSE": {
        "mean": 1.2071887078853631,
        "std": 0.11368314478074085
    },
    "stl_trend": {
        "mean": 1.2071879306264501,
        "std": 0.11374055690169628
    },
    "stl_seasonal": {
        "mean": 6.700721413809984e-07,
        "std": 0.003689083185105574
    },
    "stl_residual": {
        "mean": 1.0745779432059337e-07,
        "std": 0.00011504782192589358
    },
    "CLOSE_wav_detail_L1": {
        "mean": -6.118907775039349e-06,
        "std": 0.0009018472469777267
    },
    "CLOSE_wav_detail_L2": {
        "mean": -6.2140326445342275e-06,
        "std": 0.0008329064249304758
    },
    "CLOSE_wav_approx_L2": {
        "mean": 1.207216953488448,
        "std": 0.11368976684440378
    },
    "CLOSE_mtm_band_1_0.000_0.010": {
        "mean": 0.001382524791332516,
        "std": 0.0018902001526490452
    },
    "CLOSE_mtm_band_2_0.010_0.060": {
        "mean": 0.00018166667287167082,
        "std": 0.0002053892146408942
    },
    "CLOSE_mtm_band_3_0.060_0.200": {
        "mean": 7.377007978008562e-06,
        "std": 8.327998562537083e-06
    },
    "CLOSE_mtm_band_4_0.200_0.500": {
        "mean": 1.244512765524983e-06,
        "std": 9.208233539580636e-07
    },
    "RSI": {
        "mean": 49.785475665113154,
        "std": 12.703136502490384
    },
    "MACD": {
        "mean": 0.00035307841647846857,
        "std": 0.02291232981732067
    },
    "MACD_Histogram": {
        "mean": 7.431440029967123e-08,
        "std": 0.00043843969292833916
    },
    "MACD_Signal": {
        "mean": 0.00032442358595953725,
        "std": 0.01972951377127812
    },
    "EMA": {
        "mean": 1.2072028251399876,
        "std": 0.11366917511314646
    },
    "Stochastic_%K": {
        "mean": 49.20567409651594,
        "std": 26.292501754061686
    },
    "Stochastic_%D": {
        "mean": 4.030080630202484,
        "std": 2.0885826732028865
    },
    "ADX": {
        "mean": 4.449052839776573,
        "std": 1.6692517551293078
    },
    "DI+": {
        "mean": 25.37663434775072,
        "std": 14.694656172031907
    },
    "DI-": {
        "mean": 20.446076560437927,
        "std": 11.876261871293824
    },
    "ATR": {
        "mean": -6.436808328119207,
        "std": 0.3399680246590591
    },
    "CCI": {
        "mean": -0.2960434701519942,
        "std": 115.25262429865857
    },
    "WilliamsR": {
        "mean": -50.792910452070764,
        "std": 28.441474291792304
    },
    "Momentum": {
        "mean": -3.134342014966794e-05,
        "std": 0.004102080585085523
    },
    "ROC": {
        "mean": -0.0019104012939561085,
        "std": 0.3504140934584141
    },
    "BC-BO": {
        "mean": 3.089441521521478e-06,
        "std": 0.0012881670861992988
    },
    "BH-BL": {
        "mean": 0.0016907101075127914,
        "std": 0.001371291420205616
    },
    "BH-BO": {
        "mean": 0.0008649102970490813,
        "std": 0.0010476338665107664
    },
    "BO-BL": {
        "mean": 0.0008257998104636723,
        "std": 0.0010060322089991672
    },
    "S&P500_Close": {
        "mean": 1972.4876911432634,
        "std": 270.94275948850515
    },
    "vix_close": {
        "mean": 14.758432089466313,
        "std": 3.5237820159673885
    },
    "CLOSE_15m_tick_1": {
        "mean": 1.1367032116597495,
        "std": 0.40365738225700803
    },
    "CLOSE_15m_tick_2": {
        "mean": 1.1365759880396067,
        "std": 0.40402691839582894
    },
    "CLOSE_15m_tick_3": {
        "mean": 1.13656972517238,
        "std": 0.40402653135622757
    },
    "CLOSE_15m_tick_4": {
        "mean": 1.1366500689519952,
        "std": 0.40384276854893225
    },
    "CLOSE_15m_tick_5": {
        "mean": 1.1179326156007972,
        "std": 0.4485818696261611
    },
    "CLOSE_15m_tick_6": {
        "mean": 1.117804503120813,
        "std": 0.4489090244478364
    },
    "CLOSE_15m_tick_7": {
        "mean": 1.117798248750041,
        "std": 0.44890840819043876
    },
    "CLOSE_15m_tick_8": {
        "mean": 1.1178788977484395,
        "std": 0.44874648138666495
    },
    "CLOSE_30m_tick_1": {
        "mean": 1.1367032116597495,
        "std": 0.40365738225700803
    },
    "CLOSE_30m_tick_2": {
        "mean": 1.1366477232770171,
        "std": 0.4038443980121875
    },
    "CLOSE_30m_tick_3": {
        "mean": 1.1179326156007972,
        "std": 0.4485818696261611
    },
    "CLOSE_30m_tick_4": {
        "mean": 1.1178762468546781,
        "std": 0.44874775440665404
    },
    "CLOSE_30m_tick_5": {
        "mean": 1.0991616728211495,
        "std": 0.488679204940765
    },
    "CLOSE_30m_tick_6": {
        "mean": 1.0991053115911247,
        "std": 0.4888294665855522
    },
    "CLOSE_30m_tick_7": {
        "mean": 1.0803902901865954,
        "std": 0.5250563171740158
    },
    "CLOSE_30m_tick_8": {
        "mean": 1.0803336502075096,
        "std": 0.5251940469877787
    },
    "day_of_month": {
        "mean": 15.706088036338683,
        "std": 8.755783440307129
    },
    "hour_of_day": {
        "mean": 11.492957746478874,
        "std": 6.9188166570921945
    },
    "day_of_week": {
        "mean": 2.0461096042612987,
        "std": 1.5057399907958673
    }
}