{
    "OPEN": {
        "mean": 1.3528235032602252,
        "std": 0.11024543265791385
    },
    "LOW": {
        "mean": 1.351640500230521,
        "std": 0.11013051104812616
    },
    "HIGH": {
        "mean": 1.3540263258249357,
        "std": 0.11034902740836049
    },
    "stl_trend": {
        "mean": 1.3528257711256009,
        "std": 0.11037195717789006
    },
    "stl_seasonal": {
        "mean": -1.6404855843882899e-06,
        "std": 0.005132823782830111
    },
    "stl_residual": {
        "mean": 3.800307901334446e-08,
        "std": 0.0001525607096730944
    },
    "CLOSE_wav_detail_L1": {
        "mean": 5.000115749468949e-06,
        "std": 0.0012601914025439794
    },
    "CLOSE_wav_detail_L2": {
        "mean": 5.009456221081244e-06,
        "std": 0.0011728425590054425
    },
    "CLOSE_wav_approx_L2": {
        "mean": 1.352801089096358,
        "std": 0.11024951717811783
    },
    "CLOSE_mtm_band_1_0.000_0.010": {
        "mean": 0.0030190139207328195,
        "std": 0.005563162054030517
    },
    "CLOSE_mtm_band_2_0.010_0.060": {
        "mean": 0.0003682612629958605,
        "std": 0.0005394277173795034
    },
    "CLOSE_mtm_band_3_0.060_0.200": {
        "mean": 1.3305405825495622e-05,
        "std": 1.6858181748811395e-05
    },
    "CLOSE_mtm_band_4_0.200_0.500": {
        "mean": 2.4178338676605414e-06,
        "std": 2.8709336732043086e-06
    },
    "RSI": {
        "mean": 50.441930453526595,
        "std": 12.891470118262824
    },
    "MACD": {
        "mean": -0.0002944857793291226,
        "std": 0.03312627705398076
    },
    "MACD_Histogram": {
        "mean": -2.2993626129930078e-07,
        "std": 0.0006116855682430394
    },
    "MACD_Signal": {
        "mean": -0.0002730332514544221,
        "std": 0.028650233402448416
    },
    "EMA": {
        "mean": 1.3528124651227715,
        "std": 0.11021116162989866
    },
    "Stochastic_%K": {
        "mean": 50.76091268036274,
        "std": 26.7496592667755
    },
    "Stochastic_%D": {
        "mean": 4.157466086756843,
        "std": 2.127603838089361
    },
    "ADX": {
        "mean": 4.467900834236945,
        "std": 1.6357822486523912
    },
    "DI+": {
        "mean": 25.78043295971988,
        "std": 14.92986767546023
    },
    "DI-": {
        "mean": 20.68246051889413,
        "std": 11.885497711491126
    },
    "ATR": {
        "mean": -6.13592195059173,
        "std": 0.437064427714549
    },
    "CCI": {
        "mean": 2.1748779802223654,
        "std": 114.43865965542423
    },
    "WilliamsR": {
        "mean": -49.23797330419168,
        "std": 28.81307904139969
    },
    "Momentum": {
        "mean": 2.5501218468022605e-05,
        "std": 0.005764715669078002
    },
    "ROC": {
        "mean": 0.0028645931739894885,
        "std": 0.4248038657697602
    },
    "BC-BO": {
        "mean": 6.648883619840275e-07,
        "std": 0.001810454535221314
    },
    "BH-BL": {
        "mean": 0.0023858255944147616,
        "std": 0.0018938461397724922
    },
    "BH-BO": {
        "mean": 0.0012028225647104896,
        "std": 0.0014392786808989594
    },
    "BO-BL": {
        "mean": 0.0011830030297042317,
        "std": 0.0014328060170933244
    },
    "S&P500_Close": {
        "mean": 1230.629029626589,
        "std": 205.03571147587252
    },
    "vix_close": {
        "mean": 21.999989447744124,
        "std": 12.402227402076955
    },
    "CLOSE_15m_tick_1": {
        "mean": 1.352837503128499,
        "std": 0.1102057771404722
    },
    "CLOSE_15m_tick_2": {
        "mean": 1.3528528522031218,
        "std": 0.11020463255425905
    },
    "CLOSE_15m_tick_3": {
        "mean": 1.3528495353355725,
        "std": 0.11020274079459783
    },
    "CLOSE_15m_tick_4": {
        "mean": 1.3528292540999802,
        "std": 0.11020159383595607
    },
    "CLOSE_15m_tick_5": {
        "mean": 1.3528363650135018,
        "std": 0.11020911572333159
    },
    "CLOSE_15m_tick_6": {
        "mean": 1.3528517723770006,
        "std": 0.1102076528137347
    },
    "CLOSE_15m_tick_7": {
        "mean": 1.3528486438780214,
        "std": 0.11020592123395949
    },
    "CLOSE_15m_tick_8": {
        "mean": 1.35282814825792,
        "std": 0.11020408101281022
    },
    "CLOSE_30m_tick_1": {
        "mean": 1.3528528522031218,
        "std": 0.11020463255425905
    },
    "CLOSE_30m_tick_2": {
        "mean": 1.3528292540999802,
        "std": 0.11020159383595607
    },
    "CLOSE_30m_tick_3": {
        "mean": 1.3528517723770006,
        "std": 0.1102076528137347
    },
    "CLOSE_30m_tick_4": {
        "mean": 1.35282814825792,
        "std": 0.11020408101281022
    },
    "CLOSE_30m_tick_5": {
        "mean": 1.3528510768622801,
        "std": 0.11021047239520869
    },
    "CLOSE_30m_tick_6": {
        "mean": 1.3528275640519,
        "std": 0.11020644392409469
    },
    "CLOSE_30m_tick_7": {
        "mean": 1.3528511094645326,
        "std": 0.11021258232037938
    },
    "CLOSE_30m_tick_8": {
        "mean": 1.352827999077916,
        "std": 0.11020848033877154
    },
    "day_of_month": {
        "mean": 15.762299940723178,
        "std": 8.805272661400018
    },
    "hour_of_day": {
        "mean": 11.49845221629454,
        "std": 6.924369552657294
    },
    "day_of_week": {
        "mean": 2.042580517684252,
        "std": 1.5037353281477166
    }
}