{
    "OPEN": {
        "mean": 1.2085943769347296,
        "std": 0.11448402168676731
    },
    "LOW": {
        "mean": 1.207766947902259,
        "std": 0.11455428277270402
    },
    "HIGH": {
        "mean": 1.2094614325232167,
        "std": 0.11439834282294091
    },
    "stl_trend": {
        "mean": 1.2085988277349666,
        "std": 0.11453825347220613
    },
    "stl_seasonal": {
        "mean": -1.970352223212868e-06,
        "std": 0.0036990670012834507
    },
    "stl_residual": {
        "mean": 1.7587357339935655e-08,
        "std": 0.00011535537961421316
    },
    "CLOSE_wav_detail_L1": {
        "mean": -7.056797885637854e-06,
        "std": 0.000904343677561627
    },
    "CLOSE_wav_detail_L2": {
        "mean": -7.151358829032205e-06,
        "std": 0.0008349145955239411
    },
    "CLOSE_wav_approx_L2": {
        "mean": 1.2086303565797274,
        "std": 0.11448535456787988
    },
    "CLOSE_mtm_band_1_0.000_0.010": {
        "mean": 0.001397797380025302,
        "std": 0.0019051385399168935
    },
    "CLOSE_mtm_band_2_0.010_0.060": {
        "mean": 0.00018240002665280246,
        "std": 0.00020605963601102924
    },
    "CLOSE_mtm_band_3_0.060_0.200": {
        "mean": 7.4141583538740695e-06,
        "std": 8.351806159280998e-06
    },
    "CLOSE_mtm_band_4_0.200_0.500": {
        "mean": 1.2533920381558323e-06,
        "std": 9.264150925244273e-07
    },
    "RSI": {
        "mean": 49.765566299643524,
        "std": 12.713258799230577
    },
    "MACD": {
        "mean": 0.0003976021527926137,
        "std": 0.02298030390802084
    },
    "MACD_Histogram": {
        "mean": -2.492674482598828e-07,
        "std": 0.0004393968575852417
    },
    "MACD_Signal": {
        "mean": 0.00036048277831898996,
        "std": 0.019791862656921802
    },
    "EMA": {
        "mean": 1.2086135829392954,
        "std": 0.11446537832284702
    },
    "Stochastic_%K": {
        "mean": 49.129327967064626,
        "std": 26.305244263939677
    },
    "Stochastic_%D": {
        "mean": 4.024091348054708,
        "std": 2.0897342851876686
    },
    "ADX": {
        "mean": 4.447974994676519,
        "std": 1.6702904892952528
    },
    "DI+": {
        "mean": 25.34553048779597,
        "std": 14.670846989773672
    },
    "DI-": {
        "mean": 20.457671690103812,
        "std": 11.868840406217798
    },
    "ATR": {
        "mean": -6.434894298301008,
        "std": 0.341131992623559
    },
    "CCI": {
        "mean": -0.43403251044064334,
        "std": 115.1547536252488
    },
    "WilliamsR": {
        "mean": -50.87305477221723,
        "std": 28.452377092792705
    },
    "Momentum": {
        "mean": -3.70891786866886e-05,
        "std": 0.004110728256369062
    },
    "ROC": {
        "mean": -0.0023910676020892844,
        "std": 0.350837869777077
    },
    "BC-BO": {
        "mean": 2.497859448069457e-06,
        "std": 0.0012913238558753522
    },
    "BH-BL": {
        "mean": 0.001694484620957615,
        "std": 0.0013733023354689886
    },
    "BH-BO": {
        "mean": 0.0008670555884870891,
        "std": 0.0010495259535420985
    },
    "BO-BL": {
        "mean": 0.0008274290324704882,
        "std": 0.001008398713753824
    },
    "S&P500_Close": {
        "mean": 1956.9415619111503,
        "std": 268.717688568976
    },
    "vix_close": {
        "mean": 14.821566567719003,
        "std": 3.5062268257493896
    },
    "CLOSE_15m_tick_1": {
        "mean": 1.208635149180004,
        "std": 0.11448476900759919
    },
    "CLOSE_15m_tick_2": {
        "mean": 1.2086561348218403,
        "std": 0.11448144687372765
    },
    "CLOSE_15m_tick_3": {
        "mean": 1.2086514285714285,
        "std": 0.11448275798646422
    },
    "CLOSE_15m_tick_4": {
        "mean": 1.2086548804584074,
        "std": 0.11447585454734982
    },
    "CLOSE_15m_tick_5": {
        "mean": 1.2086389142461964,
        "std": 0.11448704334811231
    },
    "CLOSE_15m_tick_6": {
        "mean": 1.208659130935915,
        "std": 0.11448408329744343
    },
    "CLOSE_15m_tick_7": {
        "mean": 1.208654500098795,
        "std": 0.11448540231590056
    },
    "CLOSE_15m_tick_8": {
        "mean": 1.2086581522097082,
        "std": 0.11447856406571932
    },
    "CLOSE_30m_tick_1": {
        "mean": 1.2086561348218403,
        "std": 0.11448144687372765
    },
    "CLOSE_30m_tick_2": {
        "mean": 1.2086548804584074,
        "std": 0.11447585454734982
    },
    "CLOSE_30m_tick_3": {
        "mean": 1.208659130935915,
        "std": 0.11448408329744343
    },
    "CLOSE_30m_tick_4": {
        "mean": 1.2086581522097082,
        "std": 0.11447856406571932
    },
    "CLOSE_30m_tick_5": {
        "mean": 1.2086624883092933,
        "std": 0.11448669836244121
    },
    "CLOSE_30m_tick_6": {
        "mean": 1.2086607254824475,
        "std": 0.11448159929926222
    },
    "CLOSE_30m_tick_7": {
        "mean": 1.208664655206481,
        "std": 0.1144890663821592
    },
    "CLOSE_30m_tick_8": {
        "mean": 1.2086630481459528,
        "std": 0.11448380615175109
    },
    "day_of_month": {
        "mean": 15.709642363169333,
        "std": 8.761747385502465
    },
    "hour_of_day": {
        "mean": 11.495718896133834,
        "std": 6.917601990912484
    },
    "day_of_week": {
        "mean": 2.0451162484357504,
        "std": 1.5060358362438842
    }
}