{
    "OPEN": {
        "mean": 1.3528538590011765,
        "std": 0.10981070740754552
    },
    "LOW": {
        "mean": 1.3516708824682966,
        "std": 0.10969642690845594
    },
    "HIGH": {
        "mean": 1.3540559596025628,
        "std": 0.10991375513204671
    },
    "CLOSE": {
        "mean": 1.3528541145901427,
        "std": 0.10980779267788848
    },
    "BC-BO": {
        "mean": 2.555889658780792e-07,
        "std": 0.0018081747005511877
    },
    "BH-BL": {
        "mean": 0.0023850771342658725,
        "std": 0.0018895447736102453
    },
    "BH-BO": {
        "mean": 0.0012021006013857604,
        "std": 0.001436716170626151
    },
    "BO-BL": {
        "mean": 0.0011829765328800722,
        "std": 0.001430160896703888
    },
    "RSI": {
        "mean": 50.456516706805076,
        "std": 17.596573677842525
    },
    "MACD": {
        "mean": 2.0110774011225815e-05,
        "std": 0.0020826950546321017
    },
    "MACD_Signal": {
        "mean": 2.001992632769908e-05,
        "std": 0.0019672965546671433
    },
    "MACD_Histogram": {
        "mean": 9.084768352649408e-08,
        "std": 0.0006116382767559736
    },
    "EMA": {
        "mean": 1.3528267552089912,
        "std": 0.10974544691230233
    },
    "Stochastic_%K": {
        "mean": 50.74994171582209,
        "std": 26.754154700379043
    },
    "Stochastic_%D": {
        "mean": 50.751259156639215,
        "std": 25.97926431446064
    },
    "ADX": {
        "mean": 27.386053838108655,
        "std": 11.071124657096572
    },
    "DI+": {
        "mean": 20.993873472420017,
        "std": 7.794450197191994
    },
    "DI-": {
        "mean": 20.832401558294073,
        "std": 7.590862709260906
    },
    "ATR": {
        "mean": 0.0023957069650082457,
        "std": 0.0011993413030163909
    },
    "CCI": {
        "mean": 2.5260103211263405,
        "std": 118.88752492675793
    },
    "BB_MID_20_2": {
        "mean": 1.3528265879853574,
        "std": 0.10977117878865747
    },
    "BB_UP_20_2": {
        "mean": 1.3581860124804541,
        "std": 0.11034410171638454
    },
    "BB_LOW_20_2": {
        "mean": 1.347467163490261,
        "std": 0.10933360275446842
    },
    "BB_WIDTH_20_2": {
        "mean": 0.010718848990192854,
        "std": 0.007776128801005744
    },
    "WilliamsR": {
        "mean": -49.25124525036877,
        "std": 28.82029841629576
    },
    "Momentum": {
        "mean": 1.137861158321285e-05,
        "std": 0.0036168612438687926
    },
    "ROC": {
        "mean": 0.0037462768326195664,
        "std": 0.465988426281689
    }
}