{
    "RSI": {
        "min": 7.03704691805714,
        "max": 94.0376917091769
    },
    "MACD": {
        "min": 0.0,
        "max": 0.0246620087344852
    },
    "MACD_Histogram": {
        "min": -0.0050360685572992,
        "max": 0.0047701782833613
    },
    "MACD_Signal": {
        "min": 0.0,
        "max": 0.0222493204004784
    },
    "EMA": {
        "min": 1.03791704656585,
        "max": 1.59819218191698
    },
    "Stochastic_%K": {
        "min": 0.245892819764171,
        "max": 99.6139411590619
    },
    "Stochastic_%D": {
        "min": -0.0669014846425095,
        "max": 4.59780625178927
    },
    "ADX": {
        "min": 1.77747649282325,
        "max": 4.31968969794533
    },
    "DI+": {
        "min": 2.09585175428177,
        "max": 64.0895951709998
    },
    "DI-": {
        "min": 1.71734468400462,
        "max": 60.2270678145294
    },
    "ATR": {
        "min": -7.8056735940622,
        "max": -4.57416302924238
    },
    "CCI": {
        "min": -465.944023858753,
        "max": 466.666666666637
    },
    "WilliamsR": {
        "min": -100.0,
        "max": 0.0
    },
    "Momentum": {
        "min": -0.0409600000000001,
        "max": 0.0484100000000001
    },
    "ROC": {
        "min": -3.57976516599576,
        "max": 3.94121323459783
    },
    "OPEN": {
        "min": 1.03553,
        "max": 1.60131
    },
    "HIGH": {
        "min": 1.03697,
        "max": 1.60384
    },
    "LOW": {
        "min": 1.03395,
        "max": 1.5992
    },
    "CLOSE": {
        "min": 1.03555,
        "max": 1.60139
    },
    "BC-BO": {
        "min": -0.02505,
        "max": 0.03022
    },
    "BH-BL": {
        "min": 0.0,
        "max": 0.0333000000000001
    },
    "BH-BO": {
        "min": 0.0,
        "max": 0.03169
    },
    "BO-BL": {
        "min": 0.0,
        "max": 0.0266599999999999
    }
}