{
    "OPEN": {
        "mean": 1.3527836590826776,
        "std": 0.11025424674205564
    },
    "LOW": {
        "mean": 1.351600758618419,
        "std": 0.11013931847403828
    },
    "HIGH": {
        "mean": 1.3539861624576077,
        "std": 0.11035809606280064
    },
    "CLOSE": {
        "mean": 1.3527840627572356,
        "std": 0.11025155659474348
    },
    "RSI": {
        "mean": 50.443774060415926,
        "std": 12.889518231378739
    },
    "MACD": {
        "mean": -0.00030404028067603243,
        "std": 0.033115837161470395
    },
    "MACD_Histogram": {
        "mean": -1.7513855531013044e-07,
        "std": 0.0006116469250761774
    },
    "MACD_Signal": {
        "mean": -0.00028098463420967866,
        "std": 0.028641794982321354
    },
    "EMA": {
        "mean": 1.3527722724307183,
        "std": 0.11021983932998412
    },
    "Stochastic_%K": {
        "mean": 50.77191417950523,
        "std": 26.74581067286421
    },
    "Stochastic_%D": {
        "mean": 4.158533730240476,
        "std": 2.1271063461986497
    },
    "ADX": {
        "mean": 4.466154576493683,
        "std": 1.6340262694348375
    },
    "DI+": {
        "mean": 25.7823786295509,
        "std": 14.925762173516594
    },
    "DI-": {
        "mean": 20.68497613168298,
        "std": 11.89169654426003
    },
    "ATR": {
        "mean": -6.136124367222638,
        "std": 0.4371196770984539
    },
    "CCI": {
        "mean": 2.1882525892198403,
        "std": 114.45828030140483
    },
    "WilliamsR": {
        "mean": -49.22968120823653,
        "std": 28.812288337293165
    },
    "Momentum": {
        "mean": 2.625234598794816e-05,
        "std": 0.005764256441446112
    },
    "ROC": {
        "mean": 0.002917122380511343,
        "std": 0.42477616650283023
    },
    "BC-BO": {
        "mean": 4.0367455796671767e-07,
        "std": 0.0018103432024708776
    },
    "BH-BL": {
        "mean": 0.002385403839188655,
        "std": 0.0018938096140307594
    },
    "BH-BO": {
        "mean": 0.00120250337492999,
        "std": 0.001439173616009173
    },
    "BO-BL": {
        "mean": 0.0011829004642586246,
        "std": 0.0014327566839649594
    },
    "S&P500_Close": {
        "mean": 1230.6221696574362,
        "std": 205.01952960442551
    },
    "vix_close": {
        "mean": 21.99751340357333,
        "std": 12.40232736147639
    },
    "CLOSE_15m_tick_1": {
        "mean": 1.3527978301669354,
        "std": 0.11021421745154288
    },
    "CLOSE_15m_tick_2": {
        "mean": 1.3528130153765106,
        "std": 0.11021313024347681
    },
    "CLOSE_15m_tick_3": {
        "mean": 1.3528097968456751,
        "std": 0.1102111542662699
    },
    "CLOSE_15m_tick_4": {
        "mean": 1.3527895485825292,
        "std": 0.1102099879227642
    },
    "CLOSE_15m_tick_5": {
        "mean": 1.3527966049850184,
        "std": 0.11021751184732374
    },
    "CLOSE_15m_tick_6": {
        "mean": 1.352811825096309,
        "std": 0.11021611039185221
    },
    "CLOSE_15m_tick_7": {
        "mean": 1.3528087814033123,
        "std": 0.11021430845558915
    },
    "CLOSE_15m_tick_8": {
        "mean": 1.3527883049619702,
        "std": 0.11021247140761684
    },
    "CLOSE_30m_tick_1": {
        "mean": 1.3528130153765106,
        "std": 0.11021313024347681
    },
    "CLOSE_30m_tick_2": {
        "mean": 1.3527895485825292,
        "std": 0.1102099879227642
    },
    "CLOSE_30m_tick_3": {
        "mean": 1.352811825096309,
        "std": 0.11021611039185221
    },
    "CLOSE_30m_tick_4": {
        "mean": 1.3527883049619702,
        "std": 0.11021247140761684
    },
    "CLOSE_30m_tick_5": {
        "mean": 1.3528109617727437,
        "std": 0.11021895614797804
    },
    "CLOSE_30m_tick_6": {
        "mean": 1.3527875519409962,
        "std": 0.11021485214882751
    },
    "CLOSE_30m_tick_7": {
        "mean": 1.35281084192157,
        "std": 0.11022107128627735
    },
    "CLOSE_30m_tick_8": {
        "mean": 1.3527877965822661,
        "std": 0.1102169111932383
    },
    "day_of_month": {
        "mean": 15.767607256922723,
        "std": 8.80326774277128
    },
    "hour_of_day": {
        "mean": 11.495571433275163,
        "std": 6.924894972291842
    },
    "day_of_week": {
        "mean": 2.0438905534885254,
        "std": 1.504121151262534
    }
}