{
    "OPEN": {
        "mean": 1.208619075433802,
        "std": 0.11448197888517016
    },
    "LOW": {
        "mean": 1.207791738829805,
        "std": 0.11455233186289983
    },
    "HIGH": {
        "mean": 1.2094861091172502,
        "std": 0.1143962429917438
    },
    "CLOSE": {
        "mean": 1.2086216802212637,
        "std": 0.11447788271877414
    },
    "RSI": {
        "mean": 49.770585572118556,
        "std": 12.714635719519631
    },
    "MACD": {
        "mean": 0.00039042976807115895,
        "std": 0.022981481094958043
    },
    "MACD_Histogram": {
        "mean": -2.484376420644634e-07,
        "std": 0.00043935595101544044
    },
    "MACD_Signal": {
        "mean": 0.00035392656907347255,
        "std": 0.019793887743622465
    },
    "EMA": {
        "mean": 1.2086380312655194,
        "std": 0.11446321114779878
    },
    "Stochastic_%K": {
        "mean": 49.138708454993086,
        "std": 26.30539297122048
    },
    "Stochastic_%D": {
        "mean": 4.024786241923128,
        "std": 2.089648052817116
    },
    "ADX": {
        "mean": 4.447704662738446,
        "std": 1.6703852807083324
    },
    "DI+": {
        "mean": 25.348980653767235,
        "std": 14.66998491760369
    },
    "DI-": {
        "mean": 20.454156852128577,
        "std": 11.869875504348053
    },
    "ATR": {
        "mean": -6.434879578081921,
        "std": 0.34110481998624004
    },
    "CCI": {
        "mean": -0.3934383059697932,
        "std": 115.16591952253172
    },
    "WilliamsR": {
        "mean": -50.86277819801864,
        "std": 28.453789374008085
    },
    "Momentum": {
        "mean": -3.642422047347755e-05,
        "std": 0.004110509885678572
    },
    "ROC": {
        "mean": -0.002338299485053611,
        "std": 0.3508168646499202
    },
    "BC-BO": {
        "mean": 2.604787461725898e-06,
        "std": 0.0012912465336426284
    },
    "BH-BL": {
        "mean": 0.0016943702874452253,
        "std": 0.0013732276790599217
    },
    "BH-BO": {
        "mean": 0.0008670336834479914,
        "std": 0.0010494577439280105
    },
    "BO-BL": {
        "mean": 0.0008273366039971962,
        "std": 0.0010083443733671475
    },
    "S&P500_Close": {
        "mean": 1956.758077733924,
        "std": 268.77332539782884
    },
    "vix_close": {
        "mean": 14.821782305393631,
        "std": 3.5058781897829556
    },
    "CLOSE_15m_tick_1": {
        "mean": 1.2086596322149419,
        "std": 0.1144826020703548
    },
    "CLOSE_15m_tick_2": {
        "mean": 1.2086806002436534,
        "std": 0.11447926142610444
    },
    "CLOSE_15m_tick_3": {
        "mean": 1.2086758957558197,
        "std": 0.11448057996877473
    },
    "CLOSE_15m_tick_4": {
        "mean": 1.208679306904613,
        "std": 0.1144736326803207
    },
    "CLOSE_15m_tick_5": {
        "mean": 1.2086633186263211,
        "std": 0.11448482839755451
    },
    "CLOSE_15m_tick_6": {
        "mean": 1.2086835198050772,
        "std": 0.11448186674534075
    },
    "CLOSE_15m_tick_7": {
        "mean": 1.2086788894010734,
        "std": 0.11448317683742698
    },
    "CLOSE_15m_tick_8": {
        "mean": 1.2086825106186823,
        "std": 0.1144763115090167
    },
    "CLOSE_30m_tick_1": {
        "mean": 1.2086806002436534,
        "std": 0.11447926142610444
    },
    "CLOSE_30m_tick_2": {
        "mean": 1.208679306904613,
        "std": 0.1144736326803207
    },
    "CLOSE_30m_tick_3": {
        "mean": 1.2086835198050772,
        "std": 0.11448186674534075
    },
    "CLOSE_30m_tick_4": {
        "mean": 1.2086825106186823,
        "std": 0.1144763115090167
    },
    "CLOSE_30m_tick_5": {
        "mean": 1.2086867801521188,
        "std": 0.11448442310667219
    },
    "CLOSE_30m_tick_6": {
        "mean": 1.2086850581146487,
        "std": 0.11447929069620684
    },
    "CLOSE_30m_tick_7": {
        "mean": 1.2086889134371603,
        "std": 0.11448677569739898
    },
    "CLOSE_30m_tick_8": {
        "mean": 1.2086873204701856,
        "std": 0.11448150553796184
    },
    "day_of_month": {
        "mean": 15.70899871588028,
        "std": 8.76115617065034
    },
    "hour_of_day": {
        "mean": 11.494254387409041,
        "std": 6.918272007255007
    },
    "day_of_week": {
        "mean": 2.045471008527872,
        "std": 1.5058245442365203
    }
}