{
    "typical_price": {
        "mean": 1.206955165563675,
        "std": 0.11368331693420936
    },
    "typical_sd": {
        "mean": 0.0009057726065312169,
        "std": 0.0007413990607865121
    },
    "RSI": {
        "mean": 49.891418721919216,
        "std": 17.420500422560593
    },
    "MACD": {
        "mean": -1.1304776863880978e-05,
        "std": 0.0014423701571269678
    },
    "MACD_Signal": {
        "mean": -1.1059009993050053e-05,
        "std": 0.001356394150339097
    },
    "MACD_Histogram": {
        "mean": -2.4576687083154986e-07,
        "std": 0.0004417980542497806
    },
    "EMA": {
        "mean": 1.2069583815993417,
        "std": 0.11366823997709428
    },
    "Stochastic_%K": {
        "mean": 49.28809217832386,
        "std": 26.318025386759835
    },
    "Stochastic_%D": {
        "mean": 49.28844130810976,
        "std": 25.50779440954381
    },
    "ADX": {
        "mean": 27.4908059299799,
        "std": 11.163499098818331
    },
    "DI+": {
        "mean": 20.884327301045616,
        "std": 7.797028811279111
    },
    "DI-": {
        "mean": 20.565174547807516,
        "std": 7.718977676959005
    },
    "ATR": {
        "mean": 0.001702287543973134,
        "std": 0.0006179201264411995
    },
    "CCI": {
        "mean": 0.2604221822565356,
        "std": 120.62287421820841
    },
    "BB_MID_20_2": {
        "mean": 1.2069594031607611,
        "std": 0.11368003219241485
    },
    "BB_UP_20_2": {
        "mean": 1.2108045866377153,
        "std": 0.1133336590566222
    },
    "BB_LOW_20_2": {
        "mean": 1.2031142196838067,
        "std": 0.11409226210543909
    },
    "BB_WIDTH_20_2": {
        "mean": 0.0076903669539083236,
        "std": 0.005525053658010606
    },
    "WilliamsR": {
        "mean": -50.71463339907334,
        "std": 28.49211952665491
    },
    "Momentum": {
        "mean": -5.057217703018972e-06,
        "std": 0.0026407206614553836
    },
    "ROC": {
        "mean": -0.0010057550476155102,
        "std": 0.38261409598437984
    },
    "S&P500_Close": {
        "mean": 1975.395045819213,
        "std": 269.7736914414293
    },
    "vix_close": {
        "mean": 14.755488777101476,
        "std": 3.504773579527591
    },
    "day_of_week": {
        "mean": 1.975768647456225,
        "std": 1.383211148457151
    },
    "day_of_month": {
        "mean": 15.693230387425892,
        "std": 8.713189831198862
    },
    "hour_of_day": {
        "mean": 11.249793189025231,
        "std": 6.803106906507519
    },
    "dow_sin": {
        "mean": 0.37889672353719744,
        "std": 0.5073628087968324
    },
    "dow_cos": {
        "mean": -0.07314736961278995,
        "std": 0.7705186903327138
    },
    "dom_sin": {
        "mean": 0.011084984381583993,
        "std": 0.7159490548278653
    },
    "dom_cos": {
        "mean": -0.03295436441209262,
        "std": 0.6973109147956817
    },
    "hod_sin": {
        "mean": 0.011104044137760517,
        "std": 0.7111956711442242
    },
    "hod_cos": {
        "mean": -0.02092878551648115,
        "std": 0.7026192808498141
    },
    "CLOSE_15m_tick_1": {
        "mean": 1.2069930180614918,
        "std": 0.11369594578393086
    },
    "CLOSE_15m_tick_2": {
        "mean": 1.2069963029091413,
        "std": 0.11369464781860189
    },
    "CLOSE_15m_tick_3": {
        "mean": 1.2069757910519785,
        "std": 0.1136973453565381
    },
    "CLOSE_15m_tick_4": {
        "mean": 1.2069926654487797,
        "std": 0.1136854709858156
    },
    "CLOSE_15m_tick_5": {
        "mean": 1.2069907214256168,
        "std": 0.11369281097205063
    },
    "CLOSE_15m_tick_6": {
        "mean": 1.2069939604301667,
        "std": 0.11369135972834234
    },
    "CLOSE_15m_tick_7": {
        "mean": 1.2069723566110573,
        "std": 0.1136943901687484
    },
    "CLOSE_15m_tick_8": {
        "mean": 1.2069896542809873,
        "std": 0.11368250309736916
    },
    "CLOSE_30m_tick_1": {
        "mean": 1.207001656211223,
        "std": 0.11370009931404615
    },
    "CLOSE_30m_tick_2": {
        "mean": 1.2069968027023301,
        "std": 0.11369314282816663
    },
    "CLOSE_30m_tick_3": {
        "mean": 1.2069991410450849,
        "std": 0.11369716770102564
    },
    "CLOSE_30m_tick_4": {
        "mean": 1.2069947549289948,
        "std": 0.11368942321498104
    },
    "CLOSE_30m_tick_5": {
        "mean": 1.2069960202674754,
        "std": 0.113693256961976
    },
    "CLOSE_30m_tick_6": {
        "mean": 1.2069912539638772,
        "std": 0.1136863297279486
    },
    "CLOSE_30m_tick_7": {
        "mean": 1.206993549221012,
        "std": 0.11369022582215937
    },
    "CLOSE_30m_tick_8": {
        "mean": 1.2069881614504345,
        "std": 0.11368310629457222
    }
}