{
    "OPEN": {
        "mean": 1.3522863254190856,
        "std": 0.10991306062470489
    },
    "LOW": {
        "mean": 1.3511045783053945,
        "std": 0.10979793174578346
    },
    "HIGH": {
        "mean": 1.3534864985976127,
        "std": 0.11001799131486398
    },
    "CLOSE": {
        "mean": 1.3522859722131628,
        "std": 0.10991093180472947
    }
}