DATE_TIME,ATR,RSI,MACD,MACD_Histogram,MACD_Signal,ADX,DI_plus,DI_minus,Stochastic_K,Stochastic_D,BB_Width,CCI,WilliamsR,ROC,ATR_ratio,BB_position,rolling_std_24,price_minus_ema,hod_sin,hod_cos,dow_sin,dow_cos,direction_long_label,direction_short_label,bars_to_friday
2011-08-09 13:00:00,1.5418405228775072,-0.09933394511215546,0.03680804199682732,-0.13071148261246154,0.07971143372144451,-0.969436286426063,0.47369380132066224,-0.13323608079356142,-0.24713779604188293,-0.24913865092676193,0.4272423300694899,0.1684930793609736,-0.5919893174044931,-0.8282295588887578,-1.3251935018597156,0.12377576582960843,0.4426321598456085,0.005130293438600016,-0.36416547244909103,-1.3677444772711809,0.8274706956797339,0.8445865525059431,0.0,0.0,19.0
2011-08-09 17:00:00,1.872659037459279,0.8329849571627702,0.31062734544083825,0.6407651915224978,0.1294826353246251,-0.8608051213511747,1.2387576143225594,-0.5418439763070559,0.18952648047357837,-0.051781908398460946,0.6624424586106626,0.8925009947866979,1.0363947846606336,0.4106815025609093,-1.4347184153413122,1.4203492001098283,0.43633236915058327,0.902564278023234,-1.36417600641423,-0.3678827442305594,0.8274706956797339,0.8445865525059431,0.0,1.0,18.0
2011-08-09 21:00:00,1.7569782768324036,0.6932909487599559,0.488398429435453,0.9966196154880764,0.20696603672569713,-0.7418117512047188,1.258004122863971,-0.6575285845732446,0.4554980028808754,0.13627575083965313,0.7863894252817094,1.1708940375563048,0.8400001371415242,0.1612417054309983,-1.3984733926273365,1.1031072408565483,0.46426195719878405,1.3431141099619794,-0.9981467469309481,0.9979537833748633,0.8274706956797339,0.8445865525059431,0.0,1.0,18.0
2011-08-10 01:00:00,1.5670649519013824,0.6041288833240904,0.6013492517076572,1.1049409155195165,0.29288497048684736,-0.6483872001320848,1.1298569954427424,-0.6508754147657122,0.9199784592350553,0.535951419012498,0.7298603700323509,0.9150336494853045,0.7176743281153424,1.3706416868359446,-1.3342123221596422,0.9191251084008107,0.5226232969380492,1.0651275615267386,0.3678930465174731,1.3639285779396655,1.1873030452467948,-0.2501719323160819,0.0,1.0,16.0
2011-08-10 05:00:00,1.5235586301190132,0.7135091874336946,0.7180958672704808,1.2019255072431936,0.3863565892847963,-0.6115509887634295,0.8655862562832154,-0.5287979137304339,0.9758299805705212,0.8052188337768664,0.6510878657228478,0.8494284000325868,1.193875483879243,1.1801246864798074,-1.3185816765541425,1.0011830281504541,0.6027521114009533,1.0335684931800428,1.367903580482612,0.36406684489904434,1.1873030452467948,-0.2501719323160819,0.0,1.0,15.0
2011-08-10 09:00:00,1.657139119171074,0.013836088248625882,0.6318879531285343,0.7273167785799708,0.4428680046153558,-0.6521439452628842,0.4615848791588548,-0.35209739757826075,0.7082442473114471,0.8917710719658514,0.4580821139224404,0.4639368569331175,0.08550702098347816,0.7766795048890579,-1.3654685742533792,0.09971646995961296,0.6400234161123205,0.5629506304861179,1.00187432099933,-1.0017696827063787,1.1873030452467948,-0.2501719323160819,0.0,0.0,14.0
2011-08-10 13:00:00,1.7532760132222935,-0.5135559184336297,0.39539099127930655,-0.06127495523754152,0.43796775771903107,-0.7495385303544104,0.13363113882690905,0.7377547385625035,0.10959548791674162,0.6142577102307876,0.37396815918218995,-0.5897154536292698,-0.9702944677492427,0.20030851174029063,-1.3972788528996178,-0.8327341416731492,0.6166648170048773,-0.6294699457727846,-0.36416547244909103,-1.3677444772711809,1.1873030452467948,-0.2501719323160819,0.0,0.0,13.0
2011-08-10 17:00:00,1.6860176595070329,-0.5821458131007512,0.18237907958563607,-0.6282504819356227,0.3889142334760918,-0.8377172834890924,-0.04647718425939339,0.5254405005497015,-0.7115430883355359,0.03642156432613921,0.3442265244743728,-0.780567598513748,-1.1214325695375191,-0.42594926800122523,-1.375187130644371,-0.9862322802991963,0.530926802583363,-0.7539404598203416,-1.36417600641423,-0.3678827442305594,1.1873030452467948,-0.2501719323160819,0.0,0.0,12.0
2011-08-10 21:00:00,1.582957574509509,-0.5921988892131427,0.010012693710373456,-0.9712430137373207,0.313150130607909,-0.8570530452385068,-0.18926386169594786,0.8945226252517063,-1.1211066893106436,-0.5900345017352179,0.4141648186852095,-1.0411760618849861,-1.069311338728685,-0.48299063203226056,-1.3398337445014188,-0.9346190304258871,0.41247935083956155,-1.0611768284365877,-0.9981467469309481,0.9979537833748633,1.1873030452467948,-0.2501719323160819,0.0,0.0,12.0
2011-08-11 01:00:00,1.5540365343043112,-0.2639851269059979,-0.045308717068456725,-0.9271823871963754,0.24081725355481143,-0.9731956258512859,0.3587059196201821,0.6423635084757472,-0.974829740916591,-0.9613928612455214,0.42604780389112956,-0.5414177630990122,-0.5578474016380439,-0.38333694723947503,-1.329569016233976,-0.45619992462018744,0.27746706320784625,-0.46603061052248534,0.3678930465174731,1.3639285779396655,0.17907520643152947,-1.128100072887392,0.0,0.0,10.0
2011-08-11 05:00:00,1.460860920672352,-0.03708985527279418,-0.029437057200335674,-0.6982325799678059,0.18631386624334084,-1.0754148959512961,0.6081154280152861,0.4643069835872582,-0.6414721794188482,-0.9373972762177808,0.37940108710886267,-0.13495627364891813,-0.18148714604304395,0.18466995692360394,-1.2954122837209259,-0.09330634264699011,0.15955699788612981,-0.005740121486782045,1.367903580482612,0.36406684489904434,0.17907520643152947,-1.128100072887392,0.0,0.0,9.0
2011-08-11 09:00:00,1.6863763189922973,-0.6301486545090812,-0.19314267349783432,-1.0036645676928506,0.10802493153251488,-1.0759882546547253,0.1627854459426597,1.3722184870200436,-0.6588608965404259,-0.7791025088797275,0.4129836956332274,-0.8412588967836528,-1.1183411102611887,-1.7825347910283897,-1.3753069357359935,-0.9829929941907036,0.14625620043362447,-0.8104829044194983,1.00187432099933,-1.0017696827063787,0.17907520643152947,-1.128100072887392,0.0,0.0,8.0
2011-08-11 13:00:00,1.8313806043867993,-0.22520401349985383,-0.21124063288418934,-0.8518424824182715,0.041559157298312985,-1.1206982275797723,0.1776734701693984,0.9230627259835383,-0.628275163887182,-0.6604258719069002,0.3362584256847021,-0.31788710288471345,-0.47160691168942565,-1.1787951581443818,-1.422020561798635,-0.3303553553743242,0.14988238936351603,-0.25470030574658853,-0.36416547244909103,-1.3677444772711809,0.17907520643152947,-1.128100072887392,0.0,0.0,7.0
2011-08-11 17:00:00,1.738422822463526,-0.04765912354167603,-0.17243031043773946,-0.5755494009649722,-0.003390264853809573,-1.161585156734222,0.0171030312876353,0.7268018352049954,-0.6234889294419679,-0.6542675586986557,0.2957571236395953,-0.23788764205204913,-0.16799172946290733,-0.8732599285280086,-1.392464185765284,-0.07191086934080336,0.15421370654049038,-0.16744351699228388,-1.36417600641423,-0.3678827442305594,0.17907520643152947,-1.128100072887392,0.0,0.0,6.0
2011-08-11 21:00:00,1.643424086786296,-0.32628639163544626,-0.2229176921086881,-0.5974751249441189,-0.0500471550116757,-1.1994924184652151,-0.12808948918706414,0.5450554094925993,-0.46177022903624393,-0.586774415775482,0.31153278946742513,-0.40332838201778665,-0.6623539964339731,-1.3781289908045133,-1.3608025972972482,-0.5428027036382806,0.09082068006827874,-0.29955642985657305,-0.9981467469309481,0.9979537833748633,0.17907520643152947,-1.128100072887392,0.0,0.0,6.0
2011-08-12 01:00:00,1.4743999698787715,-0.37578514469505836,-0.27503337726729526,-0.6194459739451423,-0.09841502729099653,-1.2144409956673883,-0.2152430719362854,0.6189245101317845,-0.5610430946318373,-0.5637509833789409,0.3003762662168824,-0.6449713174042505,-0.7515197934447471,-0.7203063303300846,-1.300481470128013,-0.638861309808429,0.05226958965313441,-0.4994054034888452,0.3678930465174731,1.3639285779396655,-1.4379966940383093,-1.1281000728873922,0.0,0.0,4.0
2011-08-12 05:00:00,1.499045345028737,-0.11207411702648004,-0.2449724742989717,-0.41343751630865566,-0.13073996978330427,-1.2823898819558381,-0.0367393336999647,0.3450078363683488,-0.6238892232548471,-0.5638880628655855,0.2383421085993263,-0.5037879270107034,-0.3451946425096033,0.2720406441157242,-1.309615144657851,-0.2806276953195074,-0.04552751398966383,-0.2996072553751546,1.367903580482612,0.36406684489904434,-1.4379966940383093,-1.1281000728873922,0.0,0.0,3.0
2011-08-12 09:00:00,1.452913423031275,0.2681833701062826,-0.11104589226933938,0.033965821341714705,-0.12822333142621986,-1.3450913465689518,0.37024125610923403,0.14920364810576464,-0.28283889467644857,-0.5026135323344855,0.24797480002033062,0.16028782550191856,0.2992821941125055,0.8407455159103878,-1.292419400010817,0.34296598792362987,-0.03924318102698416,0.3454562235301178,1.00187432099933,-1.0017696827063787,-1.4379966940383093,-1.1281000728873922,0.0,0.0,2.0
2011-08-12 13:00:00,1.4267100020573171,-0.06049616644737387,-0.09243011394111415,0.07815215350921148,-0.12226567791547785,-1.4148945357494918,0.15332063465016632,0.0450354068175103,-0.09550139024605694,-0.3431900893643066,0.24741597020156353,-0.07292098663535919,-0.22329709722906516,0.4749556750883128,-1.2824601360984211,-0.18769132561378135,-0.052014494031540744,0.11510213047634911,-0.36416547244909103,-1.3677444772711809,-1.4379966940383093,-1.1281000728873922,0.0,0.0,1.0
2011-08-12 17:00:00,1.2563833555492196,0.02927918183782529,-0.05225604145738606,0.17215678354203073,-0.10898740419053177,-1.479102536850629,0.06803180968336162,-0.03545147495096607,0.34851620923121496,-0.010192593008169392,0.2446440834344181,-0.05501771032577482,0.906771290719995,0.23384374749766396,-1.214100016812732,-0.029117639398527132,-0.07335033304977276,0.11628063839700181,-1.36417600641423,-0.3678827442305594,-1.4379966940383093,-1.1281000728873922,0.0,0.0,0.0
2011-08-14 21:00:00,1.197897833854802,0.3662185451875078,0.07663938360503725,0.48875254592508127,-0.0710542029686789,-1.461474374470111,0.5597203273327314,-0.19510213373883756,0.7677499433050903,0.3495785899367287,0.26598344797385226,0.4055820716945409,1.4813667640463037,0.3981650472238082,-1.189071564655886,0.5103692743390998,-0.10946879037642218,0.5560879254515319,-0.9981467469309481,0.9979537833748633,-2.0863921832865144,0.8445865525059428,0.0,0.0,0.0
2011-08-15 01:00:00,1.052763809174462,0.33739578596221553,0.16976799981395646,0.6447152245279693,-0.020975392139691764,-1.4348515064763978,0.5482029927241016,-0.27956946631562885,1.3135414553225793,0.832101336270325,0.11870947774190488,0.5672422147761603,1.3156337480712361,1.138615958021172,-1.1231392703903977,0.5639072464852192,-0.09858961465030319,0.6371210866814048,0.3678930465174731,1.3639285779396655,-0.6294607438033901,1.3317999135043364,0.0,0.0,28.0
2011-08-15 05:00:00,0.956898396675451,0.4984507785262757,0.28666108352791525,0.8341434633484182,0.04385516223390492,-1.3929554020253285,0.5597544649059973,-0.3942326992901108,1.530638772135901,1.2369158721444893,0.03987870744293473,0.7991335166427239,1.5189056862165051,0.8647779569073764,-1.0763213312999156,0.9339999715448144,-0.0689630899296364,0.7145320550602648,1.367903580482612,0.36406684489904434,-0.6294607438033901,1.3317999135043364,0.0,0.0,27.0
2011-08-15 09:00:00,1.0932315043446792,0.7952013728053813,0.46576189936101325,1.1549401523811087,0.13366779169851103,-1.287254941622498,0.8443568543763407,-0.6628202460138158,1.5453864366235142,1.5032152948946933,0.0985988716915427,1.1534861732966808,1.5229497408358013,1.037071679375511,-1.142097834766581,1.486324515169312,-0.008805819338123121,0.933063838409078,1.00187432099933,-1.0017696827063787,-0.6294607438033901,1.3317999135043364,0.0,0.0,26.0
2011-08-15 13:00:00,1.1833297108883054,1.1373928860004092,0.7217588981250822,1.6207957733695852,0.2597589754717527,-1.0918021769483204,1.702979680913673,-0.8724471878346194,1.5345661030382938,1.5789045618028,0.3189503578289806,2.047297563185818,1.2851243965256574,1.9250432419230523,-1.1827047852838188,1.9729370379207964,0.20415478945952237,1.7973822525772445,-0.36416547244909103,-1.3677444772711809,-0.6294607438033901,1.3317999135043364,0.0,0.0,25.0
2011-08-15 17:00:00,0.998342954576497,1.1949895569014066,0.9358057479300669,1.87934277663393,0.4059845336663186,-0.9113812885358027,1.6125997198532154,-0.9109245374442619,1.4764469703298169,1.560346732196359,0.6516805383876817,1.8805417800950064,1.355031158933072,2.0859544603974136,-1.0969002417928355,1.695051133241033,0.41127041148148896,1.855271616398626,-1.36417600641423,-0.3678827442305594,-0.6294607438033901,1.3317999135043364,0.0,0.0,24.0
2011-08-15 21:00:00,0.8671984660124764,1.1599391730335198,1.0862348607519197,1.9130899558917036,0.5548381569100269,-0.7705211052269711,1.462260067003214,-0.8106375676974829,1.4043833531354157,1.5120606241477954,0.8618734272723897,1.4685417145555062,1.31975690825686,1.7585167019180006,-1.0299108578024212,1.4065026084195307,0.5402664205610533,1.6571669044504724,-0.9981467469309481,0.9979537833748633,-0.6294607438033901,1.3317999135043364,0.0,0.0,24.0
2011-08-16 01:00:00,0.7156308034828005,0.9802401323535781,1.1596263476251192,1.730484592963723,0.6894713687696796,-0.6403845008687344,1.353663498260443,-0.8609680155248569,1.3544827642389157,1.4503915929471634,0.9534609761098819,1.1672789053682542,1.144423132836872,1.1488450106459742,-0.9451211880047409,1.1134517234185992,0.6581030673382035,1.4345065712887692,0.3678930465174731,1.3639285779396655,0.8274706956797339,0.8445865525059431,0.0,0.0,22.0
2011-08-16 05:00:00,0.694801477296621,0.5247530574335789,1.117843697831863,1.27103580680031,0.7883249592404163,-0.6469663999099473,1.074900375697332,-0.11613959834988567,1.1123729210684452,1.3257154621461198,0.9210069360234276,0.7398030916750328,0.6723706605522972,1.1591598197193376,-0.9327879000712825,0.6667257339598976,0.6994323508654008,0.8796102664813998,1.367903580482612,0.36406684489904434,0.8274706956797339,0.8445865525059431,0.0,0.0,21.0
2011-08-16 09:00:00,0.6423305602316033,0.47738160147613184,1.062930933386139,0.8677525095813039,0.8557728215396619,-0.6751773451214291,0.8553311504764657,-0.09588773626760239,0.8647438565491001,1.1409174393309753,0.9191174979820833,0.5666828135430926,0.6215342404601001,1.0111649083150138,-0.9009332580797893,0.5618739369947597,0.7475329761989187,0.674817333622828,1.00187432099933,-1.0017696827063787,0.8274706956797339,0.8445865525059431,0.0,0.0,20.0
2011-08-16 13:00:00,0.730689149599817,0.6900109293988664,1.0630958623756495,0.6949806407139898,0.9097660568143204,-0.6191308068217377,1.414614525750209,-0.36796239563774463,0.7277658582539833,0.9263000033881356,0.9695820650573084,0.74748561409589,0.7581956777329295,0.8285632360110355,-0.9539302410178669,0.7263439040803921,0.8121803006331559,1.0180958467004873,-0.36416547244909103,-1.3677444772711809,0.8274706956797339,0.8445865525059431,0.0,0.0,19.0
2011-08-16 17:00:00,0.6722034978565855,0.7174411396225505,1.0580926049145134,0.5427016020454201,0.9519005463198876,-0.5672818842531333,1.1841569672045997,-0.49964299121583794,0.7754745844912004,0.810930118709527,0.8421359851131045,0.5901138903356976,0.8068916796224663,0.8889725221291946,-0.9192088652783287,0.6926407053524057,0.824735297873874,0.8158112526494927,-1.36417600641423,-0.3678827442305594,0.8274706956797339,0.8445865525059431,0.0,0.0,18.0
2011-08-16 21:00:00,0.6437409878686703,0.37274712236117724,0.9817157723500954,0.2266859506198768,0.9694252845289173,-0.5720747657275776,0.9277886240939655,-0.2706569475236505,0.6641939820593176,0.7422523801155558,0.7624693376238708,0.36023794572771406,0.3077639677546932,0.4302279331108017,-0.9018045990083414,0.3632740783838758,0.7425482517499576,0.4906195563184194,-0.9981467469309481,0.9979537833748633,0.8274706956797339,0.8445865525059431,0.0,0.0,18.0
2011-08-17 01:00:00,0.5988981786795033,0.6177221334623159,0.9688208057366099,0.1465941764567086,0.9807128676028687,-0.5765110182449671,0.708598490613395,-0.4174468886762955,0.6201649349899151,0.7054047475792606,0.7351087068018445,0.40130480610955827,0.6340499973176733,0.28872004761653697,-0.8736797913925084,0.5712524074999739,0.7179429674762277,0.5758175145611651,0.3678930465174731,1.3639285779396655,1.1873030452467948,-0.2501719323160819,0.0,0.0,16.0
2011-08-17 05:00:00,0.6761812626248829,0.5995985081898632,0.9444676448600685,0.05134543103139137,0.9845829448487058,-0.6450354972186888,0.3615341792473128,-0.1996041194678688,0.5307604157477037,0.6216030710438656,0.5859272117586152,0.29407903452364975,0.5548038963909179,-0.24281792354395823,-0.921614271605311,0.4992408798961635,0.7143979273603054,0.44574361019136705,1.367903580482612,0.36406684489904434,1.1873030452467948,-0.2501719323160819,0.0,0.0,15.0
2011-08-17 09:00:00,0.7751908068654563,1.0860066534600818,1.041459093392266,0.3052994833576956,1.0082297199900607,-0.5885922855793426,1.2776508623512777,-0.4683299490564894,0.853675013352041,0.686490315519806,0.4587831478169471,0.8850346764687466,1.2182640831084945,0.20581874162367045,-0.97945178820197,1.077406649059572,0.6790886658565871,1.2281932056149385,1.00187432099933,-1.0017696827063787,1.1873030452467948,-0.2501719323160819,0.0,1.0,14.0
2011-08-17 13:00:00,0.8581481418649943,0.7053505335487432,1.0419735585434962,0.24596923379310878,1.0272561458558036,-0.5200920940457875,1.0702635139885035,-0.6963081767313268,0.846229343186775,0.7639054341831474,0.3092710527423868,0.8452450288199089,0.613055952469113,-0.037333412084440076,-1.0250797158843346,0.6788488418418113,0.6820864229717839,1.116725632133564,-0.36416547244909103,-1.3677444772711809,1.1873030452467948,-0.2501719323160819,0.0,0.0,13.0
2011-08-17 17:00:00,0.7316535668417432,0.5686985531027647,1.0067196673902703,0.10118689255073872,1.0350076320341224,-0.45663573312179717,0.9414231376218766,-0.7656468038454449,0.6624011703399686,0.808985439120579,0.2421247310046592,0.5871696887507903,0.03647622144517515,-0.001886550733478055,-0.9544913933714337,0.4801467153690318,0.6394879246836004,0.7796177406452225,-1.36417600641423,-0.3678827442305594,1.1873030452467948,-0.2501719323160819,0.0,0.0,12.0
2011-08-17 21:00:00,0.6326943230952093,0.4271266604583064,0.9432776583867373,-0.09133289449337521,1.027766620032539,-0.44802430821376066,0.7881262586779357,-0.5171890608214605,0.1622692267984517,0.572215478570414,0.0011391262503579476,0.3625456413788865,-0.19192361253922907,0.26262835065184503,-0.8949573632758855,0.27491011769531565,0.5342228407337241,0.5381295216131535,-0.9981467469309481,0.9979537833748633,1.1873030452467948,-0.2501719323160819,0.0,0.0,12.0
2011-08-18 01:00:00,0.5294568622179213,0.18132311595178963,0.839977060720327,-0.35379552392237495,1.000086303820086,-0.4862939727446743,0.6506496103756353,-0.27486856401157644,-0.2662435402123328,0.1912522789008091,-0.27531681293442906,-0.008756564394972643,-0.5951920694179461,0.11951510647471782,-0.8283396087543613,-0.13527025153362168,0.33768659203034135,0.2537453540730095,0.3678930465174731,1.3639285779396655,0.17907520643152947,-1.128100072887392,0.0,0.0,10.0
2011-08-18 05:00:00,0.5506541301342861,0.4396169037441632,0.8034508742687,-0.3820865603616056,0.9702028202406049,-0.4697852742006946,0.9197881204967926,-0.4760008596212524,-0.30864377777389096,-0.14127932342117308,-0.4232235031825815,0.24043347069025658,-0.08307681665603228,0.11359227783766021,-0.8424178824293125,0.26981362836460054,0.14200171183089721,0.4512157575412764,1.367903580482612,0.36406684489904434,0.17907520643152947,-1.128100072887392,0.0,0.0,9.0
2011-08-18 09:00:00,0.5649360558708534,-0.07169706086814695,0.6722483709893731,-0.6623136476303602,0.9184966234723059,-0.5200075710007384,0.6284862669750503,-0.18751236476326616,-0.5826632235075611,-0.3963793389282342,-0.6139079489721377,-0.5360870479737778,-0.9645574259396184,-0.31588018897460957,-0.8517839573875173,-0.839223883704163,0.03081646285520776,0.019677406074100772,1.00187432099933,-1.0017696827063787,0.17907520643152947,-1.128100072887392,0.0,0.0,8.0
2011-08-18 13:00:00,0.6881383038576264,-0.506386151917735,0.46742073373533466,-1.0868137539929388,0.8337324373423686,-0.6258530563597965,0.2392840616681073,0.7343018409337078,-0.7410261672822861,-0.558967309794954,-0.610801908734571,-1.7484749588047774,-1.041717186722579,-0.4621732017664626,-0.9288057034493852,-1.9360864474651351,-0.10756334295852173,-0.6101078136316149,-0.36416547244909103,-1.3677444772711809,0.17907520643152947,-1.128100072887392,0.0,0.0,7.0
2011-08-18 17:00:00,0.6349047855299581,-0.37936018272567923,0.32501977326016585,-1.2565640389386756,0.7357489303459291,-0.7239894111648386,0.06837856205282428,0.5398228664367436,-1.0203033262659749,-0.8026731139675358,-0.5341462339858283,-1.634971480916278,-0.870535443044606,-0.6097483013680619,-0.8963316998209869,-1.49956638482954,-0.26769714697114183,-0.5265985997795652,-1.36417600641423,-0.3678827442305594,0.17907520643152947,-1.128100072887392,0.0,0.0,6.0
2011-08-18 21:00:00,0.5550981450928565,-0.5670282663308761,0.1680348843645122,-1.4320440553343154,0.6240998990581195,-0.8083808696796834,-0.0657203721230583,0.4490917927364389,-1.0938086402383707,-0.977713419542663,-0.4094888666832633,-1.600999177151379,-1.1718153119178423,-0.7745163931613447,-0.8453424665161576,-1.625922693443755,-0.31457613857449573,-0.6264035309616699,-0.9981467469309481,0.9979537833748633,0.17907520643152947,-1.128100072887392,0.0,0.0,6.0
2011-08-19 01:00:00,0.47881237113492864,-0.576565832599376,0.040860241916771685,-1.4913206851543166,0.5078346941378121,-0.8997141433252194,-0.09138369853782889,0.2991566981428929,-1.145291299424492,-1.1161528732623616,-0.33467520373526616,-1.3476965853621208,-1.1868793053615119,-1.320643716877801,-0.7938199158264538,-1.4311200444975822,-0.34513517438991964,-0.5330092795810524,0.3678930465174731,1.3639285779396655,-1.4379966940383093,-1.1281000728873922,0.0,0.0,4.0
2011-08-19 05:00:00,0.5004379719616759,-0.5023646483229043,-0.04773123233217094,-1.4337653388721996,0.3960516177177848,-0.9136736315886107,-0.3123829733702983,0.7104362178340181,-1.180789426346895,-1.1711108853646572,-0.29894245887394444,-1.3927109973092946,-0.9706270737651668,-1.0031060868559298,-0.808715332527038,-1.1850196778550521,-0.3251495880369924,-0.6559001517699327,1.367903580482612,0.36406684489904434,-1.4379966940383093,-1.1281000728873922,0.0,0.0,3.0
2011-08-19 09:00:00,0.6863435372058614,0.3004974272275553,0.03062246520396535,-0.933498515879527,0.32322687149508084,-0.9803658361703931,0.669094605059629,0.2493243489788848,-0.7482706460927528,-1.0527823743317228,-0.3227581809254471,-0.2881174417535557,0.047728190406602256,-0.27356879336614914,-0.927729990029338,0.13198907703050605,-0.35110449618617423,0.11384972794024438,1.00187432099933,-1.0017696827063787,-1.4379966940383093,-1.1281000728873922,0.0,0.0,2.0
2011-08-19 13:00:00,0.7022762302446282,0.35531379356617954,0.10317413797050887,-0.5490711412303005,0.280339446538021,-0.9901077237245746,0.9362475618489986,0.013538424405042047,-0.2817380088128572,-0.7570609867942256,-0.3190055830341686,0.38460403652902797,0.1285707337851648,-0.12049066153046409,-0.9372337750212144,0.21794706370132044,-0.359894800441257,0.561002637949807,-0.36416547244909103,-1.3677444772711809,-1.4379966940383093,-1.1281000728873922,0.0,0.0,1.0
2011-08-19 17:00:00,0.5927362412094029,0.3078989438915353,0.15091268064820054,-0.30904052681408295,0.2561444303198681,-0.9991450161040905,0.7988944139538946,-0.08844010579995881,0.08913934878497363,-0.3221774613203077,-0.3188032588177551,0.14597768213993148,0.07511034219611842,0.028850141016319917,-0.8697458894187495,0.13107528186361023,-0.3932328766370687,0.36632334261906674,-1.36417600641423,-0.3678827442305594,-1.4379966940383093,-1.1281000728873922,0.0,0.0,0.0
2011-08-21 21:00:00,0.4999118520071358,0.049050591017903045,0.14412664021120958,-0.26536590784898906,0.23535057953720384,-1.0471568740270318,0.6501660243849847,0.12435766168284092,0.1574430237487171,-0.012018370886532823,-0.32253711853547423,-0.19508995171741622,0.24031937208423632,-0.3833805917612582,-0.8083557237241109,-0.21961855073673195,-0.4230016474969889,0.08602961673858052,-0.9981467469309481,0.9979537833748633,-2.0863921832865144,0.8445865525059428,0.0,0.0,0.0
2011-08-22 01:00:00,0.39729961485085424,-0.014144137644089507,0.12659690115210448,-0.2596575470668719,0.21500126793646018,-1.080330325134169,0.6389028565542112,0.01908181172531737,0.17854944706161063,0.14560576950773707,-0.3285290441709199,-0.15587093422865278,0.188083066159319,-0.02936055605545956,-0.7354918245948191,-0.280042907075694,-0.44772847393186,0.08953392575823814,0.3678930465174731,1.3639285779396655,-0.6294607438033901,1.3317999135043364,0.0,0.0,28.0
2011-08-22 05:00:00,0.4215738378141179,0.4253797848372725,0.19050268443657853,-0.03352200505336564,0.2122622848848115,-1.074561998546811,0.724803440675073,-0.2086700851639281,0.47805376160527047,0.27878841271333427,-0.31783177730454615,0.10307907108477712,0.9196020900578791,0.7169421643764454,-0.7532331804370918,0.3966532390367523,-0.4476397940687092,0.2558041127572383,1.367903580482612,0.36406684489904434,-0.6294607438033901,1.3317999135043364,0.0,0.0,27.0
2011-08-22 09:00:00,0.3394548782826773,0.5342103819609357,0.2595386899438714,0.16134467948802084,0.22469856489659445,-1.0385511928081688,0.9045018627377309,-0.3191344953041751,0.7887667832863017,0.4949834526553527,-0.3043014230039792,0.5180056278277594,1.1164155417258002,0.7065682206424021,-0.6918765978599035,0.5667125253203986,-0.43409332889532526,0.5324875818456732,1.00187432099933,-1.0017696827063787,-0.6294607438033901,1.3317999135043364,0.0,0.0,26.0
2011-08-22 13:00:00,0.3615385893518461,0.10733607935529718,0.2457403115255939,0.09186316687230166,0.23172396498054268,-1.0802700331456774,0.6031684068802554,0.05649205932771804,0.9061315144644788,0.7441418784977034,-0.3108850477793614,0.13183253890230603,0.519008338875338,0.6077147823631974,-0.708755401278693,0.013687027892377912,-0.44380730326527856,0.2356826992737788,-0.36416547244909103,-1.3677444772711809,-0.6294607438033901,1.3317999135043364,0.0,0.0,25.0
2011-08-22 17:00:00,0.27140568343892857,-0.21035608856623547,0.17814757099095743,-0.11008513870780709,0.22302262003567838,-1.1391324892460881,0.46893018393575403,0.11298346191086067,0.5880113220604738,0.7817965347899861,-0.4381384034288647,-0.24124240398984706,0.0226204298013095,0.38507058261878935,-0.6380104014609319,-0.403401678809063,-0.44536143136166445,-0.07921202088542492,-1.36417600641423,-0.3678827442305594,-0.6294607438033901,1.3317999135043364,1.0,0.0,24.0
2011-08-22 21:00:00,0.14348004237608122,-0.1401389120491089,0.1342950589801041,-0.20705163638137244,0.20676999913002533,-1.1997127423798908,0.3949756427818456,0.09833266869648645,0.2371525467488769,0.5928977960697069,-0.5049412148843013,-0.25457057436297936,0.12712314750109294,0.3832733303219713,-0.5284735728915848,-0.23450987955871583,-0.4406864637359954,-0.12184292683906164,-0.9981467469309481,0.9979537833748633,-0.6294607438033901,1.3317999135043364,1.0,0.0,24.0
2011-08-23 01:00:00,0.06074394094931735,-0.05063104351042288,0.11218459438172004,-0.22546931642629425,0.18908309950013785,-1.2145892961914555,0.6733717270022136,-0.013905602871816938,0.14387847091779185,0.33186639228378634,-0.5580473241102741,0.046839216774313526,0.25600983266416644,-0.19012270844140328,-0.45118606843280906,-0.033811104806852954,-0.4412438560491914,0.02415142775173301,0.3678930465174731,1.3639285779396655,0.8274706956797339,0.8445865525059431,1.0,0.0,22.0
2011-08-23 05:00:00,0.2809771171267814,0.8816102361715593,0.27647467929079633,0.26695305842123274,0.20974364286296932,-1.085689166758364,1.7822640336798712,-0.44213365673020505,0.6268465553009225,0.34516540831911835,-0.4221388401505052,1.2844602166292878,1.3844123704736708,0.5432875370741165,-0.6457616361744388,1.6905946466626804,-0.4021030928767034,0.7098199081085529,1.367903580482612,0.36406684489904434,0.8274706956797339,0.8445865525059431,0.0,0.0,21.0
2011-08-23 09:00:00,0.289852705084473,0.5643596723334895,0.3524007892768618,0.42047124904906086,0.24235943108092917,-0.9504601618869577,1.658544528416196,-0.6205045973447666,0.8838274267736059,0.5666173961531403,-0.35225337805602197,1.4821436046359069,0.8517144631476291,0.3649074841173988,-0.6528972532252728,1.0916421695067817,-0.4010241002143074,0.8725921347836217,1.00187432099933,-1.0017696827063787,0.8274706956797339,0.8445865525059431,0.0,0.0,20.0
2011-08-23 13:00:00,0.375185775395116,0.33679797186015786,0.37049893998671507,0.38594814027213936,0.272286728658787,-0.9606438868246822,1.1961299164326153,0.19160035403843906,0.9328164877539759,0.8367869937406059,-0.34721521096637914,0.7682128057201302,0.3941409236851879,0.38734305722107204,-0.7190443863329445,0.7456211211711253,-0.4524877819614877,0.38016930268684485,-0.36416547244909103,-1.3677444772711809,0.8274706956797339,0.8445865525059431,0.0,0.0,19.0
2011-08-23 17:00:00,0.3087674286186553,0.5048122285911094,0.4151840700880183,0.43066720778798595,0.30569652821024507,-0.9700964590216516,1.0021950869768577,0.0483188401079064,0.5724955005816592,0.8181746284234376,-0.2878035642825807,0.8360416202366545,0.36844002726367975,0.5817608355820806,-0.6679391017053711,0.9518895206881816,-0.45762353117257404,0.4616887685128133,-1.36417600641423,-0.3678827442305594,0.8274706956797339,0.8445865525059431,0.0,0.0,18.0
2011-08-23 21:00:00,0.22151319270982078,0.22915826434421255,0.401106679686731,0.3065620568466034,0.3294416263916628,-0.9788706212525596,0.851198075165485,-0.06323966906775294,0.21849739018551687,0.5903342348666619,-0.32898139450206243,0.6400561219284705,-0.14642969862743993,0.052199068213826604,-0.5966358278682266,0.507573883100983,-0.45255151094302987,0.3446782963919983,-0.9981467469309481,0.9979537833748633,0.8274706956797339,0.8445865525059431,0.0,0.0,18.0
2011-08-24 01:00:00,0.1654572513851678,0.15329320679019834,0.37304836165532,0.1692387854236576,0.3424926607135826,-1.043224878976326,0.6641156373079707,0.2688106431541988,-0.02394210325733003,0.26269495522025077,-0.366821655306909,0.3154388289334431,-0.2894490669305371,-0.09139915441637625,-0.5481153305085547,0.3431357121416229,-0.4472631396242905,0.13798523290019454,0.3678930465174731,1.3639285779396655,1.1873030452467948,-0.2501719323160819,0.0,0.0,16.0
2011-08-24 05:00:00,0.19522235271896218,0.40680234017666733,0.3934328059533708,0.19118269125546866,0.35725257895488866,-1.0592060929482074,0.8149426890990369,0.012469269105984854,-0.0637399291623224,0.04481792767613134,-0.44567523588975577,0.5521619399047966,0.25622483059510043,0.3861588850093025,-0.5741556316146637,0.7176718082229915,-0.4411164776973534,0.2985915277982238,1.367903580482612,0.36406684489904434,1.1873030452467948,-0.2501719323160819,0.0,0.0,15.0
2011-08-24 09:00:00,0.17042641054370863,0.526219577542169,0.4275682506334628,0.24615138311988133,0.37629318971815334,-1.0319093332212295,1.0493833452832455,-0.16363366365581763,0.17348632721252294,0.029404016176258922,-0.545899562910067,0.9877548754371147,0.5224608854362193,0.7157996263651129,-0.5525070929103121,0.9011385048800913,-0.38976846314595665,0.5586223759642331,1.00187432099933,-1.0017696827063787,1.1873030452467948,-0.2501719323160819,0.0,0.0,14.0
2011-08-24 13:00:00,0.2873205845151246,0.061141591694576704,0.3792264421023705,0.0657231535940774,0.3812829335845587,-1.090642218439236,0.599443342473188,0.19661141088722023,0.14081876435506838,0.08582591035688393,-0.7088301736913698,0.4649726770176688,-0.38155955054046203,0.36654354172246484,-0.6508666090756136,0.05451081696628832,-0.42411829215514585,0.2668778599812278,-0.36416547244909103,-1.3677444772711809,1.1873030452467948,-0.2501719323160819,0.0,0.0,13.0
2011-08-24 17:00:00,0.1757252969880055,0.09361560599768656,0.3423140223159015,-0.047522477662393606,0.37745366229121097,-1.1451660684355036,0.4987460840577973,0.10935497689698434,-0.061720232478471554,0.08651754978695375,-0.7123467273543425,0.1606126767783626,-0.3148604698177928,0.32993333274920156,-0.5571704870291139,0.1013927906689235,-0.4728093143799601,0.12647849239734085,-1.36417600641423,-0.3678827442305594,1.1873030452467948,-0.2501719323160819,0.0,0.0,12.0
2011-08-24 21:00:00,0.0509511033907067,-0.024940070802388744,0.29156145091427943,-0.1757751115390116,0.3636367039684658,-1.2046643096317278,0.42677601219968747,0.12217237159920202,-0.4353571563684385,-0.12197918309006578,-0.7136872182528949,-0.04083421158658416,-0.5310574900913323,-0.5276002818251451,-0.4416710773089492,-0.13770859412533012,-0.564685623834346,0.02984880725917211,-0.9981467469309481,0.9979537833748633,1.1873030452467948,-0.2501719323160819,0.0,0.0,12.0
2011-08-25 01:00:00,-0.037426586455837955,-0.01080971395492843,0.25036190433922645,-0.2523854561232314,0.343853707196502,-1.2894321721047695,0.3124166749206903,0.27505345606246095,-0.4794048611348748,-0.3343730134505702,-0.7173214881397355,-0.18521892815861826,-0.5057578387827635,-0.30870047248571525,-0.3519995547408915,-0.12328524677432344,-0.6677617942012387,-0.029373230076329533,0.3678930465174731,1.3639285779396655,0.17907520643152947,-1.128100072887392,0.0,0.0,10.0
2011-08-25 05:00:00,0.04156562336904987,0.48991706646161637,0.29412379570982267,-0.08251160688429421,0.3372996538730582,-1.252503533415076,1.1401493044705815,-0.0458572007538099,-0.23562332948441705,-0.39392563828886096,-0.7182052807377042,0.7144952670779214,0.3725135737701547,0.18760674239301595,-0.43247573470854217,0.8293090063041851,-0.8321419542790055,0.3705980856031867,1.367903580482612,0.36406684489904434,0.17907520643152947,-1.128100072887392,0.0,0.0,9.0
2011-08-25 09:00:00,0.023019716942700438,0.08648652851316392,0.26881183144230053,-0.13454789712511567,0.3266932691051297,-1.2182191165498315,0.8825095733010306,-0.22367373999772547,-0.17910347189075593,-0.30617228715327194,-0.7678457270848842,0.29333694990918024,-0.3716923290221386,-0.20081270107687801,-0.4140827599627484,0.030226350516567767,-0.8596485353422214,0.18829069441279583,1.00187432099933,-1.0017696827063787,0.17907520643152947,-1.128100072887392,0.0,0.0,8.0
2011-08-25 13:00:00,0.259990430971421,-0.47472144419503376,0.152865639377109,-0.422773517058611,0.29364128459599703,-1.2749151687375084,0.282614347561262,0.76548351474438,-0.3208960822951818,-0.2518914031302971,-0.719849856782659,-0.9074441328247285,-0.905560725017513,-0.40922589928398456,-0.6286888473070116,-1.1531307996165532,-0.8463370902125184,-0.2837135430228601,-0.36416547244909103,-1.3677444772711809,0.17907520643152947,-1.128100072887392,1.0,0.0,7.0
2011-08-25 17:00:00,0.15479286283002427,-0.34915147395380475,0.07877848023877372,-0.5394644269547874,0.2515019834993561,-1.3275529500581609,0.18445753086105895,0.6543481300026147,-0.6641237168529645,-0.39863015161359167,-0.6966413225494853,-0.9566312950467041,-0.5952618169242797,-0.27705871894818085,-0.5386289571705588,-0.8302877781257293,-0.8298360231025362,-0.33322556509052614,-1.36417600641423,-0.3678827442305594,0.17907520643152947,-1.128100072887392,1.0,0.0,6.0
2011-08-25 21:00:00,0.13226275477849772,0.037448363462285944,0.08042096698192201,-0.42677278599505025,0.21813855551123823,-1.3992410339278032,0.5203857726094951,0.4360024409965074,-0.49410584091130494,-0.5065018239899164,-0.7103992812365757,-0.39640885120241137,0.10769540013455063,-0.21699099271058453,-0.5183089161429558,-0.07728279260060304,-0.8526403843798923,-0.07306495782853958,-0.9981467469309481,0.9979537833748633,0.17907520643152947,-1.128100072887392,0.0,0.0,6.0
2011-08-26 01:00:00,0.02451493216010884,0.0641930453381698,0.08494276146382261,-0.32878548511167616,0.1924058986386674,-1.4623911762316955,0.4592541852483626,0.3460219900788541,-0.11694044884212411,-0.4366577928495701,-0.7826380014146457,-0.1750833113699741,0.15790662992450555,-0.2957030346498057,-0.41557673711995174,-0.09233620706843317,-0.8785682045316223,0.050434168933434574,0.3678930465174731,1.3639285779396655,-1.4379966940383093,-1.1281000728873922,0.0,0.0,4.0
2011-08-26 05:00:00,-0.008912393193712792,0.3614202807071346,0.13640111210773087,-0.12269119023678089,0.18272285613686273,-1.460636010560915,0.8733094358631637,0.16306643250225492,0.3514802416637002,-0.08886708315474444,-0.8407546647487125,0.42769211442938987,0.7255118362452861,0.21278527824956917,-0.3817022669203033,0.557038285854035,-0.8790506335469492,0.28383513003863053,1.367903580482612,0.36406684489904434,-1.4379966940383093,-1.1281000728873922,0.0,0.0,3.0
2011-08-26 09:00:00,0.020036955461203095,-0.10768954160499664,0.10476078138867981,-0.18390971208111437,0.16827241496181336,-1.4959724875479956,0.5598194303176672,0.22651376187898756,0.282572073969469,0.1771040771144677,-0.8960080619690627,-0.2101774912537177,-0.08660022818291606,-0.11080119146899471,-0.4110966022608199,-0.6254309736691629,-0.8795715218317071,0.08057928983139782,1.00187432099933,-1.0017696827063787,-1.4379966940383093,-1.1281000728873922,0.0,0.0,2.0
2011-08-26 13:00:00,0.39673243976810485,0.607550413663854,0.2127844722791878,0.1471117698101972,0.179600305671303,-1.4958087484486853,-0.14204901442633686,0.6392725451075978,0.6165768774747732,0.4282950156234168,-0.8831259749761682,0.5391717593677796,1.0996770372596578,0.5390614495552524,-0.7350734088153809,1.6016426233455023,-0.876887546235244,0.28224892577909444,-0.36416547244909103,-1.3677444772711809,-1.4379966940383093,-1.1281000728873922,0.0,0.0,1.0
2011-08-26 17:00:00,0.29093543380055287,0.8245594346250236,0.3446321408650057,0.47674896591783505,0.216598726867819,-1.4956567208279812,-0.23240439332224042,0.5253175693812134,0.9301165152224927,0.626447374669071,-0.7385849828875236,2.3917335881222233,1.609578021097913,0.7432662539648546,-0.6537643189929481,1.905497871162431,-0.8166363297251414,0.8578802298129685,-1.36417600641423,-0.3678827442305594,-1.4379966940383093,-1.1281000728873922,0.0,0.0,0.0
2011-08-28 21:00:00,0.22174392701161091,0.4567759369571533,0.3870026820820301,0.497010360897515,0.2551750062783872,-1.4861038354837228,-0.3534150445794292,0.4624103953686031,1.3106186306895222,0.9784990170072912,-0.6925193483331293,1.65697416584773,0.9862754565812423,0.16150203365096094,-0.5968310065125804,1.0143224489533935,-0.816701046519038,0.6780669377728095,-0.9981467469309481,0.9979537833748633,-2.0863921832865144,0.8445865525059428,0.0,0.0,0.0
2011-08-29 01:00:00,0.14423743902950456,0.6712129792139688,0.4625961520032911,0.6036120476825579,0.302052902990937,-1.473071483336987,-0.4586209092324101,0.36490253401479056,1.438351016876153,1.2599132521080407,-0.6013625463403672,1.5004777456180947,1.459835274825135,0.6022748266830051,-0.5291564700229142,1.3966194938202636,-0.7987081460095469,0.6817634093975272,0.3678930465174731,1.3639285779396655,-0.6294607438033901,1.3317999135043364,0.0,0.0,28.0
2011-08-29 05:00:00,0.14645795737786363,0.8593180595276521,0.5599601342773483,0.748126362294054,0.36018486678951667,-1.5241847272130742,0.29714885852321965,0.13401326005761835,1.283523665192869,1.3809365333474535,-0.46438754750986977,1.8123642367586805,1.173021970013836,1.189563033716337,-0.5311560897224178,1.5572591019081672,-0.6660543245519522,0.9873002557972148,1.367903580482612,0.36406684489904434,-0.6294607438033901,1.3317999135043364,0.0,0.0,27.0
2011-08-29 09:00:00,0.12452725774182102,0.9245194062822236,0.644959693901184,0.8300968318838976,0.4247002893223917,-1.5921477858691153,0.09662244758154148,0.11765133334171908,1.3933928683649983,1.409282337461538,-0.3423737502037501,1.3696465670717146,1.2960661037189305,1.174176187821993,-0.5112434888692295,1.4342582547573954,-0.5809379881506197,0.8439733949542825,1.00187432099933,-1.0017696827063787,-0.6294607438033901,1.3317999135043364,0.0,0.0,26.0
2011-08-29 13:00:00,0.10921459108868702,0.6437374693950758,0.664945232675732,0.7187837907613115,0.4805471973505871,-1.6239778973713412,0.16615532126283228,-0.07510775665681299,1.2237908051470334,1.3358067984152626,-0.27981432478258716,1.160563848613953,0.9816199842503445,0.7446125965388353,-0.49712090171067846,0.9686043187422796,-0.49863316265401336,0.797211369388467,-0.36416547244909103,-1.3677444772711809,-0.6294607438033901,1.3317999135043364,0.0,0.0,25.0
2011-08-29 17:00:00,0.018916350267019665,0.6966599458329026,0.6835943993454704,0.626097371669,0.5291761409768965,-1.6674350341719686,0.06045406631802073,-0.06085703040922034,1.1866173732333851,1.3026215121903961,-0.21572000419369758,0.8650815492569259,1.0682065968576628,0.7719257973626029,-0.40997269670141817,0.9593581664071907,-0.4442529535259095,0.6265422762533912,-1.36417600641423,-0.3678827442305594,-0.6294607438033901,1.3317999135043364,0.0,1.0,24.0
2011-08-29 21:00:00,-0.08576490132780734,0.7316393998819324,0.6970204104027222,0.5377371333430689,0.5709240219726218,-1.6844591397822315,0.18322838826192847,-0.13456156673095124,1.1229173446453888,1.2099979323385461,-0.17374662371420194,0.8653734913479882,1.1164555075808262,0.5900952034517298,-0.2998625344715489,0.9052333363577818,-0.38535796047595394,0.6826309840992641,-0.9981467469309481,0.9979537833748633,-0.6294607438033901,1.3317999135043364,0.0,1.0,24.0
2011-08-30 01:00:00,-0.18612355199035652,0.7326734791747682,0.6995951786909603,0.43752500338689765,0.6048678730603579,-1.7002663284552664,0.10206235604786291,-0.20567209056255237,1.1712830327852668,1.1920167938632051,-0.14369492326644406,0.7542832238701702,1.1179933936819106,0.8928557847778363,-0.1838373759349777,0.8128209145260252,-0.3500308133757953,0.624462440999084,0.3678930465174731,1.3639285779396655,0.8274706956797339,0.8445865525059431,0.0,1.0,22.0
2011-08-30 05:00:00,0.003531509628970747,-0.3230523116646716,0.5417003702216382,-0.0792485204171538,0.5985679329305272,-1.625304184272867,-0.3452318776825184,1.011731137672356,0.7504217602238471,1.0426428370740566,-0.17295960976805244,0.058432638799851576,-0.1184670315815299,-0.3289679001205304,-0.3944297837990785,-0.39395088827177,-0.3560484527652822,0.021381494743176736,1.367903580482612,0.36406684489904434,0.8274706956797339,0.8445865525059431,0.0,1.0,21.0
2011-08-30 09:00:00,0.025273577873893182,-0.49345242987735943,0.380676770250562,-0.5011801201927195,0.5594100261532017,-1.4892238985414872,-0.5496876538855919,1.508151383678719,0.22299966589074263,0.7344685674324491,-0.18758609280046182,-0.6179012487413899,-0.3706803521576656,-0.6716847293045127,-0.4163340054451073,-0.6546425012111932,-0.34172638840392555,-0.5102117379272059,1.00187432099933,-1.0017696827063787,0.8274706956797339,0.8445865525059431,0.0,1.0,20.0
2011-08-30 13:00:00,0.009791822655748279,-0.44729445453530303,0.25659682890892216,-0.7382095090738366,0.5017934313836171,-1.387151350029151,-0.5287223839349444,1.225881027895386,-0.2858781148877332,0.2354678443266574,-0.1708599486580829,-0.4537564408952116,-0.3168543386200677,-0.40299383328090266,-0.40077989913421513,-0.5748491217925131,-0.34097822185964055,-0.35388621379288654,-0.36416547244909103,-1.3677444772711809,0.8274706956797339,0.8445865525059431,0.0,1.0,19.0
2011-08-30 17:00:00,0.01151507408299757,-0.17776911502500098,0.1949617674790715,-0.7579336931550648,0.4426408137538469,-1.3293237170874248,-0.4363649032808729,0.933388579214952,-0.24442611988327728,-0.10521500488771221,-0.18837976494379105,-0.2777380499351349,-0.0015876878999312222,-0.4376285354425645,-0.4025217131918537,-0.28908058223567124,-0.3528192852202484,-0.17502609600884542,-1.36417600641423,-0.3678827442305594,0.8274706956797339,0.8445865525059431,0.0,1.0,18.0
2011-08-30 21:00:00,-0.05033305895414899,-0.3843869663133286,0.111230606378391,-0.8338318599169373,0.37757761859588446,-1.2756287616699635,-0.5478036981575545,0.7626475476865449,-0.4341739472283759,-0.33026225424388006,-0.28751510189189744,-0.47247611024539166,-0.9056992703718639,-0.7621976272596024,-0.33830253520613723,-0.6393926962725843,-0.36847509222768077,-0.2736371120068812,-0.9981467469309481,0.9979537833748633,0.8274706956797339,0.8445865525059431,0.0,1.0,18.0
2011-08-31 01:00:00,-0.14280102023350927,-0.23534626808237613,0.06474505256327617,-0.7932129638791467,0.31567762413675027,-1.2257709986822312,-0.6199603819299463,0.6520926315767595,-0.563828450423194,-0.4254455623091438,-0.38333827295065365,-0.5239155454544013,-0.6824322375160075,-0.7393618241178003,-0.23527521022967454,-0.5454481064276752,-0.39115586741393205,-0.23921411965203435,0.3678930465174731,1.3639285779396655,1.1873030452467948,-0.2501719323160819,0.0,1.0,16.0
2011-08-31 05:00:00,-0.13806889676978018,-0.09562190466100975,0.046649075226617875,-0.6834758066287832,0.262323422063968,-1.262841881453619,-0.19707588549464355,0.39623215353482594,-0.7311963477990524,-0.5921386532581012,-0.4237652148710257,-0.38296756602696913,-0.4735034544765849,-0.49264483911170165,-0.24076623008319464,-0.4077705477166932,-0.3919978073363758,-0.0849027421539956,1.367903580482612,0.36406684489904434,1.1873030452467948,-0.2501719323160819,0.0,1.0,15.0
2011-08-31 09:00:00,-0.19144007955093376,-0.15225255336527033,0.02401153947869983,-0.6080427018805576,0.21484358076732243,-1.2972637496344919,-0.3248501777566545,0.24331876899526178,-0.6076998342430144,-0.6515621035993056,-0.4600705524744873,-0.4509388302087058,-0.5574846319728259,-0.5710011133207205,-0.17737615804597587,-0.5239975170097766,-0.399152512884686,-0.09632844489675797,1.00187432099933,-1.0017696827063787,1.1873030452467948,-0.2501719323160819,0.0,1.0,14.0
2011-08-31 13:00:00,-0.18165526912478477,-0.563085111719422,-0.05364194932115173,-0.6973830044492995,0.16040635423657185,-1.2572592666186633,-0.5194563099231434,0.6833047079082407,-0.7894336546572231,-0.7288199691613876,-0.41836930683837875,-0.8479074499588988,-1.1948546107329996,-0.8521109209893596,-0.18924208845488114,-1.05401721181165,-0.4422572209349471,-0.35963324810767916,-0.36416547244909103,-1.3677444772711809,1.1873030452467948,-0.2501719323160819,0.0,1.0,13.0
2011-08-31 17:00:00,-0.16025897172166206,-0.9711139309881437,-0.1842725467106041,-0.9129947677868624,0.08917833950147346,-1.1504357738502413,-0.7114111910795841,1.171191065496649,-1.1440926535501308,-0.8702151439274213,-0.34431000440537096,-1.3477593438683755,-1.4735110781607947,-1.1509793314646997,-0.21480291709163443,-1.6027460656498034,-0.45047775694584946,-0.7112862638741937,-1.36417600641423,-0.3678827442305594,1.1873030452467948,-0.2501719323160819,0.0,1.0,12.0
2011-08-31 21:00:00,-0.2193042477749896,-1.0961033064944294,-0.3084898474358419,-1.0680349530153332,0.0058765544254755445,-1.0444825692834956,-0.808434548348468,1.0761377180584268,-1.5235826489224078,-1.18385662931497,-0.19699872991779166,-1.4077356788220081,-1.6275065112111253,-0.6110289520325168,-0.1429606731523167,-1.5369499025756652,-0.3941548784696513,-0.8170545172722695,-0.9981467469309481,0.9979537833748633,1.1873030452467948,-0.2501719323160819,0.0,1.0,12.0
2011-09-01 01:00:00,-0.2914923104542876,-1.00205365765247,-0.39229306677273085,-1.082108923043878,-0.07852124251131154,-0.9436552310724926,-0.8861291308731221,0.9599294691175871,-1.632724881706103,-1.4726393303622483,-0.11737841584114907,-1.253966681930065,-1.502595469389651,-0.4358591091933721,-0.04925690212451079,-1.2788733401255046,-0.32798719899120127,-0.7623993703811732,0.3678930465174731,1.3639285779396655,0.17907520643152947,-1.128100072887392,0.0,1.0,10.0
2011-09-01 05:00:00,-0.157139044360575,-1.5996012452736292,-0.5810718493773485,-1.3789844310752273,-0.18603825011290992,-0.7429510257351969,-1.148653855645118,1.912633636427463,-1.658926357595845,-1.6489426795205089,0.1438023869272964,-1.6444249390039904,-1.5473895803933908,-1.0083395857282764,-0.21848654488412972,-1.8025416287508675,-0.15392339382496706,-1.2048308784033186,1.367903580482612,0.36406684489904434,0.17907520643152947,-1.128100072887392,0.0,1.0,9.0
2011-09-01 09:00:00,-0.18105383916635673,-1.5470757813354354,-0.7168809236428699,-1.472365450736089,-0.300827314206977,-0.5283722833027755,-1.2544991578636346,2.123873867440945,-1.5199273121252412,-1.647690919749193,0.3077809859122832,-1.732729166953254,-1.2355804481778163,-1.1478563080612896,-0.18996778341013626,-1.5058820922585254,0.05734187219070884,-1.4338042278340468,1.00187432099933,-1.0017696827063787,0.17907520643152947,-1.128100072887392,0.0,1.0,8.0
2011-09-01 13:00:00,-0.05017129871122593,-1.6104691588192432,-0.8302148781388246,-1.485920213345615,-0.41667195683077607,-0.29038824887809467,-1.461687612180033,2.2266009345865316,-1.26547100426367,-1.5219258657605967,0.40466472135651166,-1.5955686844799524,-0.7851224923880339,-1.071829311746819,-0.3384751958650517,-1.397876944270045,0.26068301161174856,-1.4338583383216146,-0.36416547244909103,-1.3677444772711809,0.17907520643152947,-1.128100072887392,0.0,1.0,7.0
2011-09-01 17:00:00,-0.10319075907077423,-1.8571553433517436,-0.9718344502290501,-1.5737232136903718,-0.5393542671201698,-0.06940695709555987,-1.5311177170496406,1.981160710488794,-1.1571702039705773,-1.3501008868407114,0.5139707452882074,-1.414135051494094,-1.242021251146805,-1.4239171255010483,-0.28049284023790044,-1.5209310136569756,0.4172169414388043,-1.3967221393542195,-1.36417600641423,-0.3678827442305594,0.17907520643152947,-1.128100072887392,0.0,1.0,6.0
2011-09-01 21:00:00,-0.1843029946754655,-1.5101402568785358,-1.0367982979825792,-1.435401581243014,-0.6512647660827989,0.13970171695142464,-1.5788176594701233,1.8897798041392677,-1.0678440925849675,-1.195286264027823,0.5576788781945456,-1.2101049168275846,-0.9837137461950255,-1.3552918173187596,-0.1860422878427474,-1.1985538279994834,0.5444213728517318,-1.2813912824596745,-0.9981467469309481,0.9979537833748633,0.17907520643152947,-1.128100072887392,0.0,1.0,6.0
2011-09-02 01:00:00,-0.22616274377783252,-1.593166061482178,-1.0951333089415354,-1.3067086106807833,-0.7531532867514342,0.29989917566572305,-1.462588718678703,1.6431392982470348,-1.1880211537666847,-1.1687637812783012,0.5627656339798137,-1.0775335796479675,-1.1239774988839215,-1.4039931325645165,-0.13434465968812273,-1.176173924853898,0.639103934377968,-1.1931647694128418,0.3678930465174731,1.3639285779396655,-1.4379966940383093,-1.1281000728873922,0.0,1.0,4.0
2011-09-02 05:00:00,-0.17317998190275305,-1.825823034105636,-1.1857361951883147,-1.291548306437224,-0.8538611971707646,0.5001180076690761,-1.5984420163032107,2.1848108437767615,-1.218551099395048,-1.1897834957076932,0.5704488583030213,-1.1947112193876672,-1.3281044422524289,-1.39734819144917,-0.1994298275478188,-1.3317508584373448,0.7171295589108746,-1.4270045401278921,1.367903580482612,0.36406684489904434,-1.4379966940383093,-1.1281000728873922,0.0,0.0,3.0
2011-09-02 09:00:00,-0.12619144893744894,-1.5271631308835958,-1.213765640932562,-1.1091709498091793,-0.9403664522200536,0.6318079832100758,-1.420936707259105,1.723953386719607,-1.2686210701061298,-1.2585390050939056,0.4770366371650602,-0.9554931931542286,-1.1248926041544316,-0.9728704789583993,-0.25444094847284787,-1.1002708060725679,0.7396328079282309,-1.152998461083119,1.00187432099933,-1.0017696827063787,-1.4379966940383093,-1.1281000728873922,0.0,1.0,2.0
2011-09-02 13:00:00,-0.00964608168771632,-1.889153351318592,-1.3151341876948892,-1.1628092658025753,-1.031048796633771,0.7921960053719286,-1.596877408667155,1.852108498035106,-1.4104415117696536,-1.3347062290513738,0.6124208079737968,-1.0777717409816838,-1.5238588590086932,-1.27094490085997,-0.38094745271637653,-1.3929890258679112,0.7754647554263852,-1.398632916606751,-0.36416547244909103,-1.3677444772711809,-1.4379966940383093,-1.1281000728873922,0.0,0.0,1.0
2011-09-02 17:00:00,-0.08260412590650544,-1.8293326664665857,-1.3737165890997136,-1.0893078554714557,-1.116007211172389,0.9470079714196831,-1.6489882212901266,1.7782588158967223,-1.4381023341168728,-1.4098909298374978,0.7139309729263088,-1.109513169447433,-1.4060977634734884,-1.2882831644368087,-0.3033425978005239,-1.2080359567346597,0.823779010333861,-1.5216400539826656,-1.36417600641423,-0.3678827442305594,-1.4379966940383093,-1.1281000728873922,0.0,0.0,0.0
2011-09-04 21:00:00,-0.013046779589631758,-2.1784349137484202,-1.5121105734733244,-1.2476571846058746,-1.2132970959732952,1.135536484017444,-1.7735543294196177,2.259761040425115,-1.5849566555040409,-1.518219158400091,0.9007768407734293,-1.3141907169835023,-1.538967649244387,-1.2105209656282117,-0.3774423840212983,-1.484509864905201,0.8985935476083696,-1.9076229973877998,-0.9981467469309481,0.9979537833748633,-2.0863921832865144,0.8445865525059428,0.0,0.0,0.0
2011-09-05 01:00:00,-0.09333701108460353,-1.89196945371848,-1.5734863340537244,-1.1647863307455455,-1.3041334045224093,1.310596974077853,-1.8148595605829532,2.0717923632281354,-1.5070297641253028,-1.5512955328600897,0.9486339963866559,-1.1436569500776426,-1.3041337548607495,-1.1053612763567398,-0.29148412976514165,-1.213280053111294,0.8974317858270939,-1.6666789429467899,0.3678930465174731,1.3639285779396655,-0.6294607438033901,1.3317999135043364,0.0,0.0,28.0
2011-09-05 05:00:00,-0.07604075704727821,-2.0660796313758336,-1.6589440785402414,-1.1640116386487567,-1.3949093838449573,1.5017543892205962,-1.8997139634107052,2.397242181594037,-1.5043265584438976,-1.573973831604932,1.0366098063547664,-1.2129933693831358,-1.3984757200508489,-1.279281714239047,-0.31053672125173454,-1.2911504105397236,0.9774897136237155,-1.7843324859820004,1.367903580482612,0.36406684489904434,-0.6294607438033901,1.3317999135043364,0.0,0.0,27.0
2011-09-05 09:00:00,-0.05650796743082573,-2.231816525499979,-1.765881724042489,-1.2218341580970473,-1.4901882978055287,1.6879674968958212,-1.9787537345976525,2.2152722388767034,-1.542631332334031,-1.5594796441217913,1.109410539590048,-1.2578909178003017,-1.6469729896790164,-1.267522415810888,-0.3316925261568216,-1.369888784554436,1.109081442119319,-1.8328616420853074,1.00187432099933,-1.0017696827063787,-0.6294607438033901,1.3317999135043364,0.0,0.0,26.0
2011-09-05 13:00:00,-0.005543978139912066,-2.0704655630913487,-1.813121017211642,-1.1056655679813279,-1.5764205708851156,1.8872844759227938,-2.063169601780091,2.515209820725478,-1.4384155852041656,-1.5359829121703288,1.0598222649560636,-1.2869620932633061,-1.0102837694856983,-1.3457103634646295,-0.3851613522353621,-1.196241797643705,1.2203833590523934,-1.896101456008332,-0.36416547244909103,-1.3677444772711809,-0.6294607438033901,1.3317999135043364,0.0,0.0,25.0
2011-09-05 17:00:00,-0.05512143904210361,-2.165968304596164,-1.8613681034255092,-1.0154726878714073,-1.6556290641670537,2.0723631915146363,-2.105012489685504,2.2453315655065427,-1.3798467899658324,-1.4933551667203553,0.9749289967385882,-1.1840257448199354,-1.2333333102116495,-1.401264274935555,-0.33317998361490425,-1.232292518078432,1.2729098723714465,-1.79016318959881,-1.36417600641423,-0.3678827442305594,-0.6294607438033901,1.3317999135043364,0.0,0.0,24.0
2011-09-05 21:00:00,-0.08726945586498784,-2.3080796443037745,-1.9285405570821361,-0.9948103106915324,-1.7332284727049352,2.2574528634458604,-2.1503711457367665,2.374977384694566,-1.3396486417847133,-1.4238443171318795,0.9504463370121021,-1.201303392810273,-1.5336290317797703,-1.3748126040833135,-0.29820243125781865,-1.3242954298074405,1.3302808314162773,-1.8750543125228003,-0.9981467469309481,0.9979537833748633,-0.6294607438033901,1.3317999135043364,1.0,0.0,24.0
2011-09-06 01:00:00,-0.1531038240756534,-2.363403125564099,-1.9799536006447143,-0.9354023831903377,-1.8062014827899173,2.4322273852590963,-2.181762880308247,2.2518587845968,-1.55723115832957,-1.46453237486694,0.9642726686042797,-1.1403772838160733,-1.6237862493451023,-1.5903476293437775,-0.2232346204819874,-1.2789192180542788,1.3539444025239515,-1.8387357437174927,0.3678930465174731,1.3639285779396655,0.8274706956797339,0.8445865525059431,1.0,0.0,22.0
2011-09-06 05:00:00,0.30120037767902713,-0.5071121495324157,-1.7600437197812209,-0.1496636796442761,-1.817985010673293,2.1506280816762633,0.19461208568717825,1.0505642247399478,-1.0200720608644878,-1.3413285341225882,0.7873796825910224,-0.44568872975945156,0.2812573085889549,-0.16054942466046307,-0.6619481520778173,-0.1904081822365235,1.2001805328123956,-0.7719814682991203,1.367903580482612,0.36406684489904434,0.8274706956797339,0.8445865525059431,0.0,1.0,21.0
2011-09-06 09:00:00,0.7675582538534114,-1.406054715526987,-1.8313678327049567,-0.3134588919552001,-1.8425241075303946,1.9045450538139757,-0.4680096701913531,0.3588393250051987,-0.999698507804241,-1.22491357003501,0.7300314224718704,-0.753997533600194,-1.4761831233286113,-1.3294304619281023,-0.9751279378582386,-1.3075383522823942,1.051369231292702,-1.2286638237365692,1.00187432099933,-1.0017696827063787,0.8274706956797339,0.8445865525059431,0.0,0.0,20.0
2011-09-06 13:00:00,0.9136901195790689,-1.6748778153314323,-1.978304111482324,-0.6502197923419903,-1.8932884940765722,1.7566455175250755,-0.7449189223158657,0.7700367780771694,-0.9768279295895832,-1.0261561221736681,0.9099146050924687,-1.3343309226615525,-1.5592996505442356,-1.3511883708695398,-1.0542935024816238,-1.5792188588411367,1.0370209664349246,-2.0635782976097876,-0.36416547244909103,-1.3677444772711809,0.8274706956797339,0.8445865525059431,0.0,0.0,19.0
2011-09-06 17:00:00,0.8186534034427461,-1.5679533895950342,-2.0518181877033643,-0.7198622096248695,-1.9494762910180574,1.619310869497799,-0.836625787928944,0.6163108999001861,-1.5874012288956063,-1.2204363948385175,0.9768260707760594,-1.3694574896993392,-1.4403342935697527,-1.3964810522537854,-1.003664108722304,-1.3326714382658014,1.0679960853467747,-2.1144392566915093,-1.36417600641423,-0.3678827442305594,0.8274706956797339,0.8445865525059431,0.0,0.0,18.0
2011-09-06 21:00:00,0.7013666249885427,-1.2989528434662008,-2.0379034740255957,-0.5377008750979573,-1.9914782553328036,1.4706429770886422,-0.7748853955711121,0.497149885890087,-1.4434465966499135,-1.372396675665669,0.9425784172827156,-1.120172052822611,-1.0702841325805479,-0.9485263031749177,-0.9366939563801671,-1.0289319131571562,1.0364470680849842,-1.7582640298714607,-0.9981467469309481,0.9979537833748633,0.8274706956797339,0.8445865525059431,0.0,0.0,18.0
2011-09-07 01:00:00,0.6038205395812859,-1.1096900634774125,-1.9694272712519976,-0.24352152153008083,-2.0105709722883653,1.2581999340057841,-0.3543402271443411,0.3649674543380937,-1.1866525563393429,-1.4442505269989525,0.898188207925296,-0.8281376913005604,-0.8352351298952536,-0.5433037309546824,-0.8768101392535649,-0.802106397823936,0.9138302216923614,-1.332254507068207,0.3678930465174731,1.3639285779396655,1.1873030452467948,-0.2501719323160819,0.0,0.0,16.0
2011-09-07 05:00:00,0.6735851972794796,-0.6443017636514052,-1.8029269876232077,0.25852477815942954,-1.9905667821161588,1.0316585961116262,0.40716667982075516,0.06621876210572905,-0.7533969295384007,-1.158648108133214,0.7275076493363414,-0.41804269660328136,-0.21871315563875324,-0.21998527309760488,-0.9200451376207774,-0.3414931424724629,0.7950106846254898,-0.7626196656454318,1.367903580482612,0.36406684489904434,1.1873030452467948,-0.2501719323160819,0.0,1.0,15.0
2011-09-07 09:00:00,0.7222691593255082,-0.9061514049447374,-1.7293176555750371,0.40742516148012936,-1.9589669593069248,0.7931355112042036,0.12144434647957483,0.040824761754189406,-0.6376928391067977,-0.8827200075924415,0.5715391132986664,-0.5954049378509353,-0.7440412545364795,-0.419040004569184,-0.949015573553236,-0.6530269038864585,0.7219626626814634,-0.9751240737379274,1.00187432099933,-1.0017696827063787,1.1873030452467948,-0.2501719323160819,0.0,1.0,14.0
2011-09-07 13:00:00,0.7498000515105409,-0.7883620254105842,-1.6291021682753613,0.5989351961384654,-1.912453272888491,0.5535759504993889,-0.11941531546557617,-0.04659982183181647,-0.5497759514953827,-0.6646234114446455,0.43391331004407135,-0.5912525093432651,-0.5873419194129494,-0.09830318029675553,-0.9649828887284272,-0.47744864155769273,0.6430338895159822,-0.9432215554159941,-0.36416547244909103,-1.3677444772711809,1.1873030452467948,-0.2501719323160819,0.0,1.0,13.0
2011-09-07 17:00:00,0.7030839287584602,-0.4410862104944391,-1.4621863183172656,0.9336208204896806,-1.839875909115297,0.3635908185054962,-0.018740726048921474,-0.20451511558061777,-0.5115116066282305,-0.581790465182247,0.19127136753049503,-0.18686075692823287,-0.11082181014384129,0.2986563870351162,-0.9377128373306635,-0.007984948563339435,0.5268268661515753,-0.5305695922103142,-1.36417600641423,-0.3678827442305594,1.1873030452467948,-0.2501719323160819,0.0,1.0,12.0
2011-09-07 21:00:00,0.605099830715302,-0.643423613749243,-1.3679753116969924,1.0035547998385548,-1.7618524295209743,0.18717653913863241,-0.13256025494634294,-0.30847261921218516,-0.41493968863019326,-0.5055092773812785,0.052881314745549655,-0.2257227673491723,-0.47174404923983804,-0.9674103341248796,-0.8776219332581662,-0.2791927942922755,0.3872048397520307,-0.581429023192433,-0.9981467469309481,0.9979537833748633,1.1873030452467948,-0.2501719323160819,0.0,1.0,12.0
2011-09-08 01:00:00,0.4863388025182837,-0.6414458528520586,-1.278385997396383,1.0469273348287704,-1.680451309311718,-0.0034933658687660817,-0.21865044020735605,-0.18938298205195284,-0.3730311204423669,-0.44498350873756376,-0.13310501132642838,-0.32126866100491475,-0.4691752076804471,0.18056323909530483,-0.7990306805136028,-0.20729628240245968,0.22190099091624815,-0.653963840122365,0.3678930465174731,1.3639285779396655,0.17907520643152947,-1.128100072887392,0.0,1.0,10.0
2011-09-08 05:00:00,0.38837056588747115,-0.6255365661252528,-1.1909849619491248,1.0756715183256096,-1.5968117328618032,-0.1571951262882514,-0.13732530276718324,-0.28707125389447036,-0.4932904900248304,-0.43874373877429546,-0.20128765412692123,-0.16266074912847198,-0.449908895984948,0.6860679930059423,-0.728883859528699,-0.13245851086851748,0.08596563293150337,-0.5340508536061412,1.367903580482612,0.36406684489904434,0.17907520643152947,-1.128100072887392,0.0,1.0,9.0
2011-09-08 09:00:00,0.6029345941971619,-1.231681012740091,-1.2748423933405761,0.6327087544804798,-1.5476679271203337,-0.17334348513184442,-0.5260793739882054,0.9522919035946652,-0.8091210598404178,-0.5737300370178683,-0.21311382930889866,-1.2272881514613878,-1.3622698179190766,-0.12866022816551728,-0.8762475229674115,-1.3466808625280018,-0.06367185357777456,-1.1953400037931317,1.00187432099933,-1.0017696827063787,0.17907520643152947,-1.128100072887392,0.0,1.0,8.0
2011-09-08 13:00:00,0.7393611691988443,-1.516068835587162,-1.4254833203119166,0.09663475966198783,-1.5402709387580433,-0.13147111530877212,-0.7951309077640183,1.1736317662526996,-1.1744948608797765,-0.8481890333066492,-0.05462243635117171,-1.8552093259657778,-1.4993946231594983,-0.7769767278931229,-0.9589631231823085,-1.7901880817562272,-0.0807302128513881,-1.6739326473151055,-0.36416547244909103,-1.3677444772711809,0.17907520643152947,-1.128100072887392,0.0,1.0,7.0
2011-09-08 17:00:00,0.732213851631123,-1.745732713610993,-1.6197472821497216,-0.45091349888316473,-1.5755143272405785,-0.050022384629340305,-0.9402273190012758,1.4543777250834082,-1.5792446618542733,-1.2200709750314966,0.24346564165177828,-2.1538405383898755,-1.591154114413431,-1.3325573223113747,-0.954817232274208,-1.9303969028478445,0.04289382009292652,-2.1356913297106432,-1.36417600641423,-0.3678827442305594,0.17907520643152947,-1.128100072887392,0.0,1.0,6.0
2011-09-08 21:00:00,0.6596094636157551,-1.3832518029799161,-1.6912052992633428,-0.5548230723602959,-1.6188496844248732,0.025608445993352293,-1.0344789428150543,1.2475213809653884,-1.5036930892211977,-1.4579252065031172,0.35165845909957766,-1.6515276514020352,-1.1492422369180353,-1.4510498529058284,-0.9115497875066889,-1.356951324433237,0.1670574025525974,-1.871496003600906,-0.9981467469309481,0.9979537833748633,0.17907520643152947,-1.128100072887392,0.0,1.0,6.0
2011-09-09 01:00:00,0.5470554344317514,-1.3960805156018026,-1.7326374525172958,-0.5562566984163709,-1.6622966853854584,0.0681844736744628,-0.9262325842304369,1.1084042190693162,-1.3908732200514764,-1.5320233650105337,0.44674334212837874,-1.2837536238466212,-1.1812841857394571,-1.1365251664528966,-0.8400428012068946,-1.2236439932197314,0.20846464145070967,-1.6023346056475325,0.3678930465174731,1.3639285779396655,-1.4379966940383093,-1.1281000728873922,0.0,1.0,4.0
2011-09-09 05:00:00,0.5861546254644904,-1.6985326186795033,-1.858977929159691,-0.7884212106776077,-1.7238235215721076,0.18021914486647217,-1.0917377755238877,1.7854848184301022,-1.3838604120421714,-1.465114580010729,0.6797280340933485,-1.5066084406965412,-1.571380581260093,-1.7335447783292568,-0.8655252102993531,-1.5526381004716112,0.34974852406466994,-1.9886555775319736,1.367903580482612,0.36406684489904434,-1.4379966940383093,-1.1281000728873922,0.0,1.0,3.0
2011-09-09 09:00:00,0.6145701432246392,-1.944206942520255,-2.046627372704785,-1.1409615681693375,-1.812804474289779,0.3315063207908434,-1.2368558660981996,2.2294059597972753,-1.5603181241218949,-1.4845056634241602,1.0220712707514346,-1.67365430021526,-1.646787929790417,-2.514346226332258,-0.8836089550749019,-1.7084413475667848,0.5946776504358421,-2.4241637529924716,1.00187432099933,-1.0017696827063787,-1.4379966940383093,-1.1281000728873922,0.0,1.0,2.0
2011-09-09 13:00:00,0.9518555531929589,-2.3032683105726797,-2.3760541696443913,-1.808740082883974,-1.9537887473941637,0.5692704073484447,-1.5166717052734782,3.593566118349293,-1.6043838625242461,-1.557621780440343,1.3945165373706843,-2.037311740137954,-1.3055333221865253,-3.187211556762746,-1.0737810565251336,-2.0810195002083787,1.0852909433702094,-3.414086044177227,-0.36416547244909103,-1.3677444772711809,-1.4379966940383093,-1.1281000728873922,0.0,1.0,1.0
2011-09-09 17:00:00,0.9591996312368463,-2.382758400188373,-2.661811107037034,-2.2241464319012025,-2.1271228325733635,0.7900510756648315,-1.6178042605785896,3.1212184891891717,-1.5819547940179874,-1.6254586425519795,1.9260344405075067,-1.801850426367016,-1.508138877064208,-3.427695549099278,-1.077477903271902,-1.8240317509336936,1.5208653498126323,-3.4595253877334664,-1.36417600641423,-0.3678827442305594,-1.4379966940383093,-1.1281000728873922,0.0,0.0,0.0
2011-09-11 21:00:00,1.0398774760537088,-2.536848612671835,-2.970683953648537,-2.6193650169616194,-2.3312346056367907,1.0326885745611951,-1.737759201941566,3.7502385065891617,-1.5229529642876765,-1.6126630490062595,2.5366156536738154,-1.8274313940061286,-1.4804245223319612,-3.9438768429940647,-1.117004441951354,-1.7649265356643848,2.0731165139570082,-4.073064035776167,-0.9981467469309481,0.9979537833748633,-2.0863921832865144,0.8445865525059428,0.0,0.0,0.0
2011-09-12 01:00:00,1.1223678011998435,-2.7047759103658175,-3.3271777561571696,-3.06510644628087,-2.5700585382677152,1.2774764436455983,-1.8463527678643756,3.858569682563281,-1.6377775811752955,-1.6240986337256818,3.2255606441215354,-1.6910708230356546,-1.6292964090747006,-3.891210439290218,-1.1554664867006894,-1.7496319448792716,2.620283092271889,-4.291761483747861,0.3678930465174731,1.3639285779396655,-0.6294607438033901,1.3317999135043364,0.0,0.0,28.0
2011-09-12 05:00:00,1.2362107251760297,-1.939618349050837,-3.4198364868806155,-2.7038600934498667,-2.780750374086825,1.4602127532644031,-1.6847457336539748,3.17844179014103,-1.5200472275224417,-1.6028985622741956,3.53277400332352,-1.300821331672196,-1.1761826837647333,-2.8080882964730107,-1.2055620217732497,-1.2429566460623946,2.86554574589825,-3.5579502578931312,1.367903580482612,0.36406684489904434,-0.6294607438033901,1.3317999135043364,0.0,0.0,27.0
2011-09-12 09:00:00,1.2579633869646523,-1.373293206306777,-3.324737703191039,-1.9040144774466536,-2.929154150448529,1.5262074028969832,-1.1210225110640442,2.714833269988896,-1.2734603809901945,-1.5174605311588385,3.6188976457303883,-0.9103281396178379,-0.7851405250211945,-1.8360996185382943,-1.214764618703179,-0.8781219198518271,2.970595200745423,-2.561042174776038,1.00187432099933,-1.0017696827063787,-0.6294607438033901,1.3317999135043364,0.0,0.0,26.0
2011-09-12 13:00:00,1.3390795927961976,-1.5830451338381522,-3.3220022901277577,-1.5154392047475154,-3.0472975875581336,1.5635749141117796,-1.1299253739295563,2.20270619656362,-1.0896737379359995,-1.3297639167176407,3.670320336153369,-0.8598693276947196,-1.1110858328332105,-2.5931310568718744,-1.2480991378662862,-1.0025448229454006,3.134356507614744,-2.5435014232106234,-0.36416547244909103,-1.3677444772711809,-0.6294607438033901,1.3317999135043364,0.0,0.0,25.0
2011-09-12 17:00:00,1.4822630061116921,-1.051754110678828,-3.1474283748139613,-0.7370427221201036,-3.1048233186739154,1.6174082828738954,-1.3184402246639395,2.005524199262915,-0.8757470522724893,-1.1091251398326405,3.611936957350154,-0.7317294867072561,-0.5729882991846215,-1.9766869716378603,-1.3034086283518544,-0.6570563118173731,3.2572854553568553,-2.2141435565818415,-1.36417600641423,-0.3678827442305594,-0.6294607438033901,1.3317999135043364,0.0,0.0,24.0
2011-09-12 21:00:00,1.4031131804724188,-1.218911018136304,-3.053681543036005,-0.33423895594024866,-3.1309806651471077,1.6673963747283753,-1.3992068221402516,1.7573551312120854,-0.8404009140094332,-0.9608251474012592,3.528201578116148,-0.6425880516942398,-0.6854774462858784,-1.830733448147245,-1.2733694824268054,-0.7496318584469727,3.3267046535406486,-1.967628405219274,-0.9981467469309481,0.9979537833748633,-0.6294607438033901,1.3317999135043364,1.0,0.0,24.0
2011-09-13 01:00:00,1.3103632822011795,-0.9194803324701815,-2.866162028301232,0.24313971824715988,-3.1121745880949803,1.6943031659374626,-1.3596221810206037,1.5405663996336452,-0.5713905573648314,-0.783340534740821,3.2491802567709467,-0.5090713118762272,-0.35257580394813803,-0.9936469840608692,-1.2364716700311706,-0.5217868770040627,3.3158582803414673,-1.57528534072333,0.3678930465174731,1.3639285779396655,0.8274706956797339,0.8445865525059431,0.0,0.0,22.0
2011-09-13 05:00:00,1.4874768017756435,-1.1832391184698599,-2.806246551746641,0.35785902552123744,-3.0844347332119426,1.7730183013288792,-1.5363802453507966,1.9529506150811122,-0.6670823663176431,-0.7118839018595569,3.016966547648453,-0.6163792797206342,-0.8428039214461623,-0.6139563705039154,-1.3053427767699872,-0.7277946519206789,3.2603857490740755,-1.9305174057508658,1.367903580482612,0.36406684489904434,0.8274706956797339,0.8445865525059431,1.0,0.0,21.0
2011-09-13 09:00:00,1.614063293809606,-0.8747022771012698,-2.644277985755936,0.727299369413407,-3.027924673622017,1.8138174074683975,-1.5044460909380888,1.4661538662316174,-0.5820862291566576,-0.6234247669613858,2.6384443383188003,-0.46211690549012796,-0.44581967527198085,0.006411796182334513,-1.3507025846126965,-0.4737571887245184,3.166035983172456,-1.469989277533695,1.00187432099933,-1.0017696827063787,0.8274706956797339,0.8445865525059431,1.0,0.0,20.0
2011-09-13 13:00:00,1.6296582444594385,-0.5471431934942482,-2.3932519659362796,1.2651581633859192,-2.929528805235568,1.8177550510671507,-1.4326571722144408,1.1433813240462247,-0.38077064444460385,-0.5581475156858791,2.1098150511001377,-0.2524477749325966,0.2150599253211695,0.9551174340067384,-1.3560862044551103,-0.15520519888437986,3.0105865135972643,-0.9486902004569326,-0.36416547244909103,-1.3677444772711809,0.8274706956797339,0.8445865525059431,0.0,0.0,19.0
2011-09-13 17:00:00,1.558602592983519,-0.6986376671102086,-2.228194549518862,1.4615427892096702,-2.815839463952493,1.7919508175927077,-1.357755202930426,0.9283913832775855,0.011703601663996454,-0.3256991763942297,1.747507664748717,-0.15867506904418338,0.2638287579260171,1.368545314790893,-1.3311999627932363,-0.2655059883911563,2.7551676090932067,-0.7930421499125719,-1.36417600641423,-0.3678827442305594,0.8274706956797339,0.8445865525059431,0.0,0.0,18.0
2011-09-13 21:00:00,1.3995104869191812,-0.5915067065627946,-2.044040472043803,1.6706084705177755,-2.6858691112751267,1.7715753618963166,-1.4053156666764741,0.8581019834204785,0.5247070246517644,0.053319050149203524,1.450339444839708,-0.13973337306078612,1.0006608470473486,0.8199426927526439,-1.2719712182167555,-0.09902396277296951,2.463279740395964,-0.8071712460178484,-0.9981467469309481,0.9979537833748633,0.8274706956797339,0.8445865525059431,0.0,0.0,18.0
2011-09-14 01:00:00,1.4206460134613295,-0.844196821236507,-1.9715939806622287,1.5339282715581626,-2.566542743123159,1.8059627244388878,-1.519420990911916,1.31360654084334,0.5494817776534826,0.3718813670481636,1.2419173862366601,-0.3674102062978732,0.28491559500373326,-0.19360328070084065,-1.2801351333516746,-0.3846943439894599,2.1495695688251324,-1.1691461402155834,0.3678930465174731,1.3639285779396655,1.1873030452467948,-0.2501719323160819,1.0,0.0,16.0
2011-09-14 05:00:00,1.4298559540268139,-0.7251111754053646,-1.8619788255508525,1.5257121946765269,-2.447856202801801,1.851724038429947,-1.6206244937481125,1.2215326826637398,0.6387151416824596,0.5865996995843682,0.8562781556549672,-0.378060956738155,0.5154339465565474,0.4398214593998014,-1.2836633154304329,-0.19213288870011716,1.7353535759634846,-1.1571200496618053,1.367903580482612,0.36406684489904434,1.1873030452467948,-0.2501719323160819,1.0,0.0,15.0
2011-09-14 09:00:00,1.4971158505792834,-0.40037464409964674,-1.6693789847285565,1.744923132827368,-2.3120985881680247,1.745287935026023,-0.9341235162188777,0.8648284705861359,0.6625197904969472,0.6337932923587671,0.35810288530661877,0.30539579597201433,1.067781180573133,0.21639266869706936,-1.308904395431502,0.3703745465071373,1.3726368290416102,-0.4842171028887965,1.00187432099933,-1.0017696827063787,1.1873030452467948,-0.2501719323160819,0.0,0.0,14.0
2011-09-14 13:00:00,1.5232736232912896,-0.3246161647960779,-1.4792627866600403,1.9135344160740142,-2.163210352541991,1.651061185551744,-1.0865335584311417,0.627836711247393,0.9612196825735647,0.7747917760290792,-0.004806678873536177,0.47401944836147947,1.1271391680772695,0.6648394058380566,-1.318478094529538,0.7042554527887424,1.072907767773477,-0.4797877445393318,-0.36416547244909103,-1.3677444772711809,1.1873030452467948,-0.2501719323160819,0.0,0.0,13.0
2011-09-14 17:00:00,1.4711797102441062,-0.05257182045156825,-1.23946712034416,2.183590781195226,-1.993291449758493,1.462088671980039,-0.5692012383151217,0.42582292979391373,1.2211825141307997,0.9742560840786079,-0.12179157379292956,1.4833604278904169,1.2484332902733786,0.6389465092967561,-1.299279104215258,1.3618575632400014,0.8706272235605292,0.16073962568520486,-1.36417600641423,-0.3678827442305594,1.1873030452467948,-0.2501719323160819,0.0,0.0,12.0
2011-09-14 21:00:00,1.2785623639269323,-0.1555700396019473,-1.0661579929767597,2.2187400458130413,-1.8206352943845032,1.2866142474301558,-0.6175372856652952,0.3580925840679129,1.2056337668253616,1.160243932676914,-0.04639807281866472,1.2790151608525768,1.0239394455749677,1.053690531124634,-1.2233746956271923,1.046655904895974,0.6103920343273808,0.083180057745282,-0.9981467469309481,0.9979537833748633,1.1873030452467948,-0.2501719323160819,0.0,0.0,12.0
2011-09-15 01:00:00,1.150836015518072,-0.36157534415555015,-0.9759809965693798,2.0206744904755265,-1.6634035144655852,1.1646536463471848,-0.7007839850402681,0.6445215905468644,1.0046400020458939,1.1751130985538503,-0.018073806963221264,0.8076489584863197,0.5604108523715371,0.4150888819891307,-1.1683076792492273,0.5809799591691995,0.23851828039464554,-0.19663077071252358,0.3678930465174731,1.3639285779396655,0.17907520643152947,-1.128100072887392,1.0,0.0,10.0
2011-09-15 05:00:00,1.1663771421365092,0.0847251782657079,-0.7766209221259504,2.1592861370789613,-1.495377338337726,0.9653014541881055,-0.2745962730389839,0.3817978143765099,1.0581862124073376,1.1192954749825212,0.05244327551130632,1.180458602861349,1.3994138624511374,0.5195699787817738,-1.175227663922549,1.2415574374728828,-0.018493478770712737,0.2174362632297234,1.367903580482612,0.36406684489904434,0.17907520643152947,-1.128100072887392,0.0,0.0,9.0
2011-09-15 09:00:00,1.148929224997588,0.0867843405416216,-0.6112001973546476,2.1778336534476757,-1.3259067724685882,0.7194416401677696,0.022741693622215772,0.1677686771612795,1.042243483299488,1.0633429334547206,-0.1610770539088119,1.4144510432098787,0.9789868271444511,0.7877588566603139,-1.167454292275837,1.2569725058795167,-0.09113981672613682,0.496474045268486,1.00187432099933,-1.0017696827063787,0.17907520643152947,-1.128100072887392,0.0,0.0,8.0
2011-09-15 13:00:00,1.408906703746968,0.6691659027877818,-0.2979688023781692,2.594833275793098,-1.1239623182006386,0.6174831071895032,0.906251579012701,-0.24366953528847618,1.2005704426324104,1.1304387599439458,0.10593042503268692,2.086056709864637,1.0068345068167779,1.449273237192729,-1.2756122770095313,2.041780824760304,0.18219153416760775,1.2412548003291606,-0.36416547244909103,-1.3677444772711809,0.17907520643152947,-1.128100072887392,0.0,1.0,7.0
2011-09-15 17:00:00,1.2412536360307613,0.7255563445075472,-0.030101770206378477,2.805006125507322,-0.905650631685111,0.5228073460616575,0.8040785175112602,-0.31320808592075855,1.0932062284731527,1.1424312656238598,0.4026111692382944,1.8298272389123411,1.0966863608079556,1.970368593854177,-1.2077056523501313,1.7182620451796802,0.46213571767532446,1.3829656859819015,-1.36417600641423,-0.3678827442305594,0.17907520643152947,-1.128100072887392,0.0,1.0,6.0
2011-09-15 21:00:00,1.1433366837174077,0.48271911062607814,0.12556078638953153,2.667859729956803,-0.6980192348023577,0.39876532401995524,0.6389743695518348,-0.15234398193120596,1.0345148275708116,1.1397846092788129,0.4597169272193003,1.3561395035463013,0.8134987145341463,1.584889685105261,-1.1649458186584576,1.2503499436967132,0.5864822123895352,1.0842706936748145,-0.9981467469309481,0.9979537833748633,0.17907520643152947,-1.128100072887392,0.0,1.0,6.0
2011-09-16 01:00:00,1.0003343208804671,0.5625281920017298,0.2698684899097106,2.527248456961927,-0.5013379552390588,0.2680537811717839,0.5308005677890147,-0.1128739919312525,1.0102358000456109,1.074605048023993,0.6043395758905252,1.0903825416351405,0.9383766002173994,1.3021130659032594,-1.09787584298982,1.1970520309177486,0.5655758986846079,0.9192414550706683,0.3678930465174731,1.3639285779396655,-1.4379966940383093,-1.1281000728873922,0.0,1.0,4.0
2011-09-16 05:00:00,1.0768112530929177,0.02374049636645556,0.2539617825132716,1.9788498710774134,-0.3473632718494322,0.0783773342427469,0.2133918427118633,0.42333270164668285,0.7218359710292196,0.94743035131976,0.5525313851133453,0.6498717066951063,0.2835051682092034,0.6447995861713782,-1.134460691639339,0.5006353286122831,0.5100882855581522,0.42094133231545106,1.367903580482612,0.36406684489904434,-1.4379966940383093,-1.1281000728873922,0.0,0.0,3.0
2011-09-16 09:00:00,1.0676547047019007,-0.01718022350213039,0.22822328276772436,1.5133807723123571,-0.22963704231061252,-0.06360170924659377,-0.0004536027978380778,0.5149369617062404,0.5150389956885664,0.7695373185833463,0.5388065379229813,0.3728025200005397,0.23040748453286572,0.2649894251110275,-1.1301691519076815,0.39727584398544485,0.4988527465253814,0.10731600927947575,1.00187432099933,-1.0017696827063787,-1.4379966940383093,-1.1281000728873922,0.0,0.0,2.0
2011-09-16 13:00:00,1.0765120227107108,0.04854370022564934,0.22131047993898517,1.1922262377622341,-0.13692075511920818,-0.2218209726017782,-0.0008833657056553155,0.2678640316570001,0.2219217603237787,0.49958140019790936,0.3979288303860722,0.41941915188417844,0.11189406089647644,0.4650480835327028,-1.1343208196100294,0.4235609998243333,0.46358746017802693,0.22353580879121368,-0.36416547244909103,-1.3677444772711809,-1.4379966940383093,-1.1281000728873922,0.0,0.0,1.0
2011-09-16 17:00:00,0.9158729093596619,0.0688864812265576,0.21790132080306376,0.9448352844804073,-0.06347006381147333,-0.3687388406099343,-0.07138188368603735,0.1923516853887422,0.17110336073142804,0.3109845718955611,0.32529372424511255,0.2877780063628835,0.14021601673013273,0.7460488947418146,-1.0554206986909394,0.3926768248083846,0.421164783235666,0.11234794572901925,-1.36417600641423,-0.3678827442305594,-1.4379966940383093,-1.1281000728873922,0.0,0.0,0.0
2011-09-18 21:00:00,1.1151670772817606,-0.7414011995295627,0.007015730240957868,0.18242298046139335,-0.04939230894751687,-0.35488786467142647,-0.4276944888149969,1.2937444554901099,-0.4010774154326176,-0.002736907934300429,0.34763092791233596,-0.7147410731823289,-1.382931356651791,-0.7039346463051608,-1.152184071484054,-0.7816776067910561,0.37753931270899366,-1.0039779750859643,-0.9981467469309481,0.9979537833748633,-2.0863921832865144,0.8445865525059428,0.0,0.0,0.0
2011-09-19 01:00:00,1.0107903018460729,-0.9062730859170559,-0.2100046377266764,-0.4441982961285256,-0.08411275032616031,-0.32352470185540394,-0.5305692989069408,1.3556219862083476,-0.9803676141906232,-0.41445751153615346,0.37376205847387567,-0.8998724963872058,-1.5214907309510588,-0.9369828734799429,-1.1029788661021482,-1.0551170204071816,0.3785692557287414,-1.1660662154079167,0.3678930465174731,1.3639285779396655,-0.6294607438033901,1.3317999135043364,0.0,0.0,28.0
2011-09-19 05:00:00,0.9694204550972547,-0.9391875788997855,-0.3880234536434292,-0.83938033318264,-0.14960803340928872,-0.32440607989524334,-0.4548903742233054,1.106602071680381,-1.5850530667440919,-1.0158483244854306,0.4303292222132842,-0.851007794324888,-1.5647740282764424,-1.7619183087431645,-1.0825948140013704,-1.0632759155321319,0.315308697596111,-1.0430861344966715,1.367903580482612,0.36406684489904434,-0.6294607438033901,1.3317999135043364,0.0,0.0,27.0
2011-09-19 09:00:00,0.8697727617696884,-1.091853353116816,-0.5700730400838505,-1.1664928379376378,-0.24057723638117495,-0.3102622595639319,-0.5567905729970839,1.119768718281385,-1.7005681343772932,-1.4608552541981727,0.4542379863911452,-1.0626559704178655,-1.7086412600919667,-2.0539713538164084,-1.0312799272492177,-1.2997242569341019,0.3221482706890013,-1.2081241996664542,1.00187432099933,-1.0017696827063787,-0.6294607438033901,1.3317999135043364,0.0,0.0,26.0
2011-09-19 13:00:00,0.8586761233173952,-1.0326734011934446,-0.6960167061984188,-1.2755304846729476,-0.34003775728624247,-0.24499624207015763,-0.7158418738933987,1.511446706178595,-1.5886541888287826,-1.6691612751792526,0.4963950367767937,-1.230557849226923,-1.2059346641532622,-1.770146060328253,-1.0253623283900666,-1.2077173016357843,0.3967161417776518,-1.3317121766547462,-0.36416547244909103,-1.3677444772711809,-0.6294607438033901,1.3317999135043364,0.0,0.0,25.0
2011-09-19 17:00:00,0.9310679929235718,-0.5462516143020615,-0.6976726877528729,-1.0246000676199019,-0.4199570462030999,-0.30934798791826784,0.010671200562226773,1.1098835577816588,-1.2985898354502583,-1.571062749983793,0.5172449487241425,-0.7347545272267737,-0.7468994906416502,-1.4782134497606525,-1.0632246665608522,-0.7162256456347058,0.4104926707769546,-0.6716586726665149,-1.36417600641423,-0.3678827442305594,-0.6294607438033901,1.3317999135043364,0.0,0.0,24.0
2011-09-19 21:00:00,0.9900825503684784,-0.8983660688173964,-0.7872795617929251,-1.063151533177373,-0.502878534457891,-0.33513676349671717,-0.24565050322139365,1.145403532148752,-1.1134432086628525,-1.370003475961284,0.6263300086284029,-1.00437978444798,-1.1865960311120922,-1.3529146300006725,-1.0928405571977198,-1.1242659307436447,0.4582745959019716,-1.0105066096697335,-0.9981467469309481,0.9979537833748633,-0.6294607438033901,1.3317999135043364,0.0,0.0,24.0
2011-09-20 01:00:00,0.928728777214254,-1.060985803479027,-0.8973980410324959,-1.149800450381546,-0.5925478160352269,-0.35263529850474085,-0.38730408753986434,1.0066210371960218,-1.2049588418117063,-1.23860808711249,0.7808053187108461,-1.060316020364323,-1.4639750102908646,-1.5255060654394113,-1.0620281314263968,-1.2150809606679687,0.5034921251466982,-1.1924533370626076,0.3678930465174731,1.3639285779396655,0.8274706956797339,0.8445865525059431,0.0,0.0,22.0
2011-09-20 05:00:00,1.0014826457852501,-0.5824923389600207,-0.8819067619102833,-0.8773619661717382,-0.6610009226865284,-0.45694704712044526,0.05930154533379655,0.6531214251909809,-1.2536643018533102,-1.223223464906092,0.8345478257724761,-0.6987688441727592,-0.8842309315713581,-1.1865534652969512,-1.0984378827511543,-0.7347604084154216,0.4916926485531149,-0.7137379130611131,1.367903580482612,0.36406684489904434,0.8274706956797339,0.8445865525059431,0.0,0.0,21.0
2011-09-20 09:00:00,1.0280074977878229,-0.1338223413775865,-0.7610075632620471,-0.37261849674998554,-0.6901470798402751,-0.6076286828491498,0.286005607291802,0.3783121991923468,-0.9306422329429286,-1.1606237866108289,0.8344603574481472,-0.3520024738776133,-0.2757928862970124,-0.7657875705184723,-1.1113108603068331,-0.28392542329801035,0.49139830441439925,-0.17928209892195754,1.00187432099933,-1.0017696827063787,0.8274706956797339,0.8445865525059431,0.0,0.0,20.0
2011-09-20 13:00:00,1.016971170911305,-0.3848415144935729,-0.721409767836138,-0.1900276648035653,-0.7050739572116468,-0.7461382640069375,0.06898046219098423,0.17151651989928432,-0.6004965200270211,-0.9536273702278886,0.8510302413194117,-0.4322645376307854,-0.5330858156753432,-0.1329530205007225,-1.1059800904547885,-0.5292987341621446,0.4990086257115092,-0.3333316056109426,-0.36416547244909103,-1.3677444772711809,0.8274706956797339,0.8445865525059431,0.0,0.0,19.0
2011-09-20 17:00:00,0.9173989725139717,-0.18051958388204076,-0.6364896574180164,0.07935744570036196,-0.6990224414477852,-0.8747542966767398,-0.05620815695635587,0.04466270838062898,-0.3630163154926472,-0.6486274805887621,0.8448336199330214,-0.35783740541565995,-0.21462430732165283,0.30602332530344406,-1.0562078388907223,-0.291542728513645,0.5120191876645461,-0.24335988792671337,-1.36417600641423,-0.3678827442305594,0.8274706956797339,0.8445865525059431,0.0,0.0,18.0
2011-09-20 21:00:00,0.8101043179752957,-0.07740936307144936,-0.5396775859551852,0.32722104797977214,-0.6736685222110457,-0.9725589905378823,0.04646613572122798,-0.06717426416445792,-0.1723765599022302,-0.3889615405807882,0.6851621418216395,-0.20127385651335675,0.261740940739129,0.45687027539895575,-0.9989557969497433,-0.12582915397888547,0.5168369767421792,-0.05832446096320074,-0.9981467469309481,0.9979537833748633,0.8274706956797339,0.8445865525059431,0.0,0.0,18.0
2011-09-21 01:00:00,0.6416655441426412,-0.04083781000174137,-0.4499399491087438,0.5062638876564433,-0.6343716234541705,-1.0561792289782779,0.0561699817386738,-0.1153155411182155,0.4751915000118929,-0.020595213566893034,0.4617979641268664,-0.042786311925820435,1.2928173724291747,0.7051181065942552,-0.9005221268102785,-0.010531953507024272,0.5176248872792069,0.06685588609689651,0.3678930465174731,1.3639285779396655,1.1873030452467948,-0.2501719323160819,0.0,0.0,16.0
2011-09-21 05:00:00,0.6768474295881866,-0.3854056702348476,-0.4505697428280391,0.4036274705652457,-0.6030675462147991,-1.0836962870739943,-0.187237457623197,0.6198638981302091,0.6819044902007557,0.3372349677153658,0.2850746772191227,-0.33317914890151756,0.36823011551463686,0.31512872852897733,-0.9220164734015172,-0.36181814394422834,0.5300825232588174,-0.31891626040600896,1.367903580482612,0.36406684489904434,1.1873030452467948,-0.2501719323160819,0.0,0.0,15.0
2011-09-21 09:00:00,0.6798468078169536,-0.47946213872994525,-0.4678236572367121,0.27628761627155335,-0.5816800732010999,-1.0880970363067566,-0.38297849439070974,0.5761539235054602,0.6258662492077155,0.6105909651600961,0.014429474180075888,-0.4794400115713301,0.1037337609246546,-0.18568098391906568,-0.9238251020200381,-0.4400513393930709,0.5341843598115841,-0.46644328175325733,1.00187432099933,-1.0017696827063787,1.1873030452467948,-0.2501719323160819,0.0,0.0,14.0
2011-09-21 13:00:00,0.7817407491017413,0.20441548835374235,-0.33162248413393525,0.591934609218181,-0.5357115582077548,-1.1869302733559906,0.20962768559777947,0.22688468880921078,0.661371713300586,0.6743478538250258,-0.08044952374412181,0.36994387972099235,1.3929296912654374,0.9011987639743637,-0.9831450091897828,0.6441587744754412,0.4115621862150492,0.14977529356337438,-0.36416547244909103,-1.3677444772711809,1.1873030452467948,-0.2501719323160819,0.0,1.0,13.0
2011-09-21 17:00:00,1.2705823335954805,-0.9306928045549889,-0.5402992475429548,-0.0938878076702175,-0.543151534335269,-1.1605522028288693,-0.4111865283986313,0.780898892538933,-0.023646631367335365,0.43273386321539725,-0.04371949810131071,-0.7941444243354074,-1.5632690686871098,-0.32082172453213154,-1.2200510959442163,-1.5361399650393526,0.2505443526221557,-0.6824261378221758,-1.36417600641423,-0.3678827442305594,1.1873030452467948,-0.2501719323160819,0.0,1.0,12.0
2011-09-21 21:00:00,1.1623640499077221,-1.0130300030963564,-0.7284013123947334,-0.586566332724582,-0.5889589011791557,-1.1259518872341479,-0.5154264149073212,0.7358216920740713,-0.6577006942864136,-0.006820014529080137,-0.048566324092032306,-1.9065828274894685,-1.6840649378995238,-0.8715222964920154,-1.1734467854419879,-1.5986041334548857,0.18605250260300732,-1.382260873607003,-0.9981467469309481,0.9979537833748633,1.1873030452467948,-0.2501719323160819,0.0,0.0,12.0
2011-09-22 01:00:00,1.0808136325397883,-1.1062242320912956,-0.90182611313718,-0.9407754176364393,-0.6623503368732169,-1.0652618286430227,-0.631217136579664,0.8697920301816542,-1.7264535785014739,-0.8245240475815139,-0.0851635524995585,-1.9922053420281813,-1.6205594218989232,-1.4662802756150344,-1.1363291484490217,-1.7090728836868148,0.12066609324194835,-1.4811911915023646,0.3678930465174731,1.3639285779396655,0.17907520643152947,-1.128100072887392,0.0,0.0,10.0
2011-09-22 05:00:00,1.0502237830612895,-1.202565250197647,-1.0627189995707846,-1.1900459940453685,-0.7551537442949303,-0.9787835671188216,-0.7732529528167548,0.9774826014969006,-1.72117444856799,-1.405837658384299,0.10992534851738443,-1.8656615506721772,-1.5483838685473073,-1.3414545985968929,-1.1219338190802628,-1.6369128259609456,0.13436997800757955,-1.5600501287646757,1.367903580482612,0.36406684489904434,0.17907520643152947,-1.128100072887392,0.0,0.0,9.0
2011-09-22 09:00:00,1.260121933455476,-1.7122502317657757,-1.3973060525628618,-1.862047590221343,-0.9002893450056949,-0.7863955600145005,-1.0420294014303497,2.008748275837903,-1.681163230395341,-1.7563195157997353,0.6596883758388878,-2.409807047276493,-1.5712480537081164,-2.5368451568799366,-1.215671593285513,-2.2030083349161287,0.3915506313656117,-2.440680314432129,1.00187432099933,-1.0017696827063787,0.17907520643152947,-1.128100072887392,0.0,0.0,8.0
2011-09-22 13:00:00,1.3312991720786718,-0.9451445796001994,-1.4676151458844053,-1.6806043664978794,-1.0312950360422592,-0.6077495577062509,-1.2082347663512203,1.5740822032711599,-1.3864634721671414,-1.6398908632923743,0.8038065689438451,-1.6507322361386936,-0.789614751536616,-1.847618930764828,-1.244967172880393,-1.1864547049883265,0.46543336185746165,-1.9622228338995185,-0.36416547244909103,-1.3677444772711809,0.17907520643152947,-1.128100072887392,0.0,0.0,7.0
2011-09-22 17:00:00,1.3484691875087975,-1.0906304406630565,-1.5667520121316463,-1.6138840679050388,-1.1571048769764836,-0.4862569608976533,-1.075127132644451,1.2401310416139715,-1.2127361328069726,-1.4657775968052738,0.9962657915895345,-1.2948465917688508,-1.0585368201293948,-2.1548240774828913,-1.2518608572868135,-1.290528815285189,0.476582562305218,-1.7133352174783296,-1.36417600641423,-0.3678827442305594,0.17907520643152947,-1.128100072887392,0.0,0.0,6.0
2011-09-22 21:00:00,1.4436366868613628,-0.6028920017123479,-1.4993564108493573,-1.1074081641611102,-1.2434728549124638,-0.459298428780418,-0.7233981954252272,0.8523035394710259,-0.8303451604824661,-1.1744173496589692,1.0446785775631107,-0.8132758539747283,-0.4930464889763801,-1.2453085508970014,-1.288909680685686,-0.6915564338305751,0.5263900378933235,-1.1110685741871975,-0.9981467469309481,0.9979537833748633,0.17907520643152947,-1.128100072887392,0.0,0.0,6.0
2011-09-23 01:00:00,1.3151665527187704,-0.6967032686359297,-1.4641966514310205,-0.7899343571927662,-1.3051175275393185,-0.4342655065812796,-0.8058256195714337,0.7123765560905957,-0.7795379683554373,-0.9665774235416482,1.0686411834212486,-0.7124949971548196,-0.6463572009778626,-1.3042167822837678,-1.2384295800075011,-0.7615870088309661,0.575804492404717,-1.0103661798697865,0.3678930465174731,1.3639285779396655,-1.4379966940383093,-1.1281000728873922,0.0,0.0,4.0
2011-09-23 05:00:00,1.3230730050018602,-0.4925955028298514,-1.3661728547921645,-0.3649155461025763,-1.3336638166206227,-0.3826343812555464,-0.9590951547735433,0.7576393385976233,-0.5483801000815665,-0.7390705748591394,1.0874232931683299,-0.5989111515822408,-0.406756853259691,-1.7032476791157325,-1.2416409618060635,-0.4981084575619802,0.6036913570474178,-0.8601532186441587,1.367903580482612,0.36406684489904434,-1.4379966940383093,-1.1281000728873922,0.0,0.0,3.0
2011-09-23 09:00:00,1.4733965136840983,-0.8371574517948024,-1.3974326141206335,-0.37665374241407024,-1.3631242189447133,-0.27542022579416797,-1.1694893708110041,1.0523979540316089,-0.7120921636020017,-0.6985751697716434,1.1874869698421624,-0.823261747269741,-0.9546541518879417,-0.8366004411763679,-1.300107026975567,-0.9218811366062931,0.690668627171718,-1.275456313485412,1.00187432099933,-1.0017696827063787,-1.4379966940383093,-1.1281000728873922,0.0,0.0,2.0
2011-09-23 13:00:00,1.4482221402671076,-0.878399391983498,-1.4216653679804803,-0.36692530200827794,-1.3918270179734933,-0.175864225826404,-1.2816321113155835,0.7996866010085512,-0.8457953007784016,-0.7212648062905134,1.2539729172404137,-0.6693145223317125,-1.0233507550798664,-0.7689549960345679,-1.2906467185238168,-0.8919032322038926,0.7534921194868092,-1.031451967868128,-0.36416547244909103,-1.3677444772711809,-1.4379966940383093,-1.1281000728873922,0.0,0.0,1.0
2011-09-23 17:00:00,1.3733977383440545,-0.6161651218352984,-1.360844190187768,-0.12772876893973226,-1.401902362433942,-0.07277590665293361,-1.3658054623492113,0.7373459185929351,-0.9640482976588661,-0.8636092075905267,1.177753769622386,-0.6266922507289804,-0.7401867077765856,-0.3241371368477043,-1.2617534345796202,-0.5835985544739652,0.7717310649089762,-0.9617903699648999,-1.36417600641423,-0.3678827442305594,-1.4379966940383093,-1.1281000728873922,0.0,0.0,0.0
2011-09-25 21:00:00,1.533383212821488,-1.0449113809319395,-1.4556633500492029,-0.3598360228799231,-1.4300530831228249,0.06340141579024436,-1.534631545299753,0.8318414587715762,-1.136376785575118,-1.0089042791104845,1.2476767704303853,-0.7863527158104839,-1.440556954952754,-0.8836920651469358,-1.3221427650328874,-1.088417189652021,0.8428406481031633,-1.223079030283919,-0.9981467469309481,0.9979537833748633,-2.0863921832865144,0.8445865525059428,0.0,0.0,0.0
2011-09-26 01:00:00,1.4149155365035486,-1.1027482157230781,-1.5367682419998068,-0.5082082001276965,-1.4697583023465808,0.21270187852374647,-1.5908867509856166,0.9924372928280085,-1.2698596910983333,-1.1541239329222734,1.2484463404795414,-1.0677158413168335,-1.3997233371133522,0.015459706396787969,-1.2779309417063345,-1.070546221926981,0.9845475058605379,-1.6572607659876986,0.3678930465174731,1.3639285779396655,-0.6294607438033901,1.3317999135043364,0.0,0.0,28.0
2011-09-26 05:00:00,1.4633576614859907,-0.6795270987901469,-1.4818220728080373,-0.25673974476775757,-1.489880389793743,0.3727891898141864,-1.6995364961895656,0.9779682167077333,-1.0964353249378656,-1.199459496835395,1.0862740640075048,-0.899310026289809,-0.2511939320837934,-0.326830461397364,-1.2963498702042537,-0.6186527542464413,1.049940215361546,-1.3369447034121027,1.367903580482612,0.36406684489904434,-0.6294607438033901,1.3317999135043364,0.0,0.0,27.0
2011-09-26 09:00:00,1.511811598764444,-0.35837258128796884,-1.3378962775578747,0.18652978545606888,-1.475482817069227,0.34577079637721797,-0.8829501657784269,0.6606094571282463,-0.39135920163148447,-0.9443303275543667,0.8236642587471994,-0.3350163107379131,0.5474977702482127,0.3349161400797236,-1.3142993799271008,-0.20504572362613355,0.9740457481848562,-0.5162868346297571,1.00187432099933,-1.0017696827063787,-0.6294607438033901,1.3317999135043364,0.0,0.0,26.0
2011-09-26 13:00:00,1.5987837445463,-0.6132611665625415,-1.2940677731471972,0.2688018263894848,-1.4546783007110755,0.34891148010971396,-1.0685253215689459,0.633393899245858,0.05884745536439022,-0.48931831468293907,0.6423572303499927,-0.5478156185566794,-0.13030654341963835,-0.6293920098095594,-1.3453855884143313,-0.5336003647878718,0.9209327470236262,-0.7706664345707505,-0.36416547244909103,-1.3677444772711809,-0.6294607438033901,1.3317999135043364,0.0,0.0,25.0
2011-09-26 17:00:00,1.6602899739829127,-0.12208511483967241,-1.1083326018335116,0.7207175225971539,-1.3986808031176494,0.3430328126834416,-1.1780148525112566,0.33561502139575966,0.5289110326603874,0.06727695896547643,0.42683259044273575,-0.1845490271380873,1.0742120561460735,0.15120106524765206,-1.3665359057376414,0.23528030147038848,0.8177200998854177,-0.39899325148284576,-1.36417600641423,-0.3678827442305594,-0.6294607438033901,1.3317999135043364,0.0,0.0,24.0
2011-09-26 21:00:00,1.59619978566038,-0.4054100716074751,-1.0422908026493107,0.7565896987167033,-1.3398897561263206,0.3079926837357979,-1.1169830557208442,0.15849943719039986,0.428759665596077,0.3481243507812595,-0.24775646206599505,0.029459429100621853,0.26510783823087086,-0.512987300277997,-1.344482248578756,-0.18443599295348542,0.6591504182057654,-0.30698661968213053,-0.9981467469309481,0.9979537833748633,-0.6294607438033901,1.3317999135043364,0.0,0.0,24.0
2011-09-27 01:00:00,1.5840324350238977,-0.1531574291267933,-0.9056278786120511,0.9774326019241006,-1.2639005453762582,0.23597634710327578,-1.0270543574374087,-0.046068900259470205,0.7976162242802679,0.6011136309893574,-0.3324725255779782,0.542370076658641,0.9097329646191612,0.3837841918305201,-1.3402122559884995,0.5060439746158255,0.4353318520588014,-0.06680300334897674,0.3678930465174731,1.3639285779396655,0.8274706956797339,0.8445865525059431,0.0,0.0,22.0
2011-09-27 05:00:00,1.5878845702845623,-0.35363224503123664,-0.8520314913246699,0.9281004254475476,-1.191753082933687,0.1614578809258079,-1.1217926449934297,-0.24740577982712006,0.532128281700046,0.6022153688443405,-0.40690224040715545,0.4319920407721538,0.32563393630362697,0.1638389216250374,-1.3415670439261955,-0.005448579933937888,0.25595100879683863,-0.1751445392775895,1.367903580482612,0.36406684489904434,0.8274706956797339,0.8445865525059431,0.0,0.0,21.0
2011-09-27 09:00:00,1.6782606587974487,0.18359674050882824,-0.6349918529278596,1.3333292438407476,-1.0880483846584597,0.019634789803297664,-0.902333219863407,-0.48684196285484804,0.8874373006021238,0.7592882306249195,-0.32173114885191373,1.3029898550671863,1.266948278696119,0.6276455877404366,-1.3725906687830591,1.4331976039710468,0.09673165122789827,0.2976308146508464,1.00187432099933,-1.0017696827063787,0.8274706956797339,0.8445865525059431,0.0,0.0,20.0
2011-09-27 13:00:00,1.6577067522873343,0.295801070573446,-0.41977366020088974,1.6525565296603522,-0.9594838287285549,-0.12650469080543286,-0.45849499845729036,-0.6426828329170798,0.9107421327987982,0.7980278787708321,-0.17043289331524494,2.063300113145572,0.9754439995516013,1.5312541632445273,-1.3656609832087396,1.5135395662035227,-0.20463170186949778,0.8287671093583361,-0.36416547244909103,-1.3677444772711809,0.8274706956797339,0.8445865525059431,0.0,0.0,19.0
2011-09-27 17:00:00,1.6559808031164174,0.24048097535857202,-0.26166083296738285,1.7525667220748373,-0.8231309687974503,-0.24222956513148222,-0.4959188559376891,-0.7979188215975502,1.0717557371008515,0.9828217781159766,-0.17634492449249306,1.776131720265724,0.7796329390683808,1.569972576412333,-1.3650757699422011,1.260879158039025,-0.2775391009739577,0.7989541169008321,-1.36417600641423,-0.3678827442305594,0.8274706956797339,0.8445865525059431,0.0,0.0,18.0
2011-09-27 21:00:00,1.474151629706139,0.13451307990935865,-0.16292509292425325,1.671022364919507,-0.6931283840510591,-0.3782823687051412,-0.5585756582031349,-0.6794693862246435,0.8405673243771214,0.9667712870185603,-0.110643993275903,1.0463846537884798,0.6150821877387262,0.9726766198598692,-1.300388819897244,0.9331740968856559,-0.26731982181922825,0.37392221725348884,-0.9981467469309481,0.9979537833748633,0.8274706956797339,0.8445865525059431,0.0,0.0,18.0
2011-09-28 01:00:00,1.3763277046102171,0.05858959591552649,-0.10334159716061478,1.49926189325647,-0.5765016636681431,-0.5218670348969051,-0.6668650909540268,-0.4990447868472652,0.6721480578034419,0.8850654193171259,-0.09540324639002672,0.7717520474542212,0.5005637594485202,0.49663859942162947,-1.2629072343862144,0.7064861413804079,-0.25055518783655306,0.2228139560522677,0.3678930465174731,1.3639285779396655,1.1873030452467948,-0.2501719323160819,0.0,0.0,16.0
2011-09-28 05:00:00,1.3902813955306097,0.369898406636148,0.032283122725094544,1.5687456233757735,-0.45446389066907317,-0.6027535541910941,-0.29991131062042625,-0.6737162687942766,0.7569262764657579,0.7772529589294759,0.019268823538217423,1.0927243317905586,1.0186762602566926,1.2854434508521544,-1.2683766484164918,1.2107203790443328,-0.17122588264246114,0.5672121037551231,1.367903580482612,0.36406684489904434,1.1873030452467948,-0.2501719323160819,0.0,1.0,15.0
2011-09-28 09:00:00,1.394716300248521,0.4018782904380543,0.14723266372088503,1.5680798132556903,-0.332477967701456,-0.6031894778871164,0.10802964889203734,-0.8300626233420123,0.8536943542434043,0.7817482732644531,0.13088125566507136,1.2979632205977,0.8879324912950541,0.6975401007002487,-1.2701062352274086,1.1242267095993952,-0.08312695302456627,0.9005060449141807,1.00187432099933,-1.0017696827063787,1.1873030452467948,-0.2501719323160819,0.0,1.0,14.0
2011-09-28 13:00:00,1.307300824195236,0.36917457582592755,0.22844179212088533,1.4757466300056872,-0.21768250085824242,-0.6385274864252387,-0.03788432281878975,-0.7177498490295012,0.9240993151795102,0.8680282703799709,0.2151270326898931,0.8863865173927515,0.6990797928808326,1.0882282511285144,-1.2352205940529861,0.9843250639137145,-0.033245686348632154,0.5903497730632913,-0.36416547244909103,-1.3677444772711809,1.1873030452467948,-0.2501719323160819,0.0,1.0,13.0
2011-09-28 17:00:00,1.3088251855572028,-0.19681973683167722,0.15885238979588368,0.9915891368536612,-0.14059084849724815,-0.7736087532438743,-0.24286043778089964,-0.1874515250671863,0.508160529489489,0.7828391423117778,0.19364147418187225,0.29641913792061225,-0.15411776999311186,0.15710936470219472,-1.2358435952302218,0.14329184825791155,-0.04475998484924525,-0.0024934521332907315,-1.36417600641423,-0.3678827442305594,1.1873030452467948,-0.2501719323160819,0.0,0.0,12.0
2011-09-28 21:00:00,1.1379049862148165,-0.21281270824971169,0.09836720308600035,0.629033789793802,-0.09173323100802087,-0.8837492202778277,-0.30815877813535786,-0.08233319707416596,0.1038974511002128,0.5260733086574634,0.15626458150105876,-0.022587612454079076,-0.2519403488845779,0.42997921089442764,-1.1625015737728772,0.07881793882100502,-0.04524703023262627,-0.29904919519176415,-0.9981467469309481,0.9979537833748633,1.1873030452467948,-0.2501719323160819,0.0,0.0,12.0
2011-09-29 01:00:00,1.2323311263471397,0.4249743602851183,0.2123647834806878,0.8137202626921552,-0.028493135482150985,-0.8855605988896681,0.6000051939906441,-0.34753586740172,0.08930706575050308,0.2402010585131269,0.24010721842680927,0.60688747954886,0.657940285275653,0.41426785258197696,-1.2039086702542885,0.9916546969153951,-0.005321556817928454,0.39960326478732033,0.3678930465174731,1.3639285779396655,0.17907520643152947,-1.128100072887392,0.0,1.0,10.0
2011-09-29 05:00:00,1.228794573563489,0.5689487409920169,0.34153663459104994,1.002755426127791,0.04946809280238351,-0.8400056011920264,0.8528848806187109,-0.5224108701653134,0.5030089727047298,0.23843692242919365,0.2002925403490677,0.9745770197161766,1.0123690868985256,0.4333053386740558,-1.2023983048360893,1.1444665417872892,0.0915781162569797,0.8321197144853539,1.367903580482612,0.36406684489904434,0.17907520643152947,-1.128100072887392,0.0,1.0,9.0
2011-09-29 09:00:00,1.2081508107067718,0.3867307455745913,0.3997766502264277,0.9609930165985847,0.12417706915755412,-0.7971130137825798,0.6125125716675613,-0.674368840310208,0.8330740168680305,0.4881413797371593,0.019309148249829187,0.8732563051857795,0.6787213895889835,0.3257338287599953,-1.1935203591606325,0.8671452626424196,0.13926514886657856,0.7140793671605928,1.00187432099933,-1.0017696827063787,0.17907520643152947,-1.128100072887392,0.0,1.0,8.0
2011-09-29 13:00:00,1.1965567969689006,0.033817583745925694,0.36119972576449627,0.6641646471388395,0.1757705057690163,-0.796661996032988,0.3731428621051994,-0.5666570142077472,0.5790825013112163,0.6558635955638296,-0.10353635255476223,0.5120624115160358,-0.05822214878291836,0.09220752049495355,-1.1884877305676484,0.25585353774583053,0.15156602517366358,0.37235475375998345,-0.36416547244909103,-1.3677444772711809,0.17907520643152947,-1.128100072887392,0.0,1.0,7.0
2011-09-29 17:00:00,1.1236112046826665,0.1198006447427074,0.34780900256046227,0.49522828471547625,0.21420800581396252,-0.8594110717071796,0.20539399106097764,-0.2423590348376048,0.16453911075446595,0.5399555464558656,-0.14397640441755805,0.13808686019449135,-0.1564904435199534,0.2766310607617924,-1.1560318696000647,0.3606249646414225,0.13565061064393236,0.07155529465652403,-1.36417600641423,-0.3678827442305594,0.17907520643152947,-1.128100072887392,0.0,1.0,6.0
2011-09-29 21:00:00,0.9924337570983404,-0.14701959734443626,0.2725777066509685,0.19182406000420524,0.22901787071241858,-0.9176780704169321,0.10034014975920977,-0.3300827078246508,-0.3582177398016057,0.13200104605113908,-0.3246282876830616,-0.056275962865003575,-0.7952602026476514,-0.39683394884380135,-1.0939981913834764,-0.20812838942441814,0.06969059021481867,-0.024613667227512938,-0.9981467469309481,0.9979537833748633,0.17907520643152947,-1.128100072887392,0.0,1.0,6.0
2011-09-30 01:00:00,0.9372247131597203,-0.3169215981287315,0.17013745848703088,-0.12492913107326897,0.2191605483382282,-1.0224989346609672,-0.06532615777997955,0.13281381311073634,-0.7699363258044282,-0.3299666445430216,-0.33795040653712966,-0.6074241555299378,-1.2191167717884617,-0.6204881017892387,-1.066365516815898,-0.5825505159414889,-0.1217664055386586,-0.33334453580947504,0.3678930465174731,1.3639285779396655,-1.4379966940383093,-1.1281000728873922,0.0,1.0,4.0
2011-09-30 05:00:00,0.9490857940473718,-0.3291798244392306,0.0849182860570328,-0.33147677474248505,0.19321830700937373,-1.0640625114205957,-0.2769239521870067,0.3936445375873794,-0.9932160215541866,-0.7264366225712203,-0.4615035643806283,-0.9682760702564894,-0.7860568683410846,-0.6018563544077146,-1.0723824200329348,-0.7285773623309213,-0.29402339600210675,-0.4904440203021826,1.367903580482612,0.36406684489904434,-1.4379966940383093,-1.1281000728873922,0.0,1.0,3.0
2011-09-30 09:00:00,0.9506306616197014,-0.838088863301482,-0.11078565459926605,-0.79732060458244,0.13099842960878527,-1.0806608047830004,-0.4648624385525645,0.361620697429638,-1.3066446973859593,-1.0512227578613322,-0.3381535552647638,-1.4943543905844392,-1.6790135158059702,-0.5928372368631925,-1.0731628249902847,-1.7707787423178893,-0.29687531061336897,-0.8080333789021946,1.00187432099933,-1.0017696827063787,-1.4379966940383093,-1.1281000728873922,0.0,0.0,2.0
2011-09-30 13:00:00,0.9457525193463951,-1.015207196764497,-0.3141916145107077,-1.1909512358287122,0.03812452639026297,-1.0147539813928828,-0.6347722907881898,0.961373468168363,-1.3324571046040379,-1.2438564112024857,-0.20824968265981172,-2.1049015872465358,-1.2918982438060769,-0.8076504755316988,-1.0706960175063203,-1.9868287655970176,-0.2515718874759043,-1.2725583066691382,-0.36416547244909103,-1.3677444772711809,-1.4379966940383093,-1.1281000728873922,0.0,0.0,1.0
2011-09-30 17:00:00,0.9573201043155047,-1.357985177997517,-0.5809568616179717,-1.6782429769045848,-0.09269727118930628,-0.9186787184612702,-0.8035265994904098,1.083224199621363,-1.6405932349823882,-1.4655489111286353,0.189181049776341,-2.107025869112926,-1.6548871545393136,-2.0392893130156295,-1.0765334003404572,-2.122916973517003,-0.06812249905777998,-1.5729883256120234,-1.36417600641423,-0.3678827442305594,-1.4379966940383093,-1.1281000728873922,0.0,0.0,0.0
2011-09-30 21:00:00,0.7297584367628789,-1.361304137034915,-0.7846625200590481,-1.8965045500755195,-0.24051621118602337,-0.8294659744386412,-0.8048514873907632,1.0807422806792981,-1.6344704008159054,-1.577811898187715,0.46836126331900607,-1.8814296603150575,-1.6617493807800723,-2.232773964997343,-0.9533883559509355,-1.7336828254311976,0.15226921067772106,-1.6909859679155874,-0.9981467469309481,0.9979537833748633,-1.4379966940383093,-1.1281000728873922,0.0,0.0,0.0
2011-10-02 21:00:00,0.6933119158636312,-1.5817856275549473,-1.0121385013815811,-2.135787835792713,-0.406969361622491,-0.6838960635512442,-0.9299568517416726,1.690235226773269,-1.7292049045710562,-1.7136770627169315,0.8000104124662126,-1.8154903632774104,-1.5590146183427842,-2.406797056997964,-0.9318992367431008,-1.7434075577491903,0.44685671560195345,-1.9722440741956866,-0.9981467469309481,0.9979537833748633,-2.0863921832865144,0.8445865525059428,0.0,0.0,0.0
2011-10-03 01:00:00,0.6455808611617531,-1.6901551601047735,-1.21921813318211,-2.2717203059595144,-0.5840082671278566,-0.5300688326939733,-1.040104922858876,1.7214051312126581,-1.7067461692391364,-1.7363309483783786,1.11791630600759,-1.5713141661151533,-1.5915618008324204,-2.236168653302829,-0.9029399713227892,-1.6086942020042032,0.7193965754494268,-1.9724874551910245,0.3678930465174731,1.3639285779396655,-0.6294607438033901,1.3317999135043364,0.0,0.0,28.0
2011-10-03 05:00:00,0.623353485065697,-1.647819703339483,-1.3615269266708079,-2.2042385136116343,-0.7557920211265341,-0.402112707443453,-1.0671111718410402,1.429035395286745,-1.6679472328893323,-1.7477949950547589,1.3611211211437133,-1.2814541645877966,-1.5523506843935237,-2.301904915196337,-0.8891264689581703,-1.3719475692762368,0.9423416711634712,-1.7860663476148666,1.367903580482612,0.36406684489904434,-0.6294607438033901,1.3317999135043364,0.0,0.0,27.0
2011-10-03 09:00:00,0.6519525434845678,-1.7565883417125177,-1.4956335723147949,-2.1279367681168524,-0.9216337688617633,-0.30715749396765685,-1.0729507186626686,1.0860299024203717,-1.7107567599099298,-1.7414774799737651,1.5512105160314935,-1.1286704362920947,-1.6797217018245139,-2.2044438581205408,-0.9068607830882023,-1.3238296769416242,1.1075981302849267,-1.705378535149306,1.00187432099933,-1.0017696827063787,-0.6294607438033901,1.3317999135043364,0.0,0.0,26.0
2011-10-03 13:00:00,0.8016057239473179,-1.9683571648439857,-1.6638755620418166,-2.159770432024153,-1.0899545664417778,-0.14918776280291488,-1.285544216287999,1.5848521420446702,-1.676866168027034,-1.7312451578760675,1.767568739165925,-1.2121300374002681,-1.4960028262685194,-2.389065343399547,-0.9942491885592206,-1.3945656239014612,1.314535925812844,-2.0527060471642686,-0.36416547244909103,-1.3677444772711809,-0.6294607438033901,1.3317999135043364,0.0,0.0,25.0
2011-10-03 17:00:00,0.9165812753019865,-2.326003092728923,-1.9481076088295233,-2.5008218060039935,-1.2848347747823818,0.05682664237353385,-1.4543337777471432,2.150638990856054,-1.7068766286681094,-1.744576419606936,2.1437003903051814,-1.4269559857299066,-1.6369691193550793,-3.1553312662166952,-1.0557861665691068,-1.6389908041603949,1.6704963667215593,-2.766633287251086,-1.36417600641423,-0.3678827442305594,-0.6294607438033901,1.3317999135043364,1.0,0.0,24.0
2011-10-03 21:00:00,0.8207078322641352,-2.0747209850743586,-2.111980565039805,-2.4461912450746364,-1.4754606225823068,0.2507317479499878,-1.5153986872040601,1.9911027697654005,-1.6286646237225213,-1.7164641992226406,2.4349021491685625,-1.313510352668603,-1.4591926825317254,-2.4185269994755245,-1.0047916614558148,-1.3330677966105176,1.991598196860199,-2.7319301316758025,-0.9981467469309481,0.9979537833748633,-0.6294607438033901,1.3317999135043364,1.0,0.0,24.0
2011-10-04 01:00:00,0.707378743058211,-1.9869246790246826,-2.2038467633521264,-2.2065716192133245,-1.6474260674192298,0.40251614293214366,-1.403960298180086,1.8180505207464521,-1.591682247144239,-1.6872932058940153,2.6413583732869133,-1.106168307968076,-1.391726158721139,-2.1310712380085928,-0.9402557909228697,-1.1543580529308133,2.192516833707595,-2.3857101808402548,0.3678930465174731,1.3639285779396655,0.8274706956797339,0.8445865525059431,1.0,0.0,22.0
2011-10-04 05:00:00,0.7419700553808721,-2.0578653253090184,-2.2810952856709332,-1.9751043100680434,-1.801365971794318,0.5712998662975026,-1.5261706940684274,1.9448214120655063,-1.5055478635027788,-1.6183487383861286,2.6890055760388787,-1.0567535829767398,-1.3941019129069785,-1.7694669952126714,-0.9604715139348178,-1.112986133540886,2.318437515038751,-2.3400042030908295,1.367903580482612,0.36406684489904434,0.8274706956797339,0.8445865525059431,1.0,0.0,21.0
2011-10-04 09:00:00,0.6541499788944809,-1.9886730102632288,-2.3067522317258367,-1.649560682239638,-1.929954132732366,0.7280276093151777,-1.5854309026801499,1.7376684657153794,-1.463257547237693,-1.5617055518006553,2.5912539864365,-0.9562575033378917,-1.3399495819615561,-1.7226396305639322,-0.908208991048078,-1.0015278727539367,2.407009569716292,-2.106661437892489,1.00187432099933,-1.0017696827063787,0.8274706956797339,0.8445865525059431,1.0,0.0,20.0
2011-10-04 13:00:00,0.9002299303830387,-0.9578000993474318,-2.1461747718775777,-0.8824213027436113,-1.9988012357385874,0.6332933519619902,-0.3288214543835638,1.0808321950687558,-1.1320935900239517,-1.4043207130678375,2.343383519610736,-0.6240199390414961,-0.4579658905848958,-0.6605297594151485,-1.0473081784553027,-0.5386578989627503,2.4282862597633414,-1.2787749712520218,-0.36416547244909103,-1.3677444772711809,0.8274706956797339,0.8445865525059431,1.0,0.0,19.0
2011-10-04 17:00:00,1.1060071587069236,-0.22822149590829302,-1.8496330796852742,0.101220155193331,-1.9910471592285628,0.45137159668635907,0.05786609948903221,0.5793424430026788,-0.47072172633080805,-1.0499474225349317,2.0921563096102007,-0.26484645696008996,0.47072291276475453,0.2015015386292189,-1.1479882417509069,-0.07038958119858102,2.400217120091044,-0.4845816889038021,-1.36417600641423,-0.3678827442305594,0.8274706956797339,0.8445865525059431,0.0,0.0,18.0
2011-10-04 21:00:00,1.1525260504385018,-0.7043897569162518,-1.7277765856584122,0.41285179884271833,-1.9590247364776254,0.2824442525944433,-0.1902057278722736,0.2927234726313201,0.05730365546070194,-0.5292355294922114,1.7796262732551038,-0.29313376545786746,0.14888732599384744,-0.434567060494737,-1.1690632585431358,-0.4037148379865707,2.2910823324858427,-0.6006200431691654,-0.9981467469309481,0.9979537833748633,0.8274706956797339,0.8445865525059431,1.0,0.0,18.0
2011-10-05 01:00:00,1.071047086845911,-0.4536318730265428,-1.55693680162504,0.7954302983574622,-1.8972089738019449,0.1381610437823456,-0.32171768672114204,0.25164345800650006,0.4470521848745557,0.011538484982571293,1.4640062644237786,-0.29078903955278196,0.6409812726062248,-0.0009413704259340934,-1.1317618670023037,-0.15365607447920568,2.0813845984250663,-0.6483783406160382,0.3678930465174731,1.3639285779396655,1.1873030452467948,-0.2501719323160819,1.0,0.0,16.0
2011-10-05 05:00:00,0.9906535526306239,-0.36842669936872924,-1.386471678269366,1.1004737254107209,-1.8116379229291133,-0.03974505142011448,-0.113122844562644,0.10247503800990913,0.5589749741009108,0.3641552143783651,1.1374943458331113,-0.07896194735695464,0.7863039154736492,0.4592910933145767,-1.093121848622079,-0.004737021005863043,1.820378137143297,-0.38088338660818427,1.367903580482612,0.36406684489904434,1.1873030452467948,-0.2501719323160819,0.0,0.0,15.0
2011-10-05 09:00:00,1.0488839518282307,-0.4391656014213932,-1.255236448576156,1.2377722135465892,-1.7153747381978093,-0.17396520558494963,0.15174145137507872,-0.15484993402818906,0.7365609478787756,0.5967649573932564,0.7284661185957263,0.08249201356113893,0.6496143008953715,1.1792077160598518,-1.1212972122595772,0.021098320534171433,1.559955271686495,-0.2635087310532552,1.00187432099933,-1.0017696827063787,1.1873030452467948,-0.2501719323160819,1.0,0.0,14.0
2011-10-05 13:00:00,1.0347782856552992,-0.4524725328299751,-1.141510452702099,1.2999720775848298,-1.6142677326691668,-0.30851315024398884,-0.053528850840425864,-0.2622562236834971,0.7309477251930596,0.6939841840598964,0.46179871710046,0.0793044042479106,0.6251540540761006,0.9906128313255754,-1.1145635861823808,0.0968413866572061,1.30645191927529,-0.36541030391953677,-0.36416547244909103,-1.3677444772711809,1.1873030452467948,-0.2501719323160819,1.0,0.0,13.0
2011-10-05 17:00:00,1.0276771961025315,-0.09924477990794764,-0.9688110730455902,1.5101860882100089,-1.4967902894827798,-0.37710729904051316,0.22256122694447436,-0.44040651208508225,0.8586335198702313,0.7966014074620654,0.2560797737474815,0.5298519077521405,1.146330782159484,1.2614024275735265,-1.1111518382076353,0.5971732291324401,1.017400900747113,0.0417783148416543,-1.36417600641423,-0.3678827442305594,1.1873030452467948,-0.2501719323160819,0.0,0.0,12.0
2011-10-05 21:00:00,0.8897799546967441,-0.17796803800023211,-0.8392638178917075,1.5609494816419802,-1.3753596418215712,-0.44080186575776037,0.1269170808718343,-0.5137500911325565,0.9901787316965014,0.8834521018548132,0.17657489849412902,0.5763566222228448,1.0205233010788002,1.3264462625100413,-1.0418438081783452,0.5521691798472663,0.7466687564408069,0.021648357562922806,-0.9981467469309481,0.9979537833748633,1.1873030452467948,-0.2501719323160819,0.0,0.0,12.0
2011-10-06 01:00:00,0.750685357518077,-0.2771323572378194,-0.7487764000634037,1.4952866302498018,-1.2590424954533952,-0.5274569364722097,0.04101463097537834,-0.3904242800855595,1.075639960005766,1.0014909849908127,0.07986496991575218,0.47706417109156246,0.8661232106616007,1.1884310491977326,-0.9654914926263968,0.48981469510585407,0.46294510084218565,-0.12380411773617986,0.3678930465174731,1.3639285779396655,0.17907520643152947,-1.128100072887392,0.0,0.0,10.0
2011-10-06 05:00:00,0.8096434205092339,0.16575998873649175,-0.5821500538727143,1.6499142891840815,-1.1306837042718292,-0.5274478730766877,0.5004360079980709,-0.6081278968009615,1.14111150389504,1.0982247735048318,0.12496030966522716,0.8073316593955419,1.3309363983373461,0.8691083455489323,-0.9987012166497157,1.0277420736806222,0.23117828397808313,0.19576252249904008,1.367903580482612,0.36406684489904434,0.17907520643152947,-1.128100072887392,0.0,0.0,9.0
2011-10-06 09:00:00,1.0433541649529658,-0.5818990454964268,-0.6121958671806883,1.2385130164960692,-1.0343628294347844,-0.6620491564251428,0.03495937301316266,0.019281414966240983,0.8298080284440136,1.0433062787207985,0.10618018484825392,0.16278898780814688,0.14276226949020676,-0.5828456550253986,-1.118664319621141,-0.03409041413520308,0.06525647632301974,-0.4295165162126423,1.00187432099933,-1.0017696827063787,0.17907520643152947,-1.128100072887392,1.0,0.0,8.0
2011-10-06 13:00:00,1.3803118654282631,0.2680064096995941,-0.4239736373225396,1.5032532356013255,-0.9174252828570167,-0.7147841107656298,0.15174351108933654,-0.4292389212647724,0.9318428506924742,0.9940633644127663,0.2137778039499455,0.8017129548732004,1.1538237919191885,0.9745271804947226,-1.2644731845198656,1.1937604506799393,-0.010542153375143979,0.19661998807396883,-0.36416547244909103,-1.3677444772711809,0.17907520643152947,-1.128100072887392,0.0,0.0,7.0
2011-10-06 17:00:00,1.2973972425495637,0.5352221386551856,-0.1912706560866035,1.8360681390142193,-0.7745697415096063,-0.7393598722723576,0.21642855147979945,-0.5486169748322649,0.9874376287555457,0.94143817951847,0.4245920768883265,1.4479569635359633,1.4876931761821146,1.0867823935542082,-1.2311600140858503,1.4385027581637744,0.06041270592954733,0.9053194067150895,-1.36417600641423,-0.3678827442305594,0.17907520643152947,-1.128100072887392,0.0,0.0,6.0
2011-10-06 21:00:00,1.1591722699893854,0.3119989913882977,-0.05886793338312154,1.829424246282386,-0.6322315939907411,-0.7621802222377501,0.11126447110719208,-0.6257585806858661,1.2987455293427466,1.1020245034220235,0.5315007552751843,1.177917233409167,1.0205357783313846,0.7576958305895162,-1.1720273894091287,1.020224703470301,0.14967537325335575,0.7256441130879855,-0.9981467469309481,0.9979537833748633,0.17907520643152947,-1.128100072887392,0.0,0.0,6.0
2011-10-07 01:00:00,1.026717279374816,0.41753959593449474,0.0755465421275685,1.8295826865110756,-0.4898811079228015,-0.783370547201182,0.009312375585406726,-0.7005440810280424,1.3328772580343269,1.2393576045505166,0.501531947576197,1.1536564942049403,1.2500626833829518,0.9810229402055929,-1.1106895093944935,1.071503882607678,0.24854417246833826,0.7233890656519348,0.3678930465174731,1.3639285779396655,-1.4379966940383093,-1.1281000728873922,0.0,0.0,4.0
2011-10-07 05:00:00,0.9302365405104877,0.44688937232234655,0.1879223943100811,1.7697470001838602,-0.3521903320702507,-0.7638643205272868,0.22998945227936538,-0.7926913943828431,1.2077915040043263,1.3148171673201519,0.4722688437433369,1.2073364340251707,1.1349974655565416,1.033574728326944,-1.0627995706188837,1.012772306567874,0.3624356961811968,0.8285816737876873,1.367903580482612,0.36406684489904434,-1.4379966940383093,-1.1281000728873922,0.0,0.0,3.0
2011-10-07 09:00:00,1.0189799884148525,0.7909466995994869,0.3731027551037657,1.9199641394091036,-0.20280138107942972,-0.6767680273562641,0.6049612428273016,-0.9893483918849612,1.2925061287673982,1.3126805021998824,0.524107189389139,1.3683336851799273,1.2593997881691827,1.1630705491820448,-1.1069530654856032,1.3695022547871132,0.5239473714598586,1.1066405287755605,1.00187432099933,-1.0017696827063787,-1.4379966940383093,-1.1281000728873922,0.0,0.0,2.0
2011-10-07 13:00:00,1.2399475525442174,0.035477429928011485,0.3427438767112893,1.453701112714828,-0.08972271115840708,-0.6720125507817024,0.14992066054446077,-0.8015700834960044,0.8761372522007622,1.1562711760616875,0.30675592452353323,0.8748182528547508,0.07605595542398226,0.45065919890172645,-1.207151058565096,0.41995202916061264,0.5973441676222084,0.6097961253963742,-0.36416547244909103,-1.3677444772711809,-1.4379966940383093,-1.1281000728873922,0.0,0.0,1.0
2011-10-07 17:00:00,1.1818937080601448,-0.055014431397347845,0.29164738503689713,1.0242680263522588,-0.010086186922935407,-0.7053583225234243,-0.01963036911214957,-0.685758220040632,0.448812780954825,0.8963610540903311,0.021997496605542798,0.31983980815291385,-0.06990000036620028,0.4379464227513276,-1.1820742794758061,0.22098372780674885,0.5291794442820367,0.09119938326877744,-1.36417600641423,-0.3678827442305594,-1.4379966940383093,-1.1281000728873922,0.0,0.0,0.0
2011-10-09 21:00:00,1.14881835181202,0.3780203043358905,0.3679533741652956,1.0273567942923107,0.06979087543295688,-0.7026229512578744,0.08631026181089423,-0.8194791183049489,0.24460617836438497,0.5375106731090165,0.0009011346272303185,0.6344305934184022,0.6836124543230327,0.5859479458866749,-1.1674046414010415,0.9550106745637111,0.43695597937107034,0.44362379425287796,-0.9981467469309481,0.9979537833748633,-2.0863921832865144,0.8445865525059428,0.0,0.0,0.0
2011-10-10 01:00:00,1.0388816111812518,0.593750481915458,0.4901696034312988,1.1547398737150596,0.15958790817588403,-0.649881968947185,0.44141263600436786,-0.9007190958112529,0.6090598037807062,0.44605075455458254,0.13144577990322542,1.009736332008107,1.1036808148899648,1.674490899859242,-1.1165283400059258,1.2318040865483244,0.39183234341690165,0.8772668491706233,0.3678930465174731,1.3639285779396655,-0.6294607438033901,1.3317999135043364,0.0,0.0,28.0
2011-10-10 05:00:00,1.2012980384576115,1.0532404508094853,0.745298000235058,1.6182722679912267,0.2854825737087261,-0.49126048470788897,1.3497752652946158,-1.1225379742761017,1.1621618741856439,0.690335138555274,0.38385291739918476,1.5289560888058722,1.4896439243812836,1.477608174908016,-1.190549847800367,1.8424021927383138,0.4032707196983055,1.5429563591135822,1.367903580482612,0.36406684489904434,-0.6294607438033901,1.3317999135043364,0.0,0.0,27.0
2011-10-10 09:00:00,1.2053438976509847,1.2803776538191771,1.033327254468751,2.0786144663122745,0.44722643519397665,-0.29914741135910017,1.7485960242049159,-1.2462464587685262,1.4432937257890257,1.1008223066341145,0.7548813451902793,1.8905188499512064,1.476300630124067,1.54730325256748,-1.192305052688455,1.8569921748584797,0.5320537965678707,2.16432964590915,1.00187432099933,-1.0017696827063787,-0.6294607438033901,1.3317999135043364,0.0,0.0,26.0
2011-10-10 13:00:00,1.2274074871005378,1.4549460114348034,1.3281854353698743,2.4654682918493642,0.6390965780568599,-0.07966944142638234,2.153842311231533,-1.3685751574573326,1.538122583495747,1.4189772338560134,1.1551517928926949,2.0040901163037876,1.3710632327843455,2.161924432602137,-1.2018050804294944,1.7713341166038898,0.8389647171284016,2.554353856752194,-0.36416547244909103,-1.3677444772711809,-0.6294607438033901,1.3317999135043364,0.0,0.0,25.0
2011-10-10 17:00:00,1.1102790712796609,1.2956460035942372,1.5110326103134957,2.4701930669191103,0.8313346632633392,0.12413153063368165,1.9565107701385287,-1.4256741800036732,1.4476402014636582,1.5167384814505234,1.3695427649237346,1.5930739932940907,1.2345169654611794,1.8700113977743686,-1.1499478936630891,1.3987940354241246,1.1067602817785644,2.2617063549360257,-1.36417600641423,-0.3678827442305594,-0.6294607438033901,1.3317999135043364,0.0,0.0,24.0
2011-10-10 21:00:00,0.9636409980548213,1.1906801573359513,1.6157402455232859,2.2613717060058565,1.0073107635513583,0.2843370760200938,1.8153094714858131,-1.2967519198406918,1.2742492371763776,1.4588496733461709,1.4739953875612133,1.2147301868407263,0.9874020353992962,1.7351857128463914,-1.0797054031804982,1.1637360244132464,1.259717511447968,1.9088021968791273,-0.9981467469309481,0.9979537833748633,-0.6294607438033901,1.3317999135043364,1.0,0.0,24.0
2011-10-11 01:00:00,0.8489401241882925,1.1827815948942315,1.6776635222513692,1.9779074158609884,1.1612120531442545,0.43751752820498124,1.7202099611781736,-1.3536043579225123,1.1353440824114307,1.3209193122371718,1.5740899586766581,1.0373382893329224,0.9794019069260205,1.266878017202835,-1.0201354828686902,1.0266087743260879,1.3542687931121333,1.7679149295112913,0.3678930465174731,1.3639285779396655,0.8274706956797339,0.8445865525059431,1.0,0.0,22.0
2011-10-11 05:00:00,0.8901484638943625,0.799993745489171,1.6332605800063849,1.461844802882648,1.2749249137731171,0.5118572255189853,1.334680388650983,-1.0884416383116058,0.9065477445968623,1.1356237272740382,1.548442454367455,0.8021312014716847,0.5893956438542132,1.7236336119428368,-1.0420371220458675,0.6938732678400145,1.4059040528957494,1.4566594305238971,1.367903580482612,0.36406684489904434,0.8274706956797339,0.8445865525059431,1.0,0.0,21.0
2011-10-11 09:00:00,0.8454018436618531,0.742082879618016,1.5683450042891838,0.9931841700289865,1.352140779506384,0.5244103188903227,1.0894364924411792,-0.8440699020618231,0.7441125529080341,0.9540799157215116,1.4545635522141271,0.554986858953734,0.5293946803047109,1.7799898792068458,-1.0182277972012062,0.5881822754527457,1.399842320361311,1.0512377219831561,1.00187432099933,-1.0017696827063787,0.8274706956797339,0.8445865525059431,1.0,0.0,20.0
2011-10-11 13:00:00,0.9313671857553781,1.063776999272012,1.6011554353765571,0.8841474840564156,1.4208654021259668,0.5823121489795317,1.3104514348035925,-1.0355306010688234,0.7756774700702753,0.8309130992565952,1.4791398254473291,0.6672569157049842,1.068403336191131,1.68847107794628,-1.063377580338138,0.8578298509490956,1.389943053211096,1.3268590658700898,-0.36416547244909103,-1.3677444772711809,0.8274706956797339,0.8445865525059431,1.0,0.0,19.0
2011-10-11 17:00:00,0.8606351543054297,1.0553419960200199,1.6069152024378293,0.7233189928015039,1.4770654894786204,0.6529732131181126,1.3424565849581762,-1.1258048363771413,0.9427232676367326,0.8433013050390878,1.238843712821844,0.745673449495667,1.0604032077178551,1.3716596639225584,-1.0264101014151914,0.8003655051856926,1.4306563937402323,1.5103494310851124,-1.36417600641423,-0.3678827442305594,0.8274706956797339,0.8445865525059431,1.0,0.0,18.0
2011-10-11 21:00:00,0.8006368067407673,0.7461059192555783,1.5380013694545278,0.3914851085579191,1.5074239790301518,0.6522518777328914,1.1172168257642627,-0.8092756326031837,1.0278421453776017,0.940463703333142,1.1588246230566797,0.5209073983061253,0.7693985345027414,0.3631630600064097,-0.9937109297431861,0.5236151235314163,1.4007396862928185,1.090620912333631,-0.9981467469309481,0.9979537833748633,0.8274706956797339,0.8445865525059431,1.0,0.0,18.0
2011-10-12 01:00:00,0.7203046730987719,0.7737183202750416,1.4738420333420308,0.13895398278119142,1.5181165812372892,0.6024697686410543,0.9313724771394036,-0.5773640882857272,0.9217536139705714,0.9904870666043617,1.1251951708021088,0.3745949361518387,0.769272789599455,-0.04221114999828728,-0.9478649198136573,0.49367503906692367,1.3042107551498394,0.8328338197085959,0.3678930465174731,1.3639285779396655,1.1873030452467948,-0.2501719323160819,1.0,0.0,16.0
2011-10-12 05:00:00,0.9979570962285437,1.585846644096804,1.6925356106547396,0.7065121081102326,1.5730078307192366,0.6947328724022701,2.275896383621218,-0.9165790514207673,1.1159479450366272,1.04980736856297,1.2949957406956143,0.9905939070894515,1.6079596271193275,0.8815870516006586,-1.0967110656670902,1.4247387964007592,1.3603384131356215,1.9204202539384618,1.367903580482612,0.36406684489904434,1.1873030452467948,-0.2501719323160819,0.0,0.0,15.0
2011-10-12 09:00:00,0.9363564993046548,1.6741137201028566,1.8857337351298376,1.091190867008719,1.6578559780410458,0.8109528206343838,2.5994237874054718,-1.01887838582337,1.3426046976147417,1.157596916358548,1.4623014547542745,1.347153033532579,1.4084870145501955,1.2177324825566032,-1.065923331562262,1.3685819320835073,1.387918954819707,2.5162446767250453,1.00187432099933,-1.0017696827063787,1.1873030452467948,-0.2501719323160819,0.0,0.0,14.0
2011-10-12 13:00:00,0.9119817881291242,1.764533188097385,2.0582650500001796,1.3427038509689346,1.7622907248087663,0.9060665925182861,2.24644489139425,-1.0496329854923916,1.6224541975392972,1.397549853917866,1.605842156644767,1.3196924270801182,1.5583452064346277,1.5079543588351416,-1.0534102334495032,1.3279039521054623,1.4590701704337667,2.3886194594941808,-0.36416547244909103,-1.3677444772711809,1.1873030452467948,-0.2501719323160819,0.0,0.0,13.0
2011-10-12 17:00:00,0.8492627231855158,1.5537388692242242,2.134309682588658,1.2813943580509906,1.8619509885215457,1.0065435682398145,2.2089275712201513,-1.1433235686200736,1.4496122929408874,1.511812268301297,1.7167671523458232,1.289146582666376,1.1206091782936938,1.3544714500253332,-1.0203091977781027,1.0663488294689654,1.5880783586795313,2.291942594985289,-1.36417600641423,-0.3678827442305594,1.1873030452467948,-0.2501719323160819,0.0,0.0,12.0
2011-10-12 21:00:00,0.7058026526110522,1.4848722776073224,2.1580519036489023,1.0900429506111486,1.9467097417360506,1.0677416405195714,2.0740814244096706,-0.9763018189675906,1.3208871453640365,1.5043751538170849,1.5540590913835506,1.072070105530543,1.0455295558686073,1.6407521843712225,-0.9393234468393302,0.955499776604476,1.6163974215331478,1.8887068319308287,-0.9981467469309481,0.9979537833748633,1.1873030452467948,-0.2501719323160819,0.0,0.0,12.0
2011-10-13 01:00:00,0.6448697113983447,1.5568043129024356,2.1790495671540118,0.9294944633279076,2.0189657650216652,1.143850717646421,2.1677380050999253,-1.0724647522909525,1.2029197524075226,1.3607067669520774,1.2641867118082235,1.048855799106799,1.225720649688821,1.8161074697282409,-0.9025012968293114,1.0111083920985786,1.6251704547389414,1.871354303278541,0.3678930465174731,1.3639285779396655,0.17907520643152947,-1.128100072887392,0.0,0.0,10.0
2011-10-13 05:00:00,0.7312709205187068,0.8273929190268082,2.047229046237454,0.38526967588395267,2.0488402271156425,1.134270634037652,1.6704261786797867,-0.7213955361417757,0.9504026665113411,1.1897538390844062,0.9641276153146214,0.7056550915997627,0.4086040922957143,0.7925537854675629,-0.9542687915296844,0.4863871676372126,1.572443392537959,1.3973588118310512,1.367903580482612,0.36406684489904434,0.17907520643152947,-1.128100072887392,1.0,0.0,9.0
2011-10-13 09:00:00,0.6830379402267265,0.8128519856103222,1.917788528007334,-0.04363466952689812,2.045313719279964,1.078477111133058,1.4141052664691436,-0.5101353955290712,0.7182999671726679,0.9833995603335917,0.6832529567172662,0.4040906166015766,0.3910855137298554,0.787485009221216,-0.9257453042632238,0.42398554737809063,1.5046765268520792,0.9780881624777665,1.00187432099933,-1.0017696827063787,0.17907520643152947,-1.128100072887392,1.0,0.0,8.0
2011-10-13 13:00:00,0.6660258862129138,0.8995672754056234,1.8184893723779203,-0.3047498654542016,2.0214528387556863,0.9744023752837643,1.1298343076870978,-0.2799159897383252,0.4790966116400795,0.7355283683103515,0.589225704774856,0.26553804557624017,0.5512553749033846,1.1472302484046928,-0.9154601954045206,0.48140410477886114,1.3332996161522561,0.7958093859429104,-0.36416547244909103,-1.3677444772711809,0.17907520643152947,-1.128100072887392,0.0,0.0,7.0
2011-10-13 17:00:00,0.6612761376529949,1.110113555753881,1.7803643617259064,-0.3472000964914822,1.9942861421314921,0.9395732800211417,1.6474981298980562,-0.45810524893978294,0.6690948694080956,0.6391953070055095,0.5970648303715911,0.5807142281452531,0.9443291319756064,1.3869319096315669,-0.9125671752932365,0.7097136147991778,1.0407172517764143,1.2109316461854187,-1.36417600641423,-0.3678827442305594,0.17907520643152947,-1.128100072887392,0.0,0.0,6.0
2011-10-13 21:00:00,0.6281430441275283,0.5144902022954359,1.6267728936107284,-0.6953201202786485,1.940009562917304,0.883373602777669,1.371708315137552,-0.42645915664073103,0.5896530752562007,0.5951405418931233,0.5875257478926752,0.29649850687608403,0.16708894226534554,-0.3705427446509688,-0.8921210072951197,0.1574543236579349,0.721815494034603,0.8033571525304509,-0.9981467469309481,0.9979537833748633,0.17907520643152947,-1.128100072887392,1.0,0.0,6.0
2011-10-14 01:00:00,0.6122113561599509,0.8480667314225353,1.5800048885934643,-0.6831720622229447,1.8866790149713086,0.8367733524838219,1.1599637105116323,-0.5856419050860301,0.6864304780619649,0.6661414393807208,0.5927508788563105,0.40883007755578016,0.8241319716011184,-0.1422297970468982,-0.8821214557640732,0.563712472860178,0.4543022628089255,0.9289691266601358,0.3678930465174731,1.3639285779396655,-1.4379966940383093,-1.1281000728873922,0.0,0.0,4.0
2011-10-14 05:00:00,0.6684350949365399,1.0204267831419749,1.577638562050433,-0.5526460283164493,1.8435131953154216,0.8443636146476614,1.4607609827365984,-0.7859014314799064,0.7762778641858689,0.7028459534862226,0.6020932070997773,0.6319836202567206,1.19766563654047,-0.09906982134950873,-0.9169240248154125,0.7461011382256092,0.33287118633276835,1.1864824727109264,1.367903580482612,0.36406684489904434,-1.4379966940383093,-1.1281000728873922,0.0,0.0,3.0
2011-10-14 09:00:00,0.6136432291636121,0.9647066407905869,1.548178961293616,-0.5219402769875756,1.8027385891964849,0.8514117152282319,1.2270654870439492,-0.8955760133689009,1.0931260041385125,0.8752588372483715,0.5789698845665481,0.6672968539509756,1.0604838835804566,0.01718335584668696,-0.8830247158928132,0.6274889884518634,0.320527903883548,1.1902672572157709,1.00187432099933,-1.0017696827063787,-1.4379966940383093,-1.1281000728873922,0.0,0.0,2.0
2011-10-14 13:00:00,0.7202659883858104,1.3008389428702307,1.6129617169126977,-0.24096213252415222,1.7838451849225039,0.9261958226018235,1.790870090458636,-1.0979647965300543,1.139939790709347,1.030561821621544,0.5322578859427637,1.0473308544600881,0.9561295907521707,0.5402470147641336,-0.9478422458555837,1.0673764387208577,0.4192040444651674,1.595643895617744,-0.36416547244909103,-1.3677444772711809,-1.4379966940383093,-1.1281000728873922,0.0,0.0,1.0
2011-10-14 17:00:00,0.6298929721507268,1.4598403960498454,1.7015807478803942,0.048673852957990295,1.787507212751614,0.9956382080189892,1.5926088150474451,-1.1712375394477343,1.2247107138810165,1.1841263855818265,0.46736831456642397,1.2350267657252345,1.4366883871348115,0.6702957318542501,-0.893212620980294,1.2578211939222752,0.5282286586115623,1.733317564050217,-1.36417600641423,-0.3678827442305594,-1.4379966940383093,-1.1281000728873922,0.0,0.0,0.0
2011-10-16 21:00:00,0.5292466167008287,1.2340153769668176,1.715758172927937,0.07784275710882134,1.7934407719859136,1.061509754717346,1.4450066819690461,-1.2339871160718596,1.2504019851138484,1.2379851014549437,0.4364408952504102,1.1486821908338085,1.1329237967792423,1.0664398433837357,-0.8281988995125097,0.9679864061973882,0.5810649159664246,1.5549807864557226,-0.9981467469309481,0.9979537833748633,-2.0863921832865144,0.8445865525059428,0.0,0.0,0.0
2011-10-17 01:00:00,0.43515802042712115,1.068248580417155,1.6808880132968185,-0.03227023638669546,1.790799270547687,1.0541743494995555,1.2760824550095748,-0.8799247370613661,1.2338716745223663,1.2701518100034368,0.3326453837024751,0.8550751558605824,0.9095202091632355,0.96069460175163,-0.7630217651150812,0.7585380593939087,0.5762536452492862,1.198902570388099,0.3678930465174731,1.3639285779396655,-0.6294607438033901,1.3317999135043364,0.0,0.0,28.0
2011-10-17 05:00:00,0.4876155044873768,1.335295855239393,1.7172701485371717,0.07350181141675904,1.7963947781905811,1.1043509569950807,1.7360820191318247,-1.0537182343608078,1.194487302135979,1.2598018879377946,0.15277849558819137,1.2206707063903983,1.3256389769595525,1.2237566041372914,-0.799911740928497,1.2054511577709812,0.5683664167031495,1.4705769915329232,1.367903580482612,0.36406684489904434,-0.6294607438033901,1.3317999135043364,0.0,0.0,27.0
2011-10-17 09:00:00,0.7320185516179859,0.25342947299671165,1.523304402346446,-0.46860847570043773,1.7597733915718567,0.9897181194372713,1.0539290060937458,-0.2607982966019143,0.7042269526754416,1.072765789312514,-0.24710586945404425,0.32910333359910793,-0.2494296429502314,0.043379446155831516,-0.9547036675878205,-0.24127296339277088,0.3973834934309069,0.6825280192916398,1.00187432099933,-1.0017696827063787,-0.6294607438033901,1.3317999135043364,0.0,0.0,26.0
2011-10-17 13:00:00,0.7212925088162443,0.13883991941017818,1.3279298009947398,-0.9061299026725389,1.689079978912275,0.8314336725760242,0.7853030614655695,-0.03407462917974611,0.22194176400279422,0.7262332469866183,-0.25163483328773256,-0.49172648896319604,-0.4503462173707675,0.39105814172444703,-0.9484437122868307,-0.4638790496935988,0.24719174465385105,0.11627849745940853,-0.36416547244909103,-1.3677444772711809,-0.6294607438033901,1.3317999135043364,0.0,0.0,25.0
2011-10-17 17:00:00,0.6526248540638749,-0.13541297491682408,1.0961179227029874,-1.3552851775837105,1.5834085531092645,0.65993179590144,0.6032942513867774,0.02623715169182822,-0.5826826102715291,0.11764642541963927,-0.20354261245608024,-0.8566017050673618,-0.9431051152196112,-0.3070386244533619,-0.9072734868696981,-0.9249127313417282,0.13819327063806972,-0.17404647130588646,-1.36417600641423,-0.3678827442305594,-0.6294607438033901,1.3317999135043364,0.0,0.0,24.0
2011-10-17 21:00:00,0.6059062195613104,0.09619839615645859,0.9565535064122449,-1.4636235402934106,1.4693002661883547,0.507938251725377,0.4775906564631754,-0.13438695513914356,-0.8297255845307285,-0.40765129233670466,-0.19691822763338956,-0.6271521135619028,-0.94599975228903,-0.29633382780481504,-0.8781332667500187,-0.44535254386604634,-0.06073409695613743,-0.04425661099532139,-0.9981467469309481,0.9979537833748633,-0.6294607438033901,1.3317999135043364,0.0,0.0,24.0
2011-10-18 01:00:00,0.5278049886324729,0.15744267717270005,0.850650846599183,-1.4587077019888377,1.3555748006800674,0.3866243981936936,0.5181646387538282,-0.25661506023585434,-0.957524622361983,-0.8115562280501536,-0.19237351957950552,-0.3781382030891621,-0.8106923880014234,-0.18937002876253636,-0.8272335005592829,-0.31394654803149247,-0.37622151769764284,0.11233604110631863,0.3678930465174731,1.3639285779396655,0.8274706956797339,0.8445865525059431,0.0,0.0,22.0
2011-10-18 05:00:00,0.6885352829810507,-0.5395394714973331,0.5900019672472544,-1.8758068052271928,1.2093676996882188,0.22103862618675282,0.10171403268995372,0.6171126408701163,-1.1503457901003689,-1.0059508821125958,-0.04960904830489077,-1.1170106753566962,-1.4867897202852844,-1.4052880724441912,-0.9290434601554853,-1.439652293257069,-0.3698155438552818,-0.514135144224294,1.367903580482612,0.36406684489904434,0.8274706956797339,0.8445865525059431,1.0,0.0,21.0
2011-10-18 09:00:00,0.6657647988128688,-0.39072858387502757,0.4113404245747747,-1.986415864190603,1.054546906874606,0.08662297817913807,-0.09043054765506786,0.5830331958101991,-1.2094860496038915,-1.1359987817434094,0.02959313412694173,-1.2367535519192232,-1.1127534806726243,-1.508693500137398,-0.9153014143003223,-1.0815356562180554,-0.2705731346699531,-0.6953875906835008,1.00187432099933,-1.0017696827063787,0.8274706956797339,0.8445865525059431,1.0,0.0,20.0
2011-10-18 13:00:00,0.7528829334316787,-0.08727942358474462,0.335188763169297,-1.7959953792119188,0.9145551288770384,-0.0939510425410864,0.07860337826604351,0.2475999817415594,-1.135890006737733,-1.1970795042995088,0.02493362637409372,-0.8928094051520329,-0.6031786799920812,-1.0467829794212433,-0.9667526951069624,-0.6116880830272917,-0.22024335198954026,-0.4166231890458397,-0.36416547244909103,-1.3677444772711809,0.8274706956797339,0.8445865525059431,0.0,0.0,19.0
2011-10-18 17:00:00,0.832200178614935,0.02421882686479684,0.2975628967346252,-1.5388384415243688,0.7945894738012995,-0.173642026859618,0.7831412362224098,-0.04550955495050785,-0.7596730219754674,-1.0632947172816938,0.006277311537230485,-0.28196347707468533,-0.42599652429660856,-0.8151929411388759,-1.0110714440201727,-0.4488809950918365,-0.2219071842312865,0.16092670077967738,-1.36417600641423,-0.3678827442305594,0.8274706956797339,0.8445865525059431,0.0,0.0,18.0
2011-10-18 21:00:00,0.7571887129829624,0.11489690143167047,0.28526502341479826,-1.2642007725400708,0.696011255391674,-0.24764079801206493,0.6056284790751975,-0.17994353081044132,-0.4660214720245056,-0.8086973706477245,-0.006103503954139094,-0.44026277156086824,-0.2847643712060466,-1.0889125853135564,-0.9692184736959453,-0.3172558679275062,-0.2150991091439531,0.03651213355629453,-0.9981467469309481,0.9979537833748633,0.8274706956797339,0.8445865525059431,0.0,0.0,18.0
2011-10-19 01:00:00,0.7108920590850444,0.4852724860365677,0.3620313012520157,-0.8021658964788961,0.6334140503872373,-0.2595150035427768,1.0194165977885432,-0.33073832231813144,-0.1363456225031208,-0.4664062168478062,0.0018488212977204274,0.0788220733020527,0.3263856730768291,0.2103991332532752,-0.9423305440768714,0.2936001008516127,-0.21511999044634075,0.4709015033026545,0.3678930465174731,1.3639285779396655,1.1873030452467948,-0.2501719323160819,0.0,0.0,16.0
2011-10-19 05:00:00,0.6798963670953767,0.5774449197669107,0.4416421167373721,-0.42479860958589677,0.6002043615896487,-0.23621909502841,1.1888193580804431,-0.48465712972292463,0.18786598641845642,-0.14192415725228275,-0.034142112450935624,0.31189449198953173,0.48816068479876895,0.43272815806351,-0.9238549552786083,0.4046416694338528,-0.20488910373783983,0.6588656799628314,1.367903580482612,0.36406684489904434,1.1873030452467948,-0.2501719323160819,0.0,0.0,15.0
2011-10-19 09:00:00,0.6422769261147028,0.8101802770307236,0.5607005076636147,-0.015576260430025097,0.5988629052428305,-0.1801267850531423,1.3912283137848103,-0.6238170029813757,0.6113446329031034,0.22701682519641408,0.010694212628744256,0.6501284996195497,0.9092892867415757,0.995946033507389,-0.9009001069877979,0.7685561812322351,-0.1873494213744872,0.9412053193026748,1.00187432099933,-1.0017696827063787,1.1873030452467948,-0.2501719323160819,0.0,1.0,14.0
2011-10-19 13:00:00,0.7121347795178782,0.12502605948568088,0.5133925346042584,-0.14084611332061717,0.5877660462421103,-0.22175048303993,0.9916742519118711,-0.15420287543404337,0.5161385672230544,0.4504581947445973,0.011280440681937851,0.09020495477488027,0.057939667764055215,0.14902635072490214,-0.9430632437156934,-0.15842225560796686,-0.22205847136068546,0.407180124346212,-0.36416547244909103,-1.3677444772711809,1.1873030452467948,-0.2501719323160819,0.0,0.0,13.0
2011-10-19 17:00:00,0.7154543304239326,-0.08528561174478778,0.42310169422810506,-0.35800929765348627,0.5597575819677658,-0.32852994900534854,0.7102620111060275,0.2053889291978244,0.3307148749249122,0.4993763935130814,0.02407830430177249,-0.38401034313157534,-0.034665766774813284,-0.12715754693657297,-0.9450174227324553,-0.46193733093542544,-0.21940771559089242,-0.050155091951065364,-1.36417600641423,-0.3678827442305594,1.1873030452467948,-0.2501719323160819,0.0,0.0,12.0
2011-10-19 21:00:00,0.6026994203566691,-0.07663591789271071,0.3492370937402933,-0.48704751635718524,0.521700253164968,-0.42768231025854303,0.5849464822047725,0.09983571086386389,0.0014374596139322252,0.2905154030970761,-0.01086044008891964,-0.33399413302778413,-0.01915162874592577,0.6360778464418356,-0.8760981181142946,-0.39829634654960566,-0.23641555016450222,-0.038258908777700246,-0.9981467469309481,0.9979537833748633,1.1873030452467948,-0.2501719323160819,0.0,0.0,12.0
2011-10-20 01:00:00,0.5756441767091028,-0.4629974610321751,0.19943063531464755,-0.7968998443732546,0.4595131425088647,-0.564603847982671,0.36747129790339983,0.6150927579803271,-0.2817551362423032,0.0172789558952051,-0.06973503777226694,-0.7631313620750627,-0.7405590470892787,0.09461582135184321,-0.858744338997179,-0.944103143519808,-0.20789416028312263,-0.43278463197488515,0.3678930465174731,1.3639285779396655,0.17907520643152947,-1.128100072887392,1.0,0.0,10.0
2011-10-20 05:00:00,0.6101761076494199,-0.35118333998088275,0.10149276239622834,-0.9036582426398763,0.38901221062806396,-0.6398523195557174,0.09820086134437747,0.8453822178711855,-0.4682792658834558,-0.25633433296949193,-0.1335042540422958,-0.8914874591752986,-0.5605950459541568,-0.11559951841009435,-0.8808360181846702,-0.7177940111542995,-0.15932279412452516,-0.5275801678740476,1.367903580482612,0.36406684489904434,0.17907520643152947,-1.128100072887392,0.0,0.0,9.0
2011-10-20 09:00:00,0.7729135783074452,0.04838743615040673,0.10608419075726304,-0.710104391352275,0.3335843047862824,-0.7069285100810005,1.0526989499497776,0.3996106695297268,-0.41930980411925634,-0.4004180461421406,-0.21521572633204014,0.09091075640466104,0.11892419971119696,0.1381957577138476,-0.978164017131363,-0.022846030929589152,-0.1611117188985052,0.16861643457607825,1.00187432099933,-1.0017696827063787,0.17907520643152947,-1.128100072887392,0.0,0.0,8.0
2011-10-20 13:00:00,0.970109377510462,-0.4623197847084099,-0.009304374875552253,-0.881701528714064,0.26479325425650313,-0.8149419411386354,0.5470133254388571,0.9004463038291728,-0.45727489245328823,-0.4605242913631999,-0.4166140827147805,-0.8669495873943212,-0.8476065994885924,-0.48128520115663187,-1.0829385465634318,-0.9866356346286895,-0.16252169275471362,-0.4913193402118552,-0.36416547244909103,-1.3677444772711809,0.17907520643152947,-1.128100072887392,1.0,0.0,7.0
2011-10-20 17:00:00,1.0389605778245112,0.12397941512415671,0.03610318172114857,-0.5814869575165362,0.21938144427838535,-0.9199356568344117,0.2775140361564453,0.5617158150605374,-0.16290790319660417,-0.3559507299284318,-0.4200390212016576,-0.09701129428574364,0.26941133859140903,-0.27421081657554225,-1.1165661027973572,0.3309836875485839,-0.2492547977702692,-0.043308053037882724,-1.36417600641423,-0.3678827442305594,0.17907520643152947,-1.128100072887392,0.0,0.0,6.0
2011-10-20 21:00:00,0.9311894251622482,0.10488139225672688,0.06673669179621229,-0.38151236018915613,0.18954267659628043,-1.035228564501523,0.36947540520067024,0.42603595201126243,-0.130181538450836,-0.2569395712317675,-0.4166473422655544,0.44810093969192827,0.211200482967498,-0.3993245864416592,-1.0632867325473048,0.28162839286664065,-0.3470916937977781,0.25837706183194525,-0.9981467469309481,0.9979537833748633,0.17907520643152947,-1.128100072887392,0.0,0.0,6.0
2011-10-21 01:00:00,0.8077593620731094,0.09511568334566153,0.08771091683339342,-0.24781355643229117,0.1701157169820941,-1.1422862644778637,0.25857137709927785,0.3153561820914245,0.23918186032114644,-0.01843992155242847,-0.42167147098777685,0.3892087991862643,0.19386201073953052,-0.682931651591967,-0.9976597455571204,0.22689431674058583,-0.4144374784084781,0.22771279740651154,0.3678930465174731,1.3639285779396655,-1.4379966940383093,-1.1281000728873922,0.0,0.0,4.0
2011-10-21 05:00:00,0.9106169426436832,-0.13494805149395006,0.05463613644267511,-0.2879104395727137,0.1475662084770513,-1.1542425579838445,-0.061492057472778396,0.8815121743559593,0.06927920008682854,0.06107189676587924,-0.42028802677354427,-0.1555153175758659,-0.20965152474749726,-0.3033785282691701,-1.0527038740056245,-0.22770129327978733,-0.586691043119321,-0.0879745606269947,1.367903580482612,0.36406684489904434,-1.4379966940383093,-1.1281000728873922,0.0,0.0,3.0
2011-10-21 09:00:00,0.9799300053094392,0.4768082909639721,0.17286557348977283,0.09167886718836296,0.15457725620419285,-1.209964404318339,0.038752252019761714,0.5426957971591185,0.34934723280503244,0.2252851713160783,-0.35269154356144666,0.685475501373207,1.000889081713621,0.5564570525720316,-1.0878225551254999,1.0604238783112299,-0.610691649785114,0.4103649280484091,1.00187432099933,-1.0017696827063787,-1.4379966940383093,-1.1281000728873922,0.0,0.0,2.0
2011-10-21 13:00:00,0.9767466500734937,0.6681177375750973,0.31637275342681076,0.4641257111846638,0.1905926401424755,-1.254538992133962,0.7386462209515136,0.30497768502531886,0.6483710378819639,0.3654108504943795,-0.33901808913419823,1.5626690818307105,1.036998899055979,0.785434692914004,-1.0862426557540565,1.3811018569886744,-0.48110757666070536,1.0286654627773903,-0.36416547244909103,-1.3677444772711809,-1.4379966940383093,-1.1281000728873922,0.0,0.0,1.0
2011-10-21 17:00:00,0.9870472678397856,0.9116960877795114,0.4973008642792278,0.8638976343893414,0.25774030364041034,-1.3015615349690706,0.46862689355026876,0.11987398273225727,1.2731881600037431,0.7776860765470683,-0.21789134803851945,1.5444851948431213,1.5521024064388846,1.5072068698151906,-1.0913436302895108,1.69415419517419,-0.35485838711991247,1.0726075360329934,-1.36417600641423,-0.3678827442305594,-1.4379966940383093,-1.1281000728873922,0.0,0.0,0.0
2011-10-23 21:00:00,0.958736154378833,0.48131474333766244,0.5493946028933694,0.8331840618080212,0.32249614452055764,-1.3452253247444546,0.25609225401976843,-0.06660808444558665,1.253211197620299,1.0872117407142416,-0.18782106244014876,1.030269859653932,0.944561412758777,1.0314693174696528,-1.0772450987486513,0.8992768794326754,-0.2904083919053076,0.7472529148689109,-0.9981467469309481,0.9979537833748633,-2.0863921832865144,0.8445865525059428,0.0,0.0,0.0
2011-10-24 01:00:00,0.9125623775799028,0.7409473233275997,0.6585006425375437,0.9637316312386435,0.39741839077196567,-1.3367253996934791,0.5321290569928672,-0.22650373307375604,1.389041952002914,1.3408524051802164,-0.07783090429821309,1.272263992760754,1.4199915492845094,0.9926760384893347,-1.0537105260281416,1.2861729229559777,-0.1792849003917849,1.0103646202148744,0.3678930465174731,1.3639285779396655,-0.6294607438033901,1.3317999135043364,0.0,0.0,28.0
2011-10-24 05:00:00,1.0281345473060384,0.44036697078804327,0.6755132048651854,0.817602789361754,0.46096083846080593,-1.2663357579532026,0.8086288870536971,-0.4974143246448647,1.0375767462611882,1.2601679414081302,-0.045091065052406176,1.1404555455746768,0.5611001019757361,1.2526095757847704,-1.1113720191431302,0.7521062114663788,-0.12644523159974838,0.9706720744658152,1.367903580482612,0.36406684489904434,-0.6294607438033901,1.3317999135043364,0.0,0.0,27.0
2011-10-24 09:00:00,0.9473342304022233,0.4539892641358235,0.6845404292778979,0.6789732982625221,0.5137075002987626,-1.2445952650898542,0.6310156344391648,-0.29715265209440844,0.9091776836708249,1.1423546353729226,-0.003500171538812102,0.6007837355790764,0.5825233935203546,0.6543888268518927,-1.0714966897307847,0.7237176904348058,-0.18350292006788993,0.5247515880948445,1.00187432099933,-1.0017696827063787,-0.6294607438033901,1.3317999135043364,0.0,0.0,26.0
2011-10-24 13:00:00,1.0938798056754728,0.8658927076907976,0.7991333789710033,0.8552917435588847,0.5801849791648055,-1.1345964855379134,1.2283371846677875,-0.580822938532277,0.8568968559314596,0.9601230488658916,0.14979759260060105,1.0439252200736564,1.2725788895886176,1.1904967436436618,-1.1423978262408587,1.335822125461255,-0.1532647613179224,0.9880177276034812,-0.36416547244909103,-1.3677444772711809,-0.6294607438033901,1.3317999135043364,0.0,0.0,25.0
2011-10-24 17:00:00,0.9888141462668966,0.9176078359006848,0.8952832833974292,0.9461668696405124,0.6537393678035825,-1.0222681896317094,1.1885387347519387,-0.6737724328347094,1.1322401419985764,0.9925402616086562,0.2801456867984207,1.264499267135949,1.3374666570522695,1.2699435400772807,-1.0922153521238267,1.2893077623747808,-0.01716241965392273,1.2794233962184993,-1.36417600641423,-0.3678827442305594,-0.6294607438033901,1.3317999135043364,0.0,0.0,24.0
2011-10-24 21:00:00,0.8574804343891408,0.691118344136258,0.9200196955907899,0.8245659439373112,0.717824071869823,-0.9434621043045858,1.0569620975462883,-0.5676873120103221,1.2864950802928516,1.1217515393423925,0.36250964840522265,0.9120449480424351,1.0174654498807865,1.308698401142557,-1.0247221749659436,0.936990012296301,0.04431971417912453,0.973636814337771,-0.9981467469309481,0.9979537833748633,-0.6294607438033901,1.3317999135043364,0.0,0.0,24.0
2011-10-25 01:00:00,0.7361589681448573,0.6824055174380256,0.9272158950259822,0.6795619897554044,0.7706165781182223,-0.8916666320854094,0.9236305903559626,-0.49401282502487964,1.1832855318439115,1.2335224203832065,0.40229389179517705,0.7492749126508597,0.9815660135354993,0.6487172521410873,-0.9571080962559636,0.8315045167169767,0.10688692680513869,0.8203187461280163,0.3678930465174731,1.3639285779396655,0.8274706956797339,0.8445865525059431,0.0,0.0,22.0
2011-10-25 05:00:00,0.7336592751891953,0.7880539949699238,0.9483330547619044,0.6014348186442818,0.8173249228959047,-0.8170137488989895,0.959665452907155,-0.6589507472224376,1.123010295427585,1.230361685470369,0.4441502809079128,0.7308587970692235,1.1675127122098985,0.5281908168456494,-0.9556572678536274,0.8742517581083693,0.17435406977736562,0.8265798158152373,1.367903580482612,0.36406684489904434,0.8274706956797339,0.8445865525059431,0.0,0.0,21.0
2011-10-25 09:00:00,0.7408071249341935,0.5695835965522144,0.9191521353489055,0.40208263364728514,0.8485086958016991,-0.7284106829834196,0.9013715879258536,-0.8187271178877445,1.0775266300163326,1.158801029354331,0.3452653602881755,0.7018947139843155,0.8892182820200091,0.0521128328665752,-0.9597994620453294,0.6216550387087637,0.2354210943005358,0.7922935592641649,1.00187432099933,-1.0017696827063787,0.8274706956797339,0.8445865525059431,0.0,0.0,20.0
2011-10-25 13:00:00,0.784373487478011,0.6926977872069515,0.9133705464022194,0.30626552083910336,0.8722307012110906,-0.7023947941796513,0.5799540960096146,-0.6352946093452115,1.0823457710932678,1.1242344931238433,0.25392899542779757,0.5959347086654967,0.9951542146853037,0.5485819188511469,-0.984625008315484,0.7148853642639895,0.2794318104885292,0.6491922613891764,-0.36416547244909103,-1.3677444772711809,0.8274706956797339,0.8445865525059431,0.0,0.0,19.0
2011-10-25 17:00:00,0.7036248539740989,0.5751828764560674,0.8806892039655639,0.15642328380530648,0.8842837270288578,-0.6782371831475988,0.41996062591858574,-0.7363716926808211,0.8021606344123577,1.0143604321042214,0.2118753676871003,0.5887969100504906,0.377493923462014,0.13754011982554248,-0.938033524764205,0.5446375679072486,0.2900451807991979,0.6366057168165482,-1.36417600641423,-0.3678827442305594,0.8274706956797339,0.8445865525059431,0.0,0.0,18.0
2011-10-25 21:00:00,0.6100216267053649,0.6943105303399968,0.8695835457314325,0.09525237312146072,0.8915730618973912,-0.6603321094733747,0.28387936173391326,-0.7944296850301833,0.7345660117854568,0.8969145361802787,-0.0211158110967436,0.5678178398649051,0.6986263665238246,0.5180690725643399,-0.8807383753770931,0.6688349602782001,0.28933611427737377,0.5974941678537145,-0.9981467469309481,0.9979537833748633,0.8274706956797339,0.8445865525059431,0.0,0.0,18.0
2011-10-26 01:00:00,0.47639064443607315,0.6746398504950379,0.8481406606627977,0.018190234053072993,0.8928611747748704,-0.6346085120611964,0.2885438262995906,-0.8473160768156439,0.6172289178455216,0.7376365822834461,-0.09624266087555756,0.636770329568821,0.6643068687920248,0.4903049027419118,-0.792137178424779,0.5877523102103088,0.22605499897480777,0.6351683890279404,0.3678930465174731,1.3639285779396655,1.1873030452467948,-0.2501719323160819,0.0,0.0,16.0
2011-10-26 05:00:00,0.4476259305806308,0.6837684619318627,0.8231842734562992,-0.05301897430632415,0.888603863241113,-0.658097710298178,0.09281442669941337,-0.6832189632777405,0.7267735510844193,0.7118204883301095,-0.20801762024747908,0.5854240146013711,0.6863694030481586,-0.015680431538004004,-0.7719193764802202,0.5456273475001819,0.10779992576964383,0.5700701283558137,1.367903580482612,0.36406684489904434,1.1873030452467948,-0.2501719323160819,0.0,0.0,15.0
2011-10-26 09:00:00,0.38619619739612654,0.7990719754351633,0.8148226431018298,-0.06483551317154619,0.8834263375301552,-0.6746204785132522,-0.010805313356084797,-0.7901240227659718,0.8180607454501643,0.7404130242625621,-0.3530470272879844,0.6976184261736167,0.9560225995122695,0.0068645758831539574,-0.7272679480721135,0.6747570257126426,0.08472477742023547,0.6213801128794288,1.00187432099933,-1.0017696827063787,1.1873030452467948,-0.2501719323160819,0.0,0.0,14.0
2011-10-26 13:00:00,0.7337959452058448,-0.46986626500752054,0.6081651286458758,-0.6138099557384941,0.8354973707472637,-0.6982541226126877,-0.5276928643074096,0.4762897651417023,0.19123019822716344,0.594530964840947,-0.6389351630247133,-0.6256636935379823,-1.1031241788843502,-0.6595749764294243,-0.9557366542069696,-1.4826814849711925,-0.11882862725782194,-0.11732609937756926,-0.36416547244909103,-1.3677444772711809,1.1873030452467948,-0.2501719323160819,1.0,0.0,13.0
2011-10-26 17:00:00,0.8185797770780456,0.2919494004200456,0.5829562131873196,-0.5593062021679036,0.7918128893689695,-0.7201996492764382,-0.7571001977823907,0.155582173935488,0.08960382528489176,0.37633399024906505,-0.7360656955850153,-0.4193757071597785,0.3998204982497946,-0.015682918475386477,-1.0036236716500733,0.1866312472750343,-0.26078981855057404,0.07121380972702286,-1.36417600641423,-0.3678827442305594,1.1873030452467948,-0.2501719323160819,1.0,0.0,12.0
2011-10-26 21:00:00,0.7688449464943219,0.36538078821207315,0.5724157863051071,-0.4757933405512632,0.7546319806623976,-0.7405776383213407,-0.8769700370376798,-0.011993843899323035,-0.04819815911335036,0.07968607284862911,-0.7733452442109541,-0.05401512712041568,0.5674718073789359,-0.06079399861530454,-0.9758583804398134,0.3467788705116555,-0.3597749183322203,0.23394380092563855,-0.9981467469309481,0.9979537833748633,1.1873030452467948,-0.2501719323160819,1.0,0.0,12.0
2011-10-27 01:00:00,0.8542816093424095,0.8594009852431016,0.6772968301707692,-0.09494561164965873,0.7471096279413917,-0.8244264041495077,0.006179002558863718,-0.2850379472203431,0.8307638443842328,0.29869256529628246,-0.6439912018351512,1.4526569690741897,1.3752246214283192,0.6242712177897245,-1.0230071528689462,1.6463066038426133,-0.428022575013175,0.8356080803150153,0.3678930465174731,1.3639285779396655,0.17907520643152947,-1.128100072887392,1.0,0.0,10.0
2011-10-27 05:00:00,0.8196721018631133,0.9535833142394212,0.7772295498253157,0.1962692266057039,0.7622656606452747,-0.8316414010144562,0.4580084110494549,-0.4401308900764753,1.0434418867716053,0.6253317178483431,-0.5695572358939172,2.450562775245477,0.9994941691322504,0.6144056996954681,-1.0042233995079821,1.6531507189451233,-0.5313291173315408,1.2586307276913289,1.367903580482612,0.36406684489904434,0.17907520643152947,-1.128100072887392,1.0,0.0,9.0
2011-10-27 09:00:00,0.8654960794389426,1.4092019997687246,0.9887900498617117,0.7329567067333495,0.8192162859597666,-0.793456106688439,0.6184572573627332,-0.643297974996964,1.4167444273174885,1.1269971726985715,-0.20738279972518506,2.586815012564918,1.62004734515428,1.3231016646562996,-1.0290042488332345,2.2111684156103277,-0.43744701190811275,1.5634279918797536,1.00187432099933,-1.0017696827063787,0.17907520643152947,-1.128100072887392,0.0,0.0,8.0
2011-10-27 13:00:00,1.1147866007091671,1.9153420308904598,1.3665569884076576,1.614519299614005,0.9448186886949574,-0.6090189790554976,2.0487097478639837,-0.9494952840515647,1.4253293651434285,1.330604457497788,0.4758893105615686,3.070872667686553,1.3994309810627654,2.201552840819979,-1.1520102428885268,2.4785179682489376,0.09507139012055976,2.6762353487218964,-0.36416547244909103,-1.3677444772711809,0.17907520643152947,-1.128100072887392,0.0,1.0,7.0
2011-10-27 17:00:00,1.1007080990889284,1.924325770720553,1.6514838487706323,2.0671711332558336,1.105671399443679,-0.415326343390276,2.11477725107799,-1.0763917573882409,1.4988350365596632,1.4865525565838473,0.9102537120775577,2.425218927128373,1.2067530629703227,2.2343606596335723,-1.1455504743056846,1.9138548991835236,0.6015298453048205,2.965594999850777,-1.36417600641423,-0.3678827442305594,0.17907520643152947,-1.128100072887392,0.0,1.0,6.0
2011-10-27 21:00:00,0.9711665883204467,1.8650614862692871,1.8464587045220835,2.184552197601202,1.2756651726284907,-0.255500816475041,1.9438370370615787,-1.005391779426748,1.3392267059957101,1.4600068316618973,1.255755897470347,1.6556794390553586,1.170010696244495,2.1857586319601072,-1.083465748307923,1.5394183768793044,0.8864535734306136,2.509897274430717,-0.9981467469309481,0.9979537833748633,0.17907520643152947,-1.128100072887392,0.0,1.0,6.0
2011-10-28 01:00:00,0.8202616312478878,1.737729645346445,1.9589217432892667,2.053959825335053,1.4354890514166254,-0.11831930937127992,1.818771942916521,-0.9788665379461328,1.2310017235295427,1.3934598791579638,1.5018770434210564,1.2523444064200109,1.0942764301361252,2.00787943969465,-1.0045468965518929,1.261044080172659,1.1030202339967206,2.2007830788685525,0.3678930465174731,1.3639285779396655,-1.4379966940383093,-1.1281000728873922,0.0,1.0,4.0
2011-10-28 05:00:00,0.7325306954082621,1.7575386425073656,2.0324474675765507,1.8435457201650414,1.5789269101637953,0.019991473491678555,1.7924073799230664,-1.0605492580652471,1.202280530490979,1.2919056253920915,1.6859566914591748,1.0591477579467021,1.1257698873297057,2.9072617723806196,-0.95500144166256,1.1274788634240702,1.2808048335076028,2.067287286450896,1.367903580482612,0.36406684489904434,-1.4379966940383093,-1.1281000728873922,0.0,1.0,3.0
2011-10-28 09:00:00,0.6851546305194544,1.5826916985891415,2.0427311908450965,1.503146310861814,1.6958561299664972,0.09867636312976841,1.5279139280359066,-0.8415464672164563,1.1528162535912296,1.2280698919916646,1.7953085737186665,0.8355617587819778,1.0305396715300976,2.1477986896445778,-0.927016682422218,0.9321645636938677,1.3550648258948168,1.7431662815919902,1.00187432099933,-1.0017696827063787,-1.4379966940383093,-1.1281000728873922,0.0,1.0,2.0
2011-10-28 13:00:00,0.6395844047316013,1.5370987515827719,2.0212797805758997,1.1444821889755388,1.784854344457293,0.17281567640315912,1.2920790335305836,-0.9544270212764019,1.1217016277994543,1.1906403826392191,1.8755043806584544,0.723147553763512,1.0065446565254623,2.0486925934142515,-0.8992342884657714,0.8179811957285194,1.443638464839776,1.6001549146923641,-0.36416547244909103,-1.3677444772711809,-1.4379966940383093,-1.1281000728873922,0.0,1.0,1.0
2011-10-28 17:00:00,0.5227797818681871,1.3519194425877796,1.9574672295627393,0.7422951761136986,1.8425322040334553,0.24165932444272267,1.1565951599142323,-1.0151165070701482,1.0459095906143523,1.1370915955364493,1.8817843436169917,0.6133485654262881,0.912064284944737,1.40618802985563,-0.8238604923558179,0.6675405055340782,1.5255594844834637,1.4145932737503781,-1.36417600641423,-0.3678827442305594,-1.4379966940383093,-1.1281000728873922,0.0,1.0,0.0
2011-10-30 21:00:00,0.4127401808181957,1.361002369854282,1.8874283110687544,0.4036049352026526,1.8738345263291516,0.2739671613448997,1.0224861176016242,-0.8803430727950055,0.9923332766642934,1.082134652949423,1.877494192700839,0.5131824210380578,0.8794742183308236,1.302574135138924,-0.746814273081007,0.6064668616631019,1.5639059748878195,1.219562653680989,-0.9981467469309481,0.9979537833748633,-2.0863921832865144,0.8445865525059428,0.0,1.0,0.0
2011-10-31 01:00:00,0.7871665425299704,-0.3900329839306086,1.5090547641927725,-0.7062606469697139,1.8187059524757558,0.11902784772250802,0.2955705483217674,0.868119679886286,0.4220097007247305,0.8425271269601813,1.7910204850841427,-0.022154766568597644,-0.6015575647257142,-0.6497478403706692,-0.9861923294741156,-0.3823484034755643,1.5121828940299376,0.05577866941103205,0.3678930465174731,1.3639285779396655,-0.6294607438033901,1.3317999135043364,0.0,0.0,28.0
2011-10-31 05:00:00,0.8182681580055842,-0.3494558015547687,1.203526086282727,-1.3959576124212323,1.709867156634392,-0.0031013552654228895,0.037959031732914615,0.7919606112645642,-0.17821952230187263,0.4233275665714592,1.7157945198621802,-0.2814847428620879,-0.7803608356875443,-1.5790292895733253,-1.0034525027686425,-0.3857700393607044,1.4589994678031402,-0.4027641459771336,1.367903580482612,0.36406684489904434,-0.6294607438033901,1.3317999135043364,0.0,0.0,27.0
2011-10-31 09:00:00,0.7587709596164799,-0.28937527937883817,0.9619487911517813,-1.7737169816991776,1.5716103111302013,-0.11068632136714132,-0.11759686688895611,0.6586887374982897,-0.9654954029422772,-0.24712534002784117,1.6293404960319886,-0.3676534198755119,-1.3403535177217212,-1.5484254250873901,-0.97012280417495,-0.3814205898828682,1.4072740752828234,-0.4781503128947883,1.00187432099933,-1.0017696827063787,-0.6294607438033901,1.3317999135043364,0.0,1.0,26.0
2011-10-31 13:00:00,0.9112101453824218,-0.8625897730045249,0.6209128375399386,-2.3465304766278403,1.3887455559041215,-0.12495258135749947,-0.43976362047406214,1.1531410673057212,-1.2885280762365177,-0.8328941748382664,1.6196672385039201,-0.646087870504646,-1.5123906099937254,-2.1196466771323665,-1.0530109538018606,-0.8660720103317335,1.3684539675725416,-0.9304496753026364,-0.36416547244909103,-1.3677444772711809,-0.6294607438033901,1.3317999135043364,0.0,0.0,25.0
2011-10-31 17:00:00,1.0786427326364196,-1.2784724560679435,0.21584329072190958,-2.979003152859538,1.1566269260876403,-0.05637056302887103,-0.7292502666188234,1.72521994847046,-1.5355790739291089,-1.2977181230050074,1.7544209077602337,-1.0303417938228383,-1.4769535681504835,-2.606088260861674,-1.1353162499135905,-1.2385819742740247,1.4098045976619724,-1.6343988809858727,-1.36417600641423,-0.3678827442305594,-0.6294607438033901,1.3317999135043364,0.0,1.0,24.0
2011-10-31 21:00:00,0.9541492836464702,-1.3164357249595586,-0.11719162385440533,-3.2889902765260546,0.9003680171927373,0.007312739704847808,-0.8058151840023215,1.5639860486058843,-1.6036434648836344,-1.5162501260479244,1.7059144196617164,-1.175812051795939,-1.532270006710912,-2.6963734064727176,-1.0749374868173944,-1.306199299491629,1.490980424858134,-1.8000446322301729,-0.9981467469309481,0.9979537833748633,-0.6294607438033901,1.3317999135043364,0.0,1.0,24.0
2011-11-01 01:00:00,0.8789492615396545,-1.5137584586768016,-0.44605070984122613,-3.5256184279933507,0.6256816667103672,0.09033014236122922,-0.908330577106888,1.696839871459605,-1.6625710052748048,-1.644340071597721,1.9010015230834767,-1.2680650502465718,-1.678544548904277,-2.895006300423563,-1.0361419016750495,-1.4244067619936653,1.6141053281154936,-1.9181132028064085,0.3678930465174731,1.3639285779396655,0.8274706956797339,0.8445865525059431,0.0,1.0,22.0
2011-11-01 05:00:00,1.0953998974449826,-1.9893048374815,-0.9081269026934049,-4.077376555398421,0.308027095413525,0.2644186602246135,-1.1689773659988278,2.788851514277851,-1.6989944847796707,-1.700301217906955,2.3993020875041733,-1.6099173868339385,-1.5796543520010857,-3.7801117379117315,-1.143100770103105,-1.7697574199524133,1.8997811243645206,-2.7475722196773202,1.367903580482612,0.36406684489904434,0.8274706956797339,0.8445865525059431,0.0,0.0,21.0
2011-11-01 09:00:00,1.2626170312158844,-2.208855051096821,-1.3868287207016259,-4.5640178712791935,-0.047524718315523885,0.4672584559398522,-1.3680692742389213,3.080593465394428,-1.7068545407675344,-1.7356455595954767,3.059340890719506,-1.6913704105070608,-1.5544324668063396,-4.232251637019156,-1.2167185924933424,-1.7443868373778801,2.3221247753956282,-3.3401195848732814,1.00187432099933,-1.0017696827063787,0.8274706956797339,0.8445865525059431,1.0,0.0,20.0
2011-11-01 13:00:00,1.30836539594582,-1.7614515995474582,-1.6635956939568888,-4.403908869291402,-0.3906080270781827,0.6556096948182717,-1.4950621657348273,2.5880690549980163,-1.5721477693122001,-1.7046803776024204,3.4838190631126498,-1.3908361375831513,-1.2987211161485304,-3.88256671501,-1.2356557369575183,-1.3592864975010002,2.6259660566111376,-2.981357785880129,-0.36416547244909103,-1.3677444772711809,0.8274706956797339,0.8445865525059431,0.0,0.0,19.0
2011-11-01 17:00:00,1.3293829690759547,-1.5303914602079447,-1.8169350182269266,-3.9400011083802773,-0.6975644713356948,0.7282077788285594,-0.9586417680815377,2.171677438842551,-1.4239160752417226,-1.610480552490812,3.7692773597925493,-1.0480310720075408,-1.1616956237443041,-2.4005784465029705,-1.2441937293698637,-1.1274809161927573,2.8303413927152055,-2.2608441343384524,-1.36417600641423,-0.3678827442305594,0.8274706956797339,0.8445865525059431,0.0,0.0,18.0
2011-11-01 21:00:00,1.2895602629053398,-1.5679459622241345,-1.9325997313144352,-3.4663702412257065,-0.9676368631911897,0.8216266243269363,-1.0765501403912918,2.3367101493788764,-1.2978804766810503,-1.4704285383147746,3.8786633959819783,-1.0263108285330398,-1.1990585447862956,-2.507027867428636,-1.2279306821112639,-1.0451497247534458,3.082938139733673,-2.446813093981433,-0.9981467469309481,0.9979537833748633,0.8274706956797339,0.8445865525059431,0.0,0.0,18.0
2011-11-02 01:00:00,1.13958538351487,-1.3506442806234331,-1.9615610950135096,-2.8515640495313304,-1.1898311597532472,0.8715571789473558,-0.8795834905293473,2.1796642550057497,-1.2159566263638337,-1.348451886536107,3.8657917005642024,-0.8265892410534387,-1.0677260613648825,-2.382158293285583,-1.163258582303107,-0.8786417899175795,3.27725605347437,-1.9099406751253698,0.3678930465174731,1.3639285779396655,1.1873030452467948,-0.2501719323160819,0.0,0.0,16.0
2011-11-02 05:00:00,1.1493018219159337,-0.7104717497137585,-1.832231772079331,-1.9290435760836488,-1.3401840797407631,0.8092825730241869,-0.22508238019440238,1.8086633637686527,-1.0367476664749775,-1.2158671574916573,3.70425724342743,-0.6015290289228605,-0.656392426360927,-1.1981566653357534,-1.1676211237383085,-0.5588828133972622,3.3880601243939257,-1.2375968543222047,1.367903580482612,0.36406684489904434,1.1873030452467948,-0.2501719323160819,0.0,0.0,15.0
2011-11-02 09:00:00,1.0800472185178593,-0.6904037380051148,-1.7058738211621907,-1.1991116728941142,-1.433693477833494,0.7288905051881156,-0.18156629680903977,1.5668503276321744,-0.7410701205749549,-1.0251890222878448,3.4979263834662255,-0.49068924550996545,-0.3653568736733527,-0.6040080598141412,-1.13597170556453,-0.4922985839299541,3.451935008259051,-0.9440603120672776,1.00187432099933,-1.0017696827063787,1.1873030452467948,-0.2501719323160819,0.0,0.0,14.0
2011-11-02 13:00:00,1.1394675503683862,-1.016761186805427,-1.6895464572604542,-0.914536134116075,-1.5050415266297148,0.6137190890287956,-0.09684413633147859,1.1814505182766213,-0.6119763934580191,-0.8183576958810834,3.263822638228993,-0.4981048314122812,-0.7037293442655761,-0.9997873537160349,-1.163205523638798,-0.6490826495322909,3.413768666031563,-1.0254857215151276,-0.36416547244909103,-1.3677444772711809,1.1873030452467948,-0.2501719323160819,0.0,0.0,13.0
2011-11-02 17:00:00,1.0952191441610932,-0.8855021790561837,-1.6314545977027062,-0.5732433329863945,-1.5498113635012678,0.5276234567995419,-0.2621994739129096,1.1882065740322256,-0.5889100480970527,-0.6649969672057203,2.956375962783484,-0.5233774412544068,-0.59135383638153,-0.5772440446496272,-1.1430172168469517,-0.5323435372317717,3.289136712683914,-1.139013308846799,-1.36417600641423,-0.3678827442305594,1.1873030452467948,-0.2501719323160819,0.0,0.0,12.0
2011-11-02 21:00:00,1.1144172617947155,-1.19342601341467,-1.6687051713770553,-0.5596157122221166,-1.5935199480068079,0.49287669167031534,-0.46393138564105807,1.432520856802275,-0.7734572460903154,-0.6760878469462974,2.611114194759602,-0.6443216380709492,-0.8857119344469506,-0.09549883711357887,-1.1518414652125308,-0.7212823069462543,3.183574794813196,-1.4719379354767754,-0.9981467469309481,0.9979537833748633,1.1873030452467948,-0.2501719323160819,0.0,0.0,12.0
2011-11-03 01:00:00,0.9908404534682101,-1.187317681892584,-1.6779307266314014,-0.472463460656269,-1.6304415419747162,0.46858516056708144,-0.5515155802757455,1.3828235657718422,-0.7438172965416975,-0.721236392169821,2.1678182345115133,-0.697154390647077,-0.6201556139873171,0.48235554449343965,-1.093213899618355,-0.673455718650798,3.058986040958737,-1.5676272209877125,0.3678930465174731,1.3639285779396655,0.17907520643152947,-1.128100072887392,0.0,0.0,10.0
2011-11-03 05:00:00,0.9941373419628993,-0.8572409638960756,-1.6052625222879557,-0.17992603924774464,-1.6445817542189083,0.3920957917834854,-0.3284278644783415,1.078044892346771,-0.5826032536102375,-0.7190766481947458,1.5045996688759233,-0.57657947643038,-0.1367896705781578,0.38300059302830697,-1.0948359173730404,-0.4513358416069973,2.8476905285967007,-1.254839399517986,1.367903580482612,0.36406684489904434,0.17907520643152947,-1.128100072887392,0.0,0.0,9.0
2011-11-03 09:00:00,1.082735310363272,-0.33692962757119743,-1.4224522705428058,0.3537771418182515,-1.6171597764482817,0.18719130544937684,0.6890440141610805,0.7027152979603619,0.07522969846177055,-0.42844619891449137,1.222972258033223,-0.06387746437429151,0.9691344651543125,0.665777910513074,-1.1372246655683256,0.006072803550527455,2.552120116809503,-0.3645902062855959,1.00187432099933,-1.0017696827063787,0.17907520643152947,-1.128100072887392,0.0,0.0,8.0
2011-11-03 13:00:00,1.2710575763319076,-0.27012623455043583,-1.2484822642595415,0.7566872462336571,-1.5583611329340559,0.06332353174624149,0.2556988697455082,1.09686708430213,0.6813074443203937,0.05958374708138041,0.8631553252067244,-0.21126566145495024,1.0887601848388562,0.804621623025124,-1.2202494508750739,0.16685343352509488,2.2028914905455506,-0.6547043318850552,-0.36416547244909103,-1.3677444772711809,0.17907520643152947,-1.128100072887392,0.0,0.0,7.0
2011-11-03 17:00:00,1.246448128380786,-0.004062071721083604,-1.0388774652315371,1.1759700731254308,-1.4669107962325805,-0.12175927640683117,0.7911042782087816,0.842099845471109,1.155591087590618,0.6548234942725161,0.40070217049200824,0.5699490388112538,1.200515347874687,0.890698404995339,-1.209907261136786,0.6425149275381214,1.7629419579557013,0.15463876539180402,-1.36417600641423,-0.3678827442305594,0.17907520643152947,-1.128100072887392,0.0,0.0,6.0
2011-11-03 21:00:00,1.134903595131509,-0.23435679467477158,-0.9154785026903788,1.2768484641758593,-1.3676045444720026,-0.2936218839775366,0.640572232883548,0.692064807136871,1.0682344816182414,0.9948751801371083,0.10646920602611162,0.6297762142469195,0.7228210423333876,0.07119376780630993,-1.1611475983986328,0.5024977513720589,1.2325061515866857,0.0314423480113194,-0.9981467469309481,0.9979537833748633,0.17907520643152947,-1.128100072887392,0.0,0.0,6.0
2011-11-04 01:00:00,0.9981850523295965,-0.054965761879910646,-0.7698628521710471,1.4179980918236053,-1.2573062509681117,-0.4512484286280887,0.526109365633245,0.6681138007401677,1.0517713158677264,1.1217394875487514,0.020871064264315273,0.7187088994284333,1.0423401269469568,0.2247036051473686,-1.0968228319288902,0.828947607480648,0.8850038850129042,0.016429958150094355,0.3678930465174731,1.3639285779396655,-1.4379966940383093,-1.1281000728873922,0.0,0.0,4.0
2011-11-04 05:00:00,0.91194879050417,-0.17683643357055073,-0.6734281795938162,1.3971067422345647,-1.1486348734581475,-0.5881169366611358,0.567625176304253,0.506764998940214,0.8926919777852517,1.0317104292622028,-0.07503994495796901,0.7932425126099815,0.7519702627374321,0.5652276462023085,-1.0533931631054458,0.7266472919380275,0.5849340649598163,0.02049643477392117,1.367903580482612,0.36406684489904434,-1.4379966940383093,-1.1281000728873922,0.0,0.0,3.0
2011-11-04 09:00:00,0.9000490127336453,-0.04848515910032276,-0.5645313661590544,1.414300515262217,-1.0386245291085634,-0.673769422077549,0.7451881726840778,0.2802107205123632,0.9342590667701832,0.9858309265082756,-0.07311483923769477,1.0255803990299583,0.8400249086078864,0.56295083989675,-1.0472138831752944,0.9159270567846021,0.25702796865500055,0.2005134436879131,1.00187432099933,-1.0017696827063787,-1.4379966940383093,-1.1281000728873922,0.0,0.0,2.0
2011-11-04 13:00:00,1.0108335983118266,-0.6232818868553732,-0.602447688916289,1.0286080037589147,-0.9586500286870117,-0.7480143670459097,0.37085496862745326,1.1015927853394618,0.47129172081142917,0.7870473272174087,-0.0981791465153778,0.12327381741413947,-0.2630571051007137,0.43780938242469547,-1.1029999289342869,-0.07148679172392372,-0.028840043934014833,-0.5238315403536761,-0.36416547244909103,-1.3677444772711809,-1.4379966940383093,-1.1281000728873922,0.0,0.0,1.0
2011-11-04 17:00:00,0.9603073093042696,-0.1986813720352242,-0.5392225888746893,0.9952384402948538,-0.8812741864459017,-0.8169561016593859,0.1854222386462606,0.8782166577752809,0.3719257671470278,0.6087124079172874,-0.26259827595664137,0.3451080484518428,0.4717949069471282,0.820811546176789,-1.0780340183252786,0.5322203302902849,-0.16185820205283952,-0.2659427728608847,-1.36417600641423,-0.3678827442305594,-1.4379966940383093,-1.1281000728873922,0.0,0.0,0.0
2011-11-06 22:00:00,0.9654695035610165,-0.436169646151826,-0.5405437497394214,0.7929260487216208,-0.8196534424676953,-0.9249509531786848,0.3501396764012684,0.6079321195990948,0.06967512648379884,0.3126380773070287,-0.35618150079835614,0.3484298406006193,-0.012210466414795245,0.29015005829778473,-1.0806206769044147,-0.013678168889729458,-0.2495380010223635,-0.2092516472586613,-0.7052504427905396,1.2226675799764488,-2.0863921832865144,0.8445865525059428,0.0,0.0,0.0
2011-11-07 02:00:00,0.8215997763568823,-0.39886385118687495,-0.5282474837798982,0.6681262772281115,-0.7677514935063351,-1.0210815686530141,0.25934606402195676,0.5521206547486556,0.18088055087876537,0.21318759166525914,-0.4112015634827098,0.05113757348208759,0.05050119325670222,-0.15998910883686052,-1.0052807272551045,0.0018716545494969399,-0.30878036203777187,-0.3680547401991792,0.708978016858921,1.2226675799764493,-0.6294607438033901,1.3317999135043364,0.0,0.0,28.0
2011-11-07 06:00:00,0.8483480764898045,-0.8257315829547925,-0.6198010065737223,0.28573312266332607,-0.7456284507127128,-1.0309393592264997,0.009053807680872529,1.0967392899732664,-0.2918850738567257,-0.01413255765062829,-0.44108628226495344,-0.7223318696245785,-0.8612298588902004,-0.7038263278390234,-1.0198165797574268,-1.0668318211543275,-0.30514362183646104,-0.7669467423920501,1.4160922466836512,-0.0019079496657575102,-0.6294607438033901,1.3317999135043364,0.0,0.0,27.0
2011-11-07 10:00:00,0.9524096935612288,-0.5263338897159403,-0.6278455873021733,0.2070287894611796,-0.7296345159468963,-1.0198511253231617,-0.28552960219890505,0.9169645818015716,-0.4213395935370119,-0.18227916294356325,-0.4710255335936835,-0.619496503003471,-0.3772244855282767,-0.7131953241995644,-1.0740605890493216,-0.5412734901572239,-0.3953515635406462,-0.6222625934336178,0.708978016858921,-1.2264834793079646,-0.6294607438033901,1.3317999135043364,0.0,0.0,26.0
2011-11-07 14:00:00,0.9896993139075346,-0.45640890053782585,-0.6137822720105018,0.2042162377708492,-0.7138596089326974,-1.0563259434105032,-0.14458507166081647,0.6094598686107292,-0.5434182333015026,-0.4303132377113229,-0.4728519922257869,-0.11899994462011397,-0.2937155637819418,-0.42037553659674404,-1.0926517088516328,-0.36911059709375504,-0.48477955840285747,-0.2942843356638268,-0.7052504427905385,-1.2264834793079649,-0.6294607438033901,1.3317999135043364,0.0,0.0,25.0
2011-11-07 18:00:00,0.9103818383909823,-0.16506191598013115,-0.5393359508781482,0.36625559965693,-0.6854658699768608,-1.0901954173487483,-0.2768880898944469,0.44388286951708433,-0.16830773492738274,-0.3879945267137734,-0.4798555905553127,-0.02148192920759637,0.19644345341555103,-0.3397987957498762,-1.0525821371138033,0.2185584002709288,-0.5086709273844804,-0.22495671736563153,-1.412364672615269,-0.0019079496657578563,-0.6294607438033901,1.3317999135043364,0.0,0.0,24.0
2011-11-07 22:00:00,0.8007477226654484,-0.3303049352855759,-0.5103475014587385,0.37220582301767574,-0.6566087567659635,-1.1216456431485469,-0.376548070248586,0.3191585760196336,-0.14633174674930927,-0.2938188656168678,-0.49568589575807603,-0.1408350481962716,-0.31526030081939427,-0.3805756094765127,-0.9937725637370195,-0.16840301490454548,-0.5971508307495764,-0.2763088254384252,-0.7052504427905396,1.2226675799764488,-0.6294607438033901,1.3317999135043364,0.0,0.0,24.0
2011-11-08 02:00:00,0.6901068882158147,-0.42502277095613367,-0.5022050632901345,0.3202484087243858,-0.6317978325270396,-1.148482679208084,-0.4684635360828347,0.22524582259994447,-0.22327328977415165,-0.1841861331123495,-0.4957469543551464,-0.2567537741050909,-0.5106623488432241,-0.5856174180129331,-0.929984088775532,-0.37838167309069054,-0.6339762266609302,-0.31354115469958427,0.708978016858921,1.2226675799764493,0.8274706956797339,0.8445865525059431,0.0,0.0,22.0
2011-11-08 06:00:00,0.6943685937155402,-0.25938972183187003,-0.46122569780849404,0.3680248198467557,-0.6032663153672945,-1.2128068696662475,-0.3710399906586565,0.0030219128771720033,-0.37431181173062283,-0.2547316478975309,-0.5943343449436163,-0.2028688311934802,-0.22942949467810142,0.1221905716172526,-0.9325297368730914,-0.15436002136056232,-0.633868689973781,-0.22479511558233625,1.4160922466836512,-0.0019079496657575102,0.8274706956797339,0.8445865525059431,0.0,0.0,21.0
2011-11-08 10:00:00,0.6304647737189912,0.02678760441367338,-0.37177094101623814,0.5381372482798046,-0.5614872753797956,-1.2955438501504135,-0.3341076988524178,-0.14100221488991058,-0.16446710597148165,-0.26094205048759384,-0.707296325848632,0.22874405717559507,0.27642440534613577,-0.030038624658115545,-0.8935690266038243,0.39450051271659364,-0.6316240034756151,0.04528404602695104,0.708978016858921,-1.2264834793079646,0.8274706956797339,0.8445865525059431,0.0,0.0,20.0
2011-11-08 14:00:00,0.6446680261764799,-0.06539295951402518,-0.31405896459071003,0.5878617911762405,-0.515835931509577,-1.322716729251566,0.08174021935360942,-0.34519183886327987,0.05833097668638519,-0.16450746408794492,-0.7581359647443152,0.546570595644657,0.11754610461651163,0.1507695256437167,-0.9023768476361647,0.12266642187711668,-0.614139395858644,0.21294887836892162,-0.7052504427905385,-1.2264834793079649,0.8274706956797339,0.8445865525059431,0.0,0.0,19.0
2011-11-08 18:00:00,0.6932076685621493,0.4349199844357942,-0.16787327678507336,0.8683597044619843,-0.44834078384666465,-1.3641902442584335,-0.1761041837324549,-0.450531457996415,0.6211212178995595,0.17637576792938198,-0.6850203418286153,0.8440150081470015,1.3574314999817025,0.5545522280505376,-0.9318370098132743,1.2881642225173986,-0.5867708172746127,0.3675580816294661,-1.412364672615269,-0.0019079496657578563,0.8274706956797339,0.8445865525059431,0.0,1.0,18.0
2011-11-08 22:00:00,0.6164458144123136,0.4892666486009773,-0.04010356609846287,1.0426520516468498,-0.36727260175409554,-1.3825571182138432,-0.1459363402587097,-0.5613596442235911,0.9826786706482606,0.5692126020401029,-0.6111311498203812,1.1937513005653526,1.2958831256300687,1.089648123169624,-0.8847900473751605,1.263052393450181,-0.5841419085977027,0.5698682096242212,-0.7052504427905396,1.2226675799764488,0.8274706956797339,0.8445865525059431,0.0,1.0,18.0
2011-11-09 02:00:00,0.4930874872237043,0.4641141846907295,0.056493380763937576,1.0972714241433508,-0.28195093042120467,-1.399612072601009,-0.22761396206237067,-0.6288010107570162,1.387077945514803,1.0242382519682895,-0.5821064235404966,1.0546081573009023,1.257802968650072,0.8155164939516615,-0.8036787187243642,1.1647013631083472,-0.6570669705303879,0.4799591328068127,0.708978016858921,1.2226675799764493,1.1873030452467948,-0.2501719323160819,0.0,1.0,16.0
2011-11-09 06:00:00,0.7465686716410735,-0.7981048118988835,-0.11780019828882744,0.40393102560126765,-0.2506232138022405,-1.3210749490578342,-0.6268099908154438,0.8577200817677263,0.46038981186327704,0.9691962355338002,-0.4871792118171531,-0.797799539828849,-1.2554873920299496,-0.36173814104194807,-0.9631239310236996,-1.4257953888242618,-0.7312460232182916,-0.4920027350957914,1.4160922466836512,-0.0019079496657575102,1.1873030452467948,-0.2501719323160819,0.0,1.0,15.0
2011-11-09 10:00:00,0.944699350569863,-1.3452041961418029,-0.42477009830675116,-0.5117255352679193,-0.29060234586112654,-1.1272713414610247,-0.9188113626970255,1.926471106238894,-0.4746301421422282,0.47014494492521625,-0.1408804365198848,-2.5457041781562344,-1.3405284280626784,-1.3816011982971297,-1.070162457749523,-2.2656266317387166,-0.4484886822380544,-1.6161171298746981,0.708978016858921,-1.2264834793079646,1.1873030452467948,-0.2501719323160819,0.0,0.0,14.0
2011-11-09 14:00:00,0.9310915132939444,-1.3923281710392743,-0.6776094920806841,-1.0969731113134722,-0.3761576929853473,-0.9218450046441377,-1.051906516853668,2.0254076834911987,-1.326398340815289,-0.4590773522595753,0.13563970801496217,-2.675094615842395,-1.1438693276787983,-1.3014636759502942,-1.0632366885730102,-1.8886178247782484,-0.11384091386648872,-1.959143714122014,-0.7052504427905385,-1.2264834793079649,1.1873030452467948,-0.2501719323160819,0.0,0.0,13.0
2011-11-09 18:00:00,0.962644299345952,-1.6991351750229986,-0.9874565824851831,-1.7202770720473033,-0.5102529000393238,-0.706333486688048,-1.2000712314472926,2.062532754153402,-1.4199005818782315,-1.1029774916671085,0.523323831605804,-2.3649197648703684,-1.5191292400765999,-1.7466123144561365,-1.0792060592567128,-2.032578710712818,0.22058722630489785,-2.201071325409464,-1.412364672615269,-0.0019079496657578563,1.1873030452467948,-0.2501719323160819,1.0,0.0,12.0
2011-11-09 22:00:00,0.8426488554524098,-1.6696045387440357,-1.2142435531639038,-1.9929312009589057,-0.6655810753726245,-0.4993531344131993,-1.2600533820882207,2.0138811251330697,-1.4457825945654459,-1.4355459085364675,0.8364413235872362,-1.9298945437831425,-1.4135061618416012,-1.852838574209881,-1.016740492195154,-1.6612753208167745,0.5258512388056727,-2.248083992385711,-0.7052504427905396,1.2226675799764488,1.1873030452467948,-0.2501719323160819,1.0,0.0,12.0
2011-11-10 02:00:00,0.7059738661506396,-1.6635286396156568,-1.3773340788775288,-2.03774993294229,-0.8243995140601664,-0.3302035162453891,-1.163615269214257,1.875544920532485,-1.5396780229998213,-1.5085829338536825,1.0512402622045844,-1.460448035409308,-1.4086198191553263,-2.078534231011201,-0.9394247771076738,-1.4258748821634006,0.7352998658749652,-1.9702490056849782,0.708978016858921,1.2226675799764493,0.17907520643152947,-1.128100072887392,1.0,0.0,10.0
2011-11-10 06:00:00,0.908582339577001,-1.0004075197965525,-1.3805113532420357,-1.6385147426048687,-0.9521274713151942,-0.2974448838079442,-0.6074025349475992,1.2597963369923653,-1.2276982679476212,-1.442763793817495,1.1275824537973773,-1.0760869184501196,-0.6394613493387187,-1.5186573084600983,-1.0516497580712105,-0.88276371408833,0.8543720757687543,-1.5791265231754377,1.4160922466836512,-0.0019079496657575102,0.17907520643152947,-1.128100072887392,1.0,0.0,9.0
2011-11-10 10:00:00,0.9868784580231011,-0.611116053947688,-1.29365930121946,-1.0741758115494395,-1.0359074763799487,-0.3374885199694799,-0.3236702342085149,0.8760886501188542,-0.8287959931827718,-1.2314784732280737,1.1365303900498769,-0.6469714660103565,-0.28874881149934706,-1.6189626207188264,-1.0912602951466184,-0.5342625510668129,0.8564692301779179,-0.9278844719394371,0.708978016858921,-1.2264834793079646,0.17907520643152947,-1.128100072887392,0.0,0.0,8.0
2011-11-10 14:00:00,1.0526380682307366,-0.8116358109797458,-1.2656068255326216,-0.7826858927532607,-1.0969876740944584,-0.36718099823134437,-0.554507011563751,0.6196447797486136,-0.5235615148895022,-0.8835122423712477,1.1929418099986826,-0.6621482386123246,-0.5479711220762737,-1.9123796144128562,-1.1230796395266351,-0.704320903527334,0.9139881463143837,-1.006670816032359,-0.7052504427905385,-1.2264834793079649,0.17907520643152947,-1.128100072887392,0.0,0.0,7.0
2011-11-10 18:00:00,0.9988101125507566,-0.8276865832782372,-1.2337362989936909,-0.5391058478948404,-1.1390990508099947,-0.3947525851887893,-0.6855463846261276,0.4263146659204744,-0.4984305421630291,-0.6337765675727792,1.2330115978117857,-0.5687956644165214,-0.5686012713609382,-1.9151755393743177,-1.097129216928906,-0.6644413286578753,0.9393160477936592,-0.8696255541269065,-1.412364672615269,-0.0019079496657578563,0.17907520643152947,-1.128100072887392,0.0,0.0,6.0
2011-11-10 22:00:00,0.8841222239552661,-0.9414237893632562,-1.2247179966945694,-0.40641788672907586,-1.1708773389281661,-0.42035477307784536,-0.7682848526110585,0.3042457254205959,-0.6479439242065878,-0.5718442868923547,1.2741839475689736,-0.5786659388898182,-0.7103214273164788,-0.9474522795366104,-1.0388701580935862,-0.7151579843424359,0.9594058627545331,-0.9216075511235821,-0.7052504427905396,1.2226675799764488,0.17907520643152947,-1.128100072887392,1.0,0.0,6.0
2011-11-11 02:00:00,0.7867796874993225,-0.6077527988641335,-1.1468846035109224,-0.11303619239606133,-1.179808497481955,-0.48430383476160704,-0.5986660425597772,0.1735679786936281,-0.6094521811698362,-0.6012573031880257,1.2391062982744683,-0.41423611391968246,-0.43943859757865594,0.08079205308342535,-0.9859754177275871,-0.44608618024513175,0.960508446202504,-0.6240304376388678,0.708978016858921,1.2226675799764493,-1.4379966940383093,-1.1281000728873922,0.0,0.0,4.0
2011-11-11 06:00:00,0.7724577680988647,-0.4821479765531352,-1.0509407979962981,0.17094376927506544,-1.1666246873675752,-0.6135624356279343,-0.2685300218759527,-0.02768008844553786,-0.5084346535669881,-0.6046831829080405,1.2053476422146967,-0.27530096805491383,-0.2837690859549176,0.2577983957107379,-0.9779060241055529,-0.31904076935008174,0.9669237848269796,-0.3820821112600873,1.4160922466836512,-0.0019079496657575102,-1.4379966940383093,-1.1281000728873922,0.0,0.0,3.0
2011-11-11 10:00:00,0.7171796397377832,-0.2678634065286184,-0.9260468424329779,0.4768949812979279,-1.129614895208345,-0.7335882792895239,-0.410596891873227,-0.17937071659219558,-0.28100931052678274,-0.4790274598940365,1.1675754541912897,-0.179661314735201,-0.0690658055244726,0.9744365853390655,-0.9460313673003307,-0.13727779195183537,0.9606963103789616,-0.23529184224736432,0.708978016858921,-1.2264834793079646,-1.4379966940383093,-1.1281000728873922,0.0,0.0,2.0
2011-11-11 14:00:00,0.9559167742598903,0.5216218589669543,-0.6477739611552397,1.1389676071369328,-1.0410461293443505,-0.6817912520499286,1.0066248611762458,-0.5514929561833788,0.2757548350249963,-0.17589081513450477,1.1494481530502434,0.3955966791997803,1.1304310289747233,1.7255456967719642,-1.0758274756429584,0.5523052842825014,0.9400795830922439,0.6949630984172324,-0.7052504427905385,-1.2264834793079649,-1.4379966940383093,-1.1281000728873922,0.0,0.0,1.0
2011-11-11 18:00:00,0.8480802928238436,0.5516811091936041,-0.4150117937229314,1.5448006693802006,-0.920873072095845,-0.6336940124703048,0.8539672905180923,-0.640661532517357,0.7926005427133704,0.2696450164835325,1.09299388228953,0.5757869742850947,1.1735452626735294,1.7555323563296195,-1.019672299648504,0.6112851310683455,0.9309822239485519,0.8914616029065853,-1.412364672615269,-0.0019079496657578563,-1.4379966940383093,-1.1281000728873922,0.0,0.0,0.0
2011-11-13 22:00:00,0.8098105061361642,0.6237843804024631,-0.21074406477186003,1.7919397713967722,-0.7814540319068066,-0.5487097046756971,1.1106833460391519,-0.7715699611343045,1.221042425788427,0.7840183949945821,1.0614794330927169,0.734188835118171,1.1389823497968257,1.3325130377819303,-0.9987935165426977,0.6997604368242865,0.9453540751992677,1.032193786373418,-0.7052504427905396,1.2226675799764488,-2.0863921832865144,0.8445865525059428,0.0,0.0,0.0
2011-11-14 02:00:00,0.6868439050586994,0.5147499352727779,-0.06623517391945262,1.8270598783449246,-0.6393000097837942,-0.4868232215952005,0.9801429683864095,-0.7269049068107916,1.1897537311829554,1.0970147378006323,0.9047694710530167,0.6722649668273021,1.0422084454839085,0.9151952529528223,-0.928030023038063,0.7033952561223932,0.949165385726598,0.774432616248256,0.708978016858921,1.2226675799764493,-0.6294607438033901,1.3317999135043364,0.0,0.0,28.0
2011-11-14 06:00:00,0.7490995393271132,-0.04310607780158176,-0.05135243221951748,1.5024705950343733,-0.5224234114205226,-0.5532363432819053,0.6290787710237804,-0.0434333479571148,0.9518503386977203,1.1515493810537434,0.6526039755778188,0.48630911038300106,0.5027454044203641,0.7164039095684391,-0.9645802355249412,0.36685914400535996,0.9239613335710598,0.3013043858238893,1.4160922466836512,-0.0019079496657575102,-0.6294607438033901,1.3317999135043364,0.0,0.0,27.0
2011-11-14 10:00:00,0.8043832777220119,-0.4900196867156782,-0.13461211594248942,0.9757743609817598,-0.44656333635407786,-0.6909344880551304,0.3185204048411014,0.4689349599290188,0.5418182566383938,0.9189509810085226,0.3279825954808788,0.16698635582019758,-0.01715695385651213,0.30468172854720627,-0.995790302727498,-0.0104465483424588,0.8629996698641408,-0.28057216359494014,0.708978016858921,-1.2264834793079646,-0.6294607438033901,1.3317999135043364,0.0,0.0,26.0
2011-11-14 14:00:00,0.7954322542625956,-0.7193882352578835,-0.25361281124563345,0.4571736313672883,-0.41108934634526517,-0.7529630403085519,0.09796709849780795,0.8905004627851625,-0.11631300558553634,0.47169211254866167,0.2941801434226818,-0.21911204139630117,-0.8134790787668781,0.19042159999803981,-0.9908138136621626,-0.28717900838179017,0.7838983109921925,-0.7501080079704797,-0.7052504427905385,-1.2264834793079649,-0.6294607438033901,1.3317999135043364,0.0,0.0,25.0
2011-11-14 18:00:00,0.6832772974866889,-0.5739274610956885,-0.3186660992489255,0.18907254677738244,-0.39649375582181495,-0.8105609816867289,-0.009616581577518539,0.7566698129095617,-0.5213636589725499,-0.03280586373968837,0.28764925210310177,-0.14878983328518156,-0.6393481068952575,0.04742781757603645,-0.925889164714981,-0.14714527911629355,0.6552789547653659,-0.6232186030382193,-1.412364672615269,-0.0019079496657578563,-0.6294607438033901,1.3317999135043364,0.0,1.0,24.0
2011-11-14 22:00:00,0.5661924516733893,-0.6462449403916469,-0.3824238741161035,-0.021883503322836964,-0.3983263893564047,-0.8640447843950363,-0.1044130710119799,0.6387460183520897,-0.8814169085983427,-0.5201887298947885,0.27724901765191556,-0.20696256022979956,-1.0323743758929087,-0.12574580383131218,-0.8526033627509481,-0.25489085286093993,0.4507651471283562,-0.6155353898071176,-0.7052504427905396,1.2226675799764488,-0.6294607438033901,1.3317999135043364,0.0,1.0,24.0
2011-11-15 02:00:00,0.49376861641370584,-0.7755258093956993,-0.45689713504620966,-0.219802917379209,-0.41557201757879497,-0.887180073705912,-0.23531244507025012,0.7442120407167416,-1.0425544731979788,-0.8373775067485196,0.1805334520294027,-0.37568206001604065,-1.2678276038700018,-0.42618111307319195,-0.8041465665305877,-0.48683202247744506,0.20999557045810693,-0.6992864401388879,0.708978016858921,1.2226675799764493,0.8274706956797339,0.8445865525059431,0.0,1.0,22.0
2011-11-15 06:00:00,0.5593994502040109,-1.2459035436261212,-0.6291364332336553,-0.644139183340375,-0.4658628760747437,-0.8260543384978413,-0.48257287825826883,1.3319654848412714,-1.3804592016020796,-1.1315723510687163,0.17856168041136997,-0.9039558034199189,-1.5921148646480394,-1.7186697575619883,-0.8481643382698456,-1.2374918539605584,0.15841758477868037,-1.1360402574027706,1.4160922466836512,-0.0019079496657575102,0.8274706956797339,0.8445865525059431,0.0,0.0,21.0
2011-11-15 10:00:00,0.5430122561306302,-1.2974414692082976,-0.7716350360940442,-0.9026900467202679,-0.5362884095989113,-0.7391618829387164,-0.641550664134785,1.444842449898229,-1.5156712167210316,-1.3487709491040856,0.19503241361768373,-1.1942170318449672,-1.4136224095103649,-1.8171245541417669,-0.8373670808041506,-1.3125988474002899,0.22383317166058142,-1.3358337784389718,0.708978016858921,-1.2264834793079646,0.8274706956797339,0.8445865525059431,0.0,0.0,20.0
2011-11-15 14:00:00,0.586503333783207,-1.2308186314183789,-0.865426922790321,-0.977010051829061,-0.6125016211505253,-0.6396075906042004,-0.8342534189132929,1.3243411088401038,-1.4944774183687533,-1.5035306864114115,0.28493644740308843,-1.1846202826858148,-1.2080689060975986,-1.8522607754769966,-0.86574932156796,-1.1614326643231585,0.2773165786829642,-1.2582692809625462,-0.7052504427905385,-1.2264834793079649,0.8274706956797339,0.8445865525059431,0.0,0.0,19.0
2011-11-15 18:00:00,0.48295920919139,-1.2590209411333104,-0.936221367806979,-0.973894875217971,-0.6884722380037505,-0.5471643191507211,-0.9089639566593906,1.1735397389428908,-1.3723086828635556,-1.5007395642690833,0.3861056266977711,-1.0627408997192243,-1.2476440708364676,-1.8053103429099913,-0.796694434663141,-1.0873222034922392,0.2964394955157358,-1.1268402822891659,-1.412364672615269,-0.0019079496657578563,0.8274706956797339,0.8445865525059431,0.0,0.0,18.0
2011-11-15 22:00:00,0.4376280236927251,-1.5704846501873417,-1.0633110283284337,-1.124570123191889,-0.7761767052610778,-0.420794240846989,-1.019591918114403,1.4980289983172954,-1.4630846980728878,-1.4827314593501832,0.5608005606587315,-1.266070933799108,-1.6695773057356733,-1.736605911620323,-0.7647910054840397,-1.3665639089400075,0.337006188889226,-1.373137162092619,-0.7052504427905396,1.2226675799764488,0.8274706956797339,0.8445865525059431,0.0,0.0,18.0
2011-11-16 02:00:00,0.4400390480732557,-1.8853917915040594,-1.252121409123168,-1.4130393631939602,-0.8863457441974595,-0.24399371406742654,-1.1548677479542975,2.138223042305084,-1.6155920301733997,-1.5242068163933689,0.8446167985698938,-1.5439137891799886,-1.6380833572868192,-1.7693982850080379,-0.7665148721049329,-1.5960433949022992,0.4847897276883641,-1.8189130426425775,0.708978016858921,1.2226675799764493,1.1873030452467948,-0.2501719323160819,1.0,0.0,16.0
2011-11-16 06:00:00,0.6158760651629627,-0.7135714808166036,-1.2045877167469936,-1.0007724587816802,-0.964409455629928,-0.198628518024991,-0.6123433224257482,1.500983519775058,-1.4066882209902545,-1.5359799922103758,0.8932110859475632,-1.0255621360450387,-0.6586123461320911,-0.7031651129488925,-0.8844314448882442,-0.7340809482745356,0.5543281170921944,-1.1713717502282506,1.4160922466836512,-0.0019079496657575102,1.1873030452467948,-0.2501719323160819,0.0,0.0,15.0
2011-11-16 10:00:00,0.7314926961918874,-1.1027987555479724,-1.2670545250494598,-0.9702470604587236,-1.0400959985342968,-0.18037446662145717,-0.6975331551369703,1.0360987008962352,-1.251203260960004,-1.4634217919722854,1.035464533490237,-0.9556349969375567,-1.231167041555584,-1.3295130559850985,-0.9543978149372692,-1.1136079109940948,0.6450404939952986,-1.162028070920826,0.708978016858921,-1.2264834793079646,1.1873030452467948,-0.2501719323160819,0.0,0.0,14.0
2011-11-16 14:00:00,0.7334295387640486,-0.6749152820371319,-1.2188876525252395,-0.6448158671672813,-1.0904395538527336,-0.16342427603246124,-0.8555785001076885,0.7577282664038122,-0.8976886665719482,-1.2175778109347157,1.0856172540373858,-0.7544523127378661,-0.6413025323952602,-0.882181814038234,-0.9555238064437964,-0.7068413434255562,0.7061892142968376,-0.9102927819303686,-0.7052504427905385,-1.2264834793079649,1.1873030452467948,-0.2501719323160819,0.0,0.0,13.0
2011-11-16 18:00:00,0.8346524640781098,-1.0372392936674875,-1.2784304948182996,-0.6775262933310414,-1.1433304369666848,-0.12119634119850431,-1.062955176041171,0.6743067462177826,-1.0918431645985416,-1.1097600098242206,1.1990553641263788,-0.8173577084201205,-1.2060564510476457,-1.255756052892185,-1.0124054027936973,-1.045679012535634,0.7889089499700159,-1.0763002626455282,-1.412364672615269,-0.0019079496657578563,1.1873030452467948,-0.2501719323160819,0.0,0.0,12.0
2011-11-16 22:00:00,0.7550469717048104,-1.0830093190859542,-1.3256122781543895,-0.6700628040614668,-1.1956401000875752,-0.04288503318642412,-1.1486702880215838,0.9662003696781837,-1.080107291829413,-1.0511686780055036,1.1535362170562817,-1.0051913222383764,-1.1980762070459534,-0.7884628277046589,-0.9679928505448814,-1.0118202761661288,0.9224661274140873,-1.437125613350704,-0.7052504427905396,1.2226675799764488,1.1873030452467948,-0.2501719323160819,0.0,0.0,12.0
2011-11-17 02:00:00,0.7515137687445315,-0.6059281772055094,-1.2532892780302802,-0.3389447417297884,-1.2221639101122181,-0.0834435628674133,-0.5727234832467153,0.6992893224068352,-1.0033359713229737,-1.087347299394859,0.9704372023324497,-0.6785243759933611,-0.42483571207943016,-0.2932271152791907,-0.9659671394866814,-0.5753710352620099,0.9831131031711653,-0.8837725513339759,0.708978016858921,1.2226675799764493,0.17907520643152947,-1.128100072887392,0.0,0.0,10.0
2011-11-17 06:00:00,0.7927372054821349,-0.8975543177114735,-1.2691664215040923,-0.3140242506877445,-1.2467470343386555,-0.10643012964777734,-0.7674884092563877,0.5502247770221008,-0.9704450332925956,-1.0457748518985077,0.7493647895339404,-0.7716436803374254,-1.1133161318024696,-0.7293695320341438,-0.9893097253713964,-0.9019633796211,1.0475404331479283,-1.000055812138001,1.4160922466836512,-0.0019079496657575102,0.17907520643152947,-1.128100072887392,0.0,0.0,9.0
2011-11-17 10:00:00,0.8313317441309835,-0.4905034912626573,-1.1805099933153456,-0.009674091634409044,-1.2476288586846058,-0.1282556790699498,-0.941022531544498,0.26965280749923476,-0.6465546615831662,-0.8973059770985022,0.40608775883856424,-0.6149902483332459,-0.28482476845734955,-0.3026510990529813,-1.01059853732671,-0.44108828365895764,1.076627380529569,-0.7555573837553926,0.708978016858921,-1.2264834793079646,0.17907520643152947,-1.128100072887392,0.0,0.0,8.0
2011-11-17 14:00:00,0.8659069975920254,-0.7093217083298703,-1.161204229724279,0.04511752727204028,-1.2442437800833772,-0.20118015055235744,-0.7936396628375875,0.016483060743837673,-0.7070126639683882,-0.7958308966798607,0.184561440660901,-0.54609872799877,-0.5953049895732063,-0.21827078250201556,-1.0292231745746245,-0.7559065374512788,0.9902107364366137,-0.6596970892816044,-0.7052504427905385,-1.2264834793079649,0.17907520643152947,-1.128100072887392,0.0,0.0,7.0
2011-11-17 18:00:00,0.749980663005477,-0.7955079779640678,-1.1585155898152943,0.04373913915522961,-1.2409660435982488,-0.2503906235727752,-0.8683441303796746,0.0704202627908424,-0.6290606041854472,-0.6789247622735421,0.07258686021094014,-0.8095050802691446,-0.8935200620335845,0.12785134211333427,-0.9650866734662127,-0.8561915187094115,0.8513387564463487,-0.8990282937911911,-1.412364672615269,-0.0019079496657578563,0.17907520643152947,-1.128100072887392,0.0,0.0,6.0
2011-11-17 22:00:00,0.61708413234593,-0.7584208324475057,-1.136224071459927,0.09597171988937041,-1.2336206895263178,-0.2938886414750402,-0.9259338476541468,0.006470797311634653,-0.7762537202669704,-0.723339838926329,-0.010589880728716614,-0.8019221520256347,-0.6998550896809334,-0.6660487811991221,-0.8851916382833955,-0.7446999258680229,0.610442089592744,-0.8517599875096067,-0.7052504427905396,1.2226675799764488,0.17907520643152947,-1.128100072887392,0.0,0.0,6.0
2011-11-18 02:00:00,0.5463909398536955,-0.6248819927332566,-1.0810863143047886,0.22712546162207764,-1.2160617243528722,-0.4135104030678966,-0.5288872600223596,-0.12959919488073313,-0.6965968548671706,-0.719772974491644,-0.18812800402412425,-0.502149558252894,-0.3707019964805659,-0.03733445166476382,-0.8396035780982445,-0.5180522243002396,0.31632060475036766,-0.5740729793509417,0.708978016858921,1.2226675799764493,-1.4379966940383093,-1.1281000728873922,0.0,0.0,4.0
2011-11-18 06:00:00,0.5855374525663124,-0.04590521249532768,-0.906659649116522,0.6566083744899701,-1.1650567332496582,-0.5154340261285917,-0.03202448350257701,-0.35691719472428046,0.044324634030289405,-0.48917409986818755,-0.3841427760943459,0.27273585965460667,1.1956053789160912,0.12787711319888,-0.8651284247200252,0.5949384290442825,0.0352978178089284,-0.10192108325562209,1.4160922466836512,-0.0019079496657575102,-1.4379966940383093,-1.1281000728873922,0.0,0.0,3.0
2011-11-18 10:00:00,0.711843221235568,0.283825207720874,-0.6803969246605314,1.1412296719038613,-1.0763118088597186,-0.5016085488161443,0.6188078008627915,-0.6311654388529567,0.6677974565284135,0.005337150705157272,-0.4723603546199377,1.3483299469390622,1.0581084121737052,1.000092017544973,-0.9428913980162886,1.482670176088838,-0.13482306014023496,0.41934513509137183,0.708978016858921,-1.2264834793079646,-1.4379966940383093,-1.1281000728873922,0.0,0.0,2.0
2011-11-18 14:00:00,0.7918824426839675,-0.2561983745004766,-0.622019596481079,1.0721460116451753,-0.9929467816044668,-0.5225878394800654,0.28242931791198184,-0.6273732362824357,0.7613132729490724,0.5045943599474795,-0.506226650459932,0.6800988626626759,-0.10702187093002251,0.48986690620173673,-0.9888321323317187,0.23722463283656667,-0.2380873752837971,-0.002134858955484195,-0.7052504427905385,-1.2264834793079649,-1.4379966940383093,-1.1281000728873922,0.0,0.0,1.0
2011-11-18 18:00:00,0.6673557196062296,-0.1576968921027445,-0.5465455401852872,1.063395669031407,-0.9102631881785614,-0.542068609382278,0.18129810864981652,-0.6975047836539618,0.3739547597079585,0.6174752663134526,-0.5210008002914998,0.5371383517168897,0.10339718019768797,0.16163566207990532,-0.9162684973987818,0.4969526214716212,-0.37710453758000667,-0.08919059099726215,-1.412364672615269,-0.0019079496657578563,-1.4379966940383093,-1.1281000728873922,0.0,0.0,0.0
2011-11-20 22:00:00,0.5548800935305492,-0.1852152528909199,-0.4877919631542795,1.010902502991318,-0.8316675054469111,-0.5667654483327192,0.07601818222769846,-0.7294042830892715,0.014390998080365733,0.39371806844398377,-0.5474627049047672,0.5157601170183489,0.044271165831230135,0.5294608233532224,-0.8451991836829001,0.4625738261333252,-0.5367562974909713,-0.11028487599842919,-0.7052504427905396,1.2226675799764488,-2.0863921832865144,0.8445865525059428,0.0,0.0,0.0
2011-11-21 02:00:00,0.43118482123159313,-0.17511480448772054,-0.434314573902391,0.9545525777845771,-0.7574600789255489,-0.5870409164032191,0.013929758368749474,-0.7895860766100907,0.07483224789083476,0.15863457857088023,-0.568011113846193,0.637584673319262,0.06340017047917205,0.14096735643272987,-0.7601689731642567,0.5132139117896811,-0.6949963956746803,-0.06676149715701674,0.708978016858921,1.2226675799764493,-0.6294607438033901,1.3317999135043364,0.0,0.0,28.0
2011-11-21 06:00:00,0.5098080199897556,-0.7144201069654804,-0.5154359336404188,0.5432578750330739,-0.7152822696039619,-0.680715687792356,-0.2703376381661159,0.20967832223255337,-0.44060183543108766,-0.12030802886418251,-0.5373407167871077,-0.5970854742427845,-1.3499369081451433,-0.153024341818022,-0.8150969404185332,-0.8463212171812046,-0.7461961473453815,-0.6188352184314887,1.4160922466836512,-0.0019079496657575102,-0.6294607438033901,1.3317999135043364,0.0,0.0,27.0
2011-11-21 10:00:00,0.45719329947571996,-0.586050356902614,-0.5491491450192982,0.3432096697466332,-0.6886832348057561,-0.7526058250911152,-0.4103574764573366,0.17679884474181193,-0.819009722794705,-0.40570375398193187,-0.5779197737058542,-0.950054836756338,-1.0226995677666437,0.07410393312035063,-0.778691572414723,-0.6357381255708,-0.7447366459748852,-0.7234181753227967,0.708978016858921,-1.2264834793079646,-0.6294607438033901,1.3317999135043364,0.0,0.0,26.0
2011-11-21 14:00:00,0.5765692192049843,-0.21829617386866232,-0.4972054216827896,0.4162255302135076,-0.6563980823779753,-0.8198363803617137,0.29693547411795346,-0.155516125838114,-0.9557384573132637,-0.7586197838457022,-0.6117108016249577,-0.032130993786329755,-0.32212445267169837,0.37212309554594636,-0.8593431552584285,0.22287118878147763,-0.7725339520799239,-0.26971105155321484,-0.7052504427905385,-1.2264834793079649,-0.6294607438033901,1.3317999135043364,0.0,0.0,25.0
2011-11-21 18:00:00,0.48541309917725173,-0.3667833884946251,-0.48443989730443915,0.36804261545039696,-0.6278651793837696,-0.8822647531129838,0.16766402908321915,-0.26388408916717376,-0.7060434103219,-0.8495195021262638,-0.6166802894020824,0.0450599186822499,-0.6458889314492264,0.10506359181350466,-0.79839133315227,-0.18063286043648324,-0.8086150063364645,-0.2145062511851915,-1.412364672615269,-0.0019079496657578563,-0.6294607438033901,1.3317999135043364,0.0,0.0,24.0
2011-11-21 22:00:00,0.3805676117452963,-0.3315751721739722,-0.4625013888844691,0.3544540354631409,-0.6003904884510582,-0.9562014852510031,0.06214759114020121,-0.23434010203413935,-0.5496996157585186,-0.7572950159290018,-0.6323144157530146,-0.07359632107570714,-0.5818677068322226,-0.40746731001103675,-0.7230726042972347,-0.07062863242626606,-0.8125909056707185,-0.25882813142218325,-0.7052504427905396,1.2226675799764488,-0.6294607438033901,1.3317999135043364,0.0,0.0,24.0
2011-11-22 02:00:00,0.3119337004195338,-0.34739730646687805,-0.4434407451154905,0.33575310969470284,-0.5743721340323777,-1.0492685291754598,-0.07550453996944871,-0.173502770268216,-0.6528475964040666,-0.6535708953283457,-0.6522634636962219,-0.18999333122664525,-0.6129637302176383,-0.7813323782136563,-0.6704354057855555,-0.14230050954840073,-0.8385946267281819,-0.2878048635447187,0.708978016858921,1.2226675799764493,0.8274706956797339,0.8445865525059431,0.0,0.0,22.0
2011-11-22 06:00:00,0.36530209395167,-0.043406357141065215,-0.3700402487417436,0.46863962895389283,-0.5380052282844231,-1.0428049895592677,0.4715837079741037,-0.4133592940597101,-0.45693130612132377,-0.5682631582060623,-0.6778183325663811,0.477290883896503,-0.0934772218965502,0.03588062938586577,-0.7116035122130872,0.45414273802689786,-0.8306852971680345,0.043451606331484934,1.4160922466836512,-0.0019079496657575102,0.8274706956797339,0.8445865525059431,0.0,1.0,21.0
2011-11-22 10:00:00,0.44294980587897276,-0.272046236646804,-0.3509727279199268,0.4271202954953291,-0.5048716448918773,-1.0145433411494995,0.3507981085816352,-0.6504141188198749,-0.4296846697243804,-0.5271643786028768,-0.678961691202783,0.37901384627871443,-0.5050422372917681,-0.2616677155904644,-0.7685919397614692,-0.07065928782283092,-0.8235234648233306,0.018181980650625186,0.708978016858921,-1.2264834793079646,0.8274706956797339,0.8445865525059431,0.0,1.0,20.0
2011-11-22 14:00:00,0.43077721315478257,-0.00953073786837443,-0.2859816081329734,0.5188532403469038,-0.4645943490018252,-0.9883003819118578,0.13283814000618852,-0.7968271697559268,-0.23247092056558427,-0.38320757220902074,-0.7035205911081878,0.3161894128402673,-0.05689366497253625,-0.021774659981590117,-0.7598758296201066,0.45341379138058374,-0.8211047848441203,0.010666455284881382,-0.7052504427905385,-1.2264834793079649,0.8274706956797339,0.8445865525059431,0.0,1.0,19.0
2011-11-22 18:00:00,0.3108963026025394,-0.18058417540950208,-0.262380976963695,0.4796248202648259,-0.4273719703528057,-0.9639319197626192,0.04801288600981408,-0.8538079278061635,-0.2425380256992161,-0.30978919831777396,-0.7035803072480108,0.18230029136942782,-0.12186274690363542,-0.16969150414379255,-0.6696181948754681,0.05914697674146036,-0.8187101754935451,-0.03379136617356443,-1.412364672615269,-0.0019079496657578563,0.8274706956797339,0.8445865525059431,0.0,1.0,18.0
2011-11-22 22:00:00,0.32046579413446064,-0.5338612198958808,-0.3084714779603876,0.2586272355319568,-0.4073598013021953,-1.0343706206125716,-0.17210769808853288,-0.4237889308691292,-0.33345350309417365,-0.27683510685680474,-0.7003369838342718,-0.38680010201692017,-0.7613903654645992,0.10610100267061957,-0.6771315961783919,-0.8100717406322212,-0.8682304570232243,-0.262410252524906,-0.7052504427905396,1.2226675799764488,0.8274706956797339,0.8445865525059431,0.0,1.0,18.0
2011-11-23 02:00:00,0.21635509832493455,-0.5953853006774079,-0.35352493212612923,0.0846507531009298,-0.4008960686811101,-1.1432538687914082,-0.25998138896112166,-0.18869109156584624,-0.640026269515106,-0.4164012860376145,-0.7086517986964189,-1.0725227195770952,-0.9213158411809121,-0.060666107793492706,-0.5922630707814439,-0.9837427219548921,-0.8459772514129158,-0.5181494312203472,0.708978016858921,1.2226675799764493,1.1873030452467948,-0.2501719323160819,0.0,1.0,16.0
2011-11-23 06:00:00,0.19069832981602852,-0.7416860227636827,-0.4138618869513188,-0.0961136095634891,-0.4085093793595609,-1.2018043985144045,-0.4223245337772518,-0.0045746631499998065,-1.0570641456835994,-0.6953334573419598,-0.6792285927168294,-1.3180556066308635,-1.297755807097757,-0.5220502774593635,-0.5702385910828525,-1.2986531262093226,-0.8218662769640538,-0.588595465389613,1.4160922466836512,-0.0019079496657575102,1.1873030452467948,-0.2501719323160819,0.0,1.0,15.0
2011-11-23 10:00:00,0.2868147682106696,-1.2070951850997165,-0.5613603964050736,-0.4778732773302239,-0.44585226335631817,-1.1373816964618169,-0.6854120194283685,0.7625028017616183,-1.2694796722591122,-1.0158729776312179,-0.4707609966703779,-2.1068097509905757,-1.3603238385400984,-0.8486191317922664,-0.6504604828754265,-2.0367990550488613,-0.6865768118169842,-1.042070825763702,0.708978016858921,-1.2264834793079646,1.1873030452467948,-0.2501719323160819,0.0,1.0,14.0
2011-11-23 14:00:00,0.37480321429280433,-1.4111655681884185,-0.7248837100657921,-0.8268811186187657,-0.5103741688221312,-1.0108250925425686,-0.9115463117198072,1.1495901271822146,-1.3689531483907358,-1.2654919303675365,-0.2444979502401898,-2.2985575566113816,-1.2017943706881535,-1.1259499200254945,-0.718757417868365,-2.0030866937726954,-0.4698363033775592,-1.3834659660522037,-0.7052504427905385,-1.2264834793079649,1.1873030452467948,-0.2501719323160819,0.0,1.0,13.0
2011-11-23 18:00:00,0.3305691617585191,-1.5538551649661179,-0.8853202778789259,-1.0976890082603032,-0.5959852664945795,-0.88368201504458,-1.0215287063622283,1.0489140266823285,-1.4093015886477336,-1.386114648743419,-0.11267730524133623,-2.1288428355822115,-1.4115235332423521,-1.2959154313996226,-0.6850038102107726,-1.9576011252531762,-0.24022026189121112,-1.5430846525588613,-1.412364672615269,-0.0019079496657578563,1.1873030452467948,-0.2501719323160819,0.0,0.0,12.0
2011-11-23 22:00:00,0.2342588907164165,-1.2167338121272386,-0.9569530127304584,-1.0727188499184825,-0.6796518105227533,-0.7747849790908299,-1.032977459538403,0.9112546378065859,-1.3148677671643874,-1.4016576737645674,0.0075062230999347465,-1.5513547963104264,-1.0940552771564487,-1.3362332412754419,-0.6073632370842875,-1.4015524778687158,-0.09473882785868794,-1.2522834568951893,-0.7052504427905396,1.2226675799764488,1.1873030452467948,-0.2501719323160819,0.0,1.0,12.0
2011-11-24 02:00:00,0.14009342814683945,-1.2680571396847293,-1.0150055726945746,-1.015793936130774,-0.7588853210458684,-0.7186396509998725,-0.8215631810669288,0.7806550088512687,-1.3088953328316781,-1.3810910443015305,0.0925877759378969,-1.2237397813636908,-1.18495430774514,-1.20229322556632,-0.5254147918602066,-1.3101129914738314,0.015422964727188591,-1.0644816807054729,0.708978016858921,1.2226675799764493,0.17907520643152947,-1.128100072887392,0.0,1.0,10.0
2011-11-24 06:00:00,0.1492378007252987,-0.7456496674704558,-0.9781434391731764,-0.7120111744533838,-0.8144617178173967,-0.7437829407667519,-0.4702384088515785,0.5101098345585989,-1.0476238852858861,-1.2572355353916098,0.08451369031785891,-0.84900553008052,-0.6748343748891625,-1.0874630803373528,-0.5336541861205835,-0.7638011503978552,0.057913542206910945,-0.7579775393956737,1.4160922466836512,-0.0019079496657575102,0.17907520643152947,-1.128100072887392,0.0,1.0,9.0
2011-11-24 10:00:00,0.23569038121182986,-1.2168791797654979,-1.0500417686676766,-0.7648992097907188,-0.8741567757702399,-0.7133667390539116,-0.7212423583516518,0.6902335176245881,-1.183792982257259,-1.2123493451757623,0.16194017665596844,-1.0380508749280222,-1.478001928747503,-1.4598970327034988,-0.6085611924886163,-1.3305008393668305,0.06952026270429339,-1.0327107661128268,0.708978016858921,-1.2264834793079646,0.17907520643152947,-1.128100072887392,0.0,0.0,8.0
2011-11-24 14:00:00,0.17203908068011334,-1.1805368607680808,-1.0894996824314893,-0.7189461197577646,-0.9302732321192798,-0.6709063247348596,-0.8234190615807585,0.6746849977652233,-1.2590214363814511,-1.1952701700738801,0.2692030280621909,-1.0713694636594255,-1.397070813676196,-1.1321753499145537,-0.553928512013114,-1.1582163788093296,0.1416593950342714,-1.1631806676669378,-0.7052504427905385,-1.2264834793079649,0.17907520643152947,-1.128100072887392,0.0,0.0,7.0
2011-11-24 18:00:00,0.05738287481931518,-1.0776811321342128,-1.0944094504445834,-0.5881854412931111,-0.9762066872091565,-0.6314787971528826,-0.8759277072544371,0.585746142715794,-1.4635308940286895,-1.3376963515836269,0.3368292609911299,-0.893458834617741,-1.2514756483410034,-1.013505145792377,-0.4479294470242677,-0.9724634451395371,0.18727933187737783,-1.0100390425715646,-1.412364672615269,-0.0019079496657578563,0.17907520643152947,-1.128100072887392,0.0,1.0,6.0
2011-11-24 22:00:00,0.011833587559694133,-1.2474201776023413,-1.1254213090689507,-0.5545951731186112,-1.0195242967166087,-0.5657027907726031,-0.9823000725849849,0.7152348281864905,-1.4804328258837878,-1.439279828955372,0.37670285624932326,-0.8906789478924402,-1.5256591452931159,-1.0630734888948896,-0.40284336768035245,-1.079803185074243,0.2310070956546648,-1.0490001729630614,-0.7052504427905396,1.2226675799764488,0.17907520643152947,-1.128100072887392,0.0,0.0,6.0
2011-11-25 02:00:00,-0.05697536015202454,-1.4007046857060133,-1.1744539331642165,-0.5767536546149706,-1.0645675002453523,-0.4844928801248819,-1.0631823880813216,0.7914978267248459,-1.5742015634629996,-1.5472123740780765,0.4497366579721059,-0.9425570290070693,-1.6614640836486578,-0.7574017660542681,-0.3311906877756031,-1.1513923901538372,0.27319796864553614,-1.147059418953827,0.708978016858921,1.2226675799764493,-1.4379966940383093,-1.1281000728873922,0.0,0.0,4.0
2011-11-25 06:00:00,0.004752593476573417,-1.6609123723463715,-1.2695105029372462,-0.7197018736377255,-1.120742811005379,-0.33172346077981824,-1.2401683508085368,1.4241171234817491,-1.6517085475392088,-1.6116532805104598,0.5619041679510016,-1.1166707793726913,-1.4700167687042962,-0.8312328641896495,-0.39567114572580586,-1.343600916564453,0.40142249728090856,-1.403895723025509,1.4160922466836512,-0.0019079496657575102,-1.4379966940383093,-1.1281000728873922,0.0,0.0,3.0
2011-11-25 10:00:00,0.04881481707494716,-1.85698977954962,-1.3895390462997401,-0.9020039137692437,-1.191114911855548,-0.14093365799007465,-1.3874631437937812,1.821988152949726,-1.6065441354385845,-1.6548397425981682,0.7026503740797495,-1.3124675606941785,-1.3983121540682366,-0.9223270380181636,-0.43958465503733335,-1.4355572602287885,0.5859241587276537,-1.7091937214145856,0.708978016858921,-1.2264834793079646,-1.4379966940383093,-1.1281000728873922,0.0,0.0,2.0
2011-11-25 14:00:00,0.10772082607494347,-1.8219813059285757,-1.4639693634706963,-0.9237824048393737,-1.2631830149335563,-0.026427337751826773,-1.1749248646862074,1.3821488211449051,-1.492626428228118,-1.6269045677311582,0.7198427604112225,-1.145984439959475,-1.34025814769695,-1.1060762952139238,-0.49573343069262155,-1.2796416273264049,0.6791084674455715,-1.4505136034946646,-0.7052504427905385,-1.2264834793079649,-1.4379966940383093,-1.1281000728873922,0.0,0.0,1.0
2011-11-25 18:00:00,0.0027089109660633558,-1.8429309711184763,-1.5118297734652295,-0.868914093048751,-1.3309782425981571,0.0843715509256389,-1.223405005891223,1.3281795116453052,-1.4361399026987833,-1.5530836936115806,0.7330011012614959,-1.260458512886009,-1.3107455917678728,-1.076154052197204,-0.3935927675856955,-1.1843324008641805,0.7705915359605745,-1.5514924106233943,-1.412364672615269,-0.0019079496657578563,-1.4379966940383093,-1.1281000728873922,0.0,0.0,0.0
2011-11-27 22:00:00,0.12266905751702435,-0.598642081842695,-1.3741210080789568,-0.320124918107152,-1.3560364569261676,-0.03963641642312874,0.11204881303246209,0.8365387622169382,-0.9022445519095581,-1.311898288671756,0.5154981789262686,-0.5384624359157216,0.10707590236169971,-0.672090916920133,-0.5095394029433308,-0.3718850915109212,0.7398561946821102,-0.6292871538663427,-0.7052504427905396,1.2226675799764488,-2.0863921832865144,0.8445865525059428,0.0,0.0,0.0
2011-11-28 02:00:00,0.13589872595875094,-0.7450306078580837,-1.2815249006265863,-0.003835590534168123,-1.3564636073995635,-0.17451217842367167,0.04630306535309636,0.5559173220265003,-0.4865800478918787,-0.9673805446546032,0.2971515314671256,-0.5211073039976237,-0.16823749064290536,-0.30093123483882855,-0.5216141347652753,-0.48026196966055484,0.7010078731356669,-0.6186155540275073,0.708978016858921,1.2226675799764493,-0.6294607438033901,1.3317999135043364,0.0,0.0,28.0
2011-11-28 06:00:00,0.28453692021795135,0.021166108099323035,-1.062820507577612,0.5923098767915462,-1.310465868405418,-0.3072122047127973,0.3977871327503684,0.13023441043401165,0.3367394602533419,-0.3602630096412606,0.1321750096147907,-0.020907915572637627,1.0107118855363064,0.2841147523386315,-0.6486295657166979,0.38880760283956284,0.5760191594611715,-0.1782984450444283,1.4160922466836512,-0.0019079496657575102,-0.6294607438033901,1.3317999135043364,0.0,0.0,27.0
2011-11-28 10:00:00,0.2637946478844255,0.14447935780218554,-0.8550120144653007,1.0395808086371554,-1.2296368596775191,-0.389870084453309,0.5751013487778516,-0.05848116338817078,0.7350933411776578,0.20043873149683247,-0.02593811698928502,0.561581311250237,1.230286984251646,0.3336184319173141,-0.6318047104674449,0.6613232773319122,0.4289005256034797,0.2192845875956316,0.708978016858921,-1.2264834793079646,-0.6294607438033901,1.3317999135043364,0.0,0.0,26.0
2011-11-28 14:00:00,0.3568993524503065,-0.5375855784827459,-0.8230702359646463,0.9189013747536681,-1.1582057742520973,-0.5456480181259233,0.21272529651736333,0.2932345058796181,0.8002042619744814,0.6410943872765008,-0.19935693756146816,0.11119725815641752,0.015351301366242243,-0.1327346196836463,-0.705233267103749,-0.2794004736055256,0.2573792476459836,-0.2076440130069055,-0.7052504427905385,-1.2264834793079649,-0.6294607438033901,1.3317999135043364,0.0,0.0,25.0
2011-11-28 18:00:00,0.29374362835570356,-0.46526433782578996,-0.7756425377653978,0.8644917438118274,-1.091011844421896,-0.661188761715728,0.06241034571885333,0.4122614183981268,0.5194768634130466,0.7036722953279103,-0.2613439202155878,-0.2102334708969932,0.2191641182026494,0.1013202911573087,-0.6560097312564749,-0.12060616550903787,0.0646353269299578,-0.4473837130262039,-1.412364672615269,-0.0019079496657578563,-0.6294607438033901,1.3317999135043364,0.0,0.0,24.0
2011-11-28 22:00:00,0.23225832944957692,-0.505600905711844,-0.7385167335881413,0.7929347616559789,-1.0293904219230319,-0.751745898556626,-0.0807883871229585,0.40877833889940096,0.13137241323886364,0.49692976717538084,-0.28459937593652024,-0.29642992599472767,0.1359755183887882,0.3856060548074203,-0.6056867397220317,-0.15745359499380598,-0.11546276521167238,-0.49381373165938663,-0.7052504427905396,1.2226675799764488,-0.6294607438033901,1.3317999135043364,1.0,0.0,24.0
2011-11-29 02:00:00,0.2565981791608644,0.01537641933986262,-0.6058876101064979,0.9955335330869657,-0.9519915993004422,-0.8299072547124027,0.5486556515584786,0.14841116458960138,0.4980481403983183,0.3934572559859852,-0.2628558497468607,0.4169489129445526,1.049241668518967,1.1087196512028261,-0.6259024453801646,0.6349795754217015,-0.2759884648250248,-0.018786080225411422,0.708978016858921,1.2226675799764493,0.8274706956797339,0.8445865525059431,0.0,0.0,22.0
2011-11-29 06:00:00,0.25994584866409276,-0.17720709500790566,-0.5328208430302834,0.9955559607480178,-0.8745910301214458,-0.9022969653092103,0.30041937917650924,-0.06790675635439217,0.6648062655568634,0.44322489964990436,-0.28230914743638236,0.35705068378976845,0.6893605519330268,0.9152938844595141,-0.6286522760612511,0.33788841056751895,-0.4432068043553203,-0.06696617644368234,1.4160922466836512,-0.0019079496657575102,0.8274706956797339,0.8445865525059431,0.0,0.0,21.0
2011-11-29 10:00:00,0.4991479627985376,-0.3936725451031798,-0.5134809462953752,0.8493944382518932,-0.808572804511595,-0.8578914323698636,0.8819143815141446,-0.4877275314694481,0.5853973914909492,0.5987044722542675,-0.3036530824860514,0.586239160028117,-0.08792823057000329,0.7397960166455838,-0.8078333524557681,-0.009427959120420822,-0.5120457216589326,0.06319619792595588,0.708978016858921,-1.2264834793079646,0.8274706956797339,0.8445865525059431,0.0,0.0,20.0
2011-11-29 14:00:00,0.5388282759110924,-0.31434462742210606,-0.47907711328136987,0.773451008677701,-0.7484686812760922,-0.8458425483707447,0.5626052865347242,-0.4870229112193463,0.21992228617339407,0.5034610583090875,-0.39733594090754376,0.19780385940089734,0.018736612323554603,0.06627658367493809,-0.8345900260174629,0.1824452240107546,-0.5340610738097135,-0.2132281342167285,-0.7052504427905385,-1.2264834793079649,0.8274706956797339,0.8445865525059431,0.0,0.0,19.0
2011-11-29 18:00:00,0.43048305181922975,-0.4585507269790404,-0.47459795246047637,0.6312775534411051,-0.6994363304624893,-0.8346542989429911,0.445275776883677,-0.5665552427247058,-0.12536095523886567,0.2328705232943251,-0.4045014144464917,0.002265444117471929,-0.2842108922443073,0.08036038528441936,-0.7596642194119885,-0.06107354148989039,-0.5374041343814148,-0.3248730749247279,-1.412364672615269,-0.0019079496657578563,0.8274706956797339,0.8445865525059431,1.0,0.0,18.0
2011-11-29 22:00:00,0.40057858822707315,-0.08613785924216265,-0.4039619112663492,0.6975376853867136,-0.6452439650714394,-0.7866755197046972,0.6222894144106477,-0.7044725110648973,-0.014669061433219445,0.027379459798111787,-0.39734271151515416,0.39189213936134865,0.22418210085038628,-0.24187681385110318,-0.7379072818608098,0.5197659616889662,-0.550516798595403,-0.09899107243276895,-0.7052504427905396,1.2226675799764488,0.8274706956797339,0.8445865525059431,0.0,0.0,18.0
2011-11-30 02:00:00,0.32073069512773067,-0.2689051995616483,-0.37704778200034705,0.631587704655425,-0.5961874612001815,-0.7421237961262814,0.47244174198783184,-0.7950494033416364,-0.22703554617977978,-0.1256799886357142,-0.4102016617327263,0.27187950227904506,-0.5800585808746953,-0.5057540187229783,-0.6773387867525822,0.22619714140223807,-0.5754601515189816,-0.16256577713579462,0.708978016858921,1.2226675799764493,1.1873030452467948,-0.2501719323160819,0.0,0.0,16.0
2011-11-30 06:00:00,0.3621079400504298,-0.7162672611944171,-0.4413184873029738,0.33073304761912226,-0.5705600446309902,-0.8377959533902695,0.1827596330617542,-0.034785120157277236,-0.5745911698357322,-0.279517607956533,-0.3964593355447873,-0.5302233635755937,-1.2641896165828967,-0.2726340614031109,-0.7091867952039839,-0.5869206580949549,-0.6264990770774012,-0.5832602589625693,1.4160922466836512,-0.0019079496657575102,1.1873030452467948,-0.2501719323160819,1.0,0.0,15.0
2011-11-30 10:00:00,0.9304776537847247,1.0306513888367013,-0.05593193613237826,1.3134717286634112,-0.4684017523887456,-0.6894242851476096,1.987113657525679,-0.6971986927068018,-0.08142117223760643,-0.3023766799359226,0.10267809246439036,1.9279109133640193,1.6147396756191792,1.6597687710797067,-1.062922867234901,2.2927430268263183,-0.47161235451677413,0.9862554901676116,0.708978016858921,-1.2264834793079646,1.1873030452467948,-0.2501719323160819,0.0,0.0,14.0
2011-11-30 14:00:00,1.0097348860703297,0.5182101087652089,0.1273596447396401,1.5498049510226466,-0.34783898619360126,-0.5367034562463124,1.7638032030247377,-0.8974815033091866,0.3454826205633788,-0.10631944930479893,0.2243958915539571,2.127304977546846,0.6236527269260633,1.1493813195233635,-1.1024652554391752,1.2962589396050386,-0.2319078574214574,1.3132003308638402,-0.7052504427905385,-1.2264834793079649,1.1873030452467948,-0.2501719323160819,0.0,0.0,13.0
2011-11-30 18:00:00,0.8683847417521054,0.5002629474568768,0.2649819890701788,1.6146151837133953,-0.22222911647432717,-0.4210251869269819,1.626902044784413,-0.7778867376872651,1.0049571133124888,0.43459240298427365,0.24339267463719028,1.4487090219709966,0.5952853225360817,0.685552377754755,-1.0305420267712575,1.1363193672960592,-0.11582460732715136,0.8666943969252205,-1.412364672615269,-0.0019079496657578563,1.1873030452467948,-0.2501719323160819,0.0,0.0,12.0
2011-11-30 22:00:00,0.7551221234009823,0.4769537671076357,0.36431152902214886,1.5622767383445935,-0.10069510856114806,-0.2964990009454389,1.7243940476099668,-0.8527138439344464,0.6311534268453446,0.678611563649547,0.2163002427982475,1.3238564940047741,0.560751091104846,0.835610879126211,-0.9680358860387756,1.0037763908500974,0.0016921033829751231,0.8939168824574355,-0.7052504427905396,1.2226675799764488,1.1873030452467948,-0.2501719323160819,0.0,0.0,12.0
2011-12-01 02:00:00,0.6695189446961233,0.5794660977659775,0.4676139217108275,1.5312152750978278,0.01841998471295804,-0.17714565764441284,1.5774669910589894,-0.9401416120405576,0.6779574531091942,0.7924666318551326,0.16518665897464127,1.1617177549187845,0.7556228256097794,1.1775432844121432,-0.9175817827624126,1.0916287817074086,0.1064109334150299,0.8828482610487914,0.708978016858921,1.2226675799764493,0.17907520643152947,-1.128100072887392,0.0,0.0,10.0
2011-12-01 06:00:00,0.7225961836091128,0.8139383609592291,0.6136203174477922,1.6225546757550873,0.1446481431900374,-0.038281922308840755,1.611022908852382,-1.1062827464807694,0.898417539436135,0.7559824554216736,0.31323505364491827,1.143819008853509,1.2169014882987068,1.4403916644171169,-0.9492069732826575,1.3162115670841932,0.19770762640307551,1.00067071647332,1.4160922466836512,-0.0019079496657575102,0.17907520643152947,-1.128100072887392,0.0,0.0,9.0
2011-12-01 10:00:00,0.6970771448611461,0.6960230930678516,0.6979923231719476,1.5279320410597963,0.2635075542763791,0.10923562011937547,1.6244623112908991,-1.2154760245256357,1.078197490786069,0.909071433619323,0.37380785185597887,1.1288604395016018,1.0676642738993318,1.4647060979589277,-0.9341438179738877,1.0476608563209184,0.23728404130575484,1.1040615703809755,0.708978016858921,-1.2264834793079646,0.17907520643152947,-1.128100072887392,0.0,0.0,8.0
2011-12-01 14:00:00,0.701156607992993,0.33239729354821196,0.6830967347694423,1.1821477795435988,0.3554389804993653,0.20430333665543313,1.2960936461866346,-1.0877910461291116,1.0200205235609028,1.0262099668390499,0.41018746048956506,0.7844410050273175,0.5915852263113074,0.8389625679425496,-0.9365692714951469,0.5851223047174438,0.22561622233429174,0.7915655992237275,-0.7052504427905385,-1.2264834793079649,0.17907520643152947,-1.128100072887392,0.0,0.0,7.0
2011-12-01 18:00:00,0.5954199928438342,0.4501637118931854,0.6938398563067487,0.9752778840080201,0.43126039237051245,0.28677361028724124,1.1412137923980161,-1.1178801898902988,0.8686729246142367,1.016024007428635,0.46269286674938664,0.6245105339306792,0.7901570570410426,1.1323430861173889,-0.8714613398649451,0.6947983755949221,0.13197712602998452,0.6449469630927576,-1.412364672615269,-0.0019079496657578563,0.17907520643152947,-1.128100072887392,0.0,0.0,6.0
2011-12-01 22:00:00,0.4893451653926425,0.5590326310434193,0.7220941914616615,0.8574262806633803,0.49790409853269674,0.3765986952809779,1.1827808892825131,-1.1786731986755559,0.8349915225365134,0.9327388098964493,0.4669305156902756,0.6657869528749785,0.9726951374633861,1.6810263464297208,-0.8011040836926763,0.7605554137713572,0.15587404185382892,0.7363917191015422,-0.7052504427905396,1.2226675799764488,0.17907520643152947,-1.128100072887392,0.0,0.0,6.0
2011-12-02 02:00:00,0.3835875498745756,0.3760836913662352,0.7020270145101604,0.6316723712608179,0.5469671958245415,0.4361269144257951,1.043388805233751,-1.0970483584115054,0.8918562273430675,0.8888493083192387,0.4365508051260646,0.5016893888768861,0.7519227293850052,-0.4667957863430869,-0.7253257821053106,0.5160286482089212,0.14240447411907678,0.545559172574788,0.708978016858921,1.2226675799764493,-1.4379966940383093,-1.1281000728873922,0.0,0.0,4.0
2011-12-02 06:00:00,0.3062158347990148,0.5722551366806118,0.7251120233885977,0.568477225665603,0.5911089646656237,0.5106695288828745,1.132817304796813,-1.1721564153262265,0.9872139630955938,0.9294433524401455,0.40708819751755587,0.5976867318093817,1.0590307160415438,0.29210057562419206,-0.6659229217753226,0.6975762577209746,0.17405200435838317,0.6742746673107306,1.4160922466836512,-0.0019079496657575102,-1.4379966940383093,-1.1281000728873922,0.0,0.0,3.0
2011-12-02 10:00:00,0.3195916096344881,0.7259057727517331,0.7728717015206144,0.5850556718090826,0.6365417817020522,0.6302124125350329,1.5782640576962148,-1.2984590741437707,1.0845854435333033,1.0149160863646691,0.45568110460610434,0.7900713290247471,1.2472468140628277,0.48676625266600265,-0.6764475560044076,0.8156090232624458,0.2528655436401284,0.90889911189276,0.708978016858921,-1.2264834793079646,-1.4379966940383093,-1.1281000728873922,0.0,0.0,2.0
2011-12-02 14:00:00,0.5924092850862482,-0.30005412509366,0.5915988491897447,-0.02483070451395972,0.6344796345721478,0.4789280768832978,0.8613042306653089,0.18491373949552078,0.748850382960451,0.9659441384993022,0.4097368845317809,-0.051835317712495714,-0.19472636498158405,-0.4500641779139487,-0.869536678532155,-0.35348127026004467,0.22300323689081203,-0.05947685870891379,-0.7052504427905385,-1.2264834793079649,-1.4379966940383093,-1.1281000728873922,0.0,0.0,1.0
2011-12-02 18:00:00,0.47518671634460397,-0.29830681478018567,0.443021901794963,-0.42378115511268905,0.6013491801461109,0.33844976520668624,0.742858122100889,0.08980805345605178,-0.03075030780675185,0.6173451464884869,0.318428142417417,-0.3560806381519125,-1.1391558142037765,-0.5843529898111202,-0.7912995177847354,-0.4050918463449603,0.1583891219699394,-0.3310931514037183,-1.412364672615269,-0.0019079496657578563,-1.4379966940383093,-1.1281000728873922,0.0,0.0,0.0
2011-12-04 22:00:00,0.3836970091010001,-0.09719880902320313,0.36384439787576206,-0.5541202902330176,0.5580685521921254,0.23124359863013064,0.8477319510937623,-0.024688572148659084,-0.7225329217953873,-0.0014974382708022134,0.22083605998687922,-0.2298464156692711,-0.7033251158199326,-0.711166354842993,-0.7254073528528514,-0.21346628436305104,0.07145225235360944,-0.12080363055996814,-0.7052504427905396,1.2226675799764488,-2.0863921832865144,0.8445865525059428,0.0,0.0,0.0
2011-12-05 02:00:00,0.2542380128883623,-0.19542323825187682,0.27633541246583965,-0.6810597994753675,0.5049024969244397,0.13169501538047193,0.759773812463477,-0.09064019218142581,-0.979852231741041,-0.5934867705066195,0.077780619279142,-0.39541699182685036,-0.9202719523487732,-0.7040302393989989,-0.623959356192024,-0.42622290103401306,0.034946290862045454,-0.17440950797659222,0.708978016858921,1.2226675799764493,-0.6294607438033901,1.3317999135043364,0.0,0.0,28.0
2011-12-05 06:00:00,0.25743863258997396,0.26689751780418103,0.3048470054533843,-0.4669439219053661,0.4684107376033872,0.10411626667875282,1.2251818057995916,-0.28944212938915925,-0.5367512761660604,-0.7667653742538749,-0.01185396064388604,-0.013000561707570872,0.11022552116320865,0.08802715399362933,-0.6265934965343939,0.19023877659872432,-0.00869456567030689,0.1863915440938844,1.4160922466836512,-0.0019079496657575102,-0.6294607438033901,1.3317999135043364,0.0,0.0,27.0
2011-12-05 10:00:00,0.19160261931766312,0.20197582446220275,0.3108756138169232,-0.3568226715760394,0.4404946819566415,0.0785074285985852,1.0339861340038918,-0.40736248027651345,-0.29424796249479235,-0.6201003985045416,-0.17423918449476716,-0.03447179053549302,-0.019555175688854367,-0.10907072923712152,-0.5710227115786618,0.027995312114702367,-0.04351317821867857,0.21511974697601094,0.708978016858921,-1.2264834793079646,-0.6294607438033901,1.3317999135043364,0.0,0.0,26.0
2011-12-05 14:00:00,0.1481446324023784,0.20998898580875155,0.3135651550469128,-0.27781056761918105,0.4187317020168203,0.09553809220167624,1.3243957399415118,-0.5396473028347586,0.031379716485885396,-0.27380687139620535,-0.6339928115461035,0.18940666343219908,-0.0021219477535163733,-0.22892031098270213,-0.5326725037441793,-0.10449396143558391,-0.1177381358380164,0.37670643086643163,-0.7052504427905385,-1.2264834793079649,-0.6294607438033901,1.3317999135043364,0.0,0.0,25.0
2011-12-05 18:00:00,0.2359378287677142,-0.27982589414972525,0.21697127612718964,-0.4847300974792033,0.38085484244704865,-0.04244005100894527,0.8852686687024232,0.43299166110108095,-0.3540150681304968,-0.21122937261168548,-0.6567173035624716,-1.0196377231291642,-0.9764456868071572,-0.5091861889929433,-0.60876813157922,-1.1455472394340482,-0.23860378547615604,-0.1747314165516738,-1.412364672615269,-0.0019079496657578563,-0.6294607438033901,1.3317999135043364,0.0,0.0,24.0
2011-12-05 22:00:00,0.19089120671138887,-0.5733495498974212,0.07332476235700197,-0.7782860011255772,0.3201172867447321,-0.19950423256349653,0.6800774560586558,0.5264473316368017,-0.9177454745481307,-0.42474433618735247,-0.5300585557221006,-1.5908882035183152,-1.6090670896117174,-1.021479657123879,-0.5704058856437989,-1.6261096183637027,-0.30263328235354986,-0.5354556587479229,-0.7052504427905396,1.2226675799764488,-0.6294607438033901,1.3317999135043364,0.0,0.0,24.0
2011-12-06 02:00:00,0.0723633555654421,-0.5043380489454599,-0.028164503148847945,-0.8984297570554958,0.25002352371556474,-0.345349544007008,0.5938570654507697,0.4454600180422886,-1.4441945540546006,-0.9300505812597321,-0.44375072091766776,-1.4212337811390376,-1.4865142644051847,-1.1388234485943436,-0.462371946619122,-1.3135675894581538,-0.38081465452725716,-0.5419446311784696,0.708978016858921,1.2226675799764493,0.8274706956797339,0.8445865525059431,0.0,0.0,22.0
2011-12-06 06:00:00,0.07245773377223552,-0.4997719718796933,-0.10679262504375715,-0.9323444193537899,0.1772886528782807,-0.4703164528011638,0.34475877983923786,0.7726780570533532,-1.4734662138039585,-1.3134034671534618,-0.3724613222556454,-1.3189579678301562,-1.0589809756300042,-0.1799051540874187,-0.4624623461849561,-1.1677558502908008,-0.5897562175226586,-0.5836702364069154,1.4160922466836512,-0.0019079496657575102,0.8274706956797339,0.8445865525059431,0.0,0.0,21.0
2011-12-06 10:00:00,0.11010571038695577,-0.5631197836559446,-0.17982559528017825,-0.944252923481761,0.10362640605951871,-0.5778488304333902,0.8100871191526131,0.4622206936670303,-1.3171675760161532,-1.4501844386851743,-0.3084853516255415,-0.8536219882987442,-1.1683625541363378,-0.23895236305574272,-0.4979477757347219,-1.1424344937806064,-0.5501078237486047,-0.31884902819428157,0.708978016858921,-1.2264834793079646,0.8274706956797339,0.8445865525059431,0.0,0.0,20.0
2011-12-06 14:00:00,0.08982875212606593,-0.20553562935216968,-0.17931745407843458,-0.7536898978091017,0.044804274427978026,-0.6806479652512367,0.5753989714312612,0.2801165760424568,-1.0303529456222065,-1.3084655476834424,-0.35842415984144954,-0.7262992118550083,-0.6778027475018095,-0.17702227679641774,-0.47897713567206457,-0.5895427486628461,-0.5352470601193161,-0.26114341971870964,-0.7052504427905385,-1.2264834793079649,0.8274706956797339,0.8445865525059431,0.0,0.0,19.0
2011-12-06 18:00:00,0.045118233269610314,-0.15139424029481463,-0.1683833084594012,-0.5728725217007886,6.331452335886774e-05,-0.7515309015617454,0.6339431925949076,0.1141799618445148,-0.8042325935734298,-1.079288382923707,-0.40396319516814544,-0.4731652802841549,-0.42140494731889483,-0.04007112584968249,-0.43596519976340115,-0.4535285273104718,-0.5214099273619184,-0.10472014070940734,-1.412364672615269,-0.0019079496657578563,0.8274706956797339,0.8445865525059431,0.0,0.0,18.0
2011-12-06 22:00:00,-0.06930992476636837,-0.05387357261457022,-0.14298796618969248,-0.38887275959417333,-0.030348645018021193,-0.8173507709929319,0.5535024748247264,0.047039114720619044,-0.4094491997692587,-0.768442786438409,-0.4095421240098265,-0.3142145645102866,-0.055218929583035516,-0.4305904441155271,-0.3178695290281625,-0.27749849064622034,-0.5173437327216082,-0.0198077124981138,-0.7052504427905396,1.2226675799764488,0.8274706956797339,0.8445865525059431,0.0,0.0,18.0
2011-12-07 02:00:00,-0.16830508148638132,0.02509655302156209,-0.10976067231376853,-0.2203638640549637,-0.04763795702037193,-0.856992069401723,0.6769665335103761,-0.031686078258138475,-0.13925690786538222,-0.46328946286300854,-0.43741673089189853,-0.13528993661028374,0.08403990306681115,-0.318394314183551,-0.20525222397902637,-0.12327853893603073,-0.5220128897311919,0.06868088912803659,0.708978016858921,1.2226675799764493,1.1873030452467948,-0.2501719323160819,0.0,0.0,16.0
2011-12-07 06:00:00,-0.18763354102106164,0.026418026610104305,-0.08247799204263505,-0.10173078546779313,-0.05568870584902264,-0.8398834002243127,1.035673014509394,-0.20718027924752203,0.040786242877033814,-0.1739151468512418,-0.4972957734985977,0.1249900472804085,0.08625036072788463,-0.32529060284693423,-0.18200565314156034,-0.06575855324705139,-0.5465499562363307,0.1754769855445781,1.4160922466836512,-0.0019079496657575102,1.1873030452467948,-0.2501719323160819,0.0,0.0,15.0
2011-12-07 10:00:00,-0.11688849329432797,-0.6587407458023796,-0.16529383742304507,-0.30637915304883184,-0.07967646731199332,-0.9633925968887658,0.6344859233838664,0.7281322172804997,-0.34491849761425786,-0.15181678999531495,-0.48059456897536557,-0.8184883764332817,-1.1427640988482861,-0.37245722984958973,-0.265045509551264,-1.0448374089617933,-0.5720754456570039,-0.3519962411174549,0.708978016858921,-1.2264834793079646,1.1873030452467948,-0.2501719323160819,0.0,0.0,14.0
2011-12-07 14:00:00,-0.042674569378939875,0.09451944014532528,-0.1139167054988992,-0.10498710356586846,-0.0879808022468212,-1.0705607108505117,0.27278110527450583,0.43358565192710824,-0.30415295593632835,-0.2082849763425087,-0.5791592155111868,-0.35863114507535043,0.198983701444406,0.45579899613485153,-0.34644940187619155,0.21382676536075718,-0.5941870162179854,-0.12322927031824883,-0.7052504427905385,-1.2264834793079649,1.1873030452467948,-0.2501719323160819,0.0,0.0,13.0
2011-12-07 18:00:00,-0.08202379565905794,-0.011140611675925945,-0.08954236647274898,-0.017342359229350495,-0.08945979371894244,-1.1747644755885671,0.20147971769848544,0.25542858206593005,-0.33472711219477536,-0.336878465138138,-0.7877275321988771,0.07247382752000142,4.251194468831183e-05,0.32164637537333585,-0.30398045048317557,0.16656645730497718,-0.6172002081575714,0.01179170906728527,-1.412364672615269,-0.0019079496657578563,1.1873030452467948,-0.2501719323160819,0.0,0.0,12.0
2011-12-07 22:00:00,-0.15170383913247837,-0.04892322040790499,-0.07546596322413121,0.024754928384500382,-0.08766045459647993,-1.2715251142739046,0.0756908141451863,0.1300140586139491,0.17403108621006894,-0.15916564456415663,-0.7905748014854491,0.005737495117662398,0.29174645524684134,0.29119904634242055,-0.2248776676950345,0.06088637571726648,-0.6643697985152915,-0.021671850010141793,-0.7052504427905396,1.2226675799764488,1.1873030452467948,-0.2501719323160819,0.0,0.0,12.0
2011-12-08 02:00:00,-0.25396707635192417,-0.16977460559838195,-0.08188648815126526,0.0026649467985954667,-0.08758137505774977,-1.361374278767432,0.004547889838569059,0.05908287393187412,0.14102818789794014,-0.006714618100050905,-0.7932411990753654,-0.2103092474060495,0.10592769548142515,0.2652473187695902,-0.09881030922458396,-0.21072506643731254,-0.6967189183624174,-0.09000186248328959,0.708978016858921,1.2226675799764493,0.17907520643152947,-1.128100072887392,0.0,0.0,10.0
2011-12-08 06:00:00,-0.2798021462393705,-0.14225173674358402,-0.08239844106299271,0.0010689378229882588,-0.0876265848818393,-1.3905827840723364,0.2974711140700126,-0.11210457515496118,0.19850513086565647,0.1758892588255711,-0.7958860785513577,0.0340179800887593,0.16210630091719097,0.025024258026311332,-0.06489608978545934,-0.13617886210946456,-0.7703089764403482,-0.006266896530120675,1.4160922466836512,-0.0019079496657575102,0.17907520643152947,-1.128100072887392,0.0,0.0,9.0
2011-12-08 10:00:00,-0.17027904981841133,-0.3905641242506459,-0.11753399273608861,-0.09441136749863722,-0.09510733328473965,-1.3556655953501673,0.4770652506421245,-0.4386477604617179,-0.04605971629211577,0.10051978457565094,-0.7842916305179064,-0.0493350225363957,-0.3978362492844629,-0.17806495541287412,-0.20289787156901498,-0.6151540925394603,-0.9595776776208919,-0.035067749606396845,0.708978016858921,-1.2264834793079646,0.17907520643152947,-1.128100072887392,0.0,0.0,8.0
2011-12-08 14:00:00,-0.023443497441774847,-0.947789379098613,-0.23809513099691954,-0.403220587067932,-0.12663663136356876,-1.3525295755186224,0.030616461920410985,1.0005726966959707,-0.38256236350855594,-0.07878232225065142,-0.7529705655896711,-1.9962396356620882,-0.8428857102316197,-0.6801499841911325,-0.36666032787508157,-1.729664138107284,-0.8606208685510137,-0.7913394040255081,-0.7052504427905385,-1.2264834793079649,0.17907520643152947,-1.128100072887392,0.0,0.0,7.0
2011-12-08 18:00:00,-0.0007241172519419321,-0.8066510321420998,-0.31304128717622054,-0.5261592324512264,-0.16773978907235018,-1.3496175571036169,-0.20546665905205228,0.6912319940397482,-0.6751689935823261,-0.37796956077575966,-0.7628747657934164,-1.4793307309743253,-0.6629365197294419,-0.6564298956842377,-0.3900929749485569,-1.369180422629309,-0.7968755131050625,-0.6346922319705498,-1.412364672615269,-0.0019079496657578563,0.17907520643152947,-1.128100072887392,0.0,0.0,6.0
2011-12-08 22:00:00,-0.10682769197054659,-0.5927418333517467,-0.3425241759571937,-0.5008142020896296,-0.206869199939833,-1.3469135400039687,-0.2741406105143335,0.6012482276780734,-0.6720400787757115,-0.5923347694749945,-0.8331080052706747,-1.1674144780955025,-0.3890138630761901,-0.5385246485768441,-0.27641057435392713,-0.963326768988034,-0.7577520510587944,-0.5141756290709335,-0.7052504427905396,1.2226675799764488,0.17907520643152947,-1.128100072887392,0.0,0.0,6.0
2011-12-09 02:00:00,-0.0696302040023803,-0.9579177061094788,-0.42570488929020084,-0.6266386149685086,-0.25579719987723604,-1.288642058331795,-0.5024778939469587,0.8692472177564194,-0.7507515517355628,-0.7184201180024455,-0.7399359115082257,-1.3765710637935535,-1.0648230451842633,-0.3509369510372795,-0.31752162895592456,-1.6195429625601228,-0.696426192189905,-0.6407185383361891,0.708978016858921,1.2226675799764493,-1.4379966940383093,-1.1281000728873922,0.0,0.0,4.0
2011-12-09 06:00:00,-0.019939290334429094,-0.582754605335275,-0.43997113630407575,-0.5397964403062838,-0.2979623565477088,-1.182291043720615,-0.7224578123707149,1.1171562056623974,-0.6854371218203132,-0.721936409542253,-0.7147618949341108,-1.3833855590859927,-0.4787739070346486,-0.6631133517942164,-0.37030561956669333,-0.9363063755649758,-0.6599078984536596,-0.6974259113710365,1.4160922466836512,-0.0019079496657575102,-1.4379966940383093,-1.1281000728873922,0.0,0.0,3.0
2011-12-09 10:00:00,0.15876817721045597,-0.7181081487950526,-0.4693508682539851,-0.5114433004277942,-0.33791950953944616,-1.274305619682484,0.5527797944361758,0.5640687534757278,-0.8000300044475473,-0.765766198418037,-0.667017418263028,-0.46161945491970574,-0.712123544784243,-0.691298833926825,-0.5421749476352274,-1.1272373409085532,-0.6996974354537266,-0.21862379826742007,0.708978016858921,-1.2264834793079646,-1.4379966940383093,-1.1281000728873922,0.0,0.0,2.0
2011-12-09 14:00:00,0.2161330369080685,-0.2132613408561525,-0.4207724005010806,-0.27665299547303746,-0.35959234342955154,-1.3586475955390502,0.2325002459982224,0.3978338789819068,-0.43616307739993854,-0.6580362631086086,-0.6652753784253745,-0.5653508200300469,-0.0388524588182066,-0.3592537969699053,-0.592074409112715,-0.294425884827535,-0.7878009419174473,-0.2586831421726068,-0.7052504427905385,-1.2264834793079649,-1.4379966940383093,-1.1281000728873922,0.0,0.0,1.0
2011-12-09 18:00:00,0.11915904779363899,0.023816600522019903,-0.3433780864491324,-0.010418920954976839,-0.3605321714353044,-1.4369651445487184,0.12783577949456507,0.2897462820674576,-0.1553254376686816,-0.4765010127755037,-0.6676539027528239,-0.09250340756459077,0.313084699754964,-0.11646480365035736,-0.5063132262298119,0.11365925861159071,-0.804873277318115,-0.012352193874397566,-1.412364672615269,-0.0019079496657578563,-1.4379966940383093,-1.1281000728873922,0.0,0.0,0.0
2011-12-11 22:00:00,0.08529446519660684,-0.365459933604037,-0.33866101052944675,0.00482892646021963,-0.3602845717582739,-1.468405843861012,-0.04727285550136171,0.4828885249434558,-0.006088044574779294,-0.2046178290156204,-0.6619618979924287,-0.47679301941464247,-0.29132911605547007,-0.40805019481650967,-0.47468999121965083,-0.5771370120799743,-0.7977263956977155,-0.21980253363061414,-0.7052504427905396,1.2226675799764488,-2.0863921832865144,0.8445865525059428,0.0,0.0,0.0
2011-12-12 02:00:00,0.007766347764665947,-0.5489266891741553,-0.3618720415711867,-0.058959274955393694,-0.3650044848149015,-1.4772778130797914,-0.15995169203926188,0.5460868525616308,-0.20552346989117398,-0.125635946258521,-0.6450429289683464,-0.7245413935184927,-0.6011868317557427,-0.3860088737007544,-0.39872921443563214,-0.867183415662955,-0.7772939718596865,-0.36703483048369123,0.708978016858921,1.2226675799764493,-0.6294607438033901,1.3317999135043364,0.0,0.0,28.0
2011-12-12 06:00:00,0.1564034946550037,-1.2380941724099044,-0.5178694992778512,-0.471273652473105,-0.4018334223484014,-1.3581242177667725,-0.5114261555496802,1.4918439088029267,-0.8930252699111904,-0.378259172119221,-0.4536979806627748,-1.5423435234551581,-1.6254169129567797,-0.6072317870623686,-0.5400670536440222,-2.001066765613409,-0.6633958733156109,-0.8929413400564997,1.4160922466836512,-0.0019079496657575102,-0.6294607438033901,1.3317999135043364,0.0,0.0,27.0
2011-12-12 10:00:00,0.14576050918206787,-1.4179707630244394,-0.6808086707480256,-0.8200120912301632,-0.4658204016011611,-1.2114638544790672,-0.67164626768975,1.695128304759688,-1.3585441835961525,-0.841403960475862,-0.2537320609003778,-1.9947685936135549,-1.6039208283969426,-0.8997366794988886,-0.5305284225818016,-1.947572557776974,-0.4620828461838892,-1.2698656345924766,0.708978016858921,-1.2264834793079646,-0.6294607438033901,1.3317999135043364,0.0,0.0,26.0
2011-12-12 14:00:00,0.2192048771506482,-1.6632766412205926,-0.8709225925434557,-1.1729395973199588,-0.557291646621762,-1.0126529979655647,-0.8914113011197113,2.215164902213135,-1.6495263436250882,-1.335898669802111,-0.0008134420495767004,-2.2025335080783766,-1.4216492457741712,-1.3412183863759932,-0.5946812150117097,-1.9856556920206296,-0.20226355442881777,-1.593037190174636,-0.7052504427905385,-1.2264834793079649,-0.6294607438033901,1.3317999135043364,0.0,0.0,25.0
2011-12-12 18:00:00,0.16998770310862585,-1.7537330703347191,-1.0378821800290223,-1.3922835497896788,-0.6658443244585193,-0.8120889092048968,-0.9965912496278024,2.2320912784965574,-1.571079563940072,-1.568096449413325,0.2698395991469114,-2.0624799478316356,-1.4042259154539096,-1.177833816924251,-0.5521200859115131,-1.7636895681320555,0.05661936981027302,-1.7623494341897905,-1.412364672615269,-0.0019079496657578563,-0.6294607438033901,1.3317999135043364,0.0,1.0,24.0
2011-12-12 22:00:00,0.08609443557618056,-1.8136719975877356,-1.1753610569983297,-1.4875479261259046,-0.7818157253821825,-0.6236160707167022,-1.068896444984856,2.0788607242034396,-1.5343224060007752,-1.6282912056530383,0.43491420414283527,-1.7323320269805322,-1.5002791943794713,-1.4737335986416578,-0.475447565472709,-1.5946460672046454,0.2643640716613006,-1.7153815928253728,-0.7052504427905396,1.2226675799764488,-0.6294607438033901,1.3317999135043364,0.0,0.0,24.0
2011-12-13 02:00:00,0.011034242257190902,-1.6081194167755053,-1.2466522218124743,-1.3836766442944546,-0.8896981395699249,-0.49508793000622026,-0.8315000748824344,1.8792708680297312,-1.5084260480756246,-1.57997180760838,0.5216853188394104,-1.3020831947972382,-1.3486310637129701,-1.2613679947273027,-0.40203596837418465,-1.2976845123059828,0.38111437564554734,-1.4240262696595372,0.708978016858921,1.2226675799764493,0.8274706956797339,0.8445865525059431,0.0,1.0,22.0
2011-12-13 06:00:00,0.005093378890387071,-1.6550549739451774,-1.3007582673583284,-1.2538225395839107,-0.987468152022673,-0.3618788781547245,-0.973627458180046,1.7687546806596794,-1.5171308755710575,-1.5614972315124294,0.5811563073952372,-1.1238576900091979,-1.4287703197562438,-1.6208533587117069,-0.3960173510250104,-1.216894155494009,0.4542720343732967,-1.3401214878973118,1.4160922466836512,-0.0019079496657575102,0.8274706956797339,0.8445865525059431,0.0,0.0,21.0
2011-12-13 10:00:00,0.03619030329495954,-1.5948721259991445,-1.3222867282066146,-1.0613025297301348,-1.070245648944194,-0.30238080980906223,-0.7150025203522055,1.3824396434892658,-1.4773402272739367,-1.5419838452035481,0.6072421884818292,-0.8936603085612204,-1.3880842359188992,-1.749826592271766,-0.42717538386357706,-1.0704306263036902,0.5290440791558874,-1.1077491311054557,0.708978016858921,-1.2264834793079646,0.8274706956797339,0.8445865525059431,0.0,1.0,20.0
2011-12-13 14:00:00,0.36176113919926295,-2.2259624943931415,-1.5215116366078838,-1.3907610180171055,-1.178679759462861,-0.11544994776861515,-1.121947039480655,2.6053703977713374,-1.5243760319500224,-1.5474458721726039,0.8440270212956926,-1.354664466434156,-1.4812546920687528,-2.3887604475039725,-0.7089240484341831,-1.7277819832541905,0.715616125187366,-1.9044240745955014,-0.7052504427905385,-1.2264834793079649,0.8274706956797339,0.8445865525059431,0.0,0.0,19.0
2011-12-13 18:00:00,0.46112482772797303,-2.417120052762612,-1.746894581870985,-1.725498301173267,-1.3131815702710266,0.09524406748060237,-1.308472971715346,2.821054570634855,-1.536672632723695,-1.5541378917652866,1.1532130194498291,-1.595419432212946,-1.463442200513419,-2.649720006321586,-0.7814606470081246,-1.7508552057060218,0.9930080542038691,-2.491481560189688,-1.412364672615269,-0.0019079496657578563,0.8274706956797339,0.8445865525059431,0.0,0.0,18.0
2011-12-13 22:00:00,0.3551735188669713,-2.440610217391745,-1.9150833205011888,-1.8376747734839114,-1.4564191353762808,0.2908885102120189,-1.3618858683369974,2.630453978053426,-1.5818666623474116,-1.5899326744965094,1.4414740712613268,-1.4716499513006156,-1.5155147376397178,-2.058771646607767,-0.7039198096667086,-1.5236425459333887,1.2353782839279457,-2.4884445954392524,-0.7052504427905396,1.2226675799764488,0.8274706956797339,0.8445865525059431,0.0,0.0,18.0
2011-12-14 02:00:00,0.22869881413428625,-2.414114453864878,-2.022389337086863,-1.7617669258663442,-1.5937453690557115,0.4725583498911911,-1.3988227983387918,2.498646845473634,-1.588012340621,-1.6117247488276922,1.636694265052521,-1.279254680574662,-1.498583239054684,-1.8332997902522052,-0.6026971403116169,-1.3237628134727066,1.4115310629831952,-2.279697464457184,0.708978016858921,1.2226675799764493,1.1873030452467948,-0.2501719323160819,0.0,0.0,16.0
2011-12-14 06:00:00,0.19805712125068559,-2.137312332908417,-2.0547257463754045,-1.4970641833286995,-1.7104578494859695,0.6546863554980468,-1.488140303119059,2.476943742049365,-1.532769045880724,-1.6103879765287192,1.7156968179599201,-1.13293035332822,-1.3076764760565271,-1.3768188233305112,-0.5766027001310351,-1.1003438073502068,1.5127887560486424,-2.0626210785391157,1.4160922466836512,-0.0019079496657575102,1.1873030452467948,-0.2501719323160819,0.0,0.0,15.0
2011-12-14 10:00:00,0.3331020700348792,-2.455681484035146,-2.189521246979123,-1.5640715327182428,-1.832388534128829,0.8534814712431411,-1.6563962376883792,2.5138345644289584,-1.5657812705815164,-1.6048795795093234,1.9368343785900595,-1.1934464315223798,-1.6085970405803436,-1.8686692540350163,-0.6869677340111124,-1.3451597367689434,1.6227993110494079,-2.2451397773261816,0.708978016858921,-1.2264834793079646,1.1873030452467948,-0.2501719323160819,0.0,0.0,14.0
2011-12-14 14:00:00,0.34203233464201965,-2.197230934057499,-2.2409241335298606,-1.3907837257281137,-1.940824413012822,1.050220398386098,-1.7485751160080956,2.412841270018408,-1.4819347724003984,-1.568553615608958,2.0134434876879364,-1.1686690292162454,-1.2621670261231723,-1.646752760364772,-0.6938613699139885,-1.1261142280652745,1.7973514819004726,-2.267173517793672,-0.7052504427905385,-1.2264834793079649,1.1873030452467948,-0.2501719323160819,0.0,0.0,13.0
2011-12-14 18:00:00,0.253740992527019,-2.2444902832507263,-2.274723484502839,-1.204257978501235,-2.034734580183021,1.2329065450188434,-1.7928700802649025,2.209740147763267,-1.490243386177824,-1.553990823445452,2.0644731338287525,-1.0173574303730182,-1.3311037037473776,-1.8418520577060284,-0.6235497008350795,-1.068170968120716,1.9101391014838653,-2.05753508271529,-1.412364672615269,-0.0019079496657578563,1.1873030452467948,-0.2501719323160819,0.0,0.0,12.0
2011-12-14 22:00:00,0.11652038115996695,-2.2508968416588897,-2.2779250259820207,-0.9717872047447289,-2.1105410619817717,1.4025436811778214,-1.812320106665092,2.120557951636682,-1.388038344489145,-1.4931232599720015,1.9772144888731678,-0.9121961193018403,-1.3204165032566497,-1.7968818050368678,-0.5038816444758166,-0.9887573504636918,1.9732002925171956,-1.9068595081420607,-0.7052504427905396,1.2226675799764488,1.1873030452467948,-0.2501719323160819,0.0,0.0,12.0
2011-12-15 02:00:00,0.006461062907048847,-2.218137656769613,-2.2514551337280637,-0.7050808825163166,-2.165577761557246,1.5443895197618813,-1.7586986614021511,1.9907009618011229,-1.401688900166978,-1.4656432874688383,1.7496449209542562,-0.8236654691604752,-1.3006565605434748,-1.8105463300771272,-0.3974057371724125,-0.9181874258196866,2.011970808514094,-1.7389182640490402,0.708978016858921,1.2226675799764493,0.17907520643152947,-1.128100072887392,0.0,0.0,10.0
2011-12-15 06:00:00,0.10058691695481971,-2.285215362508546,-2.228086651232234,-0.5001541055257812,-2.2046557673370546,1.5351553365317652,-1.1193318382191895,1.4676602724339602,-1.4407710148659738,-1.4487016135175428,1.5274595643199722,-0.7470523249604674,-1.4413008586784382,-1.0034908944864376,-0.4890828903674529,-0.9341070700503523,2.023035436906038,-1.5754733818353774,1.4160922466836512,-0.0019079496657575102,0.17907520643152947,-1.128100072887392,0.0,0.0,9.0
2011-12-15 10:00:00,0.18830512882025968,-1.1117603216879721,-2.0571744987798217,0.06522247404335073,-2.1997050139420615,1.4910967831227595,-1.1009555921076493,1.0175708135833692,-1.205385062493142,-1.3861525125212646,1.169705459681257,-0.5222552921902633,-0.656714898008286,0.003775734860585774,-0.5681606166104699,-0.4293581843732589,1.906948315538857,-1.128688917788593,0.708978016858921,-1.2264834793079646,0.17907520643152947,-1.128100072887392,0.0,0.0,8.0
2011-12-15 14:00:00,0.21610012596900824,-1.3573937823303197,-1.9590917870885791,0.3193702142983064,-2.1749624791842237,1.450185269242968,-1.247567572112693,0.7026795507159916,-1.1060365256772944,-1.2849071911689252,0.9762061015767629,-0.5217221471433864,-1.0205303138449713,-0.2220208560986407,-0.5920464453474911,-0.6088285772453519,1.7633684382302242,-1.1163238299697247,-0.7052504427905385,-1.2264834793079649,0.17907520643152947,-1.128100072887392,0.0,0.0,7.0
2011-12-15 18:00:00,0.1349101429756069,-1.2299708796241646,-1.8442557453519837,0.5682706784856847,-2.130836795225981,1.4121960063545906,-1.3131412584874618,0.5618412582878431,-0.8964142199856195,-1.0984937428645756,0.780446980408388,-0.4833653941710815,-0.8502432387102654,-0.16042089002834675,-0.5207164754322977,-0.4839222343732356,1.523790118869746,-1.0284306429088437,-1.412364672615269,-0.0019079496657578563,0.17907520643152947,-1.128100072887392,0.0,0.0,6.0
2011-12-15 22:00:00,0.065832106617601,-0.8955951710639009,-1.6909897091010264,0.8719509467356464,-2.0630619792023355,1.3082553566193114,-1.009651477112276,0.4133739026722456,-0.5622120416479981,-0.878240956824822,0.6187924817495695,-0.29150154275124324,0.28561203358723086,-0.09607042964687695,-0.45609817203986724,-0.22608543033489573,1.2465293618713087,-0.7337495222708617,-0.7052504427905396,1.2226675799764488,0.17907520643152947,-1.128100072887392,0.0,0.0,6.0
2011-12-16 02:00:00,-0.03303142603353582,-0.9968068068453876,-1.5724016662458957,1.0205436668847516,-1.9837154898427338,1.2117390390079803,-1.066327065646551,0.3157470778924644,0.007288800988265083,-0.49698584036410237,0.4623139629530518,-0.2554592377148866,0.5852521028104478,0.4358154762808518,-0.35662760866291376,-0.2696407788087148,0.9342532589573371,-0.6807529698969694,0.708978016858921,1.2226675799764493,-1.4379966940383093,-1.1281000728873922,0.0,0.0,4.0
2011-12-16 06:00:00,-0.07685704554842814,-0.8551170143048744,-1.444396970823704,1.1650385654110504,-1.893116445426731,1.160019610117075,-1.1626065001326344,0.5292818566865175,0.6108988139551271,0.019189254672130444,0.2923662507659646,-0.25547178145364147,0.8517144631476087,0.3779893229423702,-0.30964434629893567,-0.10889161252663969,0.6849741270022609,-0.6731152548941582,1.4160922466836512,-0.0019079496657575102,-1.4379966940383093,-1.1281000728873922,0.0,0.0,3.0
2011-12-16 10:00:00,-0.030121893087630396,-0.38930743214008234,-1.2670622851962783,1.4148509668291047,-1.7830632346048672,0.9668154930056799,-0.445295468547541,0.2239449695387461,0.9551999936834172,0.5388227242365596,0.05218463942120289,0.22834820821469617,1.2564144258753869,0.7563183048122696,-0.3596812552887839,0.3732677154183954,0.47339617999783395,-0.2888653883427173,0.708978016858921,-1.2264834793079646,-1.4379966940383093,-1.1281000728873922,0.0,0.0,2.0
2011-12-16 14:00:00,0.044838344876729316,-0.9553588419920136,-1.221647635095858,1.2557743388431468,-1.6853981325180178,0.840578919930083,-0.6940768055834944,0.38101421779468875,0.6953466096033295,0.774446179189225,-0.24192729079005226,-0.1320771824051431,-0.14743863937115523,0.25648877042023965,-0.43569067736509476,-0.2959879820675663,0.3219918395668069,-0.6082787372625895,-0.7052504427905385,-1.2264834793079649,-1.4379966940383093,-1.1281000728873922,0.0,0.0,1.0
2011-12-16 18:00:00,0.006497757606023947,-0.5233165837865437,-1.1098600120532918,1.309099874820637,-1.5835802988425884,0.7233592449313144,-0.8164533092881902,0.202286724453243,0.6296072100850433,0.7808528166513107,-0.7014912741362532,0.21157812011572735,0.6663535928470662,0.5377260732640545,-0.39744296417400354,0.5496411600190434,0.19666727945369233,-0.4988141515876751,-1.412364672615269,-0.0019079496657578563,-1.4379966940383093,-1.1281000728873922,0.0,0.0,0.0
2011-12-18 22:00:00,-0.06287695871509721,-0.7768494735202677,-1.0613458024982103,1.1796067117437037,-1.491846758535382,0.6145124038610291,-0.9037012477265167,0.07486352748138399,0.1400078404511113,0.5016925641406713,-0.7981940034022883,0.2269584426870396,-0.12407529442846837,0.4019555032297295,-0.32483574666646414,-0.03730421734419417,0.06634690950922965,-0.5221791873220236,-0.7052504427905396,1.2226675799764488,-2.0863921832865144,0.8445865525059428,0.0,0.0,0.0
2011-12-19 02:00:00,-0.09194543019528066,-0.9096540044637185,-1.039742193360198,1.0027941222976338,-1.4138825167826488,0.5848272323002633,-1.020893040116151,0.5732836214243773,0.008033491304211701,0.26632412628528485,-0.8039913822951302,-0.4551310307793631,-0.5195576485874216,-0.3360660672578783,-0.2930282887207193,-0.4075940045025221,-0.12320629861781296,-0.7281746932539346,0.708978016858921,1.2226675799764493,-0.6294607438033901,1.3317999135043364,0.0,0.0,28.0
2011-12-19 06:00:00,-0.139453734225593,-0.5926199908290501,-0.9662360898869801,1.0025597736448466,-1.3359365249553092,0.519855118982617,-0.8965258497352979,0.40123221328741393,-0.19001104291789614,-0.014351831601943074,-0.8070296925374301,0.1363985965456315,0.10794102001144018,0.15581325915410904,-0.23916184702385557,0.26345938290035054,-0.3730288530352655,-0.48754887908590905,1.4160922466836512,-0.0019079496657575102,-0.6294607438033901,1.3317999135043364,0.0,0.0,27.0
2011-12-19 10:00:00,-0.17252142923026237,-0.4692016397105299,-0.8798936414423291,1.037297277766397,-1.2552853464283948,0.4345523713717765,-0.8613115042088648,0.21815598830893407,-0.018893468981143274,-0.06876713661867143,-0.803677607121331,0.3768878692178507,0.3584131776454362,0.1655331002509221,-0.20021797038640138,0.5218927184996432,-0.8054079196956581,-0.37808862940518323,0.708978016858921,-1.2264834793079646,-0.6294607438033901,1.3317999135043364,0.0,0.0,26.0
2011-12-19 14:00:00,-0.22090260000073111,-0.689518154394015,-0.8427999405816019,0.9310918424770477,-1.1829049270775565,0.35534267716171014,-0.961496131154102,0.06782341127673892,0.029037071997791264,-0.06157451967946449,-0.8320402781635111,0.11897884266751048,-0.38441119372271443,-0.22636069670341602,-0.14095792902393567,-0.027463568256966026,-1.012489326964411,-0.43971630738800277,-0.7052504427905385,-1.2264834793079649,-0.6294607438033901,1.3317999135043364,0.0,0.0,25.0
2011-12-19 18:00:00,-0.26898430392695677,-0.8482418896277164,-0.8347107535004118,0.7672123393320968,-1.1232866408577966,0.3201685425362391,-1.0559755670678548,0.2683125795419913,-0.42622918154498135,-0.1424667546761605,-0.8622261488419103,-0.45621866135100353,-1.175741970607934,-0.27296156429056195,-0.07920426655515662,-0.5460848166504045,-1.034362941862953,-0.5761490949530574,-1.412364672615269,-0.0019079496657578563,-0.6294607438033901,1.3317999135043364,1.0,0.0,24.0
2011-12-19 22:00:00,-0.3467730766431914,-0.7924058961715735,-0.8120668643615871,0.6757090064958161,-1.0707941860762804,0.2875068460983017,-1.1176121935736518,0.16433148289543614,-0.9378030596258056,-0.45714475095185625,-0.8711663793938096,-0.46637366692578264,-1.0840365550709083,-0.3218443114446683,0.027293554122518757,-0.4532035316751062,-1.0373341512669474,-0.5146646839151239,-0.7052504427905396,1.2226675799764488,-0.6294607438033901,1.3317999135043364,1.0,0.0,24.0
2011-12-20 02:00:00,-0.42342437194622484,-0.6644608247778948,-0.7697843093973541,0.6559390013527775,-1.0198413224748422,0.2571781279773598,-1.1753920853751247,0.06685670443604924,-1.08982039597752,-0.8402943335931339,-0.901645330611198,-0.43553369230931305,-0.8130440375485223,-0.5346628026300746,0.14108250145004,-0.25288306037901986,-1.0440399288031321,-0.4473723005825497,0.708978016858921,1.2226675799764493,0.8274706956797339,0.8445865525059431,1.0,0.0,22.0
2011-12-20 06:00:00,-0.32668376191354626,0.20422013155603866,-0.6031259353098999,0.9785233272078017,-0.9437671713813391,0.10794876913392054,0.06812136966390268,-0.27483381450585675,-0.1852812920167534,-0.7577824087470691,-0.8480370407729936,1.3920647045343346,1.3747248234247933,0.5651258585932698,-0.001032949531088048,1.5863801964764077,-1.014240843187078,0.08579748488998135,1.4160922466836512,-0.0019079496657575102,0.8274706956797339,0.8445865525059431,0.0,0.0,21.0
2011-12-20 10:00:00,-0.2674696068135847,0.5680730992883584,-0.3984881389555134,1.3399247728881023,-0.8395488456044601,0.07753926496769473,0.7871004867020613,-0.5278857694952183,0.6898577347695317,-0.20039456274852485,-0.7018230614208516,2.65854546683879,1.3835328603441595,0.5868388223233502,-0.08119524405256388,2.0158873290937542,-0.8641425838935782,0.5663020773588853,0.708978016858921,-1.2264834793079646,0.8274706956797339,0.8445865525059431,0.0,0.0,20.0
2011-12-20 14:00:00,-0.19291578159957903,0.24841912122185458,-0.28099376769919343,1.3919470784198436,-0.7312792774437518,0.06831650362449741,0.5998157781414287,-0.769452556844672,1.2012099125898301,0.5841623014377423,-0.7099523931857618,1.9857567567768368,0.628780582168038,0.6086457518638653,-0.17557681853907492,1.2754632201670866,-0.7864933768294035,0.47489050359308604,-0.7052504427905385,-1.2264834793079649,0.8274706956797339,0.8445865525059431,0.0,0.0,19.0
2011-12-20 18:00:00,-0.28434448097296616,0.1842398389862573,-0.19555316266774075,1.3463533961696812,-0.6265603219688654,0.05975251094867129,0.5008364757712919,-0.8278245670776477,0.89600412056866,0.9544454397340895,-0.6611092219086151,1.2560261259797527,0.514157011057208,0.697913617082855,-0.058841361589874026,1.0322140195024097,-0.7567319164649954,0.29425132912934127,-1.412364672615269,-0.0019079496657578563,0.8274706956797339,0.8445865525059431,0.0,0.0,18.0
2011-12-20 22:00:00,-0.2628742019731775,0.5307475532833184,-0.0646657881438425,1.433529509720991,-0.5150525177017795,0.12535766786290325,1.0573195927717445,-0.9907538105134179,0.8491224735576134,1.0089852001081716,-0.5627248214941115,1.489109293798349,1.2513438997700197,0.7769678798402966,-0.08721709894069282,1.4982391232277206,-0.6917960434772268,0.5353212878690162,-0.7052504427905396,1.2226675799764488,0.8274706956797339,0.8445865525059431,0.0,0.0,18.0
2011-12-21 02:00:00,-0.3306835180190742,0.4560105714645867,0.02823640387905317,1.399920743185677,-0.4061619995788653,0.18627674214040452,0.9044600398776824,-1.06189107427859,1.0268752097694926,0.9492847730766762,-0.4962598102301952,1.3193070266995592,1.1299777656526764,0.6434594652061321,0.004559666288509575,1.201678116915883,-0.6333441247117158,0.5615216941695967,0.708978016858921,1.2226675799764493,1.1873030452467948,-0.2501719323160819,0.0,0.0,16.0
2011-12-21 06:00:00,-0.31095343751039844,0.8343657363353525,0.17298908083954537,1.514107946277365,-0.28837914129286984,0.297085607460518,1.3215197587546865,-1.2047277077300118,1.3602729896773056,1.1082723371979721,-0.33380307501660605,1.4532100759312367,1.454215835640642,1.1789311639144149,-0.02280448814552324,1.5918030695751726,-0.535823188784501,0.7872885013067661,1.4160922466836512,-0.0019079496657575102,1.1873030452467948,-0.2501719323160819,0.0,1.0,15.0
2011-12-21 10:00:00,0.06371712910308996,-0.23580553169771087,0.11229287120021046,1.046474688519427,-0.2070132709614217,0.14622706664656043,0.38842880164954596,-0.008531184376146769,0.7117979646630407,1.0612459466385136,-0.34292709027529955,0.5903286426331079,-0.5771165955433631,0.5093534526024174,-0.4540589955784676,0.021361887945244285,-0.5163925994932786,0.22052440604364998,0.708978016858921,-1.2264834793079646,1.1873030452467948,-0.2501719323160819,0.0,0.0,14.0
2011-12-21 14:00:00,0.08084201646759495,-0.07866811901816445,0.09214725415404376,0.782697678618208,-0.1461890623550503,0.003143950319877458,0.13180577771491497,-0.2063328126731854,0.19719350910006697,0.777123789495607,-0.342200872313609,0.07520689773417026,-0.3210170782712664,0.6129649473427217,-0.4704640284192527,0.2525589872739965,-0.5308259076402564,-0.12676805621388648,-0.7052504427905385,-1.2264834793079649,1.1873030452467948,-0.2501719323160819,0.0,0.0,13.0
2011-12-21 18:00:00,0.03708904040782537,-0.31905651733450235,0.029259182724593193,0.4553828814827133,-0.11085452717733506,-0.12971894341204215,-0.03056697041629883,-0.3471545766887498,-0.5766591521144269,0.11382684330374936,-0.34501029827878926,-0.009447493750790716,-0.7277633704092826,0.32204612504441577,-0.4280633171124194,-0.1449488239084438,-0.549231486655847,-0.17489097449523355,-1.412364672615269,-0.0019079496657578563,1.1873030452467948,-0.2501719323160819,0.0,0.0,12.0
2011-12-21 22:00:00,-0.07139984103682406,-0.3339663476225948,-0.023366366614206293,0.2214531984686681,-0.09373729007926852,-0.2653052008374285,-0.10293912748135815,-0.3224338451013946,-0.6389916169985291,-0.34874723718783013,-0.3728237817313065,-0.20118353158634666,-0.7528711662202879,-0.28177147152561416,-0.3155975389410848,-0.20388447467486923,-0.5534868077786143,-0.2749430302380732,-0.7052504427905396,1.2226675799764488,1.1873030452467948,-0.2501719323160819,0.0,0.0,12.0
2011-12-22 02:00:00,-0.19865269763464014,-0.3456535897816772,-0.06659678290228525,0.05987162440639103,-0.08920323464906499,-0.39120672558957276,-0.14189060811414717,-0.35743744543449335,-0.8237682697510014,-0.6983727173371166,-0.37292267364553267,-0.2181588636649712,-0.8420191168720623,-0.6074465602342717,-0.16855720010462127,-0.22345762334218913,-0.5581346580993797,-0.25650565219126525,0.708978016858921,1.2226675799764493,0.17907520643152947,-1.128100072887392,0.0,0.0,10.0
2011-12-22 06:00:00,-0.10912948020543005,0.23848348126572722,-0.0025058406952237124,0.22260511043956754,-0.07199629228801081,-0.3525296597589609,1.008837298336571,-0.629668625065883,-0.550159317982513,-0.6892979239176477,-0.3731645037842985,0.44856078175936015,0.04371300134733298,0.07213803610245643,-0.27381978807537355,0.6123969283910512,-0.5509861092924053,0.2177727856873695,1.4160922466836512,-0.0019079496657575102,0.17907520643152947,-1.128100072887392,0.0,0.0,9.0
2011-12-22 10:00:00,0.006193798586046744,-0.4427663933721326,-0.07796771349502479,-0.026901830426656545,-0.07421972856098567,-0.3877258355446393,0.5455121492042662,-0.4193158882259044,-0.7277396913240761,-0.7196894515351768,-0.4125808682394315,-0.18822675919824147,-1.2535823499561716,-0.47368364072382113,-0.3971345594003138,-0.5974096712171716,-0.5512101847360775,-0.17363667767613053,0.708978016858921,-1.2264834793079646,0.17907520643152947,-1.128100072887392,0.0,0.0,8.0
2011-12-22 14:00:00,-0.003188916085763593,-0.23984796823334373,-0.10053014732710894,-0.0825791844708337,-0.08077904449591868,-0.4224570099294085,0.3132968832861269,-0.5682703798563631,-0.8260613800084259,-0.7204747206719798,-0.4305406514188591,-0.336033130502837,-1.119250030410914,-0.5949091424290245,-0.3875736604500563,-0.2768213479188757,-0.56075741942257,-0.2298095039360065,-0.7052504427905385,-1.2264834793079649,0.17907520643152947,-1.128100072887392,0.0,0.0,7.0
2011-12-22 18:00:00,-0.12268865733692222,-0.22675614202712496,-0.1149863799229887,-0.10506580654312987,-0.08908950843318035,-0.45470738614383693,0.25115035753108494,-0.612098155152558,-1.230124323745953,-0.9533268181249192,-0.4399457130322718,-0.31028726545198476,-1.0955955328986073,-0.536596432197389,-0.2584446873920537,-0.2700532641962811,-0.5673121388078192,-0.18208751744842291,-1.412364672615269,-0.0019079496657578563,0.17907520643152947,-1.128100072887392,0.0,0.0,6.0
2011-12-22 22:00:00,-0.2207117454058976,-0.0703693082425685,-0.09895642733449396,-0.04010863439173902,-0.09234142592073007,-0.4586281066221577,0.4167008501135163,-0.6712461725317408,-1.076918213983714,-1.0729020178743927,-0.4821676390559439,-0.14556962688791372,-0.8215976033813326,-0.7517863148777072,-0.14119723633535136,-0.05821448933209205,-0.5792927040092445,-0.05129681594056891,-0.7052504427905396,1.2226675799764488,0.17907520643152947,-1.128100072887392,0.0,0.0,6.0
2011-12-23 02:00:00,-0.3047892559776387,-0.0209607749967791,-0.07734334417127754,0.027047622210512205,-0.09036354303120178,-0.4325887823959364,0.6182480291060005,-0.7389786234663426,-0.9412925480374528,-1.1123626061989125,-0.5685931074213777,-0.014217233415639007,-0.7368356539623333,0.09282361531751446,-0.031240238510585574,-0.04274750206409135,-0.620270330890461,0.0558010017275121,0.708978016858921,1.2226675799764493,-1.4379966940383093,-1.1281000728873922,0.0,0.0,4.0
2011-12-23 06:00:00,-0.3421445593036173,-0.03094281030432961,-0.06122823682785453,0.06581379671075326,-0.08536674032278004,-0.3751308983290184,0.7979273273807869,-0.8503420221554168,-0.8196489095083458,-0.9717964589002336,-0.6626384512815114,0.049813883964921216,-0.7526053189705375,-0.05054127711529497,0.020714465291578624,-0.1379542333477897,-0.6408052911670572,0.1149996683305893,1.4160922466836512,-0.0019079496657575102,-1.4379966940383093,-1.1281000728873922,0.0,0.0,3.0
2011-12-23 10:00:00,-0.35663110784296526,-0.24489083172541273,-0.07999201809213431,0.0019286484268290795,-0.08534500009533864,-0.3864482063883783,0.5605275346906646,-0.5657352681688395,-0.9133284932031916,-0.915775620647364,-0.7395467794150462,-0.42330320464683835,-1.0857394922685124,0.01534914529321204,0.04141292960391426,-0.6319734767499956,-0.6594887997789113,-0.05865924717347213,0.708978016858921,-1.2264834793079646,-1.4379966940383093,-1.1281000728873922,0.0,0.0,2.0
2011-12-23 14:00:00,-0.4038556453421116,-0.16725875282557354,-0.08340143543854524,-0.007403489524112817,-0.08605000106885252,-0.45154814995073383,0.3957173086660817,-0.29216562869486135,-0.9979197590768837,-0.9351674492733639,-0.7331993666051295,-0.7400358010694412,-0.9753518372111704,0.07864565845548593,0.1111369383877745,-0.45970325461547323,-0.6870038689403224,-0.18696038891595576,-0.7052504427905385,-1.2264834793079649,-1.4379966940383093,-1.1281000728873922,0.0,0.0,1.0
2011-12-23 18:00:00,-0.4742201825619606,-0.2816849469884528,-0.10135506569747192,-0.05444093081646539,-0.0904180476118135,-0.5112046863127223,0.28894992980177187,-0.38027573261174624,-0.9945225194835501,-0.9950524235393189,-0.7601508740742751,-0.6811025041346913,-0.743026355787818,0.012680242510058396,0.22188547668227487,-0.6133494979236928,-0.74605455375984,-0.1712709321038562,-1.412364672615269,-0.0019079496657578563,-1.4379966940383093,-1.1281000728873922,0.0,0.0,0.0
2011-12-25 22:00:00,-0.5237770260692964,-0.17750182162310735,-0.10162137335065341,-0.043947415412077,-0.0939689105654065,-0.5815639377186179,0.14630253105791896,-0.38486182225353904,-0.7918364670195331,-0.9534478220070539,-0.7635629875755123,-0.6046386839220959,-0.5142395491931141,-0.3852531178779757,0.3052870353631745,-0.39354784282953453,-0.8103764718493538,-0.14575234915310215,-0.7052504427905396,1.2226675799764488,-2.0863921832865144,0.8445865525059428,0.0,0.0,0.0
2011-12-26 02:00:00,-0.6161921617390151,-0.12516347324262148,-0.09463308108085665,-0.01581436920163964,-0.09532890965725821,-0.6312904119889101,0.22837555620412386,-0.4314543642254075,-0.5889229960373012,-0.8133880346385813,-0.7666837717055016,-0.31059677258971824,-0.40321065775747095,0.23584695235320738,0.47429012209158844,-0.2757266545686864,-0.8842405635122618,-0.033600991369488846,0.708978016858921,1.2226675799764493,-0.6294607438033901,1.3317999135043364,0.0,0.0,28.0
2011-12-26 06:00:00,-0.6442453577462814,0.03635346416263116,-0.06939480701097095,0.05634641301341909,-0.09106938042617617,-0.6413571915205821,0.39014598590070526,-0.5639093139519599,-0.34908068838487705,-0.5923583009297874,-0.8277924567507134,-0.10145710564572316,-0.06675947158883257,0.15527196918201366,0.5294288108709436,0.059879724523339735,-0.8893988404629184,0.02559868456290305,1.4160922466836512,-0.0019079496657575102,-0.6294607438033901,1.3317999135043364,0.0,0.0,27.0
2011-12-26 10:00:00,-0.6945985032618306,0.21716039357202627,-0.02750332026743024,0.159384912549861,-0.07878571746588968,-0.6280029735047848,0.47743897113695005,-0.6578122528391317,-0.05434909639406761,-0.3398078319503056,-0.8781562729970808,0.4098260912219802,0.31679488064350486,0.2461555264020707,0.6333709419904072,0.4680289528604891,-0.9064816630158185,0.14728319753425798,0.708978016858921,-1.2264834793079646,-0.6294607438033901,1.3317999135043364,0.0,0.0,26.0
2011-12-26 14:00:00,-0.7445113265942024,0.07165672734490613,-0.009658087065779496,0.17639093596071265,-0.06517770868666592,-0.6265956385070985,0.34016126292250826,-0.67567067151833,0.20572831532048225,-0.06768173277607462,-1.1419432931548141,0.5218552995814438,0.33011175976037754,0.05092166294876758,0.7432432017470885,0.5956388333703556,-0.920757294351685,0.08510244408332962,-0.7052504427905385,-1.2264834793079649,-0.6294607438033901,1.3317999135043364,0.0,0.0,25.0
2011-12-26 18:00:00,-0.7946465455415003,-0.09311993360565768,-0.012932054605193508,0.13253487081463475,-0.05498499548290202,-0.641985768002343,0.2123382307479503,-0.654341995080935,0.30458361175551096,0.15616376225334097,-1.1417850779927956,0.33080138196992237,0.21197601908016828,-0.06834951989308485,0.8611655547533726,0.10934808962271006,-0.9244462036337121,0.01538163820119815,-1.412364672615269,-0.0019079496657578563,-0.6294607438033901,1.3317999135043364,0.0,1.0,24.0
2011-12-26 22:00:00,-0.8348880152852676,-0.175398603915607,-0.024032891535271644,0.076154760478773,-0.04918288915945527,-0.7164227206405167,0.07229464291509453,-0.3488720454501913,0.11365710811198503,0.21369701289528933,-1.149762007185708,-0.23459709442888796,-0.22154747018614118,-0.10128217803003355,0.9618403842926444,-0.08803954639477013,-0.9571898981722285,-0.08809282886187765,-0.7052504427905396,1.2226675799764488,-0.6294607438033901,1.3317999135043364,0.0,1.0,24.0
2011-12-27 02:00:00,-0.871939461226263,0.12761361552194156,-0.0022582168351112726,0.12049799454341878,-0.03992754893100303,-0.737721067076921,0.36178012504248475,-0.46430903948104935,0.2088041107405311,0.21475031035739992,-1.145966772488176,0.5697998598645252,0.598391229042865,0.19267761317413593,1.0597145525529956,0.6862764214933679,-1.0134848953586904,0.07093404815134802,0.708978016858921,1.2226675799764493,0.8274706956797339,0.8445865525059431,0.0,1.0,22.0
2011-12-27 06:00:00,-0.9218103975472016,0.160975788687894,0.018035154606494633,0.15194226854764603,-0.02822348263644159,-0.7574981030535822,0.24239515532682004,-0.5510634187040682,0.37836009861537306,0.24001486009513265,-1.1452577945090456,0.596784775599568,0.6900613941740873,0.15874079625794965,1.2000411501694779,0.7016661408139112,-1.1927800004945792,0.08315471028236845,1.4160922466836512,-0.0019079496657575102,0.8274706956797339,0.8445865525059431,0.0,1.0,21.0
2011-12-27 10:00:00,-0.9356089141312102,0.023229498322196226,0.021459727142597338,0.13120124939145208,-0.018134625337915947,-0.7520354301008828,0.2663273521487978,-0.691623345044247,0.5860718281025582,0.4017919478644373,-1.1567008744773453,0.4640663784153832,0.3641230292632138,0.17757073585306019,1.240740892814543,0.3143537460315898,-1.2287584816833046,0.06221754390985436,0.708978016858921,-1.2264834793079646,0.8274706956797339,0.8445865525059431,0.0,1.0,20.0
2011-12-27 14:00:00,-0.9651503770478428,0.11084449588695547,0.031635792885835935,0.13297782085877863,-0.007907417353991635,-0.749209893272621,0.10791403404397708,-0.7850382984390116,0.7434149903598221,0.5848679349893117,-1.213383896557156,0.527671166410387,1.0420409384341576,0.1543088483904183,1.3308032855197587,0.7166864819997723,-1.224797570300165,0.04939138595374326,-0.7052504427905385,-1.2264834793079649,0.8274706956797339,0.8445865525059431,0.0,1.0,19.0
2011-12-27 18:00:00,-1.0244606792565594,0.060919930146554134,0.035094680553169146,0.11612305546351029,0.001007224044486933,-0.7465861805035205,0.027900547542850616,-0.8395478558893033,0.8226198429980518,0.7370034308112869,-1.2755716846328584,0.6139918342569385,0.9133898779239972,0.10617187594008755,1.5246767310635896,0.5724074939165006,-1.220839082270796,0.06869882364941442,-1.412364672615269,-0.0019079496657578563,0.8274706956797339,0.8445865525059431,0.0,1.0,18.0
2011-12-27 22:00:00,-1.0703811712104987,0.001158858324568014,0.03268517372500436,0.08667258139851931,0.0076284067518053375,-0.7668935103006582,-0.07555542691676753,-0.7750183439079775,0.93674863272944,0.8570917129924909,-1.2901709718265546,0.419035548767145,0.685924140103497,-0.004274502021413589,1.6881148994234672,0.32708104698126833,-1.2314923154240147,0.038191403029804345,-0.7052504427905396,1.2226675799764488,0.8274706956797339,0.8445865525059431,0.0,1.0,18.0
2011-12-28 02:00:00,-1.1243844198694297,-0.17532803930406882,0.01702317790402299,0.027054979129223753,0.009606862562133538,-0.7949065121723944,-0.1518106781128584,-0.7756120506155021,0.6443955501812281,0.8231827851230136,-1.3060988046272504,0.040789044611091195,0.2177130283334747,-0.1678922009952883,1.8973071591211927,-0.3210429151478358,-1.2473913885632602,-0.013831776837065197,0.708978016858921,1.2226675799764493,1.1873030452467948,-0.2501719323160819,0.0,1.0,16.0
2011-12-28 06:00:00,-1.1461233140127514,0.01277013615576173,0.017958244679627904,0.024517998579944057,0.011387750751743317,-0.7961044859728366,-0.09870058258824767,-0.8848792215976645,0.4787085414661798,0.7054113303853464,-1.3048972637621554,0.23524712767286982,0.44621359767257895,-0.03274813347167448,1.9872687524473376,0.2947602609320293,-1.275679083333069,0.015539318964796897,1.4160922466836512,-0.0019079496657575102,1.1873030452467948,-0.2501719323160819,0.0,1.0,15.0
2011-12-28 10:00:00,-1.1824067184494476,0.0837282714570363,0.023392592798564857,0.034730008221605706,0.013963900240549693,-0.78129676739474,-0.07884330711782685,-0.9626615677810213,0.47493103776041784,0.5472631981759956,-1.3022855781043412,0.6035272708884076,0.6752729723168366,0.07229934866261278,2.1455416094918447,0.5120917543518791,-1.2768206903445323,0.06401417745789487,0.708978016858921,-1.2264834793079646,1.1873030452467948,-0.2501719323160819,0.0,1.0,14.0
2011-12-28 14:00:00,-0.7590617125038545,-1.919649173331266,-0.22666604624164902,-0.6522428303140584,-0.03695803059538491,-0.5593559746935406,-1.0188965142435533,2.9397759442964504,-0.04098060720968215,0.3125580671177785,-0.7382162964390705,-4.05561371061901,-1.2369676077931353,-1.0855230563573852,0.7766528909892388,-3.1563558302190935,-1.0151305509107345,-0.9951689735128574,-0.7052504427905385,-1.2264834793079649,1.1873030452467948,-0.2501719323160819,0.0,0.0,13.0
2011-12-28 18:00:00,-0.7863789338031465,-1.8405681702429233,-0.41358149891674323,-1.0300218297736916,-0.11729953979656009,-0.3532680957567124,-1.1203214154642551,2.6273804997476717,-0.6134340491176308,-0.06144308114660801,-0.4716898284943616,-3.2324962792575733,-1.16789406038539,-1.1962869343504845,0.8411650686624865,-2.204748129133668,-0.7383920230907368,-1.2680896457849524,-1.412364672615269,-0.0019079496657578563,1.1873030452467948,-0.2501719323160819,0.0,0.0,12.0
2011-12-28 22:00:00,-0.7180018922920033,-1.9949181968032559,-0.5913629997857518,-1.3073934759856591,-0.21924139442112,-0.10945616315779663,-1.3200188548440492,3.1829475135857357,-1.256143286057177,-0.6542445984765873,-0.21462790947348545,-2.5402539050280186,-1.1369301263161713,-1.3811267768734934,0.6839999119791803,-1.9741972413773685,-0.4765204517327815,-1.419060562616835,-0.7052504427905396,1.2226675799764488,1.1873030452467948,-0.2501719323160819,0.0,0.0,12.0
2011-12-29 02:00:00,-0.7630867139114365,-1.8280395159263205,-0.7108889505078365,-1.3707897472436026,-0.32612024017807456,0.11694063139834009,-1.3881798247755603,2.922237690342327,-1.1779135602510364,-1.043584079972118,-0.03970855250937944,-1.7199467770928316,-1.016388622206791,-1.2625538339456306,0.7860099129821931,-1.5721627849500577,-0.31527203165499895,-1.2043294327442455,0.708978016858921,1.2226675799764493,0.17907520643152947,-1.128100072887392,0.0,0.0,10.0
2011-12-29 06:00:00,-0.7752816790908994,-1.934530649453261,-0.8196497287908948,-1.392217004140434,-0.43466773576556544,0.29987799546253546,-1.311128899474037,2.5554762210413555,-1.1986897456721528,-1.2440032417435292,0.12893315530033575,-1.3910844334086254,-1.2264752436545237,-1.4080445365529992,0.8146706019145329,-1.482487957904473,-0.1862963329478882,-1.1447939905477853,1.4160922466836512,-0.0019079496657575102,0.17907520643152947,-1.128100072887392,0.0,0.0,9.0
2011-12-29 10:00:00,-0.6878124129026512,-2.1273846478206755,-0.9410085536734146,-1.4436354331710657,-0.5472194467923686,0.5334725729472671,-1.5059366952641138,3.4425235664783815,-1.2201941356211548,-1.2316925566204315,0.32000672196750785,-1.4347468830449268,-1.1975645778846014,-1.6031191942413554,0.6189732580717827,-1.5075303894481293,-0.0009502721952977373,-1.4193318466821705,0.708978016858921,-1.2264834793079646,0.17907520643152947,-1.128100072887392,0.0,0.0,8.0
2011-12-29 14:00:00,-0.6031189872673993,-1.0718133570239765,-0.9323168789508147,-1.1309302395870793,-0.6354192087668931,0.6223616280899723,-0.8135151566262827,2.6960450991639493,-1.0233976030589125,-1.1787790031034555,0.3637749425286835,-0.9076286667459074,-0.46149495394748113,-1.1424470883046227,0.4492344443690752,-0.8757755189918524,0.08100510359310321,-0.9045882666149685,-0.7052504427905385,-1.2264834793079649,0.17907520643152947,-1.128100072887392,0.0,0.0,7.0
2011-12-29 18:00:00,-0.6295809165968668,-0.731308144030303,-0.8784558992245893,-0.7578699476293324,-0.694566862207303,0.6591123650007622,-0.5885223955824533,2.38494600865664,-0.6402104168426965,-0.9875293329001472,0.3544103067642957,-0.5924906119362325,-0.14602864929072293,-0.9079948532661767,0.5003683725793653,-0.606912216551827,0.11619790585291266,-0.5547390700025149,-1.412364672615269,-0.0019079496657578563,0.17907520643152947,-1.128100072887392,0.0,0.0,6.0
2011-12-29 22:00:00,-0.675931392485832,-0.8594350548255859,-0.8468202119297717,-0.5198920397701342,-0.7351819616426623,0.6921189605462941,-0.6818778640862126,2.1546505300087917,-0.32532950275640604,-0.681085464564512,0.352995900189419,-0.5426607702683848,-0.3097164882495624,-1.06768002107786,0.5940639144813683,-0.6587929488134118,0.1454132278013808,-0.5232145039285369,-0.7052504427905396,1.2226675799764488,0.17907520643152947,-1.128100072887392,0.0,0.0,6.0
2011-12-30 02:00:00,-0.7009800330097858,-0.9896520736245633,-0.8335242543050113,-0.37940824372481097,-0.7648568710391003,0.7477322518292255,-0.8066474363476055,2.2963980813464113,-0.3311658181352184,-0.444032643203362,0.3612863309448723,-0.5878786895004406,-0.4779512116238872,-1.190240079931555,0.6470250096659241,-0.7095010975014839,0.17430341162754032,-0.6075576325181201,0.708978016858921,1.2226675799764493,-1.4379966940383093,-1.1281000728873922,0.0,0.0,4.0
2011-12-30 06:00:00,-0.667109892595283,-1.142012783130444,-0.8389009094905625,-0.31782544183506667,-0.7897360134163608,0.834769262146486,-0.9968746012300973,2.463940426846849,-0.5203753433820999,-0.40299546045540924,0.37668199233890587,-0.6481402816907464,-0.6795297540453932,-0.11295684772560635,0.5758101804627214,-0.7758880661921512,0.20477568513731667,-0.7051765311521859,1.4160922466836512,-0.0019079496657575102,-1.4379966940383093,-1.1281000728873922,0.0,0.0,3.0
2011-12-30 10:00:00,-0.663750394429285,-0.7210811010852839,-0.7920306194661303,-0.1264062993527205,-0.7997083704219577,0.8759984835609618,-0.8669789719039046,2.0755319173096027,-0.5327384657703873,-0.47402207455905704,0.32810429479769637,-0.4581468926094947,-0.3445759354352277,0.05422843624145048,0.5689118101723971,-0.48437706320717505,0.19422501235486334,-0.46960858750558204,0.708978016858921,-1.2264834793079646,-1.4379966940383093,-1.1281000728873922,0.0,0.0,2.0
2011-12-30 14:00:00,-0.616442225466927,-0.5204952604907905,-0.7253332931982074,0.08067419187429221,-0.7935543129146259,0.7770749550981817,-0.04805245479670399,1.5937708880441264,-0.42523305369830133,-0.5062351339324154,0.25182866596885073,-0.19811406187996278,-0.17482558392238592,0.3261341490231574,0.47477328399126784,-0.30903954297450886,0.16264381175669598,-0.1727931980239659,-0.7052504427905385,-1.2264834793079649,-1.4379966940383093,-1.1281000728873922,0.0,0.0,1.0
2011-12-30 18:00:00,-0.618280011915496,-0.49121999485415774,-0.6619814273909634,0.23723629365674292,-0.7752079656585151,0.7183040593576877,-0.2482040307157856,1.7222335115992355,-0.21796589222180504,-0.4026758707417966,0.17018631251893834,-0.31297443381138007,-0.09511277248596278,0.2773755788955115,0.47832870186119386,-0.23786855618874422,0.1381218297416279,-0.3219984541959511,-1.412364672615269,-0.0019079496657578563,-1.4379966940383093,-1.1281000728873922,0.0,0.0,0.0
2011-12-31 22:00:00,-0.6966853728542401,-0.6720789240945954,-0.6280192157791973,0.28252293445673804,-0.7533349166010347,0.6637310847415144,-0.3135241754905578,1.6097845467267444,0.06737113302092863,-0.19717003206513067,0.06576150414093501,-0.27872845771544064,0.45996927969483664,0.27764999430137843,0.6378237508681838,-0.3264814454700043,0.11597878688554003,-0.3005117572443564,-0.7052504427905396,1.2226675799764488,-2.446224532853575,-0.25017193231608226,0.0,0.0,0.0
2012-01-01 22:00:00,-0.7556024941698801,-0.7928285386217195,-0.6101091222514862,0.27507782473195536,-0.7320416562276773,0.6382181318600494,-0.40361217516073505,1.8072913089426819,0.2220456964833395,0.024488749400084702,-0.05563811956308505,-0.35449144480709155,0.2612996607077207,0.41981479602906235,0.7686512978073672,-0.37381164474154027,0.07327828944915972,-0.37656940763627494,-0.7052504427905396,1.2226675799764488,-2.0863921832865144,0.8445865525059428,0.0,0.0,0.0
2012-01-02 02:00:00,-0.7822199031726482,-0.9407289943879819,-0.6087544489221144,0.22407793585482275,-0.7147200174362117,0.6481672586824773,-0.5395782876854629,2.0577154933579376,0.26101200239994393,0.1885133778014301,-0.19782413670752408,-0.49492490507295117,0.014757844374323668,-0.11831231592696687,0.8311886925472854,-0.46003073632202324,0.023235936850790104,-0.4719290289173884,0.708978016858921,1.2226675799764493,-0.6294607438033901,1.3317999135043364,0.0,0.0,28.0
2012-01-02 06:00:00,-0.76464123236491,-0.41020266024382224,-0.5528157973835637,0.3317894988261587,-0.6890103296208185,0.5837742538770295,-0.16494718300801606,1.655183991512674,0.3195867101153076,0.2748838904586086,-0.3689388725624119,-0.13475785130173,0.6251283605394915,-0.06342135025944327,0.789637269854921,0.01779420439291886,-0.05009867709701434,-0.2546633279436502,1.4160922466836512,-0.0019079496657575102,-0.6294607438033901,1.3317999135043364,0.0,0.0,27.0
2012-01-02 10:00:00,-0.7492650802209608,-0.829196807047249,-0.5570483962956921,0.2542454876486515,-0.6693393896364451,0.5306484296319262,-0.38556871645688606,1.3779691345900278,0.2049840211069666,0.26904116787174703,-0.6213736660474419,-0.31239464451319693,-0.06183767137970554,-0.22420892008390225,0.754087460106629,-0.44647243808839515,-0.13238559275746503,-0.3597754356001581,0.708978016858921,-1.2264834793079646,-0.6294607438033901,1.3317999135043364,0.0,0.0,26.0
2012-01-02 14:00:00,-0.7835947231048979,-0.8360957591745528,-0.5551498001085128,0.20889196538287452,-0.6532003598544553,0.4941898560005972,-0.5102847245708938,1.331678309648999,0.00046709189466581674,0.17981829849227635,-1.0786017583442362,-0.5026159287276167,-0.5619044961364297,-0.12911811799410886,0.834480269334008,-0.5454116084351814,-0.23464334185517458,-0.42751641666435464,-0.7052504427905385,-1.2264834793079649,-0.6294607438033901,1.3317999135043364,0.0,0.0,25.0
2012-01-02 18:00:00,-0.8473511924261183,-0.6623256683299681,-0.5322372531238891,0.22978366858202562,-0.6354343865411155,0.4603354662000772,-0.5802324989995946,1.209482347633384,-0.44802760943904435,-0.08304905913366208,-1.0782352102341706,-0.3316429811462067,-0.6394613493387311,0.06330171798143851,0.9941877466843947,-0.17801175488706064,-0.36073874204215367,-0.367195894711843,-1.412364672615269,-0.0019079496657578563,-0.6294607438033901,1.3317999135043364,1.0,0.0,24.0
2012-01-02 22:00:00,-0.819754523856216,0.032676028719331035,-0.4383862699671049,0.4395055305217086,-0.6013363016994377,0.28602566071298063,0.3354371269563835,0.8489596496569015,-0.18080493206601497,-0.21516139750266766,-1.0350317870229864,0.8468814314364568,0.6916317610285961,0.1978981975606794,0.9233175966952408,1.2818431736502611,-0.5133414451468652,-0.04353288507322347,-0.7052504427905396,1.2226675799764488,-0.6294607438033901,1.3317999135043364,1.0,0.0,24.0
2012-01-03 02:00:00,-0.8670402935677197,0.12065464466792149,-0.35004671216564653,0.5922875959468683,-0.5553402978283589,0.09338256762456087,0.7378760158594915,0.7026148967571899,0.33120967138931057,-0.10189953446626776,-0.999715299911515,1.5217716050980543,0.8817879196524661,0.14476896739503964,1.0464732545423872,1.2908187765542307,-0.7047951732975188,0.1798651225622798,0.708978016858921,1.2226675799764493,0.8274706956797339,0.8445865525059431,1.0,0.0,22.0
2012-01-03 06:00:00,-0.8301464329607233,0.5995662534268853,-0.21739239056392223,0.8350843592814214,-0.49043647108738836,-0.004393164189061665,1.2676685857866952,0.3654925651083577,1.050535007625995,0.41127900500339026,-0.8759661301233436,1.947201710932034,1.3887709030257447,0.41393738154495885,0.9496825087161909,1.8935744987696606,-0.9569874997022324,0.3882517496343137,1.4160922466836512,-0.0019079496657575102,0.8274706956797339,0.8445865525059431,0.0,0.0,21.0
2012-01-03 10:00:00,-0.773793530635836,0.9008211829402102,-0.06681848147834077,1.0780771820557054,-0.4066095533275299,-0.00012357121466255482,2.0627771631373895,0.0245151111106779,1.1635271459217418,0.8716417315840882,-0.7258139943370998,2.4220518168963503,1.0102279338730544,0.7349751736659589,0.811147865234922,1.9802544392393255,-0.8127678087806833,0.7126212812380854,0.708978016858921,-1.2264834793079646,0.8274706956797339,0.8445865525059431,0.0,0.0,20.0
2012-01-03 14:00:00,-0.745769584842957,1.0886572015637255,0.08211202659524917,1.268000093283005,-0.307992369358596,0.022183946504305264,1.892417652589179,-0.22846405539765896,1.277409265617974,1.1956651125783677,-0.6256285545636755,2.1803995896906216,1.2028935119341884,0.9547413221990205,0.7461068916186585,1.9435461487188699,-0.6502560893870322,0.8054456844077711,-0.7052504427905385,-1.2264834793079649,0.8274706956797339,0.8445865525059431,0.0,1.0,19.0
2012-01-03 18:00:00,-0.7598327540266094,1.106148675738608,0.2005011993406276,1.3368419005644703,-0.2040141225804037,0.05890103475734686,1.8285497839180869,-0.39147495599941856,1.1705382300337264,1.2367598774587727,-0.48712717859142657,1.8047218021166296,1.087433983142471,1.061645073411563,0.7784414497917928,1.6050639925669312,-0.5167414572152949,0.8479372346131361,-1.412364672615269,-0.0019079496657578563,0.8274706956797339,0.8445865525059431,0.0,1.0,18.0
2012-01-03 22:00:00,-0.8259177730670059,1.03887222970305,0.2853080953919825,1.3005450656188733,-0.10286249554978762,0.08854848391324507,1.6940687047096235,-0.4267111357758501,1.1761336861913905,1.2410769516001352,-0.3796293430023609,1.3214105389912185,1.0260050573441133,0.8045942323194595,0.9389078719358439,1.3249317654116148,-0.42539556536531853,0.7007420002161492,-0.7052504427905396,1.2226675799764488,0.8274706956797339,0.8445865525059431,0.0,1.0,18.0
2012-01-04 02:00:00,-0.8500377270029001,0.7467282645150727,0.3245295072815805,1.1474791249986465,-0.01363089435853055,0.02769135149594572,1.4396155700601656,0.15465702222388056,1.0187419939731068,1.1524970743499654,-0.3237379821838387,0.8941553354642805,0.7591069659445032,0.9512538141868069,1.0012356556338964,0.9792067861622532,-0.38506672537829945,0.4791510256434616,0.708978016858921,1.2226675799764493,1.1873030452467948,-0.2501719323160819,0.0,0.0,16.0
2012-01-04 06:00:00,-0.8052049753392433,0.8123597741813694,0.35967523019256925,1.0139372837636982,0.06520112223731579,0.030275822027672754,1.778852172430747,-0.14408538446479088,0.9353536066907367,1.071958763745865,-0.28391072927819394,0.9114564469834961,0.852309474052316,0.9953758137021192,0.8870395054484075,0.9374611010663741,-0.3906272929728248,0.5609757762691088,1.4160922466836512,-0.0019079496657575102,1.1873030452467948,-0.2501719323160819,0.0,1.0,15.0
2012-01-04 10:00:00,-0.5366343592956911,-0.8660174911703439,0.18662923236341264,0.34065811826073616,0.09160145470161826,-0.08387331450852306,0.7674286891686376,1.715222999181098,0.0924547730797179,0.7008559779484401,-0.2961779178307589,-0.172147548490353,-1.3506588994051427,-0.013174103252459001,0.3277111639672918,-0.7712397363436917,-0.4158078586808654,-0.27480197824715075,0.708978016858921,-1.2264834793079646,1.1873030452467948,-0.2501719323160819,0.0,1.0,14.0
2012-01-04 14:00:00,-0.4643175315949135,-0.5507937976438165,0.0861065982191847,-0.000644461808251433,0.09142281370535049,-0.12792724862602536,0.36884983013626704,2.0365345106045396,-0.4119389191234152,0.21092333644966688,-0.30133353174211036,-0.6680720592200159,-0.6630972897373539,-0.16827775988081325,0.20577320049824058,-0.45219871556940266,-0.40549508535049344,-0.6189391953656065,-0.7052504427905385,-1.2264834793079649,1.1873030452467948,-0.2501719323160819,0.0,1.0,13.0
2012-01-04 18:00:00,-0.5284695640130898,-0.6896677800507487,-0.015904394381250152,-0.2777360348133625,0.06966563801543385,-0.16883447316370628,0.24844778063860282,1.8568817903175436,-1.0281254418747146,-0.4614645230550134,-0.28750145742988814,-0.5591227330157935,-0.8851093487781961,-0.32056617067746673,0.31343246277318393,-0.6252505832618881,-0.400195025595873,-0.5121973481016568,-1.412364672615269,-0.0019079496657578563,1.1873030452467948,-0.2501719323160819,0.0,1.0,12.0
2012-01-04 22:00:00,-0.5492164362658092,-0.9193759240522116,-0.13396216215361822,-0.5430691786470141,0.027245616510701457,-0.16857821354863226,0.059615967531065676,2.119462647204244,-0.9989561392518406,-0.8352151101666149,-0.2473082094206623,-0.760678269199919,-1.2684122199426717,-0.7829166583739373,0.3499824801511279,-0.8965081594371564,-0.38769123803293914,-0.6492676875162117,-0.7052504427905396,1.2226675799764488,1.1873030452467948,-0.2501719323160819,0.0,1.0,12.0
2012-01-05 02:00:00,-0.6120387578093891,-0.9903884853658372,-0.23720019365385217,-0.7150143219239572,-0.028564650678397176,-0.16834025819177745,-0.046405771569644226,1.9417122088596526,-1.2567052347020071,-1.1245029511183897,-0.20719478255539703,-0.7911721920011252,-1.3898547137769615,-1.0483556916306556,0.46628660956737833,-0.9439879637434498,-0.3817608402877684,-0.6548755202815169,0.708978016858921,1.2226675799764493,0.17907520643152947,-1.128100072887392,0.0,1.0,10.0
2012-01-05 06:00:00,-0.44879932970234393,-1.4767265270565588,-0.4101317453421301,-1.0421917825163194,-0.10985389619875668,-0.07032308593269548,-0.4884127434212069,2.7010803420850644,-1.4870441603198865,-1.2816583712423921,-0.06881716411802698,-1.1602195678568956,-1.5345801992800414,-1.6371170015339458,0.18087939781830342,-1.504137591139845,-0.31150624463800153,-0.9678917390253435,1.4160922466836512,-0.0019079496657575102,0.17907520643152947,-1.128100072887392,0.0,1.0,9.0
2012-01-05 10:00:00,-0.36665914424033624,-1.8651108510360739,-0.6415468021321197,-1.4630550139792988,-0.22391790907459097,0.07989941401560244,-0.7571436761795316,3.2402962127802386,-1.6102342402297924,-1.4909888319768447,0.19571300399395714,-1.6866538745933601,-1.6157628284334251,-2.1244136999517207,0.05592704913182742,-1.8389390124132177,-0.12004234675706495,-1.5122353920164675,0.708978016858921,-1.2264834793079646,0.17907520643152947,-1.128100072887392,0.0,1.0,8.0
2012-01-05 14:00:00,-0.3680318591539313,-1.9837283836341344,-0.8517835135449047,-1.7421237952140403,-0.35971443193793434,0.24780677420129982,-0.9081688129724405,3.463081485927494,-1.6591490598712173,-1.6288045842631267,0.47475448877202014,-1.755340414864689,-1.5277764715929345,-2.26928853662121,0.05792585726863768,-1.7016835799970975,0.11450725374632838,-1.7466512108556829,-0.7052504427905385,-1.2264834793079649,0.17907520643152947,-1.128100072887392,0.0,1.0,7.0
2012-01-05 18:00:00,-0.4258048491182818,-2.017132552552119,-1.0171737794449947,-1.843361115583398,-0.5033948215179387,0.40853550763032503,-0.9916779396623134,3.314775711026771,-1.6601045296856678,-1.6880686193991083,0.7081131849809692,-1.5928006348026078,-1.5372742719008783,-2.2072270617914946,0.144768999644664,-1.5155336040176113,0.3298787291700474,-1.7256106952666574,-1.412364672615269,-0.0019079496657578563,0.17907520643152947,-1.128100072887392,0.0,1.0,6.0
2012-01-05 22:00:00,-0.5103832414080712,-1.9101925492776686,-1.125158849764941,-1.7681635613096631,-0.6412191938391886,0.5564179979995427,-1.0317472383951622,3.152511323065241,-1.6110943620415341,-1.68836316568639,0.8919641460668947,-1.3421675581445422,-1.4775722244020464,-2.1975671724050496,0.28227877714162164,-1.3030815377543894,0.49719121725928944,-1.5314078005284124,-0.7052504427905396,1.2226675799764488,0.17907520643152947,-1.128100072887392,0.0,1.0,6.0
2012-01-06 02:00:00,-0.5242155330702382,-2.0652208867376385,-1.2405409054310137,-1.7281311524356713,-0.7759260382096992,0.7146279748781343,-1.150797440267662,3.267651022294887,-1.6479312575665,-1.6845216609422846,1.1013318744546243,-1.2549093289606987,-1.631642936204898,-1.4868388809489939,0.3060463362389046,-1.3177892454318125,0.6654990719282227,-1.5576215882631292,0.708978016858921,1.2226675799764493,-1.4379966940383093,-1.1281000728873922,0.0,0.0,4.0
2012-01-06 06:00:00,-0.5083371911811903,-1.472764566628303,-1.2586706573488924,-1.4315022509747661,-0.8875328764273882,0.8128613459564403,-0.9488290997086974,2.7807515117581985,-1.5625524653769085,-1.6511152317986926,1.205842379312542,-0.9877411449385918,-1.2965375547808862,-1.3849363467857456,0.2787950768896064,-0.9761322837122003,0.7818265043803648,-1.2595789601424239,1.4160922466836512,-0.0019079496657575102,-1.4379966940383093,-1.1281000728873922,0.0,1.0,3.0
2012-01-06 10:00:00,-0.3771244001631784,-1.9469023927799292,-1.3885762857228583,-1.4983176774627298,-1.004342972842016,0.9486549000758324,-1.2136567732950518,2.9482894498502934,-1.6299921355001128,-1.6575867209925812,1.416158210531994,-1.078589004137475,-1.6677272309646087,-1.8992550306079747,0.07123927391172982,-1.3008940950140895,0.9436644776442557,-1.5556839642186289,0.708978016858921,-1.2264834793079646,-1.4379966940383093,-1.1281000728873922,0.0,0.0,2.0
2012-01-06 14:00:00,-0.3155698747582754,-2.0153946475676503,-1.4971801268750227,-1.4938123555348768,-1.1208022168490013,1.104467874376392,-1.3829680354467888,3.0709585970276816,-1.5793729942193135,-1.634109137171632,1.5669555036031542,-1.1079357221006754,-1.4889156197032452,-1.8275059113392023,-0.01645172631719634,-1.223565802281903,1.1373978808331773,-1.7633826593966606,-0.7052504427905385,-1.2264834793079649,-1.4379966940383093,-1.1281000728873922,0.0,0.0,1.0
2012-01-06 18:00:00,-0.4096003593220353,-2.026688035550918,-1.5689825291021304,-1.3900791568255675,-1.2291832273573782,1.2491513505126264,-1.4193515580606813,2.9286890081409647,-1.6298365100975196,-1.6571503684195856,1.6290907570831208,-1.012165381319178,-1.4388260650221085,-1.7878863234083089,0.11986208740246239,-1.1117950921615019,1.3082581191090727,-1.6655589941746172,-1.412364672615269,-0.0019079496657578563,-1.4379966940383093,-1.1281000728873922,0.0,0.0,0.0
2012-01-08 22:00:00,-0.3766581670143921,-2.1919393112035954,-1.661339415462712,-1.363017007137614,-1.3354567701806392,1.4264427246705917,-1.5484944618132208,3.6063188274392215,-1.5463413810020528,-1.6285044035930214,1.654634777928741,-1.0863607269174527,-1.4323017493143426,-1.5995502945147175,0.07055347422813972,-1.171127509006349,1.500212844565991,-1.9030838975958526,-0.7052504427905396,1.2226675799764488,-2.0863921832865144,0.8445865525059428,0.0,0.0,0.0
2012-01-09 02:00:00,-0.4208740347530449,-1.9036172939680538,-1.6862668157960867,-1.1579059001004581,-1.425757264486931,1.5658865025005813,-1.4483857704307477,3.290728984096669,-1.4585638974910868,-1.5871336693256328,1.5737506425628816,-0.931982496380097,-1.24141547738968,-0.9852897224544365,0.13714356905188252,-0.9878602479534032,1.6199763008858792,-1.6099420177675492,0.708978016858921,1.2226675799764493,-0.6294607438033901,1.3317999135043364,0.0,0.0,28.0
2012-01-09 06:00:00,-0.3189498288472489,-0.7940686795909786,-1.5527618791429438,-0.562756093690355,-1.469710406521698,1.48918079572376,-0.12249968663232876,2.5545079039313636,-1.082046194427149,-1.3995444215156807,1.3402958381770982,-0.5839875351385984,-0.37718495428943266,-0.1677085193700829,-0.01178130089900227,-0.464988465375254,1.62571573568339,-0.9197638613599787,1.4160922466836512,-0.0019079496657575102,-0.6294607438033901,1.3317999135043364,0.0,0.0,27.0
2012-01-09 10:00:00,-0.2707039900619163,-0.9463572617444349,-1.4634997552253375,-0.20701159590892676,-1.4859599092714488,1.401211488113318,-0.24495877252305703,2.0484754218685364,-0.7826052824823239,-1.1380051497392254,1.0867863955976267,-0.5240161322846694,-0.5879887734064709,-0.27690294506254887,-0.07694015905729798,-0.5339183750286087,1.5640958353150591,-0.8125548362074433,0.708978016858921,-1.2264834793079646,-0.6294607438033901,1.3317999135043364,0.0,0.0,26.0
2012-01-09 14:00:00,-0.2704085506762633,-1.137424601735301,-1.4201101869557873,-0.047225531219119224,-1.4897660558300425,1.3279570586812475,-0.434376256381242,1.822567203057046,-0.5450161696912422,-0.8251633082642741,0.7506996321618669,-0.6021280145789039,-0.5715017720075937,-0.5331369621893899,-0.0773294083181487,-0.6742871381051305,1.4641624667601452,-0.9198756564787417,-0.7052504427905385,-1.2264834793079649,-0.6294607438033901,1.3317999135043364,0.0,0.0,25.0
2012-01-09 18:00:00,-0.2871784018707128,-0.747964170866232,-1.3168959183861106,0.24337369233490064,-1.4709417580218127,1.2281603922362194,-0.34830302825540504,1.5271507573622214,-0.2572553071336413,-0.5427159963607264,0.6163180260843846,-0.4198105175379793,0.4341945884652064,-0.06781388494515292,-0.055049713034242796,-0.3657171011810461,1.289561646756372,-0.6499690225216823,-1.412364672615269,-0.0019079496657578563,-0.6294607438033901,1.3317999135043364,0.0,0.0,24.0
2012-01-09 22:00:00,-0.3617737975216279,-0.633233076934713,-1.2049804104643886,0.4995273053550836,-1.4321694713032251,1.1207677345930784,-0.3227284476446529,1.3753866404966402,0.21580925992911137,-0.2008117537048917,0.3837944371137285,-0.2595021954109097,0.7458788995817733,-0.27026971038393627,0.048837016201450235,-0.21683664541202824,1.0752104027924951,-0.466372827853313,-0.7052504427905396,1.2226675799764488,-0.6294607438033901,1.3317999135043364,0.0,0.0,24.0
2012-01-10 02:00:00,-0.40074017237389,-0.4649286446652462,-1.0801620846142996,0.7395560376886967,-1.3747049224131067,0.9801526595318386,-0.13487256839814252,1.1571376015862693,0.7851992638028467,0.25471676780424185,0.12576445541609677,-0.07212149691753132,1.0339681202007553,0.47091385446151346,0.10642772537682056,0.0064052552368911225,0.8400070739227193,-0.3232084691848374,0.708978016858921,1.2226675799764493,0.8274706956797339,0.8445865525059431,0.0,1.0,22.0
2012-01-10 06:00:00,-0.3416020364851056,-0.3936433106150026,-0.9604354227754404,0.917725681373481,-1.3033653942303618,0.8923815388576818,-0.4109048083855678,1.254948804062109,1.0404165472185254,0.6991008324698731,-0.12541742697710637,-0.001512701849553002,1.1538132359782722,0.6276996430415474,0.01994539398066098,0.18605030941177367,0.5111944505718781,-0.324866208919126,1.4160922466836512,-0.0019079496657575102,0.8274706956797339,0.8445865525059431,0.0,1.0,21.0
2012-01-10 10:00:00,-0.30941363684893053,-0.2848162361278467,-0.8413437743196049,1.0585336590499874,-1.2210604303308874,0.768491341537739,-0.31553080311565085,0.9005410800905242,1.2135772946777093,1.0407836804009278,-0.42225804565725267,0.3852823325025855,1.2341283677260402,0.7155743592429885,-0.024916730770808207,0.4965206003448479,0.31019279018798107,-0.14868524903094732,0.708978016858921,-1.2264834793079646,0.8274706956797339,0.8445865525059431,0.0,1.0,20.0
2012-01-10 14:00:00,-0.32623810842075623,-0.5403276306360901,-0.7778987218140725,1.0197774087180473,-1.1417736134046814,0.6534504440263632,-0.47867569273672,0.6643831842128876,1.1199833327407092,1.1554295400926122,-0.5991310403625509,0.3193912409898074,0.7700676531042716,0.7877750291327013,-0.0016546435708569098,0.24191011802072335,0.15373747782547517,-0.26513606304782994,-0.7052504427905385,-1.2264834793079649,0.8274706956797339,0.8445865525059431,0.0,0.0,19.0
2012-01-10 18:00:00,-0.3847869345470649,-0.5489096793265125,-0.7208369989099432,0.9714047170584097,-1.0662538248073499,0.5466267534800857,-0.5808897122272314,0.5164248397735306,0.9783467269389442,1.134173905290642,-0.6445657790253689,0.3632658320634014,0.7544502252083425,0.641280781911494,0.08255936850656992,0.28131265334968003,-0.05234190212919611,-0.2675064627079569,-1.412364672615269,-0.0019079496657578563,0.8274706956797339,0.8445865525059431,0.0,0.0,18.0
2012-01-10 22:00:00,-0.366558087101877,-0.8873953342313639,-0.7220861835378545,0.7740549022681805,-1.0061026732964935,0.5293892857158642,-0.7666581176004931,1.1297355620756062,0.5819255301620387,0.9178665409694646,-0.6624812919569492,-0.2272022805458586,0.11636674260334846,-0.268950251560834,0.05578001481760978,-0.32738593355130907,-0.2548849159702499,-0.5353524572960686,-0.7052504427905396,1.2226675799764488,0.8274706956797339,0.8445865525059431,0.0,0.0,18.0
2012-01-11 02:00:00,-0.44558376465367117,-0.9457993061545887,-0.7248403283266459,0.6120803717546994,-0.9585653049774783,0.513383065649087,-0.832267737769753,1.00752510823505,0.3089408736989021,0.6401273395244769,-0.674725556513616,-0.3795354396910288,0.0003515639479314236,-0.1580988864049435,0.17577449610246887,-0.40139777833380363,-0.5045710274212333,-0.5779629939409854,0.708978016858921,1.2226675799764493,1.1873030452467948,-0.2501719323160819,0.0,0.0,16.0
2012-01-11 06:00:00,-0.4217497540594151,-0.28760702914494646,-0.6426751329957289,0.7135483329588305,-0.9031261087631166,0.3747693380660151,-0.14262713144306122,0.687212794840922,0.32629607895513674,0.4168344351225701,-0.6879753076959395,0.35266963984631977,0.8033855056354992,0.4187260675100092,0.13849486029814315,0.5770791238380035,-0.719693704333354,-0.2424444214469918,1.4160922466836512,-0.0019079496657575102,1.1873030452467948,-0.2501719323160819,0.0,0.0,15.0
2012-01-11 10:00:00,-0.22665123027054807,-1.0637136605854989,-0.7100816808734343,0.38776958504851583,-0.8730569659863114,0.3654490141086412,-0.5845144132881179,1.4099909368965198,-0.07409080899939134,0.1921834909675394,-0.6464726792280135,-0.7638349954277277,-1.0125766695970149,-0.5097187283215191,-0.13372877382949028,-1.0709427864207837,-0.7779595823299191,-0.7118124676410648,0.708978016858921,-1.2264834793079646,1.1873030452467948,-0.2501719323160819,1.0,0.0,14.0
2012-01-11 14:00:00,-0.2190865240600921,-1.1725091922251698,-0.7789610865267006,0.12313925184792754,-0.8635959375741225,0.3844821908910546,-0.7572721052035161,1.4570392835657244,-0.4291654130965145,-0.06057892410784325,-0.6346194040581863,-1.3906919766019363,-1.000827913189753,-0.7033161806999753,-0.14323323881996497,-1.2271272841330512,-0.731855809526231,-1.0174132705487142,-0.7052504427905385,-1.2264834793079649,1.1873030452467948,-0.2501719323160819,1.0,0.0,13.0
2012-01-11 18:00:00,-0.3086458846863064,-1.030315005981844,-0.8070633986281421,0.022380842853724787,-0.8619814806060898,0.40215585504615325,-0.8185352253624986,1.3340323604630853,-0.9976542729504408,-0.5139619861062172,-0.6033052973173868,-0.9828396184758923,-0.7995434926644492,-0.7335674860849323,-0.025968656721055517,-0.9597160879444915,-0.7079364384326489,-0.8180087212632245,-1.412364672615269,-0.0019079496657578563,1.1873030452467948,-0.2501719323160819,1.0,0.0,12.0
2012-01-11 22:00:00,-0.38360168734830163,-0.9232700596073613,-0.8074274360736741,0.017244101404094502,-0.8607670479057786,0.37844045135082843,-0.6160264057800042,1.191517658476864,-0.8695412132819824,-0.7863617323976148,-0.5938873506561337,-0.7486672960584233,-0.6513450731568138,-0.7196363709515923,0.08080230646149929,-0.7972373424371848,-0.7126987462351323,-0.6560099862759764,-0.7052504427905396,1.2226675799764488,1.1873030452467948,-0.2501719323160819,1.0,0.0,12.0
2012-01-12 02:00:00,-0.47182585740667343,-0.853672048588029,-0.7907736469460173,0.059436619406274455,-0.8562668685346162,0.3372509584825981,-0.537942261770555,1.0890543469618184,-0.7126471762579686,-0.8834392622444472,-0.5921214810609566,-0.5927003393053561,-0.5584445713758815,-0.7510148537678527,0.2179733463023354,-0.703415115492541,-0.7152491736499987,-0.5291397154549055,0.708978016858921,1.2226675799764493,0.17907520643152947,-1.128100072887392,1.0,0.0,10.0
2012-01-12 06:00:00,-0.44864247647011674,-0.3960339926875689,-0.7143569354966252,0.25579292078132554,-0.8364754220361784,0.2341647260080992,-0.26759116827999346,0.7625404718335154,-0.40042804258017395,-0.6789208249470874,-0.6631063304118806,-0.43179860212897875,0.08079935754517467,-0.2998713300762869,0.18062996229374467,-0.14665286336260966,-0.7527509512414101,-0.36700926304731224,1.4160922466836512,-0.0019079496657575102,0.17907520643152947,-1.128100072887392,1.0,0.0,9.0
2012-01-12 10:00:00,-0.38482021500442726,-0.31028645058674365,-0.635776768375914,0.4187642677421815,-0.8039925651627285,0.046905902867812356,0.1837341215476728,0.3922429310726136,-0.09605361075357947,-0.41404217814030814,-0.7100010900717014,-0.0767038704350514,0.20687860996211901,-0.24163424952465662,0.08260873704984728,-0.06886824264313836,-0.7555460645489813,-0.14741041816549755,0.708978016858921,-1.2264834793079646,0.17907520643152947,-1.128100072887392,0.0,0.0,8.0
2012-01-12 14:00:00,-0.22707915718104021,0.6607754780301448,-0.4154056631199746,0.9349245352418858,-0.7313136744693688,-0.0038456392431272684,1.19964399189612,-0.07043717915138795,0.6054398873176989,0.037333017314907874,-0.5917439803586088,1.2796020617600528,1.4195084714792543,0.7521965866287729,-0.1331889979443665,1.6110839556314662,-0.6913876712356042,0.5183726043079754,-0.7052504427905385,-1.2264834793079649,0.17907520643152947,-1.128100072887392,0.0,1.0,7.0
2012-01-12 18:00:00,-0.27692911019909056,0.41046139199189074,-0.27255727240836874,1.1369298193115138,-0.6429036015414756,-0.050972071203285466,1.0031456685100586,-0.202902794931072,0.9593148701714568,0.5029731407731697,-0.5293355829628313,1.3529499953361361,1.0785963450445208,0.6338690851114036,-0.06871136173533776,1.0836778057874041,-0.6151030628144974,0.6310275917031226,-1.412364672615269,-0.0019079496657578563,0.17907520643152947,-1.128100072887392,0.0,0.0,6.0
2012-01-12 22:00:00,-0.3787697790829059,0.43317768382125005,-0.15375901472239203,1.2330987150931851,-0.5470043659820061,-0.1061825712042062,0.9212461066552156,-0.16813400569384157,1.2824258176715853,0.9750295311518798,-0.48325349073478036,1.0439801011498206,1.1179323596331485,0.283397843771818,0.07366224677569684,0.9974822530405602,-0.6202257420132982,0.49689443866785393,-0.7052504427905396,1.2226675799764488,0.17907520643152947,-1.128100072887392,0.0,0.0,6.0
2012-01-13 02:00:00,-0.40515936340766084,0.6815489545710381,-0.015332393461667253,1.3634384625967684,-0.44095490920517855,-0.10458598996594802,1.3266905054114269,-0.32292122979685556,1.3005992823708217,1.2130849043405263,-0.3873172226335402,1.1863965790077546,1.4707509418655182,1.1708326253336667,0.11311228937459235,1.2558674448130447,-0.5862218995702508,0.6498838899539443,0.708978016858921,1.2226675799764493,-1.4379966940383093,-1.1281000728873922,0.0,1.0,4.0
2012-01-13 06:00:00,-0.33150208121076086,0.5282826330601815,0.07423220909209605,1.334767029592424,-0.33713824321693797,-0.05220679177828084,1.5359981673233882,-0.5909851548282489,1.2307328063680931,1.3060312106857708,-0.32708825721514223,1.1176218519022172,0.8815986405994827,1.1967464305518865,0.005707080420433814,0.9747073508145112,-0.5080907374374631,0.6558350054041537,1.4160922466836512,-0.0019079496657575102,-1.4379966940383093,-1.1281000728873922,0.0,1.0,3.0
2012-01-13 10:00:00,-0.09140162336090532,-0.6437744954790715,-0.045375260899431995,0.742716860507309,-0.2794275449253339,-0.2318231240315299,0.7634919905772367,0.8440957314680024,0.5871075903876437,1.0679214458478843,-0.30980924423356143,-0.056046831385414705,-0.6968534621984733,0.1973349354891545,-0.29363118077473305,-0.6568401367521431,-0.5091087330606852,-0.19647042509099716,0.708978016858921,-1.2264834793079646,-1.4379966940383093,-1.1281000728873922,0.0,0.0,2.0
2012-01-13 14:00:00,0.07126287838785249,-1.0818036920511351,-0.24181136960076124,0.06004222903426495,-0.2748802036422206,-0.24700952255409145,0.26508136227896667,2.1499912636093454,-0.32113975940538375,0.5125614873233635,-0.20662119044235117,-1.2716577148192711,-1.090171738284105,-0.3635326883839607,-0.46131732014113,-1.3583597201516056,-0.4222779981989764,-1.1225417509980198,-0.7052504427905385,-1.2264834793079649,-1.4379966940383093,-1.1281000728873922,0.0,0.0,1.0
2012-01-13 18:00:00,0.027247227156257117,-1.0220276147770806,-0.3842773495633065,-0.33925615680697274,-0.3014282651479687,-0.2611111783250413,0.09612985828734266,1.883538537071155,-0.9979804645906655,-0.2506550831842282,-0.14662911841197024,-1.1997819053076662,-1.026842615136025,-0.35884462705646847,-0.4183017128971943,-1.1452899303061537,-0.330991530609779,-1.0927905612262683,-1.412364672615269,-0.0019079496657578563,-1.4379966940383093,-1.1281000728873922,0.0,0.0,0.0
2012-01-15 22:00:00,0.03308925081804923,-1.3130841569883993,-0.5670151150041621,-0.7682658865223878,-0.36138550339690945,-0.24244657496137173,-0.12436874848038412,1.9843185510307542,-1.2925756288320664,-0.894347297390137,0.0023725989202180134,-1.4264024019722155,-1.5275032160789868,-0.9857914650168126,-0.42410625401352914,-1.4763644031173149,-0.19279760902755527,-1.3421689762206803,-0.7052504427905396,1.2226675799764488,-2.0863921832865144,0.8445865525059428,0.0,0.0,0.0
2012-01-16 02:00:00,-0.06753873680713926,-1.3444608734686394,-0.7124071547298784,-1.0098638397501554,-0.44015720705560757,-0.22511515755224965,-0.2038276053202967,1.8461255808403605,-1.4689344510801143,-1.2874063506302864,0.12777627521571444,-1.2570367953861095,-1.587438598289171,-1.0783798514424965,-0.3197916245296702,-1.3367112739644542,-0.08404116631660248,-1.2455046726137176,0.708978016858921,1.2226675799764493,-0.6294607438033901,1.3317999135043364,0.0,0.0,28.0
2012-01-16 06:00:00,-0.07323300734197837,-0.957113953556184,-0.7651636962103752,-0.9511005804636501,-0.5143527158648061,-0.2773471421788508,0.18906648056682598,1.5235506280149707,-1.5345461924204002,-1.471151770008506,0.18857073837968177,-0.9170335345404509,-1.2118435364387286,-1.5447833184598565,-0.3136010835807223,-0.9072719047349912,-0.02695183953972238,-0.940966337223738,1.4160922466836512,-0.0019079496657575102,-0.6294607438033901,1.3317999135043364,0.0,0.0,27.0
2012-01-16 10:00:00,-0.10661189077179796,-0.8528531928806098,-0.7832450358938814,-0.8097460739343012,-0.5775402279667541,-0.3265591729834656,0.019618735793089145,1.2754734957068201,-1.3857509682177287,-1.5030594020527188,0.23048840318159822,-0.7741511661418273,-1.107955540607757,-1.3109916775727168,-0.27665318556286167,-0.7551159922620726,-0.0014138058480955406,-0.8048867435519089,0.708978016858921,-1.2264834793079646,-0.6294607438033901,1.3317999135043364,0.0,0.0,26.0
2012-01-16 14:00:00,-0.17422000863037018,-0.8346259815953299,-0.7862214695517458,-0.6555652102624516,-0.6287208894822413,-0.3870235324314055,0.024607414893377737,1.1061485725687403,-1.2095585281301193,-1.4142368491628279,0.23453047351694947,-0.6336995415601798,-1.0906408746359328,-1.3180383684266057,-0.19818412805966693,-0.6744526132544192,0.014047773387904873,-0.6532342619355607,-0.7052504427905385,-1.2264834793079649,-0.6294607438033901,1.3317999135043364,0.0,0.0,25.0
2012-01-16 18:00:00,-0.26445905550435816,-0.8915926454739584,-0.7907304469101423,-0.5363902469907561,-0.6706207884985919,-0.4415933762193775,-0.06093892138734026,1.0085842296121181,-1.1939704570231653,-1.2976076496354432,0.26860828061308156,-0.6354832863171768,-1.1678909228179113,-1.5783559348452048,-0.08514343525491269,-0.7036195400303769,0.028245959158058217,-0.6595974412650805,-1.412364672615269,-0.0019079496657578563,-0.6294607438033901,1.3317999135043364,1.0,0.0,24.0
2012-01-16 22:00:00,-0.20148306151413484,-0.23992084749650178,-0.6965434187593258,-0.1725192944958362,-0.6841841997348617,-0.5832600494681353,0.4318894830710495,0.6252390216601533,-0.9927426300062105,-1.1630230532321342,0.26191145577114056,-0.38320871623574154,-0.5405672556847372,-1.061974337429067,-0.16507955432026708,-0.1809321085677613,0.033550449367343686,-0.34758294348272517,-0.7052504427905396,1.2226675799764488,-0.6294607438033901,1.3317999135043364,1.0,0.0,24.0
2012-01-17 02:00:00,-0.2291731909635289,-0.009341892185988236,-0.578952007678031,0.1822558493771972,-0.6701194602212445,-0.6865783025366237,0.7245311624222667,0.42237624555135017,-0.7074336921699735,-0.9910718200870424,0.25825823978272777,-0.07765697829271863,-0.28617485563712053,0.0178884020422205,-0.13054434999618938,0.02095296447191009,0.03067804955397186,0.005260975566927725,0.708978016858921,1.2226675799764493,0.8274706956797339,0.8445865525059431,1.0,0.0,22.0
2012-01-17 06:00:00,-0.20406852382994423,0.4242697957467802,-0.4049165027938638,0.6196484201375683,-0.6219927293574868,-0.7026255573063526,1.302848931117196,0.15321921363824353,-0.2057812220009709,-0.652669205092197,0.2762585919460432,0.2625946836779346,0.24658409734222206,0.8860134989114453,-0.16189442868351062,0.4369696562889526,0.02145678590954947,0.38100810443956645,1.4160922466836512,-0.0019079496657575102,0.8274706956797339,0.8445865525059431,0.0,0.0,21.0
2012-01-17 10:00:00,-0.1334120811868935,-0.028226470305581893,-0.335484201082885,0.6849592578951033,-0.5687799102986317,-0.6717464398723507,1.4329494088470214,-0.1519698986853987,-0.10516730849249921,-0.3487215408592579,0.27472938219300796,0.24069166655222063,-0.25687311322324186,0.4958709454417666,-0.2461459520674116,0.001528399420160074,0.030611808591969002,0.35304786931284904,0.708978016858921,-1.2264834793079646,0.8274706956797339,0.8445865525059431,1.0,0.0,20.0
2012-01-17 14:00:00,-0.16028302759452223,-0.07383939430579405,-0.2850019111172139,0.6856489492518423,-0.5155133814545677,-0.7003966012300549,1.1755594178975144,0.16381431623099157,-0.034851602620680724,-0.11839770223024648,0.2721549070172265,-0.023749469523474502,-0.08791048858016831,0.8277912811780431,-0.2147744722376311,-0.034959728803869904,0.020619592318391427,0.04449646581116477,-0.7052504427905385,-1.2264834793079649,0.8274706956797339,0.8445865525059431,1.0,0.0,19.0
2012-01-17 18:00:00,-0.21963862932779846,-0.00917143146086285,-0.23219990055457643,0.6925121720504311,-0.4617123784304938,-0.7270003224907805,0.9951767003455192,0.03110356717274861,0.009664489595297716,-0.044618926253229114,0.26749771973952285,-0.004284813172679866,0.37210306551043254,0.9192124552622712,-0.14254195141072543,0.034919238700373625,0.01547845423071545,0.0516809844109431,-1.412364672615269,-0.0019079496657578563,0.8274706956797339,0.8445865525059431,1.0,0.0,18.0
2012-01-17 22:00:00,-0.278542142504494,0.26694010207700314,-0.14401959687007374,0.7942596123593675,-0.39998778304709587,-0.719406409075888,1.2023695438214514,-0.09402113015450046,0.38981640184286603,0.12488684857296277,0.1613502407524654,0.23884389381315826,0.815015127572503,0.8739728174144479,-0.06657068768082823,0.36594712818192476,0.017410962727556295,0.25566248479226883,-0.7052504427905396,1.2226675799764488,0.8274706956797339,0.8445865525059431,1.0,0.0,18.0
2012-01-18 02:00:00,-0.3259787004266151,0.3616215492496168,-0.057815178908058186,0.8702815969531166,-0.3323429678091376,-0.6680232254457649,1.570652696872806,-0.22690372014704657,0.7655245225680973,0.39897339408895516,0.09257038006230418,0.49306509774896756,0.9714478984284984,0.878015787272873,-0.00201638977669449,0.5160742778209342,0.029496838394031468,0.4329562974713168,0.708978016858921,1.2226675799764493,1.1873030452467948,-0.2501719323160819,1.0,0.0,16.0
2012-01-18 06:00:00,-0.2128416455997642,0.6311872071866897,0.056435247196567874,1.0074064481837648,-0.254019540704526,-0.5781222498807702,1.58409713537772,-0.5465669051392504,1.0807104106924759,0.765750047419638,0.047890804730634666,0.6370386630452713,1.2608110694971886,1.0908335850048945,-0.15102638636977425,0.8626421432948786,0.0475854881900081,0.4927324859242804,1.4160922466836512,-0.0019079496657575102,1.1873030452467948,-0.2501719323160819,1.0,0.0,15.0
2012-01-18 10:00:00,-0.15418387567345998,0.7437039385754094,0.16531043399105597,1.1024814385019286,-0.16829213896860729,-0.4496541058586988,1.8015185003166518,-0.7687268891938642,1.1434354236423707,1.0238247548222972,-0.039599803339275055,1.0175824012031,0.9918765390730925,1.2428308984095395,-0.22196555639215904,1.0862050519821993,0.09080985952547832,0.7654791004081474,0.708978016858921,-1.2264834793079646,1.1873030452467948,-0.2501719323160819,1.0,0.0,14.0
2012-01-18 14:00:00,-0.11107873830074301,1.1789424332612988,0.3364924385174639,1.3480651197537512,-0.06343988284388803,-0.30573222775464093,1.7614542526978212,-0.9543101161374492,1.3113603618796026,1.2107446977184277,0.02034142202795519,1.3695545757805043,1.4449343148683056,1.2336045305123473,-0.2716214431826668,1.6399476938265818,0.13092644927624658,1.015690870721448,-0.7052504427905385,-1.2264834793079649,1.1873030452467948,-0.2501719323160819,1.0,0.0,13.0
2012-01-18 18:00:00,-0.15658911125279537,1.2822013301470048,0.4901779870750637,1.4969279041162764,0.05300507789513096,-0.16536169327501227,1.6300264750297009,-1.0504391313093522,1.416362976527945,1.325687971721914,0.23345209142067522,1.391297988639117,1.5568797311775444,1.171452726574665,-0.21913470298443233,1.5042398732160256,0.17982702509140405,1.1114440771826204,-1.412364672615269,-0.0019079496657578563,1.1873030452467948,-0.2501719323160819,1.0,0.0,12.0
2012-01-18 22:00:00,-0.21715546347371767,1.1381761250422253,0.5891454277501125,1.4671417190263334,0.167130436412458,-0.032795822502196544,1.466474869998775,-1.1283753001866295,1.5637252752494595,1.4696150454027364,0.35072843704109646,1.2136059239845938,1.4073838929683797,0.7279721298145645,-0.1456481610479852,1.2211239542580126,0.23631226316179768,1.0239762917186679,-0.7052504427905396,1.2226675799764488,1.1873030452467948,-0.2501719323160819,1.0,0.0,12.0
2012-01-19 02:00:00,-0.26645171932940176,1.0913818179160095,0.6548731036116933,1.3528743926564184,0.2723572151581865,0.10211973937956464,1.437435550457087,-1.2106794096265565,1.497388605751225,1.5333198925696272,0.4316227478183016,1.0934977841718883,1.257889363421618,1.0516187139870958,-0.08253149147518839,1.0528442753126197,0.27473368195688513,0.9824796972374793,0.708978016858921,1.2226675799764493,0.17907520643152947,-1.128100072887392,1.0,0.0,10.0
2012-01-19 06:00:00,-0.19796762939333776,1.3734262520999228,0.7566607937727057,1.3595722129439989,0.3781055873464002,0.2648947758248027,1.5885195957141425,-1.3762536864026045,1.3940775813826696,1.5256883218885473,0.4738914230470664,1.1304771988113442,1.2655807304425428,1.3689336743512357,-0.16939749957579214,1.21816532153074,0.3340745627789698,1.0812473550832997,1.4160922466836512,-0.0019079496657575102,0.17907520643152947,-1.128100072887392,0.0,0.0,9.0
2012-01-19 10:00:00,-0.17225123298219983,1.566890682152266,0.8725173540345257,1.40320889272916,0.4872521704525705,0.43810213216967575,1.598453626917569,-1.4966378852227227,1.3788619955860377,1.4623824134273806,0.5042750252204685,1.192609115258649,1.364481550597399,1.5363583187154848,-0.20054119172965532,1.3018237015113863,0.49127213308601975,1.2504186940986177,0.708978016858921,-1.2264834793079646,0.17907520643152947,-1.128100072887392,0.0,0.0,8.0
2012-01-19 14:00:00,-0.11649277824286469,1.7456528042823887,0.9988312047952463,1.4665703149464848,0.6013330308185197,0.6171750279897273,1.4929403923656015,-1.6240185002783338,1.4680531618471275,1.452336573443141,0.5943571531140723,1.1593591874285956,1.509375569903884,1.5398846936684591,-0.26549454461401767,1.3487194250389014,0.6173590024492145,1.3120187019348917,-0.7052504427905385,-1.2264834793079649,0.17907520643152947,-1.128100072887392,0.0,0.0,7.0
2012-01-19 18:00:00,-0.1354188861923405,1.9867708821464671,1.1570015060011674,1.6039341248415495,0.7261111119816448,0.8165323654844666,1.8738927077432035,-1.7000680344471648,1.5874354319021355,1.5185514237234117,0.7324114199628693,1.3066787800660733,1.602194718979133,1.8048367038577222,-0.24383051668328964,1.4676505380187461,0.7816176318613374,1.646155333740572,-1.412364672615269,-0.0019079496657578563,0.17907520643152947,-1.128100072887392,0.0,0.0,6.0
2012-01-19 22:00:00,-0.23063887355945584,1.8756031332262013,1.2569795888979667,1.555496439598047,0.8471171034338798,1.0027466613677702,1.7656106216652876,-1.7313856080495627,1.6403307890203402,1.6080906742048522,0.7823293422191965,1.2030427788751372,1.5136269565812328,1.5277212753983602,-0.12869001965977866,1.2582734749568574,0.8685765682500554,1.5892099364662229,-0.7052504427905396,1.2226675799764488,0.17907520643152947,-1.128100072887392,0.0,0.0,6.0
2012-01-20 02:00:00,-0.3329452899564001,1.8735064946485556,1.3206070212251664,1.4178438501242865,0.9574033853496021,1.1729243387827206,1.6631298602193492,-1.7416588737376326,1.6381182472401081,1.6663289827966405,0.7486800776868144,1.060885651786651,1.503137017788025,1.4283347262472479,0.0077324667477163,1.144667347578206,0.9010587017555602,1.4406372018805322,0.708978016858921,1.2226675799764493,-1.4379966940383093,-1.1281000728873922,0.0,0.0,4.0
2012-01-20 06:00:00,-0.18395971363085722,0.7562862337842886,1.239329710885568,0.9134665842618714,1.028411235907547,1.1004619338320123,1.0335368993955079,-0.6198103407701326,1.2535433103656322,1.551988567975595,0.6669984794605232,0.7164166684608817,0.5178351793852239,0.44567580433889054,-0.18645760773346845,0.5336677137252098,0.8701473303449766,0.9571195053163635,1.4160922466836512,-0.0019079496657575102,-1.4379966940383093,-1.1281000728873922,0.0,0.0,3.0
2012-01-20 10:00:00,-0.19775112166011008,0.9266011268942632,1.1947454201060559,0.6097987265500135,1.0757709208720165,1.0162338600183736,0.7775978384378218,-0.6515307125805765,0.9841213679414452,1.32727150346278,0.6123528113284831,0.5470595733831438,0.7539564075382926,0.4922457180579259,-0.169662949927642,0.6283690746071469,0.8001002423816937,0.7332537631377473,0.708978016858921,-1.2264834793079646,-1.4379966940383093,-1.1281000728873922,0.0,0.0,2.0
2012-01-20 14:00:00,-0.20329786765960559,1.0374215710858805,1.168281435870699,0.4161659666491895,1.1080514347811117,0.9727989785558799,0.9204035194813024,-0.801565489428944,0.7164360619177251,1.011644039963592,0.612859313936826,0.6268459076452801,0.7483631431434622,0.6744235208414545,-0.16284466797618677,0.665519459307084,0.7297623085025694,0.839087425498299,-0.7052504427905385,-1.2264834793079649,-1.4379966940383093,-1.1281000728873922,0.0,0.0,1.0
2012-01-20 18:00:00,-0.2848316293602718,1.0499965018367146,1.136497785293088,0.24678607036823336,1.1271414718789978,0.9324665886264221,0.7945989024199773,-0.8684582971200313,0.7682042578684396,0.8454410509981413,0.5188263686594603,0.5710464737134977,0.6638024064306169,0.7098543702843627,-0.05819035705063821,0.6134504329380391,0.6133455711951842,0.77698374722834,-1.412364672615269,-0.0019079496657578563,-1.4379966940383093,-1.1281000728873922,0.0,0.0,0.0
2012-01-22 22:00:00,-0.25101686288215935,0.43673385155553673,1.0286197364418037,-0.09575462973996077,1.1195561167911567,0.759231314603893,0.4735362639234218,-0.12357638305022396,0.37100449268298297,0.6354809072001044,0.34359531181195924,0.17962817937645761,-0.3660004934593706,0.09696266368662056,-0.10262748665335306,0.18462535815511782,0.47835741832332207,0.3236746466572778,-0.7052504427905396,1.2226675799764488,-2.0863921832865144,0.8445865525059428,0.0,0.0,0.0
2012-01-23 02:00:00,-0.31841059929309656,0.41805432206728504,0.9299231356515447,-0.3448064091944688,1.0925758288109504,0.5983699887258304,0.34190569031004253,-0.2293805760447729,-0.05786263888796289,0.37032450207707984,0.1379023827740059,0.1343458973116546,-0.46088405615860983,-0.1285143583597268,-0.012527502016822232,0.10273501657850709,0.37477622402283595,0.3128156008604447,0.708978016858921,1.2226675799764493,-0.6294607438033901,1.3317999135043364,1.0,0.0,28.0
2012-01-23 06:00:00,-0.2749377735063932,0.8117125298771711,0.9069261680153617,-0.3380851221726116,1.0661189617475701,0.5298313347736657,0.8471911908477036,-0.46802127567584845,-0.17609435602195359,0.04695210643532801,-0.025431931732904832,0.3682266253929583,0.3304325529535105,-0.0356593384275745,-0.07134927747072031,0.47139541426517406,0.32551032197771607,0.5473946127787476,1.4160922466836512,-0.0019079496657575102,-0.6294607438033901,1.3317999135043364,1.0,0.0,27.0
2012-01-23 10:00:00,-0.05087168140785671,1.5639120562331585,1.0542925607577265,0.13081462249682427,1.076177710436986,0.602387609269064,1.9727337846471953,-0.8594458769441957,0.48141645060719623,0.08476236985862404,-0.03301959356671595,1.2297616330244001,1.4879375747593548,0.46392813319782183,-0.3377274343246594,1.5675400415733174,0.34255380987935874,1.2512732993284956,0.708978016858921,-1.2264834793079646,-0.6294607438033901,1.3317999135043364,0.0,0.0,26.0
2012-01-23 14:00:00,-0.051443793763913344,1.3909137338657667,1.136595620682555,0.3289108339892515,1.1016632219326852,0.6963783374224067,2.0829671474417926,-0.9996197989820815,0.9511103308749103,0.4302823161664821,-0.06722113887281411,1.573377332355257,0.8634795227488068,0.4147884504775083,-0.3371162675188852,1.3000914468999782,0.3347918894696381,1.50981912450997,-0.7052504427905385,-1.2264834793079649,-0.6294607438033901,1.3317999135043364,0.0,0.0,25.0
2012-01-23 18:00:00,-0.1065795684269339,1.4203933080619053,1.1956742262423208,0.4241989689234449,1.1345693067185456,0.783655442136225,1.8461793581997084,-1.0866737477301331,1.158832106695956,0.8874241163394152,-0.11935352906299825,1.3818468164509254,0.9161313793605405,0.4524742799918249,-0.27668951926989466,1.2570387131239322,0.27302506994215003,1.352937797137948,-1.412364672615269,-0.0019079496657578563,-0.6294607438033901,1.3317999135043364,0.0,0.0,24.0
2012-01-23 22:00:00,-0.19439051385919995,1.3824296270528722,1.2239929308156838,0.41673828418555525,1.1668943899145388,0.8646984679419132,1.69523370515006,-1.1421682273499874,0.938732873868117,1.0440308349990346,-0.10518754386874216,1.1814390988564734,0.8673388828272599,0.988362284417276,-0.17377608692887458,1.0974095521014235,0.20174038973816646,1.213612781038612,-0.7052504427905396,1.2226675799764488,-0.6294607438033901,1.3317999135043364,0.0,0.0,24.0
2012-01-24 02:00:00,-0.2607788597773643,1.300688390769427,1.223548176191394,0.33251044007732,1.1926602211038773,0.8705629197240933,1.5093858154590016,-0.7649354524867957,0.9097834485196854,1.02987856075545,-0.10643633195506252,0.8583241624045322,0.7818528161374512,0.7871373444008157,-0.08995364001770571,0.9308621412043625,0.10804724579752818,0.9735182668732935,0.708978016858921,1.2226675799764493,0.8274706956797339,0.8445865525059431,0.0,0.0,22.0
2012-01-24 06:00:00,-0.19648757137654196,1.3133801583883329,1.2117088850551183,0.23412603798918014,1.2107643568805817,0.939962170856899,2.057620930214735,-0.972179529254862,0.8398677099508064,0.9206501031651508,-0.15267897344559644,0.9693521008715257,0.7189947726407334,0.6928677411913706,-0.17121101803262048,0.8702415807936162,0.01949219120201184,1.0873051393851332,1.4160922466836512,-0.0019079496657575102,0.8274706956797339,0.8445865525059431,0.0,0.0,21.0
2012-01-24 10:00:00,-0.11437856727915649,0.5001659160310278,1.1004802725676817,-0.11499883150480203,1.2016803576047177,0.8874753521926171,1.527821049574912,-0.3676990193911359,0.48445276160144896,0.7650831606374474,-0.28595474616866207,0.3878425978703188,-0.1348002396259925,0.2620196378363089,-0.26789081874867365,0.11719864327820702,-0.08951334068839711,0.5812808419795337,0.708978016858921,-1.2264834793079646,0.8274706956797339,0.8445865525059431,1.0,0.0,20.0
2012-01-24 14:00:00,-0.04097519000701459,1.0778065200185347,1.113284477951626,-0.056831631079228576,1.197126135033368,0.8333071749162145,1.0760883240624108,-0.5811028078718584,0.5472827106351097,0.6409458058777124,-0.3007986257326608,0.5875560129954722,0.9590101087071632,1.134952633740855,-0.34824950911839175,0.990058435897754,-0.1467280231941542,0.7303798410480679,-0.7052504427905385,-1.2264834793079649,0.8274706956797339,0.8445865525059431,0.0,0.0,19.0
2012-01-24 18:00:00,-0.12621260101302884,1.1887338661964997,1.1359199606952675,0.016450958141277273,1.1982788016206645,0.8029932419069314,1.1909798059810763,-0.6580753303370415,0.7201277843921083,0.5999412062602699,-0.2684017971344991,0.9095456912290213,1.206354157325205,1.2676520500108817,-0.25441673133872855,1.0768831541483088,-0.15714894726545334,0.9794664195449999,-1.412364672615269,-0.0019079496657578563,0.8274706956797339,0.8445865525059431,0.0,0.0,18.0
2012-01-24 22:00:00,-0.20693979105257684,1.0013171035131783,1.1186254287113395,-0.03356410550960021,1.1955365399916644,0.7897300789961506,1.2426725682490798,-0.7336691624123287,1.120400586776717,0.817719744431415,-0.24350154246473232,0.8379771195593168,0.9938214933274649,0.8495263033860733,-0.15834778542726516,0.798417405295798,-0.18858295465235833,0.9247254120593041,-0.7052504427905396,1.2226675799764488,0.8274706956797339,0.8445865525059431,0.0,0.0,18.0
2012-01-25 02:00:00,-0.2986293078922103,0.964726687695714,1.087985678485763,-0.10988567614501557,1.1868507282143543,0.7517470855986382,1.1272813766915004,-0.6172784110865106,1.11845120624561,1.0133147839917527,-0.2081093791752553,0.6514856995506361,0.9535135742933926,-0.008708378761298588,-0.03961709249311633,0.7008491908725986,-0.24890127518606195,0.7678115484073814,0.708978016858921,1.2226675799764493,1.1873030452467948,-0.2501719323160819,0.0,0.0,16.0
2012-01-25 06:00:00,-0.2426815747923762,0.4314380393098255,0.9877852291616267,-0.36020290049756204,1.1586714368933348,0.6292588410830154,0.7364590510485929,-0.22076078978674132,0.7929996415334816,1.0382695458351334,-0.20705054039999934,0.40653222865939903,0.28870073003868174,-0.21072752101157027,-0.1133517413477007,0.16323381781581603,-0.31513210424944577,0.5465759300741919,1.4160922466836512,-0.0019079496657575102,1.1873030452467948,-0.2501719323160819,0.0,0.0,15.0
2012-01-25 10:00:00,-0.1841018130998683,0.03591131014852277,0.8436647190147725,-0.679953887551448,1.1055915046302562,0.42850501016547154,0.38200975824810796,0.7494471710807735,0.3403887897758533,0.7711567070416678,-0.20591236917890968,-0.23122100908928706,-0.28237424323271937,-0.5037743754597657,-0.1862857048459522,-0.27487558630723613,-0.3692587763902516,-0.0016462745021762544,0.708978016858921,-1.2264834793079646,1.1873030452467948,-0.2501719323160819,1.0,0.0,14.0
2012-01-25 14:00:00,0.017378707666025374,0.9077265304733663,0.8891161924938848,-0.41996935602665714,1.0727578944493588,0.31111290543268466,1.1018826658716807,0.19930385616579466,0.4954323874263772,0.5578056706132123,-0.21948380902375908,0.4905300653032053,1.39067935928104,0.3121604875188759,-0.40842872149185233,0.9892759209122025,-0.3852057149160203,0.5999146631075589,-0.7052504427905385,-1.2264834793079649,1.1873030452467948,-0.2501719323160819,1.0,0.0,13.0
2012-01-25 18:00:00,0.09210237664449293,1.3072899276485144,1.0231205441358189,0.028951944253885375,1.07488407661351,0.29516148935777936,1.8697000743864824,-0.10647790631676145,0.8858032641758469,0.5895860093076177,-0.08764733125744453,1.4119164487984093,1.3894026832735848,0.8675001487123148,-0.4811206005162499,1.5743935531495885,-0.25159461438734676,1.3296265761285389,-1.412364672615269,-0.0019079496657578563,1.1873030452467948,-0.2501719323160819,1.0,0.0,12.0
2012-01-25 22:00:00,-0.008006337652116354,1.2083633061825154,1.1022935160332423,0.23890438309016512,1.0933603265054928,0.2803494601453678,1.726574722547234,-0.18830167422582558,1.432274970181666,0.9634993506301047,-0.006043046094740419,1.4292210615059067,1.2584744983455223,0.7887343173668104,-0.3826337310657635,1.2771218306787187,-0.12135182433458172,1.3269656374429162,-0.7052504427905396,1.2226675799764488,1.1873030452467948,-0.2501719323160819,1.0,0.0,12.0
2012-01-26 02:00:00,-0.08107954377098864,1.3814136530108962,1.201211746213777,0.46058901084537995,1.1291002895417805,0.28583477233468485,1.818894499208322,-0.29448304784780827,1.5178893778636302,1.3136368617677918,0.1037398819029229,1.5270265595047947,1.6320804252244538,1.445678056969504,-0.30501756895453447,1.395546654803451,0.014696530914775326,1.3892354824241993,0.708978016858921,1.2226675799764493,0.17907520643152947,-1.128100072887392,0.0,0.0,10.0
2012-01-26 06:00:00,-0.006582704003273023,1.6356176638297186,1.3461815493385663,0.7632333148311967,1.1884087088200512,0.34580589373922843,2.1734523216906267,-0.55344752995155,1.6071198789952357,1.560649701053203,0.19750582826928254,1.79059218195079,1.6409997995890033,1.290737343027577,-0.3840957713909645,1.6639650103462957,0.14969716132115182,1.5745293269274545,1.4160922466836512,-0.0019079496657575102,0.17907520643152947,-1.128100072887392,0.0,0.0,9.0
2012-01-26 10:00:00,-0.04282852474509146,1.6418385236950555,1.4463072808292685,0.8833375122236351,1.2570702548000052,0.4100438735829708,2.030325938580951,-0.6813401304916706,1.713610605206591,1.6569922953757694,0.2076370623925988,1.6464984858632403,1.5587390860070305,1.1787585699278074,-0.34628618443922105,1.5056682654387106,0.26074777964742635,1.621642324326993,0.708978016858921,-1.2264834793079646,0.17907520643152947,-1.128100072887392,0.0,0.0,8.0
2012-01-26 14:00:00,-0.05912553741742849,1.3244330857804927,1.4680679250313147,0.7662060219178227,1.3166101739478213,0.47508767706664135,1.79907232244567,-0.8199135719721256,1.5662060714267185,1.6735382107431698,0.1885487194724427,1.261808570651227,1.2164539840355237,1.094095987602495,-0.3288792959702472,1.141987576148148,0.340054733356254,1.4261378679779728,-0.7052504427905385,-1.2264834793079649,0.17907520643152947,-1.128100072887392,0.0,0.0,7.0
2012-01-26 18:00:00,-0.03638250494081968,0.7836298582520119,1.393265881844358,0.4097741557462864,1.3483929249266777,0.4268967774539753,1.4193693566698091,-0.20153947185696966,1.225845982744745,1.5429720408763816,0.21669558970596184,0.7198686550226602,0.6813098310776348,0.7593665708160093,-0.3531006212376509,0.6101741826009239,0.33551768536937454,0.9330533929483315,-1.412364672615269,-0.0019079496657578563,0.17907520643152947,-1.128100072887392,1.0,0.0,6.0
2012-01-26 22:00:00,-0.08943775488042076,0.6632169109804843,1.3008510486955476,0.0767079819501112,1.3542381134289978,0.3365143520208945,1.209509106140496,0.04190750996929105,0.8697219603530157,1.2539847557877188,0.21746618807782206,0.4055807020658754,0.5546006361707376,0.9789599209995299,-0.2958059046199995,0.44892058484520514,0.21768573070168118,0.610281723088849,-0.7052504427905396,1.2226675799764488,0.17907520643152947,-1.128100072887392,1.0,0.0,6.0
2012-01-27 02:00:00,-0.17121355410976297,0.6912671564314633,1.219283123974707,-0.1602328106177711,1.3416315133860475,0.2663627056799547,1.2332844365988247,-0.05852565698995969,0.6498115532692803,0.9401680389880734,0.21671362986923687,0.4537232948608113,0.5963877110868491,1.2665336046519757,-0.2017817324680877,0.4341762142795595,0.07542463617078421,0.6648108151404668,0.708978016858921,1.2226675799764493,-1.4379966940383093,-1.1281000728873922,1.0,0.0,4.0
2012-01-27 06:00:00,-0.15245829278471554,0.906726356361807,1.1865904379427634,-0.21680624488668607,1.3246192513416468,0.22773348382247383,1.2234448731914507,-0.2793265004300924,0.7344292533862862,0.7718837667318773,0.2299190438105908,0.4829265249432487,0.9199005491470259,0.6775703845493991,-0.2239924993232165,0.642054449122415,-0.04107185230880353,0.6978148195436572,1.4160922466836512,-0.0019079496657575102,-1.4379966940383093,-1.1281000728873922,0.0,0.0,3.0
2012-01-27 10:00:00,-0.09243222356577464,0.5251871417091758,1.0955487051115718,-0.4208204226536512,1.291719364259803,0.23382487949134512,1.3437032868900525,-0.5271141535764081,0.7329950550792198,0.7250620238459955,0.19958448104861862,0.46684739719993934,0.5505567256949888,-0.07972657714848469,-0.2924883475202569,0.27852585459703766,-0.052504160273306504,0.6770477802475918,0.708978016858921,-1.2264834793079646,-1.4379966940383093,-1.1281000728873922,1.0,0.0,2.0
2012-01-27 14:00:00,0.07661855461919743,1.1303339667617323,1.1506491374818748,-0.18640980526717468,1.2770742280712328,0.2968368777613682,1.511066020877517,-0.8464391211784316,0.983577898409009,0.8393593668948903,0.2535255541278102,0.8082575272083957,1.3029389461505938,0.6402964517726927,-0.46644048880168676,1.0158497688555561,0.008778561486670295,1.042316422962487,-0.7052504427905385,-1.2264834793079649,-1.4379966940383093,-1.1281000728873922,0.0,0.0,1.0
2012-01-27 18:00:00,0.10955046624974107,1.4114234955506701,1.2631861739741725,0.15739155521868242,1.2892026581247182,0.3946236862578914,1.731153148129049,-1.0136496090081495,1.1765868959035817,0.9907750038649176,0.2732992079095408,1.248761104057,1.4641147648773887,0.7940525924542507,-0.49743263512364755,1.3550804467172017,0.13842544467517343,1.4816976934719686,-1.412364672615269,-0.0019079496657578563,-1.4379966940383093,-1.1281000728873922,0.0,0.0,0.0
2012-01-29 22:00:00,0.10572608983762419,1.0103894772378252,1.2780720149650713,0.16674436904937884,1.3020594395154177,0.4854257227189487,1.4079045658922484,-1.1405536564759746,1.2684604513610718,1.1741436178095532,0.2988194710972686,1.0778909366760596,0.8096062807866589,0.1360847551212772,-0.4938778989319582,0.8992367617062405,0.2169988864882892,1.258415039445798,-0.7052504427905396,1.2226675799764488,-2.0863921832865144,0.8445865525059428,0.0,0.0,0.0
2012-01-30 02:00:00,0.023266606470881787,0.8275006275875114,1.2470460666649668,0.049310340124084105,1.3057710338479283,0.5555586008912504,1.2452910821024448,-1.1205419377304215,0.9168724493066974,1.1513005249983665,0.2975852723528722,0.8261577576404221,0.3115904013574557,-0.004342955814130687,-0.4143295802250528,0.6603270744168582,0.23323863379322754,0.9836288415926249,0.708978016858921,1.2226675799764493,-0.6294607438033901,1.3317999135043364,0.0,0.0,28.0
2012-01-30 06:00:00,0.03791505406505031,0.3767586808025044,1.1349157224875757,-0.2653048112382453,1.2849819409700978,0.4774860292562369,0.9252521103313246,-0.3245667507983059,0.20713562087383378,0.8193146715269044,0.22678226522621558,0.37154933960505465,-0.5370814305041599,-0.16089205167493068,-0.42887878727559464,0.17641888497799346,0.21682494379309009,0.5255875311678155,1.4160922466836512,-0.0019079496657575102,-0.6294607438033901,1.3317999135043364,0.0,0.0,27.0
2012-01-30 10:00:00,0.0363667948478448,-0.10483638095097213,0.9431554813167072,-0.7336530605689996,1.2277201800955868,0.30824947324348057,0.6550087843573178,0.26983220916231554,-0.6426470017510056,0.16486131709956012,0.1453403400134778,-0.2426955253925225,-1.5864674231144877,-0.23586567004368192,-0.4273498087435516,-0.4336930465946398,0.11444672510033756,0.008721671495629005,0.708978016858921,-1.2264834793079646,-0.6294607438033901,1.3317999135043364,0.0,0.0,26.0
2012-01-30 14:00:00,0.05512964440949378,0.279204209761648,0.8644590147284359,-0.8007090136377045,1.1652364299919697,0.14286090712367905,0.37492581281663423,0.09438757786608415,-0.9776785896988298,-0.4839223400369929,-0.05520426398514031,-0.1287934251989945,-0.6330751595579108,0.2354250297092635,-0.44574092975699303,0.020253236278900428,0.03148307511599339,0.1603609459861298,-0.7052504427905385,-1.2264834793079649,-0.6294607438033901,1.3317999135043364,0.0,0.0,25.0
2012-01-30 18:00:00,-0.00667161937411207,0.4127910904001159,0.8235263737111272,-0.7516063841622318,1.1065765521995699,0.00739499918814087,0.3937390949767701,-0.03978869945745431,-0.8856029338886904,-0.8581275745526483,-0.46037801799344596,0.058620154393959706,-0.27746202692696204,0.3525352192764597,-0.3840045114754527,0.180095539419324,-0.012512336290371576,0.35600560694740635,-1.412364672615269,-0.0019079496657578563,-0.6294607438033901,1.3317999135043364,0.0,0.0,24.0
2012-01-30 22:00:00,-0.05743021193050565,0.5495403718214807,0.8135909620575872,-0.6279873675164124,1.0575435180190378,-0.07051630718971767,0.701345913965706,-0.17917358424190843,-0.29136676866023026,-0.7378326499967789,-0.5828954222328895,0.36774429224822325,0.08905948400557216,0.28807306275528693,-0.33070210962463953,0.44948284710902653,-0.05102067095472276,0.547082977715308,-0.7052504427905396,1.2226675799764488,-0.6294607438033901,1.3317999135043364,0.0,0.0,24.0
2012-01-31 02:00:00,-0.08594083743206606,0.8218923320210355,0.8631606512478184,-0.3671913450042954,1.0288200008646315,-0.08977380301025664,1.0743805692346053,-0.3360776180412479,0.23864856100316778,-0.32130484955222033,-0.5428886078266558,0.8822869480935047,0.8613726677561846,0.8462882965041244,-0.2996685280822895,1.0650972874635902,-0.08833527025157396,0.8136937653262782,0.708978016858921,1.2226675799764493,0.8274706956797339,0.8445865525059431,0.0,1.0,22.0
2012-01-31 06:00:00,-0.0776953479362413,0.8170283584673432,0.8912160623069636,-0.21709033298918323,1.011785615430085,-0.0815739368006047,1.0851593581845562,-0.5228742024891005,0.6370576380214136,0.20012596655290932,-0.531634150307316,0.9181705242001601,0.8459046875985576,0.18724576771928575,-0.30872720913037566,0.9466970920435269,-0.17133186611219708,0.8154790283947649,1.4160922466836512,-0.0019079496657575102,0.8274706956797339,0.8445865525059431,0.0,1.0,21.0
2012-01-31 10:00:00,-0.097183269160065,0.5376940300804716,0.860006028513643,-0.25825827924652595,0.9915452719544978,-0.07395977532021333,0.8344490842216885,-0.6682284601674771,0.728338211142338,0.5493210594145564,-0.5292911262883343,0.6657917521464706,0.34643704752469656,-0.39860578072240443,-0.2872057940299604,0.43636493010678623,-0.4606362685185638,0.6622990703531246,0.708978016858921,-1.2264834793079646,0.8274706956797339,0.8445865525059431,0.0,1.0,20.0
2012-01-31 14:00:00,0.1845722554429471,-0.4448564610860474,0.6343662022807395,-0.8201950290106195,0.927544046403305,-0.16448692142882282,0.16869999492216675,1.1566220220334626,-0.007391221841687034,0.465065430070858,-0.43782201979465096,-0.940913757957223,-1.213113089688385,-1.0187185541256107,-0.564911289247374,-1.3957175520910847,-0.6351569991746234,-0.2824157643601909,-0.7052504427905385,-1.2264834793079649,0.8274706956797339,0.8445865525059431,0.0,0.0,19.0
2012-01-31 18:00:00,0.0977434355315705,-0.3263753484353876,0.47337939619986247,-1.0938372186648133,0.8422329072410255,-0.24854784281538916,0.05497578861009335,1.0085333405218364,-0.6598784039039658,0.020933342294415222,-0.39411098012398915,-1.1322424102617903,-0.9938686114162852,-0.7805425488040838,-0.4864208321499289,-1.0475160643802186,-0.61851848645878,-0.4571767357938998,-1.412364672615269,-0.0019079496657578563,0.8274706956797339,0.8445865525059431,0.0,0.0,18.0
2012-01-31 22:00:00,0.05120504971897549,-0.4593568863193785,0.3120330823477413,-1.3137291150892305,0.7397976640708663,-0.30575604544174684,-0.1002859259367466,1.0375266483675474,-1.2344763261284761,-0.6512269571925783,-0.318847533567404,-1.148488512723992,-1.2737172544140039,-0.5773417422168934,-0.4419188391096129,-1.181357883851614,-0.5732197991242733,-0.5249918779729045,-0.7052504427905396,1.2226675799764488,0.8274706956797339,0.8445865525059431,1.0,0.0,18.0
2012-02-01 02:00:00,-0.055767053250692554,-0.4496665995111514,0.18357523473604942,-1.400160063137706,0.6306316019485384,-0.35887794788050786,-0.17359752038706996,0.9359908690197402,-1.2464475418800216,-1.0755382975376748,-0.2639426045787995,-1.072441428040595,-1.24686750464383,-0.14384525872798348,-0.3324876067722061,-1.085986988490419,-0.5159724394486662,-0.5037133523915965,0.708978016858921,1.2226675799764493,1.1873030452467948,-0.2501719323160819,1.0,0.0,16.0
2012-02-01 06:00:00,0.1520127211874242,0.25203445427756044,0.2180552154761219,-1.0259854105572344,0.5506044293082186,-0.4863368524028565,0.5783626696999357,0.36535226877087884,-0.7661328550701283,-1.1119248345036072,-0.28188511070341105,-0.5473956676044683,0.36044172633556537,0.11440418467009249,-0.5361421039680134,0.0489916438033048,-0.5033834074405933,-0.09797500245996572,1.4160922466836512,-0.0019079496657575102,1.1873030452467948,-0.2501719323160819,0.0,0.0,15.0
2012-02-01 10:00:00,0.2489986187004857,0.5063051707745718,0.3022265102392209,-0.5914461201157553,0.5044170485202915,-0.5044706584840751,1.2682111867632917,0.022350209878494152,0.015008013507817568,-0.6840424482736732,-0.2813244696553091,0.36791136495604365,0.9288120094356522,0.2505146644429705,-0.6196327511272093,0.506704420875613,-0.5007548231414047,0.5620653992274159,0.708978016858921,-1.2264834793079646,1.1873030452467948,-0.2501719323160819,0.0,0.0,14.0
2012-02-01 14:00:00,0.2718271003584912,0.5966550587055962,0.38643307785420383,-0.24371871778383647,0.4853089748862247,-0.49831318261044716,1.2120657584184305,-0.2051996901464483,0.8351210235847476,0.02878483306027803,-0.2557054085769533,0.6357254564004834,1.065548830257002,0.2042239899144692,-0.6383529133338915,0.6338045269695014,-0.4731239260258249,0.7466695967787953,-0.7052504427905385,-1.2264834793079649,1.1873030452467948,-0.2501719323160819,0.0,0.0,13.0
2012-02-01 18:00:00,0.2548333702617792,0.33396176887358314,0.4023262185364728,-0.1514031996802093,0.473389981701474,-0.511345847300973,0.9447415598707107,-0.23270627439114056,0.9357802039439472,0.6116001575475001,-0.2811453274330025,0.3305004593222329,0.644263504627446,-0.3207692237666289,-0.6244498495552855,0.2054281581169392,-0.46500288336435885,0.498520734102019,-1.412364672615269,-0.0019079496657578563,1.1873030452467948,-0.2501719323160819,0.0,0.0,12.0
2012-02-01 22:00:00,0.18981471336935163,0.5377725535715796,0.4556794543617559,0.024370220400447107,0.47515936165018474,-0.5234476073707468,0.765449254640902,-0.35401995805221237,0.9848947429212206,0.9437351311438499,-0.26895857698932696,0.4932522644847881,1.0672969021475924,-0.10395707687832098,-0.5694718361367784,0.5827068070462658,-0.4679828437273157,0.5927406507819729,-0.7052504427905396,1.2226675799764488,1.1873030452467948,-0.2501719323160819,0.0,0.0,12.0
2012-02-02 02:00:00,0.11776182130360047,0.40242006782637574,0.46963733598577057,0.05780251978498467,0.47953228534558456,-0.5346849560069655,0.6073455894800182,-0.46099687486076835,0.9117389082869437,0.9699727095546432,-0.3343580585134985,0.46293508610275963,0.859276347168681,-0.008759568649547807,-0.5050263289515455,0.451643240339895,-0.47157916387025306,0.49563841608310705,0.708978016858921,1.2226675799764493,0.17907520643152947,-1.128100072887392,0.0,0.0,10.0
2012-02-02 06:00:00,0.1673241807921636,0.043337396326779944,0.41274596074562925,-0.10821750202941814,0.47097638279877907,-0.6410656328386943,0.29093795274565565,0.02920060399201712,0.7834062153268088,0.9177926671318211,-0.36287263784009954,0.12410862556534613,0.28241262327757877,0.598973254090965,-0.5497674431361421,-0.07088733120573786,-0.4834649231519579,0.1942727591477591,1.4160922466836512,-0.0019079496657575102,0.17907520643152947,-1.128100072887392,0.0,0.0,9.0
2012-02-02 10:00:00,0.2805762234928092,-0.20513727449223212,0.31665995695653926,-0.34767382406340985,0.4437727945912887,-0.7416787818484785,-0.0683877042245503,0.34259110183660696,0.3519107839246129,0.7010290965699222,-0.3677943098030517,-0.2539023416951738,-0.1493611336954429,0.2695001134250124,-0.6454381546307253,-0.4542685230405974,-0.48918930072055977,-0.09406792791633892,0.708978016858921,-1.2264834793079646,0.17907520643152947,-1.128100072887392,0.0,0.0,8.0
2012-02-02 14:00:00,0.3418658327277083,0.14864530165154602,0.3047732619512364,-0.31015034923716034,0.41949135083800565,-0.8533685112823909,-0.19260409568939094,0.04658736368225235,0.2148985851604092,0.4623980943058911,-0.36652869433596175,0.11193415546076961,0.47295245935070174,0.7263997365471508,-0.6937332740329268,0.1503426003325805,-0.49047216935223903,0.14803274088945148,-0.7052504427905385,-1.2264834793079649,0.17907520643152947,-1.128100072887392,0.0,0.0,7.0
2012-02-02 18:00:00,0.21318534593703725,0.07264518694229122,0.27839665620504983,-0.31955555556985277,0.3944774756760374,-0.9570804028995955,-0.25473142890903366,-0.01959197678672336,0.23845724377145136,0.27578185677023065,-0.4209924743664302,0.013893736667838939,0.3488393551195909,0.6551552651456571,-0.5895668574718974,-0.025247512210206133,-0.5385951632459726,0.09401584660637678,-1.412364672615269,-0.0019079496657578563,0.17907520643152947,-1.128100072887392,0.0,0.0,6.0
2012-02-02 22:00:00,0.14735395064343132,-0.12406600747185925,0.2198288680420151,-0.4146651277413535,0.3620569328173833,-1.006242495193507,-0.37598801088750433,0.2451494594589059,0.30169364320108405,0.2585851386355459,-0.4201171764923954,-0.2671040922874882,0.02894219914362408,-0.15477243367164173,-0.5319619022862441,-0.35840779864373734,-0.5758123538552691,-0.07152832805313128,-0.7052504427905396,1.2226675799764488,0.17907520643152947,-1.128100072887392,0.0,0.0,6.0
2012-02-03 02:00:00,0.04392996156048175,0.0158172985429605,0.19540674776389658,-0.3978496362913685,0.33094589808165426,-1.0518930094664245,-0.45059124309047033,0.1539991790651748,0.22357809096447803,0.26155741090573903,-0.41984258948061687,-0.18694816905756337,0.252695401137734,-0.3212922454461508,-0.4347992489779153,-0.11968523106073108,-0.597655216673177,-0.019663632857826945,0.708978016858921,1.2226675799764493,-1.4379966940383093,-1.1281000728873922,0.0,0.0,4.0
2012-02-03 06:00:00,0.030904907355825503,0.3153442203854945,0.22802546881548552,-0.22920116350930475,0.3129683804770706,-1.1464625528413603,-0.007903519363178018,-0.043258265630999576,0.3674099014318814,0.3057168846343152,-0.41504785411421247,0.2088810053123216,0.7543920337339493,-0.17018492969821425,-0.4219393980052136,0.3968331993968456,-0.5939496085716899,0.21326667478999553,1.4160922466836512,-0.0019079496657575102,-1.4379966940383093,-1.1281000728873922,0.0,0.0,3.0
2012-02-03 10:00:00,0.1731548033877485,-0.2396026057075723,0.1552889581279821,-0.3809317149993916,0.2831748305987269,-1.1898439311488,-0.3707586600756474,0.18262974341932742,0.3109931137054473,0.3089014620666665,-0.45623860871804534,-0.14580039064543965,-0.13013234289906364,-0.4046525443603113,-0.5549108130866991,-0.46759554833137945,-0.6166803541965394,-0.03618952735618109,0.708978016858921,-1.2264834793079646,-1.4379966940383093,-1.1281000728873922,0.0,0.0,2.0
2012-02-03 14:00:00,0.25253326372575996,-0.002073262451581471,0.13880960768224956,-0.3492523072603515,0.25584831785022955,-1.174873198908259,-0.6249250731784615,0.35741113515291334,0.17747582616754665,0.2931138715814129,-0.5158639176696477,-0.4019405933557856,-0.12377412550144379,-0.4189293414561054,-0.6225535868683775,0.014087070335288734,-0.6195827562674489,-0.20669224485336074,-0.7052504427905385,-1.2264834793079649,-1.4379966940383093,-1.1281000728873922,0.0,0.0,1.0
2012-02-03 18:00:00,0.17473794277881166,0.20219137575977342,0.16225307740603212,-0.2152872209144832,0.23895434995360557,-1.2129601598515163,-0.35989860124844403,0.224563032039794,0.026397013502161004,0.17633497040286505,-0.5308217833274367,0.3672932085929401,0.3284054806952544,-0.13589350722315302,-0.5563030875150162,0.43862218223374616,-0.6179724271878028,0.19423496428915155,-1.412364672615269,-0.0019079496657578563,-1.4379966940383093,-1.1281000728873922,0.0,0.0,0.0
2012-02-05 22:00:00,0.17130744775188173,-0.3371728214737909,0.07968013871943798,-0.39656340360532083,0.20794348072034546,-1.1871285893011398,-0.5374163830814017,0.5726317564951978,-0.17918375985137602,0.00847528326723102,-0.5951433259862859,-0.5040253859894395,-0.7097943316775019,-0.30790926888390124,-0.5532838796248355,-0.7031417722435142,-0.6102650281124129,-0.25071288678057324,-0.7052504427905396,1.2226675799764488,-2.0863921832865144,0.8445865525059428,0.0,0.0,0.0
2012-02-06 02:00:00,0.08226978303622622,-0.5223565911341532,-0.024426410500877616,-0.6001727551362561,0.16107651233433132,-1.1198312387249973,-0.6223011709607588,0.9099993277619854,-0.5720136080833014,-0.2481852585325367,-0.6011682364793651,-1.0288905452510992,-1.231409471760503,-0.26944699533138644,-0.4718209214094201,-1.1536340745552143,-0.6084654369377065,-0.47520767920249574,0.708978016858921,1.2226675799764493,-0.6294607438033901,1.3317999135043364,0.0,0.0,28.0
2012-02-06 06:00:00,0.1277389928726538,-0.887643122644126,-0.18894984138073098,-0.9274418085463325,0.08872343281697397,-0.9806095305769372,-0.8246115491429745,1.5183154082973462,-1.207911687671692,-0.6708707901946398,-0.5218478412838822,-1.740428919327839,-1.4645926652972445,-0.9727014659905528,-0.5141825841094583,-1.9266708481286912,-0.5698464545557493,-0.8115362628807453,1.4160922466836512,-0.0019079496657575102,-0.6294607438033901,1.3317999135043364,0.0,0.0,27.0
2012-02-06 10:00:00,0.1238779684146465,-0.979590983145798,-0.33834684910412854,-1.1481012492584808,-0.0008135232984653164,-0.8485563172762655,-0.9691441750371561,1.2517292319939666,-1.547656630743246,-1.1395004631832468,-0.4080980417197893,-1.8612013062742165,-1.6677498163550577,-1.0156918284888325,-0.510648352498118,-1.9176587634596747,-0.5194307348219631,-0.8567235629875836,0.708978016858921,-1.2264834793079646,-0.6294607438033901,1.3317999135043364,0.0,0.0,26.0
2012-02-06 14:00:00,0.3125132934550868,0.02962160104086766,-0.26732722205993015,-0.7249217007057966,-0.05739532862727886,-0.8830544956950551,-0.20139972179822657,0.6819245142527391,-0.9900576036699293,-1.2826584498073688,-0.4086348040044804,-0.7634328923700824,0.3408142128853454,0.010749741586009231,-0.670891693095596,-0.1383177180131279,-0.5197776645499358,-0.22644532545646948,-0.7052504427905385,-1.2264834793079649,-0.6294607438033901,1.3317999135043364,0.0,0.0,25.0
2012-02-06 18:00:00,0.20865500030158468,0.044444168332335277,-0.20561963713291478,-0.4117141613350609,-0.08958606467410041,-0.9150885185125024,-0.28825396466042164,0.5685915640176243,-0.33743915884131076,-0.9845675886670313,-0.43674022140752966,-0.14732110044117128,0.3755507463256396,-0.08753133227212503,-0.5857012702465348,-0.06893971677367298,-0.5478711232682796,0.09418146127790752,-1.412364672615269,-0.0019079496657578563,-0.6294607438033901,1.3317999135043364,1.0,0.0,24.0
2012-02-06 22:00:00,0.10874319248431819,-0.050354805679917715,-0.17361653900327692,-0.24196776346715335,-0.10855778256100483,-0.9392584980170938,-0.37203282424739276,0.513778041841498,0.3162117799783203,-0.3462911110040269,-0.4884080447734254,-0.21030314378712042,0.17530484766983404,-0.42743040958196543,-0.49668323647440243,-0.19793640452793662,-0.5933256282342768,0.025879679055756905,-0.7052504427905396,1.2226675799764488,-0.6294607438033901,1.3317999135043364,1.0,0.0,24.0
2012-02-07 02:00:00,0.08288216100847703,-0.2026607804207425,-0.1761980198615593,-0.20026797875317634,-0.12428212543246032,-0.9206359543788057,-0.5261275092355564,0.717941656632,0.14446303466229338,0.042222280126592786,-0.5007229517866352,-0.4418195330657598,-0.14345392978227206,-0.11868938589636553,-0.47240239341213325,-0.4518177448362151,-0.6419859734327739,-0.11097236431466188,0.708978016858921,1.2226675799764493,0.8274706956797339,0.8445865525059431,1.0,0.0,22.0
2012-02-07 06:00:00,0.1159979383962271,0.23171045605651358,-0.09146767773691906,0.07064887510185833,-0.11890879049796814,-0.9824974320456317,-0.1544854780788327,0.418628101895291,0.2864999717168964,0.25588847471306336,-0.5572200058818582,0.33088349835844744,0.7760425436372507,0.08065335337943993,-0.5033995616188287,0.49974969896107113,-0.6536568450520494,0.21257354072976598,1.4160922466836512,-0.0019079496657575102,0.8274706956797339,0.8445865525059431,1.0,0.0,21.0
2012-02-07 10:00:00,0.21050619068568188,0.47229670662609474,0.02842863022570002,0.38306152256973564,-0.08920628857002166,-1.0744233413615425,-0.18973072240815148,0.07111131897765753,0.7017406091265355,0.3879117343438231,-0.5485587935953249,0.7039474113675354,1.3461303571573757,0.1485623867821443,-0.5872825433626543,1.0669339886064146,-0.6637102921971993,0.32502098530247536,0.708978016858921,-1.2264834793079646,0.8274706956797339,0.8445865525059431,1.0,0.0,20.0
2012-02-07 14:00:00,0.34339938779734336,1.055773242210542,0.27662053562700833,0.9820568592733191,-0.012856963304168276,-1.0347084374926554,1.0188765900220995,-0.2737096671757314,1.2840134418842888,0.7781475556374071,-0.2599868050738114,2.4227850908537882,1.4983407903279535,1.3417929136968167,-0.6949124721220964,2.0308315689621597,-0.5563484289695327,1.1843492018306805,-0.7052504427905385,-1.2264834793079649,0.8274706956797339,0.8445865525059431,0.0,0.0,19.0
2012-02-07 18:00:00,0.2654262915525705,1.0639405926554464,0.47018450114933236,1.3126220441463197,0.08923515966908027,-0.9978303124715459,0.8518860157788529,-0.38280671682805767,1.5465680567648907,1.2096543156176573,-0.0445444708766044,2.213275544646158,1.5163497608054686,1.5358572780032762,-0.6331382342980677,1.649090689151234,-0.3938767324466011,1.3020079348895142,-1.412364672615269,-0.0019079496657578563,0.8274706956797339,0.8445865525059431,0.0,0.0,18.0
2012-02-07 22:00:00,0.15956559286233205,0.8880008197760316,0.5885439753094459,1.3724586576783164,0.19598706506388533,-0.9635863392376584,0.7368889027223706,-0.45793578210525376,1.534715268434068,1.4949041371538927,0.09063528914088521,1.7401519938913328,1.3127098638673762,1.80235502851607,-0.5428848384643833,1.264184009663085,-0.2724982842518645,1.1735509003825728,-0.7052504427905396,1.2226675799764488,0.8274706956797339,0.8445865525059431,0.0,0.0,18.0
2012-02-08 02:00:00,0.08809518672740475,1.0426514362622967,0.7157138609652629,1.444299217021623,0.30833356139261275,-0.91819649191203,0.7273546114781803,-0.5601211592092143,1.557767534326033,1.5886504536129529,0.2567014501706473,1.4930433813638966,1.5633396813954874,2.10568745925601,-0.4773400178574175,1.321397419124194,-0.14196950131629654,1.1823033432388614,0.708978016858921,1.2226675799764493,1.1873030452467948,-0.2501719323160819,0.0,0.0,16.0
2012-02-08 06:00:00,0.019520377854554228,0.9053599076259267,0.786618124014699,1.3486847912586928,0.4132340744993941,-0.8537885788526615,0.816522181766662,-0.658646280626695,1.4677676415388556,1.561665473783081,0.3639768746841601,1.2734257186604583,1.26258324367526,1.1287330819779215,-0.4105786408331142,1.0575621567587528,-0.011028575918953662,1.1413702123552134,1.4160922466836512,-0.0019079496657575102,1.1873030452467948,-0.2501719323160819,0.0,0.0,15.0
2012-02-08 10:00:00,-0.02616514329729317,0.9085218943523884,0.8337708848664598,1.2075704305726824,0.5071452922811278,-0.812558794895233,0.6222283642359642,-0.6507475451607777,1.451828948886561,1.5332812875481998,0.45690158012593524,1.0380821825159996,1.2677686267533927,1.117070210362638,-0.3638211961961925,0.9491799698335878,0.0906802079225953,1.0271944256747145,0.708978016858921,-1.2264834793079646,1.1873030452467948,-0.2501719323160819,0.0,0.0,14.0
2012-02-08 14:00:00,0.001483136769837823,1.030608498329462,0.8893341221906799,1.117562071827915,0.5940470998854668,-0.8503098867590311,0.3312558715917026,-0.3191734449737498,1.4159663918764651,1.484721886460297,0.5663389130167091,0.8365986629308203,1.4622204921831634,1.3377497939750431,-0.3923443772501526,0.9917332731359546,0.17383689941173164,0.8910451989133549,-0.7052504427905385,-1.2264834793079649,1.1873030452467948,-0.2501719323160819,0.0,0.0,13.0
2012-02-08 18:00:00,-0.08710264496988972,0.8539591169295394,0.8997040658565078,0.9225939796794244,0.6657657472985605,-0.8853644720611291,0.22333330949394725,-0.40320108547746136,1.4311383790737844,1.4721782988920367,0.6150400519026605,0.7399959756912944,1.3053626540698067,1.3704200010002259,-0.2983866015040326,0.7851954788345842,0.24748981089513702,0.8412325440426581,-1.412364672615269,-0.0019079496657578563,1.1873030452467948,-0.2501719323160819,0.0,0.0,12.0
2012-02-08 22:00:00,-0.10370918465804846,0.6872340341086285,0.8758691871409606,0.6735554098847187,0.718090490522902,-1.003457017716986,0.023159950692419256,0.08320514996481952,1.3384939234498496,1.433367039247594,0.6500346929241926,0.5219431154339719,1.0065454174024195,0.8668548093316785,-0.2799117782914074,0.6141293968198308,0.2819170067918558,0.5840884155611066,-0.7052504427905396,1.2226675799764488,1.1873030452467948,-0.2501719323160819,0.0,0.0,12.0
2012-02-09 02:00:00,-0.14406455837658158,0.9423239285060885,0.8985510304787567,0.6008867282956512,0.7647561527084186,-1.0667643069779196,0.26382326633428993,-0.07308867307155943,1.3414992565840913,1.4078659789030654,0.7220046288812275,0.6426941898960369,1.47069442363657,0.8596961570539916,-0.23380487269825836,0.7867850049579562,0.3391951846338377,0.7980382748210685,0.708978016858921,1.2226675799764493,0.17907520643152947,-1.128100072887392,0.0,1.0,10.0
2012-02-09 06:00:00,-0.1480802960808343,0.8113201729107937,0.8898489296343876,0.45736270062996487,0.8002448665054719,-1.0588178916058466,0.6806241515870715,-0.2650291342234774,1.2234482009902323,1.336743063492395,0.719610244043631,0.6778219220072408,0.9725021995308423,0.06050403614856124,-0.22912018289494243,0.6379439706972705,0.4129611974349858,0.8822415309745196,1.4160922466836512,-0.0019079496657575102,0.17907520643152947,-1.128100072887392,0.0,0.0,9.0
2012-02-09 10:00:00,-0.07700414906761943,0.907236214205936,0.8911975053752778,0.3698892463230611,0.8289215760684592,-1.1343611913644076,0.31721154707962623,0.10856974661710424,1.257751956380041,1.3090932047124235,0.6717247385639379,0.5524755525016994,1.1032693607335908,0.13504476488557207,-0.3094834600931725,0.6549992116377091,0.45214418470340567,0.7079880424658404,0.708978016858921,-1.2264834793079646,0.17907520643152947,-1.128100072887392,0.0,1.0,8.0
2012-02-09 14:00:00,-0.07539402348404747,1.069737956277523,0.9138059656989063,0.35775413776662573,0.8566532628068388,-1.1717986638547653,0.3833724969506281,-0.10323752532447085,1.1847105524591757,1.2554013554217023,0.4957662425024161,0.6947073277246045,1.2647445929725556,0.41265977282275557,-0.31124326244963935,0.7588455876943624,0.49310923590872724,0.8887846936884698,-0.7052504427905385,-1.2264834793079649,0.17907520643152947,-1.128100072887392,0.0,1.0,7.0
2012-02-09 18:00:00,-0.16322307609325848,0.9160447047012612,0.9043062950079527,0.2606866091374395,0.8768258057883891,-1.2065620311672405,0.27712654165373196,-0.19164856896652163,1.1489015943666467,1.229873080344058,0.17675945831397358,0.6264405585336813,0.8715341395055832,0.1428533642594653,-0.21129308735898414,0.6519802103678509,0.538489980406223,0.7526239628023552,-1.412364672615269,-0.0019079496657578563,0.17907520643152947,-1.128100072887392,0.0,1.0,6.0
2012-02-09 22:00:00,-0.2523538195077035,0.7848554492758745,0.8724013491131918,0.12207256542399002,0.8862037658858094,-1.2624163507380348,0.18173817772666162,-0.08911397528737816,0.8505324752979985,1.0904219181666923,0.08382836173452714,0.5217734390980843,0.2619784455954523,0.17280774620284242,-0.10089903896179385,0.5043097043218818,0.5288893497304844,0.5976788173955421,-0.7052504427905396,1.2226675799764488,0.17907520643152947,-1.128100072887392,0.0,1.0,6.0
2012-02-10 02:00:00,-0.3063954685314917,0.48423915069624973,0.8046203914593426,-0.08642971888776535,0.8793445891878668,-1.3512330229965346,0.04135429283881658,0.16878933310415659,0.2903123494390277,0.7841377774151377,-0.050063215934389886,0.33084610847810064,-0.31486962392050927,0.017529520994637927,-0.02904726038730879,0.2263837354880798,0.46061872603699916,0.39935031269727567,0.708978016858921,1.2226675799764493,-1.4379966940383093,-1.1281000728873922,0.0,0.0,4.0
2012-02-10 06:00:00,-0.30260373850620387,0.49988373968660377,0.7444214346295104,-0.23260252376056997,0.8611021903045365,-1.3920107337574021,-0.17343746455899048,0.3065464964978846,-0.11626249940313836,0.3508859036283688,-0.25575011359242295,0.23141438757205748,-0.27485704106387115,-0.10342837019096475,-0.034218352599560846,0.17605640134300438,0.2973620644094405,0.31950709257480214,1.4160922466836512,-0.0019079496657575102,-1.4379966940383093,-1.1281000728873922,0.0,0.0,3.0
2012-02-10 10:00:00,-0.10307468702117947,-0.7161115578964452,0.5200359172142893,-0.7962577152963646,0.7989650855162161,-1.2651815345228072,-0.6016276506056818,1.5138719555953126,-0.6950707163361864,-0.17840154786025264,-0.5015709445210184,-1.136584911543756,-1.3700473351993827,-0.7805968465583181,-0.28062289779485183,-1.6000356943354863,0.05834671777282021,-0.39361904803417197,0.708978016858921,-1.2264834793079646,-1.4379966940383093,-1.1281000728873922,0.0,0.0,2.0
2012-02-10 14:00:00,-0.1775637575331723,-0.4346822949568332,0.3760567369754868,-1.0284132105660255,0.718748847700977,-1.147411563804969,-0.6889574544450346,1.3482772438095942,-0.9230114198144567,-0.5939008488029108,-0.6388272396367358,-1.6213656790658013,-0.9575783721483855,-0.5047472497327803,-0.19417067771674854,-1.4301980924246493,-0.07265172660645575,-0.4876146980834402,-0.7052504427905385,-1.2264834793079649,-1.4379966940383093,-1.1281000728873922,0.0,0.0,1.0
2012-02-10 18:00:00,-0.19654651617130567,-0.37204847140181735,0.2672707710774475,-1.1183843049779587,0.6315261016720878,-1.0675872117373588,-0.6259521724622396,1.0856997279793634,-1.1323925285187317,-0.9418717098898385,-0.6967362494948179,-1.787700731757359,-0.8652345744503915,-0.7034654307912058,-0.1711388427028237,-1.440771822739328,-0.15769542988774804,-0.4232014286292463,-1.412364672615269,-0.0019079496657578563,-1.4379966940383093,-1.1281000728873922,0.0,0.0,0.0
2012-02-12 22:00:00,-0.1482060441583317,0.05429957235225132,0.23957952271439462,-0.9697195850103018,0.555880635972415,-1.142228028204219,0.3115783393580328,0.7227174275091643,-0.7190108483597984,-0.9500699405454579,-0.6841666927913781,-0.6626365006953878,-0.20446339981150247,-0.34714552547615474,-0.22897319901064714,-0.6132656772718236,-0.28916584498953707,0.059049308775544235,-0.7052504427905396,1.2226675799764488,-2.0863921832865144,0.8445865525059428,0.0,0.0,0.0
2012-02-13 02:00:00,-0.19390516465312282,0.27551781868867037,0.24969298313450825,-0.7479291825217381,0.4975071206352656,-1.2117797719990098,0.15086331155387314,0.5421700029862908,-0.3180015072197224,-0.7428860032348449,-0.6849052104044053,-0.2715171962264819,0.17312012855354475,-0.2715700480877569,-0.17436901027257526,-0.15750311597534503,-0.4904617370022961,0.20523214226001762,0.708978016858921,1.2226675799764493,-0.6294607438033901,1.3317999135043364,0.0,0.0,28.0
2012-02-13 06:00:00,-0.19183579419755903,0.39314403020848204,0.273455807017794,-0.5333598259177975,0.455843215971071,-1.2859452502748512,0.4311189111803506,0.298266692712255,0.12303598956954895,-0.31296804986770854,-0.685438181092551,0.08456337359116863,0.3783285678824153,-0.33160313392481466,-0.17689391145007596,0.06781862845267511,-0.6478892033179747,0.3404354640776098,1.4160922466836512,-0.0019079496657575102,-0.6294607438033901,1.3317999135043364,0.0,0.0,27.0
2012-02-13 10:00:00,-0.21674304999482952,0.07567813455129961,0.24724384280459163,-0.4976751820829387,0.4169582566088572,-1.360898552429866,0.23147889777981553,0.16271511421503185,0.1696142070522428,-0.00866090722349595,-0.6846558599662288,-0.1983480470436235,-0.07312999864104508,-0.44736478990050377,-0.14616331910793767,-0.42148390773731786,-0.8137278290568741,0.185927665529799,0.708978016858921,-1.2264834793079646,-0.6294607438033901,1.3317999135043364,0.0,0.0,26.0
2012-02-13 14:00:00,-0.20672973987899845,-0.28410679111936327,0.17179565954201811,-0.6030888181057221,0.36986419951973654,-1.383604761275816,-0.005781115052251339,0.6729400155814116,-0.11786072897376221,0.0598767375161934,-0.6477554520179231,-0.8094268600825335,-0.6374532067953823,-0.6236570841520277,-0.1586075816791961,-0.9819123082894152,-0.7992986864383288,-0.13392558957797313,-0.7052504427905385,-1.2264834793079649,-0.6294607438033901,1.3317999135043364,0.0,0.0,25.0
2012-02-13 18:00:00,-0.24225156736466358,-0.5466230387005359,0.06882405043611828,-0.7623051544365426,0.31037115389390235,-1.376977197093506,-0.16462457771370242,0.76054065539751,-0.6389545370614241,-0.20106476809272886,-0.5743956198286193,-1.1232051855958598,-1.0909638577121443,-0.6665501907448157,-0.11390258339169268,-1.3041023758372436,-0.7502905024408222,-0.3448796853970566,-1.412364672615269,-0.0019079496657578563,-0.6294607438033901,1.3317999135043364,0.0,1.0,24.0
2012-02-13 22:00:00,-0.24461971009954067,-0.834920633744733,-0.06303148991179959,-0.9682652988026315,0.23483894088194707,-1.2956133695587784,-0.3564315438795433,1.3544916053456681,-1.1279967663996577,-0.645427984265862,-0.4635835008379362,-1.4855207952169047,-1.4520487887136106,-0.9102791512966554,-0.110866054112911,-1.5730330558195844,-0.6453006086266005,-0.6526607404340866,-0.7052504427905396,1.2226675799764488,-0.6294607438033901,1.3317999135043364,0.0,0.0,24.0
2012-02-14 02:00:00,-0.32572697648026827,-0.8157652082509664,-0.16354355989089453,-1.0477544525972537,0.153116501857978,-1.220061243990817,-0.43855404121540364,1.2189941583448718,-1.4000853523006012,-1.0845221882569003,-0.37411617796634833,-1.3502093712670284,-1.4046427073233525,-0.11735395644502707,-0.0023673275281965713,-1.3471528479387351,-0.5478474833521407,-0.6794505793213642,0.708978016858921,1.2226675799764493,0.8274706956797339,0.8445865525059431,0.0,0.0,22.0
2012-02-14 06:00:00,-0.2766814226143533,-0.42012796115265183,-0.1928661503187258,-0.9176542402499003,0.08152563022648489,-1.210547597012897,-0.22420165331752867,0.8367113775324698,-1.1831956221062212,-1.2708960120545811,-0.34246604707867984,-1.0432285120536595,-0.47941477994946996,-0.07135541746606956,-0.06903976166787637,-0.8266401434018732,-0.48958200555747833,-0.5335423007723902,1.4160922466836512,-0.0019079496657575102,0.8274706956797339,0.8445865525059431,0.0,1.0,21.0
2012-02-14 10:00:00,-0.1781127606547207,-0.768480273660479,-0.2710207544813437,-0.9464356641883637,0.007693402251118807,-1.2755054006547222,0.037048676526838964,0.41338667198188916,-1.071625999152272,-1.251592001881517,-0.2950004852531755,-0.9010256688296022,-1.1374635846900354,-0.37800518417604034,-0.1935104826513158,-1.196114903991206,-0.4460596216779493,-0.4686728406563879,0.708978016858921,-1.2264834793079646,0.8274706956797339,0.8445865525059431,0.0,1.0,20.0
2012-02-14 14:00:00,-0.1149916970178977,-1.1420584517103136,-0.40126540413069073,-1.1111868133071119,-0.07896883837501761,-1.272355772884584,-0.2523588492308085,0.6888523027317996,-1.1317084089068414,-1.15968707494034,-0.16873202027379647,-1.243706357292274,-1.5740529520695465,-0.9951173248203604,-0.2671963769847167,-1.546631039876801,-0.34765400911489297,-0.8058817689242133,-0.7052504427905385,-1.2264834793079649,0.8274706956797339,0.8445865525059431,0.0,0.0,19.0
2012-02-14 18:00:00,-0.10151481505515109,-0.9402695362137998,-0.4749553557539885,-1.0891143462135757,-0.16391218336031294,-1.2099809821544858,-0.45621902703831446,1.050524443113556,-1.272450660313185,-1.190252210908476,-0.12625230749543243,-1.3494442984997201,-0.8762560410486196,-1.0437920993638403,-0.28236935834613924,-1.2113086116721818,-0.22915097230193238,-0.9677276179725787,-1.412364672615269,-0.0019079496657578563,0.8274706956797339,0.8445865525059431,0.0,0.0,18.0
2012-02-14 22:00:00,-0.16475251314872275,-1.1101900882303426,-0.5604968482229729,-1.1037019115920692,-0.24999153649699968,-1.1657880889524261,-0.46255553453709325,0.8824194865119338,-1.282519245979897,-1.262472008171921,-0.11267833595649686,-1.1704111551915293,-1.1658532842545741,-1.2842466238129249,-0.20947817035797014,-1.3211000650018705,-0.13583854874113643,-0.8345129269237986,-0.7052504427905396,1.2226675799764488,0.8274706956797339,0.8445865525059431,0.0,0.0,18.0
2012-02-15 02:00:00,-0.08743536377910206,-0.17722696341995506,-0.4950493573662268,-0.7045628360485637,-0.3049878931506156,-1.2485469491191874,0.24017490249220247,0.49444042484282597,-0.745112620141433,-1.1300833712310714,-0.20848239803652197,-0.6056218397570058,-0.058764394513030616,-0.5052263224243776,-0.29801922984608475,-0.30382783822456866,-0.13265232633004947,-0.34760431262333846,0.708978016858921,1.2226675799764493,1.1873030452467948,-0.2501719323160819,0.0,1.0,16.0
2012-02-15 06:00:00,-0.12737498774073275,-0.30125799944596915,-0.45946019866124643,-0.466489789952552,-0.34144428689922207,-1.3393600001153572,0.19341121621387403,0.315006989078811,-0.5209168521243827,-0.8727227393452024,-0.3025608755918407,-0.38523201856668127,-0.24410663016482798,-0.3627302083109212,-0.2530851677460601,-0.41827971924884033,-0.16675934389063762,-0.19213042731196306,1.4160922466836512,-0.0019079496657575102,1.1873030452467948,-0.2501719323160819,0.0,1.0,15.0
2012-02-15 10:00:00,0.05963772440390048,-1.0202699345145994,-0.5737505785126734,-0.6838219160702211,-0.3948254422802875,-1.2683580004141828,-0.2584046229338746,1.4151104608658127,-0.612068644409234,-0.6431288227596973,-0.2461075841959591,-1.1692054545955686,-1.4228677332939883,-0.8563370226999354,-0.4501152715614992,-1.5011984137894734,-0.1319200971824195,-0.7842326850032492,0.708978016858921,-1.2264834793079646,1.1873030452467948,-0.2501719323160819,0.0,0.0,14.0
2012-02-15 14:00:00,0.07326640053682332,-1.2415230320506063,-0.7139460812410396,-0.9281699839650565,-0.4672352285331316,-1.1732424984906087,-0.46080855935991605,1.4591133446330444,-1.1585716267493236,-0.7847166928462794,-0.1535947033825116,-1.6195384518603382,-1.5997013238231756,-0.8898563167024316,-0.46323662208723415,-1.7008020338127818,-0.08086099340825127,-1.1505455666236586,-0.7052504427905385,-1.2264834793079649,1.1873030452467948,-0.2501719323160819,0.0,0.0,13.0
2012-02-15 18:00:00,0.04962379252187175,-1.1710732257750398,-0.8060247381274601,-0.992732665224811,-0.5446728402170037,-1.0713646572394657,-0.6112864126748574,1.369121396278333,-1.553304974849876,-1.1382550922117411,-0.013840019520843587,-1.5167208598874884,-1.3571091442844243,-0.8544295195616161,-0.4403752028452976,-1.4074316462524805,-0.03951494666884474,-1.1471586720756686,-1.412364672615269,-0.0019079496657578563,1.1873030452467948,-0.2501719323160819,0.0,0.0,12.0
2012-02-15 22:00:00,-0.0029464691366876085,-1.3812507316497846,-0.9233397417514985,-1.113045578634347,-0.631479832383817,-0.9590140863086176,-0.7247434470003968,1.3930588422140153,-1.626344414991755,-1.4855909676964891,0.16152141285050223,-1.5124921407510776,-1.6288120268252526,-1.3290826969544878,-0.38782171430130574,-1.5180606599196653,0.02377464179820153,-1.2781267938126752,-0.7052504427905396,1.2226675799764488,1.1873030452467948,-0.2501719323160819,0.0,0.0,12.0
2012-02-16 02:00:00,-0.07290913026050423,-1.4798242847240954,-1.031533332123929,-1.1844784707642546,-0.7238496683584588,-0.8197191495719953,-0.815012209907757,1.7099097933975198,-1.5812773398451425,-1.630345346326887,0.32640107485518366,-1.49310101117787,-1.4726287869231038,-1.1889040570544394,-0.3139540539363378,-1.4466461983503203,0.12070612673277117,-1.4243616062371818,0.708978016858921,1.2226675799764493,0.17907520643152947,-1.128100072887392,1.0,0.0,10.0
2012-02-16 06:00:00,-0.08106049922409789,-1.6007385824359504,-1.1379535645719414,-1.236799852170187,-0.8202940372813353,-0.6569883790459637,-0.956115466557164,1.914487901789075,-1.592933040268037,-1.6439158655042094,0.44736961484383914,-1.431159941304602,-1.3899739223350533,-1.0105708691102877,-0.30503847725215183,-1.4269298926021343,0.21706879763067496,-1.4895314775186916,1.4160922466836512,-0.0019079496657575102,0.17907520643152947,-1.128100072887392,1.0,0.0,9.0
2012-02-16 10:00:00,-0.12303363618791335,-1.6846835107751446,-1.2319569838310864,-1.244873431607203,-0.917367137031693,-0.4958228396044173,-1.0589865157193301,1.8249484008590655,-1.5346576956875952,-1.6125180072062195,0.5078566109137667,-1.3692969764564165,-1.4644970396539754,-1.231921302440048,-0.25805095586064064,-1.3825615926263863,0.37455704034238363,-1.510513990952033,0.708978016858921,-1.2264834793079646,0.17907520643152947,-1.128100072887392,1.0,0.0,8.0
2012-02-16 14:00:00,0.1198516724264498,-0.2682788588097381,-1.0831950574193459,-0.5908190727370518,-0.963505686440632,-0.6120235744455703,0.6146803366596159,1.05063377048552,-0.9850368655595048,-1.4083371392983688,0.33774264658020514,-0.5550263087289988,0.07709932368293433,-0.09831644713871025,-0.5069505977728992,-0.21673516183291444,0.3954890594293296,-0.5533283546348782,-0.7052504427905385,-1.2264834793079649,0.17907520643152947,-1.128100072887392,0.0,0.0,7.0
2012-02-16 18:00:00,0.12128852460221769,-0.01204580684117748,-0.903905996196444,0.015482299452347621,-0.9624284542481772,-0.717979454036881,1.0585324617020953,0.7713728927554553,-0.24275198001648163,-0.9459714452464822,0.19160150668705755,0.10747423208891252,0.7029957945075916,-0.45172582576950177,-0.5082716423557816,0.14770757784355448,0.37864411646279256,0.10774212214008624,-1.412364672615269,-0.0019079496657578563,0.17907520643152947,-1.128100072887392,0.0,0.0,6.0
2012-02-16 22:00:00,0.02667028001452691,0.05797166430373782,-0.7393590908234168,0.46041310535432206,-0.926702189870064,-0.8163670565145265,0.9284806181761122,0.652854359314154,0.5668495404989978,-0.2263162223881178,0.09553540738599534,0.24317663359893335,0.8182807699858579,-0.28783321611670354,-0.41772685480193567,0.2959141628260751,0.31442365053621596,0.1667186316753232,-0.7052504427905396,1.2226675799764488,0.17907520643152947,-1.128100072887392,0.0,0.0,6.0
2012-02-17 02:00:00,-0.08707143328824396,0.013643697058931118,-0.6101317364651945,0.7202607128701263,-0.8707402663810258,-0.9077269731009115,0.8417179932833305,0.5737860525449703,0.8065083308949603,0.3871933746356027,0.032618199335534115,0.259217454134726,0.7528487568765546,0.3661770382046696,-0.2984210581145962,0.2894078908945674,0.21879563293164475,0.11871557375375467,0.708978016858921,1.2226675799764493,-1.4379966940383093,-1.1281000728873922,0.0,0.0,4.0
2012-02-17 06:00:00,-0.07180125859609855,0.2432599216004353,-0.459277059474544,0.9869821750853314,-0.7940073816406851,-0.9378939493345528,1.1469785277474118,0.30866693167329384,0.949611228890461,0.7955147908354991,0.02829074435198486,0.4607846290097383,1.1064932086815245,0.8381098077782173,-0.31516065185639147,0.5887366239523982,0.08307834843300303,0.26334312359329654,1.4160922466836512,-0.0019079496657575102,-1.4379966940383093,-1.1281000728873922,0.0,0.0,3.0
2012-02-17 10:00:00,-0.04026198979404765,0.40517481489452983,-0.30471039642518205,1.2104588747819218,-0.6998712259696328,-0.9317424135971242,1.1995482298395237,0.043098227131660824,1.1435460443206604,0.9930028812084455,0.04485850260818885,0.6712067935825594,1.3651054509706206,0.9392435607821319,-0.34900416014208663,0.7886960762920794,-0.03574080387997623,0.42250216737801827,0.708978016858921,-1.2264834793079646,-1.4379966940383093,-1.1281000728873922,0.0,0.0,2.0
2012-02-17 14:00:00,-0.013816223867566825,0.1582722531361104,-0.21883203500199264,1.2023538759270764,-0.6063662479164507,-0.9120140863862101,1.0239209451934648,-0.1934816083576299,1.2201600216808137,1.134656735448042,-0.005704492005204123,0.6647760478631612,0.9688719275280276,1.0153818838557185,-0.37664784913674704,0.5669118011917487,-0.10893796751124667,0.37656254947337336,-0.7052504427905385,-1.2264834793079649,-1.4379966940383093,-1.1281000728873922,0.0,0.0,1.0
2012-02-17 18:00:00,-0.10067792791961003,0.056476836534982436,-0.16528748417850522,1.107896408581907,-0.5202171548296596,-0.8936949254046465,0.8908304221197821,-0.28304624717968585,1.1257238781469108,1.1949660152194548,-0.018712146689050035,0.5268776031583825,0.8402180999713827,1.0665054195791326,-0.2833053097394384,0.4660107335289106,-0.16133153018500412,0.21094076145767895,-1.412364672615269,-0.0019079496657578563,-1.4379966940383093,-1.1281000728873922,0.0,0.0,0.0
2012-02-19 22:00:00,0.04055484953638568,0.7041649353031572,0.004060512384426733,1.3474071475755276,-0.415416138355866,-0.7646057269191605,1.8018798223398655,-0.6102856385220208,1.1020034558956189,1.1807398730409557,0.1041959667710378,1.1566392220449508,1.2982226053009869,1.8209196154708744,-0.43148095300895184,1.1984341590870577,-0.10708822167906204,0.8080092488978989,-0.7052504427905396,1.2226675799764488,-2.0863921832865144,0.8445865525059428,0.0,0.0,0.0
2012-02-20 02:00:00,-0.08175381329527363,0.6924918027303156,0.13480592393463806,1.4339862595833426,-0.3038727646463601,-0.6447371854683517,1.7119013146752873,-0.6528107065433415,1.2147256497094805,1.1788788876944465,0.2049275894078933,1.0715697520170622,1.2867069564548106,1.9256060796967056,-0.3042770774440704,1.0695794299812313,-0.04342247261170659,0.7884382654193748,0.708978016858921,1.2226675799764493,-0.6294607438033901,1.3317999135043364,0.0,0.0,28.0
2012-02-20 06:00:00,-0.08895778607816665,0.800353541972681,0.2581650852537392,1.483153122624811,-0.18850051643009094,-0.6000360447751913,1.3972908720101296,-0.31744511327216973,1.4275303647626532,1.2822316673782694,0.318257121787702,0.9446732540460924,1.4402489410706039,1.0350214472496662,-0.2963368067518395,1.0737210056389659,0.00860771034609498,0.7189446797661797,1.4160922466836512,-0.0019079496657575102,-0.6294607438033901,1.3317999135043364,0.0,0.0,27.0
2012-02-20 10:00:00,-0.022735941707297286,1.1164624850288842,0.42321607252855953,1.6359212642619052,-0.061231433500845846,-0.49092068792671617,1.9116412801687743,-0.5659785740012893,1.4809882873111915,1.4120139534517764,0.4690588331073161,1.2093848575292174,1.4489542383956837,1.1311989756170948,-0.36739729296936946,1.3346580896153646,0.11933366241021225,1.052972085057623,0.708978016858921,-1.2264834793079646,-0.6294607438033901,1.3317999135043364,0.0,0.0,26.0
2012-02-20 14:00:00,-0.07929101101792076,0.8310266558339214,0.5099569074469114,1.5450703956975285,0.058962628712311387,-0.3895992851388465,1.6844823246458112,-0.6729790979897001,1.4600611652905917,1.4960284084583542,0.5702714267299362,1.1333006154876792,1.2277001876213796,0.8888842291982003,-0.3069795354365893,1.0412736545920684,0.2369291547066414,0.9966413144019752,-0.7052504427905385,-1.2264834793079649,-0.6294607438033901,1.3317999135043364,0.0,0.0,25.0
2012-02-20 18:00:00,-0.17410126883095117,0.8613998284875871,0.5783323793921742,1.4224214278013687,0.16960538995956487,-0.31994589887819425,1.5512153215496396,-0.560682881236802,1.3899961742791875,1.4831749308437818,0.6647144413850481,0.9291634069287916,1.2426914974882204,0.9564723504034297,-0.19832641247258007,0.9555794668764308,0.322531442676232,0.8214596658553625,-1.412364672615269,-0.0019079496657578563,-0.6294607438033901,1.3317999135043364,0.0,0.0,24.0
2012-02-20 22:00:00,-0.1652400015860601,0.44905945669659325,0.5705756635015183,1.117162652985027,0.2564760927805101,-0.3451802194474958,1.216372343272377,-0.05342365162768103,1.033814769386377,1.3300416214945832,0.6609639939224589,0.6712984167789517,0.44465399106172104,0.4986584493988101,-0.20889913054636833,0.6176696956799799,0.3704342146215738,0.5330020770838629,-0.7052504427905396,1.2226675799764488,-0.6294607438033901,1.3317999135043364,1.0,0.0,24.0
2012-02-21 02:00:00,0.01816469226880131,0.9790411461667846,0.6691651883314884,1.162301288939996,0.34686197151032466,-0.29892416740886063,1.4575525861982432,-0.4595494629944251,1.0492139908555895,1.1893481659653642,0.7360032840466387,0.8539916968844647,1.271120314887527,0.872354648884399,-0.40921820404622405,1.0324320482632439,0.4510306891539634,0.8121811769348646,0.708978016858921,1.2226675799764493,0.8274706956797339,0.8445865525059431,0.0,0.0,22.0
2012-02-21 06:00:00,0.03791205890787884,0.6998324564278305,0.6993335461140122,1.0122526558495193,0.42556279753441256,-0.25597211908727086,1.1121122311588056,-0.6477068022260363,0.9202625664806325,1.028489217500474,0.687086128619416,0.8345922933037742,0.8790960216581167,0.8701910858253692,-0.42887583141087027,0.7665576659791998,0.5310167927388456,0.8230263847227387,1.4160922466836512,-0.0019079496657575102,0.8274706956797339,0.8445865525059431,0.0,0.0,21.0
2012-02-21 10:00:00,0.06256156149431795,0.34639670295565006,0.6617734991559409,0.7079390674165263,0.48056517161882706,-0.3079362118390142,0.7865854416290364,-0.1732423056465348,0.8865107384357663,0.9780453677738081,0.5286181320565861,0.4928040904526262,0.3494862793625833,0.6973373570875222,-0.452943271400294,0.45188197016615284,0.5624584545581219,0.41966749904058415,0.708978016858921,-1.2264834793079646,0.8274706956797339,0.8445865525059431,1.0,0.0,20.0
2012-02-21 14:00:00,0.07124689551887896,0.5534283501401491,0.6659496913561868,0.57804368681622,0.5254519296040948,-0.3258628817128542,0.8354314181059482,-0.3721109569192518,0.6787321874815508,0.8511749196587106,0.2777510955838852,0.6329301470053547,0.6852614035364161,0.30023429573556554,-0.4613019958374399,0.6317222803560546,0.5758983572225176,0.6017187858759155,-0.7052504427905385,-1.2264834793079649,0.8274706956797339,0.8445865525059431,1.0,0.0,19.0
2012-02-21 18:00:00,0.021550989998505427,0.3948176208507162,0.638038590486048,0.38682463619617113,0.5554474843920165,-0.34250907516713375,0.644756603557814,-0.49777835989378877,0.49453324538188925,0.7053851149999307,-0.16594584996908918,0.538624828287924,0.35972291411193313,0.19900727329128,-0.4126133385763505,0.48739611228960517,0.5585830145587066,0.4949593627214662,-1.412364672615269,-0.0019079496657578563,0.8274706956797339,0.8445865525059431,1.0,0.0,18.0
2012-02-21 22:00:00,-0.019860711382801877,0.23373843164886673,0.5849284606839636,0.16528816116440598,0.5681908634441809,-0.4038263645229561,0.45299383451451203,-0.30017192031380324,0.38986905536470284,0.5353115720889775,-0.2956726514293369,0.3092398256626223,0.05437185037406719,-0.017572211307388657,-0.3703872311986848,0.23921680627797315,0.4815900755939733,0.2980548217845966,-0.7052504427905396,1.2226675799764488,0.8274706956797339,0.8445865525059431,1.0,0.0,18.0
2012-02-22 02:00:00,-0.09208717652091071,0.41416972190691326,0.5681713459999139,0.08696785585474397,0.5748350406800904,-0.46076384749621957,0.31779717695864607,-0.4023717063257013,0.17918429327717106,0.3642428053763614,-0.3703961317642,0.3211765931078472,0.0912080482309033,-0.20262931843167123,-0.29287109169075326,0.45740734855780113,0.33724821829407126,0.3078383522855774,0.708978016858921,1.2226675799764493,1.1873030452467948,-0.2501719323160819,1.0,0.0,16.0
2012-02-22 06:00:00,-0.09823741882374834,0.2973196178166287,0.5323347872692916,-0.027599525191991246,0.5725572713556406,-0.46380921378521517,0.5777903082758437,-0.5692443883340536,-0.04903090580484078,0.17810079566815823,-0.45549630642925726,0.38998385901277055,-0.2837598105193785,-0.10277353167575802,-0.2860305600591352,0.24998085656462501,0.11016935949596139,0.35080716340919055,1.4160922466836512,-0.0019079496657575102,1.1873030452467948,-0.2501719323160819,1.0,0.0,15.0
2012-02-22 10:00:00,-0.12257071140575984,0.38883480946711807,0.512912280361813,-0.07459426241750944,0.5666197820453325,-0.4755944153941588,0.36673240599245915,-0.6483475332719583,-0.08382965628673432,0.015884008577844375,-0.5729093100977001,0.3236466910727935,-0.04374779662546043,-0.06323151764838263,-0.2585792723119051,0.3434957403702804,-0.2519131358283648,0.3088153582924188,0.708978016858921,-1.2264834793079646,1.1873030452467948,-0.2501719323160819,1.0,0.0,14.0
2012-02-22 14:00:00,-0.11581203272870493,0.4924259021743503,0.5082698165258264,-0.07197667722187276,0.5608861374508526,-0.46730311263417135,0.30593132386815236,-0.8104706211606745,-0.06026640712266436,-0.06611520807607107,-0.6454750183784027,0.41294850563091595,0.15764772374004166,0.26846456555862247,-0.26626662742233004,0.4738916701708497,-0.43815094320334874,0.34419730131107146,-0.7052504427905385,-1.2264834793079649,1.1873030452467948,-0.2501719323160819,1.0,0.0,13.0
2012-02-22 18:00:00,-0.20959181166779928,0.5408461000845298,0.5062003742231707,-0.06288196101306708,0.5558607448147855,-0.4596040457856116,0.21366184308053174,-0.8687031182377343,0.1413848678581859,-0.0009078637131386681,-0.6917579271191621,0.6017588756473458,0.284822441548,-0.21470212926669616,-0.15506311411882992,0.505669421539489,-0.5047118561319411,0.4032079443265378,-1.412364672615269,-0.0019079496657578563,1.1873030452467948,-0.2501719323160819,1.0,0.0,12.0
2012-02-22 22:00:00,-0.28120701273550175,0.4558058180741534,0.48937224041652416,-0.09576146991733152,0.5482748570474296,-0.4814831848350865,0.09647194524764238,-0.7693477071566108,0.20266281125584099,0.0972006733532019,-0.8295507573151455,0.409435578577569,0.129033412233272,-0.07548256656246376,-0.06302644240976124,0.33774866879359833,-0.5815727266135576,0.31483229103750077,-0.7052504427905396,1.2226675799764488,1.1873030452467948,-0.2501719323160819,1.0,0.0,12.0
2012-02-23 02:00:00,-0.35938526724972236,0.6173647804970191,0.4934479479612286,-0.0651901405716363,0.5430697146912842,-0.48087428003037747,0.18599305629496998,-0.8375763480824029,0.3300796740088192,0.23087358733198773,-1.0781571983385836,0.8330421009551054,0.5169163015475875,0.27880285754205913,0.04538387788436203,0.8372181640540411,-0.6806277301534976,0.4033665053250115,0.708978016858921,1.2226675799764493,0.17907520643152947,-1.128100072887392,1.0,0.0,10.0
2012-02-23 06:00:00,-0.22681784131152258,1.331046190795816,0.6193625003690819,0.29076468183778126,0.5655845906721509,-0.33022320133856226,1.4674824768702852,-1.1006223028211661,0.6888516441718985,0.41835204000223736,-0.8678521464471747,2.8634660028845813,1.2964271278726742,0.6839537168578678,-0.13351864206844533,2.463476670405297,-0.6776179856751593,0.9360555549443791,1.4160922466836512,-0.0019079496657575102,0.17907520643152947,-1.128100072887392,0.0,0.0,9.0
2012-02-23 10:00:00,-0.24196681800154954,0.8427406697544713,0.6565961679757126,0.334246585682377,0.5914856243787138,-0.19033291398187718,1.1865742346432895,-1.2119699311619188,0.8549106925555874,0.6417124863966207,-0.8313742897354865,2.153887670825379,0.5972587071892808,0.5413596641316808,-0.11426721948887784,1.3760134771372199,-0.6765719124768069,0.8054096503118245,0.708978016858921,-1.2264834793079646,0.17907520643152947,-1.128100072887392,1.0,0.0,8.0
2012-02-23 14:00:00,-0.21594832036524192,1.0320705053240078,0.7154668109039033,0.42790174788865365,0.6246800634566128,-0.11744190531626365,0.8469497112720034,-1.0263058759871404,1.047962339774359,0.887549379518689,-0.7412447553766014,1.7708665046223293,1.06125077377639,0.82689630266274,-0.1471554520651773,1.6010960726900003,-0.7017452844797268,0.7510059991397067,-0.7052504427905385,-1.2264834793079649,0.17907520643152947,-1.128100072887392,1.0,0.0,7.0
2012-02-23 18:00:00,-0.1649594727683834,1.471408829419642,0.8559238739332391,0.7248052919633127,0.6809958965090738,0.033254902608816674,1.637276539415569,-1.1958614863431387,1.118810221648377,1.0347874810896263,-0.472088388517621,2.343128041293661,1.496192035056913,1.1561607340067288,-0.20923237627222002,2.120619490503203,-0.6590666435391341,1.2408664740051343,-1.412364672615269,-0.0019079496657578563,0.17907520643152947,-1.128100072887392,0.0,0.0,6.0
2012-02-23 22:00:00,-0.2700634762953529,1.4628655595953448,0.9550810682769645,0.849959908951773,0.7470581582077285,0.17452830883183726,1.5586837789860104,-1.2322068277486864,1.4273382687496792,1.2308136892428556,-0.2869762624468334,1.929780617973723,1.4671940540571229,1.2272402483908016,-0.07778390630359572,1.684338261840262,-0.4938521377832803,1.3186056322036106,-0.7052504427905396,1.2226675799764488,0.17907520643152947,-1.128100072887392,0.0,0.0,6.0
2012-02-24 02:00:00,-0.36923821653293765,1.3743337280257866,1.012446103420609,0.8363759657756854,0.8120625689370345,0.2941334260167356,1.4581268125028193,-1.1999542812572994,1.5367066215145164,1.3981827893534564,-0.15901307814468565,1.442103406197397,1.369629207415533,1.1140419707128273,0.05968483476530516,1.3600678118681409,-0.3813693018319459,1.1720155791331617,0.708978016858921,1.2226675799764493,-1.4379966940383093,-1.1281000728873922,1.0,0.0,4.0
2012-02-24 06:00:00,-0.36158898500684483,1.5836620857766939,1.095679732482639,0.8958917906558785,0.8817017806387062,0.44273304561784926,1.7462933223323733,-1.322390052645945,1.524594106758388,1.5371423357412601,-0.030013102194077622,1.353384101604916,1.4620392090016696,1.2686982108042988,0.04856951867998365,1.4780234712227516,-0.26575436274186,1.247754101297019,1.4160922466836512,-0.0019079496657575102,-1.4379966940383093,-1.1281000728873922,0.0,0.0,3.0
2012-02-24 10:00:00,-0.3664801852193365,1.7148964184538276,1.1821890462485238,0.9524168966647067,0.9557428907736124,0.6096798139446147,1.9635073319792098,-1.4263491383711364,1.5013641473234844,1.5624922889676827,0.1574748995827264,1.3416202037523952,1.4016941327093126,1.391193408176256,0.055666681265319214,1.4435799666026,-0.09963380212413034,1.3893026003782825,0.708978016858921,-1.2264834793079646,-1.4379966940383093,-1.1281000728873922,0.0,0.0,2.0
2012-02-24 14:00:00,-0.276647715056859,2.03837153065974,1.3346404652613808,1.1770515198584324,1.0472774452504405,0.8162003649149026,2.5248663428833997,-1.5856248433303102,1.5390257239643006,1.563286459057413,0.43792057651945177,1.4719978334444366,1.4758209687365411,1.8922039272649334,-0.06908444693202284,1.6618928298258724,0.12803272693245948,1.7133233877433447,-0.7052504427905385,-1.2264834793079649,-1.4379966940383093,-1.1281000728873922,0.0,0.0,1.0
2012-02-24 18:00:00,-0.2964438758274233,1.7749543491009516,1.4118816225099837,1.1521279840020222,1.1368710768138317,1.0178460739966084,2.4388598268903467,-1.6627385496396792,1.4360172117904213,1.532953551327842,0.575343070616645,1.3618015634494738,1.1715931811275782,1.6588575486044355,-0.04257637741343746,1.3053863574287612,0.329646744373465,1.7207282598037341,-1.412364672615269,-0.0019079496657578563,-1.4379966940383093,-1.1281000728873922,0.0,0.0,0.0
2012-02-26 22:00:00,-0.3306076804540429,1.8295081577605676,1.471973159659264,1.0855286618112239,1.2212782793246106,1.1975042353823735,2.145978062084144,-1.685236376357368,1.3815967431509828,1.4919395417366434,0.7118565119689515,1.1418316147283147,1.2482484745030225,1.1292732384326487,0.004453411019595182,1.2041072589935937,0.4651188359621739,1.5812997221767984,-0.7052504427905396,1.2226675799764488,-2.0863921832865144,0.8445865525059428,0.0,0.0,0.0
2012-02-27 02:00:00,-0.41914517254441863,1.6383090102552704,1.4835922568600972,0.9003659345564287,1.2912659154418478,1.3549432463424034,2.011735142186483,-1.6648833713189506,1.255068358686441,1.394699143287134,0.7684084371131324,0.915242811328757,1.1190575721444385,1.2970473108193379,0.13447960809712436,0.9924327864351317,0.572332090012153,1.3393221806765279,0.708978016858921,1.2226675799764493,-0.6294607438033901,1.3317999135043364,0.0,0.0,28.0
2012-02-27 06:00:00,-0.402881028737385,1.2564152867104799,1.4374726317954871,0.5951408865287716,1.3374841196099074,1.388273973642379,1.621509209958863,-1.1266269560391167,1.1283613876313845,1.2893432744676623,0.7325784950789296,0.7206590519078782,0.8143262361902746,0.9457605891420529,0.10966204765076054,0.7348832630324341,0.6395659109959424,1.0823773219276738,1.4160922466836512,-0.0019079496657575102,-0.6294607438033901,1.3317999135043364,0.0,0.0,27.0
2012-02-27 10:00:00,-0.35810909744941466,0.6187769247376657,1.3122903717770746,0.13584812004400756,1.347934852437543,1.2775433307549875,1.2002263057672502,-0.35567669085398457,0.759769346535978,1.0764002372110089,0.6562132828691649,0.39202686797679365,0.20895480854410423,0.13469081844852962,0.043542462082361275,0.3349121084514137,0.6171015563194912,0.6071396379220918,0.708978016858921,-1.2264834793079646,-0.6294607438033901,1.3317999135043364,0.0,0.0,26.0
2012-02-27 14:00:00,-0.3329480828066998,0.845381840396257,1.2413471019503626,-0.08401325858906322,1.3412638578334328,1.1383570225690318,0.858208811787172,-0.2965513104704992,0.527571083525184,0.8272708482325257,0.5561424448691371,0.3342397534323435,0.464344075682051,0.3338865434450631,0.00773638915761505,0.4833101457149349,0.6017900480786036,0.5367749697140312,-0.7052504427905385,-1.2264834793079649,-0.6294607438033901,1.3317999135043364,0.0,0.0,25.0
2012-02-27 18:00:00,-0.38091736563090745,0.633373520569296,1.145948307339211,-0.3264406783079835,1.3157138030314146,1.0091125935392156,0.6794836287969297,-0.4172289070576576,0.32913378187780806,0.5535776099561491,0.42971196452800825,0.29179044157832185,0.2548062040181339,0.2591812996806218,0.0768311673377606,0.29443882349207817,0.5680355328427246,0.49385048282389454,-1.412364672615269,-0.0019079496657578563,-0.6294607438033901,1.3317999135043364,0.0,0.0,24.0
2012-02-27 22:00:00,-0.43713869606189004,0.7982093398934264,1.0874007368302046,-0.420118217966141,1.282868600211698,0.8960776617877628,0.5997668347914655,-0.5202187223198639,0.32249065626454776,0.40383275641496524,0.30234063474295814,0.32901516970794376,0.19022364345569645,0.16398425200229377,0.16245344151665617,0.39882118818108486,0.5052613974846207,0.5437493313657173,-0.7052504427905396,1.2226675799764488,-0.6294607438033901,1.3317999135043364,0.0,0.0,24.0
2012-02-28 02:00:00,-0.45588710785627434,1.0826837635074296,1.084061538055078,-0.3448499327394001,1.255884922830962,0.852200408765052,1.0659224740239555,-0.6627620614809737,0.3297201516461973,0.33607926310200414,0.1760591668696755,0.540841729962616,0.4847285873386204,0.2608793305935394,0.19219610792442823,0.6654330493845174,0.448939896704836,0.764501892420562,0.708978016858921,1.2226675799764493,0.8274706956797339,0.8445865525059431,0.0,0.0,22.0
2012-02-28 06:00:00,-0.45088639679730214,1.0217204739510723,1.062295677936314,-0.33477035751990697,1.2296861934052008,0.8480073087871952,1.2328193605839166,-0.8230337121959423,0.37904317602080845,0.353170594288607,-0.02596583874773665,0.6076952748637033,0.3938789486876314,-0.22051045880652054,0.18420247982132854,0.5829741718762564,0.38815488505064594,0.7988271057953807,1.4160922466836512,-0.0019079496657575102,0.8274706956797339,0.8445865525059431,0.0,0.0,21.0
2012-02-28 10:00:00,-0.4793843555987033,1.010628794324526,1.0318145814998305,-0.35041901430807937,1.202268823225589,0.8441137159506139,0.9996785420383351,-0.9363958564014834,0.44574731555195046,0.3953794894476892,-0.26130079299223347,0.5814044738608636,0.37830472491890704,-0.10311472294072903,0.23035922799548697,0.5453165234470384,0.2981165933765618,0.7335082179950181,0.708978016858921,-1.2264834793079646,0.8274706956797339,0.8445865525059431,0.0,0.0,20.0
2012-02-28 14:00:00,-0.3587617181485825,1.1600814198423992,1.022786715126785,-0.30456823263995964,1.1784220873753661,0.708868507374195,0.4918767757863661,-0.35157714920953853,0.5143564514748578,0.45860766930494873,-0.3187495739259481,0.4788176580628384,0.6781810563058907,-0.05293069920853634,0.044483834385420654,0.7053969033653873,0.18609056650039352,0.6373015331205051,-0.7052504427905385,-1.2264834793079649,0.8274706956797339,0.8445865525059431,0.0,1.0,19.0
2012-02-28 18:00:00,-0.40267773812938734,1.2510906525101626,1.0204776655583039,-0.24960712610182823,1.158855453339039,0.5904236384798571,0.3937573605816047,-0.47397334852241846,0.7024133106593919,0.5693448594044487,-0.49418611348667024,0.7628293771569485,0.9241299601033259,0.10791241297938252,0.10935460288356193,0.8439229318898408,0.07967940004277742,0.8140990524307989,-1.412364672615269,-0.0019079496657578563,0.8274706956797339,0.8445865525059431,0.0,1.0,18.0
2012-02-28 22:00:00,-0.4560822238118751,1.3863139205004584,1.0319524194513106,-0.1681354234226965,1.1456334365126328,0.5016259387076571,0.4556703438790827,-0.5772509533256941,1.0278258764789738,0.7686760200456766,-0.6387899590756407,0.9158280300373091,1.2958481897062863,0.39827321266193355,0.19250890125998696,1.1110207045607103,-0.06780279682010855,0.8698430759253182,-0.7052504427905396,1.2226675799764488,0.8274706956797339,0.8445865525059431,0.0,1.0,18.0
2012-02-29 02:00:00,-0.5255569891021646,1.2602823098217728,1.018423154300116,-0.17098871510557695,1.132189219303507,0.4339386741160848,0.48940141911548574,-0.6540812345316123,1.1964570113358275,1.0022594319730653,-0.6626510248209051,0.9400437256971144,1.1536586868574104,0.6843833628335116,0.30837153749294616,0.8981376579800011,-0.23528778248888893,0.8431800412490192,0.708978016858921,1.2226675799764493,1.1873030452467948,-0.2501719323160819,0.0,1.0,16.0
2012-02-29 06:00:00,-0.5496682334878836,1.1042812075032964,0.9831931029323524,-0.23231460354801992,1.1139692422362863,0.30203589401596337,0.2922836897295831,-0.31191965667159444,1.2101188925554287,1.1761217758157805,-0.7196891884738327,0.6922041304060043,0.9626514283759945,0.4299846689431596,0.35078831063336996,0.6804150418561181,-0.3219248438566592,0.6674032243414143,1.4160922466836512,-0.0019079496657575102,1.1873030452467948,-0.2501719323160819,0.0,1.0,15.0
2012-02-29 10:00:00,-0.509561890986682,0.6531523157088093,0.9051271412544077,-0.3979227773514131,1.082852511632998,0.10244154851268444,-0.00307499630121105,0.13168364450224979,0.8857341693370157,1.1274628716689037,-0.8350118327094151,0.22835173196487507,0.38120286211639626,0.3679271415804872,0.2808793265087249,0.08789977425308457,-0.469439348548706,0.41951719385898,0.708978016858921,-1.2264834793079646,1.1873030452467948,-0.2501719323160819,0.0,1.0,14.0
2012-02-29 14:00:00,-0.25200837869378595,-0.6598882760174188,0.6701966732399091,-0.9572045011735362,1.0081816593718962,0.09760566196761794,-0.5542934218519309,1.2680380861230531,-0.05639236788581861,0.6984281371286597,-0.7194394093228516,-1.307727991003279,-1.5027908115029145,-0.5178277722265666,-0.10134585370572526,-2.045466843840672,-0.6487941352230525,-0.22330466105562297,-0.7052504427905385,-1.2264834793079649,1.1873030452467948,-0.2501719323160819,0.0,1.0,13.0
2012-02-29 18:00:00,-0.24705131109106365,-0.9764916048608548,0.42130654586238575,-1.442611164439129,0.8957097133777427,0.14440098228039622,-0.7266077617527015,1.6430803820381519,-0.9410852990257867,-0.03824566786639868,-0.49432587497601505,-2.2319601352571437,-1.5318564750499701,-1.0306716036066401,-0.10774070334130134,-2.1205361353197105,-0.598512297469677,-0.7986106798105048,-1.412364672615269,-0.0019079496657578563,1.1873030452467948,-0.2501719323160819,0.0,1.0,12.0
2012-02-29 22:00:00,-0.30052481139566123,-0.7541823294420131,0.24792910584722697,-1.62548242447388,0.7689966492350473,0.18785377971369052,-0.8262532001065326,1.4372789717705634,-1.5213372247279437,-0.8625404743288231,-0.3815782324649106,-1.7281289185936104,-1.2548936451508974,-0.8786184036963453,-0.03704503960101478,-1.559081131245328,-0.5267525255819737,-0.7275531646202146,-0.7052504427905396,1.2226675799764488,1.1873030452467948,-0.2501719323160819,0.0,1.0,12.0
2012-03-01 02:00:00,-0.36438226576992,-0.6359973628910616,0.12323276544678578,-1.6393284441260738,0.6412053248905221,0.19738911379957863,-0.7013087894313724,1.2663647621567764,-1.3811707367307853,-1.3162070883915375,-0.30339663922766374,-1.302523192614023,-1.107572990949248,-0.8085529265142124,0.05261808947157717,-1.2542711908489834,-0.4865554577502413,-0.5638519365163682,0.708978016858921,1.2226675799764493,0.17907520643152947,-1.128100072887392,0.0,1.0,10.0
2012-03-01 06:00:00,-0.3596049527241064,-0.6984326766772739,0.014127499195268435,-1.6079852406369641,0.5158548557353654,0.25306247708948554,-0.8628902930939801,1.5901231621726974,-1.210912203202991,-1.4086085503114085,-0.24386495189303697,-1.2995070995030984,-1.0517901802243332,-0.97543980145712,0.045701117450228715,-1.1891933323872763,-0.4064520695346954,-0.6567434681943578,1.4160922466836512,-0.0019079496657575102,0.17907520643152947,-1.128100072887392,0.0,1.0,9.0
2012-03-01 10:00:00,-0.2850983266162905,-1.2274430790804427,-0.1660762785495764,-1.7763547083597004,0.37739259699670097,0.3406082187724767,-1.0790548966522324,1.6357858074522853,-1.3233633325930558,-1.3408129496057917,-0.0725800274532204,-1.4375715593482188,-1.5719643723367032,-1.4828451877793778,-0.05783381771160195,-1.643605056628706,-0.2727504371271303,-0.8684214769289158,0.708978016858921,-1.2264834793079646,0.17907520643152947,-1.128100072887392,0.0,0.0,8.0
2012-03-01 14:00:00,-0.27746205819802244,-0.8070836877857923,-0.25686281157107,-1.6677648486597527,0.2473867847298697,0.4219006931923972,-1.2150275472416836,1.3008991997549118,-1.3373865604965456,-1.3258191820074945,0.012119151202372357,-1.1654834914701917,-1.147113323651719,-1.3735006307624318,-0.0680044664966855,-1.1436333949602047,-0.18813416631475344,-0.7188373667608544,-0.7052504427905385,-1.2264834793079649,0.17907520643152947,-1.128100072887392,0.0,1.0,7.0
2012-03-01 18:00:00,-0.3565390756785108,-0.8562127132892254,-0.333936530158698,-1.5435832895991963,0.12705162412320342,0.4973865622966092,-1.2699408628810192,1.165653369713713,-1.3980582441936125,-1.3899068156435117,0.09785627125918829,-1.0460155469487897,-1.2228619602389839,-1.365431115056325,0.04128043651479351,-1.0958245955257122,-0.12975235054278783,-0.6970686173253369,-1.412364672615269,-0.0019079496657578563,0.17907520643152947,-1.128100072887392,0.0,1.0,6.0
2012-03-01 22:00:00,-0.4217612739909106,-0.7031353495337578,-0.3733416493834997,-1.3417497408165204,0.022434271847968815,0.5194723059229773,-1.0554312152022045,1.0123037639064778,-1.2205174144840845,-1.354687521204588,0.153987661767415,-0.8222636932994307,-1.07136468706449,-1.2278827451371717,0.1385126448966493,-0.8958675012685007,-0.10547799214664766,-0.5365212680168776,-0.7052504427905396,1.2226675799764488,0.17907520643152947,-1.128100072887392,0.0,1.0,6.0
2012-03-02 02:00:00,-0.4494989007459092,-0.9852235977497903,-0.4473355622940338,-1.2743917026731386,-0.07693756629195764,0.571907811427203,-1.1603977527492984,1.203676503302047,-1.339656655473378,-1.3554649088234985,0.24612733827127145,-0.8819176334631467,-1.483042059821245,-1.266960325007837,0.18199241689193657,-1.0802966218826553,-0.061166046577147026,-0.666282331249357,0.708978016858921,1.2226675799764493,-1.4379966940383093,-1.1281000728873922,0.0,1.0,4.0
2012-03-02 06:00:00,-0.3679400121372374,-1.4066037902728346,-0.5843907120293016,-1.392081576139434,-0.1854745154099677,0.7020044837792984,-1.3535403056074555,1.999268070137136,-1.4605007268332812,-1.3768481607990772,0.4085718683639488,-1.1102759532337068,-1.5635976895287182,-0.9093109757026305,0.05779202819072055,-1.376223927023199,0.04663222711290453,-1.029874285968648,1.4160922466836512,-0.0019079496657575102,-1.4379966940383093,-1.1281000728873922,0.0,0.0,3.0
2012-03-02 10:00:00,-0.3155636083318936,-1.6560045961864232,-0.7453205022161887,-1.551191328164684,-0.3064021528009531,0.8639869519798888,-1.501978374999419,2.339696998425626,-1.6259888197917558,-1.5157006993603472,0.5802453443401371,-1.278947090528489,-1.5379800982172367,-0.9253077230503987,-0.016460370156236675,-1.4677923277081995,0.22457396536527302,-1.3404225314135667,0.708978016858921,-1.2264834793079646,-1.4379966940383093,-1.1281000728873922,0.0,0.0,2.0
2012-03-02 14:00:00,-0.3278455658380519,-1.7330317505341908,-0.882919163547457,-1.6150000567708662,-0.4322989014826696,1.0337092448805902,-1.593019029131743,2.4322173327022782,-1.6140042761985252,-1.6096502679052007,0.7276914105332221,-1.3284985356196999,-1.4492500652658635,-1.1388389253101854,0.0005891381115505851,-1.3665633042749519,0.4165722225961122,-1.474522534711544,-0.7052504427905385,-1.2264834793079649,-1.4379966940383093,-1.1281000728873922,0.0,0.0,1.0
2012-03-02 18:00:00,-0.40206122891708485,-1.7873136407879278,-0.9946305812648986,-1.5956133183531223,-0.556685905919886,1.1913085168598125,-1.637482220827158,2.2521016675289465,-1.602178590299282,-1.6581674524530574,0.8417626545164587,-1.2748915419223772,-1.5302536151038397,-1.2671798421055265,0.10842264308498722,-1.264679769798826,0.5842147115324269,-1.4234064748552389,-1.412364672615269,-0.0019079496657578563,-1.4379966940383093,-1.1281000728873922,0.0,0.0,0.0
2012-03-04 22:00:00,-0.4375186638846591,-1.5640979482586759,-1.04968060770268,-1.4259402514258148,-0.6678596028517124,1.346844078498783,-1.7043480232671924,2.1890118063679034,-1.461752013920046,-1.6019250217366987,0.8620390397524739,-1.1796958453752204,-1.142028924313674,-1.1238245645908722,0.16305013436147417,-1.0567169720530123,0.7127196003653735,-1.2930688009073765,-0.7052504427905396,1.2226675799764488,-2.0863921832865144,0.8445865525059428,0.0,0.0,0.0
2012-03-05 02:00:00,-0.4770717201686401,-1.7096712074509979,-1.1138798511234655,-1.3150948845614,-0.7704012054597252,1.4912699571635417,-1.7646308082659463,1.9342635162523134,-1.4651265429450153,-1.5509422620971833,0.8501922758240198,-1.1335829704214873,-1.4587649930185695,-0.8427326165309186,0.22655840129588364,-1.0972571042411623,0.8023742731332355,-1.248245217119175,0.708978016858921,1.2226675799764493,-0.6294607438033901,1.3317999135043364,0.0,0.0,28.0
2012-03-05 06:00:00,-0.4453071739724536,-1.7901979680508746,-1.170359903768004,-1.2054163036140457,-0.8644015773169963,1.6518026520527036,-1.8635033305962692,2.1105367809561097,-1.3733747141494663,-1.4725890203637666,0.7657282997477333,-1.1338720650411596,-1.2715472843215128,-1.1529172408123194,0.17533623917460225,-1.0959122494717066,0.8724306202310844,-1.280306808748249,1.4160922466836512,-0.0019079496657575102,-0.6294607438033901,1.3317999135043364,0.0,0.0,27.0
2012-03-05 10:00:00,-0.39971423548667534,-1.0057262717617217,-1.1240780487956232,-0.8380799962481242,-0.9297955965278583,1.6908554601981418,-1.3872774844572848,1.645044050105909,-1.1563822905215562,-1.3680160202986718,0.5634117952081241,-0.7853221542312512,-0.5301902889287389,-0.7549183850234196,0.1048804254783184,-0.6813704852458657,0.8738419461004379,-0.8782315633978974,0.708978016858921,-1.2264834793079646,-0.6294607438033901,1.3317999135043364,0.0,0.0,26.0
2012-03-05 14:00:00,-0.41450752779377,-0.9968970700029479,-1.0742532895047674,-0.5345714561283428,-0.9715538570190836,1.710080155645058,-1.3900146306709484,1.35889103061448,-0.8223504320579335,-1.1478991549540296,0.30545580279855145,-0.6281915145264786,-0.5169183006753917,-0.8303627652993597,0.12735829448377997,-0.6351207276657796,0.8469452407515692,-0.714633018593179,-0.7052504427905385,-1.2264834793079649,-0.6294607438033901,1.3317999135043364,0.0,0.0,25.0
2012-03-05 18:00:00,-0.48821444665538466,-1.1154427249299104,-1.0433598303480562,-0.3432726925405805,-0.9984147066574192,1.7279316585600526,-1.4391064985134285,1.2219977224189076,-0.5995538122320248,-0.8829063707120005,0.04160113423242418,-0.587238597676212,-0.6433429555085923,-0.7068162317667736,0.24496304515710907,-0.7270764026843619,0.7654590132826492,-0.6853343518807442,-1.412364672615269,-0.0019079496657578563,-0.6294607438033901,1.3317999135043364,0.0,1.0,24.0
2012-03-05 22:00:00,-0.5692819098700461,-1.0598248445795833,-1.0021702708699827,-0.1622201677035131,-1.0111760723374414,1.746120413346402,-1.4779982674344745,1.1372669252330216,-0.6100817288229011,-0.6958272849457751,-0.02686456550587395,-0.5417118371178588,-0.5598751323565151,-0.29402005229694594,0.386187877444276,-0.6289454059205329,0.62973271468225,-0.6422894907387493,-0.7052504427905396,1.2226675799764488,-0.6294607438033901,1.3317999135043364,0.0,1.0,24.0
2012-03-06 02:00:00,-0.5823791179596507,-1.2542429351521447,-0.9903770964210734,-0.09735950163642625,-1.018886406988974,1.8034820914547405,-1.5686970457403968,1.5123321362180326,-0.7411306485968407,-0.6680137992909434,-0.038547627005231594,-0.6477570488135221,-0.8864279402407245,-0.16273239942172565,0.4102885274866337,-0.7796146170791491,0.45382890404934245,-0.7510745834461829,0.708978016858921,1.2226675799764493,0.8274706956797339,0.8445865525059431,0.0,1.0,22.0
2012-03-06 06:00:00,-0.5680276302150706,-1.4527905405684989,-1.0049583130743474,-0.1172301154934205,-1.0281441677345124,1.8883273462185137,-1.6736466202373765,1.7315563357434913,-0.9486525540219344,-0.7875616783067095,-0.07183241439579661,-0.7898207521359883,-1.2284782210858547,-0.2332875968368144,0.3838994661829772,-0.9467136836969023,0.2647678292031903,-0.8811916992345515,1.4160922466836512,-0.0019079496657575102,0.8274706956797339,0.8445865525059431,0.0,0.0,21.0
2012-03-06 10:00:00,-0.5035686854374356,-1.888183112616341,-1.098736299317607,-0.34860428665133447,-1.055420215811558,2.015785973633493,-1.8022738218665038,2.2824015328968956,-1.2985418792515928,-1.0233229140780964,-0.0538281022347631,-1.1833348221251354,-1.5464340347602163,-0.6060472640424748,0.27070758638867054,-1.473145692393843,0.11604300188199236,-1.222227541926218,0.708978016858921,-1.2264834793079646,0.8274706956797339,0.8445865525059431,1.0,0.0,20.0
2012-03-06 14:00:00,-0.5305130553692384,-2.028945851107131,-1.196682536483671,-0.5450445538132699,-1.097994069860152,2.155944800529656,-1.8642834726543738,2.565986775597323,-1.5047810521937288,-1.2848328398700446,-0.02682175095828559,-1.5111278867646487,-1.4679463731248663,-0.8766379884907981,0.31699346241744475,-1.55878995896802,0.11320572152128498,-1.4530271758284086,-0.7052504427905385,-1.2264834793079649,0.8274706956797339,0.8445865525059431,1.0,0.0,19.0
2012-03-06 18:00:00,-0.5855179725941403,-2.050377930459975,-1.2656356169692142,-0.62331251289663,-1.1466630492572543,2.2860922826475227,-1.906237981383113,2.3456981066271627,-1.599475804628031,-1.5077054255035063,0.06412308444785832,-1.4829302257044439,-1.4954825115530064,-0.7508623952617353,0.41612061846428305,-1.3972470494288949,0.1773523751311662,-1.3746685867029695,-1.412364672615269,-0.0019079496657578563,0.8274706956797339,0.8445865525059431,1.0,0.0,18.0
2012-03-06 22:00:00,-0.5914584328886671,-1.4692386528443535,-1.2546531531150653,-0.4684391500600839,-1.1832712496243536,2.3066069030469865,-1.4323048786780428,1.9932672656719685,-1.3449417267003996,-1.523594922328156,0.004782893853881226,-1.1654633422187275,-0.8287417748440323,-0.4268366581267064,0.4272184201986132,-0.9756683503652425,0.1785082260716462,-1.0748145534346547,-0.7052504427905396,1.2226675799764488,0.8274706956797339,0.8445865525059431,0.0,0.0,18.0
2012-03-07 02:00:00,-0.6553666993474985,-1.3266758675776282,-1.2187282465375147,-0.2766773421258195,-1.2049459795125441,2.306184864840339,-1.3693222589337055,1.8277266015154434,-1.056710461340905,-1.3701544128861807,-0.09426410166534589,-0.9381297882852545,-0.6552404678936963,-0.7245082344972537,0.5518231627818563,-0.8231842641257072,0.11926276825050307,-0.8693876714945613,0.708978016858921,1.2226675799764493,1.1873030452467948,-0.2501719323160819,0.0,0.0,16.0
2012-03-07 06:00:00,-0.6689432891456687,-1.354344891464041,-1.1817903204755176,-0.12051168375730298,-1.214459292723514,2.3240955987589156,-1.4659621085926648,1.859873335240502,-0.781568568269164,-1.090064387820454,-0.26936222431561146,-0.890269478050722,-0.7196838104752732,-0.7517378666946077,0.5795871897349902,-0.8294937985781037,0.06089770671756677,-0.8420109327869533,1.4160922466836512,-0.0019079496657575102,1.1873030452467948,-0.2501719323160819,0.0,0.0,15.0
2012-03-07 10:00:00,-0.6222110984525266,-1.4865194784409097,-1.1627877864697636,-0.044377570071944636,-1.2180436540154034,2.288738916282229,-1.3219600619998515,1.4003896205003943,-0.8510133272233629,-0.9209200012197499,-0.4009276470259333,-0.8440217244522877,-1.0245503926879036,-0.7664150417472394,0.48596072848604194,-0.9932253662566364,0.025826316401829467,-0.8118185280929997,0.708978016858921,-1.2264834793079646,1.1873030452467948,-0.2501719323160819,1.0,0.0,14.0
2012-03-07 14:00:00,-0.5254749263322375,-1.205686437026262,-1.1114340968162448,0.10455038134934498,-1.210030235801602,2.285577529787043,-1.5156070873777685,1.3153792120014316,-0.8306767095748502,-0.8435153807646295,-0.4608553087673932,-0.766666077247889,-0.5978987036865387,-0.6817977777798476,0.3082291911238333,-0.7082392196300069,-0.04491202755215585,-0.7647334104547153,-0.7052504427905385,-1.2264834793079649,1.1873030452467948,-0.2501719323160819,1.0,0.0,13.0
2012-03-07 18:00:00,-0.578630278169371,-1.070945244584507,-1.0473988738614166,0.25819651567906027,-1.190051609103753,2.2826419566129417,-1.5733827500663076,1.1413937846840687,-0.7374087734626825,-0.8283929836462137,-0.4804617611479209,-0.525483945118372,-0.45670261600790024,-0.481806213958682,0.40335168284656764,-0.5367139514701422,-0.14795292849184072,-0.5898339400478283,-1.412364672615269,-0.0019079496657578563,1.1873030452467948,-0.2501719323160819,1.0,0.0,12.0
2012-03-07 22:00:00,-0.6406141434327286,-1.2230175820167863,-1.0075653291668725,0.31526576909859233,-1.1656287084371992,2.2799160672369903,-1.620548309180451,0.999359585935457,-0.6133225475434608,-0.7469964468765777,-0.4814736471429114,-0.5211377730386698,-0.6746729828357092,-0.42247937749226927,0.522183676709294,-0.6944903765918023,-0.30941014944423545,-0.5748098896900753,-0.7052504427905396,1.2226675799764488,1.1873030452467948,-0.2501719323160819,1.0,0.0,12.0
2012-03-08 02:00:00,-0.6208404785843252,-0.41168271845687876,-0.8910766955857427,0.5694834756318665,-1.121408577776694,2.1385753546614437,-1.0047487019723929,0.6829308593498329,-0.2672102742359888,-0.5540389561220744,-0.498161764855706,-0.10756501962468347,0.37801030479362546,0.3622585873762737,0.48329556282224084,0.09022699429056559,-0.48836583531904465,-0.28638359881206293,0.708978016858921,1.2226675799764493,0.17907520643152947,-1.128100072887392,1.0,0.0,10.0
2012-03-08 06:00:00,-0.5503997557470466,0.17369627864025056,-0.7209542375252843,0.9187839473485551,-1.0499866370225002,1.833149430236189,-0.05753090386129579,0.29737461131049425,0.37021780711259644,-0.1747353591788683,-0.4976943016963614,0.5405390170429826,1.3406095708780228,0.8594084960162155,0.35209396747833843,0.8071373414733296,-0.5888251887477486,0.12592472373006247,1.4160922466836512,-0.0019079496657575102,0.17907520643152947,-1.128100072887392,0.0,0.0,9.0
2012-03-08 10:00:00,-0.4717339226271065,0.6115640943405798,-0.5162232569063642,1.2923868036997204,-0.9494703354763553,1.61717149215756,0.786799025541888,-0.05394439682298644,1.02297763085664,0.3856110194929151,-0.4089894654014075,1.1441331407159594,1.1658690652060866,1.1842405488750332,0.21782334185790492,1.3018206944567183,-0.5676147841507696,0.5560215463099126,0.708978016858921,-1.2264834793079646,0.17907520643152947,-1.128100072887392,0.0,0.0,8.0
2012-03-08 14:00:00,-0.43372235244123164,0.7904871890024207,-0.3210617776118363,1.5652324971935911,-0.827706147539376,1.428852558258508,0.5763126071882383,-0.3058987322667505,1.3748301529574392,0.9479231301657557,-0.28925134472942216,1.1615227388967708,1.3701046985962828,1.0799959631910607,0.15709967550589657,1.3616754326890905,-0.4991222698453692,0.6417082654480735,-0.7052504427905385,-1.2264834793079649,0.17907520643152947,-1.128100072887392,0.0,1.0,7.0
2012-03-08 18:00:00,-0.43882693208104034,0.9288604502147261,-0.14147288300999938,1.7411393386824139,-0.6922431962630774,1.288030499159307,0.6850451798464512,-0.47950292801917765,1.3801887763545673,1.2937848385790085,-0.18826261455933105,1.277119314982465,1.355718913278208,1.1263022843692816,0.1651065187351406,1.4061085577920396,-0.3979092380254025,0.7813248230621496,-1.412364672615269,-0.0019079496657578563,0.17907520643152947,-1.128100072887392,0.0,1.0,6.0
2012-03-08 22:00:00,-0.50322155607338,0.698353695944559,-0.022562239036818275,1.7167721099362612,-0.5586778454268947,1.157267158567191,0.551648353767703,-0.5671116085159126,1.3726318509146243,1.4135229395601916,-0.1262251318850213,1.0935703388929654,1.1445613214997494,1.0406961058927109,0.27012056657229383,1.1387895913811694,-0.32255968165518234,0.6483975192373199,-0.7052504427905396,1.2226675799764488,0.17907520643152947,-1.128100072887392,0.0,1.0,6.0
2012-03-09 02:00:00,-0.5699604924157174,0.567668886091838,0.057456765488115624,1.5914623916947142,-0.4348710017629121,1.0190545822909878,0.4323297151107476,-0.5321027322284186,1.2500220753117157,1.3707827655621982,-0.07123450689495141,0.94118324807127,1.0243903343087382,1.0886248309076987,0.3874273595123024,0.9697785546670037,-0.2631154928748821,0.5318253198132434,0.708978016858921,1.2226675799764493,-1.4379966940383093,-1.1281000728873922,0.0,1.0,4.0
2012-03-09 06:00:00,-0.5432394588675296,-0.052771271066792316,0.049658896735146625,1.2522834558547171,-0.33747775254715645,0.7722699126125245,0.14671956685103218,0.32171569461761457,0.9078492014813865,1.2090314110262945,-0.07207303598337281,0.5523199174999941,0.3909175589734014,0.6513519300303059,0.3393619138657663,0.4567367280547194,-0.2436082882989392,0.16713749207852371,1.4160922466836512,-0.0019079496657575102,-1.4379966940383093,-1.1281000728873922,0.0,1.0,3.0
2012-03-09 10:00:00,-0.3561916536809856,-0.9377965638976243,-0.0964988668297448,0.6044922613410498,-0.29053130910559,0.7215731981665156,-0.34822858041307936,1.6569396389289532,0.19123448173354698,0.8044652156963799,-0.06128074865717134,-0.17033868983582398,-0.8760279916972727,-0.05474330816849049,0.04078039002562529,-0.5278663075941041,-0.2479644389800287,-0.49232240980366965,0.708978016858921,-1.2264834793079646,-1.4379966940383093,-1.1281000728873922,0.0,0.0,2.0
2012-03-09 14:00:00,-0.3403209594044491,-1.190386066276409,-0.26257061399412485,0.032077563100570486,-0.288161719052881,0.7327196879357394,-0.5494798949228902,2.153591483448924,-0.6520207322432988,0.1531160235608285,-0.015412760571441633,-0.7364234921975756,-1.353278483684333,-0.1973037726830242,0.01813109004544338,-0.8412374182371728,-0.22073499623553886,-0.9946187278057612,-0.7052504427905385,-1.2264834793079649,-1.4379966940383093,-1.1281000728873922,0.0,0.0,1.0
2012-03-09 18:00:00,-0.39691696828297185,-1.078211212506438,-0.37666917803355365,-0.2844461433235539,-0.3104414451318802,0.7430699998643044,-0.6505359297167747,1.9386342878509828,-1.227991441573337,-0.5782965775952222,-0.0032921974626088112,-0.7346427055956134,-1.23310749649336,-0.4809549735500798,0.10067031681754796,-0.7347170903737108,-0.19750106978495355,-0.9447089918859333,-1.412364672615269,-0.0019079496657578563,-1.4379966940383093,-1.1281000728873922,0.0,0.0,0.0
2012-03-11 21:00:00,-0.45862376519574777,-1.2073556686304463,-0.48800639924002226,-0.5301520779363429,-0.35185554609271563,0.7526810037979722,-0.7391339894937188,1.750176562353293,-1.4443370822903374,-1.138393444329923,0.004213356854899019,-0.785279599371229,-1.4860429377248328,-0.9223870932133946,0.19658949149306112,-0.9109085415277544,-0.1769342067253359,-0.921318157712866,-0.9981467469309481,0.9979537833748633,-2.0863921832865144,0.8445865525059428,0.0,0.0,0.0
2012-03-12 01:00:00,-0.507085206767402,-1.3707897437374237,-0.604027347134014,-0.7394602565259057,-0.40956954294853026,0.7899700757765973,-0.8374720320546749,1.9807171268624568,-1.5295059989519046,-1.4388857977676455,0.03919442577194327,-0.9590839666001597,-1.593423429190735,-1.3739734888353585,0.2766674120340014,-1.1131708136898424,-0.1329272126581037,-1.0270890623821884,0.3678930465174731,1.3639285779396655,-0.6294607438033901,1.3317999135043364,0.0,0.0,28.0
2012-03-12 05:00:00,-0.5157873095169864,-0.9984789299638575,-0.6474645205136734,-0.709421681958899,-0.4649442827262166,0.8339656179160017,-0.9746575699576884,1.8077000471477926,-1.505023290448341,-1.5337545726678827,0.0674629337321633,-0.8425710609375151,-1.164075284626674,-1.3180246576391192,0.29151940797778836,-0.8034347080996053,-0.09800885635745091,-0.8691022354489489,1.367903580482612,0.36406684489904434,-0.6294607438033901,1.3317999135043364,0.0,0.0,27.0
2012-03-12 09:00:00,-0.5364931577704768,-0.8678917363466591,-0.6595856621204922,-0.6001865152304251,-0.5118123226809768,0.8029380099406885,-0.6023345585909864,1.5284099494474332,-1.3471704134239937,-1.5004801211060113,0.0895076863692502,-0.6298340909804055,-1.040956020608432,-1.3562403150703901,0.32746307600044827,-0.679890307990795,-0.08173230079525969,-0.6225655804941687,1.00187432099933,-1.0017696827063787,-0.6294607438033901,1.3317999135043364,0.0,0.0,26.0
2012-03-12 13:00:00,-0.4913308630771546,-0.44420102298107983,-0.6115495332353901,-0.34912315680764433,-0.5391287778247112,0.6980928723401822,-0.26992852881521523,1.113604532646449,-1.0023254478384176,-1.319948629010551,0.0866551748334115,-0.4388852143230155,-0.6210877612641899,-1.0163656585067289,0.2501521021813107,-0.3495235883140096,-0.09453854753518065,-0.3943216279120652,-0.36416547244909103,-1.3677444772711809,-0.6294607438033901,1.3317999135043364,0.0,0.0,25.0
2012-03-12 17:00:00,-0.5718600920120371,-0.33788765707851565,-0.5539227935979587,-0.12217844418821966,-0.5487718901753462,0.5956552435349789,-0.3014032485990232,1.0071555919199204,-0.7705649462796964,-1.0684354415936983,0.07013062608091859,-0.2678520936100434,-0.5105961140683087,-0.8940623799772862,0.3909024357742497,-0.2789743758319408,-0.11752987905169687,-0.18934299661942727,-1.36417600641423,-0.3678827442305594,-0.6294607438033901,1.3317999135043364,0.0,1.0,24.0
2012-03-12 21:00:00,-0.6056049292827227,-0.2368223709932658,-0.4903824753630005,0.07546692405276709,-0.5430233491841872,0.45176236784109697,-0.05469450734135272,0.8060444222479806,-0.5460819483931069,-0.7941049573089038,0.0611159334483426,-0.20125465947265953,-0.4079967273864344,-0.5146760007295036,0.45396834925403634,-0.20881975463671779,-0.1285629847023887,-0.09623050991167825,-0.9981467469309481,0.9979537833748633,-0.6294607438033901,1.3317999135043364,0.0,1.0,24.0
2012-03-13 01:00:00,-0.6167389021992914,-0.011819730544566094,-0.4076448910506161,0.2858149243011099,-0.5208939360796246,0.26088264855283216,0.2426409647285043,0.5693683539628854,-0.3533560451520721,-0.571867216664249,0.053498256049873606,-0.04887045137749757,-0.07767176695959947,0.26464285942992694,0.4753467007410198,-0.03934248614725638,-0.1340658493280558,0.06773807165658212,0.3678930465174731,1.3639285779396655,0.8274706956797339,0.8445865525059431,0.0,1.0,22.0
2012-03-13 05:00:00,-0.5620571713366794,-0.6522984208750755,-0.4282080732486512,0.17303376067418955,-0.5075473676704823,0.15949938479640435,-0.07524281857393386,0.9831590699192697,-0.4737350847080095,-0.4702186681833897,0.06261204783451316,-0.38524383904346615,-0.8500206251155255,0.08967642560726818,0.3730529535284984,-0.6409772439016155,-0.13746743710867104,-0.24194490092940735,1.367903580482612,0.36406684489904434,0.8274706956797339,0.8445865525059431,0.0,1.0,21.0
2012-03-13 09:00:00,-0.38187170460754283,-1.3074910528579824,-0.5677855045410116,-0.24100380075712788,-0.5264440168623844,0.20223845747580743,-0.5279846612143251,2.059161137008147,-0.9121616188021668,-0.5955816182868632,0.2019111354204511,-0.9542487560494721,-1.6441979175104446,-0.5741194576218968,0.07824169601439253,-1.3220820099511967,-0.08958520394521412,-0.8289893282135591,1.00187432099933,-1.0017696827063787,0.8274706956797339,0.8445865525059431,0.0,0.0,20.0
2012-03-13 13:00:00,-0.2956743368049472,-0.5951431779155761,-0.5746010242494081,-0.2110167338735479,-0.5430054201422927,0.24958045930535974,-0.793376758600213,1.621485435014264,-1.0959775300403836,-0.8498902502078695,0.2112125400669392,-0.8206841987882573,-0.5959648686896425,0.00013243209440952947,-0.043616835662515015,-0.6603645040431548,-0.05246076236574414,-0.7083039303691845,-0.36416547244909103,-1.3677444772711809,0.8274706956797339,0.8445865525059431,0.0,0.0,19.0
2012-03-13 17:00:00,-0.24593470209756071,-0.8414407584108299,-0.624920578869827,-0.3053923693192415,-0.5669163357210195,0.2935408895756587,-0.9914926688843325,1.2013280820257548,-1.1213558703385298,-1.071666160747375,0.19180070096123134,-0.8623053006021637,-0.9215781884476816,-0.08068708751267553,-0.10917682666096674,-0.8924371293323501,-0.0016873018058354429,-0.7478050743459604,-1.36417600641423,-0.3678827442305594,0.8274706956797339,0.8445865525059431,0.0,0.0,18.0
2012-03-13 21:00:00,-0.30611625543007076,-0.9907462577207474,-0.6902541823064624,-0.42174293285052117,-0.5998880633791488,0.33436128911236485,-1.0727354444997212,1.0290312205417467,-1.0140613998045942,-1.1065614532040358,0.13376405521782325,-0.9537228057738592,-1.3416670671780802,-0.426453473324548,-0.02942873239840573,-1.0150862035900368,0.061157877268375835,-0.8238350099620636,-0.9981467469309481,0.9979537833748633,0.8274706956797339,0.8445865525059431,0.0,0.0,18.0
2012-03-14 01:00:00,-0.3784120479349448,-0.959296790574854,-0.7296126533072127,-0.44415053545417593,-0.6346047853903742,0.3845764716930707,-1.1375923570645634,1.047735886672315,-1.259691921085022,-1.162624984437049,-0.01435464142031304,-0.9800115346406746,-1.2885523813615687,-0.4758427631692676,0.07313509306995987,-0.9421797238695755,0.1270031138168883,-0.8169076869553689,0.3678930465174731,1.3639285779396655,1.1873030452467948,-0.2501719323160819,0.0,0.0,16.0
2012-03-14 05:00:00,-0.3874673636109171,-1.0415060283574178,-0.7691222402952971,-0.4624877722160236,-0.6707495215969065,0.47664659338372745,-1.2549869509822835,1.4068308075115046,-1.3206443374320367,-1.2308707576276894,-0.17339190097120835,-1.136450215847757,-1.09344153103664,-0.7889203669181096,0.08654117806303499,-1.028761619088179,0.18590328383525329,-0.9045721738470317,1.367903580482612,0.36406684489904434,1.1873030452467948,-0.2501719323160819,0.0,0.0,15.0
2012-03-14 09:00:00,-0.3684157907332989,-0.9379301927947371,-0.7792334663202453,-0.3971708317240064,-0.701807694357267,0.4843388854713921,-0.93119901888991,1.0645909611121758,-1.1842068932708627,-1.2891366017372747,-0.39826796351768085,-0.9523043704828014,-0.9569637754441477,-0.7929279713206826,0.05848541999114227,-0.937389879736071,0.16381238231248957,-0.70168039959039,1.00187432099933,-1.0017696827063787,1.1873030452467948,-0.2501719323160819,0.0,0.0,14.0
2012-03-14 13:00:00,-0.32263369798518426,-1.2153378775526218,-0.8332005170857619,-0.46423971409231213,-0.7380888632172674,0.5462240161552797,-1.1143627277514718,1.4112883779245649,-1.1552869596219415,-1.2533834173011489,-0.49864991504239103,-1.3501300800482046,-1.2070088304700388,-1.1062344168623033,-0.006672317750938511,-1.416373073985717,0.13418139187363745,-0.9394407268049152,-0.36416547244909103,-1.3677444772711809,1.1873030452467948,-0.2501719323160819,1.0,0.0,13.0
2012-03-14 17:00:00,-0.36976155704839403,-1.261205491729374,-0.8756140860610221,-0.48646023665974697,-0.7761004575533379,0.6036887803617463,-1.2000588367134561,1.2068593008848394,-1.228632551297943,-1.2218742407845435,-0.43631980575576046,-1.3806094092576664,-1.300249059024329,-1.2780244523737052,0.06044861237859684,-1.327635346660976,0.04441101527885627,-0.9654567321497569,-1.36417600641423,-0.3678827442305594,1.1873030452467948,-0.2501719323160819,1.0,0.0,12.0
2012-03-14 21:00:00,-0.43687999036694,-1.378108035349089,-0.9228369452725482,-0.5173217175043882,-0.8165153928783861,0.6570489185534658,-1.2629028363683894,1.056944199691132,-1.4337127878515097,-1.307316830311258,-0.3390332266409076,-1.2975327288776606,-1.5352144349810688,-0.972559521337801,0.16204731867460162,-1.3557949478843432,-0.06833448455329934,-0.949345016403626,-0.9981467469309481,0.9979537833748633,1.1873030452467948,-0.2501719323160819,1.0,0.0,12.0
2012-03-15 01:00:00,-0.45659378045991456,-1.095914069294518,-0.9206301673513526,-0.4075233013433844,-0.8483797652731275,0.7273526111294172,-1.3626656413884937,1.0956385781455913,-1.410993528810571,-1.3948828233599972,-0.2979710558475249,-1.1154394091203803,-1.142948895951768,-0.23668065311511644,0.19332930768618747,-0.987354479670908,-0.2241020023040028,-0.8515688965430843,0.3678930465174731,1.3639285779396655,0.17907520643152947,-1.128100072887392,1.0,0.0,10.0
2012-03-15 05:00:00,-0.42218871385461,-0.8331432067705761,-0.8806653319110683,-0.21695287013481743,-0.8654034457737786,0.6736458523204638,-0.8244917587989902,0.7469414085717176,-1.260943492932838,-1.40594761414569,-0.27840115877876187,-0.7480698562059386,-0.8771632772445995,-0.5569056392361692,0.13917268935584395,-0.684086083441727,-0.37486442051258306,-0.5910599359460349,1.367903580482612,0.36406684489904434,0.17907520643152947,-1.128100072887392,1.0,0.0,9.0
2012-03-15 09:00:00,-0.45652410443343516,-0.6742648063561644,-0.8223317942054567,-0.014519166614536526,-0.8666625808311959,0.6150040295151353,-0.8815313895604953,0.5549337115954398,-0.953177457512547,-1.2413896462778609,-0.26575728541248983,-0.5228181877215814,-0.6674276801205524,-0.2353852775895824,0.19321753765179558,-0.5053883133140288,-0.42725206491885503,-0.4214729633577017,1.00187432099933,-1.0017696827063787,0.17907520643152947,-1.128100072887392,1.0,0.0,8.0
2012-03-15 13:00:00,-0.42843667682303155,-0.18070156661170372,-0.7096917319184515,0.29518437756442995,-0.8438035205918958,0.4713575662074991,-0.48858308307614573,0.2649476143775876,-0.46367133466135796,-0.9169818341086171,-0.2757900017212012,-0.20840078766086664,0.23727790280232314,0.1915323890571602,0.14885593289930635,0.005466987694144052,-0.43507863168459765,-0.17999670466084494,-0.36416547244909103,-1.3677444772711809,0.17907520643152947,-1.128100072887392,1.0,0.0,7.0
2012-03-15 17:00:00,-0.43328753850769247,-0.30846773588103427,-0.630718655076445,0.45134645751979535,-0.808783322344667,0.2554197676626586,-0.04638081458555907,0.05163386202804714,0.01925697479639495,-0.47858079649008156,-0.2943567017347973,0.07746072544280787,0.48451651280213837,0.09094167091256988,0.15641971727231802,-0.1100194430391862,-0.44475863041003044,0.01534464039606614,-1.36417600641423,-0.3678827442305594,0.17907520643152947,-1.128100072887392,1.0,0.0,6.0
2012-03-15 21:00:00,-0.4964996679355936,-0.4473958533352658,-0.5805327724273456,0.4979522472579942,-0.7701336934370838,0.0847211159492896,-0.15464634437863442,0.19215678060665048,0.35093161337636497,-0.031992325186410056,-0.3577008625141509,-0.1382115237037307,0.2677725211940289,0.08210776985998446,0.2587990813926602,-0.2182209820155829,-0.4507318911784694,-0.15963836802720935,-0.9981467469309481,0.9979537833748633,0.17907520643152947,-1.128100072887392,1.0,0.0,6.0
2012-03-16 01:00:00,-0.523633334582161,-0.20342619372383033,-0.5072307111858293,0.5981311178037314,-0.723682624701513,-0.10519284289858676,-0.06058321081284362,0.020350451288274517,0.5144905247898696,0.302976443340077,-0.4519313267301731,0.07394403911551965,0.6984537332353843,0.15415376446286744,0.30503830869579907,0.10690631927926608,-0.45170606438176675,-0.06139354398244214,0.3678930465174731,1.3639285779396655,-1.4379966940383093,-1.1281000728873922,1.0,0.0,4.0
2012-03-16 05:00:00,-0.511899808687717,-0.4833986453660841,-0.48044835105225087,0.5517039346153849,-0.6808470776228916,-0.2342961064742253,-0.28050000531353814,0.1890087552557399,0.38949614387973686,0.429763802027007,-0.5878583376156354,-0.09564900581184319,0.1320784406877914,0.24194404002694275,0.2848662324954177,-0.1820269147588071,-0.4528901395999913,-0.19376663205127853,1.367903580482612,0.36406684489904434,-1.4379966940383093,-1.1281000728873922,1.0,0.0,3.0
2012-03-16 09:00:00,-0.35707569508795883,0.4114818166859595,-0.3356485604517681,0.8356626856829886,-0.6158982136540289,-0.32327304684785285,0.3185484691759836,-0.2550970016038871,0.8022965768682958,0.5843324600829628,-0.7520446995767371,0.8901589258053376,1.4317175538515856,0.847064490028834,0.042053155682067855,1.4851888065138206,-0.4626659200634799,0.18467307771166477,1.00187432099933,-1.0017696827063787,-1.4379966940383093,-1.1281000728873922,0.0,0.0,2.0
2012-03-16 13:00:00,-0.25781471480319645,0.9162452474967305,-0.12589297593266952,1.2395606801533672,-0.5194957519021203,-0.29834041513764886,1.0257980464272531,-0.5576748743992416,1.0824351090271631,0.7788234802909942,-0.5773138868338753,2.242924293257805,1.4883411144129373,1.3990181168305835,-0.09381504085736862,2.1980411567467986,-0.4273029836655671,0.7459418842237391,-0.36416547244909103,-1.3677444772711809,-1.4379966940383093,-1.1281000728873922,0.0,0.0,1.0
2012-03-16 17:00:00,-0.3496579057993028,0.8783712278147034,0.035160600601556805,1.4301712000956768,-0.4082494763418655,-0.27518868569245936,0.9213189633818178,-0.6182384347098355,1.5478300880807114,1.1754916708183885,-0.40222566498946827,2.1043158843195364,1.444320703060027,1.2394450191987867,0.03141029082780454,1.7044434400115052,-0.389177291628927,0.8371733116722989,-1.36417600641423,-0.3678827442305594,-1.4379966940383093,-1.1281000728873922,0.0,0.0,0.0
2012-03-18 21:00:00,-0.4153716162459316,0.7471952065547872,0.14565232670631212,1.445091502007615,-0.29584128073851906,-0.23924852717572373,0.9457179837685782,-0.7028038735262039,1.4979303179391676,1.413709482462272,-0.2963372974598141,1.7007500213575901,1.2910185987499252,1.034838420712249,0.12868241982300474,1.3768835868275677,-0.3643136542464054,0.7691442849077547,-0.9981467469309481,0.9979537833748633,-2.0863921832865144,0.8445865525059428,0.0,0.0,0.0
2012-03-19 01:00:00,-0.5013265056687654,0.7549765687595437,0.23169159033807177,1.3904977586272405,-0.18768457850544495,-0.21733002545170896,0.8462646476017445,-0.6818949327266466,1.4324922317828872,1.5335855563353573,-0.19171300123361493,1.3152411123900731,1.303829836707154,0.9593023047389208,0.2669200022057958,1.2128393249902343,-0.3753204295193261,0.6593599895025216,0.3678930465174731,1.3639285779396655,-0.6294607438033901,1.3317999135043364,0.0,0.0,28.0
2012-03-19 05:00:00,-0.5113868435314818,0.3640834616419163,0.25267147511124477,1.1698099375668647,-0.09671396299298447,-0.2709557803503979,0.5992946052726484,-0.31667651552202114,1.2327279173685064,1.4256797071513525,-0.15164215089387753,0.9249981875255547,0.8810589841186961,0.4799236722480626,0.2839905454120696,0.7781085030854378,-0.36204159065108604,0.45967256609493823,1.367903580482612,0.36406684489904434,-0.6294607438033901,1.3317999135043364,1.0,0.0,27.0
2012-03-19 09:00:00,-0.5478730330168152,0.49462478690236905,0.28529142347711955,1.024929834840189,-0.01702590035357481,-0.3207511241848949,0.4192195876947741,-0.4462452771539567,1.1401341192494112,1.3031534085632996,-0.10409745111707916,0.808717760632608,1.029938224886546,0.6518596148130941,0.3475888910216331,0.8344449464487761,-0.31027091824177794,0.43400055417794625,1.00187432099933,-1.0017696827063787,-0.6294607438033901,1.3317999135043364,1.0,0.0,26.0
2012-03-19 13:00:00,-0.30967732805445025,1.3672975881440346,0.47708794291098267,1.3421115771586112,0.08736272303036467,-0.18782613300983864,1.8974437092264071,-0.8872639841290194,1.1685899620413873,1.2127808209874056,0.1385262549151806,1.3381675155418722,1.3840648224798624,1.5403396503775333,-0.024555246030383584,1.6892407507506955,-0.1458691148981851,1.070791016654134,-0.36416547244909103,-1.3677444772711809,-0.6294607438033901,1.3317999135043364,0.0,0.0,25.0
2012-03-19 17:00:00,-0.37887806026786675,1.256791384253532,0.6090834772658007,1.4331511233179983,0.1988410604174729,-0.06439578406157229,1.7193875905607197,-0.9594386880183245,1.3089572714942856,1.238885348198687,0.3045956550421338,1.330499605345157,1.2768430471401035,1.3492998679344848,0.07382184989159167,1.3630072135823608,0.04098935592530761,1.2375808451904806,-1.36417600641423,-0.3678827442305594,-0.6294607438033901,1.3317999135043364,0.0,0.0,24.0
2012-03-19 21:00:00,-0.4649145674062128,1.2677236199087893,0.7078216484736884,1.4154965005997695,0.30894454224799744,0.027616317657524377,1.595809827101128,-0.8606204650839422,1.399990293413934,1.3278723617617876,0.3935410699112237,1.0918314011447738,1.2866177852835132,1.5337659839160978,0.20673956806421326,1.2047919012507338,0.1745562648333731,1.0745890947020196,-0.9981467469309481,0.9979537833748633,-0.6294607438033901,1.3317999135043364,0.0,0.0,24.0
2012-03-20 01:00:00,-0.5337584510111925,1.134843212889218,0.7631463153722288,1.2832538281183015,0.4087496123831596,0.10441453751455464,1.4419335280065944,-0.8713158850848983,1.3248508178290799,1.3813834508789449,0.4164755595039974,0.9458447265612815,1.172199203225753,0.9054128196864334,0.3226662843052382,1.0092848547114852,0.27378361991031447,0.9582470898093888,0.3678930465174731,1.3639285779396655,0.8274706956797339,0.8445865525059431,0.0,0.0,22.0
2012-03-20 05:00:00,-0.5402396889222819,1.065160612582021,0.7906218398310827,1.1016880565680884,0.4944152294195329,0.09548617771966499,1.1475987754781445,-0.4627590752414725,1.2671706444306863,1.3670737383573157,0.3661180021839978,0.7844543343098824,1.1142062232786638,0.4360243297112888,0.33405948821790515,0.8854671772058489,0.3255264703691685,0.7829189616768286,1.367903580482612,0.36406684489904434,0.8274706956797339,0.8445865525059431,0.0,0.0,21.0
2012-03-20 09:00:00,-0.4616683086476695,0.3674694929007318,0.7263187583886631,0.7067252405121992,0.549323076609163,-0.020082516372154042,0.6947515663966031,0.07219502743034334,0.9803363495215455,1.223364429478945,0.2605234547065322,0.48762639946275144,0.47785082169706605,0.09892529141459165,0.2014929061892984,0.3922576417934129,0.3398908223556951,0.43890519826826646,1.00187432099933,-1.0017696827063787,0.8274706956797339,0.8445865525059431,1.0,0.0,20.0
2012-03-20 13:00:00,-0.3770307448698896,0.8653001885955272,0.7544828085750903,0.6423385195397907,0.5992168012932062,-0.08889210698414726,0.6714447303940055,-0.25638940760965173,0.9903421970183797,1.1088128962211299,0.21343016090763783,0.7043660839469171,1.2004120042811062,0.5768092626350722,0.0711014855264723,0.8341335567212508,0.3394663541383499,0.6709057500182688,-0.36416547244909103,-1.3677444772711809,0.8274706956797339,0.8445865525059431,0.0,0.0,19.0
2012-03-20 17:00:00,-0.4237450647589137,0.7197790621740071,0.7503964823635915,0.5030826813384821,0.6382659632814915,-0.1527867268381409,0.5013341403505555,-0.37918825045902316,0.8825287103963765,0.9770933513194272,0.13752044387346074,0.6877961281648276,0.8102119389251626,0.48934489562933914,0.14157858003497423,0.6606696867141602,0.3086766259275145,0.6580123563790437,-1.36417600641423,-0.3678827442305594,0.8274706956797339,0.8445865525059431,0.0,0.0,18.0
2012-03-20 21:00:00,-0.40904615586303206,1.0912122187688564,0.8118749772220968,0.5700660386182528,0.682531461094367,-0.1551802202252753,0.8218654250604094,-0.5722508552195892,1.2671381627064913,1.075307822928065,0.1580762015829632,0.881061608012826,1.562307682094566,1.0387503135900595,0.11901798898484395,1.0155387194350711,0.2726148061981802,0.8535337876663046,-0.9981467469309481,0.9979537833748633,0.8274706956797339,0.8445865525059431,0.0,1.0,18.0
2012-03-21 01:00:00,-0.4582081572830209,1.1691874911601638,0.8673982503670741,0.6074498241749149,0.7297082250452405,-0.12378518871474103,1.043844899015387,-0.6760908429483038,1.3390655529652122,1.1947271521211578,0.14118266387425968,0.9997793878230294,1.4032207271246202,1.0264424035930073,0.19592141969715007,1.0174756267689744,0.23785737391230025,1.001590886423431,0.3678930465174731,1.3639285779396655,1.1873030452467948,-0.2501719323160819,0.0,1.0,16.0
2012-03-21 05:00:00,-0.4751359744548149,1.2062030397451262,0.9085633177980418,0.5982912079825488,0.7761717608199212,-0.12511798940533503,0.7974909634534598,-0.6086446009972732,1.5758296430098222,1.432146100091671,0.06189840099590403,0.9098741671034842,1.4777993843258042,0.2660387616452697,0.22338458803645467,0.9908413969472959,0.20066744783460974,0.9096817285010849,1.367903580482612,0.36406684489904434,1.1873030452467948,-0.2501719323160819,0.0,1.0,15.0
2012-03-21 09:00:00,-0.39300839872268184,0.3347122374002441,0.8266512732849188,0.2560974929472254,0.7959869259070457,-0.24926964490322998,0.3828863109459409,0.015150585541787918,1.0879836401151568,1.3707951393804882,-0.09135009070344119,0.46671767947405746,0.1867618095764815,-0.15724354619425507,0.09480879563299006,0.22887481298062382,0.11531232082716558,0.48866369013895106,1.00187432099933,-1.0017696827063787,1.1873030452467948,-0.2501719323160819,0.0,0.0,14.0
2012-03-21 13:00:00,-0.2933902284972717,0.07907714376538806,0.7166262060098852,-0.09414707525924376,0.7885267592894201,-0.3749223105100619,-0.005424007974670588,0.44118460256180947,0.49212875047022236,1.0807640213090182,-0.37230536546524173,0.02630579233292467,-0.27687038606992354,-0.337298523764295,-0.0467002659091471,-0.16138416086985866,0.025025302261313522,0.16532988840599225,-0.36416547244909103,-1.3677444772711809,1.1873030452467948,-0.2501719323160819,0.0,0.0,13.0
2012-03-21 17:00:00,-0.3255627190427766,0.23448444349069603,0.6466045326166774,-0.2655019456194409,0.7677223145514165,-0.4915997857164059,-0.1668971805602153,0.2582589142301158,-0.04635568138646619,0.5252512345606009,-0.4880329969621501,-0.14450347408306347,-0.04052818884413736,-0.1590666075451761,-0.002596275584442884,-0.005811383327881265,-0.053297502152364354,0.10349318721497687,-1.36417600641423,-0.3678827442305594,1.1873030452467948,-0.2501719323160819,0.0,0.0,12.0
2012-03-21 21:00:00,-0.38068782309278376,0.3821477706551037,0.6077787996805175,-0.31770827793422063,0.7428522963249624,-0.6324507569791402,0.10835708028291854,0.12207202255802986,-0.1190399240713677,0.11190942106478287,-0.5097796379804209,0.15956526761084433,-0.018180958077814936,-0.016690568464273817,0.07649211398451371,0.19337026736140875,-0.17481199359957839,0.28759718111135757,-0.9981467469309481,0.9979537833748633,1.1873030452467948,-0.2501719323160819,0.0,0.0,12.0
2012-03-22 01:00:00,-0.4154624981573967,0.41832113144532224,0.5759061529438211,-0.34055546504730494,0.7162030510566131,-0.7374226470248247,0.16738961303007976,-0.036892562327493085,0.004483245082177052,-0.05508340618463704,-0.5393380160719268,0.23590377240795063,0.07141941128688278,0.3677732019363124,0.1288217591602854,0.2046693475773347,-0.30415053738987763,0.3214585607511999,0.3678930465174731,1.3639285779396655,0.17907520643152947,-1.128100072887392,0.0,0.0,10.0
2012-03-22 05:00:00,-0.22144433028940735,-0.47728329999749414,0.41545890228027416,-0.7086575511824024,0.6608878180415912,-0.7449369213550188,-0.3221216473678443,0.89057020257572,-0.47729478374621864,-0.20265728573494063,-0.5307152358709142,-0.7549508165803377,-1.398964611593486,-0.6379660510645039,-0.14027842366382598,-1.1773637333747249,-0.5157174012950548,-0.14260611568355896,1.367903580482612,0.36406684489904434,0.17907520643152947,-1.128100072887392,1.0,0.0,9.0
2012-03-22 09:00:00,-0.23571459676813217,-0.39684130655279537,0.29596398402231705,-0.8917165746215826,0.5913168447836318,-0.7201906744922942,-0.4888001384295657,0.9991479377940239,-0.8048345106182117,-0.43750570667685523,-0.5324003923329352,-1.4188764217956726,-0.9417222328061667,-0.5056169552111632,-0.12224759019416477,-1.0602263560942686,-0.6337592920558721,-0.44511560594231714,1.00187432099933,-1.0017696827063787,0.17907520643152947,-1.128100072887392,1.0,0.0,8.0
2012-03-22 13:00:00,-0.19341413170274374,-0.11488894875066703,0.23841626629091328,-0.8696185468238264,0.5234667577089787,-0.7723547121850786,-0.15619430314098412,0.6528166479254838,-0.9966487608540217,-0.7803405370484245,-0.6246538439957533,-1.0747055039409097,-0.4694260576448141,-0.6611170951176016,-0.17496859302779605,-0.7431244059155331,-0.6587982929871851,-0.21462000605186904,-0.36416547244909103,-1.3677444772711809,0.17907520643152947,-1.128100072887392,0.0,0.0,7.0
2012-03-22 17:00:00,-0.24850942735895318,0.019125220250027945,0.20986293582103793,-0.7730525217884674,0.46313675974730206,-0.8207927471855214,-0.2818409107434171,0.49291132434913226,-0.58482592018856,-0.8171642712845486,-0.7111006912194653,-0.8607713146474231,-0.23777602887517751,-0.6484159181662228,-0.10586294508072124,-0.6172003423732587,-0.6757309152573586,-0.056197680041174265,-1.36417600641423,-0.3678827442305594,0.17907520643152947,-1.128100072887392,0.0,0.0,6.0
2012-03-22 21:00:00,-0.32207929533633367,-0.020090832065314354,0.1796259961232173,-0.7003804468141028,0.40846610708467873,-0.896903572768386,-0.13634720095538333,0.37305132779443656,-0.3575006757723036,-0.6639760618581142,-0.7091615049393175,-0.5757061279908035,-0.30074885223003806,-0.7086585959965067,-0.007442437252994452,-0.6262254240676677,-0.697989949445211,0.0377050215298582,-0.9981467469309481,0.9979537833748633,0.17907520643152947,-1.128100072887392,0.0,0.0,6.0
2012-03-23 01:00:00,-0.3982850004137385,0.04858590067960982,0.1627590788250211,-0.6058657802458185,0.36115579378381857,-0.9675779108096175,-0.22814969750523703,0.2663808432297633,-0.25939188607686225,-0.4115045255314564,-0.7095574028790501,-0.498145558558242,-0.19279544076457708,-0.18644776633953186,0.10272772861419986,-0.4634190590929626,-0.7286246242519135,0.04257239562479189,0.3678930465174731,1.3639285779396655,-1.4379966940383093,-1.1281000728873922,0.0,0.0,4.0
2012-03-23 05:00:00,-0.2509449640485378,0.8295850794748549,0.2709380503996086,-0.19003059878257245,0.3462286879285306,-0.9577971487281126,0.9188653174807256,-0.16596568599424757,0.2782123761566638,-0.11595949632724663,-0.6678088986311198,0.6452767028648138,1.2780697904522118,0.5584915280578929,-0.10272037374378525,1.060868365777445,-0.7778697221826855,0.518311172598677,1.367903580482612,0.36406684489904434,-1.4379966940383093,-1.1281000728873922,0.0,0.0,3.0
2012-03-23 09:00:00,-0.17409950628587148,0.5902939774551408,0.32334985958115103,-0.00909312190667192,0.34539210665976944,-0.9238823854789016,0.7810555970431904,-0.4474484493959312,0.669869257567359,0.2358604382437,-0.6497898509268747,0.8255010160847467,0.8035791600343394,0.3080165311363803,-0.19832852438594864,0.6608555941723024,-0.8304823545191727,0.5780525636539987,1.00187432099933,-1.0017696827063787,-1.4379966940383093,-1.1281000728873922,0.0,0.0,2.0
2012-03-23 13:00:00,-0.13683138532565706,0.7491812308469125,0.3886614541980389,0.1707544507386047,0.358561173573687,-0.8923901053189197,0.458714558185237,-0.6564258934960758,1.1363192055474125,0.7138177630594852,-0.609477248688804,0.8011782436299146,1.122421445041854,0.3288124784828576,-0.24219815584711948,0.9158353774609594,-0.8073059381298914,0.5611455847343415,-0.36416547244909103,-1.3677444772711809,-1.4379966940383093,-1.1281000728873922,0.0,0.0,1.0
2012-03-23 17:00:00,-0.2385787751401908,0.7815518857896829,0.44087494552114337,0.27899533671126747,0.3801595105946003,-0.8631472737417936,0.376379470548786,-0.7098046883122374,1.1038852091907418,0.9965670947931573,-0.597718228383741,0.8902272017174376,1.1866178782648362,0.3287349445702487,-0.1185978791342206,0.8797459811395147,-0.7810053260187677,0.6024428075700395,-1.36417600641423,-0.3678827442305594,-1.4379966940383093,-1.1281000728873922,0.0,0.0,0.0
2012-03-25 21:00:00,-0.31506740716646553,0.7333219348868577,0.47147298284996253,0.3067769613440227,0.40392134448581635,-0.8095921489233615,0.5286944292137274,-0.783573201116911,1.2192413996310008,1.1846980345877818,-0.5684729426712962,0.8787815968683849,1.1288410883641473,0.9091968961897196,-0.017144647262305142,0.75969789543022,-0.7463330045053685,0.6068258470221035,-0.9981467469309481,0.9979537833748633,-2.0863921832865144,0.8445865525059428,0.0,0.0,0.0
2012-03-26 01:00:00,-0.37188907567087426,0.4864243257297521,0.46402535057473476,0.22548803104412585,0.4213527945849076,-0.813885427485626,0.38021467046748797,-0.5231780957013016,1.1175458106902518,1.1782691384949686,-0.5580859308635726,0.5449967100791242,0.8356773766458543,0.7356958270711479,0.06355794258740675,0.43523817368838674,-0.7301805621128524,0.41849230513143204,0.3678930465174731,1.3639285779396655,-0.6294607438033901,1.3317999135043364,0.0,0.0,28.0
2012-03-26 05:00:00,-0.2892454507534715,-0.22318331874082503,0.3657018242278084,-0.0867972238172873,0.41446499840285095,-0.9057613774663028,0.018780873479941416,0.40642765026078004,0.6432193697352397,1.0205154217111219,-0.5720854123060704,-0.15127669886074194,-0.1508078138807568,0.14288599158956275,-0.05227720704398731,-0.4741458581423289,-0.7299013683438776,-0.0022043475067801094,1.367903580482612,0.36406684489904434,-0.6294607438033901,1.3317999135043364,1.0,0.0,27.0
2012-03-26 09:00:00,0.004019369358651727,0.905430267852673,0.4815475010423885,0.24608373175927326,0.4335003408094633,-0.9112863123085273,0.7295791410901008,-0.21459385009903392,0.7230540843061511,0.850597475752694,-0.47938214023762893,0.9681378035999169,1.3539455505511373,0.9726733277561382,-0.3949259062046741,1.5433294642746849,-0.7054692673736999,0.5901047407893206,1.00187432099933,-1.0017696827063787,-0.6294607438033901,1.3317999135043364,0.0,0.0,26.0
2012-03-26 13:00:00,-0.06454705301692351,1.0282273443963377,0.5956988903710911,0.5077786978825021,0.4729152055682014,-0.8988293866762943,0.7634978975466047,-0.3253273915743484,0.94720120862626,0.7922634474656761,-0.358765435967572,1.7073739412552946,1.4676896302378883,1.133259856191091,-0.32303114460410925,1.6034053302156086,-0.5778495413068707,1.0495728581060872,-0.36416547244909103,-1.3677444772711809,-0.6294607438033901,1.3317999135043364,0.0,0.0,25.0
2012-03-26 17:00:00,-0.09475876447415123,1.2687531918480994,0.7387421469312936,0.7957433382334531,0.5347553462563612,-0.835486139782789,1.1401400613526722,-0.47162067058043233,1.5439335881849479,1.100710489878129,-0.1389285492523735,1.742683368457594,1.5317574973637427,1.3733217030704097,-0.2899044355404547,1.712016694979379,-0.4109324726887148,1.2480949698237607,-1.36417600641423,-0.3678827442305594,-0.6294607438033901,1.3317999135043364,0.0,0.0,24.0
2012-03-26 21:00:00,-0.21371483129806781,1.2657036802421209,0.841827196190583,0.9173972094504257,0.6060692946543776,-0.7766674105245344,1.0703190391678443,-0.512436361576071,1.5997773169023477,1.400941886884415,0.011890164548285679,1.5237500688274206,1.5114042774597278,0.79148262304466,-0.14993958246293373,1.4347790116381953,-0.26334765972090807,1.210122331449537,-0.9981467469309481,0.9979537833748633,-0.6294607438033901,1.3317999135043364,0.0,0.0,24.0
2012-03-27 01:00:00,-0.28819186203154834,1.1298869674586636,0.8967654855615163,0.8837231435668234,0.674760871714771,-0.7454381121433208,0.9266275400944728,-0.4292804864675207,1.5535176318548023,1.608573235074777,0.11571414223564233,1.2637790631069534,1.3372543731002444,0.8529686176767269,-0.05369110015676867,1.153193550858138,-0.15354751318275509,1.0697080398979262,0.3678930465174731,1.3639285779396655,0.8274706956797339,0.8445865525059431,0.0,0.0,22.0
2012-03-27 05:00:00,-0.3305202907780505,1.099909403535122,0.9260016942353001,0.7868539587386498,0.7359087510622003,-0.7669170704141809,0.7318728355610908,-0.17767407892939704,1.4724360429984185,1.5840891024822072,0.20057813566412783,1.010677538154087,1.3031373093805922,0.7056095351292718,0.004330980585933281,1.0024159870617462,-0.0719473288234606,0.8911839558530755,1.367903580482612,0.36406684489904434,0.8274706956797339,0.8445865525059431,0.0,0.0,21.0
2012-03-27 09:00:00,-0.2618787378050486,1.0278691064978063,0.9304266675382409,0.6418524807003981,0.7857646254217298,-0.7322223755750468,0.9393676962967163,-0.45179065349316344,1.2792431091953547,1.4743230675578225,0.26171200149309115,0.9251407308970632,0.9666714291517693,0.6432249771495482,-0.08851790404287858,0.8556561001157287,0.008351809202390837,0.8699648009010541,1.00187432099933,-1.0017696827063787,0.8274706956797339,0.8445865525059431,0.0,0.0,20.0
2012-03-27 13:00:00,-0.30513977610449267,0.8813120572965262,0.9078124701714809,0.4522834267877842,0.8208577902468912,-0.7075062787247667,0.7446462028186828,-0.5201885061546957,1.096364584101329,1.3177722963797043,0.18810471081412192,0.6665759690305691,0.8216043547078651,0.5960250843814804,-0.030761978047780848,0.6954273736481893,0.03897044551394509,0.6326906572380603,-0.36416547244909103,-1.3677444772711809,0.8274706956797339,0.8445865525059431,0.0,0.0,19.0
2012-03-27 17:00:00,-0.35004523684159455,0.5003568543461941,0.83822484067553,0.1728233977726834,0.8341879766234833,-0.699935947122186,0.5645024379145103,-0.5295952593100782,0.7905181995230001,1.0842514551629463,0.07024024399332456,0.47569620545191704,0.44076326217099393,0.52470371145196,0.03196397311150804,0.3789050506466656,0.042867311662874295,0.4651716109091821,-1.36417600641423,-0.3678827442305594,0.8274706956797339,0.8445865525059431,0.0,0.0,18.0
2012-03-27 21:00:00,-0.4163625469987863,0.6871620331069781,0.8032177695717376,0.04334176894921757,0.8374347678630252,-0.6929063534912184,0.4333844565132329,-0.6168103047893565,0.6995974117480408,0.8857534217551282,-0.01326309647056101,0.44574136554778554,0.7103083276651265,1.0689775600966414,0.1302024497255999,0.5156932230823087,0.05671923399884216,0.4623009132920312,-0.9981467469309481,0.9979537833748633,0.8274706956797339,0.8445865525059431,0.0,0.0,18.0
2012-03-28 01:00:00,-0.48709626652746946,0.5977282192388043,0.7570102440733925,-0.0907176044685968,0.8302416716352863,-0.6822959554428609,0.35933961272833326,-0.6926227911873937,0.6292882027848452,0.7258044330006839,-0.1047648118223316,0.39222183910798236,0.6233583065379932,0.10388863880879154,0.24310565446712634,0.39103392415126403,0.06776494805423879,0.428194810963042,0.3678930465174731,1.3639285779396655,1.1873030452467948,-0.2501719323160819,0.0,0.0,16.0
2012-03-28 05:00:00,-0.4331526300437025,0.8452371010796361,0.7501173870591125,-0.09099819531485435,0.8230267243665901,-0.5902143818604605,0.8974718273806225,-0.9039108368691867,0.8186296690278448,0.7354311264057921,-0.21344947758612245,0.5616099989758778,0.9746363918916352,0.14563785750849173,0.15620881456542932,0.624187772295166,0.04201720973208401,0.5834622149121569,1.367903580482612,0.36406684489904434,1.1873030452467948,-0.2501719323160819,0.0,0.0,15.0
2012-03-28 09:00:00,-0.366964822005178,0.10724010213787005,0.6525543328235363,-0.3379171209359991,0.7965829404167578,-0.5603328357545595,0.5034755979824724,-0.7722473922055559,0.6397729093846204,0.7149443943882225,-0.3712933589573306,0.20566649856386404,0.2059982051277144,-0.5189327101062194,0.0563718945266329,-0.14621857629580476,-0.07840171629499271,0.2950938744022056,1.00187432099933,-1.0017696827063787,1.1873030452467948,-0.2501719323160819,0.0,0.0,14.0
2012-03-28 13:00:00,-0.3500089825986964,0.1551079093243727,0.5750958724705373,-0.48075190848870003,0.7590158827230176,-0.6197594312861321,0.23290430401165868,-0.36940864500287823,0.5133396827402622,0.675238150890247,-0.39782766562804334,-0.14686277552477245,0.2668632199166884,-0.4867314194249517,0.031912138817125325,-0.11933542856215862,-0.19428980751162572,0.05875715911283395,-0.36416547244909103,-1.3677444772711809,1.1873030452467948,-0.2501719323160819,0.0,0.0,13.0
2012-03-28 17:00:00,-0.36740575079169613,0.31750379663043976,0.5297485622400945,-0.5076520823917992,0.7193539712250352,-0.6611481986478023,0.15800524445959815,-0.5240152858321996,0.003637290730149429,0.3961463107422268,-0.4548670741111395,-0.010727092356059311,-0.462536440071669,-0.3110779715400979,0.057013821229593455,0.036738843178477414,-0.3003471900431115,0.16956517148390454,-1.36417600641423,-0.3678827442305594,1.1873030452467948,-0.2501719323160819,0.0,0.0,12.0
2012-03-28 21:00:00,-0.4397425856944198,0.47026847340823236,0.5091326212803744,-0.4618833901256177,0.6832563013358385,-0.6948727910934099,0.09433406281115443,-0.6033521230845028,-0.10940969985246606,0.13959084030260277,-0.4897689538548231,0.1461851507922632,-0.11275263094315639,-0.19786455720020582,0.16654754019558363,0.19863865629797006,-0.40567227944879214,0.27079342785347704,-0.9981467469309481,0.9979537833748633,1.1873030452467948,-0.2501719323160819,0.0,0.0,12.0
2012-03-29 01:00:00,-0.4955497119738115,0.35602020245956667,0.4750979294434736,-0.46177802279521113,0.647166836938314,-0.747583479042369,-0.031008786021875945,-0.5578797397246426,-0.31382268036293676,-0.1436685767999849,-0.5287539397004345,0.0042016579665643,-0.3095060235779835,-0.2170931731273633,0.25720607384901134,0.02832763794799412,-0.5385946494386231,0.19908941348296036,0.3678930465174731,1.3639285779396655,0.17907520643152947,-1.128100072887392,0.0,0.0,10.0
2012-03-29 05:00:00,-0.5104415414527042,0.3108626429972055,0.4382988289993282,-0.4692151007815933,0.6104982093291191,-0.7538048677688731,0.14898760080620943,-0.7020712554154966,-0.2861322719180103,-0.24289934583770625,-0.5798903198554468,0.06847020919324336,-0.38445969696267007,-0.16751425043013748,0.2823781612408471,-0.07418709877463052,-0.5902895591135237,0.23395293693238758,1.367903580482612,0.36406684489904434,0.17907520643152947,-1.128100072887392,0.0,0.0,9.0
2012-03-29 09:00:00,-0.4229514415452913,-0.38497436299820176,0.3257657771118528,-0.6812208465716296,0.5573196125022792,-0.8203442076648195,-0.20303507730166212,0.42914158847783895,-0.6239880296330846,-0.4191152427995166,-0.6332078018206483,-1.1244186427748157,-1.065381309407055,-0.3398303033273502,0.140351243975048,-1.0431070660500175,-0.624193301838037,-0.2259717496442569,1.00187432099933,-1.0017696827063787,0.17907520643152947,-1.128100072887392,0.0,0.0,8.0
2012-03-29 13:00:00,-0.4556541860408187,-0.44698270114167654,0.22576951973676707,-0.8167154736801705,0.493589357679652,-0.8821307375681984,-0.3497074750650501,0.25142762923659623,-0.9299363692043521,-0.6301016369524269,-0.8977400093290566,-1.8246459483702062,-1.1721675462796182,-0.5113126951652445,0.19182279626756557,-1.69609131947566,-0.6419069975421251,-0.3451785812602009,-0.36416547244909103,-1.3677444772711809,0.17907520643152947,-1.128100072887392,0.0,0.0,7.0
2012-03-29 17:00:00,-0.4566671412834503,0.02677476080883519,0.19751051524865185,-0.7299292644522899,0.43661758781001014,-1.0024046151321087,-0.0564336076607172,0.03304178434143834,-0.9132824345519347,-0.8448674404121218,-0.8865634797715307,-1.2525618664363778,-0.33750174109874725,-0.22350062222700642,0.19344699800728413,-0.7709799866518527,-0.6667561699998404,-0.11373900569626638,-1.36417600641423,-0.3678827442305594,0.17907520643152947,-1.128100072887392,0.0,0.0,6.0
2012-03-29 21:00:00,-0.39669055296905936,0.5837915498896407,0.24937089345849714,-0.44251238162897716,0.40202843719609294,-0.9856314225392342,0.8384609430654162,-0.25711304482908004,-0.25402595204364203,-0.7181749709253626,-0.8784320892041559,0.1423600761669336,0.7934789212073061,-0.0462874291080807,0.10033009829986012,0.4725896865355845,-0.6921408928610855,0.32623442008366554,-0.9981467469309481,0.9979537833748633,0.17907520643152947,-1.128100072887392,0.0,0.0,6.0
2012-03-30 01:00:00,-0.47608897638469005,0.747500278478009,0.3128285979382088,-0.1810250004760594,0.38780264323342817,-0.9584286512412099,0.855585062461053,-0.3342163859575789,0.5787868659959288,-0.20151695644720266,-0.8858679449351152,0.906201151621644,1.176057564999678,0.4598214750782228,0.22494624939065866,0.914857581353542,-0.7297266428525364,0.5382864761087197,0.3678930465174731,1.3639285779396655,-1.4379966940383093,-1.1281000728873922,0.0,0.0,4.0
2012-03-30 05:00:00,-0.44912912277497513,0.4682213963490546,0.3289700180322291,-0.10057271000258589,0.3798420796505171,-0.9887599321233754,0.5359777489065248,-0.13611407580758278,0.946992748858313,0.4355290306626498,-0.9148041324310252,0.7495487270690059,0.7007031010091594,0.2910018024871522,0.1814039918876098,0.4727473013589039,-0.9061931236389679,0.43231094766454975,1.367903580482612,0.36406684489904434,-1.4379966940383093,-1.1281000728873922,0.0,0.0,3.0
2012-03-30 09:00:00,-0.45565828367386596,0.4789847986004378,0.33918775478038193,-0.052327968654903356,0.37563858025280183,-1.0169246929425293,0.30269390496055826,-0.31935759560636373,0.9219016923719571,0.8382221341814611,-0.9285945502529264,0.720899892835677,0.7227313923106164,0.19554479046864856,0.19182936284722404,0.5287167854399023,-0.9509004576613932,0.37879303472441367,1.00187432099933,-1.0017696827063787,-1.4379966940383093,-1.1281000728873922,0.0,0.0,2.0
2012-03-30 13:00:00,-0.4367860605004435,0.36463503933864533,0.3316246834561238,-0.06210999822141667,0.37067330429838335,-1.1038389205817762,0.043737332689461395,-0.07561680840578704,0.7015566111155551,0.8802642869577955,-0.9456122109926104,0.3332394156166212,0.5547656711367102,0.044415319069904306,0.16189989375573197,0.3596556510702546,-0.9503340305240622,0.2230044180544606,-0.36416547244909103,-1.3677444772711809,-1.4379966940383093,-1.1281000728873922,0.0,0.0,1.0
2012-03-30 17:00:00,-0.4946981657915921,0.4797160833593524,0.3360748332598371,-0.03725018492748225,0.36764398885630756,-1.184544989103934,-0.07626409866515921,-0.18815717621604067,0.7240174686344566,0.8039070314517016,-0.9494554556591999,0.539193598521957,0.7640344385009472,0.16578671859318972,0.2557795537555829,0.6318111780929003,-0.9612273010419377,0.2530942810907721,-1.36417600641423,-0.3678827442305594,-1.4379966940383093,-1.1281000728873922,0.0,0.0,0.0
2012-03-31 21:00:00,-0.6046563851425966,0.3771479099315706,0.32610465105147085,-0.05659701146316231,0.3631080373116446,-1.2594863384459374,-0.10318602523929855,-0.2134052377150801,0.689837902844831,0.7244374415812661,-0.9492722119203364,0.565967085013582,0.6263576178666127,0.1431174032188449,0.45216038246376833,0.4573253960219054,-0.9800024192018646,0.24394853197412478,-0.9981467469309481,0.9979537833748633,-2.446224532853575,-0.25017193231608226,0.0,0.0,0.0
2012-04-01 21:00:00,-0.5969201248044383,0.4042660782090857,0.3174071817931733,-0.06861168960978786,0.35763644147290125,-1.2279342340519896,0.5769777110244045,-0.41152931599550063,0.7199045156708506,0.7307206297208825,-0.943818849910742,0.883432422309921,0.6395424345580139,0.5219838613524828,0.4374919636492853,0.4669901101853818,-0.9838349221261604,0.3442319245874225,-0.9981467469309481,0.9979537833748633,-2.0863921832865144,0.8445865525059428,0.0,0.0,0.0
2012-04-02 01:00:00,-0.6702228967227388,0.42406522485487236,0.3088622510754366,-0.07780840698134261,0.3514486503247245,-1.2169442378788347,0.47819144177488393,-0.3486072238651659,0.686355396744122,0.7178233594793925,-0.9373349818440172,0.44552130048940364,0.6694382917815819,0.5685891003266083,0.582228507601158,0.48307845229519447,-0.9883078051963898,0.1947837717876587,0.3678930465174731,1.3639285779396655,-0.6294607438033901,1.3317999135043364,0.0,0.0,28.0
2012-04-02 05:00:00,-0.6379184284008697,0.7030353988789335,0.32827950894249147,-0.009086572633235597,0.35061257908130444,-1.1191296961567951,1.1135552875488033,-0.571745447915242,0.821128967072644,0.7627836139382965,-0.9088419348407902,0.9250049828293982,1.0063693988178106,0.4606993359793034,0.5168261289163459,0.9242064449052395,-0.9789500906658672,0.36693627134123435,1.367903580482612,0.36406684489904434,-0.6294607438033901,1.3317999135043364,0.0,0.0,27.0
2012-04-02 09:00:00,-0.5795144424905838,-0.27793363057972126,0.24971978152382696,-0.22068378489416332,0.33329835321075835,-1.1303704241476717,0.6978294245063785,-0.07150053354346986,0.5075301224578544,0.6900566022747788,-0.9133702229045975,-0.04508772704196984,-0.24469069183177924,-0.3086639550237113,0.4049849413342749,-0.5671909776703228,-0.9803908795609847,0.00042215223548828286,1.00187432099933,-1.0017696827063787,-0.6294607438033901,1.3317999135043364,0.0,0.0,26.0
2012-04-02 13:00:00,-0.5113943131607029,0.0727522063215924,0.2223171279612189,-0.25077396345568403,0.31364085159571364,-1.228703374824684,0.3112199637487345,0.35008737249318245,0.36273283210685187,0.5792329682345526,-0.9292348112464902,-0.38496053012117853,0.26116331584182867,-0.2561154267192143,0.2840032931815124,0.037736400185764685,-0.9773772198719257,-0.11615785618725984,-0.36416547244909103,-1.3677444772711809,-0.6294607438033901,1.3317999135043364,0.0,0.0,25.0
2012-04-02 17:00:00,-0.5879653736638467,-0.06360565102907056,0.18396884131530686,-0.3046268617059567,0.28978955000095746,-1.3200125433104815,0.2190455444798169,0.2586119088554404,-0.020220964869384527,0.2911150582185392,-0.9415263756762111,-0.09908540112722884,-0.07341912393355761,-0.18404468578013997,0.4206832046060969,-0.24411063432916874,-0.9773548961426977,-0.001368252758010441,-1.36417600641423,-0.3678827442305594,-0.6294607438033901,1.3317999135043364,0.0,0.0,24.0
2012-04-02 21:00:00,-0.6208754667804771,0.2908722336940941,0.19070761166875855,-0.22503682266067074,0.27213633086746725,-1.3821667864149985,0.25481952029365795,0.09583185777228452,0.1958013587254031,0.1843644227354453,-0.9381493313719281,0.1449513451651458,0.364412619109431,-0.010558894015745349,0.4833635416452608,0.4223518212425314,-0.9763599616503604,0.08135450201784891,-0.9981467469309481,0.9979537833748633,-0.6294607438033901,1.3317999135043364,0.0,1.0,24.0
2012-04-03 01:00:00,-0.6419658457564125,0.21750853286584593,0.18664078075703175,-0.19076454982950697,0.2571520684990527,-1.3992226866512938,0.4402668162136517,-0.07754736194052546,0.1893081228916491,0.1249756204461477,-0.9351686528311872,0.3551037250219368,0.2428547846713168,0.010373546091012582,0.5248768324001585,0.27854933585115205,-0.9807529382156729,0.1470902687398823,0.3678930465174731,1.3639285779396655,0.8274706956797339,0.8445865525059431,0.0,1.0,22.0
2012-04-03 05:00:00,-0.6792252230716348,0.14132742301066342,0.1741543685795396,-0.18625463358785352,0.24251901632093933,-1.4150603082992823,0.27542473907423093,-0.21364705192218547,0.25836540435308347,0.22037673645272435,-0.9354593848606756,0.3049892218731843,0.12129695023320261,-0.08813500695494272,0.6009320162670011,0.13274250157132272,-0.9772546715713536,0.12818940780922905,1.367903580482612,0.36406684489904434,0.8274706956797339,0.8445865525059431,0.0,1.0,21.0
2012-04-03 09:00:00,-0.5806260452261133,-0.18286701857712248,0.13162077131803568,-0.26439874386758255,0.22180048353261494,-1.4679322261601029,-0.12397172827106405,0.21279969425909667,-0.016614468183995097,0.14763553593679465,-0.9342843906677631,-0.06805829180335828,-0.4109292437931476,-0.18582320450460918,0.4070407792701501,-0.4138600883782446,-0.9919516983405191,0.006036266517527684,1.00187432099933,-1.0017696827063787,0.8274706956797339,0.8445865525059431,0.0,1.0,20.0
2012-04-03 13:00:00,-0.5515650209432125,0.056488598728078106,0.11944506702279417,-0.24431661830643364,0.20264584833397112,-1.5134856961943055,-0.3655089540909379,-0.023927092500634115,-0.10749764639540578,0.04599523779082184,-1.0245550840649635,-0.30177817214350655,-0.01340227171174868,-0.09425713659056535,0.3541761058345905,-0.09929547963796696,-0.9969194381308711,-0.030899989721043023,-0.36416547244909103,-1.3677444772711809,0.8274706956797339,0.8445865525059431,0.0,1.0,19.0
2012-04-03 17:00:00,-0.2704951331404224,-1.2967315630235976,-0.07378269197446864,-0.7208553122222462,0.14638071342576445,-1.3512923233067942,-0.8781716722534909,1.3344281960932876,-0.6122025638943535,-0.2521283063085686,-0.8335185226163622,-2.8586989185181073,-1.3017848460424906,-0.9451162089774386,-0.07721534562045514,-2.82933247161521,-0.9006222802357846,-0.7024063785212743,-1.36417600641423,-0.3678827442305594,0.8274706956797339,0.8445865525059431,0.0,1.0,18.0
2012-04-03 21:00:00,-0.34344149288236986,-1.373761592020153,-0.23962029379231664,-1.0275634357243653,0.06623065191355626,-1.2006841913398192,-0.950647369725748,1.184583858844085,-0.9850148160684595,-0.5837542727447045,-0.6099726727724278,-3.258192856093955,-1.4621223491161603,-1.1512540665895168,0.02255474584265335,-2.2491594056988604,-0.7268010240439984,-1.0241346413132362,-0.9981467469309481,0.9979537833748633,0.8274706956797339,0.8445865525059431,0.0,1.0,18.0
2012-04-04 01:00:00,-0.3366879851537953,-1.718479225682337,-0.44194018535582513,-1.372190538194863,-0.04075728058253114,-1.0052639500322613,-1.0956378788422587,1.6583407843675047,-1.5753496824045294,-1.0864160603929371,-0.29900346507874564,-2.6225232416497555,-1.6779289542587978,-1.0862885171902592,0.012999130855433381,-2.22071911375965,-0.5171291099626153,-1.239674204249202,0.3678930465174731,1.3639285779396655,1.1873030452467948,-0.2501719323160819,0.0,1.0,16.0
2012-04-04 05:00:00,-0.32347294248494685,-1.8214872068693144,-0.6208978769650094,-1.5843286092613038,-0.16426548714074785,-0.7950833524954132,-1.2353367582896904,1.7624659928518347,-1.6750967821112108,-1.450401186075275,-0.052745217344573075,-2.086071123870625,-1.583034893153773,-1.3735264756336334,-0.00550568393402334,-1.9174805509274275,-0.32063643038819195,-1.3224795277371044,1.367903580482612,0.36406684489904434,1.1873030452467948,-0.2501719323160819,0.0,1.0,15.0
2012-04-04 09:00:00,-0.25186280735815164,-2.1637084667010154,-0.8523674527473167,-1.8969128100364763,-0.31211622042383586,-0.534925304965763,-1.4086287362789616,2.484232272871231,-1.7172385668844454,-1.701149143304235,0.306091474257986,-2.0153080654866717,-1.5809466456388575,-1.7628091161692592,-0.10153409861871408,-2.0069147255174613,-0.03755391171130718,-1.724037755735914,1.00187432099933,-1.0017696827063787,1.1873030452467948,-0.2501719323160819,0.0,0.0,14.0
2012-04-04 13:00:00,-0.2740605848922075,-1.8798160321067046,-0.9964490478169955,-1.9092159354782297,-0.46092506086372403,-0.2904018479364264,-1.4991299470463098,2.2228251073670844,-1.6010557610749865,-1.7099521174058,0.5201196172338461,-1.6233297163504776,-1.3503362753386048,-1.8123976012743677,-0.0725096030987294,-1.5546685925748471,0.20985417547728263,-1.6551058232332185,-0.36416547244909103,-1.3677444772711809,1.1873030452467948,-0.2501719323160819,0.0,0.0,13.0
2012-04-04 17:00:00,-0.3467522695090208,-1.738884952707091,-1.0843893426037596,-1.766309817373645,-0.5986050726856537,-0.07256850572313975,-1.4961624904551145,2.040687735795969,-1.4851590852032368,-1.6449084890785666,0.6675084808648776,-1.2674332037362055,-1.2562489951695415,-1.7169812478747082,0.02726390693584225,-1.296956546296845,0.38091952217404046,-1.422206187523196,-1.36417600641423,-0.3678827442305594,1.1873030452467948,-0.2501719323160819,0.0,1.0,12.0
2012-04-04 21:00:00,-0.42971771317179724,-1.5986348499829977,-1.1277196066420072,-1.5306104529032538,-0.7179299723028482,0.10912577113078975,-1.4185001904824865,1.8983943569791013,-1.3375485827420677,-1.5148847254436122,0.7529811304220394,-1.0391433980593123,-1.1647394487037566,-1.62325634495497,0.15084950302517627,-1.1008687577520178,0.4878998689235856,-1.2315373180608853,-0.9981467469309481,0.9979537833748633,1.1873030452467948,-0.2501719323160819,0.0,1.0,12.0
2012-04-05 01:00:00,-0.4919222976965091,-1.4711439704357616,-1.1371151480163766,-1.249721749524915,-0.81538063530877,0.2518825973927245,-1.3253151656618747,1.7156140932214774,-1.242927901047998,-1.3922448503665283,0.8016532362669164,-0.8881390556479499,-1.0835408370510282,-1.4287309432756927,0.2511389542564417,-0.9445556224572779,0.5652818323117624,-1.0854416736412622,0.3678930465174731,1.3639285779396655,0.17907520643152947,-1.128100072887392,0.0,1.0,10.0
2012-04-05 05:00:00,-0.45025926897240814,-1.8119461986979577,-1.2077710733516445,-1.1916873505832877,-0.9083118635393737,0.4210865808900008,-1.4707746484501756,1.9312019557005986,-1.3658890767760428,-1.3514011725447264,0.892107077285516,-0.920759244587465,-1.602954178258236,-1.8846197242303075,0.18320314300856388,-1.1556451762453934,0.6529753994112257,-1.2163413501700828,1.367903580482612,0.36406684489904434,0.17907520643152947,-1.128100072887392,0.0,0.0,9.0
2012-04-05 09:00:00,-0.3187760374742082,-2.2300603011057136,-1.3758236115987577,-1.4102554405412924,-1.0182641042133849,0.6525369322352352,-1.661862856593068,2.9179151682331192,-1.5289754912892863,-1.4169547771954623,1.0896789481296683,-1.1909042330969135,-1.6245830120749276,-1.6381319974065653,-0.012021843709074878,-1.4785470043123445,0.8328056199757681,-1.7611898121072913,1.00187432099933,-1.0017696827063787,0.17907520643152947,-1.128100072887392,0.0,0.0,8.0
2012-04-05 13:00:00,-0.3330379675034693,-1.9685978304407912,-1.4653866423810422,-1.371556543271802,-1.125202664289754,0.8716266490379281,-1.7412332714418806,2.6603154774502316,-1.653243782688418,-1.5574662930064143,1.156493554823317,-1.1517115671536426,-1.4339316044339443,-1.4447758228752574,0.007862633526924094,-1.2249824131553182,0.9896421751144663,-1.760439658773576,-0.36416547244909103,-1.3677444772711809,0.17907520643152947,-1.128100072887392,0.0,0.0,7.0
2012-04-05 17:00:00,-0.42992396154516427,-1.9043937412530287,-1.5126299421405058,-1.2254543772069906,-1.2207635031851594,1.0750671003547145,-1.7666995357943704,2.538814751034604,-1.5737522534891342,-1.6286484513095918,1.239031340843545,-1.011064702777929,-1.3788173722960582,-1.068939728379254,0.15117073173615644,-1.0757869088565386,1.09399888421494,-1.5630928894488634,-1.36417600641423,-0.3678827442305594,0.17907520643152947,-1.128100072887392,0.0,0.0,6.0
2012-04-05 21:00:00,-0.5126299659847777,-1.95859095906368,-1.5475063921829968,-1.0749250587198662,-1.3046018559502275,1.2652311882529754,-1.797471175175874,2.425149246882103,-1.5151974438369125,-1.6239301978393426,1.2614297238201029,-0.9459573849380064,-1.4594800364324547,-1.0214538065552465,0.2861135793650544,-1.0266680635408334,1.1537188394624023,-1.4684203356094068,-0.9981467469309481,0.9979537833748633,0.17907520643152947,-1.128100072887392,0.0,0.0,6.0
2012-04-06 01:00:00,-0.5951097946009873,-1.767436642453835,-1.5398323738576467,-0.8387307681074336,-1.3700465540864408,1.4300971982287543,-1.7613497208652675,2.2922864627705493,-1.4259233591469456,-1.5460849602655469,1.2349008386358575,-0.8470700263267441,-1.1822115985520287,-0.4820828667218604,0.43407920855980214,-0.874351890355827,1.1855490461741816,-1.2951502271496527,0.3678930465174731,1.3639285779396655,-1.4379966940383093,-1.1281000728873922,0.0,0.0,4.0
2012-04-06 05:00:00,-0.6653855447516079,-1.7805088652252754,-1.5194815929206094,-0.6152845424634799,-1.4180903544619197,1.550352067654071,-1.6152755935898,2.13672368336514,-1.3565665909694715,-1.4717103430047231,1.1188188397577683,-0.7733284761295125,-1.183256856002729,-0.6258806009986806,0.5722657744680592,-0.8169854220425534,1.1567325966426776,-1.1589829652517174,1.367903580482612,0.36406684489904434,-1.4379966940383093,-1.1281000728873922,0.0,0.0,3.0
2012-04-06 09:00:00,-0.6009163915708138,-1.130240665290376,-1.4258242206182656,-0.23707581255015542,-1.4366811111689617,1.5139768638021431,-0.888406174571603,1.6023678727020352,-1.0238474694457733,-1.3034489307987123,0.916463740284677,-0.605043435157249,-0.5213347782892105,-0.4060795732344682,0.44505199592638706,-0.5138654823163425,1.121751630622792,-0.8678024015573172,1.00187432099933,-1.0017696827063787,-1.4379966940383093,-1.1281000728873922,0.0,0.0,2.0
2012-04-06 13:00:00,-0.6300607140186727,-1.0939300186712566,-1.3328007784136684,0.06376638149958293,-1.4318437511302948,1.4801998887967813,-0.9981348412675853,1.359667268763199,-0.6677290764479881,-1.0438074382118134,0.6579756959491952,-0.5372769292736087,-0.17808902153125353,-0.45185854678851656,0.5013108846888416,-0.4424465218151411,1.0737741239691612,-0.7490177629283528,-0.36416547244909103,-1.3677444772711809,-1.4379966940383093,-1.1281000728873922,0.0,0.0,1.0
2012-04-06 17:00:00,-0.704468265167828,-1.1299634062716957,-1.2507712782367728,0.2745279429056713,-1.4105933128606096,1.438408299311059,-0.9835664277915245,1.247132478480568,-0.28886714768117816,-0.6781767767634679,0.37476032537590387,-0.44042043571016554,-0.11500589304065414,-0.5347464475286393,0.6545360178193318,-0.41628415135965297,0.9833343773201718,-0.6311545152475762,-1.36417600641423,-0.3678827442305594,-1.4379966940383093,-1.1281000728873922,0.0,0.0,0.0
2012-04-08 21:00:00,-0.6283697621099518,-1.638082050803163,-1.2675657683775112,0.1742579905255142,-1.3971514074261178,1.4826280766377709,-1.2027484526675436,2.0052864538394912,-0.6094536538644124,-0.5362687839818275,-0.019988350657073446,-0.7226630009839579,-1.4252705341399283,-0.6259094597670039,0.4979916587984984,-1.000147929609189,0.877376683573226,-0.9185364864380651,-0.9981467469309481,0.9979537833748633,-2.0863921832865144,0.8445865525059428,0.0,0.0,0.0
2012-04-09 01:00:00,-0.6265148836943025,-1.1886986072362384,-1.2228685705352198,0.2613479217646552,-1.3769273646558338,1.5425426656561834,-1.3251727919836678,1.990459265319069,-0.8293886018985136,-0.591628632290694,-0.1836863206196562,-0.7653125290909432,-0.7982244909123738,0.17310408765152116,0.49435858367169694,-0.6434575759671068,0.7244407452971166,-0.9294196282338553,0.3678930465174731,1.3639285779396655,-0.6294607438033901,1.3317999135043364,0.0,0.0,28.0
2012-04-09 05:00:00,-0.6547776417394275,-1.0651121380333108,-1.1616461779520832,0.3759814307684337,-1.3477762256037469,1.5412630616267446,-1.063972708769041,1.7252756001833487,-1.0114974731099757,-0.839091348067181,-0.3865174477570442,-0.533141134051451,-0.6284857712348008,0.10612893685869566,0.550629207544481,-0.4991713972795805,0.5073969091521641,-0.7084499698597002,1.367903580482612,0.36406684489904434,-0.6294607438033901,1.3317999135043364,0.0,0.0,27.0
2012-04-09 09:00:00,-0.7170038055272068,-1.138051949233572,-1.1128997901394957,0.4337436644939417,-1.3141268466704876,1.5400748578851229,-1.1258601211176062,1.5710808903682143,-0.7881995419303082,-0.90030237303824,-0.5017833292363851,-0.5121917235155022,-0.7956526921293641,0.017979030305996412,0.6818092795855664,-0.5633074378264746,0.25322082543495306,-0.6646285317971992,1.00187432099933,-1.0017696827063787,-0.6294607438033901,1.3317999135043364,0.0,0.0,26.0
2012-04-09 13:00:00,-0.5699393570212428,-0.1436058130795338,-0.9497240851793043,0.7912914507245488,-1.252633397179109,1.341485638294152,-0.08852944876014288,0.9002843392851848,0.06870371435007767,-0.5927531936359011,-0.5933724158335096,0.148922641516089,1.6179267747121076,0.6191717733986788,0.38738873906245924,0.7233011131374836,-0.09692075006853561,-0.274621567986912,-0.36416547244909103,-1.3677444772711809,-0.6294607438033901,1.3317999135043364,0.0,0.0,25.0
2012-04-09 17:00:00,-0.6035057565416252,-0.43880385282973106,-0.8552237271778297,0.8904785680104452,-1.1834157407466657,1.1453378732025776,-0.14234716497780597,0.7043124777910446,0.5449582733219215,-0.05974931538126835,-0.6048580578096755,0.45309073704481617,0.7143765028732245,0.3285836595504968,0.44997002137656134,0.23809374024282073,-0.3287279947591373,-0.11926538215168198,-1.36417600641423,-0.3678827442305594,-0.6294607438033901,1.3317999135043364,0.0,0.0,24.0
2012-04-09 21:00:00,-0.6656066005620158,-0.275788627579844,-0.7506779902477233,0.9971596158602313,-1.1058902867611764,0.9789578878996161,-0.23898263556540164,0.7422598335480964,1.213350014472555,0.6256756821024271,-0.6295779574545988,0.414218065275889,1.0889655999332741,0.4416686085613734,0.5727197260892203,0.5160959499156375,-0.5063514766846726,-0.1476077365204319,-0.9981467469309481,0.9979537833748633,-0.6294607438033901,1.3317999135043364,0.0,0.0,24.0
2012-04-10 01:00:00,-0.6645639121459481,-0.06679403565363945,-0.6330360662813478,1.1181364125517232,-1.0189437523140097,0.7346478309970731,0.30784384597031655,0.48502994192138194,1.083037739656419,0.9730315067529601,-0.6501264144104444,0.8156346910282268,1.2504942023466812,0.2842797093465767,0.5705796078161625,0.8756851242351008,-0.63055048512571,0.038706455978647344,0.3678930465174731,1.3639285779396655,0.8274706956797339,0.8445865525059431,0.0,0.0,22.0
2012-04-10 05:00:00,-0.5910000869114108,-0.6097360166054353,-0.6150017804356548,0.9439065082700714,-0.9455653895490019,0.6024745930182143,-0.05203373051295839,1.0494562819786437,0.80985422124649,1.0637443766186179,-0.7283318503827899,0.2017321627131573,-0.05590030365804082,-0.11438251106801631,0.4263593301491068,-0.04437449891344481,-0.7442007778322219,-0.2879620926729575,1.367903580482612,0.36406684489904434,0.8274706956797339,0.8445865525059431,1.0,0.0,21.0
2012-04-10 09:00:00,-0.4627205303314565,-0.22845677616703772,-0.5432814522084511,0.9505909652158464,-0.8716664740131239,0.5114432318047601,-0.44358568730649245,0.8468899687817385,0.693665341334917,0.8857798267836173,-0.8240976050103559,0.48050688472242026,0.7613557942844783,0.15199448844161845,0.20319144406128212,0.784859518454425,-0.7704553335038136,-0.19768680345862316,1.00187432099933,-1.0017696827063787,0.8274706956797339,0.8445865525059431,0.0,0.0,20.0
2012-04-10 13:00:00,-0.3843204699978441,-0.5410414406592151,-0.5314832723424193,0.7929030233816792,-0.8100475231356293,0.4391685989908967,-0.7137178113831477,0.564826277550481,0.2324992874495525,0.5945153339316916,-0.8475009926090242,0.07484999593024345,-0.04982405014176754,0.3639022669332224,0.08186759545800952,0.061430637634534074,-0.7915764698033911,-0.3617057739742083,-0.36416547244909103,-1.3677444772711809,0.8274706956797339,0.8445865525059431,1.0,0.0,19.0
2012-04-10 17:00:00,-0.42167636824466215,-0.6187625224822686,-0.5293958761198745,0.6403316789823186,-0.7603100813660191,0.3720564399494522,-0.8280794950689263,0.3866462902001831,0.16030740518245745,0.3720798597052316,-0.885899934821332,-0.0586411291100955,-0.25945479645411107,0.09627842904424302,0.1383815717070008,-0.20093827853501836,-0.8306520567887048,-0.3710104545030546,-1.36417600641423,-0.3678827442305594,0.8274706956797339,0.8445865525059431,1.0,0.0,18.0
2012-04-10 21:00:00,-0.4898210973653784,-0.6803786811535286,-0.5319205350908109,0.5057261755584866,-0.7210550569939732,0.31919198070436966,-0.9015070348838046,0.3628500689051848,-0.25883650827878624,0.04589828913847177,-0.8999244038143873,-0.3632695426838726,-0.42047551463613253,-0.009616467804753585,0.24763594587896515,-0.39654495919002397,-0.890842600932027,-0.4249805638418301,-0.9981467469309481,0.9979537833748633,0.8274706956797339,0.8445865525059431,1.0,0.0,18.0
2012-04-11 01:00:00,-0.5404730215628812,-0.38402425511259275,-0.4927314072621693,0.5115361748403461,-0.6813475783314051,0.2292459397381161,-0.739452578860517,0.2224394626454213,-0.18879960757189335,-0.09837432861221064,-0.9128896465526308,-0.004314227341118337,0.14765418913802916,0.21462779827850703,0.33447126404158883,0.16098195674589302,-0.9828357789133909,-0.2701101710455161,0.3678930465174731,1.3639285779396655,1.1873030452467948,-0.2501719323160819,1.0,0.0,16.0
2012-04-11 05:00:00,-0.5221708980686196,-0.15246444705064968,-0.42753567416678423,0.5869426534114652,-0.635767812408976,0.04460515077161398,0.022703978115873692,-0.02540825551395924,0.12151773709862784,-0.11165774098823712,-0.9313687505965269,0.7660675820652479,0.6155257098932413,-0.1779351135385069,0.3025092109183779,0.598695807767956,-1.0184958528497456,-0.00534474264720733,1.367903580482612,0.36406684489904434,1.1873030452467948,-0.2501719323160819,0.0,0.0,15.0
2012-04-11 09:00:00,-0.4470995774596799,0.20958519262853118,-0.32251180829965254,0.7556317720159806,-0.5770513640578053,-0.05778583043512954,0.2805523407347076,-0.33371035852330416,0.6343495237277668,0.19421129522029712,-0.8945344745868623,1.272956531846594,1.0255210564295534,0.26014097875723047,0.17817867711536134,1.2819502636474458,-0.9777696023339433,0.19104186069738222,1.00187432099933,-1.0017696827063787,1.1873030452467948,-0.2501719323160819,0.0,0.0,14.0
2012-04-11 13:00:00,-0.4140039344251258,-0.05973637608197134,-0.2714712928456517,0.7437057741795202,-0.5192636540124572,-0.15286317012710576,0.0010118610277182463,-0.5535561097137724,0.7433973718461145,0.5134395202861826,-0.9073994924405099,0.995073424499518,0.45512891783547804,-0.0016478387496211152,0.12658716350713584,0.6266938815240378,-0.9694252595451712,0.13036621927635605,-0.36416547244909103,-1.3677444772711809,1.1873030452467948,-0.2501719323160819,0.0,0.0,13.0
2012-04-11 17:00:00,-0.4675463054068686,-0.1837177423797125,-0.2449989601828708,0.6673201404599657,-0.46742448303467327,-0.2728149288029548,-0.12515154595106395,-0.44151108664731686,0.5908621553232817,0.6741651918797312,-0.9033212547194089,0.3433386801197581,0.18543263491331194,-0.20713292913653378,0.21100701738504257,0.323007080361327,-0.9819970825463357,-0.06847837320020744,-1.36417600641423,-0.3678827442305594,1.1873030452467948,-0.2501719323160819,0.0,0.0,12.0
2012-04-11 21:00:00,-0.5393585387940275,-0.10936325348863105,-0.2125965050468997,0.6223462440206251,-0.4190876588590673,-0.3650104680153054,-0.06093480963426882,-0.519237791830783,0.3189075443422686,0.5661429761744521,-0.8959711560979408,0.5615068196981275,0.2587093157828523,0.2169645626592291,0.3325054809098966,0.44870495098399577,-0.9965360701999046,0.02104342123471467,-0.9981467469309481,0.9979537833748633,1.1873030452467948,-0.2501719323160819,0.0,0.0,12.0
2012-04-12 01:00:00,-0.5574338284930572,0.1672119344105481,-0.15062556710814884,0.666816722358801,-0.3672876916175919,-0.40484532154659636,0.14951864859604372,-0.6613553262852773,0.4608918534708455,0.4693997585998153,-0.8654946572820071,0.8185344897441704,0.8554723237981914,0.1393458458742903,0.36470615629427205,0.9256694447305333,-0.995435501767695,0.13415341762421307,0.3678930465174731,1.3639285779396655,0.17907520643152947,-1.128100072887392,0.0,0.0,10.0
2012-04-12 05:00:00,-0.5281355924788946,-0.056713828798320834,-0.12659259287218363,0.5991719200281573,-0.3207555703019466,-0.4111858038241154,0.15265212838722564,-0.8502943878483009,0.5380469958292752,0.45131335626844377,-0.9512591607566332,0.6871498168818713,0.402981691347004,0.2542802596475127,0.3128512832972622,0.4602584513796283,-1.0002141097536372,0.09590672694515805,1.367903580482612,0.36406684489904434,0.17907520643152947,-1.128100072887392,0.0,0.0,9.0
2012-04-12 09:00:00,-0.42359997644423,0.3005515353247781,-0.06121191685128163,0.6575544401936366,-0.26967690423493773,-0.35167618451297483,0.3761331096500678,-1.09644472811217,0.7121888664485001,0.585991435236173,-0.9511537111663386,1.1698244411124803,0.7497251895248258,0.5291289181756595,0.1413541219113477,1.1698016256741985,-0.9647666735453091,0.2641699923906605,1.00187432099933,-1.0017696827063787,0.17907520643152947,-1.128100072887392,0.0,0.0,8.0
2012-04-12 13:00:00,-0.3887109121646224,0.7316576390026706,0.054504213633171275,0.8412125947698497,-0.20429584052618885,-0.26931960554863354,0.3602297621030215,-1.2502312392026964,0.9031139002016274,0.737429127247368,-0.8564098880573355,1.8330408793269393,1.393810530078822,0.8779863169121847,0.08839236831787335,1.8671584104460903,-0.8794167234201751,0.5165853957175385,-0.36416547244909103,-1.3677444772711809,0.17907520643152947,-1.128100072887392,0.0,1.0,7.0
2012-04-12 17:00:00,-0.4093402858462768,0.8502820674665308,0.16379477624021796,0.9706565056103876,-0.12883431897218237,-0.13879252099468795,0.7808478292929115,-1.3465862178781136,1.151627647955733,0.9475480901251334,-0.7807028994965222,2.2310917874625047,1.1036988397069756,0.8021124137905025,0.11946591053039815,1.794988006114584,-0.7432127505272624,0.7570313894144742,-1.36417600641423,-0.3678827442305594,0.17907520643152947,-1.128100072887392,0.0,1.0,6.0
2012-04-12 21:00:00,-0.4894133224474979,0.9052307699969269,0.25623594735012134,1.028367999381657,-0.04887850891614819,-0.017588799623167457,0.6731793047721961,-1.3900326615730825,1.2996067657089412,1.1487076921117387,-0.6656428436956443,1.7299206731518553,1.1669717456849749,0.70623847174883,0.24695709145301137,1.5884321390802918,-0.6735171888302265,0.6732451510632718,-0.9981467469309481,0.9979537833748633,0.17907520643152947,-1.128100072887392,0.0,1.0,6.0
2012-04-13 01:00:00,-0.5041121992504005,0.46389213638822124,0.2813856332118236,0.8914512780794729,0.020414897412778285,0.02031575423312028,0.44633518130323435,-1.0958845446040595,1.0285452251341243,1.1916612953843662,-0.6300418874511698,1.2076728873682583,0.6295169187266569,0.2665826492977813,0.27162717344430193,0.926866577619771,-0.6643003889992698,0.4935428075803002,0.3678930465174731,1.3639285779396655,-1.4379966940383093,-1.1281000728873922,0.0,1.0,4.0
2012-04-13 05:00:00,-0.5142891921069453,0.1827006277346068,0.2669282550960479,0.6741554467794648,0.07278636857189719,-0.027154772439268317,0.22602643096922134,-0.7355237184292851,0.7075939576196988,1.0396032111327702,-0.6178198735469997,0.7061795913601716,0.19873459137994823,0.28559252927309514,0.2889519695314154,0.5127837762291829,-0.6746047852233228,0.26564408803940354,1.367903580482612,0.36406684489904434,-1.4379966940383093,-1.1281000728873922,0.0,1.0,3.0
2012-04-13 09:00:00,-0.472922326708572,-0.08669562494028203,0.22103822732860987,0.4147971820513491,0.1049602882399176,-0.16774755150883958,-0.06386602652619534,-0.30439625441509127,0.13880373800358933,0.642089489926727,-0.6167887734100539,0.30697928386260376,-0.43680697604112473,0.21570703350516443,0.21976358225508325,0.13933813178910037,-0.7122324096831609,0.06205574366250799,1.00187432099933,-1.0017696827063787,-1.4379966940383093,-1.1281000728873922,0.0,1.0,2.0
2012-04-13 13:00:00,-0.38306204100276225,-0.7739985091227236,0.08536169152357544,-0.03697955108203096,0.10195204843633922,-0.22925843330769172,-0.3918990212714163,0.6487916056589687,-0.5705928297766406,0.09446917557729982,-0.6093727575818917,-0.6772864979221362,-1.3707198670593777,-0.28276480023309075,0.08000304835814956,-0.9890429624156368,-0.7079652011377605,-0.44490194345945305,-0.36416547244909103,-1.3677444772711809,-1.4379966940383093,-1.1281000728873922,0.0,0.0,1.0
2012-04-13 17:00:00,-0.47416545518981773,-0.8398263425278458,-0.03285843042926153,-0.350905723090372,0.07449677576034137,-0.2863756806923402,-0.4517100433274211,0.5655915851126396,-1.1746487549371085,-0.5500995298993483,-0.5668729577800088,-1.0108901814738884,-1.504480418468112,-0.49404543282859614,0.22179593918414134,-1.0286262992720407,-0.6760019918807131,-0.6120273831540799,-1.36417600641423,-0.3678827442305594,-1.4379966940383093,-1.1281000728873922,0.0,0.0,0.0
2012-04-15 21:00:00,-0.3835851083789068,-1.468918472137088,-0.2481682990562576,-0.8662073515998,0.006912335863948357,-0.20995501575524916,-0.7356543916951372,1.6567244813576636,-1.6028913125644932,-1.1465380851347546,-0.37567719130296373,-1.7350534942612856,-1.644293107085897,-0.9493329752461879,0.08077774485870019,-1.9450017469941883,-0.5607989868481876,-1.0571921550004022,-0.9981467469309481,0.9979537833748633,-2.0863921832865144,0.8445865525059428,0.0,0.0,0.0
2012-04-16 01:00:00,-0.45918513837765196,-1.395093892346019,-0.4062926869172507,-1.1228590414335746,-0.08065888072579276,-0.13899296974223574,-0.8053779274913933,1.511676417446015,-1.6753388084977785,-1.5248552281016852,-0.23858791076778654,-1.7424218249619516,-1.57499509615625,-1.1228328074283818,0.19749236558287714,-1.6276080176551333,-0.43479613419002894,-1.1234885394129226,0.3678930465174731,1.3639285779396655,-0.6294607438033901,1.3317999135043364,0.0,0.0,28.0
2012-04-16 05:00:00,-0.4807776677874473,-1.4201451870448152,-0.5310236958219852,-1.237324063370437,-0.17714407264970364,-0.04861280671322559,-0.9308233790515408,1.5987679515450794,-1.646096461512901,-1.6863011648558817,-0.11781512791248182,-1.621026113759195,-1.422027780834275,-1.443899196697204,0.23265392578564875,-1.4886407152511192,-0.3214028377221132,-1.089013358990984,1.367903580482612,0.36406684489904434,-0.6294607438033901,1.3317999135043364,0.0,0.0,27.0
2012-04-16 09:00:00,-0.45474544007613865,-0.8618640704714818,-0.5638088182543574,-1.0787307470075869,-0.2612787937808652,-0.05468470513255926,-0.49186029549952176,1.223087317973717,-1.3952890807250187,-1.6152083663883223,-0.06288208995322946,-1.159842800787395,-0.9371087591712248,-1.2575765625505937,0.19036724205741049,-0.9672074547572342,-0.2612970960627652,-0.7666019406873186,1.00187432099933,-1.0017696827063787,-0.6294607438033901,1.3317999135043364,1.0,0.0,26.0
2012-04-16 13:00:00,-0.37218053244457394,-0.1822480384597489,-0.49549392771799894,-0.6767843155787863,-0.31411189530118877,-0.17793509576357583,0.1365110500959523,0.7687116798031068,-0.9135618502026318,-1.354339996653342,-0.058059822766237584,-0.6052711898403758,-0.21670190590188326,-0.8886180466703348,0.06398444866050772,-0.3097453830382037,-0.2505921524851197,-0.3323237960676457,-0.36416547244909103,-1.3677444772711809,-0.6294607438033901,1.3317999135043364,0.0,0.0,25.0
2012-04-16 17:00:00,-0.31508237083645524,0.38925807837112364,-0.3425196058020894,-0.12488674159817853,-0.3239659165906549,-0.27874297803227166,1.061067740769642,0.4134531307561373,-0.2124565826746581,-0.8633940656861229,-0.05419707583921345,0.12867644987418184,0.5548305950188586,-0.24368455421754961,-0.01712401700685579,0.3728111465216966,-0.2546301566632469,0.27817102547704886,-1.36417600641423,-0.3678827442305594,-0.6294607438033901,1.3317999135043364,0.0,0.0,24.0
2012-04-16 21:00:00,-0.3709560711869137,0.09191295067117967,-0.2638752112344485,0.11439528715389774,-0.31518582532665795,-0.37235029728177504,0.8875758875435384,0.27115797399665004,0.18589868296623868,-0.32192077791148355,-0.054180510409470174,0.13655079344399582,0.18610622710897157,-0.31029095030738435,0.06219350881282533,0.04505871881525949,-0.2650882526584225,0.26165577422066333,-0.9981467469309481,0.9979537833748633,-0.6294607438033901,1.3317999135043364,0.0,0.0,24.0
2012-04-17 01:00:00,-0.4386204482805848,0.05839443187747232,-0.20453786046037178,0.2532905225244713,-0.29558925334936575,-0.486004982807897,0.7483548714429102,0.39911637515836945,0.3501451489539376,0.11083211793671678,-0.05407088812886666,0.007465374281477827,0.24641257494760505,-0.18759668047282085,0.16478176298936822,0.0036821375956504455,-0.2715304947844136,0.1413398363233732,0.3678930465174731,1.3639285779396655,0.8274706956797339,0.8445865525059431,0.0,0.0,22.0
2012-04-17 05:00:00,-0.35247282917537764,0.41618112141647007,-0.09569805564780838,0.4990924310759704,-0.2568508325099077,-0.522464724612017,1.0611782663009557,0.03286403680718231,0.4257006460828521,0.3293672601299579,-0.039008200191514936,0.20528965646521516,0.7678692416513093,0.552148405805237,0.03543930396353251,0.4153061301754408,-0.2680881814344405,0.29810218788832754,1.367903580482612,0.36406684489904434,0.8274706956797339,0.8445865525059431,0.0,0.0,21.0
2012-04-17 09:00:00,-0.3469680246380612,0.2511771798364502,-0.03255051714289837,0.5714149535917117,-0.21248028780499617,-0.5348592576917199,1.0110424815526702,-0.17918643278227517,0.6366722321528607,0.4837333900259531,-0.03759810109866933,0.33272881635656987,0.7809683203008131,0.49459293111617597,0.02757135850815721,0.24685517583120523,-0.2617735207599369,0.3890474829455255,1.00187432099933,-1.0017696827063787,0.8274706956797339,0.8445865525059431,0.0,0.0,20.0
2012-04-17 13:00:00,-0.3191308367357214,0.09094120047393023,-0.005355162234207451,0.5314546747854538,-0.17122165391439445,-0.6053301274547833,0.6801666219571525,0.05977919108896075,0.7915430789261281,0.6348888655787166,-0.0367609713622942,0.1318900606378489,0.683091266149972,0.9725854558217808,-0.011530723870763971,0.08155837467594583,-0.2610211237061807,0.1956100873078266,-0.36416547244909103,-1.3677444772711809,0.8274706956797339,0.8445865525059431,0.0,0.0,19.0
2012-04-17 17:00:00,-0.38670941900866784,0.13156245543583053,0.021862883249043313,0.4995481880005372,-0.1324477409576483,-0.6707673636633423,0.545001069150367,-0.049519815107685265,0.8099082929545547,0.766459690067085,-0.0452247598294909,0.17791016764246223,0.8196523744530929,0.963333226693158,0.08541408369519005,0.13709244068276757,-0.25923436967783214,0.21037117901364444,-1.36417600641423,-0.3678827442305594,0.8274706956797339,0.8445865525059431,0.0,0.0,18.0
2012-04-17 21:00:00,-0.4658738812439473,0.23785664881828789,0.05803696249299578,0.49839047451128643,-0.09376398505772696,-0.7315305115712901,0.44072232834974134,-0.13384279903568622,0.8792409262665724,0.849526654869754,-0.09162006790119213,0.2325871821610445,0.9764607851714289,1.0609469631541932,0.20829367281003822,0.2869799204325801,-0.2563984939857756,0.2135822157112189,-0.9981467469309481,0.9979537833748633,0.8274706956797339,0.8445865525059431,0.0,0.0,18.0
2012-04-18 01:00:00,-0.5125549249564125,-0.060701841763294684,0.047778702680655476,0.37113171778261267,-0.06499051790227658,-0.832882154717702,0.28559077136176875,0.10021952154129508,0.8459700014074047,0.8681650008879357,-0.171317812814431,0.11168098975042685,0.5892795241384897,0.6010471165268425,0.28598533661082415,0.061399842520310145,-0.2572458720359388,0.053490146772086765,0.3678930465174731,1.3639285779396655,1.1873030452467948,-0.2501719323160819,0.0,0.0,16.0
2012-04-18 05:00:00,-0.4949844187925813,-0.488582942115366,-0.02195672237988492,0.10749991005848501,-0.05674740483745573,-0.9106722491260637,0.02919014889060146,0.5403703293668866,0.5425010412329754,0.7765921421235564,-0.27133438026476764,-0.14682329158483648,-0.036018212429675935,-0.10111596177346406,0.25625893410552086,-0.36310684350867495,-0.25429896561860066,-0.189977525745201,1.367903580482612,0.36406684489904434,1.1873030452467948,-0.2501719323160819,1.0,0.0,15.0
2012-04-18 09:00:00,-0.48971610752107253,-0.6731437971136951,-0.10559870232521894,-0.14124233426154092,-0.06787511958462596,-0.9214582069348379,-0.1875376875186461,0.9069918466796288,0.07768546196127137,0.5021017352550489,-0.32660512866429225,-0.4312395179824816,-0.3341477834250572,-0.677760810915108,0.2474611311911812,-0.5520416207908113,-0.24540954768444911,-0.4186160320381118,1.00187432099933,-1.0017696827063787,1.1873030452467948,-0.2501719323160819,1.0,0.0,14.0
2012-04-18 13:00:00,-0.37814011410137083,0.0129734043773323,-0.07895331207842383,-0.04016749316446206,-0.07113162070514382,-1.038567985277096,0.33748205393278125,0.4339674779277902,0.05891693917382524,0.2325776350521533,-0.3698194087154442,0.09444498119873786,0.5363592093253186,-0.039770336650135664,0.07273450498096512,0.3062582791723086,-0.27586307853494463,-0.07045863357583486,-0.36416547244909103,-1.3677444772711809,1.1873030452467948,-0.2501719323160819,0.0,0.0,13.0
2012-04-18 17:00:00,-0.4241439271174196,0.11239731175764946,-0.042456478911289765,0.06749607482386535,-0.0660038104159629,-1.14731277945205,0.18216854904977176,0.27705087082930957,0.27324107722138197,0.14037032019216614,-0.38323316946471564,0.4012665744036167,0.5682968413434868,0.054216890985630456,0.14219582129835295,0.4608912770238552,-0.3506507910139422,0.1075382856521482,-1.36417600641423,-0.3678827442305594,1.1873030452467948,-0.2501719323160819,0.0,0.0,12.0
2012-04-18 21:00:00,-0.49968759659597334,0.09795985498153395,-0.01545537206418195,0.12779106382968913,-0.05618052166814494,-1.2482900883287926,0.08544440189812108,0.17932836429670684,0.4734378376813746,0.2758946044969813,-0.37391628552124384,0.36381462584663365,0.2303332739337206,-0.2369708826440034,0.2641576093398663,0.40564621804690976,-0.4316034449367251,0.09287425588626598,-0.9981467469309481,0.9979537833748633,1.1873030452467948,-0.2501719323160819,0.0,0.0,12.0
2012-04-19 01:00:00,-0.5625757282269557,0.002692096539539431,-0.006205049313428034,0.12773092128610242,-0.046361916527082964,-1.3329509478214883,0.07197089211038238,0.06826241794783919,0.29763179452415556,0.3576418330901505,-0.37436201338149877,0.32681123447396176,0.040650982561670004,-0.18494049909383287,0.3739919794830526,0.26205746884042197,-0.49949071589611416,0.0800984635135144,0.3678930465174731,1.3639285779396655,0.17907520643152947,-1.128100072887392,0.0,0.0,10.0
2012-04-19 05:00:00,-0.5095533637576705,0.26902341244250544,0.03621843187812398,0.21793996367947321,-0.029518272948889285,-1.3255908206833582,0.5375467839109629,-0.22036023465800678,0.31017930559483015,0.3702912251618735,-0.4875804534138084,0.5515171751346893,0.6036761966343578,0.08607991651714071,0.2808648043728338,0.5410394068680896,-0.5322607433098616,0.22853049718410653,1.367903580482612,0.36406684489904434,0.17907520643152947,-1.128100072887392,0.0,0.0,9.0
2012-04-19 09:00:00,-0.38361946608540437,-0.3937781908504133,-0.018723222868227644,0.025197230679581004,-0.02768448948979116,-1.400561434735379,0.0783231183665364,0.2897657918481196,-0.052876033448589446,0.1900565251811152,-0.6327696843891917,-0.1570877582345861,-0.7933489334710991,-0.3533906458838492,0.08082864599355835,-0.49286874701028505,-0.5587617130110188,-0.12869894751865685,1.00187432099933,-1.0017696827063787,0.17907520643152947,-1.128100072887392,1.0,0.0,8.0
2012-04-19 13:00:00,-0.3070818844878429,0.08555738399812157,0.004881483151184486,0.08471109933738655,-0.021216057399346778,-1.4806391360967173,-0.16063736539664927,-0.046738301169124405,0.02827751292581213,0.09781691152969735,-0.8461164741038222,0.2134415373871468,0.2694740642168368,-0.11234273769512566,-0.028108986808078353,0.25186532910074194,-0.5524070037998597,0.07827110722746732,-0.36416547244909103,-1.3677444772711809,0.17907520643152947,-1.128100072887392,1.0,0.0,7.0
2012-04-19 17:00:00,-0.3812025021293491,0.26282254248265435,0.050308961601430294,0.19169734807971286,-0.006416060205018671,-1.5549970016465315,-0.2554012319826669,-0.1432629274295769,0.12886333918070353,0.03572577048070587,-0.9779146749476224,0.5768564331942135,0.8872911433957672,0.1925598907267519,0.07725245325805219,0.6804794949162131,-0.5461093717748345,0.18966334878494434,-1.36417600641423,-0.3678827442305594,0.17907520643152947,-1.128100072887392,0.0,0.0,6.0
2012-04-19 21:00:00,-0.44245359537627776,0.34415564555393774,0.09759436569069944,0.2823413702584369,0.01544284952188002,-1.5817731167910603,0.03578929775239149,-0.2508090319146055,0.8007728582344085,0.328055424553987,-0.98121196786274,1.1401591202453853,1.1011881953684999,0.5388786143025457,0.17082256238926738,0.8315889722000362,-0.5958530418252549,0.30501628123105085,-0.9981467469309481,0.9979537833748633,0.17907520643152947,-1.128100072887392,0.0,0.0,6.0
2012-04-20 01:00:00,-0.516373798300982,0.3441556455539388,0.1333394709605007,0.3234578727528753,0.04050371110150203,-1.619771224048341,-0.057744267791247236,-0.23606680743921082,1.0957455105753893,0.6936068280964628,-0.9775690630939624,0.8232537595797988,1.1011881953684999,0.6765924945592453,0.29252572377175096,0.8214742846295366,-0.7066880167647996,0.2330773411317986,0.3678930465174731,1.3639285779396655,-1.4379966940383093,-1.1281000728873922,0.0,0.0,4.0
2012-04-20 05:00:00,-0.4811706945960445,0.512683878093199,0.18360610937260585,0.39586109881628395,0.07120298134363703,-1.5613569275971735,0.5059405302063791,-0.4690155299131365,1.147379269972876,1.0423947344798377,-0.9373135599902969,1.319984876494102,1.032879308924183,0.35837158677142916,0.2333018681245537,1.1297461368888149,-0.8616493556895145,0.3764222147113796,1.367903580482612,0.36406684489904434,-1.4379966940383093,-1.1281000728873922,0.0,0.0,3.0
2012-04-20 09:00:00,-0.41723442072605715,0.9211642201508009,0.2856345260772891,0.5946165439447576,0.1173803522791384,-1.4403474377734715,0.8449256894549303,-0.713774195931956,1.2088568815567704,1.1821419567077782,-0.8126924042801605,2.0149666867930507,1.274532394900161,0.5929936121009625,0.13154120868752325,1.7903998342991054,-0.9350613302792273,0.6388079880665258,1.00187432099933,-1.0017696827063787,-1.4379966940383093,-1.1281000728873922,0.0,0.0,2.0
2012-04-20 13:00:00,-0.3995285936577936,1.1322170064779864,0.4006302301515175,0.7889021496955523,0.17868773470760127,-1.2941400825104277,0.9372682991544516,-0.883565960357523,1.3110288206292142,1.2558651187348608,-0.6572792428654821,2.209641252331941,1.3892753955184514,0.7827032190311166,0.10460062656569985,1.8642986871082594,-0.8717381680656393,0.824781486135145,-0.36416547244909103,-1.3677444772711809,-1.4379966940383093,-1.1281000728873922,0.0,0.0,1.0
2012-04-20 17:00:00,-0.4711491053183304,1.2237802830494222,0.50333572115678,0.9108915607909713,0.24949505504840097,-1.152082047085011,0.8831907040516254,-0.9499828308364517,1.480890252932178,1.3700750137256665,-0.5016270202540892,2.051611450909723,1.5118259246962953,0.920524500550347,0.21686949266137653,1.6734879682973127,-0.7304980009342777,0.9125662054782202,-1.36417600641423,-0.3678827442305594,-1.4379966940383093,-1.1281000728873922,0.0,0.0,0.0
2012-04-22 21:00:00,-0.47831484206882147,0.6872972501461524,0.5237078936954169,0.7844715226843114,0.3104574019435208,-1.1187986614056549,0.6276938688067554,-0.44448888980504686,1.346252103552393,1.4171256197870366,-0.44761965724346997,1.1887342767714262,0.8949024510983569,0.4994962224136633,0.22860024787884298,0.9853336797343082,-0.6725379117452137,0.5832096879801428,-0.9981467469309481,0.9979537833748633,-2.0863921832865144,0.8445865525059428,0.0,0.0,0.0
2012-04-23 01:00:00,-0.5585112543628455,0.7243032760161686,0.5393621888720886,0.6704991445286801,0.3625441381895084,-1.0878926604176813,0.5307892579705988,-0.5101324271125349,1.1942673087145834,1.377140969517318,-0.39692673450321564,0.9494695409015039,0.9607343067646774,0.9411606610746308,0.36664723212591455,0.9331507348274205,-0.6340787118847359,0.503675133083797,0.3678930465174731,1.3639285779396655,-0.6294607438033901,1.3317999135043364,0.0,0.0,28.0
2012-04-23 05:00:00,-0.48084419401859707,-0.06274908652423097,0.45261761760336344,0.30071555773293934,0.3858339396522552,-1.1689384019763904,0.14720807839224193,0.4645595203887005,0.6290220399132235,1.085421103827701,-0.3971707095348809,0.2786724750935324,-0.08195734265983097,0.190649562868557,0.2327635804667316,0.04311528348633595,-0.6294587276818441,0.10655624221290039,1.367903580482612,0.36406684489904434,-0.6294607438033901,1.3317999135043364,0.0,0.0,27.0
2012-04-23 09:00:00,-0.48289856093824685,-0.2865338989188992,0.34797620645390426,-0.04380483238753125,0.38229418036633617,-1.2078951838740206,-0.06658427796618822,0.5738390318534674,0.1575494931033096,0.6783532492399768,-0.4069940120554966,-0.1597698263506054,-0.43447631171174994,-0.08399158983280841,0.2361538303959939,-0.26983746885719956,-0.6293634664778318,-0.14365962048112701,1.00187432099933,-1.0017696827063787,-0.6294607438033901,1.3317999135043364,0.0,0.0,26.0
2012-04-23 13:00:00,-0.4743902948394495,-0.19949183242097468,0.27278410206367065,-0.23929580183333604,0.3635305417659655,-1.2031630938443558,-0.28091145052103106,0.7174192624910465,-0.29358797580905327,0.16884140558445423,-0.46973781687929783,-0.34975892845131595,-0.311307033368319,-0.0910342264991845,0.22216382644329383,-0.22302217372961253,-0.6297717975036574,-0.21581779654163083,-0.36416547244909103,-1.3677444772711809,-0.6294607438033901,1.3317999135043364,0.0,0.0,25.0
2012-04-23 17:00:00,-0.5135190949456424,0.10418609989163043,0.24983323725881648,-0.2535512002186873,0.3436567625528942,-1.2421514320748315,-0.07596650708099863,0.5381168725408675,-0.2804680208933327,-0.14261089927884182,-0.5874230658311591,-0.007384172915848309,-0.044963906770515726,0.09299879208399378,0.2876339139975541,0.106171589261701,-0.629970968833783,0.023150791540956374,-1.36417600641423,-0.3678827442305594,-0.6294607438033901,1.3317999135043364,1.0,0.0,24.0
2012-04-23 21:00:00,-0.5987761123115065,0.06178177239330189,0.22371893526531894,-0.2735625632545638,0.32222459638906237,-1.2783548890031304,-0.1425028772811945,0.45856186237058,-0.2556213607933931,-0.2841000922826062,-0.6117642295261393,0.012529707889448918,-0.36441789052240753,-0.04322738815380252,0.4409985348350888,0.008073039127110843,-0.629121628167102,0.054569086955507155,-0.9981467469309481,0.9979537833748633,-0.6294607438033901,1.3317999135043364,1.0,0.0,24.0
2012-04-24 01:00:00,-0.6681587164120705,0.14438312443731402,0.21071198236843483,-0.2539093256633429,0.3023229281202239,-1.307190402318062,-0.2272584552567947,0.4020180689294694,-0.2224497573438384,-0.2597390101117785,-0.6279963275833552,0.016229367549965994,-0.21777534111482363,-0.2988174443072264,0.5779698107561251,0.0899406331087578,-0.6348681874492963,0.06809894598223215,0.3678930465174731,1.3639285779396655,0.8274706956797339,0.8445865525059431,1.0,0.0,22.0
2012-04-24 05:00:00,-0.6855560873075178,0.23849536456448905,0.20925500869049193,-0.20676168201980166,0.2860928874402444,-1.3792959207054603,0.2873587963211297,0.2045165299034701,-0.22595208342501774,-0.24107018116247408,-0.6468239097469896,0.283779605035219,-0.05483917510641053,-0.4251330049704194,0.6142137133098564,0.1811716549474407,-0.6610333821719822,0.202115968300603,1.367903580482612,0.36406684489904434,0.8274706956797339,0.8445865525059431,1.0,0.0,21.0
2012-04-24 09:00:00,-0.70581401924161,0.050544041675769986,0.1862873144323647,-0.22756969375506508,0.2682424207102568,-1.4641630333359883,0.09888446517449369,0.17668864167948958,-0.21439481602998486,-0.22695226724406747,-0.681746831117477,0.054407580409366336,-0.3318306573207493,-0.595496822112924,0.6574427936617809,-0.09988166209758949,-0.7458002724058119,0.10587132019676483,1.00187432099933,-1.0017696827063787,0.8274706956797339,0.8445865525059431,1.0,0.0,20.0
2012-04-24 13:00:00,-0.6122595700191121,0.6779938057459309,0.24600733303199046,-0.019240303886337014,0.26661562660313204,-1.4262058654847896,0.7933964431939639,-0.19688701189133756,0.1535115293788716,-0.09820538551859018,-0.6622510823468247,0.7050871169844218,0.8195849158055034,0.03002209709130285,0.46671109096806995,0.8181860397756127,-0.7603800410029808,0.40456102285591605,-0.36416547244909103,-1.3677444772711809,0.8274706956797339,0.8445865525059431,0.0,0.0,19.0
2012-04-24 17:00:00,-0.6573222200949959,0.6872330664044145,0.2911245465520915,0.10769206016796208,0.2748737033774543,-1.3909599239086765,0.626687003906085,-0.315939897476096,0.4703732771262962,0.1402492692647122,-0.7619455477918926,0.7214539443649354,0.8385941351731576,0.008859597225703139,0.5557931016379952,0.8031337773456928,-0.7546758671928355,0.4229868175554768,-1.36417600641423,-0.3678827442305594,0.8274706956797339,0.8445865525059431,0.0,0.0,18.0
2012-04-24 21:00:00,-0.7253636573150201,0.6914786633914023,0.3235316854868839,0.17465652341418225,0.2883466446015644,-1.349580135548389,0.6101114283504865,-0.39163229576853303,0.8883611145803454,0.5178849258717477,-0.7869950454566975,0.748057403944135,0.8467409434735723,0.44595381423824,0.7002460500717513,0.737687257490625,-0.7511941994310243,0.4410112211968426,-0.9981467469309481,0.9979537833748633,0.8274706956797339,0.8445865525059431,0.0,0.0,18.0
2012-04-25 01:00:00,-0.8024328485753865,0.6000737955891836,0.3373067609458147,0.17753418523780723,0.3020436840356064,-1.3158404243382629,0.532500994960558,-0.411997886502614,0.9366082817945722,0.7860541989416903,-0.8010476575923413,0.5787772031374706,0.9556241399221943,0.5572539933261137,0.8802098598338368,0.5605370571757176,-0.761579908041675,0.36641650853654645,0.3678930465174731,1.3639285779396655,1.1873030452467948,-0.2501719323160819,0.0,0.0,16.0
2012-04-25 05:00:00,-0.7878292594482682,0.9290411996313802,0.3859666356642321,0.27475048421572795,0.3233114527326582,-1.2221884955778357,0.9148454071532515,-0.6069412412319598,1.1566069195386572,1.021052973325794,-0.778520710777202,0.8082423246965099,1.4589091860557564,0.7022022977982681,0.8446573032307239,1.043575654466606,-0.744529282602151,0.4744227808150603,1.367903580482612,0.36406684489904434,1.1873030452467948,-0.2501719323160819,0.0,0.0,15.0
2012-04-25 09:00:00,-0.7654310568400206,0.708206909895448,0.40157167552568773,0.26258830044608705,0.3436320901200946,-1.1020705119287049,0.974860808454436,-0.7966439618200812,1.1770983261241257,1.1199302166409777,-0.7843034050723128,0.836966980737988,0.9045191554164452,0.4332293181994205,0.7914831688682197,0.7092252927690038,-0.7858776146766686,0.484399174830531,1.00187432099933,-1.0017696827063787,1.1873030452467948,-0.2501719323160819,0.0,0.0,14.0
2012-04-25 13:00:00,-0.7288510705069736,0.49412583098187013,0.3912899610765136,0.18242616341832082,0.35771009285714855,-1.0583408924475664,0.6126256848499779,-0.5532553462762682,1.0741471986792064,1.1670300306116024,-0.7899303492422302,0.5005342143239618,0.6653399158275696,0.37408298708048976,0.7079968744813283,0.40256096808222275,-0.8190105334264716,0.3223074119876595,-0.36416547244909103,-1.3677444772711809,1.1873030452467948,-0.2501719323160819,0.0,0.0,13.0
2012-04-25 17:00:00,-0.6494327729623309,0.8043583387048462,0.4157681418398388,0.21287078578872703,0.3741589736867049,-0.9966585655275443,0.40746615795650604,-0.8202769018743905,0.9704773861438906,1.1032904971333362,-0.7613631207670354,0.6119997876472713,1.166598534965996,0.5003054516417256,0.5398357814769831,0.8711188392288945,-0.8350222391048227,0.36805183090023036,-1.36417600641423,-0.3678827442305594,1.1873030452467948,-0.2501719323160819,0.0,0.0,12.0
2012-04-25 21:00:00,-0.712671979304915,0.8835148112257984,0.4400218355232522,0.2366157017625565,0.39245699228534675,-0.9393821191018092,0.29741888487947393,-0.8872646297644682,1.078306077506027,1.0694593703726456,-0.7438857707767901,0.9529054106703331,1.2085563115315427,0.4938877660005602,0.6723345052762111,0.9737564549834757,-0.8182713653999112,0.510967912970093,-0.9981467469309481,0.9979537833748633,1.1873030452467948,-0.2501719323160819,0.0,0.0,12.0
2012-04-26 01:00:00,-0.7780223947228339,0.9052628910784816,0.45646225563278364,0.234353367668026,0.4105788313841286,-0.8887797317283491,0.20064713418390656,-0.9311315747659233,1.2684531012435587,1.1359988784004107,-0.7386810610836702,0.9262907528349753,1.2014844206955022,0.5968327893276241,0.8211769836915037,0.9993441807251712,-0.8195513630530331,0.4629568405010001,0.3678930465174731,1.3639285779396655,0.17907520643152947,-1.128100072887392,0.0,0.0,10.0
2012-04-26 05:00:00,-0.7430680919667998,1.0958282903696466,0.4871668556225283,0.27135332059889733,0.4315820456157712,-0.7531071814720098,0.8355260748356859,-1.107390817196356,1.1726497996355765,1.2052322508969948,-0.6789978083521969,1.1481600382415764,0.8964685445212066,0.32962351795130945,0.7399643899958801,1.1672333998135436,-0.7848036076654257,0.5864811241073683,1.367903580482612,0.36406684489904434,0.17907520643152947,-1.128100072887392,0.0,0.0,9.0
2012-04-26 09:00:00,-0.7150293886170118,0.4976390883229307,0.4615044853331539,0.14759066409776495,0.44294723026706795,-0.7199249860286847,0.5062841983900421,-0.7170636561762479,0.8095655140550471,1.1132028032933106,-0.6650546131758461,0.6341701481642468,0.18479248556388078,0.1181218779621952,0.6774841313018113,0.5815258667510281,-0.769478048927924,0.3157491461579332,1.00187432099933,-1.0017696827063787,0.17907520643152947,-1.128100072887392,0.0,0.0,8.0
2012-04-26 13:00:00,-0.6706867295981995,0.8505757385716038,0.4772844870468284,0.16133647859165431,0.45538287163320446,-0.6558475921291315,0.509447097711796,-0.9227561127220316,0.6777023598248122,0.9109018789144312,-0.6564649396206645,0.8453648803579689,0.8296789401496669,0.3084496813733192,0.5831869875414225,0.9809302114150671,-0.7429165638313223,0.432814612509651,-0.36416547244909103,-1.3677444772711809,0.17907520643152947,-1.128100072887392,0.0,0.0,7.0
2012-04-26 17:00:00,-0.7197824719093454,0.5480642072692632,0.4598597465896382,0.08199004110094292,0.4616394010341454,-0.596347154936689,0.3675035115904412,-1.0022920354241456,0.5045689322680891,0.682119471119729,-0.7255639526567289,0.7469371718342372,0.40829610842977004,0.2318647854490094,0.6879150575844772,0.6301636968761166,-0.7318891300945428,0.367814566192389,-1.36417600641423,-0.3678827442305594,0.17907520643152947,-1.128100072887392,0.0,0.0,6.0
2012-04-26 21:00:00,-0.6769941055818394,0.1909287587740807,0.4100124434276558,-0.06970205288236296,0.45608289304361493,-0.7325342939238911,0.052645636840676864,0.0910172608936913,0.260954429606597,0.49424915335782343,-0.8154211758282395,0.07521570490923522,-0.502110597854261,-0.10732922056429921,0.5962766883940397,0.15364204052467048,-0.7298540768781113,0.05665159691663589,-0.9981467469309481,0.9979537833748633,0.17907520643152947,-1.128100072887392,0.0,0.0,6.0
2012-04-27 01:00:00,-0.7048075359886521,-0.19597549019593385,0.32891362766367366,-0.27608449210941916,0.43445433141131323,-0.8589937801262927,-0.10861169832415479,-0.06888272302910263,-0.47562711955811604,0.09929472768543625,-0.860099708632611,-0.27870210260151385,-1.2472094707722214,-0.19721684867703845,0.6552683536711643,-0.47265027704911,-0.7298396481470264,-0.05656050195028407,0.3678930465174731,1.3639285779396655,-1.4379966940383093,-1.1281000728873922,0.0,0.0,4.0
2012-04-27 05:00:00,-0.6312098641550594,0.20363003696328005,0.3023940366734008,-0.2926919025117915,0.41153246598903065,-0.9022709130658644,-0.4245298082293828,0.3018577948069183,-0.6564883497276622,-0.29830606218488204,-0.9253177527900456,-0.34037103668702534,-0.10166588199772823,0.07670977211104718,0.503570535033162,0.11673827817617863,-0.747558092589734,-0.04164898343550486,1.367903580482612,0.36406684489904434,-1.4379966940383093,-1.1281000728873922,0.0,0.0,3.0
2012-04-27 09:00:00,-0.5448780817937882,0.9196222166985976,0.372918816233812,-0.04194059877739613,0.40813788408688084,-0.9308763642922018,0.6819501581007036,-0.06847899752805736,-0.021522029434327766,-0.3950393284724737,-0.9059603840218259,1.2648205115182336,1.2882603304406668,0.34582554940606697,0.34226621721498685,1.5808979027689063,-0.7619073386286126,0.5076907574707875,1.00187432099933,-1.0017696827063787,-1.4379966940383093,-1.1281000728873922,0.0,0.0,2.0
2012-04-27 13:00:00,-0.6004350912366139,0.8805170263085468,0.42014768159503596,0.0952771828373054,0.4154291510145824,-0.9574385690023719,0.5381113134897517,-0.1795710455530956,0.8576441453908366,0.06153565389522825,-0.9029972117359469,1.3775533053416793,1.231715017411775,0.2823541720324253,0.44413955039407554,1.3653244752774572,-0.7981882595703119,0.5600579591001054,-0.36416547244909103,-1.3677444772711809,-1.4379966940383093,-1.1281000728873922,0.0,0.0,1.0
2012-04-27 17:00:00,-0.6204604321827544,0.8434336037422281,0.44896402871711977,0.15495483556683373,0.4273678212750294,-1.003006030166362,0.3321430018687063,-0.18100366468012646,1.3125928872019712,0.7358419669965921,-0.9658441462351727,1.199539426016624,1.181121842596427,0.25505977152470866,0.4825573553634394,1.2820492587070493,-0.8097343657052435,0.5023987628458635,-1.36417600641423,-0.3678827442305594,-1.4379966940383093,-1.1281000728873922,0.0,0.0,0.0
2012-04-29 21:00:00,-0.6614653422150778,0.4326112129777723,0.42980735943590975,0.07217251421355499,0.4328598097617599,-1.06446613711684,0.17889729840383042,-0.16188163770378255,1.070887590865721,1.109934558833782,-0.9709363353481822,0.6264753454258573,0.6067405049869005,-0.022839122630937625,0.5642363193702639,0.5286481454398121,-0.8510035600796421,0.3034688398753436,-0.9981467469309481,0.9979537833748633,-2.0863921832865144,0.8445865525059428,0.0,0.0,0.0
2012-04-30 01:00:00,-0.7124822874807644,0.6422667556076982,0.43594615804751685,0.07477028170686806,0.4385540996587157,-1.1056067184485767,0.19402375468387278,-0.27046287691930915,0.9959483941850469,1.157296458557176,-0.9607851688992287,0.7697630091522517,1.0204141108300342,0.30457356501569,0.6719208185285115,0.9212196902441901,-0.8951991930867342,0.3514354595687899,0.3678930465174731,1.3639285779396655,-0.6294607438033901,1.3317999135043364,0.0,0.0,28.0
2012-04-30 05:00:00,-0.7061975370725987,0.4452537179143099,0.4180448843627883,0.011440537346607965,0.4393165792122636,-1.0970718713540442,0.3835979863151321,-0.4628200734971127,0.84079259260674,0.9957297790306793,-0.9710356018197793,0.7307619979797096,0.7436396838989883,0.02988371886178734,0.6582721019594298,0.5280266605398426,-0.9235866524075985,0.33406485866791263,1.367903580482612,0.36406684489904434,-0.6294607438033901,1.3317999135043364,0.0,0.0,27.0
2012-04-30 09:00:00,-0.705727460223361,0.15795318013055246,0.37245310945720767,-0.11456326246247579,0.4302664999202858,-1.1752937450142238,0.14872668553188095,-0.0015957647411495963,0.7405218364847097,0.882596958691093,-1.002448020417995,-0.001843380353220499,0.3240139398423112,0.01849083784421877,0.657255677636167,-0.03760076469875145,-1.0011977552640128,0.09246511960175391,1.00187432099933,-1.0017696827063787,-0.6294607438033901,1.3317999135043364,0.0,0.0,26.0
2012-04-30 13:00:00,-0.7475857966022416,0.2153141040519192,0.33833869401255406,-0.18413883176011903,0.4157982160267129,-1.2479283419843905,0.0099482162147627,-0.13063012789752007,0.5273145445199587,0.7221146192956379,-1.005140103476548,0.14433405177716707,0.4192481512593984,0.1902600459748005,0.7502488670399743,0.06163925135760896,-1.0238100250456832,0.13550102905575745,-0.36416547244909103,-1.3677444772711809,-0.6294607438033901,1.3317999135043364,0.0,0.0,25.0
2012-04-30 17:00:00,-0.7987639429761401,0.39560787049498225,0.326439840669745,-0.1793554356624849,0.4017024395953007,-1.3109120148464706,-0.06626610576272683,-0.23529772874884536,0.5178152097294588,0.6115119259285029,-1.014085484093916,0.31751256233128783,0.7168550619379448,0.452512898341342,0.8712108128276227,0.3921886782833223,-1.0399257245921858,0.18188765836595966,-1.36417600641423,-0.3678827442305594,-0.6294607438033901,1.3317999135043364,0.0,0.0,24.0
2012-04-30 21:00:00,-0.8822686816406307,0.3792233504650019,0.31188638306612476,-0.18275133620414172,0.38734220706058803,-1.3689992880600348,-0.10527753609456658,-0.27405323178634117,0.6497504151531788,0.5804275088383908,-1.0465398721750911,0.41731828657195813,0.6960225781904443,0.25450822183371485,1.087941695546775,0.3074169636860209,-1.0501565149430767,0.20525525201153594,-0.9981467469309481,0.9979537833748633,-0.6294607438033901,1.3317999135043364,0.0,0.0,24.0
2012-05-01 01:00:00,-0.9001541389308547,0.5984262849911943,0.3190119010288599,-0.12648414371315242,0.3773637879174311,-1.362686924506721,0.2346060013056972,-0.425203766255032,0.8724570419084297,0.698620583122879,-1.038837059848712,0.6979628390204653,1.0471987327910777,-0.08422677484032531,1.13783592953778,0.7192761408687259,-1.0628163803263553,0.27323591393541596,0.3678930465174731,1.3639285779396655,0.8274706956797339,0.8445865525059431,0.0,0.0,22.0
2012-05-01 05:00:00,-0.8776235583151093,0.9209275609724203,0.35700819074616486,0.002522458904084707,0.3774317711967486,-1.2932717909004536,0.5628206973426824,-0.6333727579520778,1.1176571942685383,0.9040347780540384,-0.993981763238015,1.1742041053439154,1.4082290929199672,0.10087739237808213,1.075195367435489,1.2911657110672863,-1.0402962998495398,0.4083622966077762,1.367903580482612,0.36406684489904434,0.8274706956797339,0.8445865525059431,0.0,1.0,21.0
2012-05-01 09:00:00,-0.8819529534296697,0.8718362201205083,0.37912183325054905,0.0625144130734486,0.3821716340657046,-1.2288148811232054,0.3261845768911148,-0.7837425260060084,1.3524482955465147,1.1446716842748388,-0.9622039919906561,1.086029240632198,1.358046922656848,0.10001458794495013,1.0870725982283032,1.0758511638113615,-1.018214225416016,0.38751022126161,1.00187432099933,-1.0017696827063787,0.8274706956797339,0.8445865525059431,0.0,1.0,20.0
2012-05-01 13:00:00,-0.7306816174937143,-0.1669098671989556,0.305681385428317,-0.14947451797304828,0.37040283716689504,-1.2966754131512133,-0.20017903533131354,0.11462861596549608,0.6383414808941179,1.064499471048443,-0.9560576120212967,0.03501113299102639,-0.9663192126336653,-0.13180010803858386,0.7120794838113608,-0.5186516158957236,-1.0426574158229591,0.06547510442630809,-0.36416547244909103,-1.3677444772711809,0.8274706956797339,0.8445865525059431,0.0,1.0,19.0
2012-05-01 17:00:00,-0.7470850310580658,0.11744769754695845,0.27315836513611846,-0.20773798613423014,0.3540967667037783,-1.359688764320078,-0.36524284562090475,-0.06586849231075312,0.02486107025919658,0.6902745221066673,-0.972909735453478,-0.1813148779195025,-0.32155949141280715,-0.12026439967249883,0.7491058461820961,-0.025175063375483402,-1.060048338138287,0.00948144091812657,-1.36417600641423,-0.3678827442305594,0.8274706956797339,0.8445865525059431,0.0,1.0,18.0
2012-05-01 21:00:00,-0.7591604411570232,-0.3124087023557612,0.20020878516680007,-0.36434088960516764,0.3255952290562034,-1.404252551500371,-0.5267651706798887,-0.13557227889705437,-0.9228504308619088,-0.08889510616170676,-0.9566740607335567,-0.5510641147556848,-1.3141501148712595,-0.24419484593163926,0.7768818055596922,-0.8124441199560309,-1.0585151632651457,-0.09816925793934686,-0.9981467469309481,0.9979537833748633,0.8274706956797339,0.8445865525059431,0.0,1.0,18.0
2012-05-02 01:00:00,-0.7959396036134675,-0.13195902772345838,0.15832518965408476,-0.4050992312330956,0.2939196313701529,-1.4456332110249286,-0.6403345517727952,-0.26489488946266965,-0.9047976866018193,-0.6173387595373337,-0.9573340533866109,-0.5039206037661608,-0.9154171293794288,-0.03779568737320353,0.8643141358386587,-0.4831902300541386,-1.0576680782244152,-0.08529240153424353,0.3678930465174731,1.3639285779396655,1.1873030452467948,-0.2501719323160819,0.0,1.0,16.0
2012-05-02 05:00:00,-0.6905818498346353,-0.9678102567821133,0.017253841589304937,-0.7075748262371209,0.238688715671396,-1.3250505506536043,-0.9419298501549664,0.7519536730059588,-1.363061584993412,-1.0926289562955724,-0.8461505217226102,-1.7646730294908306,-1.613694735355163,-0.5608718397504368,0.6248339383400261,-2.0202115411707275,-1.0019451199710898,-0.4653287201332359,1.367903580482612,0.36406684489904434,1.1873030452467948,-0.2501719323160819,0.0,1.0,15.0
2012-05-02 09:00:00,-0.6536668395082688,-1.3446626449708583,-0.15934119708394406,-1.0462077601568527,0.15708672548000469,-1.1283326822962236,-1.1229328511521488,1.473822854910774,-1.4533253062939429,-1.2742885804577742,-0.6571480848079564,-2.7535158278504372,-1.5686605311426758,-0.9540107371542732,0.5483801230345664,-2.3404212401446585,-0.8391938710457704,-0.894339899559265,1.00187432099933,-1.0017696827063787,1.1873030452467948,-0.2501719323160819,0.0,0.0,14.0
2012-05-02 13:00:00,-0.6490581276723605,-0.7162998447381392,-0.22963523085130302,-1.027891528580618,0.0769111137029342,-0.9456660902500841,-1.2539852467785937,1.1550476647207772,-1.420228608483751,-1.450796445178778,-0.5867337860225611,-2.0549314190840384,-0.8220966434132512,-0.6386746659684991,0.5390819172805728,-1.3696845510611688,-0.7460519101311328,-0.6987027423522215,-0.36416547244909103,-1.3677444772711809,1.1873030452467948,-0.2501719323160819,0.0,1.0,13.0
2012-05-02 17:00:00,-0.7101146626452457,-0.8136814456783401,-0.29813611282520797,-1.008359756085361,-0.0017434592859607077,-0.776047111921526,-1.3108643497880612,1.0166934836086488,-1.2026679668935627,-1.3958701032699286,-0.5195899480407102,-1.5482975153072005,-1.000253934803219,-0.8154190441561053,0.666765964087215,-1.3509672269614088,-0.6781379197244171,-0.6005972265781463,-1.36417600641423,-0.3678827442305594,1.1873030452467948,-0.2501719323160819,0.0,1.0,12.0
2012-05-02 21:00:00,-0.774700844218469,-0.8695271251596197,-0.3574679560254294,-0.9677873205065557,-0.07723844968904046,-0.6075666439378661,-1.3597370317138755,1.0448730411619398,-1.0364322801650943,-1.2531062628887406,-0.4610870830434002,-1.35505034537243,-1.0999371811761764,-1.0237321627043228,0.8132948101512615,-1.2720426990888412,-0.6136564643097351,-0.6143893862895992,-0.9981467469309481,0.9979537833748633,1.1873030452467948,-0.2501719323160819,0.0,1.0,12.0
2012-05-03 01:00:00,-0.8233109352633391,-0.9632659421614148,-0.41460223919163103,-0.9293502754161901,-0.14974015125980883,-0.43044065617445354,-1.420864773317237,1.1789041458023575,-1.1928893970860088,-1.175254591466582,-0.40445893218017454,-1.2334801811996705,-1.2632480316170236,-1.0755873977063868,0.9322973538064719,-1.251867870852769,-0.5476763504108806,-0.6474589510617381,0.3678930465174731,1.3639285779396655,0.17907520643152947,-1.128100072887392,0.0,0.0,10.0
2012-05-03 05:00:00,-0.8245758751035823,-1.0339274682405646,-0.46558881357030063,-0.8818740224104573,-0.21854463475390273,-0.3161348456442184,-1.25945303404331,0.8959496432060851,-1.3290371767143059,-1.2185293707726037,-0.3350813375595243,-1.0580579571971072,-1.3841404793459287,-0.7274160476968896,0.9355020271614913,-1.1985787621474773,-0.4862041776750609,-0.6052987769497249,1.367903580482612,0.36406684489904434,0.17907520643152947,-1.128100072887392,0.0,0.0,9.0
2012-05-03 09:00:00,-0.7013910180214967,-0.487919989124263,-0.44719370375215073,-0.6551201138931534,-0.2696906343439377,-0.14062755461817253,-1.496210802829001,1.2564772139360727,-1.096815992308972,-1.2392076026014751,-0.3415299199430456,-0.9033221948428283,-0.4451590548316863,-0.6123781443019891,0.6479082071088305,-0.6544478585970621,-0.4410058986305148,-0.5414823913520808,1.00187432099933,-1.0017696827063787,0.17907520643152947,-1.128100072887392,0.0,1.0,8.0
2012-05-03 13:00:00,-0.6968454004665152,-0.8060449067914739,-0.4726072520705041,-0.5929110914753141,-0.31599209992688265,-0.02493894219229863,-1.356149230590778,0.953625636096963,-0.9599225629698938,-1.1594287676598123,-0.3135275187275395,-0.6854475419527051,-0.8772590297908203,-0.6160796906048261,0.6381656983884734,-0.9569449523373448,-0.428676184855134,-0.3980301876984828,-0.36416547244909103,-1.3677444772711809,0.17907520643152947,-1.128100072887392,0.0,1.0,7.0
2012-05-03 17:00:00,-0.7674295161897753,-0.7074102575591528,-0.4775073273441341,-0.48733104677061906,-0.3540715086897336,0.08478209099767431,-1.398177084035059,0.8799725952103309,-0.7465300568815312,-0.9599508482306459,-0.29124036774043044,-0.7076806552505402,-0.7824522842301519,-0.6525913113284226,0.7961625229859774,-0.7935221437053315,-0.4163271704805043,-0.44054222322762643,-1.36417600641423,-0.3678827442305594,0.17907520643152947,-1.128100072887392,0.0,1.0,6.0
2012-05-03 21:00:00,-0.8411783701379995,-0.7342537669549107,-0.4796805431938048,-0.39544780255177,-0.3849955003764222,0.18666590753122062,-1.4325181964774325,0.7947006789211561,-0.7921645442642639,-0.8556238195335765,-0.2787418816831524,-0.6450182821369872,-0.5738314850480513,-0.1748160126992982,0.9780953112787992,-0.7515235945682827,-0.3990224450530089,-0.4045662196705849,-0.9981467469309481,0.9979537833748633,0.17907520643152947,-1.128100072887392,0.0,1.0,6.0
2012-05-04 01:00:00,-0.8951403258917154,-0.7432798467969945,-0.47723889872279107,-0.3093851471137985,-0.4092173539357937,0.2340407830401917,-1.2363981682984548,0.6694003260956577,-0.6822013366474571,-0.7605189692717971,-0.28910124956791766,-0.5530545583488075,-0.5672033247760407,0.12764102909126973,1.123716741430753,-0.6925903107453476,-0.4003704202667193,-0.33750033333541346,0.3678930465174731,1.3639285779396655,-1.4379966940383093,-1.1281000728873922,0.0,1.0,4.0
2012-05-04 05:00:00,-0.9010592212833846,-0.9752163752638188,-0.49933223523675024,-0.3072895231127501,-0.43327601056094955,0.33193663247307925,-1.347913605805731,1.0965651751949148,-0.719553183443367,-0.7512808150880443,-0.2911206206966761,-0.6990498557681155,-0.8877707215775529,-0.3205493804042893,1.1403958356278534,-0.8608101921473451,-0.3961753729803633,-0.46137206348109566,1.367903580482612,0.36406684489904434,-1.4379966940383093,-1.1281000728873922,0.0,0.0,3.0
2012-05-04 09:00:00,-0.8790952581417634,-0.6210001271619345,-0.4813196316395168,-0.19649323307928243,-0.4487063947255399,0.448567170357718,-1.4810651628315428,1.109972083005534,-0.6783973016193616,-0.7123215438803152,-0.3527821498619429,-0.6459529803097621,-0.4577870713663911,-0.10685967039276519,1.0792244326739833,-0.5428926743978336,-0.38176342402883484,-0.4158634075734991,1.00187432099933,-1.0017696827063787,-1.4379966940383093,-1.1281000728873922,0.0,1.0,2.0
2012-05-04 13:00:00,-0.6721609833953727,-1.3862158436027503,-0.5749691259035363,-0.41166518118789847,-0.48089331643837296,0.6239730751702831,-1.7530631770992944,1.3216886737161815,-1.0042270035304022,-0.8225983247908057,-0.38976039738510987,-0.9981320875662735,-1.4859229595545227,-0.5949394648021765,0.5862371654964695,-1.463974526887236,-0.34972253376434387,-0.6339397509445116,-0.36416547244909103,-1.3677444772711809,-1.4379966940383093,-1.1281000728873922,0.0,1.0,1.0
2012-05-04 17:00:00,-0.7385112427375004,-1.4235836850344292,-0.6487733267224378,-0.5298078884447842,-0.5222806136072192,0.7892190666018538,-1.7881357086396816,1.2348649190680867,-1.2438374657374376,-1.0021379978019416,-0.46859250096011196,-1.5785609097840425,-1.563383887095696,-0.5590091501140669,0.7296528734179953,-1.4627385241837394,-0.28819408759857124,-0.900003010429781,-1.36417600641423,-0.3678827442305594,-1.4379966940383093,-1.1281000728873922,0.0,1.0,0.0
2012-05-06 21:00:00,-0.4399848229896698,-2.2274590990564787,-0.9038026323272594,-1.1173972813372162,-0.6094264950687589,1.070677735380688,-2.035497204746331,3.3739453589683635,-1.5780660952422336,-1.310227037432494,-0.07938630740601214,-3.2912703309030484,-1.4001885855015097,-1.4673004765574102,0.16692900739888894,-2.429053465366475,-0.009107533380130274,-1.883137458887287,-0.9981467469309481,0.9979537833748633,-2.0863921832865144,0.8445865525059428,0.0,0.0,0.0
2012-05-07 01:00:00,-0.518815863401028,-2.2119836173758043,-1.0919919011794639,-1.4056111753218645,-0.7190170631120325,1.3320322135324631,-2.0605563255432657,3.192409114688811,-1.5434115225818585,-1.4948692544747115,0.12555243337296998,-2.5496324135517896,-1.3882098408572079,-1.706169342354592,0.29672320441672245,-1.965680237115574,0.20369272043937728,-1.8501053709380058,0.3678930465174731,1.3639285779396655,-0.6294607438033901,1.3317999135043364,0.0,0.0,28.0
2012-05-07 05:00:00,-0.49701055006677125,-1.5902695759883863,-1.1641386191661618,-1.3204550231017564,-0.8219760870591408,1.4166914236068475,-1.1933611625828164,2.6929978649217654,-1.3039168664298344,-1.5154432757057499,0.19849837370712228,-1.6379357503467706,-0.8880972519581203,-1.2040347828684512,0.25965650571184856,-1.3726406334780317,0.26951403034428406,-1.424614805979671,1.367903580482612,0.36406684489904434,-0.6294607438033901,1.3317999135043364,0.0,0.0,27.0
2012-05-07 09:00:00,-0.4890724502784711,-1.2631942140051693,-1.1709707193094487,-1.074622823610041,-0.9057909032340042,1.4143476880802175,-0.76959877411919,2.275556800601787,-1.0192782743275517,-1.3240879632583797,0.16493838009899517,-1.1199907000578728,-0.5976126943340827,-1.0779804335587972,0.24638985577263783,-1.0503350431074479,0.25102685819696974,-1.0703494668340277,1.00187432099933,-1.0017696827063787,-0.6294607438033901,1.3317999135043364,0.0,0.0,26.0
2012-05-07 13:00:00,-0.5019018764526885,-0.7892894043019003,-1.105224519489318,-0.6804868416745751,-0.9589123393541341,1.3456649286998812,-0.4134744104527538,1.945662686096655,-0.5758580795413567,-0.9927520169962062,0.1587080778259519,-0.7033766189729097,-0.13792836860947294,-0.7897812867112052,0.26789101861481673,-0.6205958262290884,0.21410691096299472,-0.712960294298815,-0.36416547244909103,-1.3677444772711809,-0.6294607438033901,1.3317999135043364,0.0,0.0,25.0
2012-05-07 17:00:00,-0.5782040688288823,-0.8877198304461369,-1.0599941004396731,-0.42099716173092766,-0.991825990009765,1.2818880807038546,-0.48577752998517915,1.8063729656365894,-0.36237913546465084,-0.6703250779213482,0.1853602097488911,-0.5946524424332211,-0.2861653335825669,-0.8720806935391903,0.4025649896583129,-0.6809114459190084,0.15939243926494504,-0.6258711295703571,-1.36417600641423,-0.3678827442305594,-0.6294607438033901,1.3317999135043364,0.0,1.0,24.0
2012-05-07 21:00:00,-0.61181139800516,-0.9946981501269505,-1.032862693484085,-0.2626490063443165,-1.0124082618088392,1.2410857902675354,-0.6119373838675939,1.8336998561147855,-0.30653267322850275,-0.42624735809820696,0.17856495018734578,-0.5912347322785073,-0.4401462599103965,-0.8305854772989654,0.46584966051220145,-0.7351279364721166,0.10613622705804675,-0.6444349696549873,-0.9981467469309481,0.9979537833748633,-0.6294607438033901,1.3317999135043364,0.0,1.0,24.0
2012-05-08 01:00:00,-0.670793917066656,-1.085226843241961,-1.0170119738721688,-0.16666284929975173,-1.0255156017742484,1.2261887697886813,-0.6959633000151305,2.0180149188638636,-0.46174601604520443,-0.38717000396300577,0.17820999545983976,-0.6675444126385699,-0.5755727723852828,-1.0489688194363296,0.5834085631856049,-0.7663921124006149,0.04419544888571125,-0.7484001764721158,0.3678930465174731,1.3639285779396655,0.8274706956797339,0.8445865525059431,0.0,1.0,22.0
2012-05-08 05:00:00,-0.679480965460498,-1.2621972514373279,-1.0271669530889331,-0.16062993658324312,-1.0381531280425285,1.2439311820651704,-0.8415588017308757,2.2154934819927443,-0.6604459164136574,-0.48924213199420646,0.19200387903564797,-0.7303029445876241,-0.8464257973350902,-0.6813912594725512,0.6014664766181207,-0.8899173342118215,0.03705090496945884,-0.8333214415661987,1.367903580482612,0.36406684489904434,0.8274706956797339,0.8445865525059431,0.0,1.0,21.0
2012-05-08 09:00:00,-0.6430432423397743,-1.3596289684018452,-1.042859045284518,-0.17086892113375007,-1.0515880162838007,1.287260129079378,-1.0310267858236437,2.2123576609065485,-0.8589693591302991,-0.6784225161784718,0.21157854644575338,-0.7524495173925816,-0.9999091781399823,-0.7402379527473507,0.5270266911569884,-0.9157761583713531,0.07675939432540849,-0.8739054673308194,1.00187432099933,-1.0017696827063787,0.8274706956797339,0.8445865525059431,0.0,0.0,20.0
2012-05-08 13:00:00,-0.6287774663488648,-1.2288673278926259,-1.0308128460897312,-0.10359007749748925,-1.0597835576701367,1.3397663928019932,-1.1790865910555612,2.0270547103439513,-0.9737073703778274,-0.8537422372828728,0.20870931791320974,-0.7361328634513594,-0.8990916632975632,0.28438054470778906,0.4987913235552718,-0.7622155398749,0.09810639285540472,-0.8597544901813777,-0.36416547244909103,-1.3677444772711809,0.8274706956797339,0.8445865525059431,0.0,1.0,19.0
2012-05-08 17:00:00,-0.6278403655222511,-1.2676489927536185,-1.0166122304358935,-0.04390529051475107,-1.063331140143026,1.3149701439118957,-0.8305249242776962,1.6776309129175155,-1.0115975973479392,-0.9739931395155081,0.13501352776999262,-0.5697661343029108,-0.9532622682875109,0.24492967978027524,0.4969539065380946,-0.7383194085453962,0.0859051012607882,-0.6665266082186575,-1.36417600641423,-0.3678827442305594,0.8274706956797339,0.8445865525059431,0.0,1.0,18.0
2012-05-08 21:00:00,-0.6825216272645998,-1.4134065991796014,-1.0195711223784438,-0.0428448562250546,-1.0667961411867424,1.3199750659726455,-0.9111978675046225,1.9363535897967763,-0.9500634001644358,-1.005188036812388,0.10063379859537241,-0.7471441941563854,-0.8264054280790067,-0.17496875924079672,0.6078342899618951,-0.8259748264308906,0.09021115948439437,-0.8355877375582987,-0.9981467469309481,0.9979537833748633,0.8274706956797339,0.8445865525059431,0.0,1.0,18.0
2012-05-09 01:00:00,-0.7026806732378192,-1.6435033767053167,-1.0540597331382338,-0.12778221317549318,-1.0768756476225374,1.3629967330831387,-1.0287795932558044,2.314574921095577,-1.0902368636474065,-1.0450932329518339,0.061497368244581845,-0.9291465346179787,-1.2943291521495457,-0.554066848432763,0.6506826829720944,-1.02451715561471,0.1138686302337616,-0.982900153914545,0.3678930465174731,1.3639285779396655,1.1873030452467948,-0.2501719323160819,0.0,1.0,16.0
2012-05-09 05:00:00,-0.7144558590063513,-1.5856539551347828,-1.0645397365155536,-0.13040974976473144,-1.087159773739959,1.3863388647564647,-1.0397914297047228,1.9837126456984595,-1.2823020533068437,-1.1377952100030138,-0.01727588440137962,-0.8485472853694176,-1.4948152938792485,-0.803906439021538,0.6762298379365141,-0.9230821577431714,0.1157343304395289,-0.8770762604642514,1.367903580482612,0.36406684489904434,1.1873030452467948,-0.2501719323160819,0.0,1.0,15.0
2012-05-09 09:00:00,-0.6597382738641143,-1.8917917095953178,-1.1234715905295725,-0.2643390293704157,-1.1078736562556863,1.4617399622547136,-1.231050029541542,2.4558702907077685,-1.5382170923514649,-1.339206782201019,-0.07682701717937031,-1.1669052752465274,-1.547991489222037,-1.0121418184568187,0.5607114177006886,-1.2768307321342214,0.13473834171325208,-1.1011624763147971,1.00187432099933,-1.0017696827063787,1.1873030452467948,-0.2501719323160819,0.0,0.0,14.0
2012-05-09 13:00:00,-0.6243951098934798,-1.6517308564220512,-1.13758926872143,-0.24955254744763367,-1.127436039973715,1.559070363911165,-1.3830884016588598,2.5387689606263963,-1.3963174312946323,-1.4440232088731852,-0.16676622893687174,-1.2950233907951456,-0.8942244225416948,-0.8256685774206384,0.4902167887740553,-1.0675885612794964,0.130753146003976,-1.1435604571845324,-0.36416547244909103,-1.3677444772711809,1.1873030452467948,-0.2501719323160819,0.0,0.0,13.0
2012-05-09 17:00:00,-0.6064112136543279,-1.8335778455031524,-1.173435788898122,-0.2968429508243357,-1.1506811687094787,1.596681614601085,-1.1822956032339365,2.1010246961973493,-1.3365908275842828,-1.4626142464287983,-0.33614376387873607,-1.2017402388395118,-1.3264082910016757,-0.9235107865531569,0.45550679847163994,-1.3639477753248819,0.10402072839403008,-1.0209506069074792,-1.36417600641423,-0.3678827442305594,1.1873030452467948,-0.2501719323160819,0.0,0.0,12.0
2012-05-09 21:00:00,-0.6660950932762573,-1.5247428149443283,-1.1632349683368541,-0.20939018668334472,-1.1671159044599704,1.6366793872668193,-1.2447736127774538,2.0131199070503736,-1.1555637201103177,-1.3315756789017075,-0.3938578407327849,-1.218355067363416,-1.03756178595056,-0.6450351359734194,0.57372332369757,-1.0626570662029375,0.05523375903003412,-1.0029022837221822,-0.9981467469309481,0.9979537833748633,1.1873030452467948,-0.2501719323160819,0.0,0.0,12.0
2012-05-10 01:00:00,-0.707627981940562,-1.300769940104125,-1.1234907004006962,-0.059046495991562434,-1.1718426098637438,1.6124370526413463,-0.9307311336932768,1.7879554119443632,-1.1301459709819506,-1.2404260134180662,-0.4959128287060096,-0.9347774312018977,-0.8225557408372866,-0.46575186211487574,0.6613688821114342,-0.8383661813746991,-0.05039183996242517,-0.8060888434065342,0.3678930465174731,1.3639285779396655,0.17907520643152947,-1.128100072887392,0.0,0.0,10.0
2012-05-10 05:00:00,-0.7326220121081607,-1.3750219901968255,-1.0918179798416383,0.03926748122895967,-1.1689131041986784,1.5424660201500142,-0.7221090397507025,1.5285826257584023,-0.9578500092470511,-1.1107272889346644,-0.462706238061204,-0.7827815183030777,-0.8405971997767515,-0.5826277919159553,0.7164178018256292,-0.906518587253753,-0.16511170179926132,-0.7022528995954797,1.367903580482612,0.36406684489904434,0.17907520643152947,-1.128100072887392,0.0,0.0,9.0
2012-05-10 09:00:00,-0.7040669248925295,-1.1819862253279794,-1.0394622507452642,0.174192760037491,-1.1554762785951376,1.510981212319241,-0.9141691299908101,1.6097889527114029,-0.8061143436158805,-0.9910593360537775,-0.4427050386755031,-0.7712082258845275,-0.6097231497122984,-0.4781629234345877,0.6536701151040244,-0.717956951403081,-0.32198668363437405,-0.6760899874384193,1.00187432099933,-1.0017696827063787,0.17907520643152947,-1.128100072887392,0.0,0.0,8.0
2012-05-10 13:00:00,-0.7132180278313827,-0.9874299006969768,-0.971309788277069,0.32511255759604507,-1.1302865582634858,1.4356128562086996,-0.7411839140003825,1.3172270633360343,-0.6554353735970894,-0.828496031549459,-0.43874898594340966,-0.4970503560068053,-0.3976965966508025,-0.28440102990803096,0.6735259157785808,-0.518053491630816,-0.4742712019262657,-0.4775320453634494,-0.36416547244909103,-1.3677444772711809,0.17907520643152947,-1.128100072887392,0.0,1.0,7.0
2012-05-10 17:00:00,-0.730553207550534,-1.3327485211911347,-0.9562966678034973,0.3012674715363715,-1.106953776456638,1.3901480677791505,-0.8720841756499756,1.3883619667170792,-0.7377030086984353,-0.7531073124371223,-0.4317736957697455,-0.7097349385604526,-1.0725616009074799,-0.3117860774373197,0.7117927755386823,-0.9105837745839905,-0.5676887225686525,-0.6230965290918182,-1.36417600641423,-0.3678827442305594,0.17907520643152947,-1.128100072887392,0.0,0.0,6.0
2012-05-10 21:00:00,-0.7835792336417168,-1.1450640726743258,-0.9191039649693049,0.3425373609490786,-1.0804070977750602,1.366941990371006,-0.948761524686788,1.4939597996450222,-0.8303231517355812,-0.761397550463679,-0.523907534464831,-0.775024208137025,-0.8708778065319204,-0.26421085837451663,0.8344431503955423,-0.7143302413773609,-0.5351842506013527,-0.6511788323687208,-0.9981467469309481,0.9979537833748633,0.17907520643152947,-1.128100072887392,0.0,0.0,6.0
2012-05-11 01:00:00,-0.7662191009072621,-1.38369407360225,-0.9149749827169192,0.2855938733470363,-1.0582948990362389,1.3886786507530022,-1.1085781526744034,1.7829755755069927,-1.0633327462258717,-0.9010808546883063,-0.5915295052707741,-0.9550380508762472,-1.0546977487693665,-0.1345202403203357,0.7933268587621857,-1.0305238022321177,-0.4881254638821071,-0.7470958225443717,0.3678930465174731,1.3639285779396655,-1.4379966940383093,-1.1281000728873922,0.0,0.0,4.0
2012-05-11 05:00:00,-0.7280046601783062,-0.9892656434523658,-0.8701712095821863,0.35070659687902755,-1.0311120402679728,1.3700588576085007,-1.0433373397284609,1.346422856581084,-0.8219316678420724,-0.9299247213299786,-0.6841469994199935,-0.7540935387836053,-0.3918995579226835,-0.07784056653413346,0.7061124623095192,-0.6222353884964223,-0.46304501345798277,-0.5972061545612347,1.367903580482612,0.36406684489904434,-1.4379966940383093,-1.1281000728873922,0.0,0.0,3.0
2012-05-11 09:00:00,-0.7228206006107274,-1.2180403233348458,-0.8578056232189306,0.31453932192895157,-1.0067457117493313,1.331442343297917,-1.0544660010308018,1.0350958886116266,-0.8709211589797484,-0.9438273943485704,-0.7556542299115456,-0.7140551416962667,-1.0090101104379579,-0.053652848064078024,0.6946163157896742,-0.9855971200447075,-0.4648547454955695,-0.5461941339560631,1.00187432099933,-1.0017696827063787,-1.4379966940383093,-1.1281000728873922,0.0,0.0,2.0
2012-05-11 13:00:00,-0.7113785357695992,-0.8327679699313097,-0.8064451987424687,0.39170221898058816,-0.9763703147013466,1.287489705447985,-1.1526085728823474,0.7325304362714754,-0.5565083058722889,-0.7702667949406042,-0.8222340465646403,-0.5423511312171311,-0.1681694185331905,-0.02036292978424686,0.6695157340313552,-0.4850292611670724,-0.5248293732957067,-0.4388358564982595,-0.36416547244909103,-1.3677444772711809,-1.4379966940383093,-1.1281000728873922,0.0,0.0,1.0
2012-05-11 17:00:00,-0.740523532730232,-1.1500127564407447,-0.8017484436615555,0.3264705496990627,-0.9510748405952627,1.2542504864253743,-1.245752550891959,0.6268725019792318,-0.8154760672148228,-0.7680560927226485,-0.8476682497786198,-0.8832220712881961,-1.122093170489568,-0.3211594633775489,0.734198755672336,-1.0750940481613216,-0.5967335161456423,-0.5549583022968384,-1.36417600641423,-0.3678827442305594,-1.4379966940383093,-1.1281000728873922,0.0,0.0,0.0
2012-05-13 21:00:00,-0.7363390666211315,-1.3485770650499869,-0.8202642765394194,0.21112866599886848,-0.9347616275231855,1.3012858107666336,-1.367529951627212,1.368775780356451,-0.828129331806242,-0.7534021522599225,-0.8810193366477664,-1.71470485815585,-1.0446876516688612,-0.4120461133845071,0.7247593192245,-1.4732252500798402,-0.6334744162736564,-0.8262674051561486,-0.9981467469309481,0.9979537833748633,-2.0863921832865144,0.8445865525059428,0.0,0.0,0.0
2012-05-14 01:00:00,-0.7693825644432235,-1.5106377661800081,-0.8527919889973022,0.0807317946516764,-0.9286030841936512,1.3507619356431313,-1.4449200051684818,1.2423774843632742,-1.2835067463825685,-1.0023607167198234,-0.8962468698501387,-1.8678603598124957,-1.4521658422851158,-0.6138014131876041,0.80074771095715,-1.7769335600557299,-0.6513149936954958,-0.8280844281820626,0.3678930465174731,1.3639285779396655,-0.6294607438033901,1.3317999135043364,0.0,0.0,28.0
2012-05-14 05:00:00,-0.7628211058192568,-1.7272351199668567,-0.9083840571665035,-0.08633894206915046,-0.9354551916375252,1.4312457322378453,-1.5541672318346382,1.4708921661093117,-1.4449229606849292,-1.2179130291733,-0.8335736081743714,-2.085238214601852,-1.5772273850237557,-0.8754128407900106,0.7853908915871398,-2.0489062314920705,-0.6333841222787078,-0.9245088284354798,1.367903580482612,0.36406684489904434,-0.6294607438033901,1.3317999135043364,0.0,0.0,27.0
2012-05-14 09:00:00,-0.6973892987341374,-1.9110760105178313,-0.979336782727721,-0.2617886353356941,-0.9559704619559785,1.5559594545607518,-1.7018748351231017,1.8945440261260866,-1.5510081548187171,-1.4654608422460902,-0.6898587923382673,-2.133105377205539,-1.3438087883803564,-0.8214118972215093,0.6393284271804062,-2.0399264753389934,-0.5726369438250108,-1.080797645288061,1.00187432099933,-1.0017696827063787,-0.6294607438033901,1.3317999135043364,0.0,0.0,26.0
2012-05-14 13:00:00,-0.7281647931251727,-1.9165229026354833,-1.025088130315293,-0.33358076416696286,-0.9820765516772573,1.678415122659915,-1.764592653914593,1.7823358985492084,-1.4847962140147897,-1.534391852424656,-0.5999323178149971,-1.920784311722473,-1.2654725797722743,-0.8963988032079304,0.7064688152938446,-1.7237222998430912,-0.5026790604820207,-1.1348364228057908,-0.36416547244909103,-1.3677444772711809,-0.6294607438033901,1.3317999135043364,0.0,0.0,25.0
2012-05-14 17:00:00,-0.7226536623831651,-2.1099869455665776,-1.0909645429762054,-0.4457705179618066,-1.01691942999257,1.7513764781827017,-1.6473122511881768,1.4375905376053564,-1.5155365264650476,-1.5585732687639726,-0.4369835059639633,-1.6081721056844538,-1.6639037330105584,-0.9273699603930479,0.6942474070549183,-1.7764812582899783,-0.47541028583803935,-1.1123254819255965,-1.36417600641423,-0.3678827442305594,-0.6294607438033901,1.3317999135043364,0.0,0.0,24.0
2012-05-14 21:00:00,-0.7614091856812942,-1.9511235972712835,-1.1193870246255675,-0.4336180866994933,-1.0508159364757763,1.8292520673629171,-1.7062144937662285,1.411148792487046,-1.5350745616925754,-1.5531168547604046,-0.3410248024918369,-1.4086171829503373,-1.3988988445761064,-1.02325105557477,0.782103991856552,-1.4363479285412808,-0.42484780453618365,-1.095548548881051,-0.9981467469309481,0.9979537833748633,-0.6294607438033901,1.3317999135043364,0.0,0.0,24.0
2012-05-15 01:00:00,-0.7958182917813079,-1.977092332808217,-1.1341845562051072,-0.38682553076263193,-1.0810684678617344,1.9036962975943035,-1.7649338609813685,1.2376818486227488,-1.590235891130897,-1.5892243746520796,-0.24741602297049364,-1.214201229075115,-1.4210071922960477,-0.8941182874092034,0.8640185057686036,-1.297002423232355,-0.36762421251975064,-1.0254074720737723,0.3678930465174731,1.3639285779396655,0.8274706956797339,0.8445865525059431,0.0,0.0,22.0
2012-05-15 05:00:00,-0.7542270907056026,-1.3110965043884006,-1.086611650421272,-0.17969470143803953,-1.0951906646502465,1.7934690414370626,-0.9454117816706821,0.8426038307944477,-1.3000686382460704,-1.5154380043531954,-0.2301375490352482,-0.8023384455151656,-0.8457390567042622,-0.8246630561209489,0.7654800706211774,-0.8249363716226347,-0.3729342028451369,-0.713805444818329,1.367903580482612,0.36406684489904434,0.8274706956797339,0.8445865525059431,0.0,1.0,21.0
2012-05-15 09:00:00,-0.6726805871828409,-1.8102523829888095,-1.1262330195976782,-0.2512272407240243,-1.1148834652790962,1.7393385457763932,-1.1775662988505025,0.9578222619454172,-1.4014700598584497,-1.469685519714222,-0.1508864067187731,-1.0155631645174579,-1.6848134695576522,-1.0386164481851707,0.5873135615952603,-1.3664456971250618,-0.3189758918515672,-0.9187731503874802,1.00187432099933,-1.0017696827063787,0.8274706956797339,0.8445865525059431,0.0,1.0,20.0
2012-05-15 13:00:00,-0.6045340284747395,-2.089365540187975,-1.2108794978928044,-0.43095708270131217,-1.1485727458027688,1.7811092953217278,-1.3657201235552092,1.8692516984052092,-1.4143458679047505,-1.4094524775986648,-0.006289528117370053,-1.4023629040380607,-1.4573122240239562,-1.207597917069463,0.45192731659826674,-1.5917610194094074,-0.17997309517856902,-1.33296222574848,-0.36416547244909103,-1.3677444772711809,0.8274706956797339,0.8445865525059431,0.0,1.0,19.0
2012-05-15 17:00:00,-0.5630337654716764,-2.342360241176048,-1.3385196293847443,-0.6917176044045921,-1.2025687787234352,1.863616990285764,-1.5094712713388718,2.2590688226980022,-1.6835707076254025,-1.5407816790658166,0.18798046501328022,-1.5927074764730729,-1.604853848789679,-1.4372546815341125,0.3748218924922942,-1.7543840488574385,0.007682618848789622,-1.6206936660347466,-1.36417600641423,-0.3678827442305594,0.8274706956797339,0.8445865525059431,0.0,0.0,18.0
2012-05-15 21:00:00,-0.6504354165793924,-2.353487086569991,-1.427044600937766,-0.7939019344852314,-1.2645224268392472,1.9402312784666547,-1.538291012290288,2.152990041971528,-1.6628762855147445,-1.6302995033882364,0.3013070655263494,-1.499749541288916,-1.626462828680087,-1.2669279374809834,0.541855040539358,-1.5397299252011352,0.17686568016685184,-1.6029361614189133,-0.9981467469309481,0.9979537833748633,0.8274706956797339,0.8445865525059431,0.0,0.0,18.0
2012-05-16 01:00:00,-0.658051578725125,-2.431918475868069,-1.5052429802123324,-0.8475529224089333,-1.330654151147361,2.0441139063184792,-1.6289684340581092,2.5536710478365907,-1.6750350922321176,-1.719571792628847,0.43723517045946336,-1.4710693881186416,-1.4915955763433122,-1.2082127810096137,0.5572762754116298,-1.4585776615619959,0.3239869787686716,-1.6284334853653362,0.3678930465174731,1.3639285779396655,1.1873030452467948,-0.2501719323160819,0.0,0.0,16.0
2012-05-16 05:00:00,-0.582427855309154,-2.4267683509289495,-1.5491679406895136,-0.7972229803147202,-1.3928664260480788,2.161975638198316,-1.7721747646706834,2.4638830805703846,-1.5351791451244248,-1.6687555207916271,0.5053583323055846,-1.3478387036349622,-1.2105116390562685,-1.2010256004869941,0.410378915722347,-1.2947556856845037,0.43415040186934595,-1.5449813291250307,1.367903580482612,0.36406684489904434,1.1873030452467948,-0.2501719323160819,0.0,0.0,15.0
2012-05-16 09:00:00,-0.5036837325394814,-1.7330528129675578,-1.512891747306162,-0.5387486291387934,-1.4349499843163165,2.1890710323577305,-1.4580005673927947,1.8648965114353935,-1.2272783366406732,-1.5195862323991403,0.5083315126837311,-1.0277161436963915,-0.7582960634678007,-0.7477856253469745,0.2709021903541209,-0.9204242073679748,0.47727579435558326,-1.2061156935423663,1.00187432099933,-1.0017696827063787,1.1873030452467948,-0.2501719323160819,0.0,0.0,14.0
2012-05-16 13:00:00,-0.4476083777344773,-1.6979980007692324,-1.4645878208406466,-0.2992442272891387,-1.4583821127032885,2.2142310412200445,-1.6017086372455562,1.3944412421701302,-0.9373558157629733,-1.2669700458050235,0.44344643328376293,-0.9082235997612259,-0.6741209540710317,-0.7864337961323008,0.17898657250751182,-0.8317567115997007,0.47220650033743883,-1.0988822021943074,-0.36416547244909103,-1.3677444772711809,1.1873030452467948,-0.2501719323160819,0.0,0.0,13.0
2012-05-16 17:00:00,-0.4425677383277639,-1.9434122882089693,-1.4621465551254587,-0.2324233174182846,-1.4766105558743163,2.2375939065921937,-1.6971808042087175,1.0818952309265657,-0.8909047494705996,-1.0463400970699703,0.42188623809178305,-0.9065329236248049,-1.0795367573653047,-1.011460298536764,0.17100283627401702,-1.0185869089553479,0.4836512277378122,-1.150759100147691,-1.36417600641423,-0.3678827442305594,1.1873030452467948,-0.2501719323160819,0.0,0.0,12.0
2012-05-16 21:00:00,-0.46629412420435196,-1.4336663802775063,-1.4014823683015551,-0.02055432053018986,-1.4783396791624763,2.246895502400075,-1.7110571647551527,0.8507428644335359,-0.8628519560600955,-0.9215433114028965,0.27972047933162575,-0.7106294546261942,-0.6791975283574218,-1.0294588576974724,0.20897499861658117,-0.7292563012873201,0.46319336603595596,-0.9310328318343518,-0.9981467469309481,0.9979537833748633,1.1873030452467948,-0.2501719323160819,0.0,0.0,12.0
2012-05-17 01:00:00,-0.5457709936690179,-1.3588869502292278,-1.3317545348832625,0.17360114470667665,-1.464948925663557,2.238053738915903,-1.6643915273556567,0.7467937011259215,-0.8431014301627142,-0.8892661630274198,0.14932414545332354,-0.5598219098061599,-0.618431752525867,-0.5736007294324937,0.34385116253231157,-0.6346904370587433,0.43040229892196014,-0.7582043804718115,0.3678930465174731,1.3639285779396655,0.17907520643152947,-1.128100072887392,0.0,0.0,10.0
2012-05-17 05:00:00,-0.5545505238867678,-1.5926738208328868,-1.3042272625056917,0.21410670499408951,-1.4484037974990054,2.2689527328187795,-1.746171332792555,1.0650503599183345,-0.8209166133275142,-0.8652989233024256,0.04853368443456836,-0.6522172137206692,-1.0169837528328103,-0.4585580705878955,0.35952373264125154,-0.8424846389681968,0.3786267309293525,-0.8570011669887639,1.367903580482612,0.36406684489904434,0.17907520643152947,-1.128100072887392,0.0,0.0,9.0
2012-05-17 09:00:00,-0.5065202517940329,-1.6689584553519792,-1.2825202521966637,0.23067544964121686,-1.430568376644132,2.3619443849686266,-1.8572117785171547,1.853894254071252,-0.9187709160039353,-0.8844482133393309,-0.04556745955570261,-0.8804576222022856,-0.9551105856665117,-0.1675803039902599,0.27570830601812085,-0.8786159592894688,0.332361363469496,-1.0816207177995374,1.00187432099933,-1.0017696827063787,0.17907520643152947,-1.128100072887392,0.0,0.0,8.0
2012-05-17 13:00:00,-0.45655495060671325,-1.6165547313088113,-1.2471237828056467,0.28117657168078014,-1.4088001757260453,2.364320139670352,-1.5456367124621593,1.3986421391790242,-1.0171037488913501,-0.9440348163765665,-0.12712250231487182,-0.7056416126657631,-0.8956940886087951,-0.13105205166185077,0.19326701813434582,-0.7866485548680184,0.22392900709530048,-0.8745766701925364,-0.36416547244909103,-1.3677444772711809,0.17907520643152947,-1.128100072887392,0.0,0.0,7.0
2012-05-17 17:00:00,-0.43951247843598873,-1.7805908432093271,-1.2350016822110985,0.258252828429037,-1.3888171636670108,2.3665261976076684,-1.6535155478485242,1.0598554765439308,-1.0001322650418,-1.0054067105834061,-0.16895986584635236,-0.7156804778446957,-0.9691304253047868,-0.15404270897497913,0.1661852692446515,-0.9336408114684315,0.11260814849232578,-0.8500028291423825,-1.36417600641423,-0.3678827442305594,0.17907520643152947,-1.128100072887392,0.0,0.0,6.0
2012-05-17 21:00:00,-0.48460451531715065,-1.9034882197548986,-1.2352128362989487,0.206357653184635,-1.3728754937076284,2.3797191281486034,-1.7126733592137262,1.0422065057016838,-1.049959449221852,-1.0503318535873005,-0.22071416765151658,-0.8803389065960563,-1.0956048751172505,-0.27020952901359446,0.23897508674559786,-1.0389228230402365,0.04791033195506412,-0.9446737573189927,-0.9981467469309481,0.9979537833748633,0.17907520643152947,-1.128100072887392,0.0,0.0,6.0
2012-05-18 01:00:00,-0.5081689722270706,-2.0994215184047853,-1.2626375395564602,0.09079919444542774,-1.3659329505856492,2.4264763737454,-1.7821201308174515,1.381363428661583,-1.2774207702795244,-1.1394766829816916,-0.21043457972626695,-1.1585096558733614,-1.5370511551459347,-0.7259870112115144,0.2785090225253229,-1.2443148839398692,-0.007394567907137545,-1.086834867153598,0.3678930465174731,1.3639285779396655,-1.4379966940383093,-1.1281000728873922,1.0,0.0,4.0
2012-05-18 05:00:00,-0.4413573506344878,-1.5046795848958736,-1.2261362748773428,0.17228148211974648,-1.3526449659461623,2.4935494077051295,-1.8993281623474674,1.3604346760459427,-1.0760972351042748,-1.1654906726165506,-0.2917943252523529,-1.0712155900249802,-0.4014722786603882,-0.5278721350267028,0.1690923424379707,-0.8260774480039768,-0.07327191650650744,-0.9412311361229551,1.367903580482612,0.36406684489904434,-1.4379966940383093,-1.1281000728873922,1.0,0.0,3.0
2012-05-18 09:00:00,-0.4007810389890391,-1.0041747376737997,-1.1416652230620639,0.36798296964240357,-1.3241167078753775,2.42476504509624,-1.3669468295864373,0.9761054262205232,-0.603204172389783,-1.012500588749342,-0.4251447553424852,-0.5682896413836666,0.2377792188379196,-0.07353496925783859,0.10648939514372292,-0.4029852673985755,-0.15380556190543382,-0.5755784397365874,1.00187432099933,-1.0017696827063787,-1.4379966940383093,-1.1281000728873922,0.0,0.0,2.0
2012-05-18 13:00:00,-0.4183388290071097,-0.5834684129086974,-1.0228385602219665,0.6180185197817909,-1.2761169056691495,2.3155449218106634,-1.2220979056269545,0.7381178872417198,0.24076527317753596,-0.49260206228643344,-0.7285681303090192,-0.04067076308297698,0.842631532614374,-0.08529719256675226,0.13323884829039725,0.14795096327571236,-0.24116749708989538,-0.3210586279175442,-0.36416547244909103,-1.3677444772711809,-1.4379966940383093,-1.1281000728873922,0.0,0.0,1.0
2012-05-18 17:00:00,-0.29734208971162773,0.23720171715374477,-0.8206937352466672,1.0447380784544384,-1.1948862740247903,2.0108460388883764,-0.18182145389626297,0.2786662085552165,0.8729628606594444,0.17484806751965884,-0.8014410118758569,1.2592910423203234,1.3810918438633237,0.3555594877967831,-0.04136090925248889,1.6330747124712102,-0.3286838242660983,0.131209677569031,-1.36417600641423,-0.3678827442305594,-1.4379966940383093,-1.1281000728873922,0.0,0.0,0.0
2012-05-20 21:00:00,-0.27273397834008806,0.27015997318572477,-0.6486253572751128,1.3042820666173682,-1.0934436276577808,1.7093047969928605,-0.26862047195614003,0.020906999200502777,1.2536248171796647,0.8107139152734302,-0.7579307729621751,1.687893932567208,1.3111055964429963,0.5820397148841272,-0.07426245793998497,1.5808348769970353,-0.4016059872290366,0.27197723905591664,-0.9981467469309481,0.9979537833748633,-2.0863921832865144,0.8445865525059428,0.0,0.0,0.0
2012-05-21 01:00:00,-0.32721370037375036,0.33062487792059136,-0.49868465668171946,1.4517125213798305,-0.9805198194911177,1.4125693973488267,-0.11479603791604966,-0.10785229472440924,1.3743533128320453,1.1989079406185361,-0.6635233858446419,1.8701413770669595,1.183041381018536,0.6912686522085387,-0.0002933024471326248,1.432673516827695,-0.456075802919089,0.4372391462162172,0.3678930465174731,1.3639285779396655,-0.6294607438033901,1.3317999135043364,0.0,0.0,28.0
2012-05-21 05:00:00,-0.36075782592388794,-0.007736098454951646,-0.41271014362720404,1.3956184014826167,-0.8719643466700023,1.195938300988439,-0.2674844344462383,0.3945643625552875,1.1676515029625414,1.2998232346031027,-0.6255369078539975,1.0828150805203427,0.7982689454057442,0.49266031863014925,0.0473671447457542,0.884175251619248,-0.6077683502125231,0.15198727105972992,1.367903580482612,0.36406684489904434,-0.6294607438033901,1.3317999135043364,0.0,0.0,27.0
2012-05-21 09:00:00,-0.3846463810499126,-0.40391467960812816,-0.3895334554071247,1.1798834899647774,-0.7802092522304162,1.0353471826962137,-0.4238052785352892,0.5873714172238915,0.8061422494234157,1.1465840920112265,-0.6254634985934295,0.5628163164458782,0.2917827801603193,0.4007857886228477,0.08235088950535575,0.2725379559235602,-0.7308659650744889,-0.06110151826679223,1.00187432099933,-1.0017696827063787,-0.6294607438033901,1.3317999135043364,0.0,0.0,26.0
2012-05-21 13:00:00,-0.3033009517815612,0.17046853634574577,-0.2961580603999843,1.1982914127387108,-0.6870206389150755,0.831662395371557,-0.31354140928128,0.2111797560316735,0.7518359566433116,0.9334047800455242,-0.5809344468111647,0.761185539512617,1.0299176566420134,0.8604818084163214,-0.0332690134298833,0.9892010818078054,-0.746856860583757,0.08074863865007369,-0.36416547244909103,-1.3677444772711809,-0.6294607438033901,1.3317999135043364,0.0,0.0,25.0
2012-05-21 17:00:00,-0.2823704377933457,0.6184308178642955,-0.15167893874152097,1.3520601957303697,-0.5818572658385476,0.6213039067671438,0.16132502777873514,-0.035890205580568255,1.0094243678582207,0.8792203441249664,-0.4564071792166309,1.333315195858941,1.524573299141865,1.3936933542194478,-0.061476098263134986,1.4810513085477939,-0.6597021366959799,0.48299448751509805,-1.36417600641423,-0.3678827442305594,-0.6294607438033901,1.3317999135043364,0.0,1.0,24.0
2012-05-21 21:00:00,-0.35667799323620325,0.35133636472908597,-0.06884184609034222,1.3073602828123365,-0.4801749030693488,0.42597102449161717,0.05421997446314294,-0.13386099835405646,1.3362831409901725,1.0607655964549618,-0.3913594470900789,1.140605590638673,1.2134040163910067,1.0235476279698341,0.04148043258177222,1.0424667251442805,-0.5818340339787881,0.4611776419792465,-0.9981467469309481,0.9979537833748633,-0.6294607438033901,1.3317999135043364,0.0,1.0,24.0
2012-05-22 01:00:00,-0.427887297894982,0.12116455282339943,-0.03203516270294799,1.146361332600086,-0.3910303500758809,0.22756026723361877,-0.04959313556322362,0.1699524851177479,1.3021007037447125,1.2492022063259545,-0.3698405634156903,0.7596732711873385,0.9335357857511829,0.6785911967587768,0.14800183672272918,0.6960749463393117,-0.5479483624349248,0.24909776340562853,0.3678930465174731,1.3639285779396655,0.8274706956797339,0.8445865525059431,0.0,1.0,22.0
2012-05-22 05:00:00,-0.4450870920965914,-0.007225574003862142,-0.019254566099284273,0.9521922657007932,-0.3170067331003499,0.07491348050114552,-0.22752075749587747,0.252245558677216,1.0363269463293485,1.2584149184078959,-0.35307345116037986,0.6037150018618423,0.7751892868365267,0.40613019353235025,0.17498761593492915,0.5044500875823316,-0.5304634513410449,0.17412359710802897,1.367903580482612,0.36406684489904434,0.8274706956797339,0.8445865525059431,0.0,1.0,21.0
2012-05-22 09:00:00,-0.4515893363657072,-0.400273857620514,-0.06224846455417859,0.6451063932527964,-0.26689745996675995,0.018553106297276047,-0.4088986581728939,0.8653133639554383,0.6974164301166366,1.0396368160660858,-0.352990784757898,0.11332694693942606,0.2578013078247392,-0.32160390159631363,0.1853234498024625,0.01417423299706409,-0.5294738444842249,-0.16945680043464434,1.00187432099933,-1.0017696827063787,0.8274706956797339,0.8445865525059431,0.0,1.0,20.0
2012-05-22 13:00:00,-0.40049754228600437,-0.5702777225984588,-0.12032758298404013,0.35839399843131936,-0.23911594401343,0.005083094604406446,-0.6497535833323381,0.9262093140591854,0.2437169645738537,0.677196291205079,-0.36184686171930364,-0.05569372058907323,-0.345729440340638,-0.46345166084247197,0.10606164040495826,-0.22829960319629367,-0.5305052365377141,-0.26458022751351473,-0.36416547244909103,-1.3677444772711809,0.8274706956797339,0.8445865525059431,0.0,1.0,19.0
2012-05-22 17:00:00,-0.2836158785745962,-1.1397687726530588,-0.2629849722528038,-0.10109552557714452,-0.2471172219128815,0.10250049245797414,-0.9333153153267757,1.8643137191738322,-0.4546226421785298,0.16662481188186684,-0.31910294129998057,-0.8640682848096641,-1.1938709452538714,-0.9752694887491424,-0.05981443462985561,-1.0712741860598562,-0.5044344796589281,-0.8004708928535073,-1.36417600641423,-0.3678827442305594,0.8274706956797339,0.8445865525059431,0.0,1.0,18.0
2012-05-22 21:00:00,-0.28555449250597076,-1.4002151135740653,-0.4276256235280661,-0.5284989568326387,-0.28840258589805856,0.21088299446010733,-1.0714086565159688,1.8176333710873065,-1.094806206845793,-0.44711677273215955,-0.2142714027602043,-1.2075460693120328,-1.5472803261475807,-1.0669102351036925,-0.057223759771283036,-1.3986822570913622,-0.4301355600133348,-1.0582174660689967,-0.9981467469309481,0.9979537833748633,0.8274706956797339,0.8445865525059431,0.0,1.0,18.0
2012-05-23 01:00:00,-0.30439882178051725,-1.093375932022487,-0.5173939699398609,-0.6667099767607195,-0.3404511472487062,0.3115238891763739,-1.1850994563835142,1.5274430128749164,-1.3991686319870278,-1.0097183092699287,-0.17348856268372245,-1.0507834406478793,-1.2039192690333962,-0.6665902067638285,-0.03177275660781281,-1.064394467384944,-0.37326677962725374,-0.9234845072672462,0.3678930465174731,1.3639285779396655,1.1873030452467948,-0.2501719323160819,0.0,1.0,16.0
2012-05-23 05:00:00,-0.23699182180803355,-1.3275564930584647,-0.6312808087692653,-0.8429001156421633,-0.40622053375220646,0.4483104872219649,-1.3599294654776022,1.7614721626170233,-1.405285728642427,-1.3352702005847825,-0.09549778713174802,-1.226944752939194,-1.2111189026137787,-1.2442793962858105,-0.12062135185796505,-1.3505728857739756,-0.29030505720114314,-1.0687709871297142,1.367903580482612,0.36406684489904434,1.1873030452467948,-0.2501719323160819,0.0,1.0,15.0
2012-05-23 09:00:00,-0.23026666745029845,-0.8790780591295104,-0.6606557921346131,-0.7539133208010244,-0.46506006447217957,0.5753266139785851,-1.4740645074550554,1.4194587879973453,-1.1266902794537195,-1.3461888112767575,-0.1132168952794349,-1.0425921250190278,-0.7617438700528638,-1.3143071896554488,-0.12916117611375913,-0.9723454473548998,-0.246453246912639,-0.8516706352926549,1.00187432099933,-1.0017696827063787,1.1873030452467948,-0.2501719323160819,0.0,1.0,14.0
2012-05-23 13:00:00,0.07393577155196637,-1.7182869080546879,-0.8913101072476745,-1.230362427207597,-0.5610031182652365,0.7827857328467224,-1.747259698566619,2.191769045449467,-1.2413246309830444,-1.2921355785477069,0.22096341696092134,-1.6230757634326598,-1.527145877756881,-2.197311730445946,-0.46387711945532645,-2.0447571913367817,-0.08292234234264893,-1.4507217798346528,-0.36416547244909103,-1.3677444772711809,1.1873030452467948,-0.2501719323160819,0.0,0.0,13.0
2012-05-23 17:00:00,0.07013023704962659,-1.4221295258310436,-1.0210971266748585,-1.3370831085604387,-0.6652570560744582,0.9754263432242783,-1.8272648794733466,1.8408061062774925,-1.2609025398991898,-1.242691962992728,0.43457817949706107,-1.547176704055731,-1.2663213879110777,-1.8642572622985218,-0.460230827131302,-1.5371948475373065,0.09523815268772344,-1.537381632619279,-1.36417600641423,-0.3678827442305594,1.1873030452467948,-0.2501719323160819,0.0,0.0,12.0
2012-05-23 21:00:00,0.041030244790048805,-1.5016336656354492,-1.134739554967864,-1.3785336316430874,-0.7727389576240001,1.1543069100034373,-1.8907680903562458,1.5622332277997477,-1.492713017114182,-1.3680354166371014,0.6430459300093022,-1.3200569380118905,-1.4153639535372393,-1.9000920941537516,-0.43194893580848076,-1.4350480292884389,0.2505366905066636,-1.4608560670927142,-0.9981467469309481,0.9979537833748633,1.1873030452467948,-0.2501719323160819,0.0,0.0,12.0
2012-05-24 01:00:00,-0.06300565465142781,-1.4622086567993613,-1.205937742305522,-1.296212236635778,-0.8738100720863361,1.320410293441229,-1.9181511572577898,1.442110486567366,-1.4399203469177222,-1.4360439591482521,0.7666016952773754,-1.1383809695490739,-1.3782900110344716,-1.6232805009167621,-0.3246967834697782,-1.2433791253594295,0.3766483202945287,-1.3425398410146316,0.3678930465174731,1.3639285779396655,0.17907520643152947,-1.128100072887392,0.0,0.0,10.0
2012-05-24 05:00:00,0.03418830915261136,-1.5809778636450609,-1.2806304835747593,-1.2398630636680457,-0.970492988919074,1.5195946062251222,-2.0260696584971125,1.9545972506975966,-1.436672016008204,-1.4962357202437155,0.8816900630625248,-1.1383974355533146,-1.2571622923181074,-1.6614767226344904,-0.42519494975856836,-1.2344678008073644,0.5273534874889001,-1.4414298239640555,1.367903580482612,0.36406684489904434,0.17907520643152947,-1.128100072887392,0.0,0.0,9.0
2012-05-24 09:00:00,-0.010651122736910372,-1.0376312713198663,-1.254910925859932,-0.9215830714309503,-1.0423898186821203,1.7045514680958804,-2.0718408629271483,1.7016786650223377,-1.2298158252085671,-1.4062073187365247,0.8826653275540699,-0.8665407529332187,-0.8321057577727636,-0.8512554049161327,-0.3799126716557373,-0.8387570115923062,0.624143456022387,-1.0668687355657427,1.00187432099933,-1.0017696827063787,0.17907520643152947,-1.128100072887392,0.0,0.0,8.0
2012-05-24 13:00:00,0.0717560729069,-1.3862836261258737,-1.3093584364977204,-0.8850767356752064,-1.1114437138004931,1.7629510805095951,-1.6453726278487832,1.2291094875886812,-1.2140169169307213,-1.3288473266068905,0.9614625569485684,-0.8632126315969187,-1.33374291432171,-1.0140473264102858,-0.46179008937363786,-1.105916555219614,0.7201411848339557,-1.0980654729643635,-0.36416547244909103,-1.3677444772711809,0.17907520643152947,-1.128100072887392,0.0,0.0,7.0
2012-05-24 17:00:00,0.025180128641022703,-1.4663815830009221,-1.3595566937106658,-0.8443103461383967,-1.17732292214866,1.8426685598560575,-1.7107560388709395,1.4429415031696882,-1.2947237708242216,-1.2802375506026922,1.057302680480848,-1.0049023118436102,-1.4847258658605857,-1.2888442878257909,-0.41624075308936914,-1.0767306390801796,0.8227560892564847,-1.349524797561216,-1.36417600641423,-0.3678827442305594,0.17907520643152947,-1.128100072887392,0.0,0.0,6.0
2012-05-24 21:00:00,-0.0676233602295607,-1.3735139511748728,-1.3718798668710197,-0.7086471317528825,-1.2326373437495384,1.916691933534916,-1.7485849003208376,1.3061125734916745,-1.4782562834846404,-1.3653152844734247,1.049548886887649,-0.9153320479095516,-1.3495997799948174,-0.9944324900971306,-0.3196998618862666,-0.9354380662705374,0.8826428930261777,-1.2393999580337993,-0.9981467469309481,0.9979537833748633,0.17907520643152947,-1.128100072887392,0.0,0.0,6.0
2012-05-25 01:00:00,-0.11750022118529384,-1.4467086595319363,-1.3843986165274584,-0.6006486825756117,-1.2795413750337508,1.9944796986135456,-1.8054672953860689,1.2562510821132837,-1.5153717990578564,-1.4685134134744915,0.9274192538015182,-0.8702090552860539,-1.4383949847500528,-1.3382040411433012,-0.2643510281747385,-0.9407016116647844,0.8981386734330614,-1.188500714003738,0.3678930465174731,1.3639285779396655,-1.4379966940383093,-1.1281000728873922,0.0,0.0,4.0
2012-05-25 05:00:00,-0.017045054556705092,-0.7196211625086205,-1.2836818085351207,-0.20615989140326763,-1.2957245512076885,1.8747398922183813,-0.9524344934236207,0.7942286470436996,-1.149453970743243,-1.4187661803688025,0.7247174710938249,-0.5576223461789958,-0.45297249403347956,0.1701603319577214,-0.3733077738506346,-0.46751253318220054,0.8760903692556274,-0.7269067026253204,1.367903580482612,0.36406684489904434,-1.4379966940383093,-1.1281000728873922,0.0,0.0,3.0
2012-05-25 09:00:00,0.11032311856067446,-1.2808552251332976,-1.326040057609082,-0.27984586474317164,-1.3176460301199817,1.7951016826884774,-1.1879157019294395,0.6961670079014283,-1.2457866658517034,-1.3391576158087253,0.597490000385077,-0.7763108175958137,-1.6212224649378715,-0.6953330572227223,-0.49814941531717816,-1.0475758192065294,0.8926515932801847,-1.018427896521036,1.00187432099933,-1.0017696827063787,-1.4379966940383093,-1.1281000728873922,0.0,0.0,2.0
2012-05-25 13:00:00,0.09760582570756035,-1.1967968610842326,-1.332225243139639,-0.24037537891990673,-1.3364937408967972,1.7295437467811754,-1.3010614097441522,0.5546280889344596,-1.2403373784539018,-1.244972854583432,0.40822965611515777,-0.8847812750526238,-1.4230300032933336,-0.5220596480841226,-0.4862918390305041,-0.9403226491655418,0.8880095569793723,-1.0985521467895696,-0.36416547244909103,-1.3677444772711809,-1.4379966940383093,-1.1281000728873922,0.0,0.0,1.0
2012-05-25 17:00:00,-0.009524287336215916,-1.1445028081052457,-1.314906554933993,-0.1448499149188304,-1.3479023963580037,1.6686685205815381,-1.3442120329149898,0.46284927273198667,-1.560466520188512,-1.3857229423182507,0.22446553277693973,-0.9006791974758908,-1.355618650756997,-0.5117748408810138,-0.3810727881389358,-0.8561594564669968,0.7899309321755643,-1.0417579673747157,-1.36417600641423,-0.3678827442305594,-1.4379966940383093,-1.1281000728873922,0.0,0.0,0.0
2012-05-27 21:00:00,0.02261675608454224,-0.5402717750059605,-1.1978333060422655,0.20298154318055753,-1.332223641311776,1.43621266303258,-0.4560712235422294,0.18462278688366113,-0.935456953893785,-1.2794514081674073,-0.03470487239162527,-0.2664391745823901,0.14107408786725648,0.08223633862452012,-0.4136797972190967,-0.24170368306782344,0.5978663143492647,-0.4159850828125071,-0.9981467469309481,0.9979537833748633,-2.0863921832865144,0.8445865525059428,0.0,0.0,0.0
2012-05-28 01:00:00,-0.0368621585329885,-0.23053453139394836,-1.0407439327073407,0.5901221310332597,-1.2863962732431484,1.1711044012968403,-0.21135912445503283,0.04442169326224527,-0.1110759656286828,-0.8927390239708267,-0.1784193646433367,0.06297973925626078,0.9014204566098606,-0.005785357159997864,-0.35259491731703957,0.21893292528134817,0.3903652911542601,-0.20391001253901433,0.3678930465174731,1.3639285779396655,-0.6294607438033901,1.3317999135043364,0.0,0.0,28.0
2012-05-28 05:00:00,-0.015709367405275156,-0.3962203928590898,-0.9377064749022873,0.7527707573967881,-1.2279026266991557,0.9491784102126696,0.10566709521392041,-0.18598825870929936,0.4962517546447016,-0.1884216545394394,-0.2710774508626308,0.2342230036375107,0.35682161508699767,0.27421242664142964,-0.3746906482261553,0.030195231244142917,0.1439322356532579,-0.14216989759666732,1.367903580482612,0.36406684489904434,-0.6294607438033901,1.3317999135043364,0.0,0.0,27.0
2012-05-28 09:00:00,-0.06487550721049198,-0.43433216610440334,-0.8536549399640669,0.8312329730627238,-1.1632987270553448,0.7289320267109297,-0.045949571654517414,-0.2141739557969666,0.536896687736938,0.315781695250978,-0.44026340088695015,0.11250117924735845,0.2556778144983245,0.3487170732587689,-0.3226759131767278,0.06431158320740721,-0.07155460379711741,-0.2605721697520104,1.00187432099933,-1.0017696827063787,-0.6294607438033901,1.3317999135043364,0.0,0.0,26.0
2012-05-28 13:00:00,-0.0698131091104191,-0.8255896285151989,-0.8562150951211048,0.6583506331988476,-1.112158057376319,0.5552645960153265,-0.24324543901836873,0.3690212648494259,-0.08198424079330581,0.32574407432787705,-0.5438181226703068,-0.5988368564587845,-0.8435955971626374,-0.09200882494594388,-0.31732290438840255,-0.6550492985670675,-0.3003309827375259,-0.611211134138929,-0.36416547244909103,-1.3677444772711809,-0.6294607438033901,1.3317999135043364,0.0,0.0,25.0
2012-05-28 17:00:00,-0.18360708011086566,-0.6839965500336975,-0.8282688527585383,0.6030462246113648,-1.065324224193525,0.39400198179798074,-0.29732118751128533,0.30373375597086666,-0.40576979229984056,0.01684934096147597,-0.8413125342416872,-0.6296497766570679,-0.5561342691738206,0.09820813065681279,-0.18688409942213083,-0.40426278805775206,-0.4293116507829549,-0.6127123410559848,-1.36417600641423,-0.3678827442305594,-0.6294607438033901,1.3317999135043364,0.0,1.0,24.0
2012-05-28 21:00:00,-0.22014925993782075,-0.8506886031941249,-0.8307207144931249,0.4760958779637235,-1.0283766622884805,0.29099620826217876,-0.43937175166387,0.5688939621793107,-0.8617127117682305,-0.46210050120948243,-0.8202641143540702,-0.874697676259622,-1.0299131245628408,-0.5318041426903202,-0.141902260244109,-0.849488271950773,-0.5034082155147953,-0.6931136602286624,-0.9981467469309481,0.9979537833748633,-0.6294607438033901,1.3317999135043364,0.0,0.0,24.0
2012-05-29 01:00:00,-0.29732301969353797,-0.7074513426144204,-0.804112622341556,0.45360159637770375,-0.9931808448711823,0.19534798997893424,-0.5247717951041089,0.450581069388245,-0.8315053133769622,-0.7187718774670411,-0.838255173082744,-0.6921877394776159,-0.7584218703511673,0.22857079192927704,-0.041386726498286466,-0.5019880816831797,-0.6238054644374413,-0.5968855010481464,0.3678930465174731,1.3639285779396655,0.8274706956797339,0.8445865525059431,0.0,1.0,22.0
2012-05-29 05:00:00,-0.2806070981359844,-0.48867417140208036,-0.7446590915383106,0.5249716712203454,-0.9524270755487507,0.00028696209674489696,0.08086343115126102,0.1905807246096092,-0.7550428361990376,-0.8383794457482753,-0.8493771894183928,-0.10919557520900826,-0.34053827318220714,0.31487323928112454,-0.06382515604561502,-0.013471487747982014,-0.7350129820848449,-0.3403035668182635,1.367903580482612,0.36406684489904434,0.8274706956797339,0.8445865525059431,0.0,1.0,21.0
2012-05-29 09:00:00,-0.27897302767430654,-0.6622793460599506,-0.7199811898698198,0.4874505904231072,-0.9145952642452713,-0.16040902763148354,-0.13374370452496126,0.14348322444089792,-0.6615886974260111,-0.7698475417601167,-0.8604542728912576,-0.4210611225724314,-0.7664069072397385,0.13082562468465658,-0.06599826346569979,-0.4382846579995731,-0.9272096458298686,-0.4414249154121743,1.00187432099933,-1.0017696827063787,0.8274706956797339,0.8445865525059431,0.0,1.0,20.0
2012-05-29 13:00:00,-0.1275299508044748,-1.149895081765765,-0.7904005680247335,0.19869411628328426,-0.8992503930088105,-0.18215001753031687,-0.5130340543190379,0.9062693071494347,-0.8457552096136179,-0.7747273785150488,-0.7608936841033858,-1.4136700040171382,-1.2777035375013888,-0.7841619972825996,-0.2529075410274779,-1.6555272919582127,-0.9060850049708608,-0.8237205784102991,-0.36416547244909103,-1.3677444772711809,0.8274706956797339,0.8445865525059431,0.0,1.0,19.0
2012-05-29 17:00:00,-0.17281213646949004,-0.8368235905288557,-0.7957973609373342,0.14460165567011693,-0.8881179776956648,-0.20233807957923375,-0.6349042940943119,0.7149166680242625,-1.0201975015061828,-0.8655288454183041,-0.7909590108185012,-1.3782707287841296,-0.8324012241577888,-0.8360434233415114,-0.19987011916267855,-1.0052174385216897,-0.8665314262521202,-0.781046659335468,-1.36417600641423,-0.3678827442305594,0.8274706956797339,0.8445865525059431,0.0,1.0,18.0
2012-05-29 21:00:00,-0.1902404979714071,-1.1678293365942103,-0.8636238978425376,-0.06853045820537443,-0.8935832476304505,-0.196273389452093,-0.7784146508811062,0.7520921324917187,-1.3230721063385227,-1.0920519721822495,-0.6738764358953501,-1.7338781340520228,-1.6204016311805765,-1.036892557325436,-0.17883692576873622,-1.6894546224472278,-0.7959241925133368,-0.9162747166770915,-0.9981467469309481,0.9979537833748633,0.8274706956797339,0.8445865525059431,0.0,1.0,18.0
2012-05-30 01:00:00,-0.28848858427518254,-1.1189100344187812,-0.9008836196648631,-0.1558703025754366,-0.9058501169117544,-0.17642024274288154,-0.8313264556731709,0.8205838429427431,-1.3954892936262884,-1.2803068579759664,-0.5879112192541722,-1.7056958237278184,-1.481893307391874,-0.9715235729800629,-0.053293058621710916,-1.399845437004343,-0.7174413756619062,-0.9752515058474265,0.3678930465174731,1.3639285779396655,1.1873030452467948,-0.2501719323160819,0.0,1.0,16.0
2012-05-30 05:00:00,-0.2960761768284437,-1.325887888751891,-0.9669960478205561,-0.3042442969926108,-0.9296716262401853,-0.12131314498155217,-0.9710844546636993,0.9948933765978052,-1.6742363036291874,-1.5042806001525346,-0.4554362085027333,-1.6249656698857795,-1.6183650258721467,-0.8224741653443133,-0.043073628263753265,-1.61363099285417,-0.6169925952183983,-1.0255770193190115,1.367903580482612,0.36406684489904434,1.1873030452467948,-0.2501719323160819,0.0,1.0,15.0
2012-05-30 09:00:00,-0.29807166877635144,-1.3382527208451382,-1.010794466611016,-0.3622317867834882,-0.9580089172890042,-0.04361340983991799,-1.1064514601537159,1.050057577715566,-1.5997040926142674,-1.5990124432340147,-0.34436282585487155,-1.5004863608739862,-1.4102482741316376,-0.9358348540243532,-0.04037281749487491,-1.4182422436309505,-0.5422630056880262,-1.0464899087923316,1.00187432099933,-1.0017696827063787,1.1873030452467948,-0.2501719323160819,0.0,1.0,14.0
2012-05-30 13:00:00,-0.2563672568476392,-1.6397525870554872,-1.1068238685875587,-0.5507312502916178,-1.0010256234096386,0.09004568696239153,-1.2685575552673851,1.5425598267303073,-1.5837590600531932,-1.663484893474684,-0.20729342584720828,-1.7277238462068925,-1.4369341940724867,-1.1312267012775752,-0.09569648681507963,-1.7353752170835448,-0.39993038000078707,-1.324601401396086,-0.36416547244909103,-1.3677444772711809,1.1873030452467948,-0.2501719323160819,0.0,0.0,13.0
2012-05-30 17:00:00,-0.2593053015819817,-1.8844016252726277,-1.2396607322574742,-0.8016761489454532,-1.0635846892746317,0.24846133478675234,-1.3822761810530784,1.797304326991018,-1.5867753622114749,-1.633534140889325,0.05642721688266526,-1.779589335350366,-1.6268698859293635,-1.5691944318000555,-0.09187468256098576,-1.8400741669486307,-0.18742355791283297,-1.5797488595796716,-1.36417600641423,-0.3678827442305594,1.1873030452467948,-0.2501719323160819,0.0,0.0,12.0
2012-05-30 21:00:00,-0.3384166978221555,-1.8869302323152366,-1.3305526616612373,-0.8883087624199707,-1.1328902788075488,0.3995118043989678,-1.4322386652514876,1.7137268404489665,-1.6497051165331902,-1.650656850434125,0.2610235980383312,-1.5651821590622585,-1.587686980818147,-1.7164464354712703,0.01543869355707666,-1.556021868666934,0.001029973924974501,-1.5638367094565264,-0.9981467469309481,0.9979537833748633,1.1873030452467948,-0.2501719323160819,0.0,0.0,12.0
2012-05-31 01:00:00,-0.39262366053077824,-1.5080748342979564,-1.3467773409827994,-0.7544610388661421,-1.191772463128071,0.49698083063236775,-1.2530263733202405,1.5120413707758285,-1.5865781609514336,-1.6516222435816001,0.3746290499524937,-1.2244998849711985,-1.2589394525354387,-1.3734486399156232,0.09423314962751776,-1.169868369860599,0.1274958985922878,-1.3121369049162535,0.3678930465174731,1.3639285779396655,0.17907520643152947,-1.128100072887392,0.0,0.0,10.0
2012-05-31 05:00:00,-0.39940132859415917,-1.114397856880124,-1.2995985529454948,-0.47487541905345343,-1.2288818886037685,0.4569135183377603,-0.5323113125897153,1.2167220542816912,-1.3257478347187432,-1.5622341033766567,0.37612348679039714,-0.8499362916927489,-0.8914245270496054,-0.675635659396282,0.10440884531582925,-0.8337676233852329,0.15892991008883153,-0.9225326671212496,1.367903580482612,0.36406684489904434,0.17907520643152947,-1.128100072887392,0.0,0.0,9.0
2012-05-31 09:00:00,-0.3817067613938634,-1.1716633142878683,-1.259716651753321,-0.27106021087247273,-1.2501191838189567,0.4035935907571523,-0.6108336010583021,0.8922958770667659,-1.1129117440723648,-1.3784107277369033,0.3060218203851252,-0.7841104702484532,-0.9875676721134204,-0.9339881795901688,0.07799780450819851,-0.8282570147872411,0.20580165045397528,-0.8655177458429364,1.00187432099933,-1.0017696827063787,0.17907520643152947,-1.128100072887392,0.0,0.0,8.0
2012-05-31 13:00:00,-0.2986775063173212,-1.530226823432074,-1.294331340347223,-0.3106975280466378,-1.2744432391782006,0.4373345308910988,-0.8636368527937425,1.483649924300606,-1.1366059883330986,-1.2243190269853397,0.30964960452237794,-1.0378673913010046,-1.3257484859228141,-0.9741438490209027,-0.03955175268171319,-1.1772780711857826,0.30317644659846577,-1.189572072003887,-0.36416547244909103,-1.3677444772711809,0.17907520643152947,-1.128100072887392,0.0,0.0,7.0
2012-05-31 17:00:00,-0.35951057998637803,-1.4741475327930549,-1.3008507799088844,-0.2659661441715667,-1.295283833426105,0.4686654038726203,-0.9480608281088256,1.3041415112427814,-1.267755198261969,-1.2044596122782192,0.26999324861401947,-0.9547888466885899,-1.261216947877573,-0.9748222618190424,0.04556482830478573,-1.049229887581325,0.385832917197027,-1.1094062108053317,-1.36417600641423,-0.3678827442305594,0.17907520643152947,-1.128100072887392,0.0,0.0,6.0
2012-05-31 21:00:00,-0.40116367808836473,-1.6713553776907526,-1.338320911019936,-0.3143913305749441,-1.3198955440364417,0.5255198918984668,-1.0463410038968874,1.481006374758858,-1.495452026583933,-1.3354594525465402,0.3235559329626495,-1.0191638323498806,-1.629588782310696,-0.9767464236226093,0.10706694859578379,-1.1891123357061784,0.4291267851024082,-1.2090690088753633,-0.9981467469309481,0.9979537833748633,0.17907520643152947,-1.128100072887392,0.0,0.0,6.0
2012-06-01 01:00:00,-0.4332132596546902,-1.538619809793188,-1.3392152169827403,-0.2536163859573599,-1.3397743995956044,0.6027288714895253,-1.1480068821977776,1.6069391104838597,-1.4752644449720047,-1.4514320853734406,0.30492226212748663,-0.9829770127493513,-1.2688269483932637,-0.8964773169117305,0.15630359310901837,-1.014510719783254,0.4287712539645591,-1.187055496216255,0.3678930465174731,1.3639285779396655,-1.4379966940383093,-1.1281000728873922,0.0,0.0,4.0
2012-06-01 05:00:00,-0.44561376452121226,-1.664112795034864,-1.3535328673141365,-0.2415185146656068,-1.3587111321859695,0.632240252450398,-1.0054213159394592,1.3183461102314562,-1.5680882730222956,-1.554280299325148,0.31310312845712873,-0.8998116381055358,-1.5229459213411003,-0.6788904198236105,0.1758220388376566,-1.0723394752832378,0.38650650986589796,-1.0920735458319553,1.367903580482612,0.36406684489904434,-1.4379966940383093,-1.1281000728873922,0.0,0.0,3.0
2012-06-01 09:00:00,-0.4091522868075342,-1.6335400577185724,-1.3466840478045177,-0.17425072452187826,-1.3724093787132636,0.7207610517978141,-1.1747514800471974,1.848654145998973,-1.3283264811960054,-1.4970486279130988,0.2575573151227824,-1.0201271645540897,-0.9535489230573986,-0.3178771175562819,0.11917959608980733,-0.9732670615855894,0.360878556307871,-1.2142188499492947,1.00187432099933,-1.0017696827063787,-1.4379966940383093,-1.1281000728873922,1.0,0.0,2.0
2012-06-01 13:00:00,-0.1950686963801073,-0.722967935357107,-1.2314117575795271,0.17456086741081558,-1.358943886710236,0.5143987151614011,0.659524420541488,1.0632148349683344,-0.8598236517422064,-1.2862926649635649,0.05407819574105003,-0.31874379954995585,0.05217830632717751,0.15799176811134397,-0.17294712220686373,-0.3416297059829136,0.293202152988073,-0.4341289949533831,-0.36416547244909103,-1.3677444772711809,-1.4379966940383093,-1.1281000728873922,0.0,0.0,1.0
2012-06-01 17:00:00,-0.13799605593343114,-0.04276360197875526,-1.03401589633212,0.6770510294525314,-1.3063469217531951,0.3108894446502886,0.42951340187709813,0.6878119743849308,0.15151331226444717,-0.6974199545689349,-0.14427941417411277,0.1907543645759974,1.3286514645345702,0.422458025620847,-0.24085056065755686,0.41385452929024247,0.20427268114437375,-0.02466089846282724,-1.36417600641423,-0.3678827442305594,-1.4379966940383093,-1.1281000728873922,0.0,0.0,0.0
2012-06-03 21:00:00,-0.10740998324384646,-0.5015160151007325,-0.9449631469621913,0.7842644386906373,-1.2454007015453417,0.12191655060425546,0.14836435046840254,0.3901434302403724,0.6513016495005144,-0.019501887459031128,-0.23694756627384703,0.0690983414113042,0.45566992948732155,-0.18372076777552485,-0.27575569899436514,-0.1255657502633002,0.12434241134858273,-0.17892314598714207,-0.9981467469309481,0.9979537833748633,-2.0863921832865144,0.8445865525059428,0.0,0.0,0.0
2012-06-04 01:00:00,-0.1768548931380381,-0.3518774298046994,-0.8427190903282278,0.9059259265387908,-1.1749800804816966,-0.05355827958134727,0.025547862524585886,0.26011060608533004,0.8822131881561258,0.5770537125680352,-0.41742949384478195,0.06707974642609411,0.7032637144884648,-0.016924254916997644,-0.19502259549106912,0.16384105946053448,0.024050100245957627,-0.22787946216958396,0.3678930465174731,1.3639285779396655,-0.6294607438033901,1.3317999135043364,0.0,0.0,28.0
2012-06-04 05:00:00,-0.23123919290810335,-0.1565460701412449,-0.7243216273992639,1.047205123007369,-1.0935573274895145,-0.21085001306431658,0.2344319710689461,0.11656350163701784,0.776234763784166,0.7909878107601701,-0.49790074381386634,0.4113821314203002,1.0298313791883038,0.5258775291614732,-0.12792974129070905,0.5257485359308951,-0.14410291446055337,-0.05445163693841961,1.367903580482612,0.36406684489904434,-0.6294607438033901,1.3317999135043364,0.0,0.0,27.0
2012-06-04 09:00:00,-0.2691135755657168,0.05291678682366742,-0.5915977240333847,1.1992076982112343,-1.0002973583489363,-0.3142388152679545,0.4575240031246693,-0.04164546858597993,1.1077958343192675,0.9473129561855164,-0.5732757046870065,0.7907424269848818,1.3905499107848438,0.6545878878209198,-0.07903420616562347,0.9627352193921827,-0.309549506196417,0.12083449253485731,1.00187432099933,-1.0017696827063787,-0.6294607438033901,1.3317999135043364,0.0,0.0,26.0
2012-06-04 13:00:00,-0.18371079838129842,0.49366154353362424,-0.4063171413281831,1.4638053804807867,-0.8864318175383482,-0.2892467924976279,1.3979701576222265,-0.34740565479183355,1.264516923632445,1.0782317915891206,-0.4886964389038134,1.5450752073736826,1.1451594075189284,1.2637879697715422,-0.18675867270560606,1.621176382481574,-0.35505219150116685,0.5541989936577114,-0.36416547244909103,-1.3677444772711809,-0.6294607438033901,1.3317999135043364,0.0,0.0,25.0
2012-06-04 17:00:00,-0.24360241966306653,0.723366013403389,-0.21254758601913049,1.698580227492011,-0.7542831614150676,-0.2660399142108959,1.2101688184761603,-0.45602935626011587,1.4335765806547587,1.3033366418453325,-0.33817149810901986,1.7212934101879451,1.5065172842618713,1.416577839410104,-0.1121713414514385,1.7613824115795083,-0.3647784561987725,0.7072523281215882,-1.36417600641423,-0.3678827442305594,-0.6294607438033901,1.3317999135043364,0.0,0.0,24.0
2012-06-04 21:00:00,-0.23072368382197467,1.0155442750924224,0.0035953098775742542,1.9472732385665847,-0.6027675115238397,-0.18060654770782908,1.7582497758060947,-0.6395090725899014,1.4773913428831327,1.4299035808036917,-0.07922546153279585,1.8465096244669625,1.514091386949432,1.8719356165887593,-0.128582638499858,1.8105271310400448,-0.2735854736783619,0.9735640804073635,-0.9981467469309481,0.9979537833748633,-0.6294607438033901,1.3317999135043364,0.0,1.0,24.0
2012-06-05 01:00:00,-0.31566422146938783,0.9081355420827492,0.15930659389305973,1.9818059974194169,-0.44856261949185733,-0.10127556452641007,1.6152203966086065,-0.706842072679652,1.5745770211069392,1.5360827862355024,0.08312795220224019,1.5775595338084871,1.4191871903754225,1.7906159662565166,-0.01632157875890104,1.4347555982162223,-0.16490299888901247,0.9418213829258303,0.3678930465174731,1.3639285779396655,0.8274706956797339,0.8445865525059431,0.0,1.0,22.0
2012-06-05 05:00:00,-0.09184542844142077,-0.34117619990128617,0.07922932599701192,1.3679013640829953,-0.3421656138036341,-0.2704266511253708,0.8602956335275471,1.034714634689371,1.0410996001537782,1.4016801517807465,0.0627448114984073,0.5366396118849007,0.0023076358901943893,0.3164464052334021,-0.29313917852229554,0.06698063424940559,-0.164160983691279,0.09917477526793703,1.367903580482612,0.36406684489904434,0.8274706956797339,0.8445865525059431,1.0,0.0,21.0
2012-06-05 09:00:00,-0.13809834302697666,-0.2335103887945527,0.03464999120741207,0.9733600346085329,-0.2664935546513561,-0.41622280453126714,0.6684178882570125,0.9588708661367994,0.5532902551038595,1.085224341961017,0.059624283587740426,0.14852217922707886,0.13864887603877635,-0.05152381714524281,-0.24073213739713023,0.17057500544284768,-0.17332755700980312,-0.20265396593522642,1.00187432099933,-1.0017696827063787,0.8274706956797339,0.8445865525059431,1.0,0.0,20.0
2012-06-05 13:00:00,-0.15516556324222044,-0.1373717573032786,0.015936787972987865,0.7281032508798954,-0.20992089270970185,-0.5390538112938761,0.9662875788624512,0.7169264229474159,0.1413307596243875,0.5944132041465185,0.06695242054659087,0.3366204309615418,0.25761329146254425,0.41569557893450926,-0.2208109378227628,0.2653579180759069,-0.16092134748939282,-0.006215154988212466,-0.36416547244909103,-1.3677444772711809,0.8274706956797339,0.8445865525059431,1.0,0.0,19.0
2012-06-05 17:00:00,-0.22404005824052303,0.01638178079673278,0.027516992319440985,0.6143197865705491,-0.1622091297320066,-0.6531111747162985,0.8122023510800799,0.575322919822806,0.21333360077267977,0.31094707350394607,0.08189557017920279,0.3215899590465948,0.2053291024255951,0.4387337436509028,-0.13701750992144104,0.4101417987126325,-0.15988572059399575,0.00931698334659984,-1.36417600641423,-0.3678827442305594,0.8274706956797339,0.8445865525059431,1.0,0.0,18.0
2012-06-05 21:00:00,-0.2813666512105707,0.07522348009088624,0.04608994834882844,0.5423188152631706,-0.12010444978640353,-0.7329000103491768,0.9269767330244953,0.4239950845601814,0.11490178091542534,0.1608221775920464,0.06267035648878161,0.3942793236414916,-0.1388925668052779,0.3445357390505082,-0.06281382131998242,0.4223284724078405,-0.16484600692095872,0.10834767951840797,-0.9981467469309481,0.9979537833748633,0.8274706956797339,0.8445865525059431,1.0,0.0,18.0
2012-06-06 01:00:00,-0.22854576365732676,0.5390937645187495,0.14504982680791914,0.7034338727517132,-0.06545291819900904,-0.7177018038396503,1.6090538076497045,0.11295078847766625,0.3083404593769012,0.21801417799314907,0.0934213664272104,0.7757162805619366,0.8030390491078078,0.6077593723072077,-0.13133732918394342,0.8921485962951474,-0.1285298329439049,0.4837141372052544,0.3678930465174731,1.3639285779396655,1.1873030452467948,-0.2501719323160819,0.0,0.0,16.0
2012-06-06 05:00:00,-0.21516433771124624,0.6339875713036344,0.23980292581407586,0.8208801605154499,-0.00165524489512391,-0.6850158502000415,1.5024108049424691,-0.11507218806537246,0.5957951780197702,0.34898706586574557,0.07160471934761617,0.8716078852002833,1.0158454322076829,0.33079763846924654,-0.14813341115185055,0.9236652179695187,-0.06711389456996379,0.6005720319923095,1.367903580482612,0.36406684489904434,1.1873030452467948,-0.2501719323160819,0.0,0.0,15.0
2012-06-06 09:00:00,-0.11878032149713834,-0.16875309760696494,0.18163914255603925,0.49878265712906383,0.037059052266417813,-0.7456561669079665,1.0044562401025297,0.33028526872274766,0.41354695826505394,0.4512572641121817,-0.02806243511218996,0.322819512513498,-0.6527653565173583,-0.5258397892820907,-0.26289647114167536,-0.005766492500869204,-0.05583223655505402,0.1424253208262091,1.00187432099933,-1.0017696827063787,1.1873030452467948,-0.2501719323160819,1.0,0.0,14.0
2012-06-06 13:00:00,0.13800466873073,0.7905360278440773,0.35294083647080887,0.8654317441973153,0.10432618472313833,-0.7105656863248759,1.3538658491758409,-0.2100863284399609,0.6174092928413949,0.5570970139809827,-0.031598618495070195,1.05029202013505,1.3778556740765175,0.24758977280456293,-0.5235239133766175,1.4141967812665548,-0.011541146855023618,0.7496232910939807,-0.36416547244909103,-1.3677444772711809,1.1873030452467948,-0.2501719323160819,0.0,0.0,13.0
2012-06-06 17:00:00,0.10090017171171159,0.9259310833367447,0.5227646569724903,1.154730032489401,0.19412245107960704,-0.6600561475548286,1.3411823967531615,-0.3588249689921339,0.8125530042908087,0.6313251199257619,-0.0390913505112472,1.522032536763341,1.5660787542793184,0.5095777730756109,-0.48937576552066653,1.5403542794366358,0.09087794617059401,1.163434633841445,-1.36417600641423,-0.3678827442305594,1.1873030452467948,-0.2501719323160819,0.0,1.0,12.0
2012-06-06 21:00:00,-0.013093547003594828,0.7748687335273005,0.6234350466682239,1.198016786269351,0.2872896778304536,-0.6131544329826419,1.2386840418745249,-0.4186285353394968,1.5054039233237957,1.005228456535086,-0.011140006252045398,1.3475422727352548,1.300818799735258,1.376496651286269,-0.3773941071476417,1.202540745986073,0.13873342437328537,1.0939761692120378,-0.9981467469309481,0.9979537833748633,1.1873030452467948,-0.2501719323160819,0.0,0.0,12.0
2012-06-07 01:00:00,-0.08580338102593285,0.7321835805000109,0.6878412544943701,1.1339790110809382,0.3754699562644643,-0.5933658674092566,1.072212269386282,-0.33962161424033777,1.45236366136329,1.2911562239053038,0.054860284352571946,1.115829830914296,1.2283016898598944,1.2443628768683908,-0.2998201052369152,1.0184489027626422,0.1341548564267057,0.9678593757223416,0.3678930465174731,1.3639285779396655,0.17907520643152947,-1.128100072887392,0.0,0.0,10.0
2012-06-07 05:00:00,-0.13722236702878424,0.7285904808481724,0.7297074039979925,1.0214220537264431,0.4548848500895366,-0.6238322468647524,0.8784422939085809,-0.08577832953106049,1.330538479425793,1.4685388881792065,0.02643010993417561,0.8759167704260818,1.2225766548697399,1.1574433165557314,-0.24174593134970856,0.9223288609439145,0.07944038662869198,0.7785326369976368,1.367903580482612,0.36406684489904434,0.17907520643152947,-1.128100072887392,0.0,0.0,9.0
2012-06-07 09:00:00,-0.14709259550193882,0.9552987650006373,0.808738713401116,1.0324950369468235,0.5351620536196346,-0.5915584177706444,1.333017462777672,-0.2697637347913564,1.3687420207304457,1.4217394052778147,0.0456916560771583,1.1034458827688212,1.4085387016005515,1.2952748531276117,-0.23027407237754313,1.163150317404507,-0.01575071283415237,1.0176885142179433,1.00187432099933,-1.0017696827063787,0.17907520643152947,-1.128100072887392,0.0,1.0,8.0
2012-06-07 13:00:00,-0.04326115542355054,0.615815944220433,0.8101022586017644,0.8300358441143151,0.5996727267236925,-0.530408927208366,1.2301080720838078,-0.5640721779000839,1.1847118770490748,1.3300828070171253,0.01099842588530874,0.894184772479493,0.7094045316218736,0.9922506184552499,-0.3458274047333594,0.7366792961022557,-0.025592426797187512,0.8476166822985565,-0.36416547244909103,-1.3677444772711809,0.17907520643152947,-1.128100072887392,0.0,1.0,7.0
2012-06-07 17:00:00,-0.016916796487465056,0.5551705850865204,0.7925005180312482,0.6164679536012359,0.6475517784294307,-0.47362725740053624,0.8906438194564744,-0.750569165271407,0.9454268644342426,1.1982024211969924,-0.021430696185613496,0.7842916696423322,0.5478811372171347,0.5235367210695533,-0.37344063466447164,0.6038550048143124,-0.007639114122742411,0.7619469831055268,-1.36417600641423,-0.3678827442305594,0.17907520643152947,-1.128100072887392,0.0,1.0,6.0
2012-06-07 21:00:00,-0.03096141650418426,0.29402094842530546,0.7296640716820113,0.3225395624068174,0.6725411264965808,-0.5020244590259212,0.6426561529356541,-0.337471607042383,0.5044935825638337,0.9022429823409079,-0.031067785332732054,0.36360253160275036,0.1652694069177122,0.23312325158049932,-0.3588009690383754,0.2790008359052147,-0.06126201734695233,0.384212784896276,-0.9981467469309481,0.9979537833748633,0.17907520643152947,-1.128100072887392,0.0,0.0,6.0
2012-06-08 01:00:00,-0.10207934102682743,0.11163761869315368,0.6432392824306765,0.023217951352172233,0.6742207733748667,-0.5684824608221722,0.49861188232873466,-0.13771351198186846,0.1842082939505947,0.5596233535967895,-0.03368466725576537,0.0715830212461936,-0.1936819017322411,0.7335290778372353,-0.2817375971772963,0.05630961584722236,-0.15584054860209304,0.12787448655413144,0.3678930465174731,1.3639285779396655,-1.4379966940383093,-1.1281000728873922,0.0,0.0,4.0
2012-06-08 05:00:00,-0.021348019138933787,-0.5358059807466987,0.45004280177129724,-0.5067425547453968,0.6346296914357188,-0.6524761989958024,0.1426674696435473,0.803013507792162,-0.48553703838097195,0.06959380306740798,-0.0025664420037906483,-0.4977971539534993,-1.340553782943226,-0.9270466582283065,-0.3688415480067137,-0.7303331891631596,-0.23291178490889197,-0.3804155674340031,1.367903580482612,0.36406684489904434,-1.4379966940383093,-1.1281000728873922,1.0,0.0,3.0
2012-06-08 09:00:00,-0.038232454319909834,-0.6678542624979693,0.2656143673772981,-0.9068549579479772,0.5638798150221288,-0.7063664705137898,-0.05261142860429878,0.817815912096213,-1.1052590505643904,-0.4816614436396607,0.04451429348011876,-0.711629577547973,-1.5821181926719134,-1.2564338175465921,-0.3511489941661569,-0.8492220499750409,-0.26743205086963406,-0.596321932933276,1.00187432099933,-1.0017696827063787,-1.4379966940383093,-1.1281000728873922,1.0,0.0,2.0
2012-06-08 13:00:00,-0.015719252494527606,-0.16458216254466146,0.20189340841396705,-0.8985253388059611,0.49377860855433164,-0.7756892850136109,-0.13019036505537093,0.5233227909511045,-1.2925194018514878,-0.9873626759380615,-0.05374292098087397,-0.5383134148074633,-0.721687054528113,-0.7173874884181682,-0.3746804199751982,-0.33973955403851636,-0.2673269661355868,-0.3787588522981753,-0.36416547244909103,-1.3677444772711809,-1.4379966940383093,-1.1281000728873922,1.0,0.0,1.0
2012-06-08 17:00:00,-0.0850852050567223,0.08884090101926424,0.19685375158120338,-0.7322022165715264,0.43662983230506575,-0.9038544163813785,0.29335870861965435,0.3833978986575225,-0.9158655298791545,-1.1347274535218828,-0.14921233647328547,-0.15775860810779618,-0.2785287260906723,-0.45008506835981654,-0.3006117463777319,-0.05484378960790816,-0.2711525439328954,0.03200055287476583,-1.36417600641423,-0.3678827442305594,-1.4379966940383093,-1.1281000728873922,1.0,0.0,0.0
2012-06-10 21:00:00,0.23999480706140375,0.9884689435699905,0.4116797051374866,-0.000935838594042884,0.43642850031169217,-0.7896718096201192,2.320734770570794,-0.23461513841477252,0.04979515451341137,-0.739182400402232,-0.07749679856161923,1.424545780324779,1.1406889243026366,0.6375795880760053,-0.6121551079460503,1.4482704279023313,-0.11403311185202404,1.4335863450915334,-0.9981467469309481,0.9979537833748633,-2.0863921832865144,0.8445865525059428,0.0,0.0,0.0
2012-06-11 01:00:00,0.12237841938555728,0.9940726531433282,0.5768081454065767,0.44886082852261344,0.47125512994559393,-0.6836451033418067,2.187868649535587,-0.3007347537124022,0.7148872155152377,-0.051751668919308734,-0.022395548527193155,1.189586482359645,1.1536273560178383,0.37656368342360713,-0.5092726286778958,1.2831305960707262,0.005184443563994185,1.2541990395991385,0.3678930465174731,1.3639285779396655,-0.6294607438033901,1.3317999135043364,0.0,0.0,28.0
2012-06-11 05:00:00,0.13089435109191366,0.5430872370255538,0.6201470037812036,0.4773344374142772,0.5082991447949992,-0.6596949290836701,1.8082087049389781,0.13040488219468657,1.008671226967496,0.6073005126762319,-0.0707211194346249,0.8114433682114769,0.5498338759745831,0.2394985799844564,-0.5170623826715501,0.648207908292023,0.028005970902292423,0.8978694528772881,1.367903580482612,0.36406684489904434,-0.6294607438033901,1.3317999135043364,0.0,0.0,27.0
2012-06-11 09:00:00,0.2151852138061005,0.1975843828300015,0.5794636268828978,0.27150657169117137,0.5293142934711851,-0.7571600619245089,1.3235853173643353,0.9565830753057457,0.6171024797384443,0.8015733053337755,-0.09061958244211407,0.18259870430606565,0.03660941793780378,-0.04558067345365389,-0.5912687645429953,0.11560242705434587,-0.053408967753455217,0.3340582791839765,1.00187432099933,-1.0017696827063787,-0.6294607438033901,1.3317999135043364,0.0,0.0,26.0
2012-06-11 13:00:00,0.29882106342761866,-0.3187784652916055,0.42471865858949537,-0.2034932160454494,0.513338784914495,-0.8563391384276945,0.8943111227072782,1.3400383685074324,-0.09261587461419657,0.5250461507852016,-0.0723256351607404,-0.5029459999489121,-0.8475167492683772,-0.4203290072930164,-0.6600570762636396,-0.7315242612774184,-0.12420163789863654,-0.22362176875944934,-0.36416547244909103,-1.3677444772711809,-0.6294607438033901,1.3317999135043364,0.0,0.0,25.0
2012-06-11 17:00:00,0.19720331913182468,-0.41860504740945526,0.2739132873562771,-0.572774234857172,0.46860547910791267,-0.9435160641030321,0.769562482188124,1.2606594163538338,-0.6544762384767078,-0.04449400557536426,-0.1548720015520648,-0.891925214032014,-1.0344052073770156,-0.40039423935016866,-0.5758662645144985,-0.9927574124811616,-0.18197035331209332,-0.47924600860278727,-1.36417600641423,-0.3678827442305594,-0.6294607438033901,1.3317999135043364,1.0,0.0,24.0
2012-06-11 21:00:00,0.12841026679313547,-0.4242228905137154,0.15112853001878018,-0.7919608787322595,0.4068029909081299,-0.9784920584622201,0.6061700089569839,1.639240337299021,-1.0378873034718128,-0.6112405866748084,-0.1057068250810524,-1.0317590748942078,-1.0444684320444058,0.1744076103544162,-0.5147958737194066,-0.9141324119571498,-0.206223479607235,-0.6307518528727156,-0.9981467469309481,0.9979537833748633,-0.6294607438033901,1.3317999135043364,1.0,0.0,24.0
2012-06-12 01:00:00,0.053483845169439596,-0.27467028797212234,0.08114049365422518,-0.8236614691485689,0.3425318159753338,-1.0538446129483565,0.9089781664516512,1.4547631969603894,-1.0317690417963643,-0.9328509386110941,-0.10251933469514633,-0.6681063069517976,-0.8302655069814414,0.4511950891998726,-0.4441396982836133,-0.6397931324495647,-0.20828246159538538,-0.3482193726119093,0.3678930465174731,1.3639285779396655,0.8274706956797339,0.8445865525059431,0.0,0.0,22.0
2012-06-12 05:00:00,0.05776745779422835,-0.13385165273693256,0.05161630222970544,-0.7389283672155852,0.2848592400541635,-1.1503915003022547,0.9133098558356669,1.1414474338119713,-0.8879898924231969,-1.0128170304606159,-0.10571636986266308,-0.5303142180602776,-0.629001013633679,0.16558099469127627,-0.44830255868797947,-0.40083963734723765,-0.20430843467009435,-0.24919036843725065,1.367903580482612,0.36406684489904434,0.8274706956797339,0.8445865525059431,0.0,0.0,21.0
2012-06-12 09:00:00,0.04911977381694157,-0.31538331515773327,-0.007965612823310729,-0.7529226020955703,0.22609686165508366,-1.2519489079893487,0.7792527934634592,0.8717131081616096,-0.8370043784610759,-0.9440252396555683,-0.09451811426362529,-0.49373243075758866,-0.9007080796531377,-0.2436031181015295,-0.4398827303616587,-0.6146294249224241,-0.23998541384552788,-0.23710389340559127,1.00187432099933,-1.0017696827063787,0.8274706956797339,0.8445865525059431,1.0,0.0,20.0
2012-06-12 13:00:00,0.12441692174576725,-0.3848806692515696,-0.06833503622227645,-0.7662606338510856,0.1662957826637774,-1.2819546328247253,0.4091759416861479,1.1820598677830316,-0.8986968503552321,-0.8984550432085665,-0.08239142308268671,-0.6607429780562688,-1.0042155333748468,-1.3866053978157646,-0.5111423781804193,-0.6555694622344961,-0.20876511673187073,-0.41227179696238014,-0.36416547244909103,-1.3677444772711809,0.8274706956797339,0.8445865525059431,1.0,0.0,19.0
2012-06-12 17:00:00,0.05261643701516433,-0.17236248824612055,-0.07993764969069053,-0.6442468712164476,0.11599653796342445,-1.3098170916004321,0.26876676988205517,1.0114608246835217,-0.9369359858268199,-0.9152164947752758,-0.13394173827197534,-0.40362330854058176,-0.7368212779271225,-1.2235853032223016,-0.44329486020764414,-0.34235745210633134,-0.2068325484637741,-0.18690660433180464,-1.36417600641423,-0.3678827442305594,0.8274706956797339,0.8445865525059431,1.0,0.0,18.0
2012-06-12 21:00:00,-0.02510260040101602,-0.304454300034996,-0.11171092205569941,-0.6015159630001395,0.06902496712711832,-1.3410022615773936,0.19278857667959048,0.8614489719354791,-0.9697026310531031,-0.9606586369186073,-0.14672788587599783,-0.3873286633100056,-0.9930979390141655,-0.9542558509188344,-0.3649304307567861,-0.4724082287240345,-0.209946237729255,-0.18766909555890815,-0.9981467469309481,0.9979537833748633,0.8274706956797339,0.8445865525059431,1.0,0.0,18.0
2012-06-13 01:00:00,-0.11368319955501976,-0.32316560093383656,-0.13872976997676706,-0.554395451867149,0.025722910932626818,-1.3414239908320453,0.09094848639748242,1.0508312368190376,-0.9746916379763363,-0.9866828374922777,-0.15975532065074272,-0.5221866287460808,-1.0182826935862619,-0.6420367874170911,-0.26867792347463704,-0.4487237233515588,-0.205714814273731,-0.3056494494305704,0.3678930465174731,1.3639285779396655,1.1873030452467948,-0.2501719323160819,1.0,0.0,16.0
2012-06-13 05:00:00,-0.09998414858997641,0.0836183376678315,-0.09527800872310793,-0.32496340201394097,0.0002878991736624188,-1.42301568894457,0.7324797785427365,0.7508359132706539,-0.8542993221814363,-0.958384145216583,-0.16668748403913494,-0.07216807710779621,-0.39735933278062197,0.23905050774137288,-0.28408066223121364,0.06088752034344166,-0.21401697103172665,0.033470622423158146,1.367903580482612,0.36406684489904434,1.1873030452467948,-0.2501719323160819,1.0,0.0,15.0
2012-06-13 09:00:00,-0.12703337272125254,0.2776486192773595,-0.027497118248405665,-0.07522334094638554,-0.005698579691662428,-1.4553188246550093,0.9746083453148664,0.5374145095848178,-0.5419938241933681,-0.8119164712447964,-0.1596841668369208,0.28726257165616004,-0.11251157328975843,0.5225461307612399,-0.2534766532632197,0.30656526651609006,-0.2500315369504137,0.2950454801934179,1.00187432099933,-1.0017696827063787,1.1873030452467948,-0.2501719323160819,1.0,0.0,14.0
2012-06-13 13:00:00,0.019869533787806454,0.6950619631023125,0.1044373039335303,0.29911691552127645,0.017466727344736466,-1.40034543253552,1.4247307080818234,0.09516049085859907,0.2002505819742272,-0.4095608235532997,-0.15160956971106732,0.6087727506773953,1.0745728863413269,0.9176337678593826,-0.4109287578587786,0.8306273236695977,-0.2597839562716118,0.5778861350409654,-0.36416547244909103,-1.3677444772711809,1.1873030452467948,-0.2501719323160819,1.0,0.0,13.0
2012-06-13 17:00:00,0.002250419431045936,0.3703286738757486,0.15999397222549805,0.3907813868377118,0.047770414495063244,-1.3492987112817085,1.1477002245308547,-0.09248388011968302,0.5478389666782533,0.0705974768190577,-0.2214979626600327,0.5398758333595008,0.5827117656354232,0.548925664728533,-0.39312597537701355,0.40998981417301267,-0.2663621299791881,0.5477628426911886,-1.36417600641423,-0.3678827442305594,1.1873030452467948,-0.2501719323160819,1.0,0.0,12.0
2012-06-13 21:00:00,-0.08575890199946301,0.37661672473098484,0.20264076730250183,0.42898792602896285,0.08104943980714444,-1.3018981844031692,1.0113467144596404,-0.1848418340171523,0.798658974546245,0.5297002446036654,-0.23051725034404424,0.38135841761631256,0.5947083783355562,0.42373197886866154,-0.2998691494322467,0.37078860063328245,-0.2558047125455612,0.42744201969534384,-0.9981467469309481,0.9979537833748633,1.1873030452467948,-0.2501719323160819,1.0,0.0,12.0
2012-06-14 01:00:00,-0.1273964387650379,0.6201841476050085,0.2775317692941764,0.5472828329446854,0.12354069313929536,-1.2400308741917843,1.0087855591206323,-0.32563593393362683,0.79369518796319,0.7329236753028887,-0.20105327443610382,0.46248433485172347,1.0605768381911571,0.8172723462781721,-0.25306058100991563,0.6684736237453361,-0.2318520427444245,0.5008889780895538,0.3678930465174731,1.3639285779396655,0.17907520643152947,-1.128100072887392,1.0,0.0,10.0
2012-06-14 05:00:00,-0.13575908750948407,0.19317017016198298,0.2735891521217822,0.4274291339998759,0.15669832736208775,-1.2097010843197433,0.7444724639529819,-0.2960874378561616,0.740511760287611,0.7989039297774321,-0.34973785000134733,0.37500246717915453,0.43275410688362537,0.5923208237921995,-0.24343756045893178,0.29040331606200487,-0.24514089165521735,0.31387923559499226,1.367903580482612,0.36406684489904434,0.17907520643152947,-1.128100072887392,1.0,0.0,9.0
2012-06-14 09:00:00,-0.13973680691923135,0.49889604448503894,0.321739587420761,0.47328036618200914,0.19342663099809418,-1.1839110333628948,0.4910963273394321,-0.45575148646330693,0.888007133041217,0.8295009545254227,-0.49693645721575597,0.6240551621016424,1.0105909519405427,0.6872250687883619,-0.23883363873414468,0.9607619233286934,-0.28953792907453735,0.38961762410463885,1.00187432099933,-1.0017696827063787,0.17907520643152947,-1.128100072887392,1.0,0.0,8.0
2012-06-14 13:00:00,-0.11691722254335493,0.6752358871923388,0.38939315564048754,0.5630252566508726,0.23714382719246208,-1.1014552899676466,0.822640103866735,-0.6487503569780224,0.9480853148277616,0.882371417801805,-0.48802621985821004,1.0404264695514815,1.22997516162626,0.9700340290311773,-0.26501290275257916,1.2971061065179303,-0.3003953686108453,0.6016048288909186,-0.36416547244909103,-1.3677444772711809,0.17907520643152947,-1.128100072887392,1.0,0.0,7.0
2012-06-14 17:00:00,-0.11403432867405068,1.0097961675556124,0.5083609654381483,0.7744363804433988,0.2973246863553757,-0.9921607995966795,0.927754771920648,-0.8071740934969935,1.362372776171917,1.095325967882361,-0.32045213103836806,1.324570236870876,1.6008920112767735,1.3342651120633744,-0.26828053523941864,1.6751893741498016,-0.24893466933965114,0.8370370554636067,-1.36417600641423,-0.3678827442305594,0.17907520643152947,-1.128100072887392,0.0,0.0,6.0
2012-06-14 21:00:00,-0.1975251939500055,0.743276634457825,0.5608575876896739,0.7627112199211273,0.35659244743892704,-0.8901300974487687,0.8052865436723178,-0.875392390062057,1.4325126520426776,1.2817903463423037,-0.24466170262075018,1.1701828469715858,1.2083595432182839,0.8486632970173761,-0.1699398901237668,1.1887123784175537,-0.28154378911561284,0.8029868922583953,-0.9981467469309481,0.9979537833748633,0.17907520643152947,-1.128100072887392,0.0,0.0,6.0
2012-06-15 01:00:00,-0.2403327842446892,0.9580095724381091,0.6408933960870551,0.8282593994697894,0.42096477973392493,-0.7761465396533739,0.839727258949687,-0.976367216078818,1.5286946684114062,1.4806183810746996,-0.15751174768978268,1.1665776576588693,1.5011729880744522,0.9096043638693473,-0.11635769031801546,1.3511358444415011,-0.2826989325838876,0.8581896585430229,0.3678930465174731,1.3639285779396655,-1.4379966940383093,-1.1281000728873922,0.0,0.0,4.0
2012-06-15 05:00:00,-0.2889204165085408,0.8656382753442312,0.6845928522222854,0.7818344045038707,0.48172176078001966,-0.6714778986852814,0.6588230068525941,-1.0593836185162238,1.4514714072446044,1.5111299558610627,-0.12216224180941963,1.0176179123149294,1.3831508849170364,0.4647106963584461,-0.05271355755033949,1.1187892402369504,-0.2505175905962995,0.754511360966084,1.367903580482612,0.36406684489904434,-1.4379966940383093,-1.1281000728873922,0.0,0.0,3.0
2012-06-15 09:00:00,-0.2936364659411384,0.39437433797540317,0.6491198754778744,0.5292829435066367,0.5228112708743363,-0.6513891482167502,0.4131426148150306,-0.7287781980282878,1.26510933542088,1.4538031624738081,-0.14037042696572363,0.6889639130165438,0.6828872073377482,0.39062846955471975,-0.046368203226319245,0.5799481697897979,-0.2109957725995115,0.4789183442101472,1.00187432099933,-1.0017696827063787,-1.4379966940383093,-1.1281000728873922,1.0,0.0,2.0
2012-06-15 13:00:00,-0.27213373994292106,0.713216633487222,0.6743272784468073,0.4923402694357365,0.5610238664328928,-0.6171187963277911,0.292889207280272,-0.8999034132256825,1.1885751697792846,1.3373301999391973,-0.10543458717413452,0.7970875027162222,1.2853748570448873,0.6823333364472599,-0.07505478660935266,0.9353833324077531,-0.16732383917877186,0.5729186645518187,-0.36416547244909103,-1.3677444772711809,-1.4379966940383093,-1.1281000728873922,0.0,0.0,1.0
2012-06-15 17:00:00,-0.3092965152741727,0.8106897801631182,0.7058316776809217,0.4799189268027938,0.5982691486587493,-0.5369106582423018,0.6185069758626226,-1.0034578464560175,1.106659263225625,1.219250254233878,-0.10650301092094389,1.0416278413799502,1.1521782286179683,0.5617985907904254,-0.02507725707992675,0.9765070424045287,-0.12420027550189539,0.7845440863392625,-1.36417600641423,-0.3678827442305594,-1.4379966940383093,-1.1281000728873922,0.0,0.0,0.0
2012-06-17 21:00:00,-0.11781150218914271,1.3573516560426122,0.8519480796285379,0.7818169007798971,0.6590247666005427,-0.3329799851207622,1.7851165833689875,-1.2856560128292143,1.2392667741129406,1.2104005420382429,0.013351316437019105,1.7295918553228424,1.0567914992323546,1.4908699781775308,-0.2639974849995986,1.6523621905401238,0.02102139079202078,1.4873286903003067,-0.9981467469309481,0.9979537833748633,-2.0863921832865144,0.8445865525059428,0.0,0.0,0.0
2012-06-18 01:00:00,-0.13601214935744338,1.2732479638341765,0.9459586166833492,0.8815662287314523,0.7275483736967051,-0.2202060050920141,1.4883597361508474,-0.9181050880358107,1.1258902616260984,1.1889342721296523,0.0933635104605117,1.288366037941112,0.9656948906899232,1.1684354458656296,-0.24314517455721474,1.3716736768401736,0.10358831260504901,1.1513224996679958,0.3678930465174731,1.3639285779396655,-0.6294607438033901,1.3317999135043364,0.0,1.0,28.0
2012-06-18 05:00:00,0.048776804941531415,0.5143758899668129,0.903136125246594,0.5890719259646736,0.773293956937804,-0.2703220894572417,0.8492736985226195,-0.16319985395069603,0.7372498433901865,1.0624310587312242,-0.006591682357102835,0.7864918429671922,0.05635553041798219,0.4853880968392232,-0.43954749512515406,0.612221602759944,0.11259864035156733,0.7034644919881561,1.367903580482612,0.36406684489904434,-0.6294607438033901,1.3317999135043364,0.0,0.0,27.0
2012-06-18 09:00:00,0.09979470142408481,-0.11150885990851644,0.7486889431984924,0.05136928084073381,0.7771658914899919,-0.3847823673842043,0.5068038698792736,0.12861582159891013,0.044935864483250335,0.6534358089714126,-0.1743835458831044,0.05877339357305879,-0.89527868382012,-0.3988763233744712,-0.48834186677466346,-0.26020996124162554,0.059551535128499665,0.09728139920645551,1.00187432099933,-1.0017696827063787,-0.6294607438033901,1.3317999135043364,0.0,0.0,26.0
2012-06-18 13:00:00,0.07993861069660439,-0.38221327574865777,0.563282227318877,-0.46302718674361615,0.7409791483217479,-0.52827849517611,0.29089033685449156,0.5001413491997861,-0.785263981889311,-0.0010335686975161214,-0.2469959650636762,-0.5658683861315004,-1.3751626038204852,-0.5017667395729549,-0.46960461007803356,-0.7707061352282111,-0.039158823964404926,-0.30343930105245687,-0.36416547244909103,-1.3677444772711809,-0.6294607438033901,1.3317999135043364,0.0,0.0,25.0
2012-06-18 17:00:00,0.0034243205139686244,-0.2410592037246944,0.43689208514814065,-0.7139727307503885,0.6852499951522195,-0.6577225638842557,0.1636835099044947,0.40250434680085195,-1.3077760759307546,-0.701346923977997,-0.30137228286524265,-0.6677470927001494,-1.4169359386825184,-0.5983674057861069,-0.39432075054717103,-0.6092029207476708,-0.11545034009048645,-0.310611706802516,-1.36417600641423,-0.3678827442305594,-0.6294607438033901,1.3317999135043364,1.0,0.0,24.0
2012-06-18 21:00:00,-0.0663621307998755,-0.029875991815144737,0.3713923905189653,-0.7490591210442791,0.626788485736629,-0.7752380867884303,0.3624843935378945,0.2673790775149896,-1.3634661945630997,-1.1836502347752507,-0.3108871834901956,-0.404696289267395,-1.0523042869207468,-0.3537811191282564,-0.321066759212565,-0.2844158897830668,-0.20872981329402207,-0.09910024147953976,-0.9981467469309481,0.9979537833748633,-0.6294607438033901,1.3317999135043364,1.0,0.0,24.0
2012-06-19 01:00:00,-0.13211073491168862,0.13206782681198173,0.3460406065425683,-0.6678942494692072,0.5746476990272321,-0.8584741992435841,0.4667960363062461,0.13527589012491642,-1.1473998033577066,-1.3076626249380106,-0.35793474418042837,-0.21259620678562177,-0.7659350384639048,0.09573379485863696,-0.2476450951384464,-0.06307605382445004,-0.34871824188545675,0.05008050336542664,0.3678930465174731,1.3639285779396655,0.8274706956797339,0.8445865525059431,0.0,0.0,22.0
2012-06-19 05:00:00,-0.12088302870268577,-0.015352134961264322,0.2969420471299598,-0.6675723117653815,0.5225319832495703,-0.9811162230022372,0.21049815814034875,0.296304819936124,-1.000417821937084,-1.202408658181965,-0.4064316058612633,-0.42721324307545744,-1.002500939363028,-0.3224967858270704,-0.2605034122032918,-0.3415260964669885,-0.4418539166716423,-0.05366697036933674,1.367903580482612,0.36406684489904434,0.8274706956797339,0.8445865525059431,1.0,0.0,21.0
2012-06-19 09:00:00,-0.10887913597464871,0.14644098639165926,0.28340115699087487,-0.5705698549160453,0.47797034375720204,-1.0727194642425992,0.16605313866048124,0.056873321105426415,-0.887500334064589,-1.039415492366563,-0.42727726497087387,-0.25662270253349123,-0.7339186007482623,-0.2790095981851383,-0.27410183329030097,-0.09984446882724216,-0.4998173814162606,0.06899543240767532,1.00187432099933,-1.0017696827063787,0.8274706956797339,0.8445865525059431,0.0,0.0,20.0
2012-06-19 13:00:00,0.03167690962952492,0.8419321746114357,0.41659283769171895,-0.09373956081503797,0.47054191236875387,-1.0096903524538927,1.2433970526848268,-0.3139121748755161,-0.3841028182978183,-0.7780265937553104,-0.4265197957326249,0.8896112526465226,0.653460366930755,-0.19248962564359479,-0.42270569275986486,1.2034048705767775,-0.47916542020300606,0.7396345522025051,-0.36416547244909103,-1.3677444772711809,0.8274706956797339,0.8445865525059431,0.0,1.0,19.0
2012-06-19 17:00:00,0.01889580720635296,0.7542301003661201,0.5026073288578502,0.15936550772322203,0.4828240641761738,-0.9142393349334563,1.443058956359568,-0.4804032697941879,0.15840578265384397,-0.3811907204091332,-0.4093172077781622,1.2335356235802364,0.527173307052283,-0.2062978242016906,-0.4099520827985004,0.9591341796911045,-0.42044659733018797,0.9908412138544923,-1.36417600641423,-0.3678827442305594,0.8274706956797339,0.8445865525059431,0.0,0.0,18.0
2012-06-19 21:00:00,-0.05515208136774469,0.554325034876085,0.5338812374157882,0.2129120009930849,0.4992761546440006,-0.8800626597410073,1.2689184134775735,-0.1587054509843016,0.5047281337264767,0.09557398970247064,-0.40621789628335836,0.6632379112069746,0.2425827495796566,0.15965852753222992,-0.3331471310141333,0.6016872663815517,-0.4279631420118183,0.6355570328605334,-0.9981467469309481,0.9979537833748633,0.8274706956797339,0.8445865525059431,0.0,0.0,18.0
2012-06-20 01:00:00,-0.1715714341694887,0.5882895146541409,0.55909330445329,0.23925620537020642,0.517779802732159,-0.8483271756337332,1.1876095573975933,-0.21088064442228915,0.38234828653506514,0.35804300772947906,-0.381853161762257,0.560973273222593,0.30839431599523615,0.7349364386085032,-0.2013540279550053,0.6188578257269334,-0.43461785501047834,0.5693550081639818,0.3678930465174731,1.3639285779396655,1.1873030452467948,-0.2501719323160819,0.0,0.0,16.0
2012-06-20 05:00:00,-0.20707950435149047,0.8278829779351895,0.6223022753007411,0.3637131174538329,0.5459755456254214,-0.7725674758010616,1.5565319384695842,-0.355712088878448,0.5628643966333252,0.4965487187583725,-0.3286434625818454,0.7759425179306377,1.036162186115203,1.2551198047314174,-0.15817495520794747,0.9663902394974312,-0.4494711856275887,0.7326377016569017,1.367903580482612,0.36406684489904434,1.1873030452467948,-0.2501719323160819,0.0,1.0,15.0
2012-06-20 09:00:00,-0.2356324203110984,0.8510987312651428,0.6694508642036135,0.4195817405371759,0.5785220632767024,-0.6810534571140339,1.5899805409048664,-0.4998756241635854,0.8624038386423658,0.6190337545935823,-0.27248733403007824,0.8075849838358853,1.0871735439432426,1.1529586615045502,-0.12235215167714053,0.9129038098945274,-0.4516463998032564,0.7730876253520277,1.00187432099933,-1.0017696827063787,1.1873030452467948,-0.2501719323160819,0.0,1.0,14.0
2012-06-20 13:00:00,-0.11064195101276868,0.6974717483081276,0.6793200539559688,0.36284726903041686,0.6066503781351045,-0.71556657333406,1.0272999103423024,0.11107158795988367,1.067628451411821,0.8537060132862044,-0.24087871838040198,0.5093032966974365,0.8870520632333514,0.8676191169095107,-0.2721143929610233,0.6828103450486772,-0.4566546290595969,0.5335520455671086,-0.36416547244909103,-1.3677444772711809,1.1873030452467948,-0.2501719323160819,0.0,0.0,13.0
2012-06-20 17:00:00,0.019624117427091543,0.8534163548993917,0.7087538444031962,0.3706908373767521,0.6353895116836882,-0.7170086455378518,0.8667842951881646,-0.2552195895971974,1.063813294707545,1.0252545498206012,-0.2228344241474871,0.6534848894038379,1.025404850754377,0.8628065062283937,-0.4106826771842397,0.8337537835454111,-0.4269832874369711,0.6507135977563384,-1.36417600641423,-0.3678827442305594,1.1873030452467948,-0.2501719323160819,0.0,1.0,12.0
2012-06-20 21:00:00,-0.002396330684718887,0.2906351363066831,0.6508815998640815,0.13942441388597268,0.6461187487614045,-0.7183477125842296,0.6324383143530379,-0.4156691433279764,0.7896674727715137,1.000346186580472,-0.22374147401852335,0.3391466683418517,0.31418339624368596,0.6311204951311976,-0.3883843773836693,0.20764118692412445,-0.4215765333758753,0.3873575346222765,-0.9981467469309481,0.9979537833748633,1.1873030452467948,-0.2501719323160819,0.0,1.0,12.0
2012-06-21 01:00:00,-0.1033303318779977,0.30894289211338233,0.6009528629812537,-0.023976118606231032,0.6441231525967954,-0.7308559645345921,0.5342183340848585,-0.40239095862535446,0.5723714831426857,0.8307468353459584,-0.22098940062563932,0.17039894398465114,0.2743574836424141,0.5058855952743386,-0.28033643173928696,0.21067862503727802,-0.41963477820549544,0.24196804064410446,0.3678930465174731,1.3639285779396655,0.17907520643152947,-1.128100072887392,0.0,1.0,10.0
2012-06-21 05:00:00,-0.11562142000478684,0.2660938566768099,0.549323201191338,-0.15932440195900027,0.6315872949714031,-0.7922853991257003,0.3077872005811478,-0.20348469532024066,0.2859928833712332,0.5643844303895207,-0.26813019104752006,0.16127978341848903,0.21792277945372118,-0.2385809057468845,-0.26648272707275933,0.20912212213382564,-0.422032878652275,0.17972120736883163,1.367903580482612,0.36406684489904434,0.17907520643152947,-1.128100072887392,0.0,1.0,9.0
2012-06-21 09:00:00,-0.13113780365368274,0.1767099892642376,0.49147571551582814,-0.28452041394496536,0.609301785060137,-0.8221186650219979,0.3502466835850811,-0.37318014221855145,0.21182360345008525,0.36650342793889235,-0.31258269871349864,0.2853877216721532,0.10505337107629248,-0.2267886513763409,-0.24876470593100383,0.15869205011631804,-0.4394460393934396,0.23401206260349847,1.00187432099933,-1.0017696827063787,0.17907520643152947,-1.128100072887392,0.0,1.0,8.0
2012-06-21 13:00:00,0.07003153775506944,-0.9519573259915768,0.25879178692559796,-0.860370251246879,0.5421719099529573,-0.8197569460623276,-0.14177967490007573,1.197483694584157,-0.4170606347825783,0.02767519120114063,-0.21441512519311717,-0.7888317896681779,-1.4988642155408032,-0.9632610420901314,-0.4601360990995511,-1.2762534275156618,-0.40984329483741316,-0.6127945754355101,-0.36416547244909103,-1.3677444772711809,0.17907520643152947,-1.128100072887392,0.0,0.0,7.0
2012-06-21 17:00:00,0.034625933309236245,-1.1660742197435405,0.02559857695784923,-1.3224357681331043,0.4390586352831922,-0.7816673617759926,-0.29871649831047975,1.4043035961209618,-1.0498157874825276,-0.4297687186584412,-0.10537423478489692,-1.2942490327123481,-1.566213471425629,-1.2291138876774688,-0.4256281567938374,-1.5065391179311807,-0.2910444848604335,-1.0679095820651767,-1.36417600641423,-0.3678827442305594,0.17907520643152947,-1.128100072887392,0.0,0.0,6.0
2012-06-21 21:00:00,-0.06516491803065758,-0.9471942344189204,-0.12927252401906583,-1.4789902682917124,0.3237536628418854,-0.7462984620815384,-0.3742097255540622,1.2810662954601424,-1.5574069728837046,-1.035636736990725,-0.09014080648964597,-1.1914135449526386,-1.3261666365946685,-1.3318909207293161,-0.3223628198219085,-1.2745505556786143,-0.2547162691665809,-0.9442006516792091,-0.9981467469309481,0.9979537833748633,0.17907520643152947,-1.128100072887392,0.0,0.0,6.0
2012-06-22 01:00:00,-0.18213160064079664,-0.96493526268244,-0.2529128945175351,-1.519261648146242,0.20531255256019726,-0.7253632614138688,-0.3305990509690494,1.2028480944538684,-1.506942344699441,-1.4088636530506196,-0.04610556731580802,-1.095733882309565,-1.3565725690065753,-1.3728224724494773,-0.18866704044491175,-1.248911945785458,-0.22102159467953808,-0.818231480522772,0.3678930465174731,1.3639285779396655,-1.4379966940383093,-1.1281000728873922,0.0,0.0,4.0
2012-06-22 05:00:00,-0.19794738681010482,-1.0082619627683491,-0.3553943253847463,-1.4939097470295628,0.08884572418056522,-0.6505645002296084,-0.4952494687935418,1.652071393774151,-1.397633616441318,-1.5279728870819347,0.03184569933267495,-1.1647048759352423,-1.258003156913475,-1.3207683233552867,-0.16942232046060804,-1.2155717536630049,-0.15017599040325477,-0.8989964713164688,1.367903580482612,0.36406684489904434,-1.4379966940383093,-1.1281000728873922,0.0,0.0,3.0
2012-06-22 09:00:00,-0.2353590576564443,-1.1625170008162156,-0.4612696362391847,-1.4828622566386964,-0.02676077975075651,-0.5811085077013667,-0.6252038299891104,1.4090963239629861,-1.4571240289292036,-1.493631275909837,0.1480753501740334,-1.0848815863993249,-1.493907667302218,-1.6056079602404933,-0.1226999176179471,-1.2759647139558026,-0.07727741144242634,-0.863172551022413,1.00187432099933,-1.0017696827063787,-1.4379966940383093,-1.1281000728873922,0.0,0.0,2.0
2012-06-22 13:00:00,-0.1892963909603667,-0.6893520813769264,-0.4847952823966058,-1.2499682227031848,-0.12423063688073875,-0.5852777748054,-0.3470401495463063,1.0186671059316361,-1.351372288257546,-1.4403567490793048,0.1912187157550765,-0.8522484099582472,-1.0583916481230036,-0.9926511720891567,-0.1799854011414576,-0.8832732101762182,-0.05400421345668352,-0.6206858458809731,-0.36416547244909103,-1.3677444772711809,-1.4379966940383093,-1.1281000728873922,0.0,0.0,1.0
2012-06-22 17:00:00,-0.28129925134335015,-0.548443049054786,-0.4807163390996592,-0.988546739002007,-0.20134226913028783,-0.5891492371162874,-0.41865912324636145,0.9103877755867611,-1.2317742152918945,-1.383558665188841,0.22728951695791996,-0.6940207522038895,-0.9207806837295754,-0.9236882218097426,-0.06290359480923403,-0.7360398247728559,-0.04623435535485055,-0.45838285315778543,-1.36417600641423,-0.3678827442305594,-1.4379966940383093,-1.1281000728873922,0.0,0.0,0.0
2012-06-24 21:00:00,-0.29665992913370254,-0.9652872078421078,-0.5439545589143816,-0.9625653324024205,-0.27643059667367526,-0.5454108510989077,-0.5772919495149509,1.2172892448341623,-1.2323105295204433,-1.3065719167100864,0.2745415171652064,-0.840923892465523,-1.4954198757021557,-1.2461381982466226,-0.042284114682949285,-1.0566811940095926,0.006519453619246561,-0.6973715512848253,-0.9981467469309481,0.9979537833748633,-2.0863921832865144,0.8445865525059428,0.0,0.0,0.0
2012-06-25 01:00:00,-0.38604409507013954,-0.9059452221703354,-0.5806961702223884,-0.8696885326722635,-0.34428613390346013,-0.49849492121867045,-0.6398274808622898,1.1864145353266733,-1.351506366814698,-1.306617831533631,0.299727524528764,-0.7990827029611826,-1.394479965006991,-1.1603651089733507,0.08442547341998101,-0.9204562327018996,0.06737375834302606,-0.6926950398420518,0.3678930465174731,1.3639285779396655,-0.6294607438033901,1.3317999135043364,0.0,0.0,28.0
2012-06-25 05:00:00,-0.35446885995941463,-1.2502986345230964,-0.6685483979625296,-0.9344482832988016,-0.41718484336144196,-0.37974385370702074,-0.8354129594660321,1.8568954072413326,-1.5334104014904555,-1.409912292320155,0.3852746869759599,-0.9615461108075052,-1.433682998410732,-0.5999530660731782,0.03830346399888787,-1.1613570781590832,0.1637489149617488,-0.9444038235555919,1.367903580482612,0.36406684489904434,-0.6294607438033901,1.3317999135043364,0.0,0.0,27.0
2012-06-25 09:00:00,-0.3829098573283502,-1.3175534311473678,-0.7437276613346461,-0.9517756248646658,-0.4914329213226689,-0.24906298341941074,-0.9532824678968912,1.9110626666292254,-1.484504233809546,-1.4962753146968888,0.4497460685247272,-1.024360344722597,-1.3575225132250923,-0.4342073313822702,0.07977773582239128,-1.1087523889219626,0.28185204476602305,-1.0586970426292586,1.00187432099933,-1.0017696827063787,-0.6294607438033901,1.3317999135043364,0.0,0.0,26.0
2012-06-25 13:00:00,-0.41626328323466966,-1.2778154231332144,-0.7903793276296309,-0.8880199328044981,-0.5607160182196302,-0.12771646100948728,-1.0590908320922117,1.6523501074674343,-1.4604553841810195,-1.5335845982543583,0.43114494579242274,-0.9486279134044846,-1.326671075215861,-0.5531942255969171,0.1300501110724348,-0.9921265183891412,0.3552583740198237,-0.9646872733779438,-0.36416547244909103,-1.3677444772711809,-0.6294607438033901,1.3317999135043364,0.0,0.0,25.0
2012-06-25 17:00:00,-0.510045309828138,-1.1401532170987079,-0.8049002361316357,-0.7495943746881168,-0.6192192105676829,-0.01984136147942268,-1.0681944117866895,1.5559018648767482,-1.3565350743644418,-1.473014141598688,0.35575172888466394,-0.8165411290653515,-1.140666037339395,-0.4708247277567123,0.2817028359071683,-0.8476443408583736,0.35897017055133074,-0.7838031041030158,-1.36417600641423,-0.3678827442305594,-0.6294607438033901,1.3317999135043364,0.0,0.0,24.0
2012-06-25 21:00:00,-0.5586213812075743,-0.9330059725314005,-0.7874759697012272,-0.5519378554867727,-0.662329881191759,0.020725429736895735,-0.7650273001273794,1.3593055572963204,-1.0202901902054171,-1.314045352316704,0.2506231619090139,-0.6965894832107835,-0.4094359043036824,-0.33290046269418916,0.36684577404325536,-0.6737580444204713,0.36347432662727025,-0.6223954734530519,-0.9981467469309481,0.9979537833748633,-0.6294607438033901,1.3317999135043364,0.0,1.0,24.0
2012-06-26 01:00:00,-0.593627473785374,-1.0758590441622633,-0.78712306506601,-0.4402602093175623,-0.6967436436557196,0.04318083576660262,-0.7744072204241063,1.1421091177569458,-0.8189185694013527,-1.0943528804269171,0.06679437229564589,-0.7103069931461994,-0.7588773448260766,-0.2971104265118744,0.43129034038671094,-0.7644829640199858,0.3566098428028882,-0.5997606953399558,0.3678930465174731,1.3639285779396655,0.8274706956797339,0.8445865525059431,0.0,0.0,22.0
2012-06-26 05:00:00,-0.5570094807912924,-1.2627789407769785,-0.808265152862224,-0.40940142606203755,-0.728754275205732,0.09711028828026536,-0.9680383156551399,1.187147442305039,-0.8529939264092413,-0.921916635235763,-0.03475929584006793,-0.8071770060177323,-1.236745981437865,-0.7112041897807287,0.3639423333634488,-0.9067987093316254,0.3128982610448981,-0.6432970505420992,1.367903580482612,0.36406684489904434,0.8274706956797339,0.8445865525059431,0.0,0.0,21.0
2012-06-26 09:00:00,-0.4911281149392306,-1.4503763841299644,-0.8482720336866398,-0.436041516179755,-0.7628395065085002,0.19575176518760917,-1.172156103282291,1.405836450296552,-1.1833686337969962,-0.9777623880580353,-0.1651279592506081,-1.0637285367551745,-1.3409707789057372,-0.9540000464849075,0.24981395434564235,-1.095165217075121,0.24960536292732746,-0.8013444742826499,1.00187432099933,-1.0017696827063787,0.8274706956797339,0.8445865525059431,0.0,0.0,20.0
2012-06-26 13:00:00,-0.4255336974386433,-0.9553136411363694,-0.8257844838451233,-0.28731944411562665,-0.7853429911816515,0.31181353126075007,-1.3522263875676224,1.3096734214808154,-1.086361544352494,-1.0693474801415719,-0.3970268829893948,-1.0161178641820163,-0.48535311648636187,-0.386191464683713,0.14434859962326688,-0.7315748737877288,0.18840690691423448,-0.751521705889978,-0.36416547244909103,-1.3677444772711809,0.8274706956797339,0.8445865525059431,0.0,0.0,19.0
2012-06-26 17:00:00,-0.48393390984170365,-0.9085629616865221,-0.7946039595758975,-0.14469003940054417,-0.7967391963204588,0.41134012836726536,-1.3702101620500544,1.1407923724330598,-0.8006118649324325,-1.0514093910040447,-0.724860791902873,-0.695409587035141,-0.4310372336621858,-0.39814364646530737,0.23786541115264956,-0.7416106429273532,0.045501371599654006,-0.5362025011612112,-1.36417600641423,-0.3678827442305594,0.8274706956797339,0.8445865525059431,0.0,0.0,18.0
2012-06-26 21:00:00,-0.5514192689870124,-1.067234313558185,-0.7841471035541197,-0.08697123914266984,-0.8036405439638438,0.5056367739458033,-1.4229223271634457,1.029351820151481,-0.5525715339628982,-0.8353947041913218,-0.7380830961433216,-0.7646365354015575,-0.6415884913422749,-0.1889841592744166,0.35391551506993274,-0.9573524512793476,-0.08488098518579926,-0.5597944864830144,-0.9981467469309481,0.9979537833748633,0.8274706956797339,0.8445865525059431,0.0,0.0,18.0
2012-06-27 01:00:00,-0.5900961292199286,-0.6766473458574881,-0.7321016397860122,0.07235761732421005,-0.7981341405533686,0.5456711319116814,-1.2443962019478632,0.8370059057998497,-0.37190111180249863,-0.5907297451768301,-0.7437253219704072,-0.4980933059781443,0.02407086570110139,0.05197877215660154,0.4246664045375836,-0.4353245308374709,-0.23808469312600092,-0.4087988376182664,0.3678930465174731,1.3639285779396655,1.1873030452467948,-0.2501719323160819,0.0,0.0,16.0
2012-06-27 05:00:00,-0.6320073856081362,-0.8011787547612389,-0.699403862233562,0.14717973542165116,-0.7868009570149098,0.5849255161833002,-1.322560706886374,0.6877106539510431,-0.22442287836786798,-0.39341545265643113,-0.7700085929676879,-0.553666323222985,-0.015202986617905739,-0.04760626513547727,0.5051406354197912,-0.5952123840660547,-0.42576865042350603,-0.4211296656681101,1.367903580482612,0.36406684489904434,1.1873030452467948,-0.2501719323160819,0.0,0.0,15.0
2012-06-27 09:00:00,-0.6406242025735915,-1.100368647841513,-0.7077175302818282,0.09545394991417892,-0.7794959243329501,0.6551366116055333,-1.4268640079132149,0.8612667159208544,-0.23115146377328286,-0.28334605662465834,-0.7717758447535498,-0.8675676954242902,-0.6605606215378402,-0.31823969991107554,0.5222037020644813,-1.0768559298139189,-0.7085164197371262,-0.539026164239018,1.00187432099933,-1.0017696827063787,1.1873030452467948,-0.2501719323160819,0.0,0.0,14.0
2012-06-27 13:00:00,-0.6382096400887636,-1.0392483742335117,-0.7012595325238545,0.09426390371516351,-0.7722835666209074,0.7627423917462165,-1.5335251081723271,1.169640345931136,-0.41082924336918003,-0.2966768854296618,-0.784828337105347,-1.1191391850626458,-0.4825542304149681,-0.3904689834089981,0.5174040313598653,-0.9194174504277879,-0.7733880691852931,-0.6256799350629699,-0.36416547244909103,-1.3677444772711809,1.1873030452467948,-0.2501719323160819,0.0,0.0,13.0
2012-06-27 17:00:00,-0.6902564407213172,-1.1104000115346906,-0.6980238837680859,0.08454453582852542,-0.7658281056808149,0.8626620447339943,-1.5885893400843814,1.0075412060199807,-0.6446053397571652,-0.44056718363344194,-0.774181486100795,-1.0583130568551171,-0.6743653914994211,-0.3294309851381311,0.6241442322717107,-0.9572961797743268,-0.7614415396169792,-0.5770382595946107,-1.36417600641423,-0.3678827442305594,1.1873030452467948,-0.2501719323160819,0.0,0.0,12.0
2012-06-27 21:00:00,-0.718385093902478,-0.578089925229663,-0.6437465758905435,0.21564261365532722,-0.7491633684715948,0.8595746720588143,-1.1627836959063629,0.7987396540707227,-0.3387111053899561,-0.4774006793860782,-0.8699258446167284,-0.5351892422220178,0.20194834443547705,0.03618792833340908,0.684841731009336,-0.26707803364605187,-0.7837604057146887,-0.34778824510749484,-0.9981467469309481,0.9979537833748633,1.1873030452467948,-0.2501719323160819,0.0,0.0,12.0
2012-06-28 01:00:00,-0.7044191530079439,-0.11257677695003035,-0.5491541912677613,0.4302098833514114,-0.7157891831075833,0.7164578525344133,-0.4328773974226464,0.5093134515300141,0.22151154196346587,-0.26085736183045266,-1.0315693865793611,0.4553980166686214,1.097067096162841,0.4186399151433347,0.6544300329105128,0.7371741348740821,-0.8307374032492071,-0.06322138555915564,0.3678930465174731,1.3639285779396655,0.17907520643152947,-1.128100072887392,0.0,1.0,10.0
2012-06-28 05:00:00,-0.4597760789338236,-1.2503240603483996,-0.636390377356024,0.10714656871871119,-0.7075735865358711,0.7555778016663058,-0.9196348512195001,1.7763550307807896,0.04924642877481859,-0.02324978165402213,-0.9337564902279335,-1.766347725934595,-1.1600895011969399,-0.6266302548377635,0.19844340384705514,-2.216235879492182,-0.8091666652366056,-0.6709997291795191,1.367903580482612,0.36406684489904434,0.17907520643152947,-1.128100072887392,1.0,0.0,9.0
2012-06-28 09:00:00,-0.4491318214109676,-1.1445756078852687,-0.6865393130591411,-0.05039750921397909,-0.7116267512064458,0.7919034687173493,-1.0712884835067724,1.422232064819833,-0.37698563599142393,-0.03635678665286298,-0.9107081867159567,-2.0510494120085747,-0.9998689379552912,-0.593011493101746,0.18140828533461936,-1.7742319780444127,-0.7674370988014824,-0.7767728877998414,1.00187432099933,-1.0017696827063787,0.17907520643152947,-1.128100072887392,1.0,0.0,8.0
2012-06-28 13:00:00,-0.48974916508382815,-1.2267121026911054,-0.7332951402610322,-0.16720084010809047,-0.724775987261284,0.8256344452647463,-1.1624235379513899,1.2094246608942387,-1.1883470905817217,-0.5191588969345373,-0.8225457686915648,-1.8756665817481264,-1.1906730787278217,-0.5553770579725741,0.24751617186746025,-1.679124982480072,-0.7604729964271281,-0.7871977197912288,-0.36416547244909103,-1.3677444772711809,0.17907520643152947,-1.128100072887392,1.0,0.0,7.0
2012-06-28 17:00:00,-0.49085182953488005,-0.8863830556505822,-0.7274089120147146,-0.11741559235998139,-0.7340481920368467,0.8267134905834798,-1.1123707325486367,0.923343097298542,-1.0144781518319168,-0.8834283778741167,-0.7913100078419539,-1.377192528889805,-0.6698431947041231,-0.5582913776850558,0.2493532845474462,-1.0411566486838968,-0.8192778592637787,-0.652335332830436,-1.36417600641423,-0.3678827442305594,0.17907520643152947,-1.128100072887392,1.0,0.0,6.0
2012-06-28 21:00:00,-0.5546867204913074,-0.7836376452244261,-0.7041276735461073,-0.030259245968853783,-0.7365330873898382,0.8277154612365897,-1.1774372027974858,0.7861433926343958,-0.8405968761186434,-1.0421907388064646,-0.7782342983592597,-0.9790122334127004,-0.5095878457737982,-0.4264824056626611,0.35976813559840237,-0.8084026005283458,-0.8505070480519571,-0.515747424119164,-0.9981467469309481,0.9979537833748633,0.17907520643152947,-1.128100072887392,1.0,0.0,6.0
2012-06-29 01:00:00,-0.11715546628665538,0.7978596656706365,-0.4409909325067759,0.6920619851802986,-0.6827671427144916,0.7788987096067089,1.8374359629442898,-0.15896625089966399,-0.09013933854708275,-0.66611259311832,-0.5915781198474327,1.672605734928945,0.9253405037992343,0.9501232123033867,-0.26474246979233224,1.979812932469692,-0.8290195612347361,0.6107169109737579,0.3678930465174731,1.3639285779396655,-1.4379966940383093,-1.1281000728873922,1.0,0.0,4.0
2012-06-29 05:00:00,-0.08963617267723918,0.8206586465719797,-0.22508647570077694,1.141409902320652,-0.5940081828623421,0.733568868807534,1.4438346164750782,-0.38115201113239316,0.4901029682795881,-0.15087303426381415,-0.4455345562745683,2.133027757853157,0.966226190880519,0.9489823975715367,-0.2955863623662869,1.6984898274152294,-0.6813961749916305,0.923367707271003,1.367903580482612,0.36406684489904434,-1.4379966940383093,-1.1281000728873922,0.0,0.0,3.0
2012-06-29 09:00:00,0.15528246632432685,1.538524607567763,0.13783079690021094,1.900879051976632,-0.4461054850145762,0.7967818220940348,2.2462679241330554,-0.7868834015969371,1.1946488778412563,0.5460911309871034,0.055846025900349344,2.6669551461935836,1.4769718721425644,1.9427051414364163,-0.5390663162971104,2.335868759010959,-0.3574404409217463,1.5567645480920662,1.00187432099933,-1.0017696827063787,-1.4379966940383093,-1.1281000728873922,0.0,0.0,2.0
2012-06-29 13:00:00,0.12230960372125296,1.1730348223111084,0.3679365890255369,2.14710238918969,-0.2790281195043622,0.8554795644314994,1.9454422343642002,-0.9064211169441518,1.2746037835956754,1.0134435620414313,0.3122729495129017,2.1250816985463366,1.150783860812472,1.4633347515927477,-0.5092094538152612,1.6080406453120584,-0.07554003029607041,1.6145952229524116,-0.36416547244909103,-1.3677444772711809,-1.4379966940383093,-1.1281000728873922,0.0,0.0,1.0
2012-06-29 17:00:00,0.03645615190099,1.2501780400413371,0.5661079555683969,2.25719423296235,-0.10337734035846069,0.8941087736577055,1.7682155354866036,-0.8702095272518087,1.3891618717143468,1.3213237464980936,0.5344494031530861,1.5581974097689215,1.2892377649022182,1.3490239968853308,-0.42743810920214464,1.4517483365375372,0.12812789226879867,1.42466033979628,-1.36417600641423,-0.3678827442305594,-1.4379966940383093,-1.1281000728873922,0.0,0.0,0.0
2012-06-30 21:00:00,-0.12596078448340556,1.2529071626461652,0.7154843464328832,2.2125068868914988,0.06879340712462603,0.9299787536534688,1.7654522630713319,-0.8713707897462983,1.3242453158490528,1.365703680989963,0.7200404525309873,1.281881690305194,1.2939311175832315,2.192566594227137,-0.2547050063104309,1.2553631164534704,0.3072172464709351,1.36898689676503,-0.9981467469309481,0.9979537833748633,-2.446224532853575,-0.25017193231608226,0.0,0.0,0.0
2012-07-01 21:00:00,-0.1173817921954126,0.8371967720543702,0.7675507246484137,1.9119970219448947,0.21756191802502745,0.8633680850086102,1.4154446820868274,-0.31597811113637825,1.250173861079675,1.357337722962349,0.8131757116353708,0.9526559665547863,0.9419296665075796,1.855718020270207,-0.26448550905869617,0.8835442465331304,0.42824887965619635,1.090003197903286,-0.9981467469309481,0.9979537833748633,-2.0863921832865144,0.8445865525059428,0.0,0.0,0.0
2012-07-02 01:00:00,-0.2063149488564033,0.7325743819030722,0.7846847810391699,1.5765456616073836,0.34020711980212637,0.7637890895298666,1.2814046985235932,-0.09490716579539173,1.0945405797103147,1.2564454928976432,0.8684707183728947,0.6728118802100487,0.8504092892279133,1.8587932015608837,-0.15912044854529253,0.735835797222603,0.49755006740401264,0.7654022688251064,0.3678930465174731,1.3639285779396655,-0.6294607438033901,1.3317999135043364,0.0,0.0,28.0
2012-07-02 05:00:00,-0.230503612427695,0.9165644850496685,0.8289905755715752,1.3821131329062415,0.4477108684464225,0.697324398169172,1.3543498259462168,-0.25983823433942493,1.0254627061613497,1.1541282313348493,0.9513098083318661,0.6639383202886348,1.0991569813213788,1.8840938380820351,-0.12886125976632382,0.8244495701172077,0.5603951146758783,0.8193211149133247,1.367903580482612,0.36406684489904434,-0.6294607438033901,1.3317999135043364,0.0,0.0,27.0
2012-07-02 09:00:00,-0.11945171014172816,0.29113800070844503,0.7627143565845332,0.9256968111407506,0.5196711491780996,0.5670598562463204,0.8460383638517528,-0.0472558098496166,0.8706388763758276,1.0241575468202317,0.9557378973344139,0.47257121263006874,0.5053835458767619,1.3787754837738413,-0.2621328860959057,0.38383769883692676,0.5869537224431773,0.5521305030666331,1.00187432099933,-1.0017696827063787,-0.6294607438033901,1.3317999135043364,0.0,0.0,26.0
2012-07-02 13:00:00,-0.1552106535795552,0.21507340954427817,0.6898273787622964,0.5425772754325873,0.5617959567359293,0.39953064940644023,0.638162705895773,0.18313651971963435,0.7210206447847707,0.8962466991285245,0.924777248532689,0.23242464438809907,0.428541036342032,0.14405275132208184,-0.22075787858102996,0.28632712830870727,0.5907476789862798,0.19654498584931862,-0.36416547244909103,-1.3677444772711809,-0.6294607438033901,1.3317999135043364,0.0,0.0,25.0
2012-07-02 17:00:00,-0.249648209489739,0.030261941924596466,0.5956047338197302,0.17803180370092467,0.5755317482588715,0.24396781448369406,0.540383168417591,0.09971101702097042,0.4176057176798738,0.6880877887145662,0.8794010571415597,0.1449264293317256,0.24363874777415984,-0.022420829969587323,-0.10439452540729109,0.119350154565332,0.5819589031572973,0.09967334382384435,-1.36417600641423,-0.3678827442305594,-0.6294607438033901,1.3317999135043364,0.0,0.0,24.0
2012-07-02 21:00:00,-0.3515437154977564,0.08801266186080027,0.5242435546159582,-0.05140335479692416,0.5714002532602661,0.09951661062685857,0.4658321568794327,0.036104092968455515,0.3111884253116366,0.4965055604423505,0.818909884484442,0.1140023945769335,0.2053260145797682,-0.9066027363360784,0.03410814168735532,0.11827108857498028,0.5756438465905831,0.09529256206414015,-0.9981467469309481,0.9979537833748633,-0.6294607438033901,1.3317999135043364,0.0,0.0,24.0
2012-07-03 01:00:00,-0.3915564436013763,0.22930358571629042,0.4848190607211994,-0.148058507358839,0.559741728333404,0.011692384473992408,0.7570247447140265,-0.11139705352315811,0.2679255809974679,0.3413444344223572,0.7832806498408358,0.17187303312835522,0.30655576521827427,-0.5426871237500902,0.09263762178563704,0.18192601195952088,0.5678718486194335,0.20782598977614028,0.3678930465174731,1.3639285779396655,0.8274706956797339,0.8445865525059431,0.0,1.0,22.0
2012-07-03 05:00:00,-0.4044073704744999,0.26550313151099564,0.45387854985965825,-0.2022995037804567,0.5438591802418953,-0.05447147465012667,0.6796683657965982,-0.2879576616465822,-0.05401887036963784,0.17983792510662153,0.7661715365109087,0.16939297864303154,-0.6641259128573633,-0.6230161537468513,0.11197255458687201,0.17467051697800445,0.543850505668299,0.22125225177857386,1.367903580482612,0.36406684489904434,0.8274706956797339,0.8445865525059431,0.0,1.0,21.0
2012-07-03 09:00:00,-0.40718701390253886,-0.08493373919415392,0.3770894418008395,-0.37043664856963815,0.5148829347391792,-0.16939627401120877,0.4295603901331424,-0.06195507413223856,-0.626801266537452,-0.1413739979850242,0.5821083882016543,-0.04810006055733182,-1.409709173214471,-0.8562724757702825,0.11619005777377588,-0.11622913425099636,0.49239201357588347,0.0033373790063773276,1.00187432099933,-1.0017696827063787,0.8274706956797339,0.8445865525059431,0.0,0.0,20.0
2012-07-03 13:00:00,-0.3333848995274401,0.4024706003698273,0.3879374579059583,-0.2665042625220845,0.49400043446948566,-0.21214768579471607,0.6915224353656774,-0.358228642414633,-0.8731534335481799,-0.532133286543066,0.38187220542764855,0.1277479564366899,-0.3880665223618079,-0.2138624285803395,0.00835001538325353,0.2072522580171788,0.439922485358007,0.25087525097748575,-0.36416547244909103,-1.3677444772711809,0.8274706956797339,0.8445865525059431,0.0,1.0,19.0
2012-07-03 17:00:00,-0.4444496025159837,0.3546244639617223,0.3855974621089152,-0.2192401481581852,0.47679863195795585,-0.251845425307973,0.6396772980157315,-0.3939712180892846,-0.7638651902324906,-0.7752181556882576,0.09139510306046791,0.14478619792293987,-0.35597335833062765,-0.1725343270455309,0.17397827148520775,0.0965819631283792,0.40189815607732643,0.3112731804189708,-1.36417600641423,-0.3678827442305594,0.8274706956797339,0.8445865525059431,0.0,1.0,18.0
2012-07-03 21:00:00,-0.4904515201043208,0.0059948210229576636,0.3327492712072773,-0.31885098590444716,0.45183962523101134,-0.36031550108078225,0.4729215343108983,0.03741819197183862,-0.6329785531727814,-0.7773335500650456,-0.21615004930146897,-0.23316977724220908,-1.0406571110740148,-0.59345007245451,0.2486860768195648,-0.3585790861331716,0.3752978332111071,0.10689496869908902,-0.9981467469309481,0.9979537833748633,0.8274706956797339,0.8445865525059431,0.0,1.0,18.0
2012-07-04 01:00:00,-0.5543150045915023,0.08391097859940655,0.29849817049586685,-0.347940902250358,0.42461523828229447,-0.4623327799254713,0.3499104254102247,-0.05691260521844946,-0.8061848209806121,-0.7544003376677939,-0.6302141233627421,-0.44204248530813395,-0.8764443411071354,-0.09441095851669956,0.35910118883632614,-0.5265248726401079,0.262112127820403,0.09156728927759146,0.3678930465174731,1.3639285779396655,1.1873030452467948,-0.2501719323160819,0.0,1.0,16.0
2012-07-04 05:00:00,-0.5962569907416768,0.021616636727557672,0.2601446681061871,-0.3823746036786841,0.3947093232999258,-0.5786941891697602,0.19447587244935371,-0.018397471604616206,-1.0033662314610943,-0.8364167933964657,-0.6436145697329118,-0.5987338180602538,-0.9119522404252818,-0.07413271075198354,0.4362409878478396,-0.6416697467942495,0.09415105773685073,0.04206763112343863,1.367903580482612,0.36406684489904434,1.1873030452467948,-0.2501719323160819,0.0,1.0,15.0
2012-07-04 09:00:00,-0.61247753704915,-0.3107171512496788,0.1833415814635437,-0.5145347612618899,0.3545114224783677,-0.6940947220040977,0.002335155498551103,0.32596783251748335,-1.1753097137241448,-1.022136568940923,-0.6176396137928047,-0.9780129332549893,-1.5254743401379856,-0.14541280879966464,0.4671302148282311,-1.1210715779468137,-0.12587625139047617,-0.15650666691341356,1.00187432099933,-1.0017696827063787,1.1873030452467948,-0.2501719323160819,0.0,1.0,14.0
2012-07-04 13:00:00,-0.5524187934892649,-0.5489222263955351,0.08691534600370422,-0.6736533299529976,0.3019221467850755,-0.6775095401139332,-0.2991720388824149,1.2446103153924286,-1.2027863585458565,-1.1579516463233848,-0.6417101715039231,-1.496445446533718,-0.9539183496075413,-0.357967360172852,0.3557034668060635,-1.4070535045808055,-0.3506334720949709,-0.4661279357100349,-0.36416547244909103,-1.3677444772711809,1.1873030452467948,-0.2501719323160819,0.0,1.0,13.0
2012-07-04 17:00:00,-0.6068059144545442,-0.7688859281267999,-0.023220046255429103,-0.8382479045554717,0.2365150516975415,-0.662109014073066,-0.4049169074041769,1.0784727068490922,-1.3038757552972018,-1.2608602847631778,-0.5815706363131412,-1.5708077687629967,-1.1969870703338514,-0.6319177128617742,0.45626046505642015,-1.5664746130936802,-0.5921049576801934,-0.509270628998905,-1.36417600641423,-0.3678827442305594,1.1873030452467948,-0.2501719323160819,0.0,1.0,12.0
2012-07-04 21:00:00,-0.6522581113564617,-0.6835125399999872,-0.10037383046200703,-0.8801875759514114,0.1678419003945743,-0.622442036867033,-0.5170603407997989,1.2044222919919256,-1.1395177310063096,-1.248603421281667,-0.595956423338789,-1.5915887085871385,-1.0620453060020252,-0.6151513540147945,0.5455323000219995,-1.3427368059803018,-0.5566914713766004,-0.5246479964219232,-0.9981467469309481,0.9979537833748633,1.1873030452467948,-0.2501719323160819,0.0,1.0,12.0
2012-07-05 01:00:00,-0.7149798747069555,-0.7117610685197142,-0.16383138223293944,-0.8764747578818451,0.0994578851799279,-0.5975272032047423,-0.5109257628739728,1.0688700141251364,-1.198803488221587,-1.2472394985782507,-0.6427835270976845,-1.3699795031054849,-1.1210823278972069,-0.4044973137052782,0.6773758089081245,-1.3055468953076708,-0.49811482051033346,-0.44654533792296697,0.3678930465174731,1.3639285779396655,0.17907520643152947,-1.128100072887392,0.0,1.0,10.0
2012-07-05 05:00:00,-0.7252452798712511,-0.9532363675780398,-0.24622281433021398,-0.9250195920921697,0.027293436017600214,-0.5347908211225976,-0.6661454022745854,1.2939580024856112,-1.327617200723618,-1.2553696895693278,-0.5972273227804404,-1.4259250827697434,-1.5601942494529513,-0.9399649000435665,0.6999835746741836,-1.5070742016111711,-0.4554464997549433,-0.5405975748521875,1.367903580482612,0.36406684489904434,0.17907520643152947,-1.128100072887392,0.0,1.0,9.0
2012-07-05 09:00:00,-0.3623303757933525,-1.9483608960674923,-0.5233258596274175,-1.4936246269741085,-0.08915118860844327,-0.287849465479653,-1.2213602171254705,3.2935501696231424,-1.4603050573539231,-1.3652224042579262,-0.14758337076271263,-2.422548457758168,-1.4361761432705564,-1.9613277916159542,0.049642922807622315,-2.541066294637473,-0.2500894985794078,-1.4066009957393417,1.00187432099933,-1.0017696827063787,0.17907520643152947,-1.128100072887392,0.0,1.0,8.0
2012-07-05 13:00:00,-0.3712718499094066,-1.9704810085357967,-0.7414500023243406,-1.7880395199475867,-0.22852340324906267,-0.04696569812261708,-1.3333069294712185,3.178050242011904,-1.5364836487810847,-1.4808600223530541,0.10500552985102353,-2.365365466084761,-1.3358778707326757,-1.771049001644851,0.0626551550211861,-2.0442365737244885,0.027860893305729238,-1.7892725510966005,-0.36416547244909103,-1.3677444772711809,0.17907520643152947,-1.128100072887392,0.0,1.0,7.0
2012-07-05 17:00:00,-0.46195488817595565,-1.9795959620899002,-0.9067275000284204,-1.8797868769306953,-0.375040452733411,0.17671208585177342,-1.3714367135495535,3.0310833488194224,-1.4632452942583611,-1.5273054802595976,0.3409354624805549,-1.846090779150298,-1.3536890907020647,-1.83766198315638,0.20195531667159222,-1.696113708250247,0.19873526773677178,-1.606066795658519,-1.36417600641423,-0.3678827442305594,0.17907520643152947,-1.128100072887392,0.0,1.0,6.0
2012-07-05 21:00:00,-0.546476199673118,-2.0390918138692644,-1.042684448766932,-1.8734097426236134,-0.5210608822289268,0.3854418610252282,-1.4101927905303626,2.9077055951331,-1.4683452247819377,-1.5300588129070387,0.5422735515488966,-1.5608698543193034,-1.4505560671404039,-1.8807794139813405,0.3451040951408694,-1.5201789101315186,0.3422154005778071,-1.5176103819822597,-0.9981467469309481,0.9979537833748633,0.17907520643152947,-1.128100072887392,0.0,1.0,6.0
2012-07-06 01:00:00,-0.6211726773532513,-2.05170289012383,-1.1409080427791372,-1.7656435479789843,-0.6586890082533488,0.587517972262725,-1.4531218159727246,2.9508647267811603,-1.5164213835204143,-1.5231885467815645,0.7094060489421216,-1.347778803206077,-1.4714349139939575,-1.6870183739560556,0.48394111165459613,-1.338161596129944,0.47739063326165404,-1.4544659142021328,0.3678930465174731,1.3639285779396655,-1.4379966940383093,-1.1281000728873922,0.0,1.0,4.0
2012-07-06 05:00:00,-0.6267758047696814,-1.9838412287793719,-1.1995781636133191,-1.571813947249507,-0.7812226342226573,0.7268245254746082,-1.2450771731622101,2.5565181541684154,-1.5411395115763058,-1.5498632016949803,0.8239708342306081,-1.1200823258630506,-1.4233850989134846,-1.4956505316105382,0.4948691389174422,-1.165125856281465,0.5558792866151844,-1.3202132550828474,1.367903580482612,0.36406684489904434,-1.4379966940383093,-1.1281000728873922,0.0,1.0,3.0
2012-07-06 09:00:00,-0.5407607409359371,-2.355911594757701,-1.337571691512439,-1.632572500555959,-0.908487838768103,0.903663785806245,-1.4394090856290351,2.9835494762003902,-1.6180038777937358,-1.6011133851020694,1.0105004135797402,-1.1865720163061084,-1.6672852420577873,-1.852408206004845,0.33497917365811775,-1.4247621717928898,0.6909098233603874,-1.605389037963087,1.00187432099933,-1.0017696827063787,-1.4379966940383093,-1.1281000728873922,0.0,0.0,2.0
2012-07-06 13:00:00,-0.4410047245051879,-2.5900655389988567,-1.5210411289887344,-1.8049096865673908,-1.04917381936611,1.1184708125093816,-1.6172999577232579,3.694562231662678,-1.651871821532623,-1.647498005376241,1.2501618280467608,-1.3218492098318515,-1.5669300291415131,-2.3408027300204934,0.16853623170678467,-1.5411744401572864,0.9227474676743445,-2.0422388211034086,-0.36416547244909103,-1.3677444772711809,-1.4379966940383093,-1.1281000728873922,0.0,0.0,1.0
2012-07-06 17:00:00,-0.44337970296430285,-2.3835726076022055,-1.6291439986590404,-1.737722925244573,-1.1846276240287932,1.3228858069248295,-1.706775923602797,3.3984220019567566,-1.6358333705856312,-1.679925650180517,1.4213490626337668,-1.2050545616386672,-1.3781625801866453,-2.230732625325597,0.17228588391806285,-1.2900344766869585,1.128070725143686,-1.9996966417301216,-1.36417600641423,-0.3678827442305594,-1.4379966940383093,-1.1281000728873922,0.0,0.0,0.0
2012-07-08 21:00:00,-0.46673245826006426,-2.4269883223556934,-1.711129626558774,-1.6129140184852606,-1.310361922264868,1.5155087665515583,-1.7770442170916863,3.118583102243458,-1.5461327886068381,-1.6553135984991127,1.4858615444333205,-1.1184341202465855,-1.4143626710594133,-2.141929269331987,0.20968599609588393,-1.2082877086668105,1.2999080304593225,-1.933025908750661,-0.9981467469309481,0.9979537833748633,-2.0863921832865144,0.8445865525059428,0.0,0.0,0.0
2012-07-09 01:00:00,-0.539549722906653,-2.3179550137238705,-1.7469933152666115,-1.3875788396009046,-1.418548220312695,1.651605690761542,-1.5529586986529875,2.9281925744671446,-1.46944686631351,-1.5928426873632726,1.4804510149793093,-0.956202051149413,-1.3507040003026418,-1.0469992467906888,0.3328425199754452,-1.0692365934478094,1.393919274135419,-1.6449973756543197,0.3678930465174731,1.3639285779396655,-0.6294607438033901,1.3317999135043364,0.0,0.0,28.0
2012-07-09 05:00:00,-0.5494048958210196,-2.380651466419178,-1.7751906399628066,-1.186452139504657,-1.5110717559431095,1.7340941099302243,-1.3723682743571428,2.547884530509796,-1.5039915438368407,-1.5476938258332376,1.4822493858737062,-0.8986329754377865,-1.475565835112863,-1.1120496779050593,0.3503185667846616,-1.0357462581243169,1.4511369429316205,-1.5430573479065905,1.367903580482612,0.36406684489904434,-0.6294607438033901,1.3317999135043364,0.0,0.0,27.0
2012-07-09 09:00:00,-0.5355149110170117,-1.8824205996566854,-1.7364735411182495,-0.8434907683617396,-1.5768871395877826,1.7748156587420472,-1.2741817373243214,2.1235280671505232,-1.433795804137949,-1.5092243425018859,1.3784669390939956,-0.7811402600562043,-1.2164365643818262,-0.8963156344835811,0.3257454369594368,-0.8177596786762851,1.4816673791641148,-1.3087524225509204,1.00187432099933,-1.0017696827063787,-0.6294607438033901,1.3317999135043364,0.0,0.0,26.0
2012-07-09 13:00:00,-0.518513837596399,-1.6546385775156562,-1.6669111087101942,-0.48519803476715595,-1.6148004398218918,1.781515981277793,-1.2189421639316353,1.7247913050305375,-1.3331888470143967,-1.4625631682949007,1.211861104468134,-0.6938826807800811,-1.0670294722819882,-0.7166204977661468,0.2962034353958837,-0.6845320357378073,1.441413095442791,-1.1203662616738872,-0.36416547244909103,-1.3677444772711809,-0.6294607438033901,1.3317999135043364,0.0,0.0,25.0
2012-07-09 17:00:00,-0.5863698998632175,-1.5524868615345127,-1.584921963945163,-0.16475338865849323,-1.6277590803438402,1.787737709346699,-1.275261313418343,1.5714864965258382,-0.9627152018337263,-1.277204612385734,1.0386617397458153,-0.5899194036805167,-0.4309667393301057,-0.6566064530849879,0.41770731185421267,-0.5922820773761517,1.344242492444464,-0.9248824282997689,-1.36417600641423,-0.3678827442305594,-0.6294607438033901,1.3317999135043364,0.0,1.0,24.0
2012-07-09 21:00:00,-0.624759718209666,-1.6552038626169998,-1.5224426710291052,0.038520142720923745,-1.6248877737418093,1.808169404401864,-1.3553756341395435,1.5877743874050474,-0.7605864275859482,-1.0466659610927653,0.8660609569847713,-0.5803180142641178,-0.6465079404227942,-0.7813557358513554,0.49092842464060277,-0.6172300863856455,1.2459025063283125,-0.9227433820393278,-0.9981467469309481,0.9979537833748633,-0.6294607438033901,1.3317999135043364,0.0,1.0,24.0
2012-07-10 01:00:00,-0.6566198093927083,-1.820035942499216,-1.4893616805653018,0.12115239711871037,-1.615581471845626,1.8502320906285126,-1.4366773365848398,1.7431913871058682,-0.7553784542611909,-0.8487964225984587,0.7025830943268766,-0.6436388340122785,-1.052344907545273,-0.42259029312548146,0.5543660067646448,-0.7083887031341349,1.125332342272792,-1.0083770484308219,0.3678930465174731,1.3639285779396655,0.8274706956797339,0.8445865525059431,0.0,0.0,22.0
2012-07-10 05:00:00,-0.6375966813307863,-1.1634740284571161,-1.3911698197924678,0.36441112435232337,-1.5873313715934874,1.8195996085984256,-1.1636812653286612,1.3667122073559417,-0.7339473061632906,-0.7704555022786731,0.43042974745213247,-0.47327679214517193,-0.37053880277948975,0.3078706521558138,0.5161878717248064,-0.3825613646860877,0.955633631301808,-0.7757274338520994,1.367903580482612,0.36406684489904434,0.8274706956797339,0.8445865525059431,0.0,1.0,21.0
2012-07-10 09:00:00,-0.5312394451214865,-1.5022554168952271,-1.3606713891319184,0.3748385827539922,-1.5582692319478488,1.8231177918089374,-1.3861098208513898,1.270000498022266,-0.906666468375019,-0.8204802000284569,0.09766309865340128,-0.5588579405625059,-1.1335123009697896,-0.09644670488155196,0.318261307268764,-0.7073209334016052,0.78936613214598,-0.854886943296534,1.00187432099933,-1.0017696827063787,0.8274706956797339,0.8445865525059431,0.0,1.0,20.0
2012-07-10 13:00:00,-0.45488910493804385,-1.7258316516355245,-1.369400916717664,0.2764495618271368,-1.5368691474073837,1.8721459235537399,-1.5529452251717177,1.5142828919700493,-0.9800346298579391,-0.8974130734117349,-0.2663742273134179,-0.8992007982565304,-1.2592160740675942,-0.25842612946737265,0.19059725476609077,-1.1003530536228396,0.6719128299126771,-1.1061348874410084,-0.36416547244909103,-1.3677444772711809,0.8274706956797339,0.8445865525059431,0.0,1.0,19.0
2012-07-10 17:00:00,-0.5279210571797642,-1.774542125016659,-1.3717713842228012,0.2150400042404865,-1.5202513384682073,1.917672045888199,-1.596004221344386,1.3746011542186867,-1.2818172932703313,-1.0850296044803525,-0.2908277274023796,-1.0424430530200186,-1.2214546544853837,-0.35866452797181214,0.3124780661133619,-1.095913276148452,0.5370498275344056,-1.1309723151363467,-1.36417600641423,-0.3678827442305594,0.8274706956797339,0.8445865525059431,0.0,0.0,18.0
2012-07-10 21:00:00,-0.6209870899476861,-1.6858366707040413,-1.3508245450102316,0.22935382406779525,-1.5025188393405406,1.959946302341626,-1.6200301496277187,1.2966619612043404,-1.2603904743785446,-1.2061613921741912,-0.3459734357120606,-1.0193590044768357,-1.0730965711843525,-0.22254036833147153,0.4835804345740777,-0.9583860929605932,0.3611338688782846,-1.0383316742028956,-0.9981467469309481,0.9979537833748633,0.8274706956797339,0.8445865525059431,0.0,0.0,18.0
2012-07-11 01:00:00,-0.6875206632184911,-1.6051061097367476,-1.312791588760791,0.2872925950171351,-1.480274352477272,1.94866383082935,-1.3989700076909732,1.1645913970294854,-1.153400216540617,-1.2655299481190618,-0.4370329686610029,-0.9206777527096726,-0.9575429913829684,-0.3942891055711757,0.6183570633185692,-0.846121085856522,0.10029692456462974,-0.900183773667539,0.3678930465174731,1.3639285779396655,1.1873030452467948,-0.2501719323160819,0.0,0.0,16.0
2012-07-11 05:00:00,-0.671024827913767,-0.9100535311492394,-1.208391076100191,0.5142157129062682,-1.4403582045127423,1.796554429225924,-0.6955336527873703,0.8407552866788367,-0.6777072242805603,-1.0586541597117294,-0.5656121276067273,-0.44729531534657413,0.11982420852988122,-0.19270429663548735,0.583885999037106,-0.18689796777804665,-0.24313117221218894,-0.5928787221897915,1.367903580482612,0.36406684489904434,1.1873030452467948,-0.2501719323160819,0.0,1.0,15.0
2012-07-11 09:00:00,-0.6588635976273135,-1.1754438999605177,-1.154915707031326,0.5571976492252853,-1.397094833844897,1.658754245110069,-0.8679384299066093,0.5888888616818616,-0.522217436624432,-0.805868885958904,-0.7139169225185827,-0.6186761797903567,-0.6346726948791048,-0.4457746889624054,0.5589291360145466,-0.6215160320147411,-0.38844976982949675,-0.63875342277352,1.00187432099933,-1.0017696827063787,1.1873030452467948,-0.2501719323160819,0.0,1.0,14.0
2012-07-11 13:00:00,-0.5901258012106437,-1.3239937302348934,-1.1253389292371325,0.5265601798982705,-1.3562173592460975,1.6004256094109974,-1.0900751563890634,0.9716247376982415,-0.48487845919247036,-0.5769354966344576,-0.9330683235490334,-1.0784685376893375,-0.8522608408973147,-0.4745006120734762,0.4247219448526933,-1.0633722061695206,-0.43747307598449464,-0.7746382138624271,-0.36416547244909103,-1.3677444772711809,1.1873030452467948,-0.2501719323160819,0.0,1.0,13.0
2012-07-11 17:00:00,-0.5294541784630981,-1.4748249459848393,-1.1163331245729398,0.44608093208084537,-1.3216072143329798,1.5747030571449243,-1.2775806705841617,0.9185468634025067,-0.8717541662148106,-0.6433863243251973,-0.9465466975550503,-1.406442389520733,-0.9710226546491937,-0.44391704847133234,0.31514720464762597,-1.4244093241933078,-0.49919894666792347,-0.8631813560600466,-1.36417600641423,-0.3678827442305594,1.1873030452467948,-0.2501719323160819,0.0,0.0,12.0
2012-07-11 21:00:00,-0.6031570830535288,-1.482338129232596,-1.0980664317124398,0.4068944542856624,-1.2900487204009965,1.5508178300407132,-1.3260011748614455,0.806140514374925,-0.9979012521339674,-0.8062829046300182,-0.8992035808593716,-1.2169917349718313,-0.9903609701476973,-0.7271614556298889,0.44930688153360954,-1.277485083861064,-0.5808586918034905,-0.7976849119474942,-0.9981467469309481,0.9979537833748633,1.1873030452467948,-0.2501719323160819,0.0,0.0,12.0
2012-07-12 01:00:00,-0.6529731411581241,-1.4698314121339033,-1.07048730219102,0.4008824449910884,-1.2589584123100135,1.551051281932957,-1.3926287997831042,0.934329818488645,-1.0419804356644082,-0.9970609044051995,-0.8666487706447324,-1.1796843467274718,-0.9765478876487398,-0.41279019745109957,0.5469771470050249,-1.1245664349386155,-0.6750158589779578,-0.7849833316516949,0.3678930465174731,1.3639285779396655,0.17907520643152947,-1.128100072887392,0.0,0.0,10.0
2012-07-12 05:00:00,-0.6550422744470313,-1.7267674454692314,-1.0804698712931886,0.2938753903503367,-1.23620128958439,1.582798003964544,-1.497903897299995,1.0949157666120704,-1.2254173309200336,-1.1181718571681207,-0.7838247760118844,-1.3212641688851592,-1.4882470710412847,-0.39179318301823723,0.5511654802922303,-1.5431949525515019,-0.7968927940640689,-0.8651901568017847,1.367903580482612,0.36406684489904434,0.17907520643152947,-1.128100072887392,0.0,0.0,9.0
2012-07-12 09:00:00,-0.5843679979385349,-2.0360057492273387,-1.1397741752952222,0.07407572498273317,-1.2305610883636287,1.6799395284971452,-1.6522082623024228,1.7428835562178513,-1.371210726386309,-1.2460106331961818,-0.6239142424833549,-1.7447656515359216,-1.4014445952754668,-0.6568464579017876,0.4139813856261947,-1.917854942981459,-0.7715041487122131,-1.1263405690435278,1.00187432099933,-1.0017696827063787,0.17907520643152947,-1.128100072887392,0.0,0.0,8.0
2012-07-12 13:00:00,-0.5875499013187526,-1.6854699195293699,-1.1468256201169131,0.04040498432324652,-1.227542999528321,1.770142372705989,-1.7385458703937773,1.4244542530970594,-1.421498825229586,-1.3759756347523908,-0.5374424685550326,-1.4762269387132363,-1.1183417865229848,-0.5598367657515679,0.4199077132930527,-1.3861576521855874,-0.687742496326691,-1.0197681675606074,-0.36416547244909103,-1.3677444772711809,0.17907520643152947,-1.128100072887392,0.0,0.0,7.0
2012-07-12 17:00:00,-0.6182802392839143,-1.5172782102099254,-1.126447391601933,0.08809873854246247,-1.2208107546870104,1.8521802950615232,-1.792722040899795,1.194815742007438,-1.1715904217005393,-1.357542761582549,-0.5057008769147494,-1.2204469150269885,-0.7835975075678959,-0.5264770033642071,0.4783291422265682,-1.1147343207765765,-0.6262537536379442,-0.8809600025210804,-1.36417600641423,-0.3678827442305594,0.17907520643152947,-1.128100072887392,0.0,0.0,6.0
2012-07-12 21:00:00,-0.6464999200019116,-1.6275033313984457,-1.1168973104003719,0.09679264047826494,-1.2134014713399441,1.9300460853843855,-1.8533166872942206,1.0005959465726846,-1.0397200466962735,-1.2440247137452771,-0.4902159662404118,-1.1726476974101756,-1.0296187548089708,-0.9207300453628479,0.5339436573161992,-1.1838727648312357,-0.5653999646278582,-0.8544452648609302,-0.9981467469309481,0.9979537833748633,0.17907520643152947,-1.128100072887392,0.0,0.0,6.0
2012-07-13 01:00:00,-0.6777540389487511,-1.278342059584834,-1.07045246038079,0.2041306341171466,-1.1976332307190656,1.9560947599232703,-1.7041748198325155,0.7975413891446641,-0.8795716327553533,-1.058443275928889,-0.5328190567870676,-0.8756025199593505,-0.6667823016043086,-0.5791713741358259,0.597860844887315,-0.8401702331106197,-0.5387185940129373,-0.6791624387140888,0.3678930465174731,1.3639285779396655,-1.4379966940383093,-1.1281000728873922,0.0,0.0,4.0
2012-07-13 05:00:00,-0.6884690006339356,-1.3143181024724662,-1.0273396530148473,0.2809352448475911,-1.1758838231528874,1.9972758783016047,-1.7814547161700098,0.796954103818037,-0.8638788310408912,-0.9530683100286488,-0.568293679606885,-0.876006281468177,-0.7393495922452522,-0.4791850739089981,0.6203608545425497,-0.8251199677442586,-0.5119130250687588,-0.6745124262532604,1.367903580482612,0.36406684489904434,-1.4379966940383093,-1.1281000728873922,0.0,0.0,3.0
2012-07-13 09:00:00,-0.6397108500494693,-1.7268956144689678,-1.0499915893050975,0.16344695846691004,-1.1632838279498063,2.0640042951973996,-1.8918744310441935,0.8461841091655955,-1.091830213835411,-0.9709132897174898,-0.5164461056702939,-1.061681066042258,-1.6723576147714945,-0.6868708190324423,0.5203864513509276,-1.3894688722835784,-0.4818519285903175,-0.790373736779482,1.00187432099933,-1.0017696827063787,-1.4379966940383093,-1.1281000728873922,1.0,0.0,2.0
2012-07-13 13:00:00,-0.4621851527603304,-0.4584580426154618,-0.9374318515921846,0.4373387314317082,-1.129354482809703,1.920356591084537,-1.1446496301089177,0.24583401263173363,-0.8391424405307227,-0.9570684269259649,-0.6438323844094266,-0.38516783882099837,0.04570405995782299,-0.08349343785456435,0.20232696726710653,-0.0501335831189113,-0.5119194201212184,-0.388876926546976,-0.36416547244909103,-1.3677444772711809,-1.4379966940383093,-1.1281000728873922,0.0,0.0,1.0
2012-07-13 17:00:00,-0.5318552607678927,-0.17173115141948697,-0.8040219049381476,0.7131811638140454,-1.073943879930185,1.7869694372654503,-1.2038492815986093,0.1416567071490845,-0.32869334480978596,-0.773795667388338,-0.6914074775158093,0.25894095972484626,0.6999286688930862,0.08659925503808086,0.3193369926415424,0.4324765273630882,-0.5785683747175471,-0.06526722189118613,-1.36417600641423,-0.3678827442305594,-1.4379966940383093,-1.1281000728873922,0.0,0.0,0.0
2012-07-15 21:00:00,-0.5394193401595974,-0.3453120846680739,-0.7137409321840692,0.8165102825511338,-1.0104865113213772,1.5574472243165598,-0.7259894861360519,-0.05833937001573374,0.46616940045040434,-0.24026309594372086,-0.7057471445911512,0.4037122873895168,0.5688622824367757,0.18960598467664508,0.3326126596801247,0.16129609632446915,-0.6411501630121044,-0.005322035046663583,-0.9981467469309481,0.9979537833748633,-2.0863921832865144,0.8445865525059428,0.0,0.0,0.0
2012-07-16 01:00:00,-0.623457606223763,-0.3482073890922687,-0.6354413408455853,0.8665747697250323,-0.9431303656343442,1.3590297180905668,-0.777101820155033,-0.003906429272833653,0.6495596762475812,0.2695387430277648,-0.7146097887635782,0.16960297871542565,0.5627970266644237,0.5099755322981832,0.48838844648777696,0.17471331495157172,-0.6857245714795822,-0.1253756410520073,0.3678930465174731,1.3639285779396655,-0.6294607438033901,1.3317999135043364,0.0,0.0,28.0
2012-07-16 05:00:00,-0.6200597974449402,-0.7586226011020473,-0.6232892622206468,0.7266529507523993,-0.8866706459640046,1.2544750036439316,-0.9322238075024953,0.5008271182097035,0.2804139860493873,0.47812582966066597,-0.722302740842378,-0.242015845253325,-0.3409260834202236,0.09076274093704649,0.4817795284073051,-0.5119656099228379,-0.7651173614668214,-0.3180631849392484,1.367903580482612,0.36406684489904434,-0.6294607438033901,1.3317999135043364,0.0,0.0,27.0
2012-07-16 09:00:00,-0.5471497726918395,-0.3075954038380784,-0.5568380308226965,0.7624520198036909,-0.8274230701162079,1.230377046014537,-1.1498588397172027,0.9114401673347498,0.2427700660801559,0.401623358008764,-0.7446305256504119,-0.29429032473216843,0.46272030642010015,0.2774939173773025,0.34630179184455984,0.18863460290524978,-0.8288934058865909,-0.3344348476501256,1.00187432099933,-1.0017696827063787,-0.6294607438033901,1.3317999135043364,0.0,0.0,26.0
2012-07-16 13:00:00,-0.4712411460730493,0.08983483112698032,-0.4482245200764051,0.9058059305486823,-0.7570117937526109,1.0530700563610051,-0.3858633265575435,0.4965167306409971,0.47935637038832785,0.34333771620833975,-0.8165548891274409,0.6713667250002925,1.2298831818331077,0.6287328024966536,0.21701957157648724,1.0100138901967732,-0.8436146163301298,0.054185646842988704,-0.36416547244909103,-1.3677444772711809,-0.6294607438033901,1.3317999135043364,0.0,0.0,25.0
2012-07-16 17:00:00,-0.4932350645032052,0.2621229069087259,-0.33461722780131065,1.034076083769359,-0.6766114660388995,0.8372633042723461,-0.155139870464115,0.2975573282046474,1.0287159643873982,0.5995916170815987,-0.8019544843147499,1.3358013615751225,1.2080654376126825,0.6137060829418836,0.2533317695006208,1.3280265404165317,-0.8181121471558968,0.3069521525411742,-1.36417600641423,-0.3678827442305594,-0.6294607438033901,1.3317999135043364,0.0,0.0,24.0
2012-07-16 21:00:00,-0.5654218182738872,0.3503704013628376,-0.2299054544949669,1.1124893783726226,-0.590104694958148,0.6368713201900196,-0.24204406742396217,0.19828245920249063,1.3528076835846876,0.9797208668176021,-0.7482194156709217,1.3070786551895517,1.376539470693089,0.7015189061128095,0.37915606938257757,1.3664950873354758,-0.7901820941167977,0.3099454189809668,-0.9981467469309481,0.9979537833748633,-0.6294607438033901,1.3317999135043364,0.0,0.0,24.0
2012-07-17 01:00:00,-0.5671163222404348,0.5351733452765594,-0.11995561018881641,1.1894716987254021,-0.4976029177770145,0.4629105354189698,0.3919555243127745,-0.015096655007229436,1.3372993477891892,1.2735210184276269,-0.6525649486647707,1.5200825481055613,1.1861553923943406,1.1767260057681477,0.38223893390601676,1.4634059040408682,-0.7348388600854259,0.4828965969248609,0.3678930465174731,1.3639285779396655,0.8274706956797339,0.8445865525059431,0.0,1.0,22.0
2012-07-17 05:00:00,-0.5756337185588225,0.6206787637116903,-0.020744388574909848,1.221840031150576,-0.40258045338537796,0.30137552098870923,0.17287385551297277,-0.20280647913093372,1.3790157632972322,1.393480196064888,-0.5557263336859448,1.3246568271245562,1.3256903496296981,0.6333944877323838,0.3978291265357665,1.3823028642537019,-0.7073696040956907,0.45786956508293725,1.367903580482612,0.36406684489904434,0.8274706956797339,0.8445865525059431,0.0,1.0,21.0
2012-07-17 09:00:00,-0.554820116707708,0.2994506623640773,0.025134268996680073,1.102628056609764,-0.31684163374926,0.13216357597601114,-0.08085835781614588,-0.28171215393915516,1.2183590811843172,1.3474386515689443,-0.5090011611299401,1.0298014041014065,0.923546856914134,0.2972823138794638,0.3600075512532698,0.9386197923678771,-0.6809906622944906,0.35439425695568805,1.00187432099933,-1.0017696827063787,0.8274706956797339,0.8445865525059431,0.0,0.0,20.0
2012-07-17 13:00:00,-0.37262651759772,-0.31259087835641586,-0.010553335605739043,0.7853339081289372,-0.25581212849910856,0.11936655369137296,-0.5342487826633273,1.228654796213641,0.8321859868060543,1.1744640064629492,-0.51229070027662,0.07774102246687808,0.09728963783726001,0.056202338905627834,0.06463734099438391,0.16186807041269763,-0.6872036395524096,-0.20741557175092232,-0.36416547244909103,-1.3677444772711809,0.8274706956797339,0.8445865525059431,0.0,0.0,19.0
2012-07-17 17:00:00,-0.33348758699445474,0.38992619561386216,0.055788648511434884,0.809099546931954,-0.1929318716874213,0.06397734551350552,-0.44183374936251735,0.8621212500040057,0.7851696074010854,0.9711030661311317,-0.5062702834604026,0.7444109626042112,1.1931214933768912,0.5332931046822146,0.008494307968979853,1.0401346432788732,-0.656610197953094,0.22932525413568502,-1.36417600641423,-0.3678827442305594,0.8274706956797339,0.8445865525059431,0.0,1.0,18.0
2012-07-17 21:00:00,-0.39972505399927466,0.42093537590973235,0.11165912964851336,0.7996213104261664,-0.1307897335166462,-0.01244800428441291,-0.35249091702217455,0.7208524681893812,0.8868784342931749,0.8575884539975295,-0.49013876288364316,0.9518355183967976,1.2103282514524396,0.8423483830348226,0.10489673284077225,0.9739201609754522,-0.6041046082935687,0.3901330549592727,-0.9981467469309481,0.9979537833748633,0.8274706956797339,0.8445865525059431,0.0,1.0,18.0
2012-07-18 01:00:00,-0.45302481258426747,0.27231025257836805,0.13698323418176264,0.7089284832751545,-0.07571030857066885,-0.06520379254543741,-0.46412303944508704,0.7546493406151091,1.205003876323464,0.9852588882202995,-0.49390377716005857,0.7307845174021924,0.9942861001045545,0.503020211643068,0.18761530435492266,0.7183720898838521,-0.5687500798418662,0.2799197124405357,0.3678930465174731,1.3639285779396655,1.1873030452467948,-0.2501719323160819,0.0,1.0,16.0
2012-07-18 05:00:00,-0.49462661788620305,0.19810445448449687,0.14676860137409892,0.5940965997421488,-0.029573428343322463,-0.09192605533454562,-0.5842505933701544,0.8145662867861735,1.0970266391288137,1.0920534487164213,-0.5365646359680163,0.534058822375501,0.8886654927789367,0.2068927437637127,0.2556597587185796,0.5688019304506607,-0.5504985648473273,0.18245656988845094,1.367903580482612,0.36406684489904434,1.1873030452467948,-0.2501719323160819,0.0,1.0,15.0
2012-07-18 09:00:00,-0.4022691263473261,-0.6422680342715913,0.040648027193666766,0.18687551107948222,-0.015148932200391096,-0.016987686004297075,-0.8558718513756297,1.584677732312704,0.4781015787834102,0.9520689680609851,-0.5614589363824509,-0.27080141767802246,-0.5348122377686007,-0.4737067032260179,0.10873684652829589,-0.6750810482981601,-0.5872327782094581,-0.2543978595107352,1.00187432099933,-1.0017696827063787,1.1873030452467948,-0.2501719323160819,0.0,0.0,14.0
2012-07-18 13:00:00,-0.3629066651884256,-0.05833092107141421,0.03423707548165566,0.13238745965062926,-0.0049676986561571585,0.05259794265950537,-1.040612783849856,1.1841985099453265,0.28484712390252415,0.6369638847543276,-0.6120737049755525,-0.13284728263532136,0.4493797850382967,-0.14576867504526353,0.05047787005743345,0.12856407191988295,-0.6258202332055465,-0.13105195835707606,-0.36416547244909103,-1.3677444772711809,1.1873030452467948,-0.2501719323160819,0.0,0.0,13.0
2012-07-18 17:00:00,-0.39705762431972735,0.17049452287179725,0.06317447432296358,0.1849724131738387,0.00930859354200256,0.06255866947489455,-0.8016526654499216,0.9660629245205254,0.25599341352830796,0.34895442993126535,-0.789196401709004,0.3133654067361773,0.8073086671073422,-0.10021199480270657,0.1008817126000494,0.5125145300931008,-0.651598477493634,0.126164388085346,-1.36417600641423,-0.3678827442305594,1.1873030452467948,-0.2501719323160819,0.0,1.0,12.0
2012-07-18 21:00:00,-0.4814799580618593,0.17933349942182142,0.08625781605184406,0.21111272323425354,0.025620565069648757,0.06910199754065313,-0.8411467130696342,0.8627418584932581,0.7385876652930919,0.43815715519943726,-0.8075041765318677,0.4156115122803263,0.8259256327420132,-0.1531198641115795,0.23381192045740595,0.47165360109375426,-0.688022203297088,0.18223688632126894,-0.9981467469309481,0.9979537833748633,1.1873030452467948,-0.2501719323160819,0.0,1.0,12.0
2012-07-19 01:00:00,-0.5582939595741617,0.20492247582220552,0.10675651023835044,0.22499269131562805,0.043013440536532235,0.0389553712671888,-0.6647792855837101,0.7542507285731341,0.8900534287346563,0.6454083464775547,-0.8054118833340582,0.5347264915224246,0.8764573966075149,0.024701115716209917,0.36625555833365586,0.4719859180150021,-0.7114707632356881,0.23668404474570348,0.3678930465174731,1.3639285779396655,0.17907520643152947,-1.128100072887392,0.0,1.0,10.0
2012-07-19 05:00:00,-0.4948459100919515,0.010416930532868471,0.09819500980359613,0.15703001505926786,0.05511371561298795,-0.07908621063399768,-0.28424998155868236,0.37841883271912413,0.7621597432457309,0.8187435777552684,-0.8302922474844582,0.44184113026812305,0.4466956249760902,0.2660658224539709,0.2560269577687409,0.08150938616319837,-0.7562545644090953,0.19524070897985446,1.367903580482612,0.36406684489904434,0.17907520643152947,-1.128100072887392,0.0,0.0,9.0
2012-07-19 09:00:00,-0.4460301235615759,-0.029718250709625388,0.08545998437941614,0.09130459419742389,0.06209561679253772,-0.18869625097081363,-0.5358297585533478,0.06899455651291903,0.6051544880461103,0.7730497627377073,-0.8603653826620489,0.37593599992706894,0.383228696676068,-0.23168467979553328,0.17648203281096148,-0.04027772763655349,-0.8601755157568721,0.16533666271154251,1.00187432099933,-1.0017696827063787,0.17907520643152947,-1.128100072887392,0.0,1.0,8.0
2012-07-19 13:00:00,-0.3855507898001441,0.07314747588406531,0.08620966310411944,0.07541328891044115,0.0678399809414821,-0.19895700655460588,-0.7748739622005877,0.5924968233244454,0.4869503677333599,0.6350082570010034,-0.992336588140491,-0.2900784106224188,0.5431653559921034,-0.1957021036189803,0.0836929213714332,0.06529669606839544,-0.9112624033927619,-0.05525611305374207,-0.36416547244909103,-1.3677444772711809,0.17907520643152947,-1.128100072887392,0.0,1.0,7.0
2012-07-19 17:00:00,-0.43102526883770903,0.13537125444302273,0.09260840562058166,0.07807015391743914,0.07379124872559689,-0.20848485102526992,-0.8770704320094888,0.42733466050089697,0.5544772046911404,0.5638879577254673,-1.0564058836122452,-0.0141841448057742,0.6370964098761,-0.07563871892502368,0.15288723071798072,0.1361471183312303,-0.9219255929029524,0.06431540358473442,-1.36417600641423,-0.3678827442305594,0.17907520643152947,-1.128100072887392,0.0,1.0,6.0
2012-07-19 21:00:00,-0.45936371410226096,-0.2863175041297549,0.051455659502956254,-0.049181909599808775,0.06983274899976764,-0.1937012464212456,-0.9914489035708354,0.47505641223774486,0.2793195738814238,0.4523067108325336,-1.0524811731453876,-0.6576733204134283,-0.39261437902067753,-0.25933496946076384,0.19777969286968752,-0.8641611643065287,-0.9299806430814983,-0.0784719577954646,-0.9981467469309481,0.9979537833748633,0.17907520643152947,-1.128100072887392,0.0,1.0,6.0
2012-07-20 01:00:00,-0.49262191305450964,-0.24271396065437287,0.02277851436429523,-0.11704008556769474,0.060589786854203416,-0.18308860190328738,-1.0763581569209022,0.29697389157168225,-0.026377780432126866,0.27651893503697883,-1.0422783031313758,-0.5286584843038044,-0.31878848081425465,0.3255118543160428,0.2523071689698078,-0.7252799718403501,-0.9525636536375198,-0.05215347015316037,0.3678930465174731,1.3639285779396655,-1.4379966940383093,-1.1281000728873922,0.0,1.0,4.0
2012-07-20 05:00:00,-0.5212950946197581,-0.2628617200658536,-0.0022147747695784206,-0.16130363235195017,0.04789979645877469,-0.15518544531496647,-1.1781464822293686,0.29341215072144744,-0.3779105923527317,-0.04277463498642184,-1.03188009356742,-0.6653826178598592,-0.3540965190869164,-0.07480613268417645,0.3009966630010827,-0.7142956528709296,-1.0169160326078535,-0.09837929018907249,1.367903580482612,0.36406684489904434,-1.4379966940383093,-1.1281000728873922,0.0,1.0,3.0
2012-07-20 09:00:00,-0.4052540275168819,-1.1878945359793824,-0.14143550926332243,-0.5075032185396923,0.008249477748557166,-0.002579457044040015,-1.400356590993561,1.3536542951140214,-0.7561259036328987,-0.39736001687186956,-0.8554667720826143,-2.0855979822258353,-1.4590421190608227,-0.8472807306736956,0.1132558297670241,-2.2933020128690287,-1.0146178157824122,-0.5925021746028957,1.00187432099933,-1.0017696827063787,-1.4379966940383093,-1.1281000728873922,0.0,0.0,2.0
2012-07-20 13:00:00,-0.37420045301499866,-1.4359850475872296,-0.2930667044057513,-0.8182291292577264,-0.05559865315756233,0.19660893651347627,-1.5297433549432242,1.9616484893431425,-1.0613924152117307,-0.751797857878594,-0.662432934358806,-2.69108426613835,-1.1795274999487868,-1.0744456713672208,0.06694395131396165,-2.1925497420454247,-0.8106801330120376,-1.0102668051535448,-0.36416547244909103,-1.3677444772711809,-1.4379966940383093,-1.1281000728873922,0.0,0.0,1.0
2012-07-20 17:00:00,-0.43752985816120804,-1.5642881774114377,-0.4332526196032098,-1.035669668868786,-0.13637998840806811,0.3815695876740269,-1.5829592918971815,1.7744787229434762,-1.4415738354949053,-1.1160463339765203,-0.47115611981631933,-2.1794365658467756,-1.426067961664256,-1.215320822411134,0.16306771738263823,-1.9380912887298392,-0.6302544587386082,-1.0341922992897168,-1.36417600641423,-0.3678827442305594,-1.4379966940383093,-1.1281000728873922,0.0,0.0,0.0
2012-07-22 21:00:00,-0.43194658058255353,-1.8317286120292926,-0.5949602764386606,-1.2681782131778734,-0.23526795041568171,0.594295227138021,-1.6801611368149691,2.275790000660629,-1.4551993421980436,-1.3554420603209492,-0.22380746432794024,-2.1897052227590454,-1.4974610246073679,-1.3842366184563524,0.15432478150401358,-1.9581479857467392,-0.3977526496986816,-1.3243718833373057,-0.9981467469309481,0.9979537833748633,-2.0863921832865144,0.8445865525059428,0.0,0.0,0.0
2012-07-23 01:00:00,-0.4728445421370571,-1.9524976907575473,-0.7435640870834183,-1.4185322512722567,-0.3458647485750537,0.8031505609095729,-1.7408823445117148,2.2867006541790604,-1.5959540063656816,-1.5385011687499532,-0.01721251463600189,-1.7760350027041918,-1.5764037604585357,-1.5039278553375572,0.21963650862797532,-1.7796564808985535,-0.21498278703125318,-1.3120846885351451,0.3678930465174731,1.3639285779396655,-0.6294607438033901,1.3317999135043364,0.0,0.0,28.0
2012-07-23 05:00:00,-0.48809563703425746,-2.015259169919731,-0.8668070695926186,-1.4698140257584056,-0.4604551201870577,1.020660174695366,-1.8138589333783806,2.560750937558023,-1.5754351311083947,-1.5843415916940318,0.1469693577338703,-1.5751242170734674,-1.368212298193813,-1.6386164940987307,0.24476558082187458,-1.5917658430261388,-0.04105440305682289,-1.3812309081498522,1.367903580482612,0.36406684489904434,-0.6294607438033901,1.3317999135043364,0.0,0.0,27.0
2012-07-23 09:00:00,-0.3952577448072759,-2.1800464907659154,-0.9953888179471119,-1.5253650994207018,-0.5793715373633171,1.1310559029045897,-1.4497134091516832,1.925995187165819,-1.577817767597582,-1.6263319254592263,0.32966124866953256,-1.342922751401855,-1.504179181093155,-1.882437905757364,0.09817903808673199,-1.5704953987755872,0.10553497361709745,-1.3239909931934246,1.00187432099933,-1.0017696827063787,-0.6294607438033901,1.3317999135043364,0.0,0.0,26.0
2012-07-23 13:00:00,-0.30021340360629806,-1.1174122574006193,-0.9889052576573335,-1.202321785503677,-0.673130923305064,1.2058131202809241,-1.4711014851262105,1.3717336894729921,-1.3097857119882301,-1.5283344005785091,0.3605276043782696,-0.9867338235064279,-0.8206521798197012,-1.1773279753006947,-0.03746793850619274,-0.9181800534705904,0.20739529608688229,-1.000659239449757,-0.36416547244909103,-1.3677444772711809,-0.6294607438033901,1.3317999135043364,0.0,0.0,25.0
2012-07-23 17:00:00,-0.35430847508348695,-1.2906647950411052,-1.0059645096659195,-1.0079421533145556,-0.7517529754353118,1.275230536416093,-1.5350297678569598,1.1827155320614262,-1.1681519814057626,-1.3888614352616866,0.4481304924152182,-0.810745885515398,-0.9688573944822879,-1.3658815233191983,0.038073101025609464,-1.005617440684455,0.2626420380551499,-0.8426414533155837,-1.36417600641423,-0.3678827442305594,-0.6294607438033901,1.3317999135043364,0.0,0.0,24.0
2012-07-23 21:00:00,-0.41022100880601003,-1.205289148570302,-0.9995622554788145,-0.7886046453485648,-0.8132940966157928,1.349893603021581,-1.5937535266773017,1.1632142503319711,-0.9518273346899927,-1.1744927779741725,0.48427181870176983,-0.7500598943359881,-0.8942234304091436,-1.3128763794101883,0.12080799069666469,-0.8705554670525255,0.2889455937227716,-0.8123986069793417,-0.9981467469309481,0.9979537833748633,-0.6294607438033901,1.3317999135043364,0.0,0.0,24.0
2012-07-24 01:00:00,-0.46624302050810085,-1.1223374690241699,-0.9754176701216727,-0.5648615038543899,-0.8574111976832226,1.4002282661953056,-1.5549878534063515,0.9941736209965066,-0.9488723630453906,-1.0508990200781345,0.4688041745544623,-0.6464751239105403,-0.8123202492001568,-0.6759341485973333,0.20889212881163638,-0.7539950435064038,0.3000514747829536,-0.7016218469758919,0.3678930465174731,1.3639285779396655,0.8274706956797339,0.8445865525059431,0.0,0.0,22.0
2012-07-24 05:00:00,-0.46776216285881556,-1.2705516187252874,-0.9704889256724716,-0.4381492345045797,-0.891660567766912,1.4837215789145886,-1.649410983579113,1.2710147851601004,-0.966458157347914,-0.9818295391826526,0.4454489946414238,-0.6975071258969433,-1.018442851008025,-0.5807035965322097,0.211357594976769,-0.80995918279039,0.31981863820431766,-0.793860953488855,1.367903580482612,0.36406684489904434,0.8274706956797339,0.8445865525059431,0.0,0.0,21.0
2012-07-24 09:00:00,-0.4761167233910801,-1.487805278796322,-0.9948272606720705,-0.41640895965838265,-0.9242169117151244,1.5830880135983596,-1.7327271601213923,1.3582006550213612,-1.1214082656417566,-1.039902050452266,0.41964411765591075,-0.7847861766347966,-1.3311256098779503,-0.654957619065316,0.2249917428102475,-0.9347367869109174,0.3817610215966567,-0.9169795846145862,1.00187432099933,-1.0017696827063787,0.8274706956797339,0.8445865525059431,0.0,0.0,20.0
2012-07-24 13:00:00,-0.3762436401830671,-1.8428964764446834,-1.0786232737970936,-0.5607885217781122,-0.9680168288852369,1.7205859440110507,-1.8727162831610347,1.6848660588566042,-1.3841170140768995,-1.1889503529955272,0.45681660157779197,-0.9502728214678282,-1.5530620661672998,-0.7543449115372491,0.06994401712908921,-1.2160523246437867,0.45825189094949165,-1.1182078717073276,-0.36416547244909103,-1.3677444772711809,0.8274706956797339,0.8445865525059431,1.0,0.0,19.0
2012-07-24 17:00:00,-0.42806431154413443,-1.68557392073714,-1.1183948166217212,-0.5565108877693464,-1.01148362486778,1.848262593679978,-1.9186620793100455,1.4813542974235083,-1.4941091308676184,-1.3696429399165266,0.4391883207475155,-0.9799766692414614,-1.3285800692352052,-0.5402244745124857,0.14827697626552955,-1.0415157430867943,0.5023627026838479,-1.128849832942195,-1.36417600641423,-0.3678827442305594,0.8274706956797339,0.8445865525059431,1.0,0.0,18.0
2012-07-24 21:00:00,-0.506799917738373,-1.6653482842852725,-1.1353006026139019,-0.49087588651549835,-1.0498390883896722,1.966819482658268,-1.9474720483989834,1.3537437639786751,-1.4619542217797556,-1.4862619416206189,0.3603953435280168,-0.9179811348051776,-1.240460620896675,-0.45507459948273754,0.27618300848350386,-0.9561613434043623,0.5095793457195853,-1.0217191328414124,-0.9981467469309481,0.9979537833748633,0.8274706956797339,0.8445865525059431,1.0,0.0,18.0
2012-07-25 01:00:00,-0.566023695362679,-1.3030864634019799,-1.1054099454287787,-0.31104464917732816,-1.0741901758426038,2.025938422488481,-1.7516792527895768,1.1911814265246479,-1.118276348666456,-1.39522555591779,0.19450926314590897,-0.8009375570735381,-0.5840171687371015,-0.08824208645903385,0.3802503749987365,-0.7326677281853453,0.46766559832467824,-0.8355572997975862,0.3678930465174731,1.3639285779396655,1.1873030452467948,-0.2501719323160819,1.0,0.0,16.0
2012-07-25 05:00:00,-0.43132170597386577,-0.35343035570343617,-0.9720033427163584,0.11446536116807124,-1.0654046275575595,1.8330549006787635,-0.5879140157379097,0.6283686785322348,-0.25650795920818487,-0.9714125270288132,0.012531333535042452,-0.37692028743741035,1.1012890783077143,-0.08026024583480189,0.15334961213120976,-0.046807225991796944,0.37215523267445366,-0.40863479666229985,1.367903580482612,0.36406684489904434,1.1873030452467948,-0.2501719323160819,1.0,0.0,15.0
2012-07-25 09:00:00,-0.39177785919668534,-0.05535891165591753,-0.8188465084460798,0.5086095773605844,-1.0259250579741688,1.5442628669604106,0.0001466344153957157,0.3133231837989337,0.5791612226684429,-0.27243830283366327,-0.2173981661910643,0.3065243734874385,1.115818383338923,0.2805141033665846,0.09296849583249872,0.34915638029465224,0.24141390359783316,0.03240416952179005,1.00187432099933,-1.0017696827063787,1.1873030452467948,-0.2501719323160819,1.0,0.0,14.0
2012-07-25 13:00:00,-0.3803092214470563,-0.36759420884692573,-0.7325547141309767,0.6419993015529565,-0.976057749925674,1.2789043156495155,-0.22283947359836537,0.09475649114464461,0.9679049359721134,0.44196859116487563,-0.5311045546918225,0.29911372077412746,0.5120967834718618,0.01944580645365915,0.07593306938116447,0.14728425602209178,0.12882064069506066,-0.0881646303075606,-0.36416547244909103,-1.3677444772711809,1.1873030452467948,-0.2501719323160819,1.0,0.0,13.0
2012-07-25 17:00:00,-0.39364788822441427,0.09495346904200484,-0.5950695211548661,0.8879975042748869,-0.9070333065863397,1.0177542816860068,-0.2866750943304953,-0.0945977776076716,1.0673810462948607,0.895330645260814,-0.621866093760449,0.8186715001528434,1.3817750352627696,0.2927714045379653,0.09576612750261054,0.9383628261728397,-0.029185718647911484,0.09482434371816456,-1.36417600641423,-0.3678827442305594,1.1873030452467948,-0.2501719323160819,1.0,0.0,12.0
2012-07-25 21:00:00,-0.4300219092054031,-0.20073879529315372,-0.5217188079902948,0.9102996950223656,-0.8362720778530306,0.775257821577035,-0.42453618381129477,-0.2392816461974662,0.9570229013238726,1.024728310840998,-0.6848360336306263,0.697808767359724,0.8046491005880866,0.21149442553868875,0.15132330915758732,0.5341447421884802,-0.18657483059682134,-0.0014183545611881545,-0.9981467469309481,0.9979537833748633,1.1873030452467948,-0.2501719323160819,1.0,0.0,12.0
2012-07-26 01:00:00,-0.5111427518496077,-0.17036958860680004,-0.45453084997126153,0.9113738927252536,-0.7654271958633332,0.5500825371901327,-0.49419513216065863,-0.31238803297447176,1.080586294411073,1.0633157240666227,-0.7197665531195979,0.6670399111575298,0.8604999974920994,0.4311615138071481,0.2835740353636512,0.6376088865476791,-0.38721396249584544,-0.04061870116084907,0.3678930465174731,1.3639285779396655,0.17907520643152947,-1.128100072887392,1.0,0.0,10.0
2012-07-26 05:00:00,-0.5028264752904098,-0.3777006468933362,-0.42521208123934795,0.8091991865431027,-0.7025391796066989,0.37266681568925997,-0.2529741185774586,-0.5032011022311627,0.7542280195395705,0.9560773537304381,-0.7239501865853192,0.5773803745883102,0.46156501960635987,0.6758167838907443,0.26945274058054314,0.271612302029576,-0.6344248313749119,-0.0666714098666825,1.367903580482612,0.36406684489904434,0.17907520643152947,-1.128100072887392,1.0,0.0,9.0
2012-07-26 09:00:00,-0.0052416367421278965,1.3377035279479943,-0.0631319406913121,1.6328328198791093,-0.5755106096008199,0.5021683937741074,2.0230909411711475,-1.1468464554675515,0.9911813253368223,0.9677748096431461,-0.14274098080372333,2.634439664195912,1.4727700646524395,2.313896858835032,-0.3854713254198371,2.597409192025264,-0.542861152982303,1.1125411055549552,1.00187432099933,-1.0017696827063787,0.17907520643152947,-1.128100072887392,0.0,0.0,8.0
2012-07-26 13:00:00,0.0007115883077161278,1.055852308673982,0.17842281640857308,1.9638156186621043,-0.42270672016143324,0.6373673030680953,1.931873015230143,-1.2710876037011127,1.059834788056053,0.960668514849859,0.14057976020129034,2.708455497415784,1.05407745168291,2.0871086766019307,-0.39155789758189297,1.771076212397473,-0.23228698912331888,1.5577462416465768,-0.36416547244909103,-1.3677444772711809,0.17907520643152947,-1.128100072887392,0.0,0.0,7.0
2012-07-26 17:00:00,-0.10675706923517424,1.0948335966600897,0.37621051500026365,2.1095209370933783,-0.2585560140912846,0.7629091474125128,1.811396090173991,-1.3099874370690043,1.2936180512648496,1.1453811091272974,0.35092841828473986,1.9576242728482662,1.1207476322803511,1.984153474921437,-0.27648997625338056,1.5221996138114404,-0.015279765204345626,1.3273070312486088,-1.36417600641423,-0.3678827442305594,0.17907520643152947,-1.128100072887392,0.0,0.0,6.0
2012-07-26 21:00:00,-0.21286205623229643,0.9612264992340602,0.5076323131382314,2.0455175962191077,-0.099389574762223,0.864437568696133,1.7023628574136318,-1.255995869049617,1.1225148221195562,1.1903558944948958,0.5145459900895157,1.4555704403289562,0.9903220396019136,1.3830230037051412,-0.15100099304008427,1.2276189505698027,0.1524734206434215,1.1474831332155786,-0.9981467469309481,0.9979537833748633,0.17907520643152947,-1.128100072887392,0.0,0.0,6.0
2012-07-27 01:00:00,-0.2924501291791668,1.084925606723581,0.6351999018187914,1.9838284337715024,0.054972814708298776,0.9653393523385551,1.6618643758089044,-1.3091048320582164,1.164845925628735,1.2263166622292063,0.6768860424107513,1.2144865359886983,1.1734355572442643,1.3443452693795093,-0.04796726737823143,1.2040460673618778,0.3016944531824714,1.1275710519358735,0.3678930465174731,1.3639285779396655,-1.4379966940383093,-1.1281000728873922,0.0,0.0,4.0
2012-07-27 05:00:00,-0.20317102356051964,0.5390462113056105,0.6486340529844532,1.6239441305404911,0.18130917711943112,0.9510514322876218,1.1526348388412408,-0.848936796015134,1.002517887231852,1.1266302325020268,0.7347556028050187,0.8833959041978229,0.6630424099645281,1.1627316605815727,-0.1630010016701203,0.7391653617438888,0.38726944303781635,0.8632523730834828,1.367903580482612,0.36406684489904434,-1.4379966940383093,-1.1281000728873922,1.0,0.0,3.0
2012-07-27 09:00:00,-0.0811304916722506,0.8114912847411297,0.7134857475206452,1.4759329617287051,0.2961191545647034,0.9613709291958198,0.9431666650894373,-1.0935289906101326,1.0263638355200386,1.09370359846631,0.8319965213374815,0.8643244518831003,1.0575588224175287,1.1605257022461626,-0.30496163335337295,0.9228902700574898,0.4753136662346294,0.9683401993082872,1.00187432099933,-1.0017696827063787,-1.4379966940383093,-1.1281000728873922,0.0,0.0,2.0
2012-07-27 13:00:00,0.06849066664809374,1.3252246401574477,0.8994200002475923,1.6869640893389097,0.4273632027368131,1.0392885953178255,1.3571289095543762,-1.3211996677222653,1.100887754849626,1.0718013033644502,1.054257347377089,1.0760893755111638,1.3835655347974842,2.098854769947749,-0.45865618291041504,1.3422751909338277,0.6521105134694308,1.4658429635748442,-0.36416547244909103,-1.3677444772711809,-1.4379966940383093,-1.1281000728873922,0.0,0.0,1.0
2012-07-27 17:00:00,0.24687873772329827,0.8947520386977508,0.965952858637468,1.530923020474572,0.5464555366521306,1.1271988732314089,0.9963091347312046,-1.5286617498227257,1.1498213749351165,1.122244967057595,1.119671436758431,0.8877574269987533,0.8010171781015509,1.7296189605727614,-0.617877039314308,0.9408611877168482,0.7833048882659888,1.263494350766158,-1.36417600641423,-0.3678827442305594,-1.4379966940383093,-1.1281000728873922,0.0,0.0,0.0
2012-07-29 21:00:00,0.15433692236472224,0.6225594059146041,0.960262400878854,1.2095857790125994,0.6405236999005162,1.2088298455797375,0.8572617861959638,-1.5751491990585083,0.9467040357296947,1.0949656934087448,1.0356747660331744,0.6112230260874457,0.4848428097351402,1.6387239834669445,-0.5382215091386858,0.6805522209626543,0.8421717161204617,0.8334794079426634,-0.9981467469309481,0.9979537833748633,-2.0863921832865144,0.8445865525059428,0.0,0.0,0.0
2012-07-30 01:00:00,0.02516350104392759,0.5304610431678667,0.9288167692624367,0.8824415984472961,0.7091154765031643,1.2482853389784743,0.7866863445871004,-1.4194893340359953,0.5913577550932008,0.920478582818004,0.9119718852185804,0.4887288036268443,0.381620029978576,-0.13986733111323701,-0.4162241597219904,0.5523153230719561,0.876902152137231,0.6559757391580894,0.3678930465174731,1.3639285779396655,-0.6294607438033901,1.3317999135043364,0.0,0.0,28.0
2012-07-30 05:00:00,-0.0064059774232332455,0.2950258521275035,0.8528255338219685,0.4995270760598857,0.747887745365365,1.1808333532069912,0.5718987963754163,-0.9426199573526209,0.34891531091727146,0.6462105612454143,0.7240906711959753,0.3268264050192299,0.11741886750639084,-0.12968118807179047,-0.38427713651760537,0.31525597446761894,0.8718839770467379,0.4233062077272139,1.367903580482612,0.36406684489904434,-0.6294607438033901,1.3317999135043364,0.0,0.0,27.0
2012-07-30 09:00:00,0.03876892006049386,0.07300462036862877,0.7437436112040016,0.10316268860744982,0.7557930968644329,1.0219063579232606,0.26116029153172393,-0.5230075623059879,0.12708457523609448,0.3655341898564165,0.5218235296859388,0.12918824820013028,-0.14063808188503363,-0.38241540256492673,-0.4297211369154723,0.05911628855541282,0.8226839108401222,0.18028808083102696,1.00187432099933,-1.0017696827063787,-0.6294607438033901,1.3317999135043364,0.0,0.0,26.0
2012-07-30 13:00:00,-0.014288525992284874,0.23309693416482444,0.6811353494870834,-0.08748380740670926,0.7488518329148662,0.8743312908740822,0.10527864496279657,-0.6369961890031739,0.01464384870221645,0.16804014002271397,0.41555390594115427,0.06450772778231839,0.06457863501196434,-0.12877540104591717,-0.37615987556974056,0.1696905311202046,0.7207467283618492,0.14621688222578821,-0.36416547244909103,-1.3677444772711809,-0.6294607438033901,1.3317999135043364,0.0,0.0,25.0
2012-07-30 17:00:00,-0.12920784068288177,0.21812982976844103,0.6216777231345731,-0.2314287909498546,0.7307008385946644,0.7372973000427019,0.041647865800078454,-0.6835262667389318,-0.38042048059102984,-0.08171884369076622,0.3287879820597187,0.07389729001740356,-0.9965168915527772,-0.2942259938059006,-0.25098259822537516,0.10418872992604862,0.5809280101167129,0.19031601325869682,-1.36417600641423,-0.3678827442305594,-0.6294607438033901,1.3317999135043364,0.0,0.0,24.0
2012-07-30 21:00:00,-0.23875933085672402,0.2255629876466956,0.5691409938561853,-0.3277544788558674,0.7050484714401065,0.6146308860843326,0.019506106991231596,-0.7285208471146919,-0.6789121004829277,-0.357730130875395,0.16783992490825486,0.03562479722021377,-0.9822744041819902,0.10931652747757524,-0.1183674565819535,0.045641005566457823,0.4136198757902397,0.19262856067523298,-0.9981467469309481,0.9979537833748633,-0.6294607438033901,1.3317999135043364,0.0,0.0,24.0
2012-07-31 01:00:00,-0.28240922293959486,0.4559705059931488,0.5620727286112529,-0.2811049435660304,0.6830289416352279,0.5621664782787547,0.4372680983285912,-0.8353723787329429,-0.8943198972167151,-0.6690022006906147,0.06643447337745746,0.22334222801532294,-0.5427919367406816,0.0029249618949748367,-0.06142438288199766,0.24725258829876123,0.2394135350529284,0.36852905217703263,0.3678930465174731,1.3639285779396655,0.8274706956797339,0.8445865525059431,0.0,0.0,22.0
2012-07-31 05:00:00,-0.30400327918036796,0.14609891670526517,0.5053963743395021,-0.378758446077508,0.653404635297281,0.479472324263043,0.23369870439143658,-0.7523127338433802,-0.90370067456701,-0.8481980264906243,-0.13111435775917854,-0.05062188017568033,-1.0229672252413673,-0.9345889376548685,-0.032312024789617054,-0.14317011339060817,0.09945701745798739,0.2107010940635147,1.367903580482612,0.36406684489904434,0.8274706956797339,0.8445865525059431,0.0,0.0,21.0
2012-07-31 09:00:00,-0.24451535992058926,0.5471088582027461,0.5275201620894874,-0.2424827078416853,0.6343928160643464,0.47320618208309856,0.6136785861130553,-0.9576568470058632,-0.6410389087586935,-0.8352284588577669,-0.36962075762677676,0.36979470738871906,-0.24166506090127243,-0.23122889521496703,-0.11100000682780013,0.3697841351175432,0.024084346955561785,0.46453354920912193,1.00187432099933,-1.0017696827063787,0.8274706956797339,0.8445865525059431,0.0,0.0,20.0
2012-07-31 13:00:00,-0.2000081033817695,0.6308421933861976,0.5548842553465052,-0.11920435296072741,0.6249813113733688,0.4906502857972858,0.541855881303177,-1.1289146408415625,-0.47218491645334004,-0.6906695259040836,-0.8317258909246645,0.6189233535443224,-0.06668593034591512,0.08330323970519196,-0.16689301903014112,0.6276842189920135,-0.08691187296923017,0.552175945526543,-0.36416547244909103,-1.3677444772711809,0.8274706956797339,0.8445865525059431,0.0,0.0,19.0
2012-07-31 17:00:00,-0.27388602057530115,0.5913148673186982,0.5647141396626408,-0.06828854755675269,0.6195348802551789,0.5068483821033167,0.4154944631389704,-1.1914639472338113,-0.15251688828551965,-0.4334287580326582,-0.829177441235008,0.5829518503677118,-0.12162123877607883,0.13731985629343718,-0.07274039031821629,0.5436909293035936,-0.18991607943220068,0.5140978581720975,-1.36417600641423,-0.3678827442305594,0.8274706956797339,0.8445865525059431,0.0,0.0,18.0
2012-07-31 21:00:00,-0.3655281604794937,0.40412432461664105,0.5421975076144735,-0.11556394119630588,0.6104068730040757,0.5165195406405567,0.3282086703568272,-1.2064551396839078,-0.2001423732947129,-0.2824449836143629,-0.8283049177731052,0.3289299848970814,-0.37595137039720805,0.22291820446102145,0.05428240747149927,0.16434364183888578,-0.35072308981811323,0.39253710137262676,-0.9981467469309481,0.9979537833748633,0.8274706956797339,0.8445865525059431,0.0,0.0,18.0
2012-08-01 01:00:00,-0.4455743035389873,0.4233182766156025,0.5212076020822212,-0.14923035577265187,0.5986570902616875,0.48606106409716004,0.23048076863965933,-1.0445304321220186,-0.019347828766965763,-0.1273722007821583,-0.8263173349042715,0.15719638065014693,0.4430880311569045,0.4379751536752485,0.1757595027875807,0.19754182845099663,-0.5805299607599034,0.3100209206028206,0.3678930465174731,1.3639285779396655,1.1873030452467948,-0.2501719323160819,0.0,0.0,16.0
2012-08-01 05:00:00,-0.43026306262205083,0.6706700164389466,0.5378918104564094,-0.07366018199124728,0.592792342560466,0.5430007778427774,0.90921425706955,-1.1858584518304451,0.35556780891504147,0.04661997002677874,-0.8087166273414398,0.8098781902538663,0.9355026382177882,0.4762489937896129,0.15169903435531484,0.7199990776307336,-0.9310393086279166,0.5308787642107017,1.367903580482612,0.36406684489904434,1.1873030452467948,-0.2501719323160819,0.0,1.0,15.0
2012-08-01 09:00:00,-0.45139638973146784,0.5330283813826281,0.5293557585966251,-0.08182304338964295,0.5862919111898552,0.5741429091097603,0.6790754075510286,-1.167084346049838,0.7342682748015632,0.3666062596848583,-0.8000188067416426,0.45893872171847844,0.6918443267694577,0.41179643076104866,0.18501567293103233,0.4654154903273671,-0.9630660325367744,0.38401918203129165,1.00187432099933,-1.0017696827063787,1.1873030452467948,-0.2501719323160819,0.0,0.0,14.0
2012-08-01 13:00:00,-0.4776484887185887,0.439223619456496,0.5062535960825677,-0.12798464256947475,0.5761966405442229,0.6138006187085476,0.5971139464471994,-1.2629723039549257,0.7648812916476887,0.6351633089806505,-0.8378028855114047,0.4793836197420934,0.5294054524705041,0.35391118147448586,0.22750539722690546,0.2598618567442649,-0.9556464569312527,0.37619883853483455,-0.36416547244909103,-1.3677444772711809,1.1873030452467948,-0.2501719323160819,0.0,0.0,13.0
2012-08-01 17:00:00,-0.3224302000126303,-0.5917107753184648,0.34271318703674003,-0.5470167237417212,0.5334692035599902,0.39204585397748465,0.08772710702504778,0.2256963447863813,-0.09948125767536992,0.47933304021466855,-0.7424978670458297,-1.0711125578423404,-1.5016810837471561,-0.5509978340052246,-0.006955047663353668,-1.606495563255348,-0.9261042523536721,-0.249927920234661,-1.36417600641423,-0.3678827442305594,1.1873030452467948,-0.2501719323160819,0.0,0.0,12.0
2012-08-01 21:00:00,-0.3746227243540074,-0.4885844085872396,0.2237000440186177,-0.7610931040144255,0.474070546485206,0.1866898641315316,-0.048299389025790916,0.09097949657968757,-0.8052808729766175,-0.04788122103917032,-0.8126794954600247,-1.3925425625471795,-1.2982503791250746,-0.2617323324281238,0.06756344903944779,-1.385428635661054,-0.8678026919383616,-0.42979082173988786,-0.9981467469309481,0.9979537833748633,1.1873030452467948,-0.2501719323160819,0.0,0.0,12.0
2012-08-02 01:00:00,-0.42782170784432516,-0.2269582436853765,0.16169100004033493,-0.7772580966195909,0.4134130389518166,0.013600672244548473,0.08143152186089447,-0.03862818314253808,-1.2727906038346708,-0.7456762116082057,-0.8387922730206328,-0.9367832042701703,-0.7887996303385646,-0.4538857950859535,0.14789990096468864,-0.8067498548893547,-0.8397668600872731,-0.25093681292080044,0.3678930465174731,1.3639285779396655,0.17907520643152947,-1.128100072887392,0.0,0.0,10.0
2012-08-02 05:00:00,-0.4185130060789043,0.05806217690127833,0.1505235056158108,-0.6518609744298821,0.3625208451820631,-0.07721582974741859,0.47731288545041667,-0.2510374603270082,-0.8101732517385051,-0.9890506794969037,-0.8486349942719389,-0.39561480240414065,-0.1972707053587009,-0.33733391901065707,0.13350677072159364,-0.16136077151136974,-0.8369202016491235,-0.038478419013576154,1.367903580482612,0.36406684489904434,0.17907520643152947,-1.128100072887392,0.0,0.0,9.0
2012-08-02 09:00:00,0.05442708851060107,-0.6609572486956099,0.0258679019055488,-0.8603204481623511,0.2953948484952036,0.029673534234144615,1.6631889047014394,-0.9252649817043693,-0.8781039071527709,-1.0139887220536168,-0.7543830765614151,-0.2826445360808789,-1.4897897831954146,-0.8828314640370116,-0.4450576780372256,-1.6250137142364163,-0.8325884927419506,-0.004632689296126941,1.00187432099933,-1.0017696827063787,0.17907520643152947,-1.128100072887392,0.0,0.0,8.0
2012-08-02 13:00:00,0.17416504369739533,-1.0924540812813293,-0.16193439395601622,-1.1988968370208473,0.20190218076815825,-0.037916343892200666,1.1293650069320833,0.033155003870734875,-1.0669144184356698,-0.9434870033189245,-0.523076723958282,-2.318673510177766,-1.3211756628204756,-1.2149002622676075,-0.5557994672816745,-2.1183044964342117,-0.7054966616280056,-0.9989695449433137,-0.36416547244909103,-1.3677444772711809,0.17907520643152947,-1.128100072887392,1.0,0.0,7.0
2012-08-02 17:00:00,0.09028902780111217,-0.8562634227342674,-0.2755195578299673,-1.267828810024033,0.10304142856701928,-0.10067837358094975,0.9756794068628012,-0.0762193234760247,-1.3870566430092264,-1.1410390927714293,-0.40600583974426674,-1.9640481111919128,-1.0999537508647568,-1.0699878095371758,-0.4794113971418073,-1.5404307635224355,-0.6105814660696522,-0.9304763108504013,-1.36417600641423,-0.3678827442305594,0.17907520643152947,-1.128100072887392,1.0,0.0,6.0
2012-08-02 21:00:00,-0.016634089927570567,-0.9180662780723269,-0.37420645340885195,-1.282439347591762,0.003042879252893826,-0.15477596942072258,0.9182843713861673,-0.1507334612842809,-1.279903389357966,-1.2786341916279345,-0.2863631821647572,-1.605234772670768,-1.1876571124093445,-1.3279455974263579,-0.37373343283209937,-1.4351888690282446,-0.5149292306295231,-0.8309916698807582,-0.9981467469309481,0.9979537833748633,0.17907520643152947,-1.128100072887392,1.0,0.0,6.0
2012-08-03 01:00:00,-0.14401118860880965,-0.8891620709749478,-0.4438643352389524,-1.2151459634916661,-0.09171519086618168,-0.2050094512719401,0.8596106907714395,-0.19197162079682495,-1.2237295018637067,-1.3323350744365705,-0.19180231215065427,-1.3426555848949104,-1.1627860098817633,-1.2342968816077184,-0.2338670129330369,-1.244548006318193,-0.4333516057104184,-0.7698581881921769,0.3678930465174731,1.3639285779396655,-1.4379966940383093,-1.1281000728873922,1.0,0.0,4.0
2012-08-03 05:00:00,-0.15434340057519874,-0.35971931239516214,-0.4243021142589192,-0.9185622038339242,-0.1633767702549911,-0.18398915459749007,1.4132292800434154,-0.36825553287102186,-1.0756347075606867,-1.2256895114334732,-0.16930671021273416,-0.8171519632979443,-0.6823810294809588,-0.8367537300264466,-0.22177800351637145,-0.6408273197940167,-0.400013608643633,-0.42649670778248355,1.367903580482612,0.36406684489904434,-1.4379966940383093,-1.1281000728873922,1.0,0.0,3.0
2012-08-03 09:00:00,-0.05030967895551593,0.19217558926662484,-0.31694165489588483,-0.44241473647345597,-0.19795831674239794,-0.06489054064146246,2.4020369671171675,-0.6517879334997688,-0.6814890010927454,-1.0207641928178102,-0.1816107035557333,-0.04086636032722203,-0.07631153104611225,0.3016968207597492,-0.3383274922615005,0.06907040528553067,-0.4000407522191628,0.17401162890918925,1.00187432099933,-1.0017696827063787,-1.4379966940383093,-1.1281000728873922,1.0,0.0,2.0
2012-08-03 13:00:00,0.2628173738087238,1.1264372631614699,-0.014426250713514947,0.4694786166130765,-0.16152607474435504,0.13548786053594666,3.164969923931609,-1.0586362692186804,0.22275003322915113,-0.5254213577979994,0.0002464736047762634,1.0237309932754897,1.3868346983969226,1.3178441837778119,-0.6310051678737474,1.492485544653864,-0.3287296222925006,1.0361240987949,-0.36416547244909103,-1.3677444772711809,-1.4379966940383093,-1.1281000728873922,0.0,0.0,1.0
2012-08-03 17:00:00,0.15209289667720363,1.2321676754999722,0.254459625125153,1.1074944565544695,-0.07540828371296453,0.32155351877211247,2.9910472430004695,-1.1094604059099942,1.0343695435897886,0.1971436438573007,0.17911788933466688,1.4492444500295996,1.6060867675438681,1.3054459737364723,-0.5362139018610484,1.4781270894453855,-0.17618458522951597,1.4488263847876288,-1.36417600641423,-0.3678827442305594,-1.4379966940383093,-1.1281000728873922,0.0,0.0,0.0
2012-08-05 21:00:00,0.16858662513726239,1.3387007939303173,0.4944995840079622,1.5394234820484338,0.04434602452006432,0.5322050041040881,3.5058244852200566,-1.2431140621484198,1.5039698818597558,0.945547871250276,0.3714182064891539,1.557002243718587,1.247788293914065,1.2681349068041503,-0.5508831828152004,1.4544402540425583,0.013492755601328588,1.6400796822795194,-0.9981467469309481,0.9979537833748633,-2.0863921832865144,0.8445865525059428,0.0,0.0,0.0
2012-08-06 01:00:00,0.05891151984571423,1.1767206526185034,0.6539021105265143,1.6655692832964009,0.17392394997524951,0.7278099547694938,3.3304235203933477,-1.2865814537699902,1.4081323713154987,1.351478707936748,0.5100794746209443,1.2194805617273605,1.1166082513637494,1.7344820823154186,-0.44941176250260817,1.1864799355942086,0.1401248604163151,1.3522806307898614,0.3678930465174731,1.3639285779396655,-0.6294607438033901,1.3317999135043364,0.0,0.0,28.0
2012-08-06 05:00:00,0.06217617520860661,0.7518138756664655,0.7084857218492885,1.481295798598798,0.2891515588923224,0.7898010995966085,2.8778475173629663,-0.5225294321907306,1.1068835783900965,1.3763109345291584,0.5778161892583638,0.8158545176697153,0.7566762337876571,1.8780316386796712,-0.45257092560896456,0.7924043159913587,0.20045041393590404,0.9165930155881419,1.367903580482612,0.36406684489904434,-0.6294607438033901,1.3317999135043364,0.0,0.0,27.0
2012-08-06 09:00:00,0.05005725177664524,0.9792382497520824,0.7997988760733912,1.4338103381149092,0.40068123269941425,0.8487569298673193,2.5207019741724634,-0.6759859212356322,1.0484404227027966,1.2203161566843659,0.6887475474978169,0.8257187275734947,1.0830001412888695,2.001440577135272,-0.4407985600299165,0.981069401552687,0.27116993665894684,0.9770095922432557,1.00187432099933,-1.0017696827063787,-0.6294607438033901,1.3317999135043364,0.0,0.0,26.0
2012-08-06 13:00:00,0.06373898116935958,1.1110572215877867,0.8967651379124664,1.4112028813531057,0.5104503484903272,0.9358159510808078,2.7323783875505914,-0.8415324014361932,1.1072680728354098,1.117286026668868,0.8146556958546531,0.9380989098201722,1.282480536572012,2.2423343852937183,-0.45408008348242457,1.0436822287672909,0.37056365934341784,1.1713251550641675,-0.36416547244909103,-1.3677444772711809,-0.6294607438033901,1.3317999135043364,0.0,0.0,25.0
2012-08-06 17:00:00,-0.01224945883206387,0.9851194646380359,0.944773483794986,1.259912768778195,0.6084377312332147,1.0166564707790473,2.507597729018339,-0.920947963036202,1.257989895397395,1.169031958526101,0.9130507926948661,0.813734170243913,1.1816562063473732,2.1350033886948303,-0.37826512925266537,0.8825719651911935,0.45550195751152006,1.0508198404017606,-1.36417600641423,-0.3678827442305594,-0.6294607438033901,1.3317999135043364,0.0,1.0,24.0
2012-08-06 21:00:00,-0.10869206787615096,0.8577481558790608,0.9540661279981588,1.033543432976711,0.6887965787117674,1.08027248432321,2.3472117981861853,-0.8968851360379533,1.2431157925079868,1.2356979895679039,0.9876882476382328,0.6713995944847945,1.0410606548207333,1.6914425647516922,-0.27431254679253214,0.743596595976013,0.5209119583407621,0.8755945998462779,-0.9981467469309481,0.9979537833748633,-0.6294607438033901,1.3317999135043364,0.0,0.0,24.0
2012-08-07 01:00:00,-0.20676801301480235,0.8639411672747057,0.9516056687578215,0.8204702526590393,0.752562330399254,1.1422972042785475,2.2619424647519426,-0.9489753365582868,1.1515560537643104,1.250864283662218,1.0145989735125127,0.6159370555497805,1.0243158289175531,1.2523960585540035,-0.15856024853088593,0.6742799066338965,0.5822286126032794,0.8352418155371626,0.3678930465174731,1.3639285779396655,0.8274706956797339,0.8445865525059431,0.0,0.0,22.0
2012-08-07 05:00:00,-0.17253219010371643,1.0339640941934551,0.9745050446119199,0.7190104625391438,0.8084268905154178,1.228837598821777,2.363897550086248,-1.111920963555147,1.1759635812722227,1.222774603857395,1.0544285553043677,0.6201316521367178,1.250476435523524,0.34871441096362965,-0.20020509599143793,0.7425436363259038,0.6490336958412916,0.8785676928054612,1.367903580482612,0.36406684489904434,0.8274706956797339,0.8445865525059431,0.0,1.0,21.0
2012-08-07 09:00:00,-0.17609269107571562,1.0881923617447748,0.9926643590812746,0.6249459247332237,0.8569661650933976,1.3185746673739394,2.181499422954423,-1.2318057361398216,1.2750199965736206,1.2337001085102535,1.099156930278176,0.6367847395382179,1.3203632265458005,0.24684249079372217,-0.19593796664411403,0.7118939075744853,0.7237990925555132,0.9312995701055172,1.00187432099933,-1.0017696827063787,0.8274706956797339,0.8445865525059431,0.0,1.0,20.0
2012-08-07 13:00:00,-0.24725998851028555,1.097542530498964,0.9972770860096432,0.512836891448688,0.8967749371953704,1.4019019453152324,1.9861062812866763,-1.2933033093546304,1.3662899930699168,1.3072351400748599,1.1443074582294104,0.6213975840173146,1.2816635702545423,0.09462537765833536,-0.10747213634615373,0.6509101120571977,0.797383388769102,0.919028121214667,-0.36416547244909103,-1.3677444772711809,0.8274706956797339,0.8445865525059431,0.0,1.0,19.0
2012-08-07 17:00:00,-0.29882478464418016,0.7655279626146871,0.9536638587400061,0.2919370309767854,0.9193811099857891,1.4038315433856492,1.7570837704040168,-0.8907208230990551,1.2448869616276048,1.3308377571849537,1.074825589435406,0.45644187898852256,0.9081646448748821,0.030926083483304886,-0.039352076039328644,0.4482615231448642,0.816909736790837,0.643860948863896,-1.36417600641423,-0.3678827442305594,0.8274706956797339,0.8445865525059431,0.0,1.0,18.0
2012-08-07 21:00:00,-0.36532873435503005,0.6568735717357786,0.8965454669457359,0.07847244283652281,0.9253637060607761,1.3475815881425826,1.576944277191056,-0.5637815135628874,0.7713203303220524,1.1583472278505258,0.8573318962013017,0.3137268106177317,-0.01492008250961156,0.2841255776495343,0.05399261232546656,0.3417216080572978,0.79473786065021,0.4253902283757131,-0.9981467469309481,0.9979537833748633,0.8274706956797339,0.8445865525059431,0.0,1.0,18.0
2012-08-08 01:00:00,-0.4466516545648744,0.5350612802388055,0.8283645664054471,-0.12239797706550082,0.9157034975647858,1.299125411183876,1.4980313138070782,-0.630979331501504,0.2305265636936558,0.7694082464338665,0.6232319121025404,0.28931823016064134,-0.24317547558225944,-0.06385507795424464,0.17746782176905657,0.2214523290387088,0.7759074373916198,0.4035334759940094,0.3678930465174731,1.3639285779396655,1.1873030452467948,-0.2501719323160819,0.0,1.0,16.0
2012-08-08 05:00:00,-0.46503620243011995,0.5111379120402694,0.7628630866508879,-0.27580417504543864,0.8940967656526186,1.1746101233304702,1.226344945257844,-0.1812356850495164,-0.18598546681836506,0.2794100210441048,0.29188420318290936,0.1384123274755583,-0.26624572443307903,-0.2483975210619236,0.20693652665911577,0.13769104258556272,0.7585286116565083,0.26149815428309237,1.367903580482612,0.36406684489904434,1.1873030452467948,-0.2501719323160819,0.0,1.0,15.0
2012-08-08 09:00:00,-0.38931143490774095,-0.32669579077144106,0.6035706319368443,-0.6537145633480621,0.8430602234555747,0.9592938467002241,0.777000762689436,0.3419141952809468,-0.7367210417447909,-0.2370144913281364,-0.1371190795586705,-0.43538757896053365,-1.5677913624706572,-0.6537242025696182,0.0892872112368743,-0.6858401293360707,0.7284123200466321,-0.08692686279805965,1.00187432099933,-1.0017696827063787,1.1873030452467948,-0.2501719323160819,0.0,0.0,14.0
2012-08-08 13:00:00,-0.37075940886536213,0.159355091270128,0.5370061405625894,-0.7037496741319792,0.7881271918696913,0.7576953928189485,0.4814116875361103,0.10061583282637082,-0.8423558501805416,-0.6044200464279716,-0.5805157396775411,-0.6565325875590189,-0.5410266906703318,-0.24311741809636042,0.061906080565178316,-0.40894758841935147,0.5507674928404048,-0.02024309959809514,-0.36416547244909103,-1.3677444772711809,1.1873030452467948,-0.2501719323160819,0.0,1.0,13.0
2012-08-08 17:00:00,-0.43212517113184884,0.1414322909826389,0.47628014572584204,-0.7278924470382109,0.731314039365268,0.5704968285006219,0.3459150253042265,-0.017047392358023165,-0.9522317053507771,-0.8668189085684891,-0.9721203485054006,-0.9246592159110287,-0.5760551277530154,-0.2609357613368764,0.154603609914673,-0.8982426439599311,0.3343173735589872,0.015004264613533097,-1.36417600641423,-0.3678827442305594,1.1873030452467948,-0.2501719323160819,0.0,1.0,12.0
2012-08-08 21:00:00,-0.5153052125288613,0.25682007853281785,0.4387511418538396,-0.684092553214185,0.6779118080888331,0.41933226808309637,0.4739669074716986,-0.09304791193290554,-0.5145800712339392,-0.7907473600693025,-0.9736058131286124,-0.6989493839268339,-0.33377510459799514,-0.3608213174230565,0.2906927189703059,-0.6018178197358617,0.07277986508003409,0.13288808360378598,-0.9981467469309481,0.9979537833748633,1.1873030452467948,-0.2501719323160819,0.0,1.0,12.0
2012-08-09 01:00:00,-0.5960157865722446,0.3347602955262834,0.4145392805215984,-0.612819506494213,0.6300599726425183,0.3067358000043851,0.664852189498357,-0.16486668193031642,-0.3841379861838096,-0.6338319455734502,-0.9705788724817868,-0.3669516617493067,-0.17322810130257002,-0.3662701090208782,0.43578621389157923,-0.38225916835971785,-0.27584404133739376,0.2198877467194566,0.3678930465174731,1.3639285779396655,0.17907520643152947,-1.128100072887392,0.0,1.0,10.0
2012-08-09 05:00:00,-0.5462862424291436,-0.3178701245772634,0.31157255912792525,-0.7700764067148749,0.5699617399477219,0.12562036971176785,0.31470306712159607,0.6414988958903981,-0.6750445409385042,-0.538909983305755,-0.9060099230189763,-1.179195980404093,-1.3963043627717078,-0.7680082261645536,0.3447664981982532,-1.5932055316647487,-0.6508905246579151,-0.101252084859769,1.367903580482612,0.36406684489904434,0.17907520643152947,-1.128100072887392,0.0,0.0,9.0
2012-08-09 09:00:00,-0.5051589382906704,-0.7037224455146888,0.16959348539936,-1.002026296400504,0.4918003857819704,0.04845984995662018,0.01569967898358864,1.2801590396468294,-1.0587085079937513,-0.7252452310161213,-0.7560245605841728,-1.9197769425631754,-1.4155660451516465,-0.8779604985226592,0.27339979154689115,-1.9790496589495803,-0.8537209390680105,-0.4800116287927121,1.00187432099933,-1.0017696827063787,0.17907520643152947,-1.128100072887392,0.0,0.0,8.0
2012-08-09 13:00:00,-0.4552908737821621,-0.9871516019753788,0.007915606903728238,-1.241182494631149,0.3950147181275299,0.03209690338835736,-0.26677424950001377,1.5573565305032484,-1.5033636952989569,-1.1085209167966081,-0.5602562376405846,-2.1140109050954115,-1.4269917971455301,-1.0595157239353774,0.19124069634999263,-2.042864184965137,-0.7396622705425285,-0.7169124673630562,-0.36416547244909103,-1.3677444772711809,0.17907520643152947,-1.128100072887392,0.0,0.0,7.0
2012-08-09 17:00:00,-0.4758990325216032,-0.5872719698373153,-0.07260406866391989,-1.211693127375136,0.30052553797549314,0.016902738717827513,-0.4260348194863445,1.2912525615227535,-1.343370941623154,-1.3373874067829103,-0.4784432540471164,-1.5883697699069612,-0.945183782412926,-0.7643306805641326,0.2246348594541471,-1.3313361085438717,-0.6315183242317881,-0.6026903158452691,-1.36417600641423,-0.3678827442305594,0.17907520643152947,-1.128100072887392,0.0,0.0,6.0
2012-08-09 21:00:00,-0.5486928080773873,-0.6877163548908279,-0.15109476581148412,-1.1825812119023722,0.20830345122949082,0.0013923875207882287,-0.4941376992959794,1.160179524554964,-1.2129652548312704,-1.3902121944454087,-0.4161259889733395,-1.3002293453042133,-1.0478700854530842,-0.8320207108266612,0.3490490650516493,-1.3123516338933507,-0.5693301253664592,-0.5222774043576172,-0.9981467469309481,0.9979537833748633,0.17907520643152947,-1.128100072887392,0.0,0.0,6.0
2012-08-10 01:00:00,-0.6241778559061665,-0.7470569040893298,-0.22030655922553755,-1.1340457425943784,0.11986106913843932,-0.004046939428002261,-0.5623471931956682,1.1556699105239825,-1.0855169835943903,-1.2471217671299897,-0.35390173759187593,-1.202709569003703,-1.0676346589928407,-0.38661860292511374,0.489792907686678,-1.2371288149733142,-0.5013702240139983,-0.5366142297519135,0.3678930465174731,1.3639285779396655,-1.4379966940383093,-1.1281000728873922,0.0,0.0,4.0
2012-08-10 05:00:00,-0.6267256297505289,-0.8841652707100139,-0.29335066082552225,-1.1056442681630352,0.03363045478438865,0.04536516623883461,-0.7253439477605994,1.578088088122119,-1.1830156712363873,-1.1922085572872732,-0.2780997655867347,-1.2409042435871922,-1.2200941364305982,-0.8162785913134979,0.4947709466396362,-1.2578632962948206,-0.40983310064404554,-0.6420539456428571,1.367903580482612,0.36406684489904434,-1.4379966940383093,-1.1281000728873922,0.0,0.0,3.0
2012-08-10 09:00:00,-0.6559202338263097,-1.0531397713993593,-0.37422717783384407,-1.1042334363794757,-0.05249029089968307,0.1016117221486216,-0.843357620859532,1.4825031218098736,-1.319587299341247,-1.2287209755564954,-0.19414492255774285,-1.2200687763297506,-1.4329517264382148,-0.9386208249312407,0.5529459181704257,-1.303049712854868,-0.31488187260796235,-0.7100963262827364,1.00187432099933,-1.0017696827063787,-1.4379966940383093,-1.1281000728873922,0.0,0.0,2.0
2012-08-10 13:00:00,-0.5324725170990982,-0.5665451178576435,-0.3836886561760438,-0.9087995368664542,-0.12339160159617751,0.026917602103231318,-0.2679012959114098,0.887693249170047,-1.1347100023702912,-1.2455669860201504,-0.21178902278613826,-0.8812205529697481,-0.5463488408007261,-0.767884754051155,0.3204159663584538,-0.8226144450145826,-0.2819070879051159,-0.49094000180407865,-0.36416547244909103,-1.3677444772711809,-1.4379966940383093,-1.1281000728873922,0.0,0.0,1.0
2012-08-10 17:00:00,-0.6110099557813637,-0.6244927552881488,-0.39503462444579385,-0.7575797162583884,-0.18251665323878036,-0.04244122365320256,-0.3389269172867985,0.787095332978276,-0.916719788573388,-1.1543747124537465,-0.257264510604331,-0.6908051142432493,-0.6054421006273886,-0.8596152036538678,0.4643103810247356,-0.8168939836742319,-0.2700665882322858,-0.3665486045630997,-1.36417600641423,-0.3678827442305594,-1.4379966940383093,-1.1281000728873922,0.0,0.0,0.0
2012-08-12 21:00:00,-0.6489023025608338,-0.886781601931958,-0.43736048174677145,-0.7208935934556048,-0.23878476930196477,-0.05999377429942404,-0.4653437647781671,1.1308431375385772,-0.7866021847402207,-0.9718554639716841,-0.3006470288350713,-0.8238728937443777,-1.0660680544748264,-0.6560522480371749,0.5387684683248358,-1.0514106722207606,-0.239940082452011,-0.5052592332948825,-0.9981467469309481,0.9979537833748633,-2.0863921832865144,0.8445865525059428,0.0,0.0,0.0
2012-08-13 01:00:00,-0.6364274540159742,-0.43533149557425366,-0.4187301370025154,-0.5256957461877179,-0.2798518329703945,-0.10914672461700738,-0.4215893580941305,0.8196956074497928,-0.7675358272519157,-0.8461177038190522,-0.36306358096342595,-0.6400635051694029,-0.4925887419347427,-0.1341305866771991,0.5138705846416974,-0.580473600478193,-0.2361426143912076,-0.3693531298628665,0.3678930465174731,1.3639285779396655,-0.6294607438033901,1.3317999135043364,0.0,0.0,28.0
2012-08-13 05:00:00,-0.6766074955955772,-0.42302885254517714,-0.3982303321151727,-0.36445106223960433,-0.3083619503231865,-0.1547887499119061,-0.5396385688954453,0.6453418901308532,-0.7217939368700593,-0.7793658959580584,-0.4320008692906572,-0.5651985201203926,-0.47646683355007935,0.11466308688844977,0.5954713469275127,-0.5103620727938478,-0.25913615656699857,-0.3197641484551587,1.367903580482612,0.36406684489904434,-0.6294607438033901,1.3317999135043364,0.0,0.0,27.0
2012-08-13 09:00:00,-0.5864017590606851,0.4876574801258193,-0.26136590781608526,0.08114823280541097,-0.30217097682967914,-0.2545083875383446,0.858640588476386,0.22282853418136492,0.001752016297353586,-0.5093962244433756,-0.48504810470016935,0.2877812953489415,0.9740647816068374,0.46502084828584095,0.41776668024584207,0.6926113212034851,-0.33639582746920116,0.23716494790985973,1.00187432099933,-1.0017696827063787,-0.6294607438033901,1.3317999135043364,0.0,0.0,26.0
2012-08-13 13:00:00,-0.5834413647602426,0.22624041457387062,-0.18286726511733783,0.2788267066309749,-0.2805857718935801,-0.312374986988708,0.9594031542960909,-0.00014330187236584187,0.4573237942663884,-0.08994650344526964,-0.5591510845337216,0.5614640345319919,0.7919557149280874,0.387803750164474,0.41225976370215056,0.4466248489417791,-0.43454111716362565,0.34979042494374807,-0.36416547244909103,-1.3677444772711809,-0.6294607438033901,1.3317999135043364,0.0,0.0,25.0
2012-08-13 17:00:00,-0.6476066458357375,0.10322084827118472,-0.1345706824367451,0.3547960604392448,-0.25308444573074274,-0.39816538060881257,0.8270707315936636,0.17352954493603204,0.8351492098494011,0.4432242836624606,-0.5593318265054658,0.29107971719600034,0.5888615443681037,0.35863511273892373,0.5361645521359999,0.27989513345921313,-0.511153546783579,0.14626396622704566,-1.36417600641423,-0.3678827442305594,-0.6294607438033901,1.3317999135043364,0.0,0.0,24.0
2012-08-13 21:00:00,-0.706557426335113,0.23635410173053525,-0.07764569504589026,0.43904760998854603,-0.2190220214975944,-0.47728619457202437,0.6986035646833488,0.06522075290530228,0.7831680925214843,0.7108180139132442,-0.5975454262159847,0.3848962020262435,0.827497194776096,0.5540442441135094,0.6590506901044729,0.5252760658987712,-0.5667443572984722,0.16783320766670307,-0.9981467469309481,0.9979537833748633,-0.6294607438033901,1.3317999135043364,0.0,0.0,24.0
2012-08-14 01:00:00,-0.7657163002939271,0.4386001735632329,-0.004794615301618566,0.5497803826021008,-0.17633627122947693,-0.5135253750723043,0.9774861249408888,-0.03474169676499282,0.9272253446980843,0.8717344738589412,-0.6154778195793054,0.6854969826213235,1.1981440560481118,0.8277357965749351,0.7921502926387757,0.8707922794204941,-0.6224908081657439,0.30781623178133755,0.3678930465174731,1.3639285779396655,0.8274706956797339,0.8445865525059431,0.0,1.0,22.0
2012-08-14 05:00:00,-0.7717264088455695,0.6319300003054871,0.07970396039198518,0.6700569766869064,-0.12428396884955985,-0.4766833351016304,1.5782938885840343,-0.22378655365676817,1.1793818866360208,0.989615982645719,-0.6234856378872782,1.0650132689362757,1.2998500293266513,0.7143018022846339,0.8062663144157004,1.2091154339908998,-0.640485819592708,0.48630110729007026,1.367903580482612,0.36406684489904434,0.8274706956797339,0.8445865525059431,0.0,1.0,21.0
2012-08-14 09:00:00,-0.7255433944151287,0.008638004410791657,0.07459596726697627,0.5224777072073206,-0.08372441723066956,-0.5376572686061805,1.1336815091996344,0.29850489468590913,1.0394557616754332,1.0773809717377956,-0.708946151101455,0.6512967444045128,0.4329571093702005,0.4032126194360691,0.7006446544038221,0.47791017462651325,-0.6450162310220826,0.17960395745750118,1.00187432099933,-1.0017696827063787,0.8274706956797339,0.8445865525059431,0.0,0.0,20.0
2012-08-14 13:00:00,-0.7173788084769864,0.013119499711961843,0.07012043523237176,0.4061350846459165,-0.052225059287337346,-0.6258811308453079,0.826308830959921,0.3399918177936245,0.7705568217750451,1.0237302781605213,-0.7131138629994768,0.47360266555451364,0.43994818130537844,0.5963101415434258,0.6826320144020561,0.4928398399219559,-0.6612478651437171,0.05655566974729958,-0.36416547244909103,-1.3677444772711809,0.8274706956797339,0.8445865525059431,0.0,0.0,19.0
2012-08-14 17:00:00,-0.7767116258889031,-0.16285302001020208,0.0448634044750309,0.25651891857578507,-0.03237707563612591,-0.7078032886387833,0.699299664939299,0.2317529988291059,0.37467487025288115,0.7481606311762182,-0.7113157126832136,0.2365200628449784,0.18360887701716863,0.2554774895580044,0.8180622455126366,0.20018331507217005,-0.6857964193027488,-0.0577214274638786,-1.36417600641423,-0.3678827442305594,0.8274706956797339,0.8445865525059431,0.0,0.0,18.0
2012-08-14 21:00:00,-0.8349627159821876,-0.14562828131936345,0.026261626791140493,0.15493352343852404,-0.02044006505985883,-0.7874819783084764,0.5795787721881881,0.16101088404113764,0.21511187382246488,0.46586639296971005,-0.7330366195293452,0.1895180898954517,-0.016951713996480634,0.25829990247304124,0.9620325737148948,0.17863746618807205,-0.730725396588404,-0.06131002521600918,-0.9981467469309481,0.9979537833748633,0.8274706956797339,0.8445865525059431,0.0,0.0,18.0
2012-08-15 01:00:00,-0.9045190361588303,-0.058949897994983444,0.02025831926837146,0.10794298326368255,-0.012162447623697876,-0.8614693330017628,0.49764093347621213,0.09044393679483256,0.09892690298592433,0.23586862253062035,-0.7310783731244481,0.19599455487664388,0.11234939780700431,-0.2785867521814524,1.150213092662238,0.27138425052662407,-0.801269765219762,-0.039940067239286135,0.3678930465174731,1.3639285779396655,1.1873030452467948,-0.2501719323160819,0.0,0.0,16.0
2012-08-15 05:00:00,-0.9227089810527989,0.042843303174624765,0.025515226558251714,0.10098721695635658,-0.004426511202790239,-0.8842359656190314,0.7588305883406282,-0.08104908956410559,0.12619927863118097,0.15077885734481966,-0.7329232131290059,0.3005247748707047,0.2605069217485001,-0.06972129845923336,1.202665926678916,0.36562171898419144,-0.8216866270713816,0.028705672410721424,1.367903580482612,0.36406684489904434,1.1873030452467948,-0.2501719323160819,0.0,0.0,15.0
2012-08-15 09:00:00,-0.7978803792184064,-0.7741968564617854,-0.06559581941974865,-0.16677423960957458,-0.01754252570001218,-0.9352963790363366,0.20769670837122076,0.9950832210108591,-0.32790643132813424,-0.03517622892861526,-0.7208632933591878,-0.4798654960741005,-1.2973623995715793,-0.4677312432815039,0.8690503890842631,-0.8860217019466822,-0.8170529027064457,-0.34328773181954636,1.00187432099933,-1.0017696827063787,1.1873030452467948,-0.2501719323160819,1.0,0.0,14.0
2012-08-15 13:00:00,-0.8101151474445781,-0.789397364114412,-0.13849744301429096,-0.3314394132202583,-0.04348185749648779,-0.9667023031210111,0.01068141855722324,0.9242176640604925,-0.7905134962817413,-0.3397625837753947,-0.722807503102284,-0.8799779099014061,-1.1920319746320267,-0.5663314096784928,0.8992009366935055,-0.9171394469264219,-0.8064311573825215,-0.5060277957380501,-0.36416547244909103,-1.3677444772711809,1.1873030452467948,-0.2501719323160819,1.0,0.0,13.0
2012-08-15 17:00:00,-0.8707147683143608,-0.6281377513171805,-0.17969220599212574,-0.37690388231071276,-0.07296173949070832,-0.9958649469139234,-0.0786542236929173,0.8087070178393357,-1.2302225511573894,-0.8042654117446109,-0.7654957185794128,-0.7602844114036491,-0.9793105041485431,-0.6306229010150015,1.056395709707376,-0.7920843924367572,-0.8002037430739641,-0.38543518006524036,-1.36417600641423,-0.3678827442305594,1.1873030452467948,-0.2501719323160819,0.0,0.0,12.0
2012-08-15 21:00:00,-0.8947912679433774,-0.35289581540809545,-0.18462883026757435,-0.31462472155206456,-0.09759162544734805,-1.0751645561732361,0.20454335618513098,0.6086846648767339,-0.9851532343729573,-1.029337724784304,-0.7754707536930937,-0.55364298519608,-0.6063572766774202,-0.640235561694585,1.1227376493852237,-0.45332666606795735,-0.7996505791446309,-0.24731560319614737,-0.9981467469309481,0.9979537833748633,1.1873030452467948,-0.2501719323160819,0.0,0.0,12.0
2012-08-16 01:00:00,-0.90199762847281,-0.7380066560822731,-0.23263562429673829,-0.38198622645412617,-0.127467295513484,-1.1246957207081663,-0.0013030311541815224,0.6133007532485328,-1.0165061730165126,-1.10672827921087,-0.7589187016854467,-0.8117522374117498,-1.2804357026251962,-0.5214282291416651,1.1430536128151725,-1.0723970751651908,-0.7938169120112348,-0.3494399537732225,0.3678930465174731,1.3639285779396655,0.17907520643152947,-1.128100072887392,1.0,0.0,10.0
2012-08-16 05:00:00,-0.9102674144983959,-0.8003643784258562,-0.275713572507567,-0.4224650821018817,-0.16049526061869787,-1.1095975310173323,-0.19125384552056013,1.0214287807728257,-1.1001216045879219,-1.062175577185712,-0.7721975803215694,-1.1412060464584979,-1.2150751944286937,-0.5638479254932137,1.1666358569842203,-1.2103423126646717,-0.7836433638423853,-0.47664720435497515,1.367903580482612,0.36406684489904434,0.17907520643152947,-1.128100072887392,1.0,0.0,9.0
2012-08-16 09:00:00,-0.8106312452124055,0.12162662109010658,-0.21213997455762632,-0.16467183920389417,-0.17344755046849766,-1.1844679326059675,0.7136309926392127,0.49983200574197406,-0.8553590559622394,-1.017727927050859,-0.7873001653162097,-0.39109269139421954,0.08378287310619874,0.011364080567335254,0.9004840009640347,0.0867207745550062,-0.8176106338406876,-0.08487354396172235,1.00187432099933,-1.0017696827063787,0.17907520643152947,-1.128100072887392,0.0,0.0,8.0
2012-08-16 13:00:00,-0.7544097524423662,0.6050624557573093,-0.09366600211055323,0.19093507664968443,-0.15870691524003686,-1.1428554123857544,1.5802802658499062,0.14630255038451237,0.037828454095845586,-0.6566740091882302,-0.7689399037318077,0.661651902454645,1.2380237816280424,0.3341073947716634,0.7659008936541907,0.9328572000918569,-0.8126862863470522,0.3917644130250728,-0.36416547244909103,-1.3677444772711809,0.17907520643152947,-1.128100072887392,0.0,0.0,7.0
2012-08-16 17:00:00,-0.8057317396126967,0.5242402090938209,-0.00846023138719625,0.3849048602089781,-0.12886086320419962,-1.0961379199954484,1.514451709802317,0.03163192783016228,0.8877881223645231,0.024080067189952363,-0.770055045406348,0.9039369453290409,1.1814977129161286,0.24624228530653014,0.8883402403538873,0.8153256048979359,-0.7895773796142926,0.48558589774310595,-1.36417600641423,-0.3678827442305594,0.17907520643152947,-1.128100072887392,0.0,0.0,6.0
2012-08-16 21:00:00,-0.8773759866728745,0.49031323208229993,0.05480577853929957,0.480387232609667,-0.09157911161555732,-1.0665806514894238,1.4124956444259942,0.08476926291092775,1.25859397601094,0.747997317695054,-0.7542257325001315,0.748780374931146,1.129318674286073,0.17729405881800595,1.0745184376192474,0.732359722795617,-0.8025720313866169,0.38561420309779443,-0.9981467469309481,0.9979537833748633,0.17907520643152947,-1.128100072887392,0.0,0.0,6.0
2012-08-17 01:00:00,-0.9035017498449182,0.31995551484845425,0.08694948929975808,0.4720959289532694,-0.05494304615033187,-1.0822651154482883,1.1823119465014265,0.3069975600716761,1.1295690832711065,1.1218608154093648,-0.7453150939646251,0.5568318992077306,0.87422115209479,0.5700330476059391,1.1473213166539307,0.4791800794394476,-0.8170696294137215,0.2857739788938148,0.3678930465174731,1.3639285779396655,-1.4379966940383093,-1.1281000728873922,0.0,0.0,4.0
2012-08-17 05:00:00,-0.9028263716394229,0.672285562762631,0.15625120297169323,0.5665619624795964,-0.010950428626478327,-1.0608077253163197,1.3168676092121196,0.08157735081296812,1.2369659719699329,1.2414357846733175,-0.7069916128473699,0.8286674161122588,1.4843173447146738,0.8077445344037382,1.1454038645774525,1.0111804972478564,-0.819912021393342,0.41310372375696025,1.367903580482612,0.36406684489904434,-1.4379966940383093,-1.1281000728873922,0.0,0.0,3.0
2012-08-17 09:00:00,-0.8431758437639586,0.34680489574353435,0.17705692867439815,0.5101874506083717,0.028652017998066402,-1.0846143475084564,0.8511504971591408,0.11827582703571382,1.1397412719864806,1.2007350115666537,-0.7111662364675387,0.6541818927718754,0.8551808644536473,0.5763436758538784,0.9832872889264633,0.6074702359585396,-0.8069076768195844,0.30462830279362885,1.00187432099933,-1.0017696827063787,-1.4379966940383093,-1.1281000728873922,0.0,0.0,2.0
2012-08-17 13:00:00,-0.7155060864239197,-0.2393446855849076,0.1252787958575387,0.26760249511224365,0.04936313630988071,-1.1378318695502745,0.2955948462796939,0.9188862965928825,0.8038005432175159,1.0891764943007662,-0.7585583521935254,-0.047173119247023554,-0.07300785076052871,0.11821123785636853,0.678527367369672,-0.19943649490870816,-0.8151191579560848,-0.0704883640533902,-0.36416547244909103,-1.3677444772711809,-1.4379966940383093,-1.1281000728873922,0.0,0.0,1.0
2012-08-17 17:00:00,-0.7519314529008567,0.03548573677384823,0.11574715906770282,0.18847832201157802,0.06391245151869163,-1.187248140017677,0.13965284060166053,0.7355388185620166,0.414664496551878,0.8075816744691777,-0.7576953736571564,0.14065330265007664,0.38709715706767595,0.5134114794605059,0.7602000131797171,0.25209233038298867,-0.8156295642256725,0.004891929412827402,-1.36417600641423,-0.3678827442305594,-1.4379966940383093,-1.1281000728873922,0.0,0.0,0.0
2012-08-19 21:00:00,-0.7665013879721884,-0.06282459768247957,0.09544600695146904,0.09587740734240098,0.07125046099134577,-1.2813263589478532,0.37751202752978186,0.5133559018792897,0.19206174259326908,0.48305149385397955,-0.7594174039537447,0.2818722685088787,0.2275231659134036,0.4965380734553591,0.7939877660069287,0.10113491963986805,-0.8159121224445554,0.06315751671818212,-0.9981467469309481,0.9979537833748633,-2.0863921832865144,0.8445865525059428,0.0,0.0,0.0
2012-08-20 01:00:00,-0.8150658882496303,-0.008661919282100715,0.08430295810821992,0.04671394000233548,0.074759860397832,-1.3601597633976825,0.2463782273646865,0.45952488686830784,0.3288303837966598,0.3203993030628842,-0.7576816842564087,0.1602634875960169,0.3126292945290511,0.0528763024376707,0.911546816164597,0.17212079885678447,-0.8264141227265037,0.010209720274045398,0.3678930465174731,1.3639285779396655,-0.6294607438033901,1.3317999135043364,0.0,0.0,28.0
2012-08-20 05:00:00,-0.7888284135148123,0.2876757727829636,0.10820734791798513,0.10273984308220985,0.08263228275821287,-1.3698241494708894,0.8367507317038004,0.17002861918674167,0.4712584170498408,0.3397797314369001,-0.7421705579579797,0.5509086499178931,0.788691701472671,-0.11008580155642989,0.8470671823994901,0.5939320905021179,-0.8536998195566944,0.19748570145462202,1.367903580482612,0.36406684489904434,-0.6294607438033901,1.3317999135043364,0.0,0.0,27.0
2012-08-20 09:00:00,-0.6691438458665965,-0.4108030145023591,0.04548578858659234,-0.08813034270224529,0.07564066980613372,-1.4294098445455237,0.3091575507444352,0.6533838579689581,0.27034999928212855,0.3665893240209589,-0.7357262450165616,-0.06982395727838393,-0.33896450268431605,-0.4668483723401768,0.5800008897082932,-0.4659823482719656,-0.861489813628595,-0.09468759605328916,1.00187432099933,-1.0017696827063787,-0.6294607438033901,1.3317999135043364,0.0,0.0,26.0
2012-08-20 13:00:00,-0.6302881573632181,0.09871336403090285,0.05754481266951991,-0.03736432094085707,0.07260246601029927,-1.4847394185433982,0.009447014200937002,0.3273552040021589,0.32339086677582757,0.36472657676676823,-0.7317695757606264,0.10081747441635312,0.46218498612603554,-0.14120043042738972,0.5017578679538445,0.3599563061985734,-0.8630512751597641,-0.014153346473749176,-0.36416547244909103,-1.3677444772711809,-0.6294607438033901,1.3317999135043364,0.0,0.0,25.0
2012-08-20 17:00:00,-0.7081514267339204,0.1735075819310629,0.07596197144532806,0.020547637838566044,0.07407416194958197,-1.5453776384170177,0.014833077174802695,0.24943949608184934,0.15669604640005338,0.25700558059089346,-0.7651746321937348,0.43641202190745626,0.3186737638909464,-0.009405939098655964,0.6625035227771473,0.43315247399272205,-0.8544700365521185,0.1529031146794382,-1.36417600641423,-0.3678827442305594,-0.6294607438033901,1.3317999135043364,1.0,0.0,24.0
2012-08-20 21:00:00,-0.7776123360455774,0.25650936903354765,0.0999056667851432,0.08191374339533346,0.0803247496588659,-1.6159743172308245,0.05356795698978594,0.16395670503747684,0.46196022363139866,0.32262196122074877,-0.8075474527429185,0.5064246098918556,0.5217679344509139,-0.18241250194486888,0.8202019802940765,0.5216895916520322,-0.843198715570927,0.18502550692652356,-0.9981467469309481,0.9979537833748633,-0.6294607438033901,1.3317999135043364,1.0,0.0,24.0
2012-08-21 01:00:00,-0.8389554207670399,0.3914296161435846,0.1343236873837536,0.15950505421309635,0.09261776866351044,-1.669035009522824,0.1205672024267109,0.07057794431072824,0.5988519832633886,0.4169528432473042,-0.8349535543161537,0.6202874903246793,0.8481692799938256,0.05932019229289161,0.9723344811915594,0.7039989203132221,-0.8271168170951788,0.23424377061959695,0.3678930465174731,1.3639285779396655,0.8274706956797339,0.8445865525059431,1.0,0.0,22.0
2012-08-21 05:00:00,-0.7399941018238955,0.9794116812907584,0.24620222583534807,0.43233180873906735,0.12615719918491985,-1.5505198321499785,1.4147227644398868,-0.3123395437166606,0.9539061346877502,0.6899551883606563,-0.7431846600465125,1.5465725984158116,1.3197955720317904,0.8224001619058563,0.733001569309879,1.666772651320643,-0.7518310470982108,0.6174164163145259,1.367903580482612,0.36406684489904434,0.8274706956797339,0.8445865525059431,1.0,0.0,21.0
2012-08-21 09:00:00,-0.6597798734709084,1.4580960153075304,0.42674266850252274,0.8374077491940813,0.19124196015385508,-1.3519396277965696,2.1755624829712157,-0.6095498325278859,1.3003278089144434,0.9770518021790858,-0.5620241846377568,2.5866501798085237,1.4985493394555214,1.1370755842475568,0.5607962317143063,2.2262772590783038,-0.5868530404418395,1.090074572343973,1.00187432099933,-1.0017696827063787,0.8274706956797339,0.8445865525059431,1.0,0.0,20.0
2012-08-21 13:00:00,-0.6610471784878214,1.6197263337303784,0.6022088042472203,1.147662384347871,0.28048783268574623,-1.1312203059805745,2.4595366979737534,-0.766410010368152,1.5219570004680223,1.293166510441309,-0.39819932539752917,2.70455680662633,1.4730818914780461,1.3894927988842658,0.5633821572473166,2.0886307843660865,-0.4075622855732878,1.3275483326215327,-0.36416547244909103,-1.3677444772711809,0.8274706956797339,0.8445865525059431,0.0,0.0,19.0
2012-08-21 17:00:00,-0.6912622075428032,1.5207596552566165,0.7231926398445954,1.2476312629251114,0.3775187918995205,-0.9262666500085787,2.1733157002383363,-0.876706592918413,1.5462938658780216,1.4960280173480802,-0.2328535898417834,1.920975527233531,1.3884165601430358,1.3117994372527957,0.6262768869871617,1.6239596961575433,-0.2797104697310142,1.200981198861181,-1.36417600641423,-0.3678827442305594,0.8274706956797339,0.8445865525059431,0.0,0.0,18.0
2012-08-21 21:00:00,-0.7565637268383383,1.5242145522442072,0.8103043305748585,1.235447414950585,0.4736009327014999,-0.7359525408917256,2.016487385996357,-0.937141107663549,1.5072239809316446,1.5668790276219084,-0.08627049729775109,1.461795778548956,1.3883866679180656,1.1450860578459612,0.7708710395182007,1.3813930262429366,-0.1766259592266307,1.1109986912399923,-0.9981467469309481,0.9979537833748633,0.8274706956797339,0.8445865525059431,0.0,0.0,18.0
2012-08-22 01:00:00,-0.8187790174324413,1.4031099752087508,0.8587494214574555,1.1204966865408577,0.5607312737278731,-0.5784531675572516,1.8633250171763824,-0.8662442246054198,1.443247564936802,1.5399252035317936,0.01740260144181535,1.122276009474925,1.2926919847492078,1.4977510339148312,0.920862264698541,1.1405220791424813,-0.1292700661829526,0.9695753532570632,0.3678930465174731,1.3639285779396655,1.1873030452467948,-0.2501719323160819,0.0,0.0,16.0
2012-08-22 05:00:00,-0.8241552629706944,1.472151277232178,0.899752285734251,1.0082873773575294,0.6391233032823267,-0.48393814380701344,1.5402712883789946,-0.6487045963516315,1.4518759108367731,1.5075920412628214,0.11305295551031089,0.9430473585635596,1.4127453145428688,1.2496518582620635,0.9344357947462658,1.082570560004876,-0.13390637070985154,0.8941721807190094,1.367903580482612,0.36406684489904434,1.1873030452467948,-0.2501719323160819,0.0,0.0,15.0
2012-08-22 09:00:00,-0.7855901222330176,0.7981866963249274,0.8621683012190222,0.7047017155866162,0.6938735682606445,-0.46692180355665686,1.1156977583807297,-0.36168396270709297,1.2667556101425586,1.4252443262558383,0.13174383994723882,0.6523854372037193,0.8664156688152712,0.9043441416202131,0.8392685859835145,0.6259914810941187,-0.13446493651304214,0.6413742614455246,1.00187432099933,-1.0017696827063787,1.1873030452467948,-0.2501719323160819,1.0,0.0,14.0
2012-08-22 13:00:00,-0.7273696838228388,1.0734802858680292,0.8676281647122369,0.5789464037703382,0.738830625421386,-0.4256615963566555,0.9822378482133637,-0.6251837364900432,1.2624361364596928,1.3633259627996392,0.19083592652583178,0.690653162550833,1.280512661436806,1.0752963585892465,0.7047001486363543,0.8265132236941759,-0.0865204135297167,0.7216629933965327,-0.36416547244909103,-1.3677444772711809,1.1873030452467948,-0.2501719323160819,1.0,0.0,13.0
2012-08-22 17:00:00,-0.6019747660209446,1.6310662250985297,0.9794158825214087,0.7676377846023044,0.798482043235239,-0.28237245101349706,1.8205940137773398,-0.9377622759718155,1.2998530413629465,1.3112661601366327,0.34957697859126635,1.0181838651410955,1.5182471917678113,1.576002427044679,0.4470603230104529,1.3315515870869499,0.03736435040977231,1.176684928105433,-1.36417600641423,-0.3678827442305594,1.1873030452467948,-0.2501719323160819,0.0,0.0,12.0
2012-08-22 21:00:00,-0.6556628726236703,1.6611760890330955,1.063197482066056,0.842392157643932,0.8639549655238995,-0.1392837769828621,1.7964067078225434,-1.0138815777921188,1.5123612590076156,1.3953731215240173,0.4257260492678917,1.0865610823232215,1.465610496533098,1.1773455016724137,0.5524238058248719,1.2076130295723637,0.17890110314336852,1.3314276686664241,-0.9981467469309481,0.9979537833748633,1.1873030452467948,-0.2501719323160819,0.0,0.0,12.0
2012-08-23 01:00:00,-0.6935220564109158,1.703460381484562,1.1267245996415427,0.8470874893126502,0.9297935372482784,0.00924045044877768,1.8298655333571074,-1.1026458244805883,1.5578732912077011,1.4965447414831416,0.498314645226695,1.0270875223579479,1.408839813184023,0.7486389630739428,0.6310787517429293,1.114938407435274,0.29790426298560135,1.2960849095387685,0.3678930465174731,1.3639285779396655,0.17907520643152947,-1.128100072887392,0.0,0.0,10.0
2012-08-23 05:00:00,-0.6683910893872432,1.7573665273008203,1.1761125313358562,0.8123740167080639,0.9929287937299333,0.17732544091542307,1.9487460874405178,-1.2513064397794247,1.4602615308859708,1.5514761760688922,0.5334279318230315,1.0061684354016005,1.2430180144801348,0.6168888223081846,0.5784486756835506,1.0546708501070532,0.415051385728983,1.282162561449331,1.367903580482612,0.36406684489904434,0.17907520643152947,-1.128100072887392,0.0,0.0,9.0
2012-08-23 09:00:00,-0.6785123007567966,1.7872856539018922,1.2080088781588574,0.7370123312127489,1.0501952512171038,0.3334043606344506,1.6318565424650353,-1.3545627295693896,1.3953553309355173,1.5114078261757584,0.5392412056251968,0.9706891101524968,1.2825989418356667,0.6973294477141169,0.5994430390205576,0.9804646760580276,0.5065032983358009,1.213575030283049,1.00187432099933,-1.0017696827063787,0.17907520643152947,-1.128100072887392,0.0,0.0,8.0
2012-08-23 13:00:00,-0.6247839470984143,2.003158164870481,1.270947206463287,0.7611816569403949,1.1093438974265077,0.5073800510395581,1.6764194743858813,-1.504953031678732,1.3987033811448728,1.4569005396310457,0.592010146659477,1.0320758973614728,1.418280080438723,0.949984207247369,0.4909757254231366,1.1101639007321031,0.5597979650252908,1.2759771861890379,-0.36416547244909103,-1.3677444772711809,0.17907520643152947,-1.128100072887392,0.0,1.0,7.0
2012-08-23 17:00:00,-0.6793678913356702,1.7076251569037646,1.2823690011781397,0.640351512274728,1.1590828837158003,0.6689289064157293,1.497068412128077,-1.5569186812269935,1.3547231096355432,1.420759205089216,0.4700625703580486,0.9877889304335484,1.1190098631620533,0.8869786199948931,0.6012301485358027,0.9250058148107072,0.5909582563372631,1.1757043095105337,-1.36417600641423,-0.3678827442305594,0.17907520643152947,-1.128100072887392,0.0,0.0,6.0
2012-08-23 21:00:00,-0.7445721053256144,1.52686632650807,1.2621696227981463,0.4576528643899597,1.1945941940454512,0.785673585851288,1.359506427276178,-1.4202961442948505,1.239356706968874,1.3673379165191935,0.3646138432560413,0.8219633510580564,0.9573082187923532,0.7512994524247847,0.7433814193613832,0.7813899898179395,0.5897483338544807,0.9940638864855428,-0.9981467469309481,0.9979537833748633,0.17907520643152947,-1.128100072887392,0.0,0.0,6.0
2012-08-24 01:00:00,-0.8092221058474466,1.5046499751069224,1.2300718304993588,0.27912087529863594,1.2162023073967434,0.8911946825906636,1.2323627101780263,-1.4470489534823812,1.0690788639098272,1.254458930748571,0.21861776856181178,0.7181615282787085,0.9381593398538549,1.0382928382133136,0.8969829208680837,0.7177606472758437,0.5538325511784628,0.9020417735463706,0.3678930465174731,1.3639285779396655,-1.4379966940383093,-1.1281000728873922,0.0,0.0,4.0
2012-08-24 05:00:00,-0.7950804690927102,1.2331155236329425,1.1703320954985985,0.06108739717679064,1.2208310412562515,0.8506897753244965,0.9006950619985747,-0.7730337705795273,0.9234438418284248,1.106768562500719,0.014238729808797658,0.5142568688813893,0.7083727925916365,0.7135184785134864,0.8622215316955496,0.5490230656125379,0.5057006012489422,0.6897334000278138,1.367903580482612,0.36406684489904434,-1.4379966940383093,-1.1281000728873922,0.0,0.0,3.0
2012-08-24 09:00:00,-0.6834714199294939,0.23349250265834937,1.0188375354311523,-0.36298488150909325,1.1924351028783642,0.6410290958198842,0.3797256294827753,0.14606423195551513,0.47069247784484014,0.8435416663053477,-0.25388872804889356,0.04434806550712695,-0.3192837104419663,-0.31670037993172434,0.6098284148262643,-0.20347799702604769,0.36115129089463854,0.2684333526473826,1.00187432099933,-1.0017696827063787,-1.4379966940383093,-1.1281000728873922,0.0,0.0,2.0
2012-08-24 13:00:00,-0.5700498193959117,0.7445693220569514,0.9619548350174557,-0.44482382069444415,1.1576659487099343,0.4699640966863961,0.14320367098297823,-0.2523310928811876,0.3190207709103348,0.5866863889217863,-0.40950801250030666,0.21597828304413583,0.5105010435603439,0.008168026625510229,0.3875905963196757,0.3640449218785083,0.20759084307248274,0.429330523143338,-0.36416547244909103,-1.3677444772711809,-1.4379966940383093,-1.1281000728873922,0.0,0.0,1.0
2012-08-24 17:00:00,-0.5916142706885253,0.3520587636643184,0.8626367337758016,-0.6257527333969644,1.1088069368908589,0.31111802606244243,-0.03704059732614766,-0.4053334138627038,0.06297531068444653,0.2920213685592073,-0.46519689329831054,0.018396066520324834,-0.013581008199798827,-0.2561841045746166,0.4275106189767265,-0.10756292565773223,0.047588543546228705,0.2927401452848413,-1.36417600641423,-0.3678827442305594,-1.4379966940383093,-1.1281000728873922,0.0,0.0,0.0
2012-08-26 21:00:00,-0.6435173478177958,0.3188229877158213,0.771028240524902,-0.7495196488381612,1.0503095638260425,0.1500377060303384,-0.15557081180135526,-0.41221472621744226,0.014244172207680946,0.13571193433013287,-0.4910764278847426,-0.12626531120990966,-0.4566875550918846,-0.33670539742491395,0.5279736415345841,-0.1800670893252514,-0.1441830863706898,0.20068740321181708,-0.9981467469309481,0.9979537833748633,-2.0863921832865144,0.8445865525059428,0.0,0.0,0.0
2012-08-27 01:00:00,-0.7021289548191547,0.297623140188284,0.6880139581784326,-0.8251501488108062,0.9859224578117239,-0.018865846395758026,-0.25511549935631245,-0.3656601194367282,-0.48933113440240417,-0.14110589458271972,-0.5272543338669516,-0.2556905324715572,-0.9093956664657811,-0.3810969657374374,0.6494951897529588,-0.24606373395651748,-0.3718497627988681,0.13387675580079794,0.3678930465174731,1.3639285779396655,-0.6294607438033901,1.3317999135043364,0.0,0.0,28.0
2012-08-27 05:00:00,-0.6738581444834082,0.4993512990918638,0.6408018509433655,-0.7882443933686004,0.9244093912911657,-0.11138546876410332,0.009483869767976797,-0.5824683129318626,-0.6510789084180257,-0.3856317469483875,-0.5693503246348349,-0.15889348248507174,-0.46965009888827114,-0.5079054490743263,0.5897555733570781,-0.018153660190281997,-0.5374388974646473,0.20470723737412783,1.367903580482612,0.36406684489904434,-0.6294607438033901,1.3317999135043364,0.0,0.0,27.0
2012-08-27 09:00:00,-0.7148365294900664,0.558006157118503,0.6038697873516882,-0.730749961876837,0.8673737095253354,-0.1927618790504467,-0.0888276499861751,-0.6874118525553883,-0.6101408178443151,-0.5994506248603502,-0.6304764862832531,-0.02563134575706515,-0.34125723244230516,-0.35751096432638413,0.6770622494918143,0.0070505182307234095,-0.606338038551892,0.2870340407059555,1.00187432099933,-1.0017696827063787,-0.6294607438033901,1.3317999135043364,0.0,0.0,26.0
2012-08-27 13:00:00,-0.7655132112679753,0.2639865771179006,0.5403064690074286,-0.7572124351254681,0.8082772599386635,-0.2775529946572457,-0.20048511437645491,-0.7160365294092754,-0.5748509306372579,-0.6287366377554924,-0.6820195938198514,-0.2768897149128814,-0.8098911949701368,-0.42255315179347036,0.7916752844046558,-0.38376571950444616,-0.6341611663571967,0.1829232742919482,-0.36416547244909103,-1.3677444772711809,-0.6294607438033901,1.3317999135043364,0.0,0.0,25.0
2012-08-27 17:00:00,-0.8087825327802308,0.002103799185458419,0.45811252409162373,-0.8290724129846199,0.7435847071991541,-0.42591842306991495,-0.3179498233687709,-0.35359754134933247,-0.8526164944605186,-0.6977526153834985,-0.8337939536883232,-0.7819544626338755,-1.2528465842087466,-0.5420704641364655,0.8958921747438536,-0.9383583372354328,-0.6645643737382503,0.016344983018264727,-1.36417600641423,-0.3678827442305594,-0.6294607438033901,1.3317999135043364,0.0,0.0,24.0
2012-08-27 21:00:00,-0.8398078283731706,-0.2620581622887711,0.3603711821709244,-0.9288615782005132,0.6711210629742257,-0.5417855216985878,-0.44939618965294653,-0.0844504201791487,-1.3313454794706243,-0.9447271166138569,-0.8841951205360294,-1.2490941558913162,-1.6910964757241809,-0.5796081981061003,0.9745413780263241,-1.4970904922521704,-0.6877131177885394,-0.11867161215141793,-0.9981467469309481,0.9979537833748633,-0.6294607438033901,1.3317999135043364,1.0,0.0,24.0
2012-08-28 01:00:00,-0.8692482976373483,-0.25809259344877106,0.27987422346801005,-0.9617745864405282,0.5960943148537977,-0.5813817480200605,-0.575666636998393,0.3475422349090282,-1.4350579708809306,-1.2393025901555186,-0.8284707522977184,-1.4622390095286548,-1.1023221847528228,-0.13043520292722965,1.0524293812936591,-1.3116477572920666,-0.7064858975911696,-0.23823863213051058,0.3678930465174731,1.3639285779396655,0.8274706956797339,0.8445865525059431,1.0,0.0,22.0
2012-08-28 05:00:00,-0.7899018861436414,0.5455340708889881,0.302325885375998,-0.7080035438102027,0.5408300127300255,-0.6536484194263833,0.5066244187986367,-0.03903607532598728,-0.8236130545225763,-1.2293704439926176,-0.8289795277594937,-0.44633951033157465,0.47120265669587047,-0.0549227833986193,0.8496599745736927,0.05009961403286216,-0.7541617865997584,0.1512675452631379,1.367903580482612,0.36406684489904434,0.8274706956797339,0.8445865525059431,0.0,0.0,21.0
2012-08-28 09:00:00,-0.8042847122662595,0.7323945737894263,0.3417616100410575,-0.4587766627552499,0.5049742795537291,-0.6454222580354009,1.0950357321222957,-0.21260597405847453,0.12383234394393218,-0.7310489046824533,-0.8247081029560389,0.413724938390179,0.9803502504228251,0.285182915703717,0.8847693735646638,0.4283781791818817,-0.8451057694239122,0.4742150353789639,1.00187432099933,-1.0017696827063787,0.8274706956797339,0.8445865525059431,0.0,0.0,20.0
2012-08-28 13:00:00,-0.7939677106563366,1.0614457390244694,0.4182136995807306,-0.158681448637711,0.49248849198423683,-0.5966929568475966,1.2793822928738539,-0.4166095330592295,1.0414427322827442,0.11702177276055598,-0.7862780721638357,0.8353841450366987,1.4850008121964908,0.5483101548796504,0.8595148306873183,1.0852043566228096,-0.908089558433641,0.619722343774143,-0.36416547244909103,-1.3677444772711809,0.8274706956797339,0.8445865525059431,0.0,0.0,19.0
2012-08-28 17:00:00,-0.8528800219069919,0.9220958673503399,0.46088808498001005,-0.010507274912802098,0.4915417834049481,-0.55144432003035,1.1441783886858772,-0.4947911729954597,1.331208798588878,0.8549344357380859,-0.7658418403885733,0.8945675867399248,1.2882361347569065,0.4990899741662349,1.00872159073268,0.862544228520311,-0.8899523679707237,0.6155718702114158,-1.36417600641423,-0.3678827442305594,0.8274706956797339,0.8445865525059431,0.0,0.0,18.0
2012-08-28 21:00:00,-0.9120031744205725,0.8361513203981517,0.4815194713905585,0.04805772030893203,0.4951558298407613,-0.5209698582543935,1.0208767740553977,-0.4833899344041674,1.398532166737027,1.291451793020328,-0.7965825796345973,0.8206262941544962,1.1701773282931294,0.33508158989747994,1.171622450320698,0.81478044582236,-0.8707434516836257,0.5284425356536656,-0.9981467469309481,0.9979537833748633,0.8274706956797339,0.8445865525059431,0.0,0.0,18.0
2012-08-29 01:00:00,-0.9751097053883798,0.7402427601785077,0.48407935576716365,0.04574097698019809,0.49858945965201545,-0.5188423886670824,0.9205342941197521,-0.35262266050380475,1.2417869451952825,1.3600591033875213,-0.8091262977512439,0.7002894289768754,1.0430370751783697,0.2588427976461948,1.3621030997407866,0.7228174032659834,-0.860409629711754,0.4214667349162866,0.3678930465174731,1.3639285779396655,1.1873030452467948,-0.2501719323160819,0.0,0.0,16.0
2012-08-29 05:00:00,-0.9428062922448459,0.7805077287042846,0.4852860440964005,0.04020582172925356,0.5015920386798701,-0.6077131234132478,0.5610917482142405,0.10799320753567149,1.1827390877651687,1.3092160698777071,-0.8057299236501433,0.631972577835369,1.1217429461541768,0.41902877070639283,1.262309755973932,0.7886816341330115,-0.856804662226259,0.3523687137236017,1.367903580482612,0.36406684489904434,1.1873030452467948,-0.2501719323160819,0.0,0.0,15.0
2012-08-29 09:00:00,-0.917544762356325,0.6136769857534853,0.4678656355493359,-0.01490269817662334,0.5003030360626827,-0.6824253982657796,0.3264852512574332,-0.15325858109489485,1.0936305029161082,1.20480335549415,-0.8102246223355186,0.6389886712313697,0.9189239709472488,0.48557107572041713,1.1876292717067978,0.6103867080662218,-0.8555631922491654,0.3202635947475151,1.00187432099933,-1.0017696827063787,1.1873030452467948,-0.2501719323160819,0.0,0.0,14.0
2012-08-29 13:00:00,-0.8921938288190826,0.042452518113158776,0.40094357263962827,-0.19367305860732267,0.48509227327461196,-0.813226477240913,0.04103014882800301,0.16363065421166667,0.7779928650169886,1.0459783815022616,-0.8172076727836927,0.12723809541675876,0.1530553033747842,0.3883445530598579,1.1154676996013813,-0.07596905494019655,-0.8782492720523729,0.0837010893601155,-0.36416547244909103,-1.3677444772711809,1.1873030452467948,-0.2501719323160819,0.0,0.0,13.0
2012-08-29 17:00:00,-0.9617654427528312,0.0977648217617171,0.3490377412909037,-0.295833352989743,0.46192576707386157,-0.9346846220035371,-0.021955028078936345,0.09936877783296735,0.46450242193349905,0.8000202620564889,-0.8446446444462424,-0.04037442333817962,0.2378154721179348,0.4125592759409516,1.320275001445929,-0.04336010964394437,-0.9041595189508724,0.021243541974302078,-1.36417600641423,-0.3678827442305594,1.1873030452467948,-0.2501719323160819,0.0,0.0,12.0
2012-08-29 21:00:00,-1.0121641658856153,0.08410754873577074,0.3030710028553201,-0.36140257128723774,0.43365305126693954,-1.041418547835046,0.005367996897429401,0.00047788965411082746,0.21650142072703954,0.4996498830023764,-0.845665640520779,-0.024108448600724898,0.21965257881583575,-0.03173573504486553,1.482961488412489,-0.05148567626822661,-0.9219258556819178,0.025282489398097973,-0.9981467469309481,0.9979537833748633,1.1873030452467948,-0.2501719323160819,0.0,0.0,12.0
2012-08-30 01:00:00,-1.0599098795435729,0.216843432437613,0.2749270544682045,-0.3653658991922377,0.40507169089254524,-1.1227859993174776,0.053577142141264106,-0.09664875698568941,0.3056100055761002,0.33788370578840493,-0.8530848736077242,0.09383456034242356,0.40430866072066496,-0.1003198940499392,1.6497405116268518,0.09682469104943038,-0.9397665257102555,0.07369300926839399,0.3678930465174731,1.3639285779396655,0.17907520643152947,-1.128100072887392,0.0,0.0,10.0
2012-08-30 05:00:00,-1.0622659818795919,0.5260528134860416,0.2778657341882157,-0.2839672965102412,0.38282925505829063,-1.1174780752384965,0.581023703815966,-0.28677209913708,0.5256974741792434,0.3588397787456668,-0.8553980617878042,0.44327714875099816,0.8583809932735409,-0.20467878865564662,1.6583162301759244,0.4875621481628173,-0.9373079420969422,0.21441365664234213,1.367903580482612,0.36406684489904434,0.17907520643152947,-1.128100072887392,0.0,0.0,9.0
2012-08-30 09:00:00,-1.0597192945897058,0.3996166253110522,0.26794093394459884,-0.2538472259900342,0.3629324228078861,-1.1004512274687832,0.4442218600081482,-0.47335444736109145,0.663682879725882,0.5119758074932581,-0.8672537447900802,0.3980197269268036,0.6087205509652257,-0.18811665933622576,1.6490483002681995,0.29836347378432987,-0.9377275557471078,0.19692051729204524,1.00187432099933,-1.0017696827063787,0.17907520643152947,-1.128100072887392,0.0,0.0,8.0
2012-08-30 13:00:00,-0.9162665147981753,-0.5629375917588042,0.1736860575053481,-0.45919549253088443,0.3270440732198155,-1.1232953632004001,-0.1259707727316746,0.7136706093849285,0.09393327537511495,0.4394877085594913,-0.8418052522190305,-0.5571373855738369,-1.2021751722579308,-0.5603865449857139,1.1839253086777628,-0.9789410457788821,-0.9334406166277025,-0.16028303156082985,-0.36416547244909103,-1.3677444772711809,0.17907520643152947,-1.128100072887392,1.0,0.0,7.0
2012-08-30 17:00:00,-0.9437176134924317,-0.4522319841091084,0.10673032867037117,-0.5491988919616051,0.2841466996614406,-1.1445077749511874,-0.26976059845664885,0.5295111055978738,-0.572030176669209,0.06357397216777486,-0.8240911980987458,-0.8384820821308042,-1.0193904187539113,-0.47720985743477967,1.265057660474015,-0.7883092035183191,-0.9219808423452514,-0.27544846546941515,-1.36417600641423,-0.3678827442305594,0.17907520643152947,-1.128100072887392,1.0,0.0,6.0
2012-08-30 21:00:00,-0.9938273017527027,-0.2737829514536906,0.0673994117670644,-0.5460403338645858,0.2414952991391247,-1.1670162805810098,-0.33932015477612953,0.4135390838479873,-1.0410480386406906,-0.520206320303086,-0.825588086879383,-0.6582829947400988,-0.7137369055765019,-0.4298864021443281,1.4222655998668727,-0.5708390440994344,-0.920205812908834,-0.19475564657352037,-0.9981467469309481,0.9979537833748633,0.17907520643152947,-1.128100072887392,1.0,0.0,6.0
2012-08-31 01:00:00,-1.0599269791869956,-0.2690086592435557,0.036004316202027126,-0.5219217939341741,0.20072213238986894,-1.210843044169543,-0.21703302239783404,0.3484657556175865,-0.8588394414369297,-0.8464806485775667,-0.8472976070769702,-0.5438536339175336,-0.6884141035317818,-0.3661788289724855,1.6498026289350394,-0.6044298630011045,-0.9263723041504177,-0.12373627074259348,0.3678930465174731,1.3639285779396655,-1.4379966940383093,-1.1281000728873922,1.0,0.0,4.0
2012-08-31 05:00:00,-0.9720107915770059,0.3902032287405949,0.06875130268025065,-0.32810990649320443,0.1750420862715657,-1.2451576276395597,0.38806590527707957,-0.08060506010299824,-0.3142188964125423,-0.7581939031627924,-0.9176887209834224,-0.23560968320013928,0.5162387313297467,0.15300819685291617,1.3523118713068556,0.24461275299933927,-0.9311118022528513,0.026700241431570623,1.367903580482612,0.36406684489904434,-1.4379966940383093,-1.1281000728873922,1.0,0.0,3.0
2012-08-31 09:00:00,-0.8010501624309231,1.322753144901757,0.21932654608006508,0.14752539982316432,0.1864021884607779,-1.0706075068777727,2.2112076259659856,-0.5769046807324733,0.38123426697341173,-0.2711373410966203,-0.8548310514362505,1.6669509040759016,1.2471846203742731,0.7460814578956937,0.8768130915311807,2.025103662488743,-0.8493228381412836,0.7300426919901957,1.00187432099933,-1.0017696827063787,-1.4379966940383093,-1.1281000728873922,0.0,0.0,2.0
2012-08-31 13:00:00,-0.6520856331058703,0.5166689446371839,0.25741337044215334,0.22197641937653337,0.2035601714407577,-0.890932902036636,1.676123815642645,-0.9320327029300676,0.6743740046556456,0.25390727699348997,-0.8387764140595563,1.307082376622608,0.13813188402834187,0.37204123449389837,0.5451839694997819,0.7224554922561065,-0.800115512524427,0.6055086487221761,-0.36416547244909103,-1.3677444772711809,-1.4379966940383093,-1.1281000728873922,0.0,0.0,1.0
2012-08-31 17:00:00,-0.6898847008947279,0.6052105134767666,0.297153616231566,0.28603584544470695,0.2257067888020574,-0.7240921975412948,1.4522855010124776,-1.0249674882662032,0.5950553168103314,0.5652856654608472,-0.8112987018288227,0.7506071175529423,0.29258927426382514,0.37927601216108014,0.623356678993139,0.8412800216819198,-0.7985154598329959,0.3940392448104903,-1.36417600641423,-0.3678827442305594,-1.4379966940383093,-1.1281000728873922,0.0,0.0,0.0
2012-08-31 21:00:00,-0.7972638167257816,0.5785284370747061,0.32207068365443303,0.29695264929750187,0.24870355338409902,-0.5691686862241924,1.4391180603029932,-1.0304344400603322,0.24538743034104238,0.5187652995977856,-0.8039906672883191,0.7894094121692388,0.26125009363632284,0.22683322785402885,0.8675443681336643,0.7861398320686173,-0.8218629042310286,0.3932835614220204,-0.9981467469309481,0.9979537833748633,-1.4379966940383093,-1.1281000728873922,0.0,0.0,0.0
2012-09-02 21:00:00,-0.8171178196930394,0.2974705891624717,0.30998730394732643,0.20501569192677113,0.26454071797276135,-0.5021258238173992,1.1853005592661592,-0.6414595556010214,0.17234838264428928,0.3468480419894884,-0.806557746854538,0.5838029616352979,-0.06781130295235167,0.13422150063589106,0.9166887270296085,0.3820175998791109,-0.8961024761601485,0.28424840840994436,-0.9981467469309481,0.9979537833748633,-2.0863921832865144,0.8445865525059428,0.0,0.0,0.0
2012-09-03 01:00:00,-0.8491259031833202,0.5786403499786232,0.33303673192424127,0.22705507408163733,0.28209420170926947,-0.43987173729680534,0.9802761721972234,-0.7514433818352992,0.19695936610732742,0.21052120704503566,-0.7822914168825701,0.6916086116377664,0.36198317422471604,0.7236126788821986,0.9988405390979709,0.8608585388504142,-0.9059737058427112,0.31515967231259207,0.3678930465174731,1.3639285779396655,-0.6294607438033901,1.3317999135043364,0.0,0.0,28.0
2012-09-03 05:00:00,-0.8788476949957239,0.3523532300895661,0.3250274388920814,0.1601823609630604,0.29443996604659894,-0.3737382707532605,0.8807454877773433,-0.8581521671569662,0.13979837225770977,0.17436253206266772,-0.7728632036723626,0.6010536956291389,0.10007716469495374,0.5698915729928865,1.0785460774297218,0.5199413854308027,-0.8952172227303248,0.26922607387102815,1.367903580482612,0.36406684489904434,-0.6294607438033901,1.3317999135043364,0.0,0.0,27.0
2012-09-03 09:00:00,-0.9326440495425163,0.3586886309494865,0.31561363227389744,0.1028628056981717,0.3023219641333211,-0.31669116299169675,0.7537887908464552,-0.8975856691393961,0.20251668495382041,0.1846935820576326,-0.7647016749565492,0.4803938842558645,0.10903121630276871,0.5016897523323769,1.2319241632516693,0.5107749516600686,-0.8905274932798362,0.21266486306786134,1.00187432099933,-1.0017696827063787,-0.6294607438033901,1.3317999135043364,0.0,0.0,26.0
2012-09-03 13:00:00,-0.8935892712202412,0.775434614526537,0.35711117629252986,0.19552619176191913,0.3174201329224654,-0.18113638433920784,1.4495537435584205,-1.0869441490145508,0.3343045318849132,0.23172704650838788,-0.7113229769759694,0.8967237792543294,0.7335763159507367,0.7591093380053511,1.1193699429936719,1.1094016452821007,-0.8626474969886886,0.4259362185238692,-0.36416547244909103,-1.3677444772711809,-0.6294607438033901,1.3317999135043364,0.0,0.0,25.0
2012-09-03 17:00:00,-0.9633768438035527,0.682360302769241,0.3772482046591883,0.2115394498423263,0.3337653358285225,-0.0552640898761823,1.3572625333155643,-1.1239688083268675,0.5117577276556146,0.35910347814460314,-0.6884678539253662,0.8705791861622467,0.6004297545679436,0.4327456534707741,1.3252801189609507,0.8952497524627626,-0.828907649164947,0.4347857324397131,-1.36417600641423,-0.3678827442305594,-0.6294607438033901,1.3317999135043364,0.0,0.0,24.0
2012-09-03 21:00:00,-1.0117666682205197,0.6961231164975504,0.3902349685030898,0.20489569700331645,0.34959315580020234,0.0008051113257395016,1.2073264995552164,-0.8053326788643065,0.6931917265272038,0.5271337615117438,-0.6707213266060792,0.6843030786770794,0.6206082033056763,-0.17639735669520434,1.4816267676278947,0.821579138586282,-0.8041279355438894,0.3449565286193795,-0.9981467469309481,0.9979537833748633,-0.6294607438033901,1.3317999135043364,0.0,0.0,24.0
2012-09-04 01:00:00,-0.9850513613656082,0.9251565038143506,0.4242732584496204,0.256857450211665,0.36946750263731115,0.1294293725189925,1.9601120102380214,-0.9893656826278938,0.7774923086729136,0.6789021650558714,-0.6369227576434828,0.9949805244144095,0.9712728782539048,0.3411642776007881,1.3938369718059505,1.0410976776289422,-0.7527017681913578,0.5208277378870512,0.3678930465174731,1.3639285779396655,0.8274706956797339,0.8445865525059431,0.0,1.0,22.0
2012-09-04 05:00:00,-0.9880200041124352,0.819589531649575,0.43798950557312266,0.24313486720232888,0.3882732019138247,0.248866186484156,1.624111011537941,-1.1167329990527861,0.8744224467426611,0.8030956747156598,-0.6163170004113072,0.9301544847691461,0.8737370084007428,0.23833286429672157,1.4034094649836282,0.8464471583415752,-0.7073759332777533,0.48668773716743846,1.367903580482612,0.36406684489904434,0.8274706956797339,0.8445865525059431,0.0,1.0,21.0
2012-09-04 09:00:00,-0.9320688430852084,-0.018347389037931216,0.3708885799550176,0.012270346050279112,0.38910030290535813,0.19488623557501167,1.1242160561977692,-0.21145812229890204,0.32181589040682124,0.6759190676094184,-0.6206683458204114,0.29479362070484505,-0.9375385544496053,-0.10472543217678947,1.2302182271500752,-0.025396352954545103,-0.7105530202856735,0.1424161188227526,1.00187432099933,-1.0017696827063787,0.8274706956797339,0.8445865525059431,0.0,0.0,20.0
2012-09-04 13:00:00,-0.9044179427830139,-0.11967458711935133,0.3037081508627466,-0.17263758302979412,0.3755276799373631,0.09792110730578867,0.7610234201664781,-0.08959378051700388,-0.5494010404021307,0.22152818453510667,-0.6285173130289566,0.019505508756744762,-1.485237672475938,-0.018729161498195968,1.1499255259266261,-0.16383918865848698,-0.7271035196113624,0.005180097919037104,-0.36416547244909103,-1.3677444772711809,0.8274706956797339,0.8445865525059431,0.0,0.0,19.0
2012-09-04 17:00:00,-0.9374498646516926,-0.034584401899226,0.25553914492335683,-0.26883785997745574,0.35446345052626826,0.007882059627224354,0.5851470626421633,-0.2214723583283914,-1.3043871855988525,-0.5245990257494364,-0.7237345459723002,-0.10461712330257616,-1.2550455780539498,-0.15646077426775554,1.2462353643664237,-0.14964584013189033,-0.7460104675235921,-0.023106284689526108,-1.36417600641423,-0.3678827442305594,0.8274706956797339,0.8445865525059431,0.0,0.0,18.0
2012-09-04 21:00:00,-0.8873202881906372,-0.6357071221628435,0.15128026196690533,-0.4984067881501335,0.3155215172664659,-0.13891834012532722,0.2184733974082886,0.6664797152494374,-1.4803363047672495,-1.1417409595531474,-0.7854759154466437,-0.9544984567063571,-1.4336502028165155,-0.35923279178966516,1.1019016976130236,-1.1061502077732102,-0.7518587960503236,-0.3069287184598751,-0.9981467469309481,0.9979537833748633,0.8274706956797339,0.8445865525059431,1.0,0.0,18.0
2012-09-05 01:00:00,-0.9319893636258079,-0.5182092885013082,0.07806317776089142,-0.5976037537368022,0.2688546101281647,-0.27523299703841075,0.09382347600683741,0.5264055791605131,-1.3996683673246537,-1.4329126063165294,-0.8399436750521095,-1.2551069176378233,-1.257783828977565,-0.3120334600807746,1.229982625157604,-1.0617619766387991,-0.7416544286622071,-0.34635970385631804,0.3678930465174731,1.3639285779396655,1.1873030452467948,-0.2501719323160819,0.0,0.0,16.0
2012-09-05 05:00:00,-0.9141287667384518,-0.9264500622624305,-0.03001947146291178,-0.7718231634166514,0.2086203485758976,-0.3231757575311615,-0.15635216127677568,1.0437685598936475,-1.4756480506451106,-1.4915604062762522,-0.8292224022437177,-1.8577326065183053,-1.4692802733605586,-0.8117525114043438,1.1777465615557055,-1.8008155059870523,-0.7089296051706646,-0.5188656201777088,1.367903580482612,0.36406684489904434,1.1873030452467948,-0.2501719323160819,1.0,0.0,15.0
2012-09-05 09:00:00,-0.6926980404627195,0.5633451559332078,0.06306048526919734,-0.36387773510270877,0.18015487913274847,-0.3723119033377891,1.3583418082443997,0.2575624497259087,-0.6007031596491035,-1.1903325179382098,-0.8234537349707446,-0.04436169302504868,1.0333718212425906,0.09672564034046577,0.6293262232567238,0.8224856892342283,-0.7439432632147458,0.1501745630184341,1.00187432099933,-1.0017696827063787,1.1873030452467948,-0.2501719323160819,0.0,0.0,14.0
2012-09-05 13:00:00,-0.6846701194879097,0.5584865222408082,0.1345118314282223,-0.09636827286857012,0.17252173652327113,-0.3867587357338192,1.419516625404573,0.022478094330968163,0.2090399187426807,-0.6394349049351342,-0.8359405282606828,1.0023008573674543,1.0253931216848828,0.08563625178619381,0.6123485721203925,0.8394426520049157,-0.7869334663367302,0.45783451895914573,-0.36416547244909103,-1.3677444772711809,1.1873030452467948,-0.2501719323160819,0.0,0.0,13.0
2012-09-05 17:00:00,-0.7520206677499004,0.4983332918383511,0.18216363137608454,0.05288575923146957,0.17651176698581747,-0.4001736515301326,1.2909584868023676,-0.06253768284657638,1.0607784222368073,0.22915718324534123,-0.8184388200633514,0.7652704392527667,0.9323082935115279,-0.0860401811867073,0.7604049096236276,0.6750681699353274,-0.8406537392704188,0.36365850967578095,-1.36417600641423,-0.3678827442305594,1.1873030452467948,-0.2501719323160819,0.0,0.0,12.0
2012-09-05 21:00:00,-0.8252919881955808,0.4513694586073048,0.2123247146038589,0.12470043955594401,0.1860943730510379,-0.41263035905528095,1.1912361808079541,-0.128484261089165,1.0004115737056654,0.7774544055499939,-0.8057213230286191,0.6613355721178301,0.8631595640113551,-0.07130185568257837,0.9373187841733944,0.5606484145367338,-0.89935159854088,0.3292199769998734,-0.9981467469309481,0.9979537833748633,1.1873030452467948,-0.2501719323160819,0.0,0.0,12.0
2012-09-06 01:00:00,-0.8425127127014048,0.550846660371217,0.2465579085229614,0.19323153679049668,0.20101384534871622,-0.3866261225460578,1.4143617818689298,-0.29077865710261347,1.00890066178035,1.051364459902679,-0.7859968458217675,0.7757681900488472,1.049329220358006,0.34961774541376606,0.9815620025636596,0.6952863534069712,-0.9350449982862226,0.3765567357469976,0.3678930465174731,1.3639285779396655,0.17907520643152947,-1.128100072887392,0.0,0.0,10.0
2012-09-06 05:00:00,-0.8259931754571,0.6927141759155667,0.28925368685248937,0.27108131907380456,0.22199587743366883,-0.3276069485842106,1.5206044563485168,-0.49928656950772815,1.0844758016812495,1.059479560622577,-0.7624245273246324,0.9432308670954217,1.1454023255192156,0.4923603428076016,0.9390994390581421,0.8652554153583909,-0.9109409563816205,0.45085649930374583,1.367903580482612,0.36406684489904434,0.17907520643152947,-1.128100072887392,0.0,0.0,9.0
2012-09-06 09:00:00,-0.7058634137034178,0.1840351184405966,0.26976797250914675,0.16417843891444428,0.23465283675169474,-0.360941524574062,0.8877361562718284,-0.20818739486593207,0.8900469777096741,1.0216855161579517,-0.7608343613792041,0.5385178677459955,0.3149419610675198,0.2098883695242923,0.6575495798368918,0.1623467267050153,-0.9007570865305365,0.28286677036083396,1.00187432099933,-1.0017696827063787,0.17907520643152947,-1.128100072887392,1.0,0.0,8.0
2012-09-06 13:00:00,-0.5567540095094367,0.7574165805842721,0.330320973825663,0.2964245722578596,0.2576084772800625,-0.44585965906100394,0.30965041385459324,-0.22442573370219773,0.9732564448765854,1.0094792546624936,-0.7109631255028821,0.688920603252462,1.2839492406855821,0.911165656194887,0.3634826708949472,1.1091447998509085,-0.8831702133241134,0.3464262983464074,-0.36416547244909103,-1.3677444772711809,0.17907520643152947,-1.128100072887392,1.0,0.0,7.0
2012-09-06 17:00:00,-0.6225098971389149,0.7459428226683781,0.3726763039166666,0.3527094597089181,0.2849473091968178,-0.5150228756233183,0.2899054140900267,-0.31303669909323195,1.0138389644956454,0.9852898690960372,-0.6730797344966681,1.1884927055681043,1.259830069166089,0.8541738336572537,0.48654233564922444,0.9718624627546492,-0.8310594158978738,0.5704501893354915,-1.36417600641423,-0.3678827442305594,0.17907520643152947,-1.128100072887392,1.0,0.0,6.0
2012-09-06 21:00:00,-0.6892503315742847,0.7234550456098913,0.399347799768396,0.3550649698482329,0.31246957670748604,-0.589416285053989,0.18857368236676741,-0.31938084833726005,1.3399582865062294,1.139360727203582,-0.6388302084051297,0.997548901582918,1.2344782177516054,1.090254970274399,0.6220135928222809,0.8713532819445364,-0.7963234464295414,0.4947968543781177,-0.9981467469309481,0.9979537833748633,0.17907520643152947,-1.128100072887392,1.0,0.0,6.0
2012-09-07 01:00:00,-0.7679521467814601,0.8223950722767299,0.4289044128130067,0.36479917237273135,0.3407498962390507,-0.6589113744393684,0.11992738167976516,-0.3723118753933123,1.380447145203474,1.2788020334925612,-0.5952965130128316,0.9041942374497893,1.398112895063188,0.2793076640826847,0.797388327051461,0.9356016687433073,-0.7649770378023245,0.45987886429191094,0.3678930465174731,1.3639285779396655,-1.4379966940383093,-1.1281000728873922,1.0,0.0,4.0
2012-09-07 05:00:00,-0.7062570671587818,1.2299395820912007,0.5085142202071534,0.5087707026921788,0.38024201347418035,-0.5877526544908025,1.160846958383855,-0.6386083210005463,1.411267226270831,1.4149002202478118,-0.48687594964689246,1.3524030082099139,1.3467313352445756,0.5828754818920933,0.6584008649864045,1.394917194840747,-0.6898619391885359,0.7291752909056599,1.367903580482612,0.36406684489904434,-1.4379966940383093,-1.1281000728873922,1.0,0.0,3.0
2012-09-07 09:00:00,-0.46747974253153696,2.0136824014666526,0.7498705333665444,1.0640260008709161,0.4629746940567967,-0.37296642091278176,2.6025195456735086,-1.0666572515387138,1.5182213087248424,1.4759458891720518,-0.0684778268731965,2.3539826619081783,1.536049299190475,1.5198186745824043,0.21089892861840806,2.2364447478148337,-0.4362387118857636,1.4617759814219178,1.00187432099933,-1.0017696827063787,-1.4379966940383093,-1.1281000728873922,0.0,0.0,2.0
2012-09-07 13:00:00,-0.42282811400303083,2.1352721116790483,0.9717557280670476,1.455253439278551,0.5761742515683292,-0.14044569505046384,2.808184537779169,-1.2323751146900697,1.5377433692787517,1.529811537237621,0.3039720706464585,2.3477829486991713,1.4531579085687636,1.7472235579442603,0.14016061372895905,1.916031636320481,-0.10705709602634794,1.8375656567570897,-0.36416547244909103,-1.3677444772711809,-1.4379966940383093,-1.1281000728873922,0.0,0.0,1.0
2012-09-07 17:00:00,-0.4495426385796412,2.274925680510084,1.1864268049435565,1.7486072993573958,0.7122187710488437,0.08767746996770896,2.7701702417265124,-1.3244560687652958,1.6379697289648447,1.6074451695608947,0.6441968448186383,2.001682500778189,1.6293327188075903,1.936304002056374,0.18206203253004316,1.7508545098269708,0.20329150555301434,1.9505222217095832,-1.36417600641423,-0.3678827442305594,-1.4379966940383093,-1.1281000728873922,0.0,0.0,0.0
2012-09-09 21:00:00,-0.4850805084603259,1.7326346251667817,1.2867367888196468,1.6721380116626998,0.8423082368998919,0.29950612319886893,2.471311883382801,-1.4038477741078745,1.5379184024125487,1.6141903837116722,0.8095092528604788,1.5128823475194404,1.2539414445347785,1.5779911320146986,0.23976324037965935,1.2757721942133224,0.4127842852799177,1.6768615352110887,-0.9981467469309481,0.9979537833748633,-2.0863921832865144,0.8445865525059428,0.0,0.0,0.0
2012-09-10 01:00:00,-0.5644780257624471,1.6503427517416165,1.3419804284296752,1.4883465788332764,0.9580849260515493,0.4687806620896322,2.322121519229614,-1.2726601630346848,1.446390222613226,1.582906756422485,0.9210507421514073,1.157167635160256,1.1950821855024514,1.7817667109173503,0.3774416775336684,1.0877337765660111,0.5703422060486097,1.4454744814701324,0.3678930465174731,1.3639285779396655,-0.6294607438033901,1.3317999135043364,0.0,0.0,28.0
2012-09-10 05:00:00,-0.5952781893048029,1.6445271976163576,1.369213350140776,1.2651021863122347,1.056476435217639,0.6360047688096783,2.2495558330147762,-1.3569838681459856,1.2909888835409848,1.464084145040851,0.9367450682590318,0.9759980074389076,1.1911582349003,1.3872629276828614,0.43439634483111045,0.9742379981699227,0.7027081265622693,1.3355749537342734,1.367903580482612,0.36406684489904434,-0.6294607438033901,1.3317999135043364,0.0,0.0,27.0
2012-09-10 09:00:00,-0.6399756296120246,1.6634577209618095,1.379286281561913,1.0398179636916542,1.1373239124197534,0.7684687251349775,2.0144454454595455,-1.2867356144853956,1.2798556532790932,1.375711284818832,0.91998714651657,0.8079647452804428,1.2225498397175396,1.4149527946917504,0.5209130581221647,0.8978902024970942,0.7892014091934328,1.1822639923525136,1.00187432099933,-1.0017696827063787,-0.6294607438033901,1.3317999135043364,0.0,0.0,26.0
2012-09-10 13:00:00,-0.6634893085243665,1.6059915535838611,1.366362807964637,0.7970222254332178,1.1992636465798836,0.9059633524531167,2.0113115902115624,-1.375712276254851,1.277536230307871,1.3178877116373573,0.7839677455171157,0.7268548118437927,1.188542267832209,1.4012643002709468,0.5683769177585801,0.8106587224041986,0.848821423122238,1.1291770543383903,-0.36416547244909103,-1.3677444772711809,-0.6294607438033901,1.3317999135043364,0.0,0.0,25.0
2012-09-10 17:00:00,-0.6607040566130866,1.0721590713799254,1.293102187749417,0.43862100484562694,1.2332928488937323,0.9482119281016519,1.6531443199459346,-0.9663183154882423,1.160173427963771,1.2730903280187456,0.7640219324621825,0.5221439335665639,0.8602384007852709,1.104119830362081,0.5626816140232472,0.5275703142119579,0.8608448942535771,0.8436340024443316,-1.36417600641423,-0.3678827442305594,-0.6294607438033901,1.3317999135043364,1.0,0.0,24.0
2012-09-10 21:00:00,-0.7291352002954025,1.1535254254807434,1.2349341468286668,0.19296374839237437,1.2481914671424161,0.984250938380537,1.517771902832603,-1.0014050940554156,0.9834800533142863,1.1715973401432969,0.7316294609822931,0.4278385384915957,0.7243396652808568,0.8708337854914457,0.7086299176983514,0.5308622700135524,0.8124912312312754,0.7164486894466245,-0.9981467469309481,0.9979537833748633,-0.6294607438033901,1.3317999135043364,1.0,0.0,24.0
2012-09-11 01:00:00,-0.7399676763087792,1.2002542468550126,1.1830251231719449,0.013467407014315707,1.2491117893794126,1.0602296907527515,1.9193644813344697,-1.119783453426293,0.8449953145107802,1.023474924101481,0.6748154216425407,0.4624023641683884,0.7980663599891398,0.009599070013117626,0.7329418360015051,0.5066576555110218,0.7403211665030466,0.7821500870154082,0.3678930465174731,1.3639285779396655,0.8274706956797339,0.8445865525059431,1.0,0.0,22.0
2012-09-11 05:00:00,-0.6594397023857836,1.5257651295768555,1.1885159169667463,0.026043111729220105,1.2510114459120885,1.170322799028403,2.0581542752976913,-1.3219140057738448,1.0146368711767626,0.9736363409145645,0.6230075115325251,0.5512153379657457,1.3385650483233018,0.09776781996027643,0.560102814669666,0.7235918941816618,0.6169464417227755,0.912319086433657,1.367903580482612,0.36406684489904434,0.8274706956797339,0.8445865525059431,1.0,0.0,21.0
2012-09-11 09:00:00,-0.6301148939783938,1.6138249257781292,1.1970144389471111,0.04428706852422562,1.2543318524530775,1.2725521138557943,1.6216470215039356,-1.4547764636403264,1.2899213838019317,1.0785763098034074,0.5621129813055399,0.5461847668219708,1.5005405009192798,-0.06671081420972155,0.5014173505565853,0.7384457160313417,0.5723473045658346,0.8858335459759561,1.00187432099933,-1.0017696827063787,0.8274706956797339,0.8445865525059431,1.0,0.0,20.0
2012-09-11 13:00:00,-0.5444925899861895,2.016418399351622,1.2874223672468612,0.28174042554022943,1.2761439635483536,1.4388714007577978,2.5752268556020925,-1.616752921457447,1.5403113531132135,1.3166853251334876,0.5737558378773641,0.9232714703933971,1.5040737614281365,0.6643573881641737,0.3415824690995744,1.114561014168101,0.6143437002001813,1.3445270392568378,-0.36416547244909103,-1.3677444772711809,0.8274706956797339,0.8445865525059431,1.0,0.0,19.0
2012-09-11 17:00:00,-0.6190151209657366,1.8414696213221942,1.3286716364660822,0.3379527843533662,1.3023336178568934,1.5933107385953713,2.4159667361193082,-1.6520539027490082,1.4863691194784152,1.4782287023987666,0.44188229976676285,1.0039358621830983,1.1864678365177672,0.6345738512336554,0.47975309484504336,0.9745822399234357,0.6348852241403049,1.3560490362756719,-1.36417600641423,-0.3678827442305594,0.8274706956797339,0.8445865525059431,1.0,0.0,18.0
2012-09-11 21:00:00,-0.7058900679985988,1.7903631701819966,1.341505847778524,0.3056113014001217,1.3260046758603132,1.7118973672277462,2.313233672101511,-1.5314307539006204,1.3469805521877893,1.497768453599124,0.35861253063810355,0.9588442614290404,1.107516129959681,0.6173032374112027,0.6576072067418957,0.876559741551816,0.6120571774282788,1.1828647154885117,-0.9981467469309481,0.9979537833748633,0.8274706956797339,0.8445865525059431,1.0,0.0,18.0
2012-09-12 01:00:00,-0.7013387228377556,1.948968809830473,1.3740210996704147,0.3332860689177705,1.351830909225227,1.8520821285650924,2.6684827720114934,-1.627608677626546,1.3011143974911783,1.415856131128333,0.2538854538065878,1.1423667627372562,1.3747481147961154,0.7781856796699484,0.6477958000041389,1.021677072777464,0.5893219207595357,1.2491539266018055,0.3678930465174731,1.3639285779396655,1.1873030452467948,-0.2501719323160819,1.0,0.0,16.0
2012-09-12 05:00:00,-0.6087352038576884,2.013748025244253,1.399879919106012,0.33731513636146837,1.3779709066309378,2.004533516233223,2.575888712462607,-1.7761136668352018,1.2741213208923405,1.3431724714375712,0.08897204353883188,1.2529555850301335,1.1103573121273236,0.8802435515140578,0.45994957213975535,1.0799647318252747,0.5607112771378611,1.2375558271235996,1.367903580482612,0.36406684489904434,1.1873030452467948,-0.2501719323160819,1.0,0.0,15.0
2012-09-12 09:00:00,-0.550837568452238,2.155972210411004,1.4413681738530877,0.38306278214696937,1.4076735066485906,2.173467543803345,2.8361707331254142,-1.8844859405854086,1.2296632975282964,1.302997508633107,-0.1008393821190772,1.5043769858251297,0.9821608945455087,1.2913022914567112,0.35287593326175704,1.322391509210159,0.5174702418881127,1.4678793345958447,1.00187432099933,-1.0017696827063787,1.1873030452467948,-0.2501719323160819,1.0,0.0,14.0
2012-09-12 13:00:00,-0.560517732898361,1.8502668303334733,1.4346084667119454,0.28838838665506017,1.4300033283981557,2.306024586933341,2.4574219653864664,-1.8158168096254546,1.0119395760532797,1.2039704070445587,-0.29221132080960094,1.1118479362182725,0.7608474890921029,1.1128815144302515,0.370268655321706,1.1557977209672865,0.4199705829085894,1.1992196735097085,-0.36416547244909103,-1.3677444772711809,1.1873030452467948,-0.2501719323160819,1.0,0.0,13.0
2012-09-12 17:00:00,-0.6275829486768792,1.9361850005711314,1.4324032362214227,0.22504063911397218,1.4473999378047575,2.429113269839765,2.280025178422657,-1.8494021523487685,0.9560085505565785,1.0950335865149783,-0.2369523929325962,1.0115652870360308,0.9526524404850681,1.1689775813999963,0.4964495478567002,1.1641064405548567,0.3349570174509877,1.1522849886274062,-1.36417600641423,-0.3678827442305594,1.1873030452467948,-0.2501719323160819,1.0,0.0,12.0
2012-09-12 21:00:00,-0.678179366948435,2.0626752388539455,1.4443610968980356,0.21289722025387497,1.463850877221001,2.556032635029004,2.425659695776761,-1.8901670147682599,1.0501967814788575,1.0335757845244713,-0.14315641034508858,1.021401302853363,1.2477369810895544,1.0234168980553633,0.5987481497404818,1.2244571713708123,0.2145106241425338,1.1952764374631053,-0.9981467469309481,0.9979537833748633,1.1873030452467948,-0.2501719323160819,0.0,0.0,12.0
2012-09-13 01:00:00,-0.7201116256347588,2.1354612983127543,1.4551995381230962,0.20013678131074042,1.4793080961445773,2.6852382195185815,2.5285529019108326,-1.9333892416616227,1.2856673587845757,1.1273130912974303,-0.0327991550140774,1.0041640490184178,1.4247877054522793,1.0235560635201766,0.6886397968803966,1.187962090819294,0.05087356465700579,1.2137326775424828,0.3678930465174731,1.3639285779396655,0.17907520643152947,-1.128100072887392,0.0,0.0,10.0
2012-09-13 05:00:00,-0.750210995996136,1.9964428563405232,1.4376696131898448,0.11274409853662382,1.4879596009254952,2.807011898702016,2.2977714514026655,-1.9807022888188646,1.418729706890519,1.2857706455464684,0.020984175069031465,0.8804703028933089,1.3278392056500081,0.5076284132386032,0.7562534551428538,0.9945740126625348,-0.10059566489272842,1.1016341587773097,1.367903580482612,0.36406684489904434,0.17907520643152947,-1.128100072887392,0.0,0.0,9.0
2012-09-13 09:00:00,-0.7623787559920268,1.4741946616103796,1.371123205529714,-0.09053354265820576,1.4807808385301362,2.850411561676281,1.9663771417176052,-1.680649299019674,1.3188716368379012,1.377777591599488,0.016977151719853447,0.6707303313565856,0.9661740385145003,0.4048063705982281,0.7843604480728495,0.6679145424700172,-0.13823170209541855,0.8765764119935886,1.00187432099933,-1.0017696827063787,0.17907520643152947,-1.128100072887392,1.0,0.0,8.0
2012-09-13 13:00:00,-0.7159165317307384,1.5594827615199205,1.3178926897596444,-0.216925926706958,1.463759256251696,2.797156873484323,1.4831971325886864,-1.2983259254883672,1.1982096280850056,1.3478279385154968,0.005631728590030524,0.5864031895118745,1.0845653255927412,0.49536536318551155,0.6794261299536015,0.6933513000969777,-0.12934588270905065,0.7757178642117122,-0.36416547244909103,-1.3677444772711809,0.17907520643152947,-1.128100072887392,1.0,0.0,7.0
2012-09-13 17:00:00,-0.530106873503221,2.210434572116638,1.4149942000238889,0.09098185188984076,1.4707160238409105,2.849159057379836,2.6796682257014965,-1.5606838315576113,1.2407275536815754,1.2868716034474799,0.14795731675727095,1.214720321524509,1.447724080621547,1.0502002593333295,0.3162849757379504,1.4954330931408617,-0.008226225671258988,1.3869587294148293,-1.36417600641423,-0.3678827442305594,0.17907520643152947,-1.128100072887392,1.0,0.0,6.0
2012-09-13 21:00:00,-0.6021849914853873,2.1772241073418734,1.4721135050404222,0.2285249403597184,1.4883839735647189,2.897446799568527,2.5073151962022298,-1.5999053061049626,1.386868933721023,1.3101570858857836,0.22715343315721556,1.3257911497885881,1.378238851846104,0.9592044973728548,0.4474595442303004,1.2908615568073578,0.1199838220709578,1.5091470356104828,-0.9981467469309481,0.9979537833748633,0.17907520643152947,-1.128100072887392,1.0,0.0,6.0
2012-09-14 01:00:00,-0.5750560066444103,2.3896270045672106,1.5699230506648185,0.4492689601886858,1.5232423864940141,2.978425503704824,3.0413487401976895,-1.7060868557225748,1.5332267990948651,1.4248827707242402,0.2934640362339759,1.4915919438822358,1.497240547755041,1.1136670169880176,0.39676668854579217,1.5066236293868216,0.2627512742866682,1.6859206283765982,0.3678930465174731,1.3639285779396655,-1.4379966940383093,-1.1281000728873922,1.0,0.0,4.0
2012-09-14 05:00:00,-0.5886876785705112,2.4419747779111636,1.647725763793828,0.5714298111905104,1.5676140882359577,3.069697022496693,3.186896891848308,-1.7777349110372582,1.5021689949122528,1.514412654520733,0.33322351592859556,1.591094625294827,1.3601525230001317,1.3150293752608857,0.42203232842868166,1.4371388563188832,0.40829890970468075,1.7720350274538865,1.367903580482612,0.36406684489904434,-1.4379966940383093,-1.1281000728873922,1.0,0.0,3.0
2012-09-14 09:00:00,-0.39934047129699096,2.6846847642707403,1.7954115083263509,0.8592954579466289,1.6344033567709626,3.1965862852496456,3.738904367899956,-1.9523502031379345,1.4780335065542773,1.5456317052331896,0.4732981153370133,1.7712733341372071,1.3101856727792867,1.72508120975632,0.10431714610938723,1.7385242738860043,0.5935046126908061,2.070443025735804,1.00187432099933,-1.0017696827063787,-1.4379966940383093,-1.1281000728873922,0.0,0.0,2.0
2012-09-14 13:00:00,-0.28980101696961547,2.7844408410753116,1.9450163881953424,1.0948095371928461,1.7195333084048487,3.336600862596089,3.9795665695993403,-2.0602822722213214,1.341866146633025,1.4801007897919258,0.6812576110301373,1.784029186327954,1.113298794004923,1.8390882749347994,-0.051531038820583686,1.6899014581354646,0.837049170590102,2.418992787881229,-0.36416547244909103,-1.3677444772711809,-1.4379966940383093,-1.1281000728873922,0.0,0.0,1.0
2012-09-14 17:00:00,-0.3206517142331254,2.814182216780066,2.057048744526137,1.1809939010787962,1.8113748762239328,3.4666143987035007,3.590521138093022,-2.103779751539978,1.2915215578781627,1.4079651693986348,0.8377301839016861,1.4006134098659053,1.2181993434015213,1.8332135924685122,-0.009423455203193066,1.516413985859052,0.9683062618541954,2.1582700644241952,-1.36417600641423,-0.3678827442305594,-1.4379966940383093,-1.1281000728873922,0.0,0.0,0.0
2012-09-16 21:00:00,-0.37739013676813954,2.4776556896721558,2.093634997834309,1.0446684835326094,1.8926000881566096,3.587341253660383,3.309391613073243,-2.135211622242238,1.1987014376364604,1.3123086906356505,0.9707913185320121,1.1564932869974998,1.0484671539690094,1.7466001948323766,0.071630308147324,1.2116731030721806,1.0252822806454291,1.951300449388633,-0.9981467469309481,0.9979537833748633,-2.0863921832865144,0.8445865525059428,0.0,0.0,0.0
2012-09-17 01:00:00,-0.43196961347713253,2.5462325792234513,2.12712843720988,0.9271932561288933,1.964676904695362,3.704334090335448,3.280864996003603,-2.1654602984251023,1.23841064925845,1.276880647497372,1.0710893091703182,1.0682170910502995,1.2252641310651275,2.06022962876933,0.15436073904727404,1.1749400836340136,1.0703893785766398,1.9225043962331398,0.3678930465174731,1.3639285779396655,-0.6294607438033901,1.3317999135043364,0.0,0.0,28.0
2012-09-17 05:00:00,-0.4128956395341394,1.9133326580647818,2.0743923959974357,0.5986008731383647,2.0111645556758417,3.711502378395427,2.780622553043699,-1.6596700906747148,1.122478805676222,1.2189924340219667,1.0572920414955527,0.8270819715024491,0.8913142854391266,1.728333637437945,0.1248915639112576,0.8559697809169925,1.0657952628613925,1.5774282895526264,1.367903580482612,0.36406684489904434,-0.6294607438033901,1.3317999135043364,0.0,0.0,27.0
2012-09-17 09:00:00,-0.41065011453423855,2.0214322068603345,2.0413319097611007,0.3892599954583077,2.041349764316313,3.68252236532424,2.369045342990228,-1.5397316583229748,1.1364126192057173,1.1976618039211147,1.0654639904917742,0.7217406711977536,1.08775537110148,1.1390463414403738,0.12146234319128363,0.8898344909559864,1.0236324954755203,1.4326585467673965,1.00187432099933,-1.0017696827063787,-0.6294607438033901,1.3317999135043364,0.0,0.0,26.0
2012-09-17 13:00:00,-0.3659545147600839,1.9908478710239716,1.989334690912695,0.17026444418135145,2.0544806719192814,3.6952936280905857,2.8983720558490407,-1.6601029224071226,1.0731451727353079,1.141067107842944,1.044442169581381,0.7904836028430976,1.0468732570172763,1.139170526066734,0.054902167445632734,0.7929494881311288,1.0566790342916323,1.5762198929894262,-0.36416547244909103,-1.3677444772711809,-0.6294607438033901,1.3317999135043364,0.0,0.0,25.0
2012-09-17 17:00:00,-0.40083466967093895,1.9745101002703198,1.9244147663147022,-0.04009194931800193,2.051230053783562,3.623037045430354,2.5859348609281128,-1.2008095283539524,1.125471906025279,1.142092086611348,1.0195495587868495,0.5734351862185652,1.03885638186359,0.7984016890900419,0.10657033065049702,0.7093642343288755,1.0414786977831818,1.2041402481622043,-1.36417600641423,-0.3678827442305594,-0.6294607438033901,1.3317999135043364,0.0,1.0,24.0
2012-09-17 21:00:00,-0.4458487092170309,1.441310591241619,1.8072652595966219,-0.3504827237883085,2.023807722221637,3.5559416472458536,2.3212278100270476,-1.2794693267584563,0.976587531516618,1.0873604363373424,0.9091045571787317,0.46289088197555034,0.6679563246346707,0.498013014201341,0.1761944254553546,0.462953430760782,0.980004298774657,1.014504029950318,-0.9981467469309481,0.9979537833748633,-0.6294607438033901,1.3317999135043364,0.0,1.0,24.0
2012-09-18 01:00:00,-0.4999571513890613,1.5414238656528136,1.7150804674914943,-0.5308716285928995,1.9823375861795536,3.4817445174127664,2.0981080674459838,-1.2723608190282736,0.778262388908269,0.9863786591357437,0.7943958919549223,0.4191578185244175,0.48766947198518174,0.09431121143270335,0.26461159137535867,0.49286870857670995,0.9146810622908379,0.9362216782886381,0.3678930465174731,1.3639285779396655,0.8274706956797339,0.8445865525059431,0.0,1.0,22.0
2012-09-18 05:00:00,-0.4665579315342804,1.0072422231378213,1.575369046159564,-0.804492670763642,1.9195591833888288,3.3139022809881014,1.6551687853389214,-0.7894709022691331,0.398081219630193,0.7372857711794559,0.6603257606401389,0.25424217101228236,-0.033114352971910746,-0.3863282693030635,0.2094028641700412,0.21479797164253928,0.8234345978857759,0.6857807193043309,1.367903580482612,0.36406684489904434,0.8274706956797339,0.8445865525059431,0.0,1.0,21.0
2012-09-18 09:00:00,-0.4630044505315693,0.8048029888016273,1.4283253455285763,-1.0433390875600344,1.8381805913704092,3.076774214887898,1.3220217561835865,-0.3686580845820541,-0.060593093316578056,0.3821061929910151,0.5144845441118027,0.028763925884037284,-0.6253361370445274,-0.5579027746958001,0.20365010099804395,0.05939315243156397,0.746755855790214,0.3974507210792117,1.00187432099933,-1.0017696827063787,0.8274706956797339,0.8445865525059431,0.0,1.0,20.0
2012-09-18 13:00:00,-0.48148347396922553,0.29314399705204164,1.2432388563322512,-1.3379226123055268,1.7338612771208564,2.8405203267852555,1.061809991729246,-0.4028279972142863,-0.6927836329766828,-0.12164936610739197,0.32876723835085386,-0.18245921510978702,-1.294874778279385,-0.6799902567662961,0.2338177200852646,-0.30551516961810216,0.6276058320185095,0.20512885392040647,-0.36416547244909103,-1.3677444772711809,0.8274706956797339,0.8445865525059431,0.0,0.0,19.0
2012-09-18 17:00:00,-0.5478813318211081,0.389501529248596,1.0968937369588523,-1.4681823487639742,1.6193979725223,2.593517635552556,0.9221993021848897,-0.2828936541875343,-1.1338050604468182,-0.6462394999405583,0.029943822139296316,-0.3867843350021191,-1.2766321857490783,-0.75361132910288,0.3476036657313698,-0.3605178071939037,0.49686817131323413,0.10006179482487855,-1.36417600641423,-0.3678827442305594,0.8274706956797339,0.8445865525059431,0.0,1.0,18.0
2012-09-18 21:00:00,-0.620268011171688,0.2861435832705033,0.9587876074190301,-1.5499735870452644,1.4985651668460012,2.3665632353557156,0.8335810030800725,-0.36005795945391267,-1.4130412491370161,-1.1093815544725667,-0.32663949732065267,-0.5581876132773581,-1.4126792423100987,-0.5493110712317645,0.4821837249768149,-0.6615474152697356,0.3708221630805249,0.08992901689031563,-0.9981467469309481,0.9979537833748633,0.8274706956797339,0.8445865525059431,0.0,0.0,18.0
2012-09-19 01:00:00,-0.6234106927467442,0.6966695422405617,0.894959368041036,-1.4133121294295556,1.3883748862110208,2.209342699615284,1.1961115607138824,-0.5319622879576364,-1.205953206322709,-1.2851150267686742,-0.45701548442155926,-0.40457792442536705,-0.7109628453111141,-0.4386911329945032,0.48829700989203045,-0.25629611577588485,0.24620814129840957,0.2786937194718795,0.3678930465174731,1.3639285779396655,1.1873030452467948,-0.2501719323160819,0.0,1.0,16.0
2012-09-19 05:00:00,-0.557520879785482,-0.027907333265564552,0.7528368914840161,-1.517005043375234,1.2701095092575352,2.0902928424037746,1.0842917564218628,-0.7787764869328295,-1.3541638500580602,-1.360576272447867,-0.5627255896373003,-0.7392931813685976,-1.6945315598214943,-0.8102170924705753,0.3648628952239867,-1.2275851535774371,0.09755350349268574,0.11267761522005722,1.367903580482612,0.36406684489904434,1.1873030452467948,-0.2501719323160819,0.0,0.0,15.0
2012-09-19 09:00:00,-0.5414730163071921,-0.10960041328811768,0.622337463142579,-1.5683355156568666,1.1478467665055954,1.8555589146380047,0.765717978922044,-0.06667306816348509,-1.2643081643294876,-1.3096430472604996,-0.5540272562334962,-1.2804689733733732,-1.1593193359199097,-0.8528181404978934,0.3362372836894203,-1.3274507704908485,-0.09630890645143933,-0.20989701600504934,1.00187432099933,-1.0017696827063787,1.1873030452467948,-0.2501719323160819,0.0,0.0,14.0
2012-09-19 13:00:00,-0.45965721015143185,0.5102656556449058,0.599823250604623,-1.3155949327002234,1.0452662225974374,1.7221896813383801,1.295860827966029,-0.3808153960608356,-1.1125516176836516,-1.277657936797907,-0.5944796977983776,-0.6814260668409021,-0.2830653323097621,-0.2370055921506752,0.1982520504466658,-0.4182333849463978,-0.3705333559109479,0.17019068198012516,-0.36416547244909103,-1.3677444772711809,1.1873030452467948,-0.2501719323160819,0.0,1.0,13.0
2012-09-19 17:00:00,-0.5137262301485271,0.20505830591902804,0.537598676232893,-1.221445972238917,0.9500175386504188,1.5983468218458723,1.117488079913581,-0.4850782176208508,-0.7461159759824325,-1.069433658150885,-0.5703049320599386,-0.5804169972651619,-0.6613181451479697,-0.5092800072147738,0.28798832049291595,-0.7831112838886618,-0.5043651542230038,0.18734288361806375,-1.36417600641423,-0.3678827442305594,1.1873030452467948,-0.2501719323160819,0.0,1.0,12.0
2012-09-19 21:00:00,-0.5907619913661315,0.23152283590734418,0.4863059419684811,-1.1163835762427652,0.8629505995771753,1.4766295479576803,1.003437345249338,-0.5036923261489837,-0.4201247117656508,-0.780345416993751,-0.5819584995737073,-0.5812173075165968,-0.240144155002896,-0.2674866944689556,0.4259132480851138,-0.6737387309375696,-0.6007462042130947,0.1351869829996346,-0.9981467469309481,0.9979537833748633,1.1873030452467948,-0.2501719323160819,0.0,1.0,12.0
2012-09-20 01:00:00,-0.5221540987947854,-0.4258903955165051,0.3511120076498441,-1.2606111010203542,0.7646519272056588,1.2097029576445857,0.5820168668153326,0.4472084704350936,-0.8340774551205886,-0.6849827258410551,-0.5337618592619097,-1.0655769194890254,-1.4502594553747987,-0.5969522077799929,0.30248018351235373,-1.4771232446589095,-0.6050662131902097,-0.22244124569872412,0.3678930465174731,1.3639285779396655,0.17907520643152947,-1.128100072887392,0.0,0.0,10.0
2012-09-20 05:00:00,-0.43761498493017686,-0.8430590149158885,0.1698435662257097,-1.5013521216320682,0.6476055231398319,1.047160934838424,0.18385636321421633,1.416245596898014,-1.044263727994098,-0.7870825821841739,-0.3820110976083254,-1.7061525730012226,-1.2539659446494487,-0.6820517016608784,0.16320143438531715,-1.8226470909634886,-0.47851183190560903,-0.7102147487310051,1.367903580482612,0.36406684489904434,0.17907520643152947,-1.128100072887392,0.0,0.0,9.0
2012-09-20 09:00:00,-0.4534886781299741,-1.033681083578546,-0.010917330925535398,-1.6925640173714844,0.5156684730637225,0.920259193466187,-0.0106618387339287,1.4437085899613975,-1.4617579516494656,-1.1437869458320125,-0.25263897741975133,-1.9191420753633013,-1.417323946867011,-0.9161270302947432,0.18835668422461918,-1.8049397536769838,-0.2973463134708739,-0.9165423825048935,1.00187432099933,-1.0017696827063787,0.17907520643152947,-1.128100072887392,1.0,0.0,8.0
2012-09-20 13:00:00,-0.4590751760042028,-1.077632941113178,-0.1610978389038136,-1.7623307550010234,0.3782983311325467,0.820623615811329,-0.20812750571306973,1.3760016055464546,-1.4034777002211485,-1.338776452994988,-0.11561783238038195,-1.7779891514603587,-1.2859306327015352,-0.905820599473998,0.19731546519804086,-1.5845843136602211,-0.17511976977402158,-0.9150705399080684,-0.36416547244909103,-1.3677444772711809,0.17907520643152947,-1.128100072887392,1.0,0.0,7.0
2012-09-20 17:00:00,-0.47120656666543714,-0.6433837441085177,-0.22653116608932325,-1.587564968650414,0.25453809275466244,0.6847447819226093,-0.03410889684187648,1.1022294019557493,-1.2207187578512138,-1.3992029800369472,-0.11087694802959071,-1.270619247094989,-0.7386531054520881,-0.9269463939380647,0.21696318560742328,-1.0879281794870697,-0.1184685936444581,-0.6383971651582402,-1.36417600641423,-0.3678827442305594,0.17907520643152947,-1.128100072887392,0.0,0.0,6.0
2012-09-20 21:00:00,-0.5427573528198342,-0.5168925330306999,-0.2599277486814012,-1.3605871251577601,0.14845377724003134,0.5383669159553988,0.042725622101948836,0.9739809023872439,-0.9206364669482738,-1.213897454573837,-0.14646812602087797,-0.9279749719544796,-0.5712025187563542,-0.47023965441609555,0.3385084850366997,-0.8906381908722577,-0.10002201650144239,-0.44356976387754776,-0.9981467469309481,0.9979537833748633,0.17907520643152947,-1.128100072887392,0.0,0.0,6.0
2012-09-21 01:00:00,-0.5732151943601895,-0.39007869581891436,-0.2680324734061028,-1.1101910479043227,0.0618690819468612,0.3680492222227745,0.17629819453467765,0.7663171795637994,-0.6084904740007243,-0.9416563223028015,-0.21968783646891543,-0.7378057104780245,-0.40579401238619056,-0.3489733766221978,0.393386220798724,-0.7095561545267182,-0.12351855105158432,-0.34084586096680686,0.3678930465174731,1.3639285779396655,-1.4379966940383093,-1.1281000728873922,0.0,0.0,4.0
2012-09-21 05:00:00,-0.42411166977264575,0.36249620163818397,-0.16544363627165204,-0.6087003878287716,0.014338023289481243,0.23381977146115673,0.9083805404186963,0.23770596227513424,-0.08341890813768345,-0.5521911980772176,-0.28263357650235627,-0.2153716513565844,0.7418551305771863,-0.2579056464326173,0.1421458929196671,0.21484264691942,-0.16340850959497533,0.03648811689617599,1.367903580482612,0.36406684489904434,-1.4379966940383093,-1.1281000728873922,0.0,1.0,3.0
2012-09-21 09:00:00,-0.29765245499949783,0.305592377052929,-0.09073304441332129,-0.2833586760034542,-0.007857016160327133,0.12439531815215374,0.560005024786215,-0.16525669219574982,0.35402002397442717,-0.11568867967171441,-0.38207484488140725,-0.08646798303116743,0.6622139978804613,-0.11567245788631036,-0.04094066185398973,0.22795856395644415,-0.2119884934739944,0.08006905400146631,1.00187432099933,-1.0017696827063787,-1.4379966940383093,-1.1281000728873922,0.0,0.0,2.0
2012-09-21 13:00:00,-0.23672436739759417,-0.17365508304786892,-0.09722628240067163,-0.24402377358829083,-0.02698884604648257,0.02278689722236496,0.21670138529187033,-0.4301446678327212,0.5165781025398707,0.26958787957082303,-0.4357527747139363,-0.1719616980610381,0.052559838395377846,-0.4444923757785838,-0.12096206097691187,-0.3344756603702685,-0.31425446646766797,-0.01821123865389551,-0.36416547244909103,-1.3677444772711809,-1.4379966940383093,-1.1281000728873922,0.0,0.0,1.0
2012-09-21 17:00:00,-0.2824134126540188,-0.45122135806491287,-0.14461753292683513,-0.32383070424240007,-0.05233564885020688,-0.07589770694350638,0.06152587975006169,-0.5205968209674399,0.09595974223703298,0.3310155922089666,-0.4622039391464343,-0.46057341776947547,-0.4441335748479934,-0.22782888781954538,-0.06141879627424838,-0.6915899161980298,-0.3770469438052509,-0.2248352973217989,-1.36417600641423,-0.3678827442305594,-1.4379966940383093,-1.1281000728873922,0.0,0.0,0.0
2012-09-23 21:00:00,-0.3513521356484835,-0.5210363761354115,-0.19142491304139672,-0.38608766071586936,-0.08253071853052424,-0.21291917339534752,-0.05011207425086697,-0.29278054900305284,-0.3249467670423627,0.09850533057918849,-0.45150819106551293,-0.6395471851050821,-0.5245871814258659,0.056791542813421705,0.03383382246881752,-0.7330082636350657,-0.42783277866755026,-0.3555748853130708,-0.9981467469309481,0.9979537833748633,-2.0863921832865144,0.8445865525059428,0.0,0.0,0.0
2012-09-24 01:00:00,-0.3427710495808691,-0.8367179791375583,-0.27876500592781334,-0.5461741749830197,-0.12519254194367813,-0.31460527524668713,-0.2649216369545766,0.3867717183234713,-0.7385709243194988,-0.33131691180529454,-0.4139605781947651,-0.9906681343780148,-1.1137077930710708,-0.019462480217527618,0.02160311038560496,-1.1246103326811785,-0.4642999767107277,-0.6142300610572253,0.3678930465174731,1.3639285779396655,-0.6294607438033901,1.3317999135043364,0.0,0.0,28.0
2012-09-24 05:00:00,-0.24011296619436173,-1.2318613558857512,-0.42178031613805894,-0.8257238915811055,-0.18962432823513373,-0.3363892127655305,-0.576817259578118,0.6863225268697717,-1.1297697206790587,-0.751064507535496,-0.2912292573210159,-1.2389456311767564,-1.5471699561517525,-0.34837126900267035,-0.11663865173325852,-1.5792865264008416,-0.44796943553727653,-0.8264486823153965,1.367903580482612,0.36406684489904434,-0.6294607438033901,1.3317999135043364,0.0,0.0,27.0
2012-09-24 09:00:00,-0.2429494992624847,-1.2082903989633158,-0.5265700027638742,-0.9453598180873658,-0.2633727745849396,-0.3439437948274298,-0.7391344666432185,0.5679300676501079,-1.4367667638580104,-1.1318041280369537,-0.265130121207255,-1.3256195603372365,-1.390205661672475,-0.5754644962074218,-0.11300840947676122,-1.3925471939919483,-0.3917557967091241,-0.9090591995071587,1.00187432099933,-1.0017696827063787,-0.6294607438033901,1.3317999135043364,0.0,0.0,26.0
2012-09-24 13:00:00,-0.31470707321348756,-1.057800111713004,-0.5866271197459502,-0.9193606868575722,-0.3350965359211868,-0.35095876388490727,-0.818968879572927,0.44196110361112007,-1.469644404395736,-1.3821581782969976,-0.2137995363497908,-1.2038537922641226,-1.2064106182893934,-0.5715242847071368,-0.01764133983025456,-1.1199858378345144,-0.33921624312358944,-0.8370320678714427,-0.36416547244909103,-1.3677444772711809,-0.6294607438033901,1.3317999135043364,0.0,0.0,25.0
2012-09-24 17:00:00,-0.37407954471175137,-0.774053058843008,-0.5960422005244054,-0.7607750992792711,-0.39447042834457496,-0.4169685549789235,-0.5192250322443792,0.30421308916842055,-1.2237295018637067,-1.4143344402216826,-0.20076900925577576,-0.8724593754400123,-0.8537805931939961,-0.49593978553396634,0.0667666227056261,-0.787476884547338,-0.32024845760708875,-0.6023575214768379,-1.36417600641423,-0.3678827442305594,-0.6294607438033901,1.3317999135043364,0.0,1.0,24.0
2012-09-24 21:00:00,-0.46045880296124864,-0.6273378228784783,-0.580395173970373,-0.5657179294289219,-0.43865422364154105,-0.5027378295571457,-0.4105459096167455,0.22046336743320988,-0.9675409510381653,-1.2536493847143222,-0.3053480131765715,-0.6487863991557985,-0.6678483981436565,-0.9174688795368087,0.19954293490310845,-0.5994177145620746,-0.3261005497747301,-0.4386603346585552,-0.9981467469309481,0.9979537833748633,-0.6294607438033901,1.3317999135043364,0.0,1.0,24.0
2012-09-25 01:00:00,-0.5223613939989084,-0.6584259346916316,-0.566241439738801,-0.4137351265063805,-0.4710023425585489,-0.6141836554952228,-0.2737319488083489,0.10382653305610152,-0.7947273723747862,-1.0225259516247887,-0.384731709078822,-0.5314768906232021,-0.7191400381575382,-0.9043582423532456,0.30283840754417163,-0.5814088697601371,-0.37475317694263655,-0.3688669191243813,0.3678930465174731,1.3639285779396655,0.8274706956797339,0.8445865525059431,0.0,1.0,22.0
2012-09-25 05:00:00,-0.4775772447899712,-0.9895379954264586,-0.5992836399260142,-0.4205590517806774,-0.5038818753568284,-0.5990588473531087,-0.5219769857063681,0.9430528200358329,-0.9260103482644931,-0.9205728675985667,-0.4631018777854773,-0.9770855067760489,-1.2239501847156244,-0.8334036430423941,0.22738838859546093,-0.99507640671373,-0.3832120319077993,-0.6396883598828047,1.367903580482612,0.36406684489904434,0.8274706956797339,0.8445865525059431,0.0,0.0,21.0
2012-09-25 09:00:00,-0.3700246440618531,-0.24527913430140663,-0.5335970451951514,-0.15739799706765922,-0.5162677140035453,-0.6707348193276627,-0.2128969020835426,0.4738334241458149,-0.7898110653561248,-0.8597097697768353,-0.49726957505407815,-0.43238473098991975,-0.2838166333390137,-0.22643369290896043,0.06083272902277595,-0.09541913359093016,-0.3929165584011659,-0.318897420939239,1.00187432099933,-1.0017696827063787,0.8274706956797339,0.8445865525059431,0.0,1.0,20.0
2012-09-25 13:00:00,-0.41061110448022453,-0.3084495911830397,-0.4851129344828922,0.006326521639999942,-0.5159034889481481,-0.7514902028043763,-0.2418552560465295,0.30542746295884826,-0.670245193352937,-0.8170811988429453,-0.49756520960504225,-0.07025573998990077,-0.38200835981616277,-0.21577320047427898,0.12140284334489339,-0.1732420254795808,-0.47338169763861426,-0.11995272620444271,-0.36416547244909103,-1.3677444772711809,0.8274706956797339,0.8445865525059431,0.0,1.0,19.0
2012-09-25 17:00:00,-0.35360859997355426,-0.9057624828911507,-0.5369148761272743,-0.13555102685262896,-0.5265879925465867,-0.7250843751954468,-0.5048921904231847,0.9873698184292571,-0.7424705187380013,-0.75422850214657,-0.44478205926636605,-0.7751612153421228,-1.4275989747747937,-0.41834715454453386,0.037068315704241225,-1.0666442215108582,-0.5544335818389611,-0.48827728118174996,-1.36417600641423,-0.3678827442305594,0.8274706956797339,0.8445865525059431,0.0,0.0,18.0
2012-09-25 21:00:00,-0.43860937060034927,-0.7422327745798103,-0.5523195911798026,-0.15002390085020575,-0.538399572693354,-0.6945871964300664,-0.5716650206048712,0.9491013703562053,-1.0217412538766395,-0.8336523407292956,-0.4152903054262779,-0.9612632387005058,-1.0712571468528436,0.0427033570624604,0.16476434220667296,-0.8257688020401112,-0.639321089005043,-0.5900752453339131,-0.9981467469309481,0.9979537833748633,0.8274706956797339,0.8445865525059431,0.0,0.0,18.0
2012-09-26 01:00:00,-0.4143266316895157,-1.1314341334161155,-0.6301955375468948,-0.33157322367226144,-0.5643493249925162,-0.6026889790626581,-0.7657998320958805,1.400530586535061,-1.4116004836422835,-1.0875273678829187,-0.32146496295621513,-1.2476052403741291,-1.4812676571871015,-0.3132575852713154,0.12708124745944038,-1.3249160390966892,-0.6338938406307899,-0.7906390666248595,0.3678930465174731,1.3639285779396655,1.1873030452467948,-0.2501719323160819,0.0,0.0,16.0
2012-09-26 05:00:00,-0.443226570536776,-1.1890158392353298,-0.6957307732227488,-0.4432362150618945,-0.5989948442093297,-0.48758190897879405,-0.8861613361486073,1.5730508224689732,-1.3311165857356808,-1.2891075524454148,-0.24153170266883814,-1.4122379271275518,-1.2006640549175158,-0.44543883430780573,0.1720438196263633,-1.2551420478143342,-0.5449999015962224,-0.9286753064425429,1.367903580482612,0.36406684489904434,1.1873030452467948,-0.2501719323160819,0.0,0.0,15.0
2012-09-26 09:00:00,-0.4107232039606462,-1.283160745908569,-0.7578340315643283,-0.5232289228377109,-0.6398698037561368,-0.36370635913554616,-1.0622322342531176,1.4251050730822774,-1.3882668106482965,-1.4146231950755277,-0.17227423679032253,-1.3344678787455233,-1.232399711362084,-0.6814301249168098,0.12157382916782881,-1.2444359148613136,-0.4571800220917698,-0.8940526543976302,1.00187432099933,-1.0017696827063787,1.1873030452467948,-0.2501719323160819,1.0,0.0,14.0
2012-09-26 13:00:00,-0.44461502710472944,-1.1773274857108018,-0.7874741843591828,-0.4988978365592315,-0.6788499774612082,-0.2453318954241807,-1.1611057926915507,1.2418414763038264,-1.2347202295714674,-1.3540510512015134,-0.2707284012930016,-1.321495187517151,-1.0483229070276974,-0.7088435677356844,0.174240121809899,-1.1032567642744266,-0.37097335858398833,-0.8897317424723438,-0.36416547244909103,-1.3677444772711809,1.1873030452467948,-0.2501719323160819,0.0,0.0,13.0
2012-09-26 17:00:00,-0.504177352243126,-0.9601772831232064,-0.7803953753318734,-0.3795284291434528,-0.7085342463094612,-0.16852685564534517,-1.0334907120058745,1.0796782536220353,-1.080701928467241,-1.2682972584567715,-0.4342805167965972,-1.0451685937761255,-0.7663892281912824,-0.5849155180337825,0.2717374460362136,-0.8977359147491965,-0.32345378917010026,-0.6912452202789588,-1.36417600641423,-0.3678827442305594,1.1873030452467948,-0.2501719323160819,0.0,0.0,12.0
2012-09-26 21:00:00,-0.5676916863625482,-1.0057448722874731,-0.7733178370095076,-0.28403636053055004,-0.7307820605113875,-0.14615981469770442,-0.7953303850415167,0.9371222462086723,-0.9487582283594995,-1.117788784686699,-0.5267463430706619,-0.8422740087045665,-0.8603671211367718,-0.379809288441505,0.3832871201460321,-0.9187852232601147,-0.3056925897758116,-0.5576229981725188,-0.9981467469309481,0.9979537833748633,1.1873030452467948,-0.2501719323160819,0.0,0.0,12.0
2012-09-27 01:00:00,-0.6190940877675486,-0.7836060722632222,-0.738199162678888,-0.1313486981329456,-0.741139307329375,-0.14826593271348087,-0.7355699815780582,0.7780138146866518,-0.784740275742934,-0.9636944192816602,-0.60086516974048,-0.6469803061664794,-0.5858527496380966,-0.6828543685461276,0.4799061819683659,-0.6384309855695194,-0.31097808623692597,-0.4436294914826642,0.3678930465174731,1.3639285779396655,0.17907520643152947,-1.128100072887392,0.0,0.0,10.0
2012-09-27 05:00:00,-0.6213737216939428,-0.8469525259259971,-0.7111438857501772,-0.03113736918691815,-0.7436925866181203,-0.18738109702377356,-0.6464135666314084,0.5250768632862592,-0.7610585392688857,-0.8542334426417869,-0.6787413572655078,-0.5788777613947325,-0.6996154621510755,-0.68219937363303,0.4843319207536307,-0.6862011570117095,-0.38072716437159837,-0.41348498406588374,1.367903580482612,0.36406684489904434,0.17907520643152947,-1.128100072887392,0.0,0.0,9.0
2012-09-27 09:00:00,-0.5916115808394654,-0.8055689480694909,-0.6784460776401156,0.06438382935355398,-0.7388071427644393,-0.17452318748291185,-0.8440924677804785,0.7265987231475943,-0.6873820257940508,-0.7647258996421066,-0.7096367364254921,-0.6820410823959628,-0.652626515678303,-0.21331349631702384,0.42750557499528474,-0.5801355982347453,-0.47640606168430244,-0.4715658386640109,1.00187432099933,-1.0017696827063787,0.17907520643152947,-1.128100072887392,0.0,0.0,8.0
2012-09-27 13:00:00,-0.47749183592749656,-0.43011724865223266,-0.6120673719933047,0.23243939543652184,-0.7208343544496718,-0.12777406077445777,-1.1124145013575877,0.6206379999803344,-0.5359494430972753,-0.6795281810572192,-0.7098254485771086,-0.5119133460788032,-0.15886869553633726,-0.14649495616128136,0.22724812831512503,-0.13493339815780725,-0.5868445496503263,-0.3769714174421226,-0.36416547244909103,-1.3677444772711809,0.17907520643152947,-1.128100072887392,0.0,0.0,7.0
2012-09-27 17:00:00,-0.46747596583156525,-0.0946104157548029,-0.5206231818632074,0.4350817366045199,-0.6870807730134362,-0.18261111591392237,-0.6662492838419608,0.35632372823146324,-0.19720399871051955,-0.4864377847654777,-0.7065724434401432,0.18401518864300428,0.2555218047235186,0.35363987508288564,0.21089279602908037,0.28205304724089636,-0.6880404501632905,-0.008546792756573189,-1.36417600641423,-0.3678827442305594,0.17907520643152947,-1.128100072887392,0.0,0.0,6.0
2012-09-27 21:00:00,-0.5591781092020754,0.017309931810500778,-0.4319109105571603,0.589762635524955,-0.6412814006944232,-0.23353123854342522,-0.713467231252696,0.28874939716515047,0.24919652728651756,-0.1657091021630665,-0.7030069667618284,0.32210672026815507,0.6060583918163861,0.4631870109049925,0.3678498644442692,0.42187227670656724,-0.7710835810398711,0.06259329001779124,-0.9981467469309481,0.9979537833748633,0.17907520643152947,-1.128100072887392,0.0,0.0,6.0
2012-09-28 01:00:00,-0.5729970173393923,0.2802400036596457,-0.330306796748425,0.7485833347640093,-0.5831138501178337,-0.3690716207650719,-0.24911999307505273,0.08986743045674016,0.7930824974597952,0.2894141355294449,-0.699116441505578,0.5936656519754115,1.3746892242850994,0.6833679090131468,0.3929860509532251,0.7699561961401833,-0.7978281326388325,0.19204495973040558,0.3678930465174731,1.3639285779396655,-1.4379966940383093,-1.1281000728873922,0.0,1.0,4.0
2012-09-28 05:00:00,-0.6120264084736112,0.48685872535673996,-0.22428996310478105,0.88764597265767,-0.514116782339278,-0.5121842728525876,-0.25068478905144886,-0.054216026058186,1.2685875252346155,0.7913703066358557,-0.6876518358686039,0.8088214354455184,1.5962706771878457,0.741838059210516,0.46626287302012526,1.0426320765828487,-0.7834019991520327,0.28289345289811424,1.367903580482612,0.36406684489904434,-1.4379966940383093,-1.1281000728873922,0.0,1.0,3.0
2012-09-28 09:00:00,-0.5759880044997068,0.11796619460070981,-0.17170338332322588,0.8535236491286082,-0.44777699400850335,-0.6293696451714162,-0.15823369615918145,-0.30767374254915336,1.3438595286168036,1.1662345624481087,-0.7005080792978542,0.7196750037204263,0.8182976905995551,0.4809887102295391,0.3984810358439656,0.6452906247363741,-0.7682504571012618,0.20593074645292309,1.00187432099933,-1.0017696827063787,-1.4379966940383093,-1.1281000728873922,0.0,1.0,2.0
2012-09-28 13:00:00,-0.3847072188415348,-0.7488377439344108,-0.228581347086192,0.5283958912417571,-0.40675656320037795,-0.595732781901317,-0.6130620876157026,0.9974178075005458,0.6587878874946644,1.1202457522270661,-0.6908774200131078,-0.3358257434540259,-0.5569602362685784,0.03743154233693915,0.08244112462375663,-0.5974900451091297,-0.7629388216854351,-0.3411415413661066,-0.36416547244909103,-1.3677444772711809,-1.4379966940383093,-1.1281000728873922,0.0,0.0,1.0
2012-09-28 17:00:00,-0.4059382037244839,-0.9567601941565511,-0.3011163256616998,0.22569425510539295,-0.38930905338134486,-0.564498551721939,-0.7515269828133874,0.7649265981222036,-0.2533128006954522,0.5990752802124878,-0.7416138127019449,-0.8125265059584263,-0.9755169966197773,-0.20819910820519164,0.11429369180846577,-0.9227445567105708,-0.7446446002675261,-0.5748496866936439,-1.36417600641423,-0.3678827442305594,-1.4379966940383093,-1.1281000728873922,0.0,0.0,0.0
2012-09-30 21:00:00,-0.363157334542139,-1.394335753661433,-0.42944631836133695,-0.1682735007751146,-0.40254182299574554,-0.4597143452521368,-0.9493329988006435,1.3275191662212422,-1.0292138027972686,-0.21357698563314884,-0.7119222924506212,-1.5591454061320682,-1.36945708158466,-0.5243944065482927,0.050841206904335114,-1.7094004329683639,-0.6844775341348924,-0.9053522548080856,-0.9981467469309481,0.9979537833748633,-2.0863921832865144,0.8445865525059428,0.0,0.0,0.0
2012-10-01 01:00:00,-0.43137876425329424,-1.350822241185296,-0.5213218477246297,-0.38426281159225606,-0.43259478236322474,-0.36241472495874894,-1.0206014808329578,1.1750259005564232,-1.3013825067401565,-0.8848318057988864,-0.6309996848650831,-1.5934973163822228,-1.3243756401374744,-0.5225128203396096,0.15343862864968746,-1.4246469884713482,-0.6347492366990616,-0.9087087549921231,0.3678930465174731,1.3639285779396655,-0.6294607438033901,1.3317999135043364,1.0,0.0,28.0
2012-10-01 05:00:00,-0.31323819829317345,-0.13520927852017262,-0.45146869612037976,-0.11702468383192213,-0.44183654509703457,-0.49604951293760824,0.3374157189479376,0.6628793545015766,-0.8761717703752003,-1.0981281023405989,-0.6447084116943618,-0.30547560835174364,0.22342051621555947,-0.030309260191383875,-0.019664163326150653,0.22390153874587276,-0.6376659184100881,-0.28213796723099377,1.367903580482612,0.36406684489904434,-0.6294607438033901,1.3317999135043364,0.0,0.0,27.0
2012-10-01 09:00:00,-0.29948870865253685,0.23986016207387312,-0.33516211663362844,0.2231557825548064,-0.42458671908847484,-0.6029043311858235,0.7174326533012024,0.39069874509655234,-0.08284174581651216,-0.7740456619635329,-0.6133437503349393,0.6038074364129682,0.8674411083181001,0.0840952522641232,-0.038451569414035734,0.8213442075578818,-0.6703161468592449,0.15557484521109402,1.00187432099933,-1.0017696827063787,-0.6294607438033901,1.3317999135043364,0.0,0.0,26.0
2012-10-01 13:00:00,-0.26399574172567836,-0.11651993857241194,-0.29193588018258804,0.29646398017685704,-0.4016280096643697,-0.670621754049266,0.7167891846398771,0.10746667426305079,0.48665044071888874,-0.16173882469719394,-0.6181711215021326,0.4888605868669081,0.2813823695047844,-0.21572448364978467,-0.08574998855559472,0.18541457530764566,-0.7399237885095383,0.12097780291396502,-0.36416547244909103,-1.3677444772711809,-0.6294607438033901,1.3317999135043364,0.0,0.0,25.0
2012-10-01 17:00:00,-0.3301467822552833,-0.2202060543910468,-0.27059765705819616,0.29555787776276615,-0.37873986305878116,-0.7507057943482979,0.5741915115648951,0.13685249625124626,0.4440146620477972,0.2903552936956508,-0.6371298942119517,0.05802052067699996,0.10320333902311257,-0.4205183628265079,0.003807831133270411,-0.03409885733288402,-0.7607457711509383,-0.07675815874769734,-1.36417600641423,-0.3678827442305594,-0.6294607438033901,1.3317999135043364,1.0,0.0,24.0
2012-10-01 21:00:00,-0.4278705557425823,-0.16428899286482246,-0.24343587768440966,0.31067766218451204,-0.354674261689171,-0.8250695460545416,0.49875475163567534,0.07230927999361217,0.20342705383230072,0.3883872363229331,-0.6513597523690725,0.0678228309360163,0.18907275130343845,-0.49290595891714556,0.14797581647112362,0.023642685694916975,-0.7690070081737658,-0.04986166001737615,-0.9981467469309481,0.9979537833748633,-0.6294607438033901,1.3317999135043364,1.0,0.0,24.0
2012-10-02 01:00:00,-0.49241651183122087,-0.0337162671394037,-0.20239509848369336,0.3605353163710744,-0.32672599038145755,-0.8681384285518914,0.6296962747145252,-0.03625536308769426,0.2399720069789605,0.30391290278240435,-0.6542720608786665,0.20857670549522922,0.38442566424119484,-0.2551620171062363,0.25196409472609127,0.2022996370993191,-0.7651326986068836,0.029589417220764285,0.3678930465174731,1.3639285779396655,0.8274706956797339,0.8445865525059431,1.0,0.0,22.0
2012-10-02 05:00:00,-0.49364428462139714,0.13608101216196855,-0.14566334112062077,0.44311327664743877,-0.29234695193987165,-0.8760469760269803,0.7060913324090626,-0.23389601500286822,0.43031030461779535,0.29921988425237306,-0.6546548292011187,0.3305236881587827,0.6398871657751979,0.32916871983261914,0.25401598955243987,0.4275637235339811,-0.7648693805236787,0.09517570065548688,1.367903580482612,0.36406684489904434,0.8274706956797339,0.8445865525059431,1.0,0.0,21.0
2012-10-02 09:00:00,-0.5310821666363629,0.2566875599178521,-0.0837018784210883,0.5234045683359428,-0.2517152209154395,-0.8508464587434369,0.8722861418724002,-0.36690633961644925,0.6549094958316259,0.4538287724916777,-0.6417685277805713,0.6467803853758154,0.8223596668709143,0.5520822024835095,0.3179867018745759,0.5680300383676362,-0.7561430634948512,0.25598874057976745,1.00187432099933,-1.0017696827063787,0.8274706956797339,0.8445865525059431,0.0,0.0,20.0
2012-10-02 13:00:00,-0.4983004293679126,0.5152448937195333,0.001280146265013723,0.6502716878560165,-0.2012036999343611,-0.7548691838311826,1.4097308251698397,-0.5853900831791462,0.90274247856333,0.6807926502356817,-0.6100261113562143,1.0321822835847299,1.0832233062176693,1.08454237280988,0.2618235565671623,0.8924966689255523,-0.7285847175956354,0.4736604509651065,-0.36416547244909103,-1.3677444772711809,0.8274706956797339,0.8445865525059431,0.0,0.0,19.0
2012-10-02 17:00:00,-0.5183615418484353,0.15434325061450893,0.02764360860667241,0.5922766582557832,-0.1552085478370984,-0.6838464852452868,1.1486249891851894,-0.5962011592776706,0.9065297701957696,0.8438726623949058,-0.6105139226957347,0.6210632080263212,0.6505659319065445,0.8730187489592995,0.29594141174561206,0.380053582799529,-0.7199978934721323,0.2666604252732766,-1.36417600641423,-0.3678827442305594,0.8274706956797339,0.8445865525059431,0.0,0.0,18.0
2012-10-02 21:00:00,-0.5953818424799773,-0.008795174735142254,0.02873094137943701,0.47710962549391633,-0.11818204023907021,-0.6494854730034141,1.0341369285392432,-0.43459488155429854,0.7724986877831684,0.8841407493576614,-0.6093692881917251,0.250559940689321,0.4444414281073759,0.1266333010505724,0.43459158594635167,0.14214738886199982,-0.7220027633340313,0.08194132173156905,-0.9981467469309481,0.9979537833748633,0.8274706956797339,0.8445865525059431,1.0,0.0,18.0
2012-10-03 01:00:00,-0.6463845411248388,-0.12537573122727616,0.015476210103672651,0.3459542727086409,-0.09136926920344056,-0.6627340422036612,0.8692982690886422,-0.19817173353178283,0.4938373922740943,0.7441123564336456,-0.6124822669542542,0.0651301273652535,0.29750118777527823,-0.20845014172718535,0.5337122994909157,-0.004257883952093971,-0.7248384458613439,-0.01541607982443625,0.3678930465174731,1.3639285779396655,1.1873030452467948,-0.2501719323160819,1.0,0.0,16.0
2012-10-03 05:00:00,-0.594951027440168,0.10743851676432029,0.031526987334009875,0.32076408846101356,-0.06651818635208781,-0.730964119978861,0.4924569513300638,-0.036204925271446135,0.46887598615754245,0.5942390530904867,-0.6143976434351802,0.18292975462462713,0.5801839692541122,0.1653811926847327,0.43378026268168285,0.3132140297808439,-0.727353322361539,0.0337474230421828,1.367903580482612,0.36406684489904434,1.1873030452467948,-0.2501719323160819,1.0,0.0,15.0
2012-10-03 09:00:00,-0.5576072286857316,-0.2043534875719637,0.008447125232690313,0.1941457376232424,-0.051527520570708724,-0.7747212091783239,0.36355330895029897,-0.2926994957353292,0.3378583930101918,0.44539771064254746,-0.6385581648202077,0.2045244234379914,0.07502011807974393,0.07255153622961145,0.3650183853539788,-0.05931781281786273,-0.737479732077457,0.025344219791057367,1.00187432099933,-1.0017696827063787,1.1873030452467948,-0.2501719323160819,1.0,0.0,14.0
2012-10-03 13:00:00,-0.5677507452926918,-0.03156267433490048,0.009141768831997054,0.157536464700829,-0.03938780567642495,-0.8153527920063965,0.1492081001861325,-0.45967436058730354,0.03631917171517497,0.2887218870676738,-0.6860431633704056,0.241555996080503,-0.55272824691015,0.1275527463775385,0.3833947529156005,0.22779082269690049,-0.744939418031442,0.016183042776299752,-0.36416547244909103,-1.3677444772711809,1.1873030452467948,-0.2501719323160819,1.0,0.0,13.0
2012-10-03 17:00:00,-0.6488184402412571,-0.07591335186984044,0.004673559855865053,0.11420201513586188,-0.030622765490673602,-0.8530821189181783,0.0745145091408879,-0.5178606496207604,-0.40492639971310135,-0.010509274219688012,-0.7073894399350085,0.2140214781190159,-0.66396586684919,0.02288425362460254,0.5385998008123641,0.2014788497788566,-0.7460326425532122,-0.01834693800969715,-1.36417600641423,-0.3678827442305594,1.1873030452467948,-0.2501719323160819,1.0,0.0,12.0
2012-10-03 21:00:00,-0.690954109337335,0.08585512812696049,0.01772806409754925,0.12721005655063963,-0.020844722744357117,-0.8401160520010833,0.3712675891991903,-0.6251069721692135,-0.5509048161028427,-0.3148637272089546,-0.7099777369250074,0.43568905231640237,-0.3365851978399837,-0.00416782093059866,0.6256232959541551,0.37406843528242434,-0.7470080481412705,0.08647244692981776,-0.9981467469309481,0.9979537833748633,1.1873030452467948,-0.2501719323160819,1.0,0.0,12.0
2012-10-04 01:00:00,-0.7354458505991808,0.37911343150411364,0.05965064717025496,0.21616043392232756,-0.00413966022868546,-0.8081237031804613,0.42144657062339436,-0.7225895664711761,-0.25405591766031616,-0.41430185716573487,-0.7224378824787684,0.6982003079776233,0.2842762065266092,0.07232929955946378,0.7227511101769803,0.7166059571202839,-0.7505290344633592,0.19327544874595765,0.3678930465174731,1.3639285779396655,0.17907520643152947,-1.128100072887392,1.0,0.0,10.0
2012-10-04 05:00:00,-0.7237332484010327,0.40287577981581313,0.09426892863452851,0.26744727414590175,0.01655937023444018,-0.70877883778331,0.9075268471899733,-0.8879707405871569,0.1005685661910567,-0.24119653253137427,-0.8807425448878192,1.150875069576472,0.3359444371426564,-0.08507181205723141,0.6966345539682982,0.7685856261213528,-0.752781251277127,0.3069091831714743,1.367903580482612,0.36406684489904434,0.17907520643152947,-1.128100072887392,1.0,0.0,9.0
2012-10-04 09:00:00,-0.6421554447239006,1.1360963583600632,0.21770795636255982,0.5501392339021165,0.059273066084385595,-0.5433357431626126,1.401502335435227,-1.117721199407535,0.7246529741542941,0.19561463328785975,-0.9545806265834194,2.235695084794927,1.423102749551233,0.5710531281142978,0.5252549537376036,2.401540894922408,-0.691980164883115,0.632780315009319,1.00187432099933,-1.0017696827063787,0.17907520643152947,-1.128100072887392,0.0,0.0,8.0
2012-10-04 13:00:00,-0.5998617363437989,1.4829743406831908,0.3749778512291866,0.8683394445638591,0.12676663600565163,-0.3410007404464897,1.7633673373786911,-1.2805137944584524,1.182306671726081,0.6874929487991676,-0.7044129063459879,2.5727445239407563,1.5746909091216732,0.9643027291253105,0.44305328111521364,2.334806148472496,-0.5515597275995027,0.945453826513345,-0.36416547244909103,-1.3677444772711809,0.17907520643152947,-1.128100072887392,0.0,0.0,7.0
2012-10-04 17:00:00,-0.6436005142203584,1.4829743406831908,0.49373207621869797,1.0181066116296995,0.20592333943708085,-0.1370609464162186,1.8384209631033102,-1.3520705594477664,1.5415371592588096,1.1809485772736255,-0.522793712781659,2.191534735522518,1.3488419734067725,1.0297492015271459,0.5281398106567315,1.8132348407656105,-0.4289990216332265,1.0386021738749545,-1.36417600641423,-0.3678827442305594,0.17907520643152947,-1.128100072887392,0.0,0.0,6.0
2012-10-04 21:00:00,-0.7261942968806839,1.4341796594336047,0.5771820112977963,1.041864830317803,0.2869302165878353,0.052311719469033166,1.737838559021541,-1.3834663915758985,1.4997754179615856,1.4463870708630562,-0.4074738075889927,1.6319017189434804,1.3053500355191228,0.8827359216359546,0.7020889500134929,1.4791787944539792,-0.4103198224081589,0.9312176002491436,-0.9981467469309481,0.9979537833748633,0.17907520643152947,-1.128100072887392,0.0,0.0,6.0
2012-10-05 01:00:00,-0.7978383939280081,1.4289776562753662,0.6354182774665825,0.9922703384440578,0.364074917592613,0.21905370145580902,1.6185109450244846,-1.3688828943802187,1.4027095126534674,1.5218634017911554,-0.3367917766236892,1.3123139760692601,1.301000841730382,1.0499426057406172,0.8689477950091746,1.2774755698479017,-0.4483715960059567,0.8485138802799712,0.3678930465174731,1.3639285779396655,-1.4379966940383093,-1.1281000728873922,0.0,0.0,4.0
2012-10-05 05:00:00,-0.8271203488703356,1.0447408172020005,0.6456800268129299,0.8220662190846237,0.427964955329332,0.28687785798857407,1.382236247904076,-0.9288612204499695,1.2715996514090318,1.4294240639557205,-0.3167343072477508,0.933310580390282,0.9791605013621141,0.82476054118597,0.9419655447308793,0.9171744177869812,-0.43195496638215397,0.650141790882666,1.367903580482612,0.36406684489904434,-1.4379966940383093,-1.1281000728873922,0.0,0.0,3.0
2012-10-05 09:00:00,-0.8309538856997885,1.3027314492983653,0.6839207124969925,0.7620276989402403,0.48717948714632736,0.3733705480747525,1.4253499363981947,-1.0598031713187608,1.310161375304466,1.3644912701133831,-0.2635915544622794,0.9380569230624693,1.414079880238174,1.0276882510855032,0.9517471761061214,1.1018198549692937,-0.3684331122084195,0.7200750678187903,1.00187432099933,-1.0017696827063787,-1.4379966940383093,-1.1281000728873922,0.0,0.0,2.0
2012-10-05 13:00:00,-0.7701244446841456,1.6408834910172603,0.7647857023054577,0.829968610143579,0.551684924398012,0.5301408200288898,2.2334257157867254,-1.2534200296903064,1.30529295766268,1.3311312457533413,-0.14696460661953784,1.1750719044033526,1.2872736988346367,1.2277955043064528,0.8024925904568518,1.361748322519133,-0.25962184552319584,1.0082446813078612,-0.36416547244909103,-1.3677444772711809,-1.4379966940383093,-1.1281000728873922,0.0,0.0,1.0
2012-10-05 17:00:00,-0.7426782095660399,1.2136587060809167,0.7860174169002028,0.7220717945264508,0.60778788605696,0.6481120098125689,1.7809810522207432,-1.2279620008169936,1.2993142028561,1.3406220156896138,-0.09026783590274352,0.8753244531140465,0.9623026170129725,0.9149805168684199,0.7390797094909628,0.9786393220295222,-0.21734470395225522,0.7906580927217186,-1.36417600641423,-0.3678827442305594,-1.4379966940383093,-1.1281000728873922,0.0,0.0,0.0
2012-10-07 21:00:00,-0.7601185223374055,0.7191422531268397,0.7506600271350361,0.48178734327796474,0.6451786714076297,0.714563494308165,1.4978381211014034,-1.0663919060511888,0.9734784517638925,1.2253258985975461,-0.06732151242575628,0.5582207068193266,0.49534318899897184,0.69815422199273,0.7791048054371468,0.59791175565299,-0.21918518545306737,0.5093128773779063,-0.9981467469309481,0.9979537833748633,-2.0863921832865144,0.8445865525059428,0.0,0.0,0.0
2012-10-08 01:00:00,-0.7652659397444819,0.26288783725218406,0.6691044552464104,0.16386428789148366,0.6578111661824924,0.6753204833468837,1.1983840428725165,-0.5305230138815589,0.5135936149506017,0.9542106927559741,-0.09093257152883026,0.29397740288747987,-0.009431993860692375,0.01817528336340014,0.7910971118398605,0.22272451335941118,-0.24196465604396256,0.2622746769570919,0.3678930465174731,1.3639285779396655,-0.6294607438033901,1.3317999135043364,0.0,0.0,28.0
2012-10-08 05:00:00,-0.7618392237029916,-0.00079342747292402,0.5687038225260883,-0.14174758600148976,0.6466441049042052,0.5350873012680138,0.8975208293538308,0.08890415481651051,0.026546633461094326,0.5183550301973452,-0.13989313154277394,-0.004416071951282962,-0.41099030972017714,-0.4169872335059527,0.7831044467419738,-0.03622568411263848,-0.2748561510536993,0.00567981708420156,1.367903580482612,0.36406684489904434,-0.6294607438033901,1.3317999135043364,0.0,0.0,27.0
2012-10-08 09:00:00,-0.7523446109571766,-0.08132068923455096,0.47450077933539037,-0.3693747532202907,0.6177505546108323,0.338730506056996,0.6046322235563338,0.43697008399367326,-0.37508010580691553,0.056544957609993715,-0.20958720548172405,-0.23044912127902467,-0.6370961468057174,-0.4589766519172639,0.7611491025591259,-0.15860985906241434,-0.29527229625880685,-0.1442160950713514,1.00187432099933,-1.0017696827063787,-0.6294607438033901,1.3317999135043364,0.0,0.0,26.0
2012-10-08 13:00:00,-0.7990796116316958,0.030065257208292537,0.40698872567943467,-0.4788559428297521,0.58033114543742,0.16743648143097967,0.5682021043993457,0.3010515815579101,-0.6140530080310337,-0.3296144463613738,-0.26187834827804735,-0.13787804332251757,-0.6832474752781529,-0.3848822308268215,0.8719832978597113,-0.10870775363098395,-0.3007021713574115,-0.02253358495434896,-0.36416547244909103,-1.3677444772711809,-0.6294607438033901,1.3317999135043364,0.0,0.0,25.0
2012-10-08 17:00:00,-0.8715146437973119,-0.08141027891175749,0.33813107235946527,-0.5701019869508743,0.5358059412108701,0.008377744278250188,0.48927034664904256,0.22965521822261276,-0.803155613887251,-0.6137436396564964,-0.3629856353743062,-0.2100431295695146,-0.9441899412114657,-0.43581988658805504,1.0585626577502176,-0.27813562501808015,-0.31818911220625923,-0.03144011264873611,-1.36417600641423,-0.3678827442305594,-0.6294607438033901,1.3317999135043364,0.0,1.0,24.0
2012-10-08 21:00:00,-0.9021623047059159,0.1681886842334718,0.3054313798799359,-0.5447206490169668,0.49325731128153966,-0.10081906875835525,0.700469282242093,0.07554344816351236,-0.792954455291531,-0.7568435314517028,-0.4580740827490945,-0.14149442884958813,-0.6083326404574355,-0.18403507031584454,1.1435203926922193,-0.1149168197983223,-0.3542536327537406,0.06012442602500803,-0.9981467469309481,0.9979537833748633,-0.6294607438033901,1.3317999135043364,0.0,1.0,24.0
2012-10-09 01:00:00,-0.9606059921235612,0.18313032141375807,0.27765153427735445,-0.511029714614474,0.4533323663274729,-0.19889912085891898,0.6285718917251899,-0.010138552450880198,-0.7592741595572533,-0.8065741049970944,-0.5812160915005067,-0.15044267279728787,-0.5882814583228446,-0.3552643613829538,1.3166813804987478,-0.18920126703055345,-0.4082274964882515,0.0982388833407432,0.3678930465174731,1.3639285779396655,0.8274706956797339,0.8445865525059431,0.0,1.0,22.0
2012-10-09 05:00:00,-0.7885661928691019,-0.7965201549421663,0.1458928012625509,-0.7669815546417116,0.39347514555558777,-0.22793948802158,-0.006351508839892812,1.565875459082182,-0.8931212717430553,-0.8373825906587014,-0.6138331856028618,-1.046438607736158,-1.321589451760286,-1.1358984194542006,0.8464344094946492,-1.4574989496511574,-0.4487091378455702,-0.348325776407089,1.367903580482612,0.36406684489904434,0.8274706956797339,0.8445865525059431,0.0,0.0,21.0
2012-10-09 09:00:00,-0.7610652224506669,-0.6373809359292126,0.05572149098152388,-0.858592434571749,0.32648371810449206,-0.2549055432440508,-0.26176512090529486,1.1768765945888142,-1.089006719013183,-0.9387648529500942,-0.6201269700045182,-1.154658026640265,-1.1606573840855219,-0.909889525510184,0.7813041988221796,-1.2942049672345206,-0.4897914290728428,-0.35512528168207175,1.00187432099933,-1.0017696827063787,0.8274706956797339,0.8445865525059431,0.0,1.0,20.0
2012-10-09 13:00:00,-0.6288446169659694,-1.3614278931479893,-0.12918509379885326,-1.1896358080031504,0.23371225396292553,-0.16032395474217437,-0.6481706001733923,2.1674817482400477,-1.416738853281073,-1.1639117820379514,-0.4343645348724146,-1.969902419328653,-1.5123652509722159,-1.24573904723367,0.49892307019072873,-2.1423244026882546,-0.4585888730251583,-0.8351445218830714,-0.36416547244909103,-1.3677444772711809,0.8274706956797339,0.8445865525059431,0.0,0.0,19.0
2012-10-09 17:00:00,-0.6632536276275632,-1.1462989224068474,-0.2520106183520935,-1.285561056231178,0.13347060126803484,-0.06903891180930027,-0.7633888446032804,1.96672713380926,-1.4121773742011992,-1.341661079617502,-0.2769816229813207,-1.8774669808139914,-1.308727762449176,-0.9354931610847875,0.5678942238267487,-1.6213222470249218,-0.4024046743851786,-0.9224227344982694,-1.36417600641423,-0.3678827442305594,0.8274706956797339,0.8445865525059431,0.0,0.0,18.0
2012-10-09 21:00:00,-0.6652197066679515,-1.3530107047095792,-0.3829304244795999,-1.3843240850944896,0.02553776756152419,0.033095827557464895,-0.9129657884184557,1.903579084852121,-1.5186796984093205,-1.4888013789317456,-0.11989252275936338,-1.6940904763487794,-1.4609546738220454,-0.9778130021001302,0.5719252987010524,-1.6217178108005441,-0.313184118728838,-0.9565937718401928,-0.9981467469309481,0.9979537833748633,0.8274706956797339,0.8445865525059431,0.0,0.0,18.0
2012-10-10 01:00:00,-0.6496855306175391,-1.4069384380505467,-0.4913321274756684,-1.4020675064183772,-0.08377683690210173,0.15302905676434392,-1.0720818045716798,1.9271054523602784,-1.4362547586912682,-1.4954845456681791,0.0066012403808774905,-1.5322212664625434,-1.279957308816339,-0.983543580040012,0.5403445811857935,-1.4580268514395707,-0.19962516418051374,-0.9848131086414246,0.3678930465174731,1.3639285779396655,1.1873030452467948,-0.2501719323160819,1.0,0.0,16.0
2012-10-10 05:00:00,-0.6608272202209899,-1.1870052552435586,-0.5514121028820596,-1.2847890304661975,-0.18395836801128937,0.25236655465779034,-1.1155187318546809,1.6182794292202223,-1.3486746272598016,-1.4737382091743982,0.07543463890594089,-1.2124917418866463,-1.061784080241419,-0.9472166507388915,0.5629330393415922,-1.1750027904207367,-0.1059977921155904,-0.8219845353711543,1.367903580482612,0.36406684489904434,1.1873030452467948,-0.2501719323160819,0.0,0.0,15.0
2012-10-10 09:00:00,-0.6285626054356549,-0.839075904787726,-0.5603026857218085,-1.0516907260729196,-0.2659873447362688,0.2593174718242231,-0.7406963875045427,1.2187402985558027,-1.043390675652968,-1.310976824533852,0.08927474989288972,-0.9067109261869565,-0.6001664802382171,-0.7422739667017045,0.4983698487341972,-0.8712814035667994,-0.038875221157083584,-0.603888764331286,1.00187432099933,-1.0017696827063787,1.1873030452467948,-0.2501719323160819,0.0,0.0,14.0
2012-10-10 13:00:00,-0.6159624268657665,-0.7904214374570167,-0.5565428585970782,-0.830792989390456,-0.33081388754001484,0.20873395148724572,-0.5247538416865432,0.9007596362237457,-0.7809492747459261,-1.0865693107416319,0.1016777375339414,-0.6854919394746467,-0.5399693133146285,-0.8400677842038591,0.4738463686258756,-0.7657441994556523,-0.011939585551518056,-0.4261243353536345,-0.36416547244909103,-1.3677444772711809,1.1873030452467948,-0.2501719323160819,0.0,0.0,13.0
2012-10-10 17:00:00,-0.6099436569731528,-0.9850030365115658,-0.5740572725498965,-0.7119575159232028,-0.38638610564799686,0.16176353974576627,-0.7018611517353766,0.6217127283265794,-0.7035109714690527,-0.8656348373820629,0.08662421752009279,-0.6709960843599452,-0.843436614411497,-0.9734941524757833,0.4622647333338556,-0.8582336619343006,-0.004863435452349315,-0.444935388714978,-1.36417600641423,-0.3678827442305594,1.1873030452467948,-0.2501719323160819,0.0,0.0,12.0
2012-10-10 21:00:00,-0.5999359357206179,-1.3901375820357962,-0.6452224218824923,-0.7628614546272351,-0.4459224732082904,0.20067406223173306,-0.8705719213866769,1.3007689966879834,-1.0477867451711618,-0.8671402589834452,0.026791636370528494,-0.9557043189661645,-1.5708972368990586,-0.773451381946028,0.4431938157070528,-1.1931807138265111,0.037781099725911,-0.7779648355374376,-0.9981467469309481,0.9979537833748633,1.1873030452467948,-0.2501719323160819,1.0,0.0,12.0
2012-10-11 01:00:00,-0.5657080362637281,-0.9261203286733352,-0.6517254990279922,-0.6276527667581595,-0.4949294503204241,0.2597470184827046,-1.0529616343784336,1.2253118528519253,-1.1902210648500962,-1.0072942285940958,-0.07436383556679532,-0.8438506256555429,-0.9415815831226135,-0.6435041150989519,0.3796763607102801,-0.8422615653686704,0.05778876626663591,-0.6896084400750969,0.3678930465174731,1.3639285779396655,0.17907520643152947,-1.128100072887392,1.0,0.0,10.0
2012-10-11 05:00:00,-0.5361344185156058,-0.5840479563420545,-0.6154205279940015,-0.40301416038531335,-0.5264426729001528,0.24158794186166854,-0.7670393946046365,0.8709884972446834,-1.0944195111899688,-1.1411597549296497,-0.1747311135537602,-0.5785861501480654,-0.573311552535237,0.06000003783754924,0.32683296235753556,-0.5324397121626914,0.05420140535735753,-0.44384410352512266,1.367903580482612,0.36406684489904434,0.17907520643152947,-1.128100072887392,1.0,0.0,9.0
2012-10-11 09:00:00,-0.4802662224237994,0.11678417093309527,-0.4965394125701273,0.0013689697371961497,-0.5264645177081225,0.07560230823042931,0.09058973556058884,0.4985995567146819,-0.4209514401555634,-0.9265017735728643,-0.25163791811104164,-0.015313783252113428,0.32803443393009724,0.36050778524377913,0.23181118881267143,0.19107164243313127,-0.002565472432775165,0.02504063262259958,1.00187432099933,-1.0017696827063787,0.17907520643152947,-1.128100072887392,0.0,0.0,8.0
2012-10-11 13:00:00,-0.5110844857469874,0.3063763909791869,-0.3715059505282622,0.34161470932560023,-0.4999896906164413,-0.10159005022865393,0.3439558350145696,0.31554273304127634,0.3107417154654573,-0.4125013049710087,-0.29570668254510096,0.36819273374627026,1.1215233602247296,0.6666356774288572,0.28347462923253314,0.45644564823256545,-0.1334575450911836,0.2837143145176772,-0.36416547244909103,-1.3677444772711809,0.17907520643152947,-1.128100072887392,0.0,0.0,7.0
2012-10-11 17:00:00,-0.5747367194011531,0.1001428468248865,-0.29384916859676596,0.48490936253895606,-0.4623557776953194,-0.2661258116549452,0.2266531938266748,0.20155973739845146,0.8679733660501828,0.2595145982283534,-0.3443291377939751,0.2978633365954401,0.9978762658545729,0.5981833469321005,0.3961798185119135,0.29084486303400886,-0.2585487322754798,0.18201447123425335,-1.36417600641423,-0.3678827442305594,0.17907520643152947,-1.128100072887392,0.0,0.0,6.0
2012-10-11 21:00:00,-0.637314329111893,0.20505999766535238,-0.21625839450509254,0.5993654917213594,-0.4158085819641941,-0.41270716167919846,0.1704707903501261,0.0939628597393599,1.173829093648937,0.8056426917712849,-0.4053100296933463,0.4106329694808543,1.1904348250127772,0.5696809072209633,0.5156279721778776,0.474761839146011,-0.3561028517370109,0.21037772493327478,-0.9981467469309481,0.9979537833748633,0.17907520643152947,-1.128100072887392,0.0,0.0,6.0
2012-10-12 01:00:00,-0.677431022470359,0.10226031172687136,-0.16451770842554309,0.620597766307863,-0.36760792066996606,-0.5390361705873155,0.10795260613597239,-0.045779968471164986,1.141358890789384,1.0900851995698404,-0.4644259094747174,0.4363660844989575,1.029969359047587,0.3613464544071757,0.5971872985086707,0.4271479341743287,-0.42740241159765596,0.17211156727022622,0.3678930465174731,1.3639285779396655,-1.4379966940383093,-1.1281000728873922,0.0,0.0,4.0
2012-10-12 05:00:00,-0.6070513483152477,0.6555899603618381,-0.04755252405701191,0.8150456674224666,-0.30426460911465875,-0.5454300839079655,0.8055098513301693,-0.35489895374575087,1.2442151537401402,1.2189281380600145,-0.49894507815289263,0.9447892702222879,1.2878930070496344,0.6969290282139344,0.4567292939755566,1.2354059566458635,-0.44528343801913567,0.45227242244431654,1.367903580482612,0.36406684489904434,-1.4379966940383093,-1.1281000728873922,0.0,0.0,3.0
2012-10-12 09:00:00,-0.6228165021885397,0.8893654865941962,0.08181031795274081,1.0043353958032637,-0.22618034052944916,-0.5370284903196548,0.7286650830532205,-0.5094014209417179,1.3850050599431163,1.2912447518069843,-0.48308733044413404,1.2844430328852248,1.5874104550693937,1.0039182946203737,0.48713935913749457,1.5945604991786164,-0.4201245007465025,0.6184856876881819,1.00187432099933,-1.0017696827063787,-1.4379966940383093,-1.1281000728873922,0.0,1.0,2.0
2012-10-12 13:00:00,-0.576222750924395,0.24510073808846025,0.11031843864461795,0.8813627869345353,-0.15767257648410665,-0.604756501399845,0.3767680679750129,-0.20554291569245411,1.3081643330842039,1.348366804818087,-0.45453071619687613,0.8990429154677865,0.8133068384060322,0.9685576715701079,0.39891313617494967,0.8117511143917893,-0.4335592158627366,0.3584229723714502,-0.36416547244909103,-1.3677444772711809,-1.4379966940383093,-1.1281000728873922,0.0,0.0,1.0
2012-10-12 17:00:00,-0.65258207222524,0.2901285072660352,0.13762427373216393,0.7797135346879077,-0.09708075839265592,-0.6676467974028788,0.287927290292837,-0.2768390780696031,1.164413530552886,1.3210389641471716,-0.42889820030276526,0.7796035400218744,0.8825687409495971,0.7959834877739975,0.5461867617713055,0.8366686917969662,-0.45131180345340177,0.27541790436842534,-1.36417600641423,-0.3678827442305594,-1.4379966940383093,-1.1281000728873922,0.0,0.0,0.0
2012-10-14 21:00:00,-0.570089466388729,-0.4491366207300407,0.05741435720830704,0.4058664850029797,-0.06560231767409151,-0.7234804507606657,-0.08373581758848213,0.7459081976808267,0.5322473973311292,1.0290145089543286,-0.4460684038353674,0.17805978918055043,-0.1950649780370259,0.15384693924621196,0.38766305308353416,-0.164608085070675,-0.504832907464929,-0.1213182835014151,-0.9981467469309481,0.9979537833748633,-2.0863921832865144,0.8445865525059428,0.0,0.0,0.0
2012-10-15 01:00:00,-0.6140610363356133,-0.37622497753966677,0.00297629150740063,0.17690860714999046,-0.05195399519785927,-0.7561981185289897,-0.21443692696517735,0.7771700449052301,0.21002328828323164,0.6529592069701147,-0.454677924721018,-0.1110216496451126,-0.0952463537830918,-0.20121610659005812,0.470178432333475,-0.09243478353924355,-0.574784458163607,-0.2839380279892051,0.3678930465174731,1.3639285779396655,-0.6294607438033901,1.3317999135043364,0.0,0.0,28.0
2012-10-15 05:00:00,-0.5008628237425476,0.3580027387080093,0.06711937674005489,0.31637656679209153,-0.027444591046891342,-0.8270777488549858,0.802206265746783,0.30356416496257366,0.27287866381498943,0.34765560764846287,-0.44361882667071106,0.5032040511228376,1.0597977268698768,0.18275320916467405,0.26613793943608965,0.8764911797294501,-0.5735902087799917,0.15499146183135823,1.367903580482612,0.36406684489904434,-0.6294607438033901,1.3317999135043364,0.0,0.0,27.0
2012-10-15 09:00:00,-0.5289473688300791,0.2368565140389313,0.09999867239657176,0.34288876741219104,-0.0008705465509236623,-0.8703592128798978,0.8318898197257554,0.12716383709943152,0.6217509688252826,0.3783058531394691,-0.4710267971735882,0.7403107440642304,0.7886263022959518,0.22073384350218014,0.3142643329190192,0.6438949295089559,-0.5493567842797044,0.32782444363995095,1.00187432099933,-1.0017696827063787,-0.6294607438033901,1.3317999135043364,0.0,0.0,26.0
2012-10-15 13:00:00,-0.5474506804197454,-0.00325611489214812,0.0913994217774893,0.2512441656595279,0.018566665175434677,-0.9651323492218941,0.6033863936865266,0.4245130927497612,0.6580735412364902,0.5317393979251291,-0.5087277783803082,0.3834284724084104,0.007169909265114356,-0.0014852158652392457,0.34683714859341,0.25628710088373324,-0.5401931405215676,0.11497098074391017,-0.36416547244909103,-1.3677444772711809,-0.6294607438033901,1.3317999135043364,0.0,0.0,25.0
2012-10-15 17:00:00,-0.5996676017499335,0.16151405267520344,0.10759002403407003,0.24537643718068738,0.037546926944129616,-1.0531359758251762,0.4561109176261721,0.28743622222428183,0.3650435205236781,0.5633009930280594,-0.5184571409104108,0.41475629663215313,0.23356110071383857,0.16763794908110952,0.4426856472530225,0.45408663353534534,-0.5424390608182195,0.14655236864663476,-1.36417600641423,-0.3678827442305594,-0.6294607438033901,1.3317999135043364,1.0,0.0,24.0
2012-10-15 21:00:00,-0.6150132667717972,0.3331796748903093,0.14452831571718194,0.29713233446571946,0.0605576845270924,-1.0835879544202887,0.7518503333875644,0.09194054696247264,0.32998018356179953,0.46338491095290446,-0.5176016984889111,0.63780846303668,0.6897606189687551,-0.06608622544075535,0.4720142988426943,0.6532190911437493,-0.5495248935935969,0.2792989222347983,-0.9981467469309481,0.9979537833748633,-0.6294607438033901,1.3317999135043364,1.0,0.0,24.0
2012-10-16 01:00:00,-0.6816579085912273,0.3156879600175759,0.16955567023170187,0.30612990839301857,0.08426912910332332,-1.1118647916871787,0.6349040624560168,-0.0017975508065513352,0.558978993821648,0.42945026282231646,-0.5536539640825674,0.6257672769441294,0.6528621285216487,-0.253154301717858,0.6060229707791513,0.566935148466954,-0.5817825500695077,0.2684143593325502,0.3678930465174731,1.3639285779396655,0.8274706956797339,0.8445865525059431,1.0,0.0,22.0
2012-10-16 05:00:00,-0.6311768328336863,0.8546548728157631,0.27348660159881466,0.5280079321044543,0.12525934755380394,-1.0331893203547675,1.460426468476972,-0.2853037923872546,1.002135887071276,0.6476207459566722,-0.6290888426051242,1.3204186060567016,1.4831001597006186,0.49872920032184764,0.5035055387066515,1.4623414020120724,-0.5669095197073344,0.5930743870064437,1.367903580482612,0.36406684489904434,0.8274706956797339,0.8445865525059431,1.0,0.0,21.0
2012-10-16 09:00:00,-0.5063401708237217,1.2458242068971834,0.4314461527230821,0.8525108121158071,0.19152026109823025,-0.8745877803045717,2.0646004621943055,-0.6355489719102788,1.2615621197912519,0.9666383512182068,-0.5415707620752401,2.0619176540128965,1.4212469517940134,0.8478547002235796,0.2754027185561169,2.007270523351123,-0.4696063704827472,0.9482556984022477,1.00187432099933,-1.0017696827063787,0.8274706956797339,0.8445865525059431,0.0,0.0,20.0
2012-10-16 13:00:00,-0.4892135756693683,1.1745680035838997,0.5423587081909875,0.9841081794224308,0.26802933313128174,-0.7265136752295775,1.6784370962624413,-0.8119403006606366,1.5021841888727545,1.2896363086639273,-0.4803308732437349,1.9960895089666748,1.3313276524736575,1.2913279551440395,0.24662467195662144,1.6511578832463627,-0.3666641930955334,0.9721712973695792,-0.36416547244909103,-1.3677444772711809,0.8274706956797339,0.8445865525059431,0.0,0.0,19.0
