{
    "OPEN": {
        "mean": 1.3528538590011765,
        "std": 0.10981070740754552
    },
    "LOW": {
        "mean": 1.3516708824682966,
        "std": 0.10969642690845594
    },
    "HIGH": {
        "mean": 1.3540559596025628,
        "std": 0.10991375513204671
    },
    "CLOSE": {
        "mean": 1.3528541145901427,
        "std": 0.10980779267788848
    },
    "CLOSE_stl_trend": {
        "mean": 1.3528535629363316,
        "std": 0.10990341704742917
    },
    "CLOSE_stl_seasonal": {
        "mean": 7.311148331360359e-07,
        "std": 0.004439472806886286
    },
    "CLOSE_stl_resid": {
        "mean": -1.792408748548807e-07,
        "std": 6.681002412065627e-05
    },
    "CLOSE_wav_detail_L1": {
        "mean": 1.1474849538370694e-05,
        "std": 0.0025194181106339172
    },
    "CLOSE_wav_detail_L2": {
        "mean": 8.11201047658256e-06,
        "std": 0.0016582881049637826
    },
    "CLOSE_wav_approx_L2": {
        "mean": 1.9132228714112958,
        "std": 0.15531421638788115
    },
    "CLOSE_mtm_band_1_0.000_0.010": {
        "mean": 0.0030314516255991204,
        "std": 0.005546080369530502
    },
    "CLOSE_mtm_band_2_0.010_0.060": {
        "mean": 0.00036865488677881753,
        "std": 0.000538082172882808
    },
    "CLOSE_mtm_band_3_0.060_0.200": {
        "mean": 1.3297499100271276e-05,
        "std": 1.679781137168075e-05
    },
    "CLOSE_mtm_band_4_0.200_0.500": {
        "mean": 2.4431255330265394e-06,
        "std": 2.8878864145889835e-06
    }
}