{
    "OPEN": {
        "mean": 1.2071559053471042,
        "std": 0.11368636916898466
    },
    "LOW": {
        "mean": 1.2063299120800106,
        "std": 0.11375787475987223
    },
    "HIGH": {
        "mean": 1.2080208393254022,
        "std": 0.11359956820175407
    },
    "CLOSE": {
        "mean": 1.207158811609361,
        "std": 0.11368203617177669
    },
    "CLOSE_stl_trend": {
        "mean": 1.2071591141096876,
        "std": 0.11372453558643489
    },
    "CLOSE_stl_seasonal": {
        "mean": -2.521932547767714e-07,
        "std": 0.003199183363006057
    },
    "CLOSE_stl_resid": {
        "mean": -5.018892448516358e-08,
        "std": 4.3858776714271865e-05
    },
    "CLOSE_wav_detail_L1": {
        "mean": -1.236081975495332e-05,
        "std": 0.0018037531769943568
    },
    "CLOSE_wav_detail_L2": {
        "mean": -8.858241163700286e-06,
        "std": 0.0011779468279896966
    },
    "CLOSE_wav_approx_L2": {
        "mean": 1.7071827539090076,
        "std": 0.16078184492634995
    },
    "CLOSE_mtm_band_1_0.000_0.010": {
        "mean": 0.0013828665326106123,
        "std": 0.001890218468447254
    },
    "CLOSE_mtm_band_2_0.010_0.060": {
        "mean": 0.0001816514339877108,
        "std": 0.00020540562779279873
    },
    "CLOSE_mtm_band_3_0.060_0.200": {
        "mean": 7.377243998933848e-06,
        "std": 8.32865812854211e-06
    },
    "CLOSE_mtm_band_4_0.200_0.500": {
        "mean": 1.2601523790037915e-06,
        "std": 9.296794090725581e-07
    }
}