{
    "OPEN": {
        "mean": 1.2071559053471042,
        "std": 0.11368636916898466
    },
    "LOW": {
        "mean": 1.2063299120800106,
        "std": 0.11375787475987223
    },
    "HIGH": {
        "mean": 1.2080208393254022,
        "std": 0.11359956820175407
    },
    "CLOSE": {
        "mean": 1.207158811609361,
        "std": 0.11368203617177669
    },
    "BC-BO": {
        "mean": 2.906262256506724e-06,
        "std": 0.001288231970788815
    },
    "BH-BL": {
        "mean": 0.0016909272453915197,
        "std": 0.001371381160879322
    },
    "BH-BO": {
        "mean": 0.000864933978297782,
        "std": 0.0010476609417266673
    },
    "BO-BL": {
        "mean": 0.0008259932670936996,
        "std": 0.0010061336635848225
    },
    "day_of_week": {
        "mean": 2.045528827297686,
        "std": 1.506011035227707
    },
    "day_of_month": {
        "mean": 15.710354294679043,
        "std": 8.753897942988356
    },
    "hour_of_day": {
        "mean": 11.494574454177016,
        "std": 6.917552180500165
    },
    "dow_sin": {
        "mean": 0.34247417440816863,
        "std": 0.5282173906215754
    },
    "dow_cos": {
        "mean": -0.04673856997067293,
        "std": 0.7755914609370667
    },
    "dom_sin": {
        "mean": 0.008092571350354388,
        "std": 0.7146590041747154
    },
    "dom_cos": {
        "mean": -0.025270273300453065,
        "std": 0.6989929136942173
    },
    "hod_sin": {
        "mean": 0.0005414531081720905,
        "std": 0.7070365163395536
    },
    "hod_cos": {
        "mean": -0.0011712736313418569,
        "std": 0.7071989709649465
    }
}