{
    "OPEN": {
        "mean": 1.3528538590011765,
        "std": 0.10981070740754552
    },
    "LOW": {
        "mean": 1.3516708824682966,
        "std": 0.10969642690845594
    },
    "HIGH": {
        "mean": 1.3540559596025628,
        "std": 0.10991375513204671
    },
    "CLOSE": {
        "mean": 1.3528541145901427,
        "std": 0.10980779267788848
    },
    "BC-BO": {
        "mean": 2.555889658780792e-07,
        "std": 0.0018081747005511877
    },
    "BH-BL": {
        "mean": 0.0023850771342658725,
        "std": 0.0018895447736102453
    },
    "BH-BO": {
        "mean": 0.0012021006013857604,
        "std": 0.001436716170626151
    },
    "BO-BL": {
        "mean": 0.0011829765328800722,
        "std": 0.001430160896703888
    },
    "day_of_week": {
        "mean": 2.0422277421885213,
        "std": 1.503011540877687
    },
    "day_of_month": {
        "mean": 15.738789384233232,
        "std": 8.782350194509602
    },
    "hour_of_day": {
        "mean": 11.499182899725454,
        "std": 6.924501169251422
    },
    "dow_sin": {
        "mean": 0.3445515291244592,
        "std": 0.5279881684779336
    },
    "dow_cos": {
        "mean": -0.046134331492420314,
        "std": 0.7748632759798759
    },
    "dom_sin": {
        "mean": 0.0027711738404120776,
        "std": 0.7135209018472969
    },
    "dom_cos": {
        "mean": -0.02127006293935864,
        "std": 0.7003288496743101
    },
    "hod_sin": {
        "mean": 0.00023273297617685076,
        "std": 0.7071672014674208
    },
    "hod_cos": {
        "mean": 0.0005614738519019703,
        "std": 0.7070692079410604
    }
}