{
    "typical_price": {
        "mean": 1.354667917796457,
        "std": 0.1089708466276944
    },
    "typical_sd": {
        "mean": 0.0012850970735167225,
        "std": 0.0008217601512939698
    },
    "RSI": {
        "mean": 50.476390653691624,
        "std": 16.64386022527035
    },
    "MACD": {
        "mean": 1.7644850518412042e-05,
        "std": 0.0020993121205466463
    },
    "MACD_Signal": {
        "mean": 1.6456863814072195e-05,
        "std": 0.0019847038455747495
    },
    "MACD_Histogram": {
        "mean": 1.1879867043396568e-06,
        "std": 0.0006010824204258351
    },
    "EMA": {
        "mean": 1.354636941714726,
        "std": 0.10891558160450152
    },
    "Stochastic_%K": {
        "mean": 50.78165761781139,
        "std": 25.442592717312678
    },
    "Stochastic_%D": {
        "mean": 50.774361474728266,
        "std": 24.990017308665557
    },
    "ADX": {
        "mean": 27.516878956183096,
        "std": 11.033582518384259
    },
    "DI+": {
        "mean": 21.001340822178385,
        "std": 7.539548453500521
    },
    "DI-": {
        "mean": 20.83637041215284,
        "std": 7.32965243207869
    },
    "ATR": {
        "mean": 0.002434594854505567,
        "std": 0.0012156603520268995
    },
    "CCI": {
        "mean": 2.4482226516998904,
        "std": 109.0358713902505
    },
    "BB_MID_20_2": {
        "mean": 1.354634799213666,
        "std": 0.10894277494518187
    },
    "BB_UP_20_2": {
        "mean": 1.3600749838763337,
        "std": 0.1094950611801409
    },
    "BB_LOW_20_2": {
        "mean": 1.349194614550998,
        "std": 0.10852645899611858
    },
    "BB_WIDTH_20_2": {
        "mean": 0.010880369325335591,
        "std": 0.007759420025480444
    },
    "WilliamsR": {
        "mean": -49.24185729239989,
        "std": 25.97412700581291
    },
    "Momentum": {
        "mean": 1.1082226138828053e-05,
        "std": 0.003002395048022544
    },
    "ROC": {
        "mean": 0.0030398557752609233,
        "std": 0.447132200796765
    },
    "S&P500_Close": {
        "mean": 1230.1369904702415,
        "std": 204.95577270845365
    },
    "vix_close": {
        "mean": 22.202156307446465,
        "std": 12.38102511110784
    },
    "day_of_week": {
        "mean": 2.022471529284165,
        "std": 1.35371242691442
    },
    "day_of_month": {
        "mean": 15.787859273318873,
        "std": 8.697275944452723
    },
    "hour_of_day": {
        "mean": 11.436347613882864,
        "std": 5.579269926174419
    },
    "dow_sin": {
        "mean": 0.36175592907042103,
        "std": 0.5033839168942199
    },
    "dow_cos": {
        "mean": -0.0932618039121754,
        "std": 0.7506147528581573
    },
    "dom_sin": {
        "mean": 0.007065218810295273,
        "std": 0.7133505681916906
    },
    "dom_cos": {
        "mean": -0.02298489954145888,
        "std": 0.6977826154948858
    },
    "hod_sin": {
        "mean": -0.010802790706603992,
        "std": 0.685285088363799
    },
    "hod_cos": {
        "mean": -0.013008653702274704,
        "std": 0.6640699823080848
    },
    "CLOSE_15m_tick_1": {
        "mean": 1.3546737469495662,
        "std": 0.10894125088394027
    },
    "CLOSE_15m_tick_2": {
        "mean": 1.3546780290808027,
        "std": 0.10894218502060282
    },
    "CLOSE_15m_tick_3": {
        "mean": 1.354661344902386,
        "std": 0.1089443905468981
    },
    "CLOSE_15m_tick_4": {
        "mean": 1.354657143099241,
        "std": 0.10893420225940105
    },
    "CLOSE_15m_tick_5": {
        "mean": 1.3546778660520609,
        "std": 0.10893635539451725
    },
    "CLOSE_15m_tick_6": {
        "mean": 1.3546819058432755,
        "std": 0.10893838889280326
    },
    "CLOSE_15m_tick_7": {
        "mean": 1.3546684236035793,
        "std": 0.1089427165715623
    },
    "CLOSE_15m_tick_8": {
        "mean": 1.3546639703091106,
        "std": 0.10893271708311092
    },
    "CLOSE_30m_tick_1": {
        "mean": 1.3546757944685468,
        "std": 0.1089416686003558
    },
    "CLOSE_30m_tick_2": {
        "mean": 1.354651890591106,
        "std": 0.10894039696824159
    },
    "CLOSE_30m_tick_3": {
        "mean": 1.3546773176518436,
        "std": 0.10894271552971671
    },
    "CLOSE_30m_tick_4": {
        "mean": 1.354652325786334,
        "std": 0.10893989013144359
    },
    "CLOSE_30m_tick_5": {
        "mean": 1.3546775864289586,
        "std": 0.10894087987485201
    },
    "CLOSE_30m_tick_6": {
        "mean": 1.3546565774132322,
        "std": 0.10893763949699632
    },
    "CLOSE_30m_tick_7": {
        "mean": 1.3546823339208243,
        "std": 0.10893727032434708
    },
    "CLOSE_30m_tick_8": {
        "mean": 1.3546637635574839,
        "std": 0.10893591370451301
    }
}