Metric,Average,Std Dev,Max,Min
Training MAE,0.0030922191217541695,7.829182863104541e-05,0.0032684828620404005,0.0029957788065075874
Training R²,0.9962072551250458,9.228146582313619e-05,0.9963268637657166,0.9960386753082275
Validation MAE,0.005944582680240273,0.00010896044167212125,0.006219771690666676,0.005808317102491856
Validation R²,0.9935781061649323,0.00017023598324087728,0.9937589764595032,0.9931305050849915
