Metric,Average,Std Dev,Max,Min
Training MAE,0.017517775157466532,0.0070208159058494065,0.03362657502293587,0.005800674203783274
Training R²,0.7848060369491577,0.1641069800913149,0.9724013209342957,0.38990092277526855
Validation MAE,0.017177782580256463,0.006452868915549733,0.03213052451610565,0.00856282189488411
Validation R²,0.9579476535320282,0.02989899977490303,0.9887745380401611,0.8837676048278809
