Metric,Average,Std Dev,Max,Min
Training MAE,0.03515836326405406,0.03405649092728706,0.11495210230350494,0.004383184015750885
Training R²,0.9601186096668244,0.06379701963331891,0.9993493556976318,0.7822878360748291
Validation MAE,0.036002016114071014,0.03350655675552498,0.11524409055709839,0.006305244285613298
Validation R²,0.7808396339416503,0.34449860944052546,0.9930784106254578,-0.18031728267669678
