Metric,Average,Std Dev,Max,Min
Training MAE,0.015409886511042714,0.010898514488819658,0.04142186790704727,0.005371107719838619
Training R²,0.8724726766347886,0.17027818533623648,0.986673891544342,0.41169509291648865
Validation MAE,0.020812946557998657,0.015421404744869176,0.05003394931554794,0.0074537089094519615
Validation R²,0.9243905901908874,0.09383330387515824,0.9919703006744385,0.7328788638114929
