Metric,Average,Std Dev,Max,Min
Training MAE,0.003718225541524589,0.00012091859094917365,0.00401613162830472,0.0035781690385192633
Training R²,0.999465161561966,1.5051499393275546e-05,0.9994823932647705,0.9994246363639832
Validation MAE,0.006310994271188974,0.00023952137798810409,0.006742711644619703,0.006032595876604319
Validation R²,0.9931325435638427,0.00032085606669442126,0.9935224652290344,0.9925282001495361
