{
    "generation": 18,
    "population": [
        [
            0.007594393036626156,
            15,
            24,
            0.03449459409875002,
            0.0005478470684484721,
            1,
            3,
            0
        ],
        [
            0.007594393036626156,
            15,
            24,
            0.03449459409875002,
            0.0005478470684484721,
            1,
            3,
            0
        ],
        [
            0.007594393036626156,
            15,
            24,
            0.03449459409875002,
            0.0005478470684484721,
            1,
            3,
            0
        ],
        [
            0.007594393036626156,
            15,
            24,
            0.03449459409875002,
            0.0005478470684484721,
            1,
            3,
            0
        ],
        [
            0.007594393036626156,
            15,
            24,
            0.03449459409875002,
            0.0005478470684484721,
            1,
            3,
            0
        ],
        [
            0.007594393036626156,
            15,
            24,
            0.03449459409875002,
            0.0005478470684484721,
            1,
            3,
            0
        ],
        [
            0.007594393036626156,
            15,
            24,
            0.03449459409875002,
            0.0005478470684484721,
            1,
            3,
            0
        ],
        [
            0.007594393036626156,
            15,
            24,
            0.03449459409875002,
            0.0005478470684484721,
            1,
            3,
            0
        ],
        [
            0.007594393036626156,
            15,
            24,
            0.03449459409875002,
            0.0005478470684484721,
            1,
            3,
            0
        ],
        [
            0.007594393036626156,
            15,
            24,
            0.03449459409875002,
            0.0005478470684484721,
            1,
            3,
            0
        ],
        [
            0.007594393036626156,
            15,
            24,
            0.03449459409875002,
            0.0005478470684484721,
            1,
            1,
            1
        ],
        [
            0.007594393036626156,
            15,
            24,
            0.03449459409875002,
            0.0005478470684484721,
            1,
            3,
            0
        ],
        [
            0.007594393036626156,
            15,
            24,
            0.03449459409875002,
            0.0005478470684484721,
            1,
            3,
            0
        ],
        [
            0.007594393036626156,
            15,
            24,
            0.03449459409875002,
            0.0005478470684484721,
            1,
            3,
            0
        ],
        [
            0.008668286738945223,
            15,
            24,
            0.061295250060896214,
            0.0005478470684484721,
            1,
            3,
            0
        ],
        [
            0.007594393036626156,
            15,
            24,
            0.03449459409875002,
            0.0005478470684484721,
            1,
            3,
            0
        ],
        [
            0.007594393036626156,
            15,
            24,
            0.03449459409875002,
            0.0005478470684484721,
            2,
            1,
            0
        ],
        [
            0.007594393036626156,
            15,
            24,
            0.03449459409875002,
            0.0005478470684484721,
            1,
            3,
            0
        ],
        [
            0.007594393036626156,
            15,
            24,
            0.03449459409875002,
            0.0005478470684484721,
            1,
            3,
            0
        ],
        [
            0.007594393036626156,
            15,
            24,
            0.03449459409875002,
            0.0005478470684484721,
            1,
            3,
            0
        ]
    ]
}