{
    "total_time_elapsed": 191791.2994468212,
    "average_time_per_epoch": 11144.479591399431,
    "candidates_evaluated_so_far": 218,
    "champion_validation_mae": 0.004072972573339939,
    "champion_fitness_val_mae_max_horizon": 0.004072972573339939,
    "champion_naive_mae_max_horizon": 0.004141850396990776,
    "champion_test_mae_max_horizon": 0.002599697094410658,
    "champion_test_naive_mae_max_horizon": 0.002576806116849184,
    "average_mae_per_epoch": [
        0.004458669177256525,
        0.004501202679239214,
        0.004319205414503813,
        0.004231830150820315,
        0.004210752621293068,
        0.004229492996819318,
        0.004131125914864242,
        0.004182263929396868,
        0.004334871750324964,
        0.004243159084580839,
        0.004177176579833031,
        0.004174531251192093,
        0.004284749133512377,
        0.00422814218327403,
        0.004269366129301488,
        0.004173800884746015
    ],
    "average_validation_mae_per_epoch": [
        0.004458669177256525,
        0.004501202679239214,
        0.004319205414503813,
        0.004231830150820315,
        0.004210752621293068,
        0.004229492996819318,
        0.004131125914864242,
        0.004182263929396868,
        0.004334871750324964,
        0.004243159084580839,
        0.004177176579833031,
        0.004174531251192093,
        0.004284749133512377,
        0.00422814218327403,
        0.004269366129301488,
        0.004173800884746015
    ],
    "champion_validation_mae_per_epoch": [
        0.0040974379517138,
        0.0040974379517138,
        0.0040974379517138,
        0.004092086106538773,
        0.004076519515365362,
        0.004076519515365362,
        0.004075698554515839,
        0.004075698554515839,
        0.004075698554515839,
        0.004075698554515839,
        0.004072972573339939,
        0.004072972573339939,
        0.004072972573339939,
        0.004072972573339939,
        0.004072972573339939,
        0.004072972573339939
    ],
    "best_validation_mae_per_epoch": [
        0.004163620062172413,
        0.004163620062172413,
        0.004099458456039429,
        0.004092086106538773,
        0.004076519515365362,
        0.004076519515365362,
        0.004075698554515839,
        0.004075698554515839,
        0.004110910929739475,
        0.00410385150462389,
        0.004072972573339939,
        0.0041026403196156025,
        0.00410191435366869,
        0.004094485193490982,
        0.004081868100911379,
        0.004079259000718594
    ],
    "history": [
        {
            "generation": 1,
            "duration": 7875.544244766235,
            "avg_mae": 0.004458669177256525,
            "avg_validation_mae": 0.004458669177256525,
            "best_validation_mae_gen": 0.004163620062172413,
            "champion_validation_mae_global": 0.0040974379517138,
            "best_validation_naive_mae_gen": 0.0041428059339523315,
            "champion_validation_naive_mae_global": 0.0041465298272669315,
            "champion_naive_mae": 0.0041428059339523315
        },
        {
            "generation": 2,
            "duration": 8430.153103351593,
            "avg_mae": 0.004501202679239214,
            "avg_validation_mae": 0.004501202679239214,
            "best_validation_mae_gen": 0.004163620062172413,
            "champion_validation_mae_global": 0.0040974379517138,
            "best_validation_naive_mae_gen": 0.0041428059339523315,
            "champion_validation_naive_mae_global": 0.0041465298272669315,
            "champion_naive_mae": 0.0041428059339523315
        },
        {
            "generation": 3,
            "duration": 15879.505167007446,
            "avg_mae": 0.004319205414503813,
            "avg_validation_mae": 0.004319205414503813,
            "best_validation_mae_gen": 0.004099458456039429,
            "champion_validation_mae_global": 0.0040974379517138,
            "best_validation_naive_mae_gen": 0.004154052585363388,
            "champion_validation_naive_mae_global": 0.0041465298272669315,
            "champion_naive_mae": 0.004154052585363388
        },
        {
            "generation": 4,
            "duration": 5960.327914953232,
            "avg_mae": 0.004231830150820315,
            "avg_validation_mae": 0.004231830150820315,
            "best_validation_mae_gen": 0.004092086106538773,
            "champion_validation_mae_global": 0.004092086106538773,
            "best_validation_naive_mae_gen": 0.0041403695940971375,
            "champion_validation_naive_mae_global": 0.0041403695940971375,
            "champion_naive_mae": 0.0041403695940971375
        },
        {
            "generation": 5,
            "duration": 11002.451977968216,
            "avg_mae": 0.004210752621293068,
            "avg_validation_mae": 0.004210752621293068,
            "best_validation_mae_gen": 0.004076519515365362,
            "champion_validation_mae_global": 0.004076519515365362,
            "best_validation_naive_mae_gen": 0.004140159580856562,
            "champion_validation_naive_mae_global": 0.004140159580856562,
            "champion_naive_mae": 0.004140159580856562
        },
        {
            "generation": 6,
            "duration": 13654.81958937645,
            "avg_mae": 0.004229492996819318,
            "avg_validation_mae": 0.004229492996819318,
            "best_validation_mae_gen": 0.004076519515365362,
            "champion_validation_mae_global": 0.004076519515365362,
            "best_validation_naive_mae_gen": 0.004140159580856562,
            "champion_validation_naive_mae_global": 0.004140159580856562,
            "champion_naive_mae": 0.004140159580856562
        },
        {
            "generation": 7,
            "duration": 9900.477632284164,
            "avg_mae": 0.004131125914864242,
            "avg_validation_mae": 0.004131125914864242,
            "best_validation_mae_gen": 0.004075698554515839,
            "champion_validation_mae_global": 0.004075698554515839,
            "best_validation_naive_mae_gen": 0.0041403695940971375,
            "champion_validation_naive_mae_global": 0.0041403695940971375,
            "champion_naive_mae": 0.0041403695940971375
        },
        {
            "generation": 8,
            "duration": 12465.823878288269,
            "avg_mae": 0.004182263929396868,
            "avg_validation_mae": 0.004182263929396868,
            "best_validation_mae_gen": 0.004075698554515839,
            "champion_validation_mae_global": 0.004075698554515839,
            "best_validation_naive_mae_gen": 0.0041403695940971375,
            "champion_validation_naive_mae_global": 0.0041403695940971375,
            "champion_naive_mae": 0.0041403695940971375
        },
        {
            "generation": 9,
            "duration": 11729.154230117798,
            "avg_mae": 0.004334871750324964,
            "avg_validation_mae": 0.004334871750324964,
            "best_validation_mae_gen": 0.004110910929739475,
            "champion_validation_mae_global": 0.004075698554515839,
            "best_validation_naive_mae_gen": 0.004145562648773193,
            "champion_validation_naive_mae_global": 0.0041403695940971375,
            "champion_naive_mae": 0.004145562648773193
        },
        {
            "generation": 10,
            "duration": 14325.5634329319,
            "avg_mae": 0.004243159084580839,
            "avg_validation_mae": 0.004243159084580839,
            "best_validation_mae_gen": 0.00410385150462389,
            "champion_validation_mae_global": 0.004075698554515839,
            "best_validation_naive_mae_gen": 0.0041403695940971375,
            "champion_validation_naive_mae_global": 0.0041403695940971375,
            "champion_naive_mae": 0.0041403695940971375
        },
        {
            "generation": 11,
            "duration": 10944.47738456726,
            "avg_mae": 0.004177176579833031,
            "avg_validation_mae": 0.004177176579833031,
            "best_validation_mae_gen": 0.004072972573339939,