{
    "total_time_elapsed": 87160.64049053192,
    "average_time_per_epoch": 10602.648921444303,
    "candidates_evaluated_so_far": 288,
    "champion_fitness": -3.749062307178974e-05,
    "champion_validation_mae": 0.00408749608322978,
    "champion_validation_naive_mae": 0.004130555782467127,
    "champion_test_mae": 0.0026078547816723585,
    "champion_test_naive_mae": 0.0026161407586187124,
    "champion_train_mae": 0.00453862315043807,
    "champion_train_naive_mae": 0.004570544697344303,
    "average_fitness_per_epoch": [
        0.00022740650456398726,
        0.0001589022809639573,
        9.046929189935327e-05,
        9.229304268956184e-05,
        6.447428604587913e-05,
        6.035284604877233e-06,
        -7.218297105282545e-06,
        -7.218297105282545e-06,
        -7.218297105282545e-06,
        5.24399452842772e-05,
        5.24399452842772e-05,
        5.24399452842772e-05,
        5.24399452842772e-05,
        0.00019637772347778082,
        0.00019637772347778082,
        0.00019637772347778082,
        0.00019637772347778082,
        4.89500816911459e-05,
        4.2092695366591215e-05,
        5.0795532297343014e-05,
        1.0260287672281265e-05
    ],
    "champion_fitness_per_epoch": [
        -9.33697447180748e-06,
        -9.33697447180748e-06,
        -9.33697447180748e-06,
        -9.33697447180748e-06,
        -9.33697447180748e-06,
        -9.33697447180748e-06,
        -9.33697447180748e-06,
        -9.33697447180748e-06,
        -9.33697447180748e-06,
        -9.33697447180748e-06,
        -9.33697447180748e-06,
        -9.33697447180748e-06,
        -9.33697447180748e-06,
        -9.33697447180748e-06,
        -9.33697447180748e-06,
        -9.33697447180748e-06,
        -9.33697447180748e-06,
        -2.342904917895794e-05,
        -2.519856207072735e-05,
        -3.431225195527077e-05,
        -3.749062307178974e-05
    ],
    "champion_validation_mae_per_epoch": [
        0.00414974894374609,
        0.00414974894374609,
        0.00414974894374609,
        0.00414974894374609,
        0.00414974894374609,
        0.00414974894374609,
        0.00414974894374609,
        0.00414974894374609,
        0.00414974894374609,
        0.00414974894374609,
        0.00414974894374609,
        0.00414974894374609,
        0.00414974894374609,
        0.00414974894374609,
        0.00414974894374609,
        0.00414974894374609,
        0.00414974894374609,
        0.004103213548660278,
        0.004132982809096575,
        0.004121847450733185,
        0.00408749608322978
    ],
    "best_fitness_per_epoch": [
        -9.33697447180748e-06,
        -9.33697447180748e-06,
        -9.33697447180748e-06,
        -9.33697447180748e-06,
        -9.33697447180748e-06,
        -9.33697447180748e-06,
        -9.33697447180748e-06,
        -9.33697447180748e-06,
        -9.33697447180748e-06,
        -9.33697447180748e-06,
        -9.33697447180748e-06,
        -9.33697447180748e-06,
        -9.33697447180748e-06,
        -9.33697447180748e-06,
        -9.33697447180748e-06,
        -9.33697447180748e-06,
        -9.33697447180748e-06,
        -2.342904917895794e-05,
        -2.519856207072735e-05,
        -3.431225195527077e-05,
        -3.749062307178974e-05
    ],
    "best_validation_mae_per_epoch": [
        0.00414974894374609,
        0.00414974894374609,
        0.00414974894374609,
        0.00414974894374609,
        0.00414974894374609,
        0.00414974894374609,
        0.00414974894374609,
        0.00414974894374609,
        0.00414974894374609,
        0.00414974894374609,
        0.00414974894374609,
        0.00414974894374609,
        0.00414974894374609,
        0.00414974894374609,
        0.00414974894374609,
        0.00414974894374609,
        0.00414974894374609,
        0.004103213548660278,
        0.004132982809096575,
        0.004121847450733185,
        0.00408749608322978
    ],
    "history": [
        {
            "generation": 0,
            "duration": 6870.661689519882,
            "avg_fitness": 0.00022740650456398726,
            "best_validation_mae_gen": 0.00414974894374609,
            "best_fitness_gen": -9.33697447180748e-06,
            "champion_fitness_global": -9.33697447180748e-06,
            "champion_validation_mae_global": 0.00414974894374609,
            "best_validation_naive_mae_gen": 0.004130555782467127,
            "champion_validation_naive_mae_global": 0.004130555782467127
        },
        {
            "generation": 1,
            "duration": 7866.899354696274,
            "avg_fitness": 0.0001589022809639573,
            "best_validation_mae_gen": 0.00414974894374609,
            "best_fitness_gen": -9.33697447180748e-06,
            "champion_fitness_global": -9.33697447180748e-06,
            "champion_validation_mae_global": 0.00414974894374609,
            "best_validation_naive_mae_gen": 0.004130555782467127,
            "champion_validation_naive_mae_global": 0.004130555782467127
        },
        {
            "generation": 2,
            "duration": 9730.876906871796,
            "avg_fitness": 9.046929189935327e-05,
            "best_validation_mae_gen": 0.00414974894374609,
            "best_fitness_gen": -9.33697447180748e-06,
            "champion_fitness_global": -9.33697447180748e-06,
            "champion_validation_mae_global": 0.00414974894374609,
            "best_validation_naive_mae_gen": 0.004130555782467127,
            "champion_validation_naive_mae_global": 0.004130555782467127
        },
        {
            "generation": 3,
            "duration": 7327.1655395030975,
            "avg_fitness": 9.229304268956184e-05,
            "best_validation_mae_gen": 0.00414974894374609,
            "best_fitness_gen": -9.33697447180748e-06,
            "champion_fitness_global": -9.33697447180748e-06,
            "champion_validation_mae_global": 0.00414974894374609,
            "best_validation_naive_mae_gen": 0.004130555782467127,
            "champion_validation_naive_mae_global": 0.004130555782467127
        },
        {
            "generation": 4,
            "duration": 8754.685836315155,
            "avg_fitness": 6.447428604587913e-05,
            "best_validation_mae_gen": 0.00414974894374609,
            "best_fitness_gen": -9.33697447180748e-06,
            "champion_fitness_global": -9.33697447180748e-06,
            "champion_validation_mae_global": 0.00414974894374609,
            "best_validation_naive_mae_gen": 0.004130555782467127,
            "champion_validation_naive_mae_global": 0.004130555782467127
        },
        {
            "generation": 0,
            "duration": 12056.435621023178,
            "avg_fitness": 6.035284604877233e-06,
            "best_validation_mae_gen": 0.00414974894374609,
            "best_fitness_gen": -9.33697447180748e-06,
            "champion_fitness_global": -9.33697447180748e-06,
            "champion_validation_mae_global": 0.00414974894374609,
            "best_validation_naive_mae_gen": 0.004130555782467127,
            "champion_validation_naive_mae_global": 0.004130555782467127
        },
        {
            "generation": 1,
            "duration": 11408.3952023983,
            "avg_fitness": -7.218297105282545e-06,
            "best_validation_mae_gen": 0.00414974894374609,
            "best_fitness_gen": -9.33697447180748e-06,
            "champion_fitness_global": -9.33697447180748e-06,
            "champion_validation_mae_global": 0.00414974894374609,
            "best_validation_naive_mae_gen": 0.004130555782467127,
            "champion_validation_naive_mae_global": 0.004130555782467127
        },
        {
            "generation": 2,
            "duration": 11431.23167181015,
            "avg_fitness": -7.218297105282545e-06,
            "best_validation_mae_gen": 0.00414974894374609,
            "best_fitness_gen": -9.33697447180748e-06,
            "champion_fitness_global": -9.33697447180748e-06,
            "champion_validation_mae_global": 0.00414974894374609,