Metric,Average,Std Dev,Max,Min
Training MAE,0.7606443226337433,0.3977806562540861,1.3088445663452148,0.14252802729606628
Training R²,-302.85000414848326,237.6546937149006,-7.193355083465576,-640.2796020507812
Validation MAE,0.762520132958889,0.3994407907180373,1.310617208480835,0.14361171424388885
Validation R²,-81.9703996181488,65.0533695558821,-1.2585053443908691,-174.50730895996094
