{
    "generation": 13,
    "population": [
        [
            2,
            2,
            66,
            0.0070136851360323715,
            0.00016699507339950985,
            0.0,
            48
        ],
        [
            5,
            3,
            66,
            0.0070136851360323715,
            0.00016699507339950985,
            0.0009457432988432823,
            35
        ],
        [
            2,
            2,
            66,
            0.0070136851360323715,
            0.00016699507339950985,
            0.0,
            48
        ],
        [
            5,
            3,
            66,
            0.0070136851360323715,
            0.00016699507339950985,
            0.0009457432988432823,
            35
        ],
        [
            1,
            3,
            66,
            0.005908639079857201,
            0.00016699507339950985,
            0.0,
            48
        ],
        [
            1,
            3,
            66,
            0.005908639079857201,
            0.00016699507339950985,
            0.0,
            48
        ],
        [
            1,
            3,
            66,
            0.005908639079857201,
            0.00016699507339950985,
            0.0,
            48
        ],
        [
            5,
            3,
            66,
            0.0070136851360323715,
            0.00016699507339950985,
            0.0009457432988432823,
            35
        ],
        [
            5,
            3,
            66,
            0.008118731192207542,
            0.00016699507339950985,
            0.0009457432988432823,
            35
        ],
        [
            5,
            3,
            66,
            0.0070136851360323715,
            0.00016699507339950985,
            0.0,
            48
        ],
        [
            2,
            2,
            66,
            0.0070136851360323715,
            0.00016699507339950985,
            0.0009457432988432823,
            64
        ],
        [
            5,
            2,
            66,
            0.0070136851360323715,
            0.00016699507339950985,
            0.0,
            48
        ],
        [
            2,
            2,
            66,
            0.0063425725700466794,
            0.00011006368898671743,
            0.0,
            48
        ],
        [
            1,
            3,
            66,
            0.005908639079857201,
            0.00016699507339950985,
            0.0,
            48
        ],
        [
            5,
            3,
            66,
            0.0070136851360323715,
            0.00016699507339950985,
            0.0009457432988432823,
            35
        ],
        [
            2,
            2,
            66,
            0.0070136851360323715,
            0.00016699507339950985,
            0.0,
            48
        ],
        [
            1,
            3,
            66,
            0.005908639079857201,
            0.00016699507339950985,
            0.0,
            48
        ],
        [
            1,
            3,
            66,
            0.005908639079857201,
            0.00016699507339950985,
            0.0,
            48
        ],
        [
            1,
            3,
            66,
            0.005908639079857201,
            0.00016699507339950985,
            0.0,
            48
        ],
        [
            1,
            3,
            66,
            0.005908639079857201,
            0.00016699507339950985,
            0.0,
            48
        ]
    ]
}