{
    "generation": 17,
    "population": [
        [
            0.005476024241778282,
            96,
            81,
            1,
            1,
            2,
            6.565754613871391e-06,
            0
        ],
        [
            0.005476024241778282,
            96,
            81,
            1,
            1,
            2,
            6.565754613871391e-06,
            0
        ],
        [
            0.005476024241778282,
            96,
            81,
            1,
            1,
            2,
            6.565754613871391e-06,
            0
        ],
        [
            0.005476024241778282,
            96,
            81,
            1,
            1,
            2,
            6.565754613871391e-06,
            0
        ],
        [
            0.005476024241778282,
            96,
            81,
            1,
            1,
            2,
            6.565754613871391e-06,
            0
        ],
        [
            0.005476024241778282,
            96,
            81,
            1,
            1,
            2,
            6.565754613871391e-06,
            0
        ],
        [
            0.005476024241778282,
            96,
            81,
            1,
            1,
            2,
            6.565754613871391e-06,
            0
        ],
        [
            0.005476024241778282,
            96,
            81,
            1,
            1,
            2,
            6.565754613871391e-06,
            0
        ],
        [
            0.005476024241778282,
            96,
            81,
            1,
            1,
            2,
            6.565754613871391e-06,
            0
        ],
        [
            0.005476024241778282,
            96,
            81,
            1,
            1,
            2,
            6.565754613871391e-06,
            0
        ],
        [
            0.005476024241778282,
            96,
            81,
            1,
            1,
            2,
            6.565754613871391e-06,
            0
        ],
        [
            0.005476024241778282,
            96,
            81,
            1,
            1,
            2,
            6.565754613871391e-06,
            0
        ],
        [
            0.005476024241778282,
            96,
            81,
            1,
            1,
            2,
            6.565754613871391e-06,
            0
        ],
        [
            0.005476024241778282,
            96,
            81,
            1,
            1,
            2,
            6.565754613871391e-06,
            0
        ],
        [
            0.0065499179440973495,
            96,
            81,
            2,
            1,
            2,
            6.565754613871391e-06,
            0
        ],
        [
            0.005476024241778282,
            96,
            81,
            1,
            1,
            2,
            6.565754613871391e-06,
            0
        ],
        [
            0.005476024241778282,
            96,
            81,
            1,
            1,
            2,
            6.565754613871391e-06,
            0
        ],
        [
            0.005476024241778282,
            96,
            81,
            1,
            1,
            2,
            6.565754613871391e-06,
            0
        ],
        [
            0.005476024241778282,
            96,
            81,
            1,
            1,
            2,
            6.565754613871391e-06,
            0
        ],
        [
            0.005476024241778282,
            96,
            81,
            1,
            1,
            2,
            6.565754613871391e-06,
            0
        ]
    ]
}