{
    "generation": 3,
    "population": [
        [
            1,
            40,
            9,
            8,
            19,
            1,
            0.03163042114282404,
            0.005900172529728969,
            2.489679026419267e-05
        ],
        [
            1,
            40,
            11,
            8,
            19,
            1,
            0.03163042114282404,
            0.005900172529728969,
            2.489679026419267e-05
        ],
        [
            1,
            40,
            9,
            8,
            19,
            1,
            0.03163042114282404,
            0.005900172529728969,
            2.489679026419267e-05
        ]
    ]
}