{
    "generation": 18,
    "population": [
        [
            0.0005131056006749585,
            30,
            88,
            1,
            3,
            2.835037286586266e-06,
            1
        ],
        [
            0.0005131056006749585,
            30,
            88,
            1,
            3,
            2.835037286586266e-06,
            1
        ],
        [
            0.0005131056006749585,
            30,
            88,
            1,
            3,
            2.835037286586266e-06,
            1
        ],
        [
            0.0005131056006749585,
            30,
            88,
            1,
            3,
            2.835037286586266e-06,
            1
        ],
        [
            0.0005131056006749585,
            30,
            88,
            1,
            3,
            2.835037286586266e-06,
            1
        ],
        [
            0.0005131056006749585,
            30,
            88,
            1,
            3,
            2.835037286586266e-06,
            1
        ],
        [
            0.0005131056006749585,
            30,
            88,
            1,
            3,
            2.835037286586266e-06,
            1
        ],
        [
            0.0005131056006749585,
            30,
            88,
            1,
            3,
            2.835037286586266e-06,
            1
        ],
        [
            0.0005131056006749585,
            30,
            88,
            3,
            3,
            2.835037286586266e-06,
            1
        ],
        [
            0.0005131056006749585,
            30,
            88,
            1,
            3,
            2.835037286586266e-06,
            1
        ],
        [
            0.00047432262522182847,
            30,
            88,
            3,
            3,
            2.835037286586266e-06,
            1
        ],
        [
            0.0001,
            44,
            88,
            1,
            3,
            2.835037286586266e-06,
            1
        ],
        [
            0.0005131056006749585,
            30,
            88,
            1,
            3,
            2.835037286586266e-06,
            1
        ],
        [
            0.0005131056006749585,
            30,
            88,
            1,
            3,
            2.835037286586266e-06,
            1
        ],
        [
            0.0005131056006749585,
            30,
            88,
            1,
            3,
            2.835037286586266e-06,
            1
        ],
        [
            0.0005131056006749585,
            30,
            88,
            1,
            3,
            2.835037286586266e-06,
            1
        ],
        [
            0.0005131056006749585,
            30,
            88,
            1,
            3,
            4.433395481245058e-06,
            1
        ],
        [
            0.0005131056006749585,
            30,
            88,
            1,
            3,
            2.835037286586266e-06,
            1
        ],
        [
            0.0005131056006749585,
            30,
            88,
            1,
            3,
            2.835037286586266e-06,
            1
        ],
        [
            0.0005131056006749585,
            30,
            88,
            1,
            3,
            2.835037286586266e-06,
            1
        ]
    ]
}