Metric,Average,Std Dev,Max,Min
Training MAE,0.008892067871056498,0.006225430211472956,0.02424093522131443,0.003120359731838107
Training R²,0.9782272279262543,0.02756750768381049,0.9961840510368347,0.9014007449150085
Validation MAE,0.010932262893766165,0.006297266868065314,0.027119653299450874,0.00618479959666729
Validation R²,0.9818912744522095,0.018978094220519798,0.9932873845100403,0.9287976622581482
