Metric,Average,Std Dev,Max,Min
Training MAE,0.0036036043195053933,0.00012403651755012548,0.003918421920388937,0.003453867742791772
Training R²,0.9897892534732818,0.000296430819867125,0.9901644587516785,0.9890360832214355
Validation MAE,0.006222708476707339,0.00025901870322250005,0.006772189866751432,0.005953814368695021
Validation R²,0.9931896090507507,0.0003831648252030345,0.9935722351074219,0.9924023747444153
