Metric,Average,Std Dev,Max,Min
Training MAE,0.08677104422822594,0.10178155521932854,0.36094439029693604,0.00932165328413248
Training R²,-12.069232011586427,29.579701867191964,0.9421875476837158,-99.62246704101562
Validation MAE,0.08738482426851987,0.10132561404500806,0.3598904311656952,0.011293699964880943
Validation R²,-1.5861994713544845,5.834804090054411,0.9833014011383057,-18.847633361816406
