Metric,Average,Std Dev,Max,Min
Training MAE,0.023225073888897895,0.009092298757570146,0.03829943761229515,0.008219988085329533
Training R²,0.6412761434912682,0.29005738167534717,0.9628651738166809,0.13145071268081665
Validation MAE,0.023349909204989673,0.008597177962470958,0.0403749980032444,0.010884937830269337
Validation R²,0.9038338661193848,0.07331832796363735,0.9834406971931458,0.7796007990837097
