{
    "total_time_elapsed": 246754.7158987522,
    "average_time_per_epoch": 13445.145101860166,
    "candidates_evaluated_so_far": 148,
    "champion_fitness": 0.06127644400112331,
    "champion_validation_mae": 0.025430064648389816,
    "champion_validation_naive_mae": 0.004126173444092274,
    "champion_test_mae": 0.06744813174009323,
    "champion_test_naive_mae": 0.002610931871458888,
    "champion_train_mae": 0.1058226078748703,
    "champion_train_naive_mae": 0.004573611076921225,
    "average_fitness_per_epoch": [
        0.062084474542643875,
        0.09112542577786371,
        0.06185969332000241,
        0.06196379977045581,
        0.061894422105979174,
        0.061856601445470005,
        0.0618612261605449,
        0.061726847186218944,
        0.06161002601729706,
        0.061828235688153654,
        0.06176780435489491,
        0.061756692186463624,
        0.061685274506453426,
        0.06187924427213147,
        0.06181012868182734,
        0.06176611200207845
    ],
    "champion_fitness_per_epoch": [
        0.06139327981509268,
        0.06130430637858808,
        0.06130430637858808,
        0.06130430637858808,
        0.06130430637858808,
        0.06130430637858808,
        0.06130430637858808,
        0.06130430637858808,
        0.06127644400112331,
        0.06127644400112331,
        0.06127644400112331,
        0.06127644400112331,
        0.06127644400112331,
        0.06127644400112331,
        0.06127644400112331,
        0.06127644400112331
    ],
    "champion_validation_mae_per_epoch": [
        0.025667181238532066,
        0.025464480742812157,
        0.025464480742812157,
        0.025464480742812157,
        0.025464480742812157,
        0.025464480742812157,
        0.025464480742812157,
        0.025464480742812157,
        0.025430064648389816,
        0.025430064648389816,
        0.025430064648389816,
        0.025430064648389816,
        0.025430064648389816,
        0.025430064648389816,
        0.025430064648389816,
        0.025430064648389816
    ],
    "best_fitness_per_epoch": [
        0.06139327981509268,
        0.06130430637858808,
        0.06130430637858808,
        0.06130430637858808,
        0.06130430637858808,
        0.06130430637858808,
        0.06130430637858808,
        0.06130430637858808,
        0.06127644400112331,
        0.06130430637858808,
        0.06130430637858808,
        0.06130430637858808,
        0.06130430637858808,
        0.06130430637858808,
        0.06130430637858808,
        0.06130430637858808
    ],
    "best_validation_mae_per_epoch": [
        0.025667181238532066,
        0.025464480742812157,
        0.025464480742812157,
        0.025464480742812157,
        0.025464480742812157,
        0.025464480742812157,
        0.025464480742812157,
        0.025464480742812157,
        0.025430064648389816,
        0.025464480742812157,
        0.025464480742812157,
        0.025464480742812157,
        0.025464480742812157,
        0.025464480742812157,
        0.025464480742812157,
        0.025464480742812157
    ],
    "history": [
        {
            "generation": 3,
            "duration": 11393.78673005104,
            "avg_fitness": 0.062084474542643875,
            "best_validation_mae_gen": 0.025667181238532066,
            "best_fitness_gen": 0.06139327981509268,
            "champion_fitness_global": 0.06139327981509268,
            "champion_validation_mae_global": 0.025667181238532066,
            "best_validation_naive_mae_gen": 0.0041465298272669315,
            "champion_validation_naive_mae_global": 0.0041465298272669315
        },
        {
            "generation": 4,
            "duration": 15519.140926361084,
            "avg_fitness": 0.09112542577786371,
            "best_validation_mae_gen": 0.025464480742812157,
            "best_fitness_gen": 0.06130430637858808,
            "champion_fitness_global": 0.06130430637858808,
            "champion_validation_mae_global": 0.025464480742812157,
            "best_validation_naive_mae_gen": 0.004126173444092274,
            "champion_validation_naive_mae_global": 0.004126173444092274
        },
        {
            "generation": 5,
            "duration": 12328.726034402847,
            "avg_fitness": 0.06185969332000241,
            "best_validation_mae_gen": 0.025464480742812157,
            "best_fitness_gen": 0.06130430637858808,
            "champion_fitness_global": 0.06130430637858808,
            "champion_validation_mae_global": 0.025464480742812157,
            "best_validation_naive_mae_gen": 0.004126173444092274,
            "champion_validation_naive_mae_global": 0.004126173444092274
        },
        {
            "generation": 6,
            "duration": 12209.054053068161,
            "avg_fitness": 0.06196379977045581,
            "best_validation_mae_gen": 0.025464480742812157,
            "best_fitness_gen": 0.06130430637858808,
            "champion_fitness_global": 0.06130430637858808,
            "champion_validation_mae_global": 0.025464480742812157,
            "best_validation_naive_mae_gen": 0.004126173444092274,
            "champion_validation_naive_mae_global": 0.004126173444092274
        },
        {
            "generation": 7,
            "duration": 13594.88358592987,
            "avg_fitness": 0.061894422105979174,
            "best_validation_mae_gen": 0.025464480742812157,
            "best_fitness_gen": 0.06130430637858808,
            "champion_fitness_global": 0.06130430637858808,
            "champion_validation_mae_global": 0.025464480742812157,
            "best_validation_naive_mae_gen": 0.004126173444092274,
            "champion_validation_naive_mae_global": 0.004126173444092274
        },
        {
            "generation": 8,
            "duration": 12287.959964990616,
            "avg_fitness": 0.061856601445470005,
            "best_validation_mae_gen": 0.025464480742812157,
            "best_fitness_gen": 0.06130430637858808,
            "champion_fitness_global": 0.06130430637858808,
            "champion_validation_mae_global": 0.025464480742812157,
            "best_validation_naive_mae_gen": 0.004126173444092274,
            "champion_validation_naive_mae_global": 0.004126173444092274
        },
        {
            "generation": 9,
            "duration": 12962.01570558548,
            "avg_fitness": 0.0618612261605449,
            "best_validation_mae_gen": 0.025464480742812157,
            "best_fitness_gen": 0.06130430637858808,
            "champion_fitness_global": 0.06130430637858808,
            "champion_validation_mae_global": 0.025464480742812157,
            "best_validation_naive_mae_gen": 0.004126173444092274,
            "champion_validation_naive_mae_global": 0.004126173444092274
        },
        {
            "generation": 10,
            "duration": 13748.847552537918,
            "avg_fitness": 0.061726847186218944,
            "best_validation_mae_gen": 0.025464480742812157,
            "best_fitness_gen": 0.06130430637858808,
            "champion_fitness_global": 0.06130430637858808,
            "champion_validation_mae_global": 0.025464480742812157,
            "best_validation_naive_mae_gen": 0.004126173444092274,
            "champion_validation_naive_mae_global": 0.004126173444092274
        },
        {
            "generation": 11,
            "duration": 13780.651659727097,
            "avg_fitness": 0.06161002601729706,
            "best_validation_mae_gen": 0.025430064648389816,
            "best_fitness_gen": 0.06127644400112331,
            "champion_fitness_global": 0.06127644400112331,
            "champion_validation_mae_global": 0.025430064648389816,
            "best_validation_naive_mae_gen": 0.004126173444092274,
            "champion_validation_naive_mae_global": 0.004126173444092274
        },
        {
            "generation": 12,
            "duration": 12687.05676317215,
            "avg_fitness": 0.061828235688153654,
            "best_validation_mae_gen": 0.025464480742812157,