Metric,Average,Std Dev,Max,Min
Training MAE,0.0037777540041133762,0.00015737208055607084,0.00417422316968441,0.0036565971095114946
Training R²,0.9854876935482025,0.0006018016132579168,0.9859092831611633,0.983882486820221
Validation MAE,0.006374236475676298,0.0003790000484523659,0.007106063421815634,0.005943444557487965
Validation R²,0.9929354548454284,0.0005941783827127906,0.9936143755912781,0.9916594624519348
