{
    "total_time_elapsed": 292774.05652189255,
    "average_time_per_epoch": 19183.39211687675,
    "candidates_evaluated_so_far": 138,
    "champion_fitness": 0.0021852152422070503,
    "champion_validation_mae": 0.006127343978732824,
    "champion_validation_naive_mae": 0.004170157015323639,
    "champion_test_mae": 0.004284987226128578,
    "champion_test_naive_mae": 0.0025390915106981993,
    "champion_train_mae": 0.0074103656224906445,
    "champion_train_naive_mae": 0.004579891916364431,
    "average_fitness_per_epoch": [
        0.0059435094357468184,
        0.0049072660505771635,
        0.0044784500729292635,
        0.004074744181707501,
        0.003950920247007161,
        0.0034230791963636873,
        0.003531723888590932,
        0.0036053510033525527,
        0.00342011044267565,
        0.003249784908257425,
        0.003065722016617656,
        0.003158676123712212,
        0.0028420381597243248
    ],
    "champion_fitness_per_epoch": [
        0.0035911642480641603,
        0.0031692693009972572,
        0.002785799792036414,
        0.002785799792036414,
        0.002785799792036414,
        0.002639750251546502,
        0.002639750251546502,
        0.002639750251546502,
        0.002639750251546502,
        0.002639750251546502,
        0.002639750251546502,
        0.002639750251546502,
        0.002639750251546502
    ],
    "champion_validation_mae_per_epoch": [
        0.007467722054570913,
        0.007145031355321407,
        0.006981982849538326,
        0.006981982849538326,
        0.006981982849538326,
        0.00661918381229043,
        0.00661918381229043,
        0.00661918381229043,
        0.00661918381229043,
        0.00661918381229043,
        0.00661918381229043,
        0.00661918381229043,
        0.00661918381229043
    ],
    "best_fitness_per_epoch": [
        0.0035911642480641603,
        0.0031692693009972572,
        0.002785799792036414,
        0.0031663996633142233,
        0.0029324605129659176,
        0.002639750251546502,
        0.002639750251546502,
        0.0022672556806355715,
        0.0022672556806355715,
        0.0022672556806355715,
        0.0022672556806355715,
        0.0021852152422070503,
        0.0021852152422070503
    ],
    "best_validation_mae_per_epoch": [
        0.007467722054570913,
        0.007145031355321407,
        0.006981982849538326,
        0.0070963576436042786,
        0.006897161714732647,
        0.00661918381229043,
        0.00661918381229043,
        0.006484657991677523,
        0.006484657991677523,
        0.006484657991677523,
        0.006484657991677523,
        0.006127343978732824,
        0.006127343978732824
    ],
    "history": [
        {
            "generation": 5,
            "duration": 19224.075983524323,
            "avg_fitness": 0.0059435094357468184,
            "best_validation_mae_gen": 0.007467722054570913,
            "best_fitness_gen": 0.0035911642480641603,
            "champion_fitness_global": 0.0035911642480641603,
            "champion_validation_mae_global": 0.007467722054570913,
            "best_validation_naive_mae_gen": 0.004160449840128422,
            "champion_validation_naive_mae_global": 0.004160449840128422
        },
        {
            "generation": 6,
            "duration": 20339.120934009552,
            "avg_fitness": 0.0049072660505771635,
            "best_validation_mae_gen": 0.007145031355321407,
            "best_fitness_gen": 0.0031692693009972572,
            "champion_fitness_global": 0.0031692693009972572,
            "champion_validation_mae_global": 0.007145031355321407,
            "best_validation_naive_mae_gen": 0.004160449840128422,
            "champion_validation_naive_mae_global": 0.004160449840128422
        },
        {
            "generation": 7,
            "duration": 16627.06701207161,
            "avg_fitness": 0.0044784500729292635,
            "best_validation_mae_gen": 0.006981982849538326,
            "best_fitness_gen": 0.002785799792036414,
            "champion_fitness_global": 0.002785799792036414,
            "champion_validation_mae_global": 0.006981982849538326,
            "best_validation_naive_mae_gen": 0.004170157015323639,
            "champion_validation_naive_mae_global": 0.004170157015323639
        },
        {
            "generation": 8,
            "duration": 17911.19294476509,
            "avg_fitness": 0.004074744181707501,
            "best_validation_mae_gen": 0.0070963576436042786,
            "best_fitness_gen": 0.0031663996633142233,
            "champion_fitness_global": 0.002785799792036414,
            "champion_validation_mae_global": 0.006981982849538326,
            "best_validation_naive_mae_gen": 0.004170157015323639,
            "champion_validation_naive_mae_global": 0.004170157015323639
        },
        {
            "generation": 9,
            "duration": 18057.107307434082,
            "avg_fitness": 0.003950920247007161,
            "best_validation_mae_gen": 0.006897161714732647,
            "best_fitness_gen": 0.0029324605129659176,
            "champion_fitness_global": 0.002785799792036414,
            "champion_validation_mae_global": 0.006981982849538326,
            "best_validation_naive_mae_gen": 0.004170157015323639,
            "champion_validation_naive_mae_global": 0.004170157015323639
        },
        {
            "generation": 10,
            "duration": 20921.89259171486,
            "avg_fitness": 0.0034230791963636873,
            "best_validation_mae_gen": 0.00661918381229043,
            "best_fitness_gen": 0.002639750251546502,
            "champion_fitness_global": 0.002639750251546502,
            "champion_validation_mae_global": 0.00661918381229043,
            "best_validation_naive_mae_gen": 0.004170157015323639,
            "champion_validation_naive_mae_global": 0.004170157015323639
        },
        {
            "generation": 11,
            "duration": 18683.020681619644,
            "avg_fitness": 0.003531723888590932,
            "best_validation_mae_gen": 0.00661918381229043,
            "best_fitness_gen": 0.002639750251546502,
            "champion_fitness_global": 0.002639750251546502,
            "champion_validation_mae_global": 0.00661918381229043,
            "best_validation_naive_mae_gen": 0.004170157015323639,
            "champion_validation_naive_mae_global": 0.004170157015323639
        },
        {
            "generation": 12,
            "duration": 18359.75591444969,
            "avg_fitness": 0.0036053510033525527,
            "best_validation_mae_gen": 0.006484657991677523,
            "best_fitness_gen": 0.0022672556806355715,
            "champion_fitness_global": 0.002639750251546502,
            "champion_validation_mae_global": 0.00661918381229043,
            "best_validation_naive_mae_gen": 0.004170157015323639,
            "champion_validation_naive_mae_global": 0.004170157015323639
        },
        {
            "generation": 13,
            "duration": 20758.93456339836,
            "avg_fitness": 0.00342011044267565,
            "best_validation_mae_gen": 0.006484657991677523,
            "best_fitness_gen": 0.0022672556806355715,
            "champion_fitness_global": 0.002639750251546502,
            "champion_validation_mae_global": 0.00661918381229043,
            "best_validation_naive_mae_gen": 0.004170157015323639,
            "champion_validation_naive_mae_global": 0.004170157015323639
        },
        {
            "generation": 14,
            "duration": 18795.74045085907,
            "avg_fitness": 0.003249784908257425,
            "best_validation_mae_gen": 0.006484657991677523,
            "best_fitness_gen": 0.0022672556806355715,
            "champion_fitness_global": 0.002639750251546502,
            "champion_validation_mae_global": 0.00661918381229043,
            "best_validation_naive_mae_gen": 0.004170157015323639,