Metric,Average,Std Dev,Max,Min
Training MAE,0.061618682369589804,0.02580874410929955,0.121464304625988,0.017499476671218872
Training R²,-1.1420962058007718,1.9057293732593312,0.7952848076820374,-6.4715046882629395
Validation MAE,0.06263665929436683,0.023982572533215018,0.11705999076366425,0.01847715675830841
Validation R²,0.40409453511238097,0.4822981294855247,0.9463171362876892,-0.9299807548522949
