{
    "OPEN": {
        "min": 1.03553,
        "max": 1.49291
    },
    "HIGH": {
        "min": 1.03697,
        "max": 1.49397
    },
    "LOW": {
        "min": 1.03395,
        "max": 1.49047
    },
    "CLOSE": {
        "min": 1.03555,
        "max": 1.49288
    },
    "BC-BO": {
        "min": -0.02297,
        "max": 0.02164
    },
    "BH-BL": {
        "min": 0.0,
        "max": 0.0251799999999999
    },
    "BH-BO": {
        "min": 0.0,
        "max": 0.0224899999999999
    },
    "BO-BL": {
        "min": 0.0,
        "max": 0.02404
    }
}