Metric,Average,Std Dev,Max,Min
Training MAE,0.008588932361453772,0.003318491876961825,0.015200740657746792,0.0042145284824073315
Training R²,0.9633303225040436,0.02221045041884261,0.9881516098976135,0.9132969975471497
Validation MAE,0.011221621138975024,0.003789240582880918,0.019409136846661568,0.006281607784330845
Validation R²,0.9830893754959107,0.009350885607986028,0.9932108521461487,0.9608292579650879
