{
    "generation": 20,
    "population": [
        [
            0.0015764113330996657,
            64,
            147,
            1,
            0.14744871491673764,
            1
        ],
        [
            0.0015764113330996657,
            64,
            147,
            1,
            0.14744871491673764,
            1
        ],
        [
            0.0015764113330996657,
            64,
            147,
            1,
            0.14744871491673764,
            1
        ],
        [
            0.0015764113330996657,
            64,
            147,
            1,
            0.14744871491673764,
            1
        ],
        [
            0.0015764113330996657,
            64,
            147,
            1,
            0.14744871491673764,
            1
        ],
        [
            0.0015764113330996657,
            64,
            147,
            1,
            0.14744871491673764,
            1
        ],
        [
            0.0015764113330996657,
            64,
            147,
            3,
            0.14744871491673764,
            1
        ],
        [
            0.0015764113330996657,
            64,
            147,
            1,
            0.14744871491673764,
            0
        ],
        [
            0.0015764113330996657,
            64,
            147,
            1,
            0.14744871491673764,
            1
        ],
        [
            0.0015376283576465357,
            64,
            147,
            1,
            0.14744871491673764,
            1
        ],
        [
            0.0015764113330996657,
            64,
            147,
            2,
            0.14744871491673764,
            1
        ],
        [
            0.0015764113330996657,
            64,
            147,
            2,
            0.14744871491673764,
            0
        ],
        [
            0.0015764113330996657,
            64,
            147,
            1,
            0.14744871491673764,
            1
        ],
        [
            0.0015764113330996657,
            64,
            147,
            1,
            0.14744871491673764,
            1
        ],
        [
            0.0015764113330996657,
            64,
            147,
            1,
            0.14744871491673764,
            1
        ],
        [
            0.0015764113330996657,
            64,
            147,
            1,
            0.14744871491673764,
            1
        ],
        [
            0.0015764113330996657,
            64,
            147,
            1,
            0.14744871491673764,
            1
        ],
        [
            0.0015764113330996657,
            64,
            147,
            1,
            0.14744871491673764,
            0
        ],
        [
            0.0015764113330996657,
            64,
            147,
            1,
            0.14744871491673764,
            1
        ],
        [
            0.0015764113330996657,
            64,
            147,
            1,
            0.14744871491673764,
            1
        ]
    ]
}