{
    "generation": 15,
    "population": [
        [
            0.0053426751830575065,
            48,
            222,
            104,
            2,
            4.663917327891469e-06,
            1
        ],
        [
            0.0053426751830575065,
            48,
            222,
            32,
            2,
            4.663917327891469e-06,
            1
        ],
        [
            0.0053426751830575065,
            48,
            222,
            32,
            2,
            4.663917327891469e-06,
            1
        ],
        [
            0.0053426751830575065,
            48,
            222,
            32,
            2,
            4.663917327891469e-06,
            1
        ],
        [
            0.0053426751830575065,
            48,
            222,
            104,
            2,
            4.663917327891469e-06,
            1
        ],
        [
            0.0053426751830575065,
            48,
            222,
            32,
            2,
            4.663917327891469e-06,
            1
        ],
        [
            0.0053426751830575065,
            48,
            222,
            104,
            2,
            4.663917327891469e-06,
            1
        ],
        [
            0.0053426751830575065,
            48,
            222,
            32,
            2,
            4.663917327891469e-06,
            1
        ],
        [
            0.0053426751830575065,
            48,
            222,
            104,
            2,
            4.663917327891469e-06,
            1
        ],
        [
            0.0053426751830575065,
            48,
            222,
            104,
            2,
            4.663917327891469e-06,
            1
        ],
        [
            0.0053426751830575065,
            48,
            222,
            104,
            2,
            4.663917327891469e-06,
            1
        ],
        [
            0.0053426751830575065,
            48,
            222,
            104,
            2,
            4.663917327891469e-06,
            1
        ],
        [
            0.0053426751830575065,
            48,
            222,
            32,
            2,
            4.663917327891469e-06,
            1
        ],
        [
            0.0053426751830575065,
            48,
            222,
            32,
            2,
            4.663917327891469e-06,
            1
        ],
        [
            0.0053426751830575065,
            48,
            222,
            104,
            2,
            4.663917327891469e-06,
            1
        ],
        [
            0.0053426751830575065,
            48,
            222,
            32,
            2,
            4.663917327891469e-06,
            1
        ],
        [
            0.0053426751830575065,
            48,
            222,
            32,
            2,
            4.663917327891469e-06,
            1
        ],
        [
            0.0053426751830575065,
            48,
            222,
            32,
            2,
            4.663917327891469e-06,
            1
        ],
        [
            0.0053426751830575065,
            48,
            222,
            32,
            2,
            4.663917327891469e-06,
            1
        ],
        [
            0.0053426751830575065,
            48,
            222,
            32,
            2,
            4.663917327891469e-06,
            1
        ]
    ]
}