Metric,Average,Std Dev,Max,Min
Training MAE,0.01884392499923706,0.015161992536566679,0.054662685841321945,0.004141904413700104
Training R²,0.9023833870887756,0.14183904974184483,0.9949600696563721,0.5138704180717468
Validation MAE,0.019416776718571782,0.014882201490008956,0.05684898793697357,0.0073394738137722015
Validation R²,0.9423194110393525,0.08312680051942399,0.9916806221008301,0.7080896496772766
