Metric,Average,Std Dev,Max,Min
Training MAE,0.015172835998237133,0.007391811206661971,0.029565930366516113,0.003828851506114006
Training R²,0.8954870760440826,0.08264181307302942,0.9891192317008972,0.6946095824241638
Validation MAE,0.01986087942495942,0.00805600536742264,0.034917235374450684,0.007698463276028633
Validation R²,0.9535202443599701,0.03057013624595578,0.9910159707069397,0.8850077986717224
