Metric,Average,Std Dev,Max,Min
Training MAE,0.017231129575520754,0.009798047198296357,0.038564153015613556,0.004906266462057829
Training R²,0.9928750574588776,0.00699677625566856,0.9992780685424805,0.9747467041015625
Validation MAE,0.018546734238043427,0.010248000044486658,0.038711726665496826,0.006463271100074053
Validation R²,0.9545636832714081,0.041064662429320026,0.9930095672607422,0.8597914576530457
