Metric,Average,Std Dev,Max,Min
Training MAE,0.01126701661851257,0.011027238413366218,0.03924163803458214,0.0026392305735498667
Training R²,0.995622432231903,0.007580364768200394,0.9997773766517639,0.9740473628044128
Validation MAE,0.01946352617815137,0.01398181867315446,0.051606301218271255,0.00538534764200449
Validation R²,0.9385534405708313,0.07210797089983569,0.9955793023109436,0.7494776248931885
