Metric,Average,Std Dev,Max,Min
Training MAE,0.017547434102743863,0.006723103696958389,0.031093480065464973,0.005556438118219376
Training R²,0.7745025247335434,0.15279980814943223,0.9759078621864319,0.42511728405952454
Validation MAE,0.026374708209186793,0.009279355848530131,0.0394229032099247,0.012766419909894466
Validation R²,0.8929438054561615,0.06997050337152731,0.9743576049804688,0.7751639485359192
