Metric,Average,Std Dev,Max,Min
Training MAE,0.03430782363284379,0.01738314134474887,0.05981302261352539,0.003872626693919301
Training R²,0.7538190156221389,0.19659547638281752,0.995908796787262,0.40831080079078674
Validation MAE,0.03864488424733281,0.018874511309158733,0.06856922060251236,0.005674918182194233
Validation R²,0.824374657869339,0.13719540207913078,0.9951693415641785,0.5567763447761536
