Metric,Average,Std Dev,Max,Min
Training MAE,0.05658558588474989,0.017969692867696653,0.08207014948129654,0.028360631316900253
Training R²,-0.6982593327760697,1.0024986811777765,0.5932750105857849,-2.0490448474884033
Validation MAE,0.081259710714221,0.022519777539299384,0.10920121520757675,0.0331437848508358
Validation R²,0.09823551028966904,0.4994247867209966,0.8505527973175049,-0.9747094511985779
