{
  "generation": 3,
  "population": [
    [
      3,
      49,
      8,
      29,
      1,
      1,
      2,
      30,
      18,
      0.001,
      5,
      32,
      1e-05,
      0.03,
      1.3262588211181843e-08,
      80,
      0.001,
      36
    ],
    [
      3,
      49,
      8,
      35,
      1,
      1,
      2,
      30,
      18,
      0.001,
      5,
      32,
      1e-05,
      0.03,
      1e-08,
      80,
      0.001,
      20
    ],
    [
      3,
      49,
      8,
      29,
      1,
      1,
      2,
      30,
      18,
      0.001,
      5,
      32,
      1e-05,
      0.03,
      1.3262588211181843e-08,
      80,
      0.001,
      36
    ],
    [
      3,
      49,
      8,
      35,
      0,
      1,
      2,
      30,
      18,
      0.001,
      5,
      32,
      1e-05,
      0.03,
      9.968802897148039e-08,
      80,
      0.001,
      20
    ],
    [
      3,
      49,
      8,
      35,
      1,
      1,
      2,
      30,
      18,
      0.001,
      5,
      32,
      1e-05,
      0.03,
      1.3262588211181843e-08,
      80,
      0.001,
      20
    ],
    [
      3,
      49,
      8,
      29,
      1,
      1,
      2,
      30,
      18,
      0.001,
      5,
      32,
      1e-05,
      0.03,
      1e-08,
      80,
      0.001,
      36
    ],
    [
      3,
      49,
      8,
      35,
      1,
      1,
      2,
      30,
      18,
      0.001,
      5,
      32,
      1e-05,
      0.03,
      1e-08,
      80,
      0.001,
      20
    ],
    [
      3,
      49,
      8,
      29,
      1,
      1,
      2,
      30,
      18,
      0.001,
      5,
      32,
      1e-05,
      0.03,
      1.3262588211181843e-08,
      80,
      0.001,
      36
    ],
    [
      3,
      49,
      8,
      35,
      0,
      1,
      2,
      30,
      18,
      0.001,
      5,
      32,
      1e-05,
      0.03,
      9.968802897148039e-08,
      80,
      0.001,
      20
    ],
    [
      1,
      26,
      8,
      29,
      1,
      1,
      2,
      30,
      18,
      0.001,
      5,
      50,
      1e-05,
      0.03,
      1.3262588211181843e-08,
      80,
      0.016997981569963225,
      36
    ],
    [
      3,
      49,
      8,
      35,
      1,
      1,
      2,
      30,
      18,
      0.001,
      5,
      32,
      1e-05,
      0.03,
      1e-08,
      80,
      0.001,
      20
    ],
    [
      3,
      49,
      8,
      35,
      1,
      1,
      2,
      30,
      18,
      0.001,
      5,
      32,
      1e-05,
      0.03,
      1e-08,
      80,
      0.001,
      20
    ],
    [
      3,
      49,
      8,
      29,
      1,
      1,
      2,
      30,
      18,
      0.001,
      5,
      32,
      1e-05,
      0.03,
      1.3262588211181843e-08,
      80,
      0.001,
      36
    ],
    [
      3,
      49,
      8,
      29,
      1,
      1,
      2,
      30,
      18,
      0.001,
      5,
      32,
      1e-05,
      0.03,
      1.3262588211181843e-08,
      80,
      0.001,
      36
    ],
    [
      3,
      49,
      8,
      35,
      1,
      1,
      2,
      30,
      18,
      0.001,
      1,
      32,
      1e-05,
      0.03,
      1e-08,
      80,
      0.001,
      20
    ],
    [
      3,
      49,
      8,
      29,
      1,
      1,
      2,
      30,
      32,
      0.001,
      5,
      32,
      1e-05,
      0.03,
      1.3262588211181843e-08,
      80,
      0.001,
      36
    ],
    [
      3,
      49,
      8,
      29,
      1,
      1,
      2,
      30,
      18,
      0.001,
      5,
      32,
      1e-05,
      0.03,
      1.3262588211181843e-08,
      80,
      0.001,
      36
    ],
    [
      3,
      49,
      24,
      35,
      0,
      1,
      2,
      30,
      18,
      0.001,
      5,
      32,
      1e-05,
      0.03,
      1.140681073065315e-07,
      80,
      0.001,
      20
    ],
    [
      3,
      49,
      8,
      35,
      0,
      1,
      2,
      30,
      18,
      0.001,
      5,
      32,
      1e-05,
      0.03,
      9.968802897148039e-08,
      80,
      0.001,
      20
    ],
    [
      3,
      49,
      8,
      29,
      1,
      1,
      2,
      30,
      18,
      0.001,
      5,
      32,
      1e-05,
      0.03,
      1.3262588211181843e-08,
      80,
      0.001,
      36
    ]
  ],
  "genome_size": 18,
  "active_parameters": [
    "encoder_conv_layers",
    "encoder_base_filters",
    "encoder_lstm_units",
    "window_size",
    "use_log1p_features",
    "positional_encoding",
    "horizon_attn_heads",
    "horizon_attn_key_dim",
    "horizon_embedding_dim",
    "learning_rate",
    "activation",
    "batch_size",
    "l2_reg",
    "decoder_dropout",
    "min_delta",
    "early_patience",
    "kl_weight",
    "kl_anneal_epochs"
  ],
  "current_stage": 5,
  "meta_mode": true
}