{
    "generation": 14,
    "population": [
        [
            0.08422028950017207,
            7.2476832330954455,
            2.3111482545707847,
            6.209119017353781,
            74
        ],
        [
            0.08422028950017207,
            7.2476832330954455,
            2.3111482545707847,
            6.209119017353781,
            74
        ],
        [
            0.08422028950017207,
            7.2476832330954455,
            2.3111482545707847,
            6.209119017353781,
            74
        ],
        [
            0.08422028950017207,
            7.2476832330954455,
            2.3111482545707847,
            6.209119017353781,
            74
        ],
        [
            0.08422028950017207,
            7.2476832330954455,
            2.3111482545707847,
            6.209119017353781,
            74
        ],
        [
            0.08422028950017207,
            7.2476832330954455,
            2.3111482545707847,
            6.209119017353781,
            74
        ],
        [
            0.08422028950017207,
            7.2476832330954455,
            2.3111482545707847,
            6.209119017353781,
            74
        ],
        [
            0.08422028950017207,
            7.2476832330954455,
            2.3111482545707847,
            6.209119017353781,
            74
        ],
        [
            0.08422028950017207,
            7.2476832330954455,
            2.3111482545707847,
            6.209119017353781,
            74
        ],
        [
            0.08422028950017207,
            7.2476832330954455,
            2.3111482545707847,
            6.209119017353781,
            74
        ],
        [
            0.08422028950017207,
            7.2476832330954455,
            2.3111482545707847,
            6.209119017353781,
            74
        ],
        [
            0.08422028950017207,
            7.2476832330954455,
            2.3111482545707847,
            6.209119017353781,
            74
        ],
        [
            0.08422028950017207,
            7.2476832330954455,
            2.3111482545707847,
            6.209119017353781,
            74
        ],
        [
            0.08422028950017207,
            7.2476832330954455,
            2.3111482545707847,
            6.209119017353781,
            74
        ],
        [
            0.08422028950017207,
            7.2476832330954455,
            2.3111482545707847,
            6.209119017353781,
            74
        ],
        [
            0.08422028950017207,
            7.2476832330954455,
            2.3111482545707847,
            6.209119017353781,
            74
        ],
        [
            0.08422028950017207,
            7.2476832330954455,
            2.3111482545707847,
            6.209119017353781,
            74
        ],
        [
            0.08422028950017207,
            7.2476832330954455,
            2.3111482545707847,
            6.209119017353781,
            74
        ],
        [
            0.08422028950017207,
            7.2476832330954455,
            2.3111482545707847,
            6.209119017353781,
            74
        ],
        [
            0.08422028950017207,
            7.2476832330954455,
            2.3111482545707847,
            6.209119017353781,
            74
        ],
        [
            0.08422028950017207,
            7.2476832330954455,
            2.3111482545707847,
            6.209119017353781,
            74
        ],
        [
            0.1383488710615069,
            7.2476832330954455,
            2.3111482545707847,
            7.101580860893249,
            74
        ],
        [
            0.08422028950017207,
            7.2476832330954455,
            2.3111482545707847,
            6.209119017353781,
            74
        ],
        [
            0.08422028950017207,
            7.2476832330954455,
            2.3111482545707847,
            6.209119017353781,
            74
        ],
        [
            0.08422028950017207,
            7.2476832330954455,
            2.3111482545707847,
            6.209119017353781,
            74
        ]
    ]
}