{
    "OPEN": {
        "mean": 1.2071559053471042,
        "std": 0.11368636916898466
    },
    "LOW": {
        "mean": 1.2063299120800106,
        "std": 0.11375787475987223
    },
    "HIGH": {
        "mean": 1.2080208393254022,
        "std": 0.11359956820175407
    },
    "CLOSE": {
        "mean": 1.207158811609361,
        "std": 0.11368203617177669
    },
    "BC-BO": {
        "mean": 2.906262256506724e-06,
        "std": 0.001288231970788815
    },
    "BH-BL": {
        "mean": 0.0016909272453915197,
        "std": 0.001371381160879322
    },
    "BH-BO": {
        "mean": 0.000864933978297782,
        "std": 0.0010476609417266673
    },
    "BO-BL": {
        "mean": 0.0008259932670936996,
        "std": 0.0010061336635848225
    },
    "RSI": {
        "mean": 49.82090166423527,
        "std": 17.41210840339684
    },
    "MACD": {
        "mean": -2.222761515689602e-05,
        "std": 0.001440232174119773
    },
    "MACD_Signal": {
        "mean": -2.2233940049139265e-05,
        "std": 0.0013542372803658606
    },
    "MACD_Histogram": {
        "mean": 6.324892242581758e-09,
        "std": 0.000438455784105269
    },
    "EMA": {
        "mean": 1.2071890802370662,
        "std": 0.11365542494233055
    },
    "Stochastic_%K": {
        "mean": 49.200411435738495,
        "std": 26.29062784611915
    },
    "Stochastic_%D": {
        "mean": 49.20087483158701,
        "std": 25.499145136177283
    },
    "ADX": {
        "mean": 27.532953566866592,
        "std": 11.178827752173104
    },
    "DI+": {
        "mean": 20.781382382257725,
        "std": 7.789770416576226
    },
    "DI-": {
        "mean": 20.61199102902438,
        "std": 7.720167706989049
    },
    "ATR": {
        "mean": 0.0016984053027913,
        "std": 0.0006162512901575238
    },
    "CCI": {
        "mean": -0.16874062652115351,
        "std": 119.75062501575557
    },
    "BB_MID_20_2": {
        "mean": 1.2071890968590664,
        "std": 0.11366709718405833
    },
    "BB_UP_20_2": {
        "mean": 1.2110336332012066,
        "std": 0.11331645153877064
    },
    "BB_LOW_20_2": {
        "mean": 1.2033445605169264,
        "std": 0.11408332123905077
    },
    "BB_WIDTH_20_2": {
        "mean": 0.0076890726842802895,
        "std": 0.005514419238810778
    },
    "WilliamsR": {
        "mean": -50.800721005107945,
        "std": 28.438325030698724
    },
    "Momentum": {
        "mean": -1.2849065237285302e-05,
        "std": 0.0026224451410149425
    },
    "ROC": {
        "mean": -0.0023489993581379243,
        "std": 0.38284261749636095
    }
}