{
  "1": {
    "mean": -6.860230314487126e-06,
    "std": 0.001346882781945169
  },
  "2": {
    "mean": -1.370157133351313e-05,
    "std": 0.001905810204334557
  },
  "3": {
    "mean": -2.055979348369874e-05,
    "std": 0.0023330352269113064
  },
  "4": {
    "mean": -2.744172525126487e-05,
    "std": 0.0026840802747756243
  },
  "5": {
    "mean": -3.4299544495297596e-05,
    "std": 0.0029957788065075874
  },
  "6": {
    "mean": -4.11726396123413e-05,
    "std": 0.003271800931543112
  }
}