Metric,Average,Std Dev,Max,Min
Training MAE,0.0021754192185186,0.0,0.0021754192185186,0.0021754192185186
Training R²,0.9997547859525375,0.0,0.9997547859525375,0.9997547859525375
Validation MAE,0.11993794382957727,1.3877787807814457e-17,0.11993794382957726,0.11993794382957726
Validation R²,-2.5448192824088567,0.0,-2.5448192824088567,-2.5448192824088567
