Metric,Average,Std Dev,Max,Min
Training MAE,0.047803763300180435,0.029204829670379413,0.07601617276668549,0.0075742341578006744
Training R²,0.9263490212038041,0.05437138078087302,0.9975044254285829,0.8655314318247432
Validation MAE,0.04879492544569075,0.03260930512389408,0.07994823902845383,0.0037707991432398558
Validation R²,0.5633625728081227,0.33186923655437506,0.996938236127178,0.19096338748230066
