Metric,Average,Std Dev,Max,Min
Training MAE,0.0019480580503740321,0.0,0.0019480580503740321,0.0019480580503740321
Training R²,0.9997931760765469,0.0,0.9997931760765469,0.9997931760765469
Validation MAE,0.13951573834965136,0.0,0.13951573834965136,0.13951573834965136
Validation R²,-3.4871611929935233,0.0,-3.4871611929935233,-3.4871611929935233
