Metric,Average,Std Dev,Max,Min
Training MAE,0.009128501483549675,0.00202995673742406,0.011979526840150356,0.007411737460643053
Training R²,0.9961128750955268,0.0019417432605696229,0.9976200881637923,0.9933713596323713
Validation MAE,0.015347997347513834,0.006156706440704982,0.023991135880351067,0.010115566663444042
Validation R²,0.9412148052818193,0.04872960576241954,0.9797309594315972,0.8724669199755969
