Metric,Average,Std Dev,Max,Min
Training MAE,0.002399646173880497,0.0,0.002399646173880497,0.002399646173880497
Training R²,0.9997107742151901,0.0,0.9997107742151901,0.9997107742151901
Validation MAE,0.1468956950885435,0.0,0.1468956950885435,0.1468956950885435
Validation R²,-2.723301539133049,0.0,-2.723301539133049,-2.723301539133049
