Metric,Average,Std Dev,Max,Min
Training MAE,0.011384272016584873,0.0050992719219350785,0.01852547936141491,0.006944053806364536
Training R²,0.9946342396341263,0.003495109142494688,0.9976872378318058,0.989741276012876
Validation MAE,0.010542078719784817,0.00438990983513582,0.016711603850126266,0.006857580970972776
Validation R²,0.9703962908981216,0.019193965400139224,0.9888102533726965,0.9439177448457595
