Metric,Average,Std Dev,Max,Min
Training MAE,0.006449288999040921,2.7807797025804432e-05,0.00648850342258811,0.006427116226404905
Training R²,0.9979187936314111,1.2904177612301206e-05,0.9979328603136962,0.9979016918724737
Validation MAE,0.011754705881079039,0.000922534393705719,0.012789502739906311,0.010549193248152733
Validation R²,0.9640419180627019,0.005046844458391393,0.9707632704396228,0.9586019330588563
