Metric,Average,Std Dev,Max,Min
Training MAE,0.008263884112238884,0.00048768651816418813,0.008948322385549545,0.007848075591027737
Training R²,0.9971965485112976,0.00018614207428437312,0.9974108328567676,0.9969569866565164
Validation MAE,0.009665613062679768,0.0003233452793012835,0.009990918450057507,0.009224642999470234
Validation R²,0.9854867144765177,0.0014470010234444554,0.9869491232353576,0.9835158575613744
