Metric,Average,Std Dev,Max,Min
Training MAE,0.015422059067835411,0.008325428797261338,0.026530025526881218,0.00648740166798234
Training R²,0.9912078731555779,0.007118623531965868,0.9978987206079472,0.981348109726735
Validation MAE,0.01675874770929416,0.0053627922896428044,0.02433227002620697,0.012624666094779968
Validation R²,0.9425570022893837,0.03551476069497429,0.969088003547915,0.8923587679406003
