Metric,Average,Std Dev,Max,Min
Training MAE,0.03909125675757726,0.02238287244952955,0.07074011117219925,0.02276485413312912
Training R²,0.9497575226586038,0.050152105499090556,0.9859244799825689,0.878836425509101
Validation MAE,0.038470204919576645,0.024332528101909882,0.07287485897541046,0.02067819982767105
Validation R²,0.6302389927988677,0.4048575595280387,0.9219335040774803,0.05771832654208727
