Metric,Average,Std Dev,Max,Min
Training MAE,0.0021367813078588932,0.0,0.0021367813078588932,0.0021367813078588932
Training R²,0.9997571027794065,0.0,0.9997571027794065,0.9997571027794065
Validation MAE,0.11865697774196814,0.0,0.11865697774196814,0.11865697774196814
Validation R²,-2.4861435597543937,0.0,-2.4861435597543937,-2.4861435597543937
