Metric,Average,Std Dev,Max,Min
Training MAE,0.006719170603901148,0.0005448729372314001,0.007488777860999107,0.006301076151430607
Training R²,0.997847515671399,0.00022363940684218232,0.9980150781547152,0.9975314329293631
Validation MAE,0.024116596207022667,0.006500445948804515,0.03327374905347824,0.01883544586598873
Validation R²,0.8791210150916441,0.05646124798826831,0.921929366854794,0.7993439640788842
