Metric,Average,Std Dev,Max,Min
Training MAE,0.024643858273824055,0.01954738799419492,0.05224790796637535,0.009552299976348877
Training R²,0.9749186184906565,0.029544991862762483,0.9965026578758422,0.9331434299943387
Validation MAE,0.02380582146967451,0.019404208397847036,0.05106763169169426,0.007458257954567671
Validation R²,0.8309352452541164,0.20765743487222796,0.9868074525698045,0.5374526115233628
