Metric,Average,Std Dev,Max,Min
Training MAE,0.012420226509372393,0.003836523972486719,0.017819082364439964,0.009254278615117073
Training R²,0.9943594275736666,0.0026383191924750924,0.9965849615770006,0.990653141525978
Validation MAE,0.014515481578807036,0.003884330689228465,0.019992277026176453,0.011408884078264236
Validation R²,0.9528873219352182,0.01997596410337871,0.9703911308858965,0.9249320006557573
