Metric,Average,Std Dev,Max,Min
Training MAE,0.006633982993662357,0.00027340671710080996,0.007020561955869198,0.0064340317621827126
Training R²,0.9978351343853222,0.00010770015461688714,0.997917886275995,0.9976830196554552
Validation MAE,0.04514390975236893,0.011875403574227726,0.05933624878525734,0.030271433293819427
Validation R²,0.5878642114295388,0.1923255070727991,0.8121325324718388,0.3424579940515036
