Metric,Average,Std Dev,Max,Min
Training MAE,0.006483955308794975,2.277141639348704e-05,0.006515391170978546,0.006462183780968189
Training R²,0.9979185410238335,6.7066482900775144e-06,0.9979238324333733,0.9979090784696636
Validation MAE,0.01916371410091718,0.0020554329506900517,0.021983548998832703,0.017142564058303833
Validation R²,0.9071541077095223,0.017560848981819616,0.9242350119590501,0.8830009313523491
