{
    "OPEN": {
        "mean": 1.206940935130291,
        "std": 0.11369190333944046
    },
    "LOW": {
        "mean": 1.2061045846546257,
        "std": 0.11376385988458132
    },
    "HIGH": {
        "mean": 1.2078178243485456,
        "std": 0.11360412749987651
    },
    "CLOSE": {
        "mean": 1.2069430876878533,
        "std": 0.11368750341104501
    },
    "BC-BO": {
        "mean": 2.1525575623908586e-06,
        "std": 0.0013049600145247317
    },
    "BH-BL": {
        "mean": 0.0017132396939197223,
        "std": 0.0013854870360345132
    },
    "BH-BO": {
        "mean": 0.0008768892182544806,
        "std": 0.001061072845504266
    },
    "BO-BL": {
        "mean": 0.0008363504756652038,
        "std": 0.0010169194016243323
    },
    "S&P500_Close": {
        "mean": 1975.395045819213,
        "std": 269.7736914414293
    },
    "vix_close": {
        "mean": 14.755488777101476,
        "std": 3.504773579527591
    }
}