Metric,Average,Std Dev,Max,Min
Training MAE,0.028185774261752766,0.0003486630800219645,0.02846604399383068,0.027694305405020714
Training R²,0.9412412047386169,0.0010421352217378109,0.9421918392181396,0.9397905468940735
Validation MAE,0.11491895218690236,0.02573724171645574,0.1512586623430252,0.09496653825044632
Validation R²,-3.784941077232361,2.8074959269670186,-1.5910528898239136,-7.747751712799072
