Metric,Average,Std Dev,Max,Min
Training MAE,0.03742994616429011,0.004939808328101857,0.044164758175611496,0.0324549674987793
Training R²,0.9379815845266194,0.016152465916373877,0.9543080314787199,0.915982227912672
Validation MAE,0.2719169358412425,0.13787676280191435,0.4637795090675354,0.14587639272212982
Validation R²,-26.81056500326245,24.627056306089603,-8.018774838780475,-61.601131185273964
