Metric,Average,Std Dev,Max,Min
Training MAE,0.002275948340687655,0.0,0.002275948340687655,0.002275948340687655
Training R²,0.9992191892125795,0.0,0.9992191892125795,0.9992191892125795
Validation MAE,0.16090735773664255,0.0,0.16090735773664255,0.16090735773664255
Validation R²,-4.878808412927893,0.0,-4.878808412927893,-4.878808412927893
