Metric,Average,Std Dev,Max,Min
Training MAE,0.032805306216080986,0.0013424072207780338,0.034529104828834534,0.03125458583235741
Training R²,0.9533393165828138,0.0027656946596892793,0.9572354420696634,0.9510933359497091
Validation MAE,0.4438589811325073,0.25004220087177054,0.7195931673049927,0.11426383256912231
Validation R²,-64.96414467691783,48.2861019453993,-4.593464944141478,-122.78745178176534
