Metric,Average,Std Dev,Max,Min
Training MAE,0.004647094989195466,0.0025925695135938028,0.008311598561704159,0.0027114739641547203
Training R²,0.9991644024848938,0.0007989528426547865,0.9997503161430359,0.9980347752571106
Validation MAE,0.006741679816817244,0.005760094676379197,0.014758214354515076,0.0014806489925831556
Validation R²,0.9846336444218954,0.018774870214507564,0.9994075894355774,0.9581406116485596
