Metric,Average,Std Dev,Max,Min
Training MAE,0.0033002506784541225,4.336808689942018e-19,0.003300250678454123,0.003300250678454123
Training R²,0.9990464623048428,0.0,0.9990464623048428,0.9990464623048428
Validation MAE,0.1650922006182655,0.0,0.1650922006182655,0.1650922006182655
Validation R²,-5.107207107154719,0.0,-5.107207107154719,-5.107207107154719
