Metric,Average,Std Dev,Max,Min
Training MAE,0.0010284337529520055,0.0,0.0010284337529520055,0.0010284337529520055
Training R²,0.9999142025535503,0.0,0.9999142025535503,0.9999142025535503
Validation MAE,0.4216316079048737,0.0,0.4216316079048737,0.4216316079048737
Validation R²,-32.94732781554358,0.0,-32.94732781554358,-32.94732781554358
