Metric,Average,Std Dev,Max,Min
Training MAE,0.004171502621223529,0.00011605217694035858,0.004287723917514086,0.004013034515082836
Training R²,0.9994203198034312,9.494542004702095e-05,0.999509064948239,0.9992886822687764
Validation MAE,0.005774149127925436,0.0023309885375813488,0.008418004959821701,0.0027469994965940714
Validation R²,0.9918842943650045,0.004884726220943501,0.9984168305927962,0.986672440682494
