Metric,Average,Std Dev,Max,Min
Training MAE,0.004813136998564005,0.001918074750466903,0.006931690499186516,0.002286783419549465
Training R²,0.9992589636276783,0.00045127210953034347,0.9998102093090525,0.9987048341904182
Validation MAE,0.00224829752308627,0.00016054510986694933,0.002392575377598405,0.002024336252361536
Validation R²,0.9987751941766282,0.0001230874707836737,0.9988885498946752,0.9986041106836289
