Metric,Average,Std Dev,Max,Min
Training MAE,0.0403029831747214,0.007763120210988308,0.05032346025109291,0.031407956033945084
Training R²,0.9362718275789442,0.01846724280500084,0.9566369232895751,0.91192927468299
Validation MAE,0.0898859476049741,0.022443627273250475,0.11712203174829483,0.062153324484825134
Validation R²,-0.9228138324683357,0.7890498274834514,0.005786638515518121,-1.9230014808968985
