Metric,Average,Std Dev,Max,Min
Training MAE,0.20521531129876772,0.2392328055927266,0.5434885621070862,0.03089132159948349
Training R²,-1.867156877150773,3.978835426250015,0.9563495747144412,-7.49406793061248
Validation MAE,0.10621823370456696,0.061807206089553396,0.1917182058095932,0.047735728323459625
Validation R²,-2.781834050826648,3.8818948908600084,0.34175167522747923,-8.253367451858853
