Metric,Average,Std Dev,Max,Min
Training MAE,0.005187231853293876,0.002454311522686867,0.007600054610520601,0.001819991390220821
Training R²,0.9991108878864031,0.0005690722053128629,0.9998903319493159,0.9985476291819291
Validation MAE,0.004181326483376324,0.0018081615528548853,0.005875293631106615,0.001675418927334249
Validation R²,0.9959015657674821,0.002498135068795051,0.9992815926785381,0.9933212816826966
