Metric,Average,Std Dev,Max,Min
Training MAE,0.024871402730544407,0.00016869015473396426,0.025022467598319054,0.02463596686720848
Training R²,0.9470640818277994,0.0002506570766524907,0.9473950266838074,0.9467886090278625
Validation MAE,0.013773936467866102,0.0004700906754944692,0.01422344334423542,0.013124994933605194
Validation R²,0.9425782561302185,0.003483749007182364,0.9473305344581604,0.9390766620635986
