Metric,Average,Std Dev,Max,Min
Training MAE,0.035150143007437386,0.0035791747877610743,0.040105778723955154,0.03177957981824875
Training R²,0.9456634466750807,0.007868995380701512,0.9543910873161061,0.9353202577354667
Validation MAE,0.3165012151002884,0.09877692907524457,0.45385900139808655,0.22580070793628693
Validation R²,-39.785997539849376,37.53537606313675,-9.985894076546963,-92.72973546887114
