Metric,Average,Std Dev,Max,Min
Training MAE,0.05151019680003325,0.017450468001477457,0.07337222993373871,0.030663693323731422
Training R²,0.8202783664067587,0.0936283955570384,0.9251477122306824,0.6978349089622498
Validation MAE,0.045728170002500214,0.015377080201684303,0.06426163017749786,0.026609281077980995
Validation R²,0.5199133604764938,0.26287449793059203,0.8252947926521301,0.18361671268939972
