Metric,Average,Std Dev,Max,Min
Training MAE,0.18982570121685663,0.21922823002711292,0.4998394548892975,0.031636111438274384
Training R²,-1.6003654758226347,3.605897864025061,0.9566669288479894,-6.699868209116807
Validation MAE,0.15677612026532492,0.04924419108847419,0.22615137696266174,0.11681678891181946
Validation R²,-6.91384797776663,5.5161397775553525,-2.6956257685252503,-14.705973081436566
