Metric,Average,Std Dev,Max,Min
Training MAE,0.009795943962638838,0.0,0.009795943962638838,0.009795943962638838
Training R²,0.9949524585861159,0.0,0.9949524585861159,0.9949524585861159
Validation MAE,0.19496232499168994,0.0,0.19496232499168994,0.19496232499168994
Validation R²,-5.008907696903042,0.0,-5.008907696903042,-5.008907696903042
