Metric,Average,Std Dev,Max,Min
Training MAE,0.04799619565407435,0.011245447512255756,0.06240653991699219,0.03496465086936951
Training R²,0.9151522221123932,0.029669294682965315,0.9500159530009847,0.8775017817461883
Validation MAE,0.12332374850908916,0.044720849335720896,0.17918062210083008,0.0697060376405716
Validation R²,-2.8981092927789365,2.245941762996517,-0.38863530037405436,-5.839051144638151
