Metric,Average,Std Dev,Max,Min
Training MAE,0.19795294726888338,0.2343976121988903,0.5294385552406311,0.031057022511959076
Training R²,-1.756762449359055,3.8348414027715174,0.9565943866856973,-7.180046809298209
Validation MAE,0.1336855540672938,0.0473653539449926,0.20059658586978912,0.09750965237617493
Validation R²,-2.70120370446956,2.601063560402817,-0.7790365157571103,-6.378397098127174
