Metric,Average,Std Dev,Max,Min
Training MAE,0.03660980239510536,0.003972169089488736,0.04194776341319084,0.03242529556155205
Training R²,0.9457418391201983,0.007433038069547272,0.9531604202054998,0.9355828529703415
Validation MAE,0.11623965700467427,0.014795020072282249,0.13007280230522156,0.09572815895080566
Validation R²,-1.4051329055762818,0.4532537710840588,-0.7998771971469479,-1.8905382667855442
