{
    "execution_time": 31266.039895772934,
    "encoder": {
        "input_shape": 144,
        "intermediate_layers": 2
    },
    "decoder": {
        "interface_size": 48,
        "output_shape": 144,
        "intermediate_layers": 2
    },
    "val_mae": 0.03354611620306969,
    "train_mae": 0.029435135424137115
}