DATE_TIME,ATR,RSI,MACD,MACD_Histogram,MACD_Signal,ADX,DI_plus,DI_minus,Stochastic_K,Stochastic_D,BB_Width,CCI,WilliamsR,ROC,ATR_ratio,BB_position,rolling_std_24,price_minus_ema,hod_sin,hod_cos,dow_sin,dow_cos,buy_entry_label,sell_entry_label,buy_exit_label,sell_exit_label,bars_to_friday
2018-12-21 18:00:00,0.0034947010648411886,44.967486457364075,0.002227845156337116,-0.0014129475077289616,0.0036407926640660776,30.322427114956678,22.796686608799238,28.597265973181074,22.58130583931023,37.189783402791726,0.013920953990301577,-86.28601519596178,-88.0585516178724,-0.15277631440310582,0.3757832145393181,0.2313402513501998,0.003564349282713505,-0.0028038516087314225,-1.0,-1.8369701987210297e-16,-0.433883739117558,-0.9009688679024191,1,0,1,0,2131
2018-12-23 22:00:00,0.003370823420146772,47.13766469275979,0.0018197404944784168,-0.001456841735670129,0.0032765822301485457,28.59926570388761,21.79852012665858,27.345117673512256,16.066228301006245,24.880682390622315,0.013456952998360805,-80.69543335906566,-81.35593220338913,-0.8529063284081375,0.3895932347422751,0.27922193825290664,0.0034696820747266554,-0.0022667434800331954,-0.5000000000000004,0.8660254037844384,-0.7818314824680299,0.6234898018587334,1,0,1,0,2130
2018-12-24 02:00:00,0.0032256273618033312,49.73832886530864,0.0015638209959338845,-0.0013702089873717294,0.002934029983305614,26.52780428059651,23.725590081033108,26.36999630560798,19.13199794555831,19.25984402862493,0.012845202061474215,-57.276057276051525,-73.18952234206355,-0.4805130131660425,0.40713010298431046,0.339862386737426,0.0032883569920137807,-0.0009415373349637157,0.49999999999999994,0.8660254037844387,0.0,1.0,0,0,0,0,2129
2018-12-24 06:00:00,0.003239011384132024,50.77175721666556,0.001378997217918343,-0.001244026212309817,0.00262302343022816,24.433788722120237,25.510766191208447,24.245358887799103,25.166923472008886,20.121716572857817,0.01263669007296242,-47.561752712276636,-69.95377503852067,-0.5550270968417687,0.4054477876902921,0.3649171586749432,0.003191469709239563,-0.0003663476815001232,1.0,6.123233995736766e-17,0.0,1.0,1,0,1,0,2128
2018-12-24 10:00:00,0.003212364852858236,55.23246549239587,0.0013692464263914683,-0.0010030216030693533,0.0023722680294608217,22.937705968380346,25.992617693929443,22.580019769192095,33.821263482281346,26.040061633282846,0.01243732189822655,-15.897741136138684,-55.39291217257174,-0.28479575077749403,0.4088109726488639,0.5041809643929517,0.00316076938479645,0.0009754934663532833,0.49999999999999994,-0.8660254037844387,0.0,1.0,0,0,0,0,2127
2018-12-24 14:00:00,0.003263848050127837,54.0055809741522,0.0013109032543818788,-0.0008490918200631543,0.002159995074445033,22.37448990898583,28.52729418093415,20.535395206106188,38.62352336928709,32.53723677452577,0.01224105812420273,4.483044810842624,-58.78274268104629,-0.3711044942937109,0.40236248128909163,0.45988908842535225,0.0030453214162354447,0.0017438539890450855,-0.4999999999999997,-0.8660254037844388,0.0,1.0,0,0,0,0,2126
2018-12-24 18:00:00,0.0032113716506365396,54.81623880597809,0.0012765785098798332,-0.0007067332516521602,0.0019833117615319935,21.704537476974426,26.8006502268405,20.069651721720902,43.307908009456845,38.58423162034176,0.012184341426606071,-11.576620115767964,-55.90062111801143,-0.29440542334974606,0.4089374083313263,0.48210818358027785,0.00288301639862703,0.0010983456699211747,-1.0,-1.8369701987210297e-16,0.0,1.0,0,1,0,1,2125
2018-12-24 22:00:00,0.0031216441303680807,55.25376954016313,0.0012486992541032027,-0.0005876900059430328,0.0018363892600462355,21.097978395082986,25.494504263220588,19.091545057676978,43.578630286442795,41.83668722172891,0.012149597359587982,-8.820148020400879,-54.58074534161388,-0.11550577528876337,0.42069177175719624,0.5003703826445437,0.0027890041128019096,0.0010595446829944066,-0.5000000000000004,0.8660254037844384,0.0,1.0,0,1,0,1,2124
2018-12-25 02:00:00,0.0029744758298041133,56.3515478651322,0.0012453328941175457,-0.00047284509274295194,0.0017181779868604976,20.616286256764997,25.177369311037815,18.532968540870616,47.52316033266766,44.8032328761891,0.011694651085009333,2.6833423861359673,-46.94915254237172,0.06923144334414762,0.44150636116834246,0.5182989640686648,0.0027319555853734362,0.0014685144416879403,0.49999999999999994,0.8660254037844387,0.7818314824680298,0.6234898018587336,0,1,0,1,2123
2018-12-25 06:00:00,0.0028919115771086903,51.47540798699492,0.0011112386474720903,-0.00048555147151072594,0.0015967901189828163,19.71633871536732,23.960335103875003,19.808465563071135,46.35444081833265,45.81874381248104,0.011325994172703524,-25.00815907020463,-59.40677966101645,0.15984542420515832,0.4541113948279763,0.3793924860660479,0.002696585121302009,0.0006027666196863901,1.0,6.123233995736766e-17,0.7818314824680298,0.6234898018587336,0,0,0,0,2122
2018-12-25 22:00:00,0.002853770858984579,53.28196654184129,0.0010421763328927192,-0.00044369102887207787,0.001485867361764797,18.647596343829278,22.471506650010706,19.778594062713427,46.46892655367302,46.78217590155777,0.011044732862324658,-27.491408934712904,-54.23728813559274,0.33855678080865903,0.4601806048532141,0.4219990188319734,0.0026813045110243667,0.0006158786234444769,-0.5000000000000004,0.8660254037844384,0.7818314824680298,0.6234898018587336,0,1,0,1,2121
2018-12-26 02:00:00,0.002782184042573859,50.810633217499635,0.0009171596894714806,-0.0004549661378346532,0.0013721258273061338,17.6729122025648,21.33762585694668,18.780593872035947,47.59079903147741,46.80472213449436,0.009666961466774815,-33.629566472097146,-43.58353510895859,0.19682790738544173,0.47202125377194093,0.373383171722908,0.002681850157955973,0.00026300833356884823,0.49999999999999994,0.8660254037844387,0.9749279121818236,-0.22252093395631434,0,0,0,1,2120
2018-12-26 06:00:00,0.002773134261213309,45.25148483968743,0.0006635750293610965,-0.0005668406383560298,0.0012304156677171263,16.65983831034362,19.82169137106305,21.82655036581254,45.52058111380219,46.52676889965087,0.009575319106959856,-76.835303161329,-65.6174334140421,-0.056184213991622746,0.47356163686983677,0.21416096221685282,0.002690688538421209,-0.0010858989997832857,1.0,6.123233995736766e-17,0.9749279121818236,-0.22252093395631434,0,0,0,0,2119
2018-12-26 10:00:00,0.0026746530851736146,46.90150924711274,0.0004956260787973843,-0.0005878316711357937,0.001083457749933178,16.029586904389152,19.03334862061792,22.61562590739822,43.664245359160894,45.59187516814683,0.008734474225739586,-93.45327336332271,-59.80629539951663,-0.050898177318721316,0.4909982559157781,0.2813262767011771,0.0026696334002912687,-0.00159396041313431,0.49999999999999994,-0.8660254037844387,0.9749279121818236,-0.22252093395631434,0,0,0,0,2118
2018-12-26 14:00:00,0.002912334889272221,38.26059564173133,9.195523628968694e-05,-0.0007932020109147928,0.0008851572472044798,15.372516406315263,22.391186509518622,19.239343141679015,25.138198179911615,38.10767488429156,0.009131074635556402,-119.30726081669935,-99.16167664670643,-0.5090150864712457,0.45092685076755545,-0.025294140223377726,0.002724892051962654,-0.0023557769134168183,-0.4999999999999997,-0.8660254037844388,0.9749279121818236,-0.22252093395631434,0,0,0,0,2117
2018-12-26 18:00:00,0.0028731947280253188,37.81137109124645,-0.00024131343218547485,-0.0009011765435119638,0.0006598631113264889,14.215431183974971,21.02746188250889,21.18957681529003,17.473929206466323,28.758790915179613,0.008993237236952112,-173.8038356578245,-88.61024033437799,-0.4881768304440108,0.4570696121604563,-0.0009875622414921618,0.002870640372346416,-0.004056381427010036,-1.0,-1.8369701987210297e-16,0.9749279121818236,-0.22252093395631434,1,0,1,0,2116
2018-12-26 22:00:00,0.002844345402951299,44.76105277428753,-0.0003409249139572079,-0.0008006304202269575,0.0004597055062697496,13.61979428364615,22.57137742546365,19.834014142132027,14.80399702163068,19.138708136002872,0.008103098419746768,-111.01951085462994,-67.81609195402355,-0.3425887795603368,0.4617055293767659,0.23448428137599728,0.002787817842194534,-0.002465337579515836,-0.5000000000000004,0.8660254037844384,0.9749279121818236,-0.22252093395631434,1,0,1,0,2115
2018-12-27 02:00:00,0.0027568843126518166,47.702425325905445,-0.00034089487928889994,-0.0006404803084469196,0.0002995854291580197,13.589295339864538,24.743041048906903,18.964731584807417,28.49181469871128,20.256580308936094,0.00759028431615727,-49.82411256796068,-58.09822361546462,-0.27595752882222957,0.4763529590172753,0.3685161242411389,0.002715263115099731,-0.0009985105731546984,0.49999999999999994,0.8660254037844387,0.43388373911755823,-0.900968867902419,0,0,0,0,2114
2018-12-27 06:00:00,0.002760766946200755,51.0525388663984,-0.0002484394973774062,-0.00043841994122834077,0.00018998044385093454,13.970055147161599,25.576336377283184,17.553732049936055,42.528735632183746,28.608182450841905,0.007416214667881338,-17.51697614324699,-46.49947753396059,-0.21455656849609533,0.47568303503750525,0.5262937372679442,0.0024544250641101517,-0.00031449639396874396,1.0,6.123233995736766e-17,0.43388373911755823,-0.900968867902419,0,0,0,0,2113
2018-12-27 10:00:00,0.0028884187604579724,52.09459764965728,-0.00014525149733413123,-0.00026818555294805263,0.0001229340556139214,14.687699035395088,25.087477053641756,15.553570078478494,54.82265180541102,41.94773404543535,0.00740597029430301,-7.5181396975134085,-30.934343434341717,-0.0552428052822564,0.4546605284449053,0.5655552183855482,0.002183717799980967,-0.0001145366824513161,0.49999999999999994,-0.8660254037844387,0.43388373911755823,-0.900968867902419,1,0,1,0,2112
2018-12-27 14:00:00,0.0030961939077036914,61.702841444735476,0.0002427761550909402,9.587367958161503e-05,0.00014690247550932516,16.56594574780773,31.111908542620025,13.452591226725282,69.93606843270469,55.76248529009982,0.008029787294823176,133.17844132748314,-12.757973733583617,0.22698789690017723,0.42414979137207165,0.9973357143064802,0.0020042397040941325,0.003145292918811382,-0.4999999999999997,-0.8660254037844388,0.43388373911755823,-0.900968867902419,1,0,1,0,2111
2018-12-27 18:00:00,0.0030673673312797637,59.97777449553179,0.0005033359835711071,0.00028514680644942553,0.00021818917712168156,18.411477803284058,30.2104875069657,12.591023949822166,78.45148180733442,67.73673401515003,0.008436401839653662,157.8665595931166,-20.953237410071402,0.24730551000184556,0.4281358761984621,0.8829239125163026,0.0019988837414310094,0.003951669485306342,-1.0,-1.8369701987210297e-16,0.43388373911755823,-0.900968867902419,1,0,1,0,2110
2018-12-27 22:00:00,0.0029999828704453894,63.686537343824426,0.0008397479747326297,0.0004972470380887585,0.0003425009366438712,20.11243875437832,28.644599503399746,11.938398488181003,86.96436846770273,78.45063956924729,0.009437748884141506,151.12299399048388,-5.39568345323681,0.559522868411112,0.437752499501782,0.9952452176232311,0.002176366133050856,0.004012735926481659,-0.5000000000000004,0.8660254037844384,0.43388373911755823,-0.900968867902419,0,0,0,0,2109
2018-12-28 02:00:00,0.002928137256690471,64.99892212329912,0.0011456006974408517,0.0006424798086375844,0.0005031208888032673,22.135581387944676,31.678832823410204,11.343663789952855,87.93480953735836,84.45021993746518,0.010488213575252647,176.65435153486717,-9.846650524616695,0.5742130910048721,0.44849332011310894,0.9792045817849304,0.002480588990367568,0.005034917052362919,0.49999999999999994,0.8660254037844387,-0.433883739117558,-0.9009688679024191,0,0,0,0,2108
2018-12-28 06:00:00,0.0029797399404604273,60.709456413624565,0.0012780425662584083,0.0006199373419641127,0.0006581052242942956,23.02010129303367,28.873604477461434,14.20723223795876,88.37591280920567,87.75836360475559,0.010989575242024596,128.2763115021183,-19.62992759452944,0.7661080828805602,0.4407263809059382,0.8368192053361019,0.0025761647460351765,0.0037949236881738013,1.0,6.123233995736766e-17,-0.433883739117558,-0.9009688679024191,0,0,1,0,2107
2018-12-28 10:00:00,0.00301524105281477,64.57161138674087,0.001511630439933187,0.0006828201725111131,0.0008288102674220739,23.99470171695122,27.788305789334373,13.023284957154141,87.14417092998168,87.81829775884857,0.011996035845233344,141.598989092453,-9.090909090908783,0.9432715935212828,0.4355373175799867,0.9380196981562081,0.002723533318304153,0.0044358631264529436,0.49999999999999994,-0.8660254037844387,-0.433883739117558,-0.9009688679024191,0,1,0,1,2106
2018-12-28 14:00:00,0.003077075696177904,57.68874943003087,0.0015146792818157007,0.0005486952115149014,0.0009659840703007993,24.420910900071615,25.260038073194558,13.672154414511587,82.15725577357503,85.89244650425412,0.01231691130113921,97.79339348931089,-24.80739599383669,0.5873043784068946,0.42678508092316797,0.7497379354932575,0.0028058436225101213,0.003099660743003607,-0.4999999999999997,-0.8660254037844388,-0.433883739117558,-0.9009688679024191,0,0,0,0,2105
2018-12-28 18:00:00,0.0029985066208664695,58.66563240051987,0.0015333109467456918,0.0004538615011559139,0.0010794494455897779,24.81467310124652,24.048397184879466,13.016346166242984,81.51001540832081,83.60381403729251,0.012686127856841534,81.23143330253257,-21.57164869029211,0.5420220849841442,0.43796801743279595,0.7636738363153277,0.0028694868128720445,0.0026370212168966845,-1.0,-1.8369701987210297e-16,-0.433883739117558,-0.9009688679024191,0,0,0,1,2104
2018-12-30 22:00:00,0.0028852377693816505,56.65330531217576,0.0014825715281381324,0.00032249766603868356,0.0011600738620994489,25.178594576265116,23.187671613717296,12.550473039553765,75.808936825886,79.82540266926061,0.012898529993767838,68.12477026710522,-26.194144838213184,0.39142034683703475,0.45516179426746134,0.705023363226465,0.002932498807371785,0.0021868595195446705,-0.5000000000000004,0.8660254037844384,-0.7818314824680299,0.6234898018587334,0,0,0,0,2103
2018-12-31 02:00:00,0.0028170315407862316,53.42959360580966,0.0013477463821849334,0.0001501380160683877,0.0011976083661165457,24.576468602123747,22.035412554796213,15.640954066500315,71.87071096429962,76.39655439950214,0.012952994866058276,38.128169663440325,-36.622073578595824,0.27461198992795643,0.46618221379000707,0.6188528225263253,0.0029538516437043268,0.0009784440913145342,0.49999999999999994,0.8660254037844387,0.0,1.0,1,0,1,0,2102
2018-12-31 06:00:00,0.00277686668660049,55.4892110569073,0.0012857865512279076,7.054254808908957e-05,0.001215244003138818,24.275459863335982,22.300268771213954,14.723080089686647,67.8578133132024,71.84582036779601,0.01309816842158229,46.331134319793314,-33.61034164358377,0.00349766530839072,0.4729251160442685,0.6639923942694526,0.002987724684818545,0.0013969685640093932,1.0,6.123233995736766e-17,0.0,1.0,0,0,0,0,2101
2018-12-31 10:00:00,0.0027972682587353867,58.10477737205628,0.001299968603313273,6.777968013956383e-05,0.001232188923173709,24.726606598195136,25.43678389579125,13.56254400766534,68.37128172187742,69.36660199979315,0.013318840189751935,69.39664306435752,-24.65373961218814,0.13297058025911468,0.46947588809151447,0.7178117582814733,0.003068002777488451,0.0025026777455554594,0.49999999999999994,-0.8660254037844387,0.0,1.0,0,0,0,0,2100
2018-12-31 14:00:00,0.0028399515857890486,59.60686680163667,0.0013417355261344799,8.763728236861655e-05,0.0012540982437658633,24.54151156331942,23.250276042178243,14.805594624770238,74.11511234225883,70.11473579244621,0.013293652470264039,57.45797651248995,-19.390581717451628,0.03144544215784877,0.46241985482126735,0.7357892239932899,0.003126933562844771,0.0019957968592441144,-0.4999999999999997,-0.8660254037844388,0.0,1.0,1,0,1,0,2099
2018-12-31 18:00:00,0.0028248415226941738,63.734013383137864,0.0014931855593860455,0.0001912698524961457,0.0013019157068898998,24.717697138891435,24.01081799478519,13.813542177083583,83.58158685207174,75.355993638736,0.013600891735477294,84.54945020568016,-5.2109181141450245,0.12134545041859837,0.46489333629856044,0.824831642360323,0.003237468740329334,0.0031425331105046084,-1.0,-1.8369701987210297e-16,0.0,1.0,0,0,0,1,2098
2018-12-31 22:00:00,0.0026381935844370136,64.27222316017173,0.0016131742115415015,0.00024900680372128134,0.0013641674078202202,24.960549851162327,24.43281254631679,13.72691810563572,90.56493215490048,82.75387711641035,0.012626062569153884,106.15876086596337,-3.703703703701944,0.2446889391860716,0.49778378953955554,0.8225867112325691,0.0033894376525684116,0.003850997128330924,-0.5000000000000004,0.8660254037844384,0.0,1.0,0,0,0,1,2097
2019-01-01 22:00:00,0.002627539309922201,56.95102433357471,0.0015412203155202864,0.00014164232616005294,0.0013995779893602334,23.765704742591794,22.768181202579445,19.194359740849386,83.77309877026926,85.97320592574715,0.01062793658243244,67.82315754877155,-39.76608187134523,-0.07503577286846778,0.4998022275217203,0.6628255858112952,0.0034376909843014,0.002196650691397517,-0.5000000000000004,0.8660254037844384,0.7818314824680298,0.6234898018587336,0,0,0,0,2096
2019-01-02 02:00:00,0.00269742114757283,63.219014652945255,0.0016722966611959489,0.0002181749374685724,0.0014541217237273765,23.090592874409076,23.221991253179112,17.353504514106977,85.10285797876546,86.48029630131172,0.009661286870817243,103.60193093205922,-1.2216404886564503,0.3277742815187679,0.4868538979097414,0.8911487207169859,0.003467403114711073,0.0030145186360859277,0.49999999999999994,0.8660254037844387,0.9749279121818236,-0.22252093395631434,0,0,0,0,2095
2019-01-02 06:00:00,0.0030402344653841203,49.86341010382356,0.0014057348618112808,-3.870948953287653e-05,0.0014444443513441573,21.423254192324475,19.12356095285951,19.157836406832168,58.61859298875314,75.83151657926261,0.008149279968208134,41.399806478364276,-83.1564986737389,-0.09261686325907041,0.43195681614446685,0.39367158775005157,0.003376496551957838,0.0013504238118655643,1.0,6.123233995736766e-17,0.9749279121818236,-0.22252093395631434,0,1,0,1,2094
2019-01-02 10:00:00,0.0033561419356537715,37.67867263206647,0.0006830925989109726,-0.0006090814019465479,0.0012921740008575205,21.810005234311244,16.079651404508216,27.832330613015127,39.67318141176267,61.13154412642709,0.009362995033654453,-229.0960983565478,-96.60231660231663,-0.5857155345746944,0.3912975151762111,-0.24703660258909507,0.0032644094908078278,-0.0040414767597503065,0.49999999999999994,-0.8660254037844387,0.9749279121818236,-0.22252093395631434,0,1,0,1,2093
2019-01-02 14:00:00,0.0034310640644952947,32.652437862039044,-0.00018203273639749717,-0.0011793653898040143,0.0009973326534065171,23.012081639988704,14.59962611344138,32.822289195404096,7.5522145537140934,35.28132965140997,0.012697747044268404,-363.1891367098669,-97.58454106280219,-0.8198299093549749,0.38275298138251973,-0.31372703078565506,0.003340741140640012,-0.007983891952303646,-0.4999999999999997,-0.8660254037844388,0.9749279121818236,-0.22252093395631434,0,0,0,0,2092
2019-01-02 18:00:00,0.0033477583599215823,35.22729080535726,-0.0007771932385745028,-0.001419620713584816,0.0006424274750103131,24.25350602105996,13.889342089962065,32.55424673698472,5.876402508988292,17.70059949148835,0.015080501185312123,-276.3719730620498,-88.1839348079163,-0.795691027053485,0.39227741635174695,-0.08814358296251083,0.003615611410756888,-0.008068913929452748,-1.0,-1.8369701987210297e-16,0.9749279121818236,-0.22252093395631434,0,0,0,0,2091
2019-01-02 22:00:00,0.003477743986236605,36.009869661351566,-0.0012106985523763214,-0.0014825008219093076,0.00027180226953298623,25.713144995213636,12.411210856203834,32.28654363425357,11.648984640352962,8.359200567685116,0.016833490903558346,-199.89595027519005,-79.28457020822263,-0.8535509291212057,0.3776154901560526,0.015430278441193488,0.003945026769460431,-0.007395800815096498,-0.5000000000000004,0.8660254037844384,0.9749279121818236,-0.22252093395631434,1,0,1,0,2090
2019-01-03 02:00:00,0.003411220035370072,39.35051458843778,-0.0014352317919377189,-0.001365627249176564,-6.960454276115478e-05,26.549385139421958,13.9530839597752,30.55592295845622,20.009163570879497,12.51151690674025,0.017765635479773056,-126.36607849126577,-72.50400427122258,-0.7920013971358637,0.3849795634357342,0.1368550954822222,0.004110544735108451,-0.00497027008322215,0.49999999999999994,0.8660254037844387,0.43388373911755823,-0.900968867902419,0,0,1,0,2089
2019-01-03 06:00:00,0.003380307918241367,43.05614806629342,-0.0014775272725975341,-0.0011263381838691035,-0.00035118908872843065,26.74630845044012,15.658524562475128,28.62490982683986,27.85193094856699,19.836693053266483,0.01806135365912942,-89.01457736048988,-64.65563267485382,-0.8091517857142818,0.38850011057076395,0.2460323247874867,0.0042016703506955475,-0.003505448476564643,1.0,6.123233995736766e-17,0.43388373911755823,-0.900968867902419,0,0,0,0,2088
2019-01-03 10:00:00,0.003437619336305755,41.17618644663892,-0.0015751943611759245,-0.000979204217957995,-0.0005959901432179295,27.32852751709966,14.2939800894654,29.57031404197657,30.91297383876089,26.258022786069123,0.018584064033470682,-92.00609354281649,-70.10144153764092,-0.9179590449041635,0.38202310131618206,0.2190872787245173,0.00440436347646902,-0.004181812598439194,0.49999999999999994,-0.8660254037844387,0.43388373911755823,-0.900968867902419,1,0,1,0,2087
2019-01-03 14:00:00,0.0035481305775305776,49.00459682338723,-0.0013681222013879335,-0.0006177056465360032,-0.0007504165548519303,26.51305498510195,19.257907261105448,26.596590643107344,37.6401494927917,32.1350180933732,0.018214214229554937,-39.21568627451189,-52.32247730913014,-0.4671428321953064,0.37012448423304467,0.41325456151514023,0.00444115317748641,-0.0011271342572309884,-0.4999999999999997,-0.8660254037844388,0.43388373911755823,-0.900968867902419,0,0,0,0,2086
2019-01-03 18:00:00,0.003465885463420585,48.03297293722362,-0.0012277879200566222,-0.0003818970921637534,-0.0008458908278928688,25.75674626395645,18.302639876089223,25.277295911363495,40.91475351485982,36.48929228213748,0.01813537802197951,-28.518707612893014,-54.83182060864949,-0.7309444778407864,0.3789075010874464,0.39975395065950564,0.0044495886925664295,-0.0006474968499858846,-1.0,-1.8369701987210297e-16,0.43388373911755823,-0.900968867902419,0,0,0,0,2085
2019-01-03 22:00:00,0.0033866827987227,50.26965795530474,-0.001024873164938933,-0.00014318586963685135,-0.0008816872953020818,24.851520118632273,18.425416289027307,24.015765462050165,47.766506495817545,42.107136501156354,0.017898864656734403,-14.661772994077365,-49.54618259476774,-0.2632407472189146,0.38776882219241116,0.4651095188450927,0.0043907239704524485,2.070289801281433e-05,-0.5000000000000004,0.8660254037844384,0.43388373911755823,-0.900968867902419,0,0,0,1,2084
2019-01-04 02:00:00,0.0032845243533982573,47.19805320265884,-0.0009650980928104236,-6.672863800667348e-05,-0.0008983694548037501,24.0118285993309,17.638102706571132,22.989577611270697,46.21818828973117,44.96648276680284,0.017781834663500806,-21.243075672102343,-56.96743192738924,0.1618009145269138,0.39982958221676035,0.4003758592111974,0.004361944223326441,-0.0005298866671614721,0.49999999999999994,0.8660254037844387,-0.433883739117558,-0.9009688679024191,0,0,1,0,2083
2019-01-04 06:00:00,0.0033056783132565494,50.391946333388354,-0.0007987774739883768,7.967358465229874e-05,-0.0008784510586406756,22.738501474827068,18.696195310010072,21.207102747347783,47.926677344723295,47.303790710090674,0.01767819210213739,-7.8742445374258185,-49.7063534436731,0.6042962374840124,0.39727096092005015,0.483850158525802,0.004271312346178712,0.00011970426621132901,1.0,6.123233995736766e-17,-0.433883739117558,-0.9009688679024191,0,0,0,0,2082
2019-01-04 10:00:00,0.003440560210911978,43.658452997784,-0.0009162325165181784,-3.022516630200216e-05,-0.0008860073502161762,22.242703133342975,16.67741038738611,22.953380256779486,42.14273002313585,45.4291985525301,0.01770851670807172,-36.28311301628685,-66.8980245595301,0.2309265265829984,0.3816965608783522,0.32034068395181914,0.004243990273555369,-0.0015734720750857356,0.49999999999999994,-0.8660254037844387,-0.433883739117558,-0.9009688679024191,0,0,0,0,2081
2019-01-04 14:00:00,0.0037103398542090945,51.071099182351425,-0.0007273869513602094,0.0001268963190847735,-0.0008542832704449829,22.343679197453024,14.357973526614858,23.25248413811453,51.97907520921965,47.3494941923596,0.017273995600325165,-21.75003859811426,-27.458396369137816,0.5031457624729133,0.35394331829474307,0.5238219349779437,0.004196047791582776,-0.0008986609757455355,-0.4999999999999997,-0.8660254037844388,-0.433883739117558,-0.9009688679024191,0,0,0,0,2080
2019-01-04 18:00:00,0.003564332959457755,49.37877465122684,-0.0006365548196682891,0.00017418276062135512,-0.0008107375802896442,22.437370190179347,13.87657782889233,22.472872321398167,61.93603763072429,52.019280954359935,0.01664340542076781,4.156458739032859,-19.83546617915919,0.3186255094047298,0.36844201003033844,0.4918285953768685,0.0041330294394093655,0.0001852319023138982,-1.0,-1.8369701987210297e-16,-0.433883739117558,-0.9009688679024191,1,0,1,0,2079
2019-01-06 22:00:00,0.003493187764306157,54.147876826511094,-0.0003674805874920306,0.00035460559423809094,-0.0007220861817301215,21.919483094201077,15.665498361929263,21.289875665215643,83.70627862146694,65.87379715380364,0.015525328466735377,40.45648702137322,-1.5873015873022034,0.39908579465541394,0.3759460093782985,0.6604474910361636,0.004103580385551118,0.0014001466834618892,-0.5000000000000004,0.8660254037844384,-0.7818314824680299,0.6234898018587334,0,0,0,0,2078
2019-01-07 02:00:00,0.003340575372936973,54.59123860222302,-0.00013413205131374006,0.00047036330433310517,-0.0006044953556468452,21.10745335984615,16.708351410538384,20.669790313649482,91.05952037906484,78.90061221041869,0.01419601972385287,73.7558271387155,-5.398671096344076,0.5094230058597006,0.3931209008600858,0.7083682650165706,0.004070276074527358,0.002140668282118341,0.49999999999999994,0.8660254037844387,0.0,1.0,0,0,0,0,2077
2019-01-07 06:00:00,0.0033720090997065868,57.99536654902408,0.00019301146906869349,0.0006380054597724309,-0.0004449939907037375,19.618807318224928,19.144619757673734,19.012301470257484,95.73546827060558,90.16708909037912,0.01386196580575838,105.44228846907255,-5.807622504536958,0.37283645200060417,0.3894562443838813,0.8464876531440371,0.004006393109618137,0.0028679481528823825,1.0,6.123233995736766e-17,0.0,1.0,1,0,1,0,2076
2019-01-07 10:00:00,0.0033153596179194365,60.85548366740685,0.0005763517033390286,0.0008170765552342129,-0.0002407248518951843,18.689977875783274,20.51688867703776,17.954048430184244,95.85304616596181,94.21601160521074,0.012944363870040831,156.66125833784,-1.2345679012335298,0.5564136768939139,0.3961108752431912,1.0041190177837127,0.004026580882468762,0.004196378967318282,0.49999999999999994,-0.8660254037844387,0.0,1.0,0,0,1,0,2075
2019-01-07 14:00:00,0.00321341887859941,62.79229369837266,0.0009618592748803501,0.0009620673014204275,-2.0802654007742272e-07,18.33567119476937,22.680729772721197,17.19881677643634,96.76437225803228,96.11762889819988,0.014148684179103643,190.94382234758956,-2.6646928201326303,0.5699604535131442,0.4086768795521575,1.0301553066735403,0.00405953531486401,0.005259068649932752,-0.4999999999999997,-0.8660254037844388,0.0,1.0,0,0,0,0,2074
2019-01-07 18:00:00,0.0030901723294711114,63.73331366957237,0.001297606126944073,0.0010382513227873203,0.0002593548041567527,18.35390521108897,24.189721533009195,16.60577394459444,96.7767012594227,96.46470656113893,0.015619184485754722,177.78864544060391,-5.7706355003657395,0.7418527883129518,0.42497629904826867,0.9831558271741133,0.0040931282895665735,0.005739943157938132,-1.0,-1.8369701987210297e-16,0.0,1.0,0,0,0,0,2073
2019-01-07 22:00:00,0.0031380695616639235,56.45677949827966,0.001334472109307816,0.0008600938441208506,0.0004743782651869654,17.421254103734995,22.117178861301735,19.877109880112695,88.43522629124891,93.99209993623462,0.015011310935427069,126.45168853816728,-26.258992805754854,0.3893370747106278,0.41848976709861874,0.7885823908807574,0.004117101052303961,0.0039007477053032424,-0.5000000000000004,0.8660254037844384,0.0,1.0,0,0,0,0,2072
2019-01-08 02:00:00,0.0030652763611615386,55.327272767998316,0.0013130483392589376,0.0006709360592575778,0.0006421122800013598,16.392028960528172,21.02345089666383,22.346432173347814,79.5153037540751,88.24241043491558,0.014327651587056511,78.31966972261164,-29.424460431654097,0.6349038850489811,0.42842792794786194,0.737303369595587,0.003989609441332203,0.0020430878888788584,0.49999999999999994,0.8660254037844387,0.7818314824680298,0.6234898018587336,0,0,0,0,2071
2019-01-08 06:00:00,0.0030434503187645157,57.05177515423505,0.001346712925810234,0.0005636805166470992,0.0007830324091631347,15.31096802579281,21.44572180007857,20.897550640221404,73.59712230215841,80.51588411582748,0.013604244043683877,80.89642700218793,-23.52517985611583,0.4076908913963913,0.4315003901667473,0.7721209637310661,0.003978276070758825,0.0024009741911019677,1.0,6.123233995736766e-17,0.7818314824680298,0.6234898018587336,0,0,0,0,2070
2019-01-08 10:00:00,0.0031625939397404916,50.74830385256954,0.001162299562842417,0.0003034137229434258,0.0008588858398989913,14.580773273945454,19.162381348506734,21.226966304644186,68.63309352517996,73.91517319380449,0.012702025035407516,52.88659813964314,-41.15107913669019,0.26497038824303776,0.41524458246061124,0.5724293958983302,0.004039494254050299,0.0013624962558136389,0.49999999999999994,-0.8660254037844387,0.7818314824680298,0.6234898018587336,1,0,1,0,2069
2019-01-08 14:00:00,0.0031581193046595767,56.42044237481325,0.001218359753533349,0.00028757913090748607,0.000930780622625863,13.902966671793907,17.81773531243064,19.73744600023354,71.15107913669074,71.12709832134304,0.012441645389583478,57.942566339514535,-21.870503597121772,0.2898068538007728,0.4158329288138021,0.7578035219268865,0.0039183408463181685,0.0017165632220152993,-0.4999999999999997,-0.8660254037844388,0.7818314824680298,0.6234898018587336,0,0,0,0,2068
2019-01-08 18:00:00,0.0030960639161078077,53.381837987123426,0.0011502774556015893,0.00017559746638058107,0.0009746799892210083,13.111334001775898,17.660675169807963,18.693887969113806,68.75299760191882,69.51239008792983,0.011398992762527538,53.70019388711114,-30.719424460431576,0.16194402864220062,0.42416759976032464,0.6399685071513553,0.0036862555106799795,0.0016589714975872027,-1.0,-1.8369701987210297e-16,0.7818314824680298,0.6234898018587336,1,0,1,0,2067
2019-01-08 22:00:00,0.0030777608004938853,56.57610091126021,0.0012082724933402123,0.00018687400329536318,0.001021398490044849,12.324234088367424,18.21442691303343,17.46089740896485,72.51045029467069,70.80484234442675,0.011429334888792386,68.73652782799097,-29.878721058434586,0.1415885890085263,0.42669007929052316,0.7504082720339571,0.0034149464710538585,0.0022898537777804595,-0.5000000000000004,0.8660254037844384,0.7818314824680298,0.6234898018587336,0,0,0,0,2066
2019-01-09 02:00:00,0.0029685639197012804,57.18368465274309,0.001263872337798233,0.00019397907820270705,0.001069893259595526,11.593555206863368,17.534666803522413,16.809258925275557,70.54562584086943,70.60302457915299,0.011277744455350014,73.16769154063392,-27.764976958525544,0.026183036883168406,0.442385623325958,0.7509367020333019,0.003262706956312744,0.0024654654755578154,0.49999999999999994,0.8660254037844387,0.9749279121818236,-0.22252093395631434,0,0,0,0,2065
2019-01-09 06:00:00,0.0029300717925498983,57.20517938135363,0.0012938280867293983,0.00017914786170709776,0.0011146802250223005,11.601949968112113,20.007841372169622,15.812910507111804,70.07592930893863,71.04400181482625,0.011224823205743029,85.27595138473777,-32.128514056223956,-0.073238994533228,0.4481972091397606,0.7277986880623355,0.003177733167485485,0.0028846282375130095,1.0,6.123233995736766e-17,0.9749279121818236,-0.22252093395631434,0,0,0,0,2064
2019-01-09 10:00:00,0.002902908555307725,57.5721894364065,0.0013153167437354174,0.00016050921497049353,0.0011548075287649239,10.803582914971475,18.75174503772784,18.586984936693774,70.03996528870243,70.22050681283683,0.010661769271570254,54.62895818226691,-29.986613119143158,-0.10806194389492788,0.4523911018825696,0.7210233536270111,0.002901200359604819,0.0018013246451786813,0.49999999999999994,-0.8660254037844387,0.9749279121818236,-0.22252093395631434,1,0,1,0,2063
2019-01-09 14:00:00,0.0032593151994742583,69.84411372205703,0.0018795563839113516,0.0005797990841171423,0.0012997572997942093,12.562647147799149,32.21577088450322,15.371414344306357,77.09901166226501,72.40496875330201,0.012962989007178294,211.33860770036793,-6.587837837837817,0.7389678907096111,0.4029220617299711,1.1758857849179816,0.003212503150120406,0.006855218673564201,-0.4999999999999997,-0.8660254037844388,0.9749279121818236,-0.22252093395631434,1,0,1,0,2062
2019-01-09 18:00:00,0.00323578129134544,71.12012052237847,0.0023799771118677704,0.0008641758496588489,0.0015158012622089215,14.562953042369143,33.97393208957077,14.376731636817773,84.07753942081992,77.07217212392912,0.013755973102629326,269.89504596465196,-11.192930780559273,0.8650821391122002,0.40585252270061484,1.1473914955749518,0.003772273687332602,0.00920173451301265,-1.0,-1.8369701987210297e-16,0.9749279121818236,-0.22252093395631434,0,0,1,0,2061
2019-01-09 22:00:00,0.003148186105051236,72.52248545874852,0.002834267116826661,0.0010547726836941914,0.0017794944331324695,16.477809467644054,33.05944350526212,13.720793204226231,92.43767549179928,84.5380755249614,0.015562576136369355,239.7870168137878,-4.906204906205014,0.8906585634201278,0.41714497052537725,1.096495073736911,0.004287430057926314,0.009262929085305016,-0.5000000000000004,0.8660254037844384,0.9749279121818236,-0.22252093395631434,0,0,0,0,2060
2019-01-10 02:00:00,0.0030739989850075795,73.33183987254618,0.0032097448458761058,0.001144200330194909,0.002065544515681197,18.445988985334772,33.55329640864535,13.047799108148194,92.51220415045083,89.67580635435667,0.016668432919753506,201.76631666757365,-6.3642518618832185,1.1638387427041195,0.42721224255601437,1.0469620355969638,0.004702941928389358,0.009248694758480447,0.49999999999999994,0.8660254037844387,0.43388373911755823,-0.900968867902419,0,1,0,1,2059
2019-01-10 06:00:00,0.003151600567207921,62.321966179856545,0.0031785693362040845,0.0008904198564183103,0.002288149479785774,18.87717162206474,30.38855886625258,18.437653191494956,85.95205040702616,90.30064334975877,0.016710070137505362,122.19812002891635,-30.87339201083322,0.6111135361648169,0.41669303326831164,0.7981136499732046,0.004835099352525319,0.006236399177801832,1.0,6.123233995736766e-17,0.43388373911755823,-0.900968867902419,0,0,0,0,2058
2019-01-10 10:00:00,0.0031229044833304036,61.228069198774065,0.0030860122350513386,0.0006382902042124513,0.0024477220308388873,19.193731313178766,28.476450890533815,17.71225334658027,76.39359061159955,84.95261505635885,0.01647648931054091,91.69981732365437,-33.58158429248489,0.684308961563336,0.4205219874670941,0.7486876859974334,0.004734641784772176,0.005065887243577816,0.49999999999999994,-0.8660254037844387,0.43388373911755823,-0.900968867902419,0,0,0,0,2057
2019-01-10 14:00:00,0.0031391310151671764,57.32701662984822,0.0028634559622386924,0.00033258714511984417,0.002530868817118848,18.62626555650567,26.30505819872263,20.98231176222421,64.07131573008307,75.47231891623626,0.01624666119546969,53.30010634461907,-43.331076506432694,0.42154689381904814,0.41834826060296243,0.6437218374844216,0.004524327636188477,0.0031579495974247696,-0.4999999999999997,-0.8660254037844388,0.43388373911755823,-0.900968867902419,0,0,0,0,2056
2019-01-10 18:00:00,0.0031213304180139423,55.91494349790745,0.0026141773329726448,6.664681268303725e-05,0.0025475305202896075,17.600890852307973,24.564838264787547,22.547174295119778,58.48615774056682,66.31702136074982,0.016150566553541967,27.243147851982506,-47.62886597938194,0.3490157755130535,0.420734053793511,0.5984485587381007,0.0042959254934656094,0.0018105136296306945,-1.0,-1.8369701987210297e-16,0.43388373911755823,-0.900968867902419,1,0,1,0,2055
2019-01-10 22:00:00,0.0030812238296805076,59.44663534937453,0.002527885787730222,-1.571578604750868e-05,0.0025436015737777306,16.96963620466655,25.286327638061,21.208712489104148,56.76957141020109,59.77568162695032,0.016334275496648232,46.239296180622325,-38.73134328358208,0.4999607360678492,0.4262105165323777,0.6888972670157909,0.004150843809118085,0.002877005872593319,-0.5000000000000004,0.8660254037844384,0.43388373911755823,-0.900968867902419,0,0,0,0,2054
2019-01-11 02:00:00,0.0029868254371627385,60.881913772550234,0.002490501975500603,-4.2479678621702016e-05,0.002532981654122305,16.66183040587301,26.20718990958895,20.3158073304417,59.984396559077574,58.41337523661516,0.016620736927116297,59.19128357513202,-33.686601059803245,0.5504907306434057,0.439680867740128,0.7149122518251586,0.004061227732155385,0.003628178736119203,0.49999999999999994,0.8660254037844387,-0.433883739117558,-0.9009688679024191,0,0,0,0,2053
2019-01-11 06:00:00,0.002885598465953313,59.14547837141237,0.0023873607895601445,-0.0001164966916497286,0.002503857481209873,16.41383267999215,25.46080398922085,19.526078966182002,63.08714832319729,59.94703876415864,0.0163599778728587,52.93844305917444,-38.32061068702276,-0.11358709789299595,0.45510489955370226,0.6616444729052722,0.003985619318581898,0.0032888577705629807,1.0,6.123233995736766e-17,-0.433883739117558,-0.9009688679024191,0,0,0,0,2052
2019-01-11 10:00:00,0.0028551915593109695,60.61006322295844,0.0023343885123752184,-0.00013557517506772396,0.0024699636874429423,16.467792454411914,25.920384389351085,18.324127077616843,64.97978437955639,62.68377642061042,0.015944757006629118,56.16011607561672,-33.053435114504815,-0.14034479771291491,0.45995162591364647,0.6831636567923656,0.003981823183104649,0.0034612158155842287,0.49999999999999994,-0.8660254037844387,-0.433883739117558,-0.9009688679024191,0,1,0,1,2051
2019-01-11 14:00:00,0.003144168364814094,48.61463802830444,0.0019144884261206307,-0.00044438020905784945,0.00235886863517848,16.241400358202068,21.856421233159725,28.562130318055782,53.969465648854374,60.67879945053602,0.015464553533822034,-18.95200783545593,-66.71755725190928,-0.6188225926502908,0.417678014541581,0.3938217002896995,0.003944628502373192,-0.00034541478299576767,-0.4999999999999997,-0.8660254037844388,-0.433883739117558,-0.9009688679024191,0,1,0,1,2050
2019-01-11 18:00:00,0.003103862605316829,46.416207567411305,0.0014855127069623997,-0.0006986847425728645,0.002184197449535264,16.03119664634313,20.558481137645472,26.865972756045416,37.788578952034904,52.24594299348189,0.014248809634508586,-59.87239179169051,-86.86327077748118,-0.7594695822917307,0.42310184663149714,0.3001236543224822,0.0039517613024194894,-0.0019431149336894826,-1.0,-1.8369701987210297e-16,-0.433883739117558,-0.9009688679024191,0,0,0,1,2049
2019-01-13 22:00:00,0.00301214118827783,47.254963984105075,0.0011580187650925833,-0.0008209429475541448,0.001978961712646728,15.836022590329641,19.671040534237264,25.70625891755005,20.80519911680416,37.521081239231144,0.01379756152370648,-66.9424650017723,-84.00357462019703,-0.4199748362184872,0.4359855391608789,0.3089517487948302,0.003920057610633839,-0.0018489990723278282,-0.5000000000000004,0.8660254037844384,-0.7818314824680299,0.6234898018587334,0,0,0,1,2048
2019-01-14 02:00:00,0.0029062557958492883,47.96762679325784,0.0009089791380996193,-0.0008559860596376871,0.0017649651977373064,15.476519344799037,19.914481085722816,24.73944488293723,15.817694369972257,24.80382414627044,0.012857136695255456,-63.813603426880235,-81.68007149240502,-0.3628314743283775,0.4518700665906912,0.30100546018585567,0.0037986505332271185,-0.001287079146541359,0.49999999999999994,0.8660254037844387,0.0,1.0,0,0,0,1,2047
2019-01-14 06:00:00,0.0028950928893577872,44.02543727847153,0.0005758685569727806,-0.0009512773126116208,0.0015271458695844014,15.55613700636602,18.563092217528403,25.94775370812395,13.776446966794888,16.799780151190436,0.012721792955416422,-88.0333721790547,-92.98701298701329,-0.37719122900027036,0.45361238833732753,0.1711941457733504,0.0037257178381915287,-0.0020182461481517144,1.0,6.123233995736766e-17,0.0,1.0,0,0,0,0,2046
2019-01-14 10:00:00,0.002851865574567101,43.30676488280433,0.0002843902548710364,-0.0009942044917706921,0.0012785947466417286,15.758877628447706,17.49823111575639,25.38612452984027,11.098905475186328,13.564348937317824,0.012752366839158924,-100.83762759965128,-92.0361990950227,-0.3573664440734608,0.46048804393571213,0.1488887077612313,0.0036126335595940747,-0.0023167864562996243,0.49999999999999994,-0.8660254037844387,0.0,1.0,1,0,1,0,2045
2019-01-14 14:00:00,0.0028410165433801365,48.525103963222534,0.0001907888471859298,-0.000870244719564639,0.0010610335667505689,15.595205206500975,18.045262789313693,23.66259778216388,14.198611845670584,13.024654762550599,0.012384180877251794,-81.21238142944752,-72.38095238095225,-0.35769477869807115,0.4622465163252952,0.2716441621750908,0.0034932822925607897,-0.0013034435397958344,-0.4999999999999997,-0.8660254037844388,0.0,1.0,0,0,0,0,2044
2019-01-14 18:00:00,0.0027345017766009674,46.47466598149114,5.385567766413857e-05,-0.0008057423112691443,0.0008595979889332828,15.44323179017665,17.408839405639874,22.828061276773916,18.70618760324662,14.667901641367843,0.012209213570107291,-86.40974627268712,-79.46428571428518,-0.4884778232803519,0.48025201930290656,0.20251974223036198,0.0033734133116430772,-0.00123596805661208,-1.0,-1.8369701987210297e-16,0.0,1.0,0,0,1,0,2043
2019-01-14 22:00:00,0.00270774848125779,51.04577316247757,7.199800151269642e-05,-0.0006300799899364691,0.0007020779914491656,14.640900295291333,19.67549104033573,21.406727380268926,28.774801587301614,20.55986701207294,0.012063099933287358,-55.23469994058209,-61.830357142857714,-0.30208595560726653,0.48499704056337445,0.34974840546595193,0.0032675065838277135,-0.00018335727874996266,-0.5000000000000004,0.8660254037844384,0.0,1.0,0,1,0,1,2042
2019-01-15 02:00:00,0.002610041416081508,50.574748841505546,7.26280500948917e-05,-0.000503559953083419,0.0005761880031783107,13.895912505703032,18.953880768127565,20.62162299124534,31.696428571428594,26.39247258732561,0.011599934482593444,-43.540834567227414,-63.616071428571296,-0.37564631988062125,0.503152935393493,0.35560263271199233,0.003170731525341138,8.27779702166076e-05,0.49999999999999994,0.8660254037844387,0.7818314824680298,0.6234898018587336,0,1,0,1,2041
2019-01-15 06:00:00,0.0028529204027899556,38.68241639751435,-0.0003225777870570212,-0.0007190126321882656,0.00039643484513124437,15.135809177856583,16.10155400446286,30.73920815477888,27.84264346764329,29.43795787545783,0.011857779893404974,-122.72335244279668,-91.02564102564111,-0.4241162792722905,0.4603177847919394,-0.008020898865768325,0.0032737728798368595,-0.0032481109340674053,1.0,6.123233995736766e-17,0.7818314824680298,0.6234898018587336,0,0,0,0,2040
2019-01-15 10:00:00,0.002874142386355502,40.15203095535359,-0.0005902452915258483,-0.0007893441093256741,0.00019909881779982583,16.57712179264565,14.840936844033864,31.041724446735607,21.94768041987564,27.162250819649174,0.011131774162298935,-152.53276419781915,-79.51524628616068,-0.29722214958728077,0.45691890778773836,0.056719357754131054,0.00344066660909939,-0.004386662059342017,0.49999999999999994,-0.8660254037844387,0.7818314824680298,0.6234898018587336,0,0,0,0,2039
2019-01-15 14:00:00,0.003181730727659772,31.77876394230605,-0.0011841130481151652,-0.0011065694927319927,-7.754355538317238e-05,18.590108130865794,12.448543724758853,32.61603817562457,11.19799091302969,20.32943826684954,0.013544710554322936,-192.09187572323395,-95.86513994910916,-0.7519976298568255,0.41274705888323937,-0.17635258525889455,0.0038677893563154988,-0.006099595761261067,-0.4999999999999997,-0.8660254037844388,0.7818314824680298,0.6234898018587336,1,0,1,0,2038
2019-01-15 18:00:00,0.0032094665148132127,38.61538964516053,-0.0014420537343531326,-0.001091608143175968,-0.0003504455911771644,20.484496139641777,11.4593954672,30.29149083281363,15.557789931684892,16.23448708819674,0.01424611048673885,-182.6249693028157,-77.94624396967549,-0.5627814996471648,0.40918015313097283,0.06486368642372586,0.004118940139695392,-0.00604709476702725,-1.0,-1.8369701987210297e-16,0.7818314824680298,0.6234898018587336,0,0,0,1,2037
2019-01-15 22:00:00,0.0031094970311391188,36.12836207203194,-0.0017513570784501997,-0.0011207291898184281,-0.0006306278886317716,22.243514793814267,10.982904059970469,29.03194488771374,13.83157951006544,13.529120118260009,0.015464862236707955,-163.66862235125305,-84.69387755101903,-0.5592050738482037,0.422335183744784,0.03368482113714212,0.004225696285611129,-0.005670660518998449,-0.5000000000000004,0.8660254037844384,0.7818314824680298,0.6234898018587336,0,0,1,0,2036
2019-01-16 02:00:00,0.00302381263120645,39.741592135173015,-0.0018668356861792912,-0.0009889662380380157,-0.0008778694481412755,23.876841039226175,10.487341757029432,27.72198739479074,21.69880921480883,17.02939288551972,0.016010825712633903,-130.14170220326855,-72.263450834879,-0.4162412628602792,0.4343027032981324,0.16101061260587207,0.004138062781901331,-0.00480607434414515,0.49999999999999994,0.8660254037844387,0.9749279121818236,-0.22252093395631434,0,0,0,0,2035
2019-01-16 06:00:00,0.0030463989218133215,39.50808680514826,-0.0019464062684606542,-0.0008548294562555029,-0.0010915768122051514,24.77064778349354,11.91704547660289,25.550864281917836,23.1910946196669,19.573827781513724,0.015964430462760415,-110.12328492633615,-73.46938775510128,-0.5776770933170614,0.4310827418551962,0.18555094954939017,0.0041435046636570045,-0.004311188396613597,1.0,6.123233995736766e-17,0.9749279121818236,-0.22252093395631434,0,1,0,1,2034
2019-01-16 10:00:00,0.003070229018801213,35.971363108430374,-0.002147706225878343,-0.0008449035309385533,-0.0013028026949397898,25.98729085954415,10.979887320784956,26.752292055709184,21.8390538033394,22.24298587927171,0.01592867841348733,-123.4923630911778,-88.7500000000015,-0.6870515201450925,0.4277368209205336,0.10043766125563466,0.0042347233443928356,-0.005419893324884351,0.49999999999999994,-0.8660254037844387,0.9749279121818236,-0.22252093395631434,0,0,0,0,2033
2019-01-16 14:00:00,0.002996637077882102,38.664439142535215,-0.002207554269713974,-0.0007238012598193473,-0.0014837530098946265,27.117004156814097,10.445949873984729,25.451363357721583,19.08163265306059,21.370593692022297,0.01539700893031748,-97.44157194111806,-80.53571428571541,-0.7435721064683801,0.4382412570721277,0.1854259147396395,0.004303966710892881,-0.00434843519222694,-0.4999999999999997,-0.8660254037844388,0.9749279121818236,-0.22252093395631434,0,0,0,0,2032
2019-01-16 18:00:00,0.0029233020143395734,37.358511462283936,-0.0022859246257707078,-0.0006417372927008647,-0.001644187333069843,28.168971758136777,9.943103636001727,24.25062330345889,14.613095238093983,18.511260564831325,0.014318926635759066,-92.2656763201289,-86.87500000000111,-0.7915705142160528,0.4492351435322658,0.15901773755814103,0.004395250600155689,-0.004245893710182136,-1.0,-1.8369701987210297e-16,0.9749279121818236,-0.22252093395631434,0,0,0,0,2031
2019-01-16 22:00:00,0.0027787734078239187,37.930887949118336,-0.0023069165044389273,-0.0005301833370952673,-0.00177673316734366,29.145778909616443,9.713063061850036,23.689568374084015,15.773809523808616,16.489512471654397,0.014351818839444697,-86.59694176935709,-85.26785714285761,-0.3463354906419419,0.4726006072688083,0.2031038332027388,0.004380710680566964,-0.004081022213367591,-0.5000000000000004,0.8660254037844384,0.9749279121818236,-0.22252093395631434,0,0,0,0,2030
2019-01-17 02:00:00,0.0027031433179128075,36.64864651101437,-0.0023481276173047405,-0.00045711555996886437,-0.0018910120573358761,30.439974091832248,9.271586984741084,25.889591913891543,12.291666666666039,14.226190476189545,0.014560309200021493,-92.81066508220061,-90.98214285714316,-0.44410252823722535,0.48582329738032787,0.19255460591500442,0.004271586306900729,-0.00445987376963175,0.49999999999999994,0.8660254037844387,0.43388373911755823,-0.900968867902419,0,0,0,0,2029
2019-01-17 06:00:00,0.0027264912035607916,38.7057367736709,-0.002306590710094092,-0.0003324629222065728,-0.001974127787887519,31.870806573919346,8.53557854481583,25.930319344525497,14.233643542018376,14.099706577497678,0.014365249597561025,-82.95501444490569,-81.04906937394409,0.03599712023036396,0.4816630247274953,0.2580619830935435,0.004078251138298045,-0.004011083868061371,1.0,6.123233995736766e-17,0.43388373911755823,-0.900968867902419,0,0,0,0,2028
2019-01-17 10:00:00,0.0026981692996832425,40.263573848088726,-0.002212661900055979,-0.0001908272897347676,-0.0020218346103212112,32.8257085723822,9.173922519359328,24.330822168169085,17.292004486752678,14.605771565145696,0.013824258533469802,-63.66620594333505,-76.09277430865471,-0.13842528101209353,0.4867189023884349,0.30950153719823514,0.0037079266155958792,-0.0030707304919499467,0.49999999999999994,-0.8660254037844387,0.43388373911755823,-0.900968867902419,0,0,0,0,2027
2019-01-17 14:00:00,0.0027240152849108005,37.53194819253846,-0.0022071887651249344,-0.0001482833238429784,-0.002058905441281956,34.09120494929086,8.43779232268773,25.6825439053383,20.693284810202957,17.40631094632467,0.013739555160200645,-79.63205122423956,-80.77830188679232,-0.10527608653695102,0.48210081906460495,0.25086529657704243,0.003635416136166902,-0.0037328053859273513,-0.4999999999999997,-0.8660254037844388,0.43388373911755823,-0.900968867902419,0,0,0,0,2026
2019-01-17 18:00:00,0.0026751554086212807,38.56772937264426,-0.00215620908658809,-7.784291624490704e-05,-0.002078366170343183,35.26629219600032,7.978174840583256,24.28358245755889,21.8448613939705,19.943383563642044,0.013515140546815907,-66.71160381484144,-77.59433962264147,-0.19891342446547444,0.49090605942658927,0.2927509528815108,0.003606355088028033,-0.0030631142883865703,-1.0,-1.8369701987210297e-16,0.43388373911755823,-0.900968867902419,0,0,0,0,2025
2019-01-17 22:00:00,0.0025704981856344415,40.98745972658052,-0.002042236870223535,2.890344009571881e-05,-0.0020711403103192538,36.35743038516149,7.709914091825035,23.467063373587482,29.20425331680741,23.91413317366029,0.012462117155611185,-53.22457186597274,-54.01459854014398,-0.1332083044861372,0.510893183017699,0.35768870747605375,0.0035300795535797755,-0.0024040651453158812,-0.5000000000000004,0.8660254037844384,0.43388373911755823,-0.900968867902419,0,0,0,0,2024
2019-01-18 02:00:00,0.002460459413041175,39.37126381157695,-0.00197753229192954,7.488641471177114e-05,-0.0020524187066413113,37.40087834330716,7.4793694120691265,23.026625452451597,34.475852729192844,28.508322479990255,0.011494245342786424,-61.40581664309945,-64.96350364963601,-0.00877924586277942,0.533741785391533,0.32821838745253945,0.003401357427121463,-0.002506139933690532,0.49999999999999994,0.8660254037844387,-0.433883739117558,-0.9009688679024191,0,0,0,0,2023
2019-01-18 06:00:00,0.002372567090539854,43.001873207860115,-0.001832506969426495,0.00017592938977185326,-0.0020084363591983483,37.99635430077352,8.25613714097044,22.17391702772176,44.16058394160667,35.94689666253564,0.009165677498153002,-42.25899840124986,-48.54014598539999,-0.010526592805064868,0.5535143791028404,0.43001062931471984,0.003280174867571828,-0.0018763154056620213,1.0,6.123233995736766e-17,-0.433883739117558,-0.9009688679024191,0,0,0,0,2022
2019-01-18 10:00:00,0.0023009533665993573,42.81778809643553,-0.0017027861957341628,0.0002445201307713484,-0.0019473063265055112,37.58325310159152,10.885209101256848,21.230859944351618,45.62043795620534,41.41895820900162,0.005662822970934123,0.18495550189355253,-49.63503649634797,0.046521426188942075,0.570741684322307,0.45170253398285204,0.003148462137062652,-0.0011987435065423657,0.49999999999999994,-0.8660254037844387,-0.433883739117558,-0.9009688679024191,0,1,0,1,2021
2019-01-18 14:00:00,0.002475175024446564,32.84826727449891,-0.0018968478551406598,4.036677709188131e-05,-0.001937214632232541,38.70171922063141,9.396220950181913,30.793629878242903,36.74802050150145,42.176347466437825,0.005928405856562957,-208.93203883494834,-91.58075601374769,-0.3159446745769894,0.5305685404181207,-0.14865666977625397,0.0030260034833648596,-0.00393031069268579,-0.4999999999999997,-0.8660254037844388,-0.433883739117558,-0.9009688679024191,1,0,1,0,2020
2019-01-18 18:00:00,0.0023998037564387834,35.27252248721489,-0.0019802084389473062,-3.439504537181199e-05,-0.0019458133935754943,39.7402855364382,8.999077728319467,29.49209797009335,25.877458343056926,36.08197226692124,0.0052277582193629435,-239.3355983389889,-81.15183246073356,-0.20811380400421348,0.547232246168667,-0.05147921518667563,0.002874361638857373,-0.00417095250393773,-1.0,-1.8369701987210297e-16,-0.433883739117558,-0.9009688679024191,0,0,1,0,2019
2019-01-20 22:00:00,0.002344102374078091,40.1618968372847,-0.0019240355808023413,1.7422250218522345e-05,-0.0019414578310208636,40.233587428391544,10.200338114903499,28.03622072511903,22.68023266433454,28.43523716963097,0.005415871121076776,-154.9826115239174,-59.22671353251514,-0.15095796873765294,0.5602357706397044,0.20872645143620128,0.002469252202842407,-0.003187142970289436,-0.5000000000000004,0.8660254037844384,-0.7818314824680299,0.6234898018587334,0,0,0,0,2018
2019-01-21 02:00:00,0.0022273786081714667,40.70647834088488,-0.0018469310841837672,7.562139746967729e-05,-0.0019225524816534445,40.44582904334665,10.86601958895997,27.397863460935007,34.2850658054134,27.61425227093496,0.005169647957076862,-101.03100268641202,-56.7662565905111,-0.1772194099119966,0.5895944206261786,0.25675326241925467,0.0017892526204069457,-0.0024384381993329818,0.49999999999999994,0.8660254037844387,0.0,1.0,0,0,0,0,2017
2019-01-21 06:00:00,0.0022497090926802583,38.90871492274212,-0.001818123503252611,8.354318272066688e-05,-0.001901666685973278,39.71903224232599,13.482285828575252,25.1883151389047,38.54715875805412,31.837485742600688,0.005373127208628592,-95.34719774410217,-68.36555360281137,-0.13261201763475491,0.5837421399383776,0.168349560543016,0.0014770896044920484,-0.0023322964767196197,1.0,6.123233995736766e-17,0.0,1.0,0,1,0,1,2016
2019-01-21 10:00:00,0.0022547299521753095,36.24459838383375,-0.0018562016264176417,3.637204764450901e-05,-0.0018925736740621508,39.41508319421959,12.491371975925775,26.21991255605584,29.525483304041924,34.11923595583648,0.00547797444317677,-142.7887867737939,-86.29173989455172,-0.24584478413949176,0.5824422559930106,0.03477329504992643,0.0013406381345881292,-0.0030841127585821138,0.49999999999999994,-0.8660254037844387,0.0,1.0,0,0,0,0,2015
2019-01-21 14:00:00,0.00219224831223248,39.44051805291494,-0.001806648000675981,6.874053870893583e-05,-0.001875388539384917,39.132846549555005,11.92970627289597,25.040952739026963,23.96016403046248,30.677602030852842,0.0052315749062867845,-124.42961890676018,-73.46221441124942,-0.2360580931069353,0.599042541245088,0.19263557746870452,0.0013735303007722716,-0.0028649837378955656,-0.4999999999999997,-0.8660254037844388,0.0,1.0,0,1,0,1,2014
2019-01-21 18:00:00,0.002090657744368485,38.724592996211356,-0.0017671783736628033,8.656813257769099e-05,-0.0018537465062404943,38.81597975365769,11.820857486361502,24.38217852266695,20.79671939074245,24.76078890841562,0.005442608198289456,-98.91559202813578,-77.85588752197148,-0.20545239035954246,0.6281515965668916,0.18103528000682412,0.0013996940587694936,-0.0024885850388640662,-1.0,-1.8369701987210297e-16,0.0,1.0,0,1,0,1,2013
2019-01-21 22:00:00,0.0019927523645078657,40.582997944138455,-0.0016842072599212443,0.00013563139705540005,-0.0018198386569766444,38.40581798973203,11.945918805191313,23.75291986048684,25.951962507321216,23.569615309508716,0.00534691836482315,-75.92751535957775,-70.8260105448154,-0.2491555906478882,0.6590131435243951,0.27781594575756385,0.0014017736565084338,-0.0020778982357547715,-0.5000000000000004,0.8660254037844384,0.0,1.0,0,1,0,1,2012
2019-01-22 02:00:00,0.0019596982306636724,36.82441051485157,-0.0016997232561646314,9.609232064961047e-05,-0.0017958155768142419,38.49565302959931,11.279727556008606,26.109653062337802,19.507908611598406,22.08553016988736,0.005652639737332876,-110.060846186491,-92.79437609841786,-0.3535739039647635,0.6701286858616259,0.09965607129463538,0.0014074588443625607,-0.0026660663768944826,0.49999999999999994,0.8660254037844387,0.7818314824680298,0.6234898018587336,0,0,0,0,2011
2019-01-22 06:00:00,0.00195543402418975,38.68356589648453,-0.0016621962075669128,0.00010689549539786344,-0.0017690917029647762,38.97740224633012,10.496864481733128,27.840806296859295,20.018541939275003,21.82613768606488,0.005722497356929868,-119.25193739342514,-76.32398753894168,0.02641217072826868,0.6715900325730273,0.1997814253387757,0.001403282183202143,-0.0028177144000762766,1.0,6.123233995736766e-17,0.7818314824680298,0.6234898018587336,0,0,0,1,2010
2019-01-22 10:00:00,0.001973617494836026,34.20483814304868,-0.0017390944320836432,2.399781670490639e-05,-0.0017630922487885496,39.1957100953357,10.453503828860104,25.613973962966394,10.498691895585928,16.675047482153115,0.006322192973966079,-130.50607108038676,-99.38556067588264,-0.16367044164620545,0.6654024923452093,0.013380877067695892,0.001501863087474732,-0.0030338972480701276,0.49999999999999994,-0.8660254037844387,0.7818314824680298,0.6234898018587336,0,0,0,0,2009
2019-01-22 14:00:00,0.002084074440950643,44.59000155972581,-0.0015912614805559944,0.00013746461458604428,-0.0017287260951420387,39.765431320193215,9.192351858439531,25.60844941784089,22.94162158021383,17.819618471691587,0.006140596387979258,-88.80200077493747,-55.46558704453416,-0.0650452240104743,0.6301358407336763,0.4033481501631111,0.0014998374509433549,-0.0022177188015577443,-0.4999999999999997,-0.8660254037844388,0.7818314824680298,0.6234898018587336,0,0,0,1,2008
2019-01-22 18:00:00,0.0020923549113181263,41.9606223247379,-0.0015267056184695704,0.0001616163813379747,-0.0016883219998075451,40.01234277258369,9.389562222867134,23.6851521291543,27.58831711693074,20.342876864243504,0.005881829647317094,-66.29885569920985,-62.38390092879096,-0.1538042379659098,0.6276420854302813,0.2832307162140463,0.0014786780611069986,-0.001742834630766632,-1.0,-1.8369701987210297e-16,0.7818314824680298,0.6234898018587336,0,0,0,0,2007
2019-01-22 22:00:00,0.001998614504341141,44.043676293765394,-0.0014180455485333088,0.00021622116101938918,-0.001634266709552698,40.24161690368442,9.127812370179491,23.024888643643525,45.137127197297794,31.889021964814123,0.00578661178929929,-49.296012100014735,-46.73913043478147,-0.05100470474431912,0.6570801908759905,0.3858572124673437,0.001444978805385402,-0.0013918078603052386,-0.5000000000000004,0.8660254037844384,0.7818314824680298,0.6234898018587336,0,0,0,0,2006
2019-01-23 02:00:00,0.0018972841235401117,45.20640949404535,-0.0012944167695401188,0.0002718799520100633,-0.001566296721550182,40.33349936419131,9.304979326210505,22.52211970563738,49.736767323252955,40.82073721249383,0.005578261736423951,-32.279991779831576,-41.666666666668675,0.06337302949484934,0.6921736094800752,0.45043258759362764,0.001431969326275849,-0.0010719298981476388,0.49999999999999994,0.8660254037844387,0.9749279121818236,-0.22252093395631434,0,0,0,1,2005
2019-01-23 06:00:00,0.001894620952985295,41.1004544636292,-0.0012825205265165618,0.0002270209560268962,-0.001509541482543458,40.86546873761222,8.652478504510611,24.48667499621566,49.09420289855018,47.989365806366976,0.005259123881413252,-68.15204699160171,-64.31159420289929,-0.11083158876203217,0.6931465620765742,0.24729631209166736,0.0014278435199904845,-0.0015535088396292362,1.0,6.123233995736766e-17,0.9749279121818236,-0.22252093395631434,1,0,1,0,2004
2019-01-23 10:00:00,0.001897148044401855,40.71810747448771,-0.0012681571392298974,0.00019310747465084866,-0.001461264613880746,41.487418288107136,8.023738002037023,23.799199357094132,42.51207729468546,47.11434917216287,0.005058544850057967,-80.04674262341717,-66.48550724637563,-0.09941844608087677,0.6922232578923749,0.24785238881782992,0.00137985184828491,-0.0016224281324586087,0.49999999999999994,-0.8660254037844387,0.9749279121818236,-0.22252093395631434,1,0,1,0,2003
2019-01-23 14:00:00,0.0020666385054840244,54.967086403421845,-0.0009401156575754577,0.00041691916504423086,-0.0013570348226196885,39.51532880943157,15.342038158817495,20.28682883848898,55.25941367215963,48.955231288465086,0.004792999478410831,109.24880063156876,-3.424657534246156,0.198766941363746,0.6354522072995178,1.030669784433892,0.00135892060006809,0.00046083278480435474,-0.4999999999999997,-0.8660254037844388,0.9749279121818236,-0.22252093395631434,0,1,0,1,2002
2019-01-23 18:00:00,0.0020183069094256646,50.964226115055425,-0.0007641274237144557,0.0004743259191241863,-0.001238453342838642,37.684107215284556,14.587319511633352,19.288861824058042,68.99113228773824,55.58754108486111,0.0041117801497700945,189.84629550929867,-23.11643835616347,0.20779037824891858,0.6506691295892667,0.8592118124512409,0.0013331925574938915,0.0008870328286865181,-1.0,-1.8369701987210297e-16,0.9749279121818236,-0.22252093395631434,0,0,0,0,2001
2019-01-23 22:00:00,0.0019627132658404625,52.79899212413243,-0.000572066814008565,0.0005331092230640617,-0.0011051760370726267,36.01125073595079,13.929033577517227,18.563979956475322,86.7009132420096,70.3171530673025,0.004406603680846111,168.94237445035566,-13.356164383561541,0.2244441706127812,0.6690992631761966,0.9321922591491807,0.0012805451234656404,0.0009203368690582359,-0.5000000000000004,0.8660254037844384,0.9749279121818236,-0.22252093395631434,0,1,0,1,2000
2019-01-24 02:00:00,0.0018768047551193637,52.318182139773725,-0.0004254430677832488,0.0005437863754315024,-0.0009692294432147512,34.45788718702787,13.526140716956277,18.027022747891035,82.6484018264846,79.44681578541082,0.004653456349859919,142.53798033957847,-15.582191780821164,0.35167508395250513,0.6997264880205816,0.8584432461798452,0.0012509223650219773,0.0008804432528666251,0.49999999999999994,0.8660254037844387,0.43388373911755823,-0.900968867902419,0,1,0,1,1999
2019-01-24 06:00:00,0.0020856053640487555,40.5193515098777,-0.0006136387872046623,0.00028447252480807116,-0.0008981113120127334,35.19706960491085,11.302539306812065,29.653377614231225,63.12785388127947,77.49238964992456,0.004966033024461858,-76.43735460286274,-81.67808219177887,-0.19614224270623118,0.6296732942087409,0.0885045488150917,0.0011592214820611306,-0.001747592207362647,1.0,6.123233995736766e-17,0.43388373911755823,-0.900968867902419,0,0,0,0,1998
2019-01-24 10:00:00,0.002310205928379516,37.82970562313247,-0.0008442349914556946,4.310105644563108e-05,-0.0008873360479013257,36.79507844597657,9.47485653822138,35.185153796308605,45.180516116954074,63.652257274906056,0.005575780124793539,-237.10067644302327,-67.1981776765377,-0.2191785645124468,0.5684558176686757,-0.031136438976728884,0.001170527737908616,-0.0038709848307736383,0.49999999999999994,-0.8660254037844387,0.43388373911755823,-0.900968867902419,0,0,0,0,1997
2019-01-24 14:00:00,0.002758050116351639,30.76488975234237,-0.001304853271236972,-0.000334013778668517,-0.000970839492568455,36.717803182279745,12.963508015262995,27.36674717381056,18.51232661694694,42.2735655383935,0.007966318095584235,-246.1217279588974,-95.58676028084258,-0.5833340665335294,0.4761516087811969,-0.2821681139564018,0.0014433586870718084,-0.00437703937764522,-0.4999999999999997,-0.8660254037844388,0.43388373911755823,-0.900968867902419,0,0,0,0,1996
2019-01-24 18:00:00,0.0027346178799517442,33.349799843181664,-0.0015950259602821593,-0.0004993491741709633,-0.001095676786111196,36.80840268454292,12.140686367500713,27.014092921286537,17.70660798246075,27.133150238787255,0.009312832222263534,-285.01628664496,-84.09523809523745,-0.54624620662355,0.4802316292992182,-0.06443623964723125,0.001913705378840188,-0.006023276227433483,-1.0,-1.8369701987210297e-16,0.43388373911755823,-0.900968867902419,1,0,1,0,1995
2019-01-24 22:00:00,0.002642859150034034,33.99431915352341,-0.0017906310475934717,-0.0005559634091858207,-0.001234667638407651,36.78052382260151,12.097335031492436,25.955429751338027,12.61393704924338,16.277623882883695,0.010257683169216492,-200.33664881410067,-82.4761904761898,-0.42180345191967683,0.4969050280197824,0.03361788221761642,0.002195656665433234,-0.005090614129239057,-0.5000000000000004,0.8660254037844384,0.43388373911755823,-0.900968867902419,1,0,1,0,1994
2019-01-25 02:00:00,0.002601226223029214,39.34489006344635,-0.0018086050499301898,-0.0004591499292180309,-0.0013494551207121589,35.910497238897904,14.818024431829004,24.487211402518525,21.555555555555873,17.29203352908667,0.010610360220087767,-127.11542118274858,-68.7619047619051,-0.2844611970268139,0.5048580505507426,0.20538229285731766,0.0023096953114193157,-0.003668298332233366,0.49999999999999994,0.8660254037844387,-0.433883739117558,-0.9009688679024191,1,0,1,0,1993
2019-01-25 06:00:00,0.002556852792156025,42.050001463742475,-0.0017406518603091392,-0.00031295739167758424,-0.001427694468631555,34.6694413976678,15.898047060035601,23.132733184845836,29.111111111110915,21.093534571970057,0.01068866521133538,-87.02288381593681,-61.42857142857234,-0.5485969085467087,0.5136197140597301,0.2982442187717566,0.0023535940199660476,-0.0026971011323213556,1.0,6.123233995736766e-17,-0.433883739117558,-0.9009688679024191,1,0,1,0,1992
2019-01-25 10:00:00,0.0025992205644329884,50.4557084244234,-0.0014505956364141426,-1.832093422607004e-05,-0.0014322747021880725,32.22323135570757,20.952354813760657,21.13025632189631,44.76190476190425,31.809523809523682,0.01068780594883778,-15.480690676962679,-35.52380952380979,-0.20911678909078557,0.5052476184476793,0.5528172014632472,0.0023467589558046694,-0.0005707997084019034,0.49999999999999994,-0.8660254037844387,-0.433883739117558,-0.9009688679024191,1,0,1,0,1991
2019-01-25 14:00:00,0.0028307053911136217,61.23172857118492,-0.0008207157386455055,0.0004892471708340537,-0.0013099629094795592,31.93622017867528,32.17215702328794,18.01641845811296,65.25974948019643,46.37758845107053,0.011664619153663569,120.25171743626375,-7.2683706070285625,0.16598020532365676,0.4639302995368787,0.9442922595010033,0.0024625834749722416,0.0036117976016034614,-0.4999999999999997,-0.8660254037844388,-0.433883739117558,-0.9009688679024191,0,0,0,0,1990
2019-01-25 18:00:00,0.0027406547960593533,61.80475556511626,-0.00029313786160600763,0.0008134600382988413,-0.001106597899904849,31.746296112160202,31.58547921165145,17.279216036498227,83.44427328972056,64.48864251060708,0.012571868755281379,151.48975191098714,-6.874999999999975,0.20464446318155768,0.47917380980934,0.9117526280908155,0.0026903187161963623,0.004899120460141626,-1.0,-1.8369701987210297e-16,-0.433883739117558,-0.9009688679024191,0,0,0,0,1989
2019-01-27 22:00:00,0.002662750713378079,62.96477808245766,0.000172208200024615,0.0010230448799435712,-0.0008508366799189562,31.607379765201507,30.536184982715067,16.51441164380312,94.25434952439095,80.98612409810265,0.013521074513515252,139.35498049557268,-3.0935808197986026,0.5992773420287227,0.4931929952744074,0.9110620050532482,0.0029063165113733277,0.004749457489996889,-0.5000000000000004,0.8660254037844384,-0.7818314824680299,0.6234898018587334,0,0,0,0,1988
2019-01-28 02:00:00,0.0025932683798688847,61.93531210480469,0.000510103738908585,0.001088752335062033,-0.000578648596153448,31.685012845469586,31.04282320539502,15.745679248381204,93.2288638646645,90.30916222625866,0.014275463004751465,128.6396229053059,-10.344827586207849,0.6722125673756327,0.5064072851828771,0.8496559094677811,0.00312793614722109,0.004691500890797284,0.49999999999999994,0.8660254037844387,0.0,1.0,0,0,0,0,1987
2019-01-28 06:00:00,0.0025894634884890966,60.76190792685552,0.0007419010558245009,0.0010564397215823591,-0.0003145386657578582,30.752526252793313,28.867829965701816,19.800745641530618,91.24075552521687,92.90798963809077,0.014840985816314323,91.37568206789979,-12.839325018342896,0.9655379931677767,0.5071513870876229,0.7990030483771394,0.003250126242442985,0.003325647486200234,1.0,6.123233995736766e-17,0.0,1.0,1,0,1,0,1986
2019-01-28 10:00:00,0.0025287874198393115,62.751281779181056,0.0009860510784129861,0.0010404717953366755,-5.4420716923689316e-05,30.163684463035594,29.765211812094247,18.827570094080723,90.16874541452592,91.5461216014691,0.01555156120780321,102.26076184577295,-6.309611151871463,0.9817448524729256,0.5193200463182661,0.826848213634621,0.003413389918650308,0.0040807956873041284,0.49999999999999994,-0.8660254037844387,0.0,1.0,0,0,0,0,1985
2019-01-28 14:00:00,0.002625302759501564,66.28787742528937,0.001302509915729777,0.001085544506122773,0.00021696540960700398,30.230050396557875,32.03736097656099,16.840014582782395,91.58502819401859,90.99817637792046,0.016595428165614212,111.33771287902938,-6.095979247729844,1.117782828238164,0.5002280195101504,0.8856785095344446,0.0036347551815076287,0.0048429986989864116,-0.4999999999999997,-0.8660254037844388,0.0,1.0,0,0,0,0,1984
2019-01-28 18:00:00,0.002535638142652672,64.25166581381866,0.001493325131112,0.0010210877772039969,0.0004722373539080032,30.29167586769044,30.800950605803493,16.190111843006395,92.68711189014567,91.48029516623006,0.017285648498105655,105.80614933401746,-9.533073929961633,0.9423713844115661,0.5179169605904951,0.8180962519631622,0.00384871343290121,0.00478675880306767,-1.0,-1.8369701987210297e-16,0.0,1.0,0,0,0,0,1983
2019-01-28 22:00:00,0.002451663873050262,62.64845068478776,0.0015930997285642512,0.0008966898997249983,0.0006964098288392529,30.05609352291467,29.580515565557327,17.00534497739353,90.72632944228246,91.66615650881558,0.017786355557001254,88.34678936250258,-12.191958495461119,0.837584508658276,0.5356566266835375,0.776981981171551,0.004004672542660618,0.003968351432155348,-0.5000000000000004,0.8660254037844384,0.0,1.0,0,0,1,0,1982
2019-01-29 02:00:00,0.0023436877429528795,64.50930644311666,0.0017169333906299489,0.0008164188494325567,0.0009005145411973922,29.83733860652307,28.733080621794038,16.51816876396159,90.23731412149782,91.216918484642,0.01847379159783058,87.24517130343156,-7.563025210083785,0.6665257893532038,0.5603348841793228,0.7959327526809447,0.004162658787407475,0.004025016650916369,0.49999999999999994,0.8660254037844387,0.7818314824680298,0.6234898018587336,0,0,0,0,1981
2019-01-29 06:00:00,0.0023119957233846697,66.44465395925482,0.0018629918621559938,0.0007699818567668813,0.0010930100053891125,30.179491469540245,32.020508667789045,15.548550120057651,91.38703340351265,90.78355898909764,0.019275128430183752,94.7070250119132,-6.08391608391713,0.3147521436462135,0.56801575656786,0.8140316300316544,0.004346256257764589,0.004659815318842853,1.0,6.123233995736766e-17,0.7818314824680298,0.6234898018587336,0,1,0,1,1980
2019-01-29 10:00:00,0.0023425674914032022,60.12219190502304,0.0018333454582271091,0.0005922683622703972,0.001241077095956712,29.71269744105451,29.345290997629963,18.121949568426142,89.5179816563079,90.38077639377279,0.019672435436419278,71.3244350602011,-17.799113737075366,0.15251251216156464,0.5606028448782754,0.7190628615317174,0.004436498432027724,0.003293430093335381,0.49999999999999994,-0.8660254037844387,0.7818314824680298,0.6234898018587336,0,0,0,0,1979
2019-01-29 14:00:00,0.0023802412808938468,60.54228167039665,0.0018019889257105959,0.0004487294638031072,0.0013532594619074887,28.849147218404774,26.817904000917295,18.781847477793175,85.97593427955576,88.96031644645876,0.01974541769626814,60.33181364346386,-18.18916734034023,0.11300919842312863,0.5517297807333373,0.7058705499437719,0.004521814167072617,0.0026650223525350736,-0.4999999999999997,-0.8660254037844388,0.7818314824680298,0.6234898018587336,0,0,1,0,1978
2019-01-29 18:00:00,0.0023437954401926506,62.357236953091615,0.0018111313697419806,0.00036629752626759354,0.001444833843474387,28.088687590435352,25.594323336313337,17.711480772704924,82.43060137320059,85.97483910302141,0.019563075422849963,65.7561680438367,-16.71991480298264,0.19979144577152444,0.5603091368298149,0.7172460059646871,0.004624336998222817,0.0030283538976656477,-1.0,-1.8369701987210297e-16,0.7818314824680298,0.6234898018587336,0,0,0,0,1977
2019-01-29 22:00:00,0.0022706671293969615,63.68012790610226,0.001837540619399114,0.0003141654207397815,0.0015233751986593325,27.408994226136347,24.720302935431718,16.976040038146348,82.41919484111389,83.60857683129008,0.017999876777359702,68.64700204044635,-17.83333333333542,0.27348029977648347,0.5783542567724446,0.7249182063897301,0.0047325384785450765,0.0031448855858522418,-0.5000000000000004,0.8660254037844384,0.7818314824680298,0.6234898018587336,0,0,0,0,1976
2019-01-30 02:00:00,0.0021806194028980903,65.13173877713889,0.0018811656370005814,0.00028623235067299886,0.0015949332863275825,26.974187470964324,25.310977470711286,16.414410144563732,85.593361732338,83.48105264888416,0.016256978686095547,78.57752295143762,-8.666666666667922,0.24348800952931532,0.6022371433798408,0.7401737786209737,0.004853567090961541,0.0034207614056509517,0.49999999999999994,0.8660254037844387,0.9749279121818236,-0.22252093395631434,0,1,0,1,1975
2019-01-30 06:00:00,0.002209146610291524,58.49417759851363,0.0017782374811385893,0.0001466433558488052,0.001631594125289784,25.802563399514117,23.199548958310725,18.763438666855247,80.22222222222096,82.74492626522428,0.0136447222031153,63.178882837842586,-32.833333333333755,-0.033232760505491885,0.5944603196012874,0.6349606076684807,0.004877810441388274,0.0024785671598652748,1.0,6.123233995736766e-17,0.9749279121818236,-0.22252093395631434,0,0,0,0,1974
2019-01-30 10:00:00,0.0021877789800483515,56.36121662447595,0.0016374449090970078,4.6806270457789775e-06,0.0016327642820512288,24.573032072965102,21.752838113272173,18.311637422689493,72.44444444444404,79.42000946633435,0.010902627022888023,45.883940620789964,-41.16666666666616,-0.030623315717622446,0.6002663029384149,0.5757156966176283,0.004747868773515286,0.001786548453742709,0.49999999999999994,-0.8660254037844387,0.9749279121818236,-0.22252093395631434,0,0,0,0,1973
2019-01-30 14:00:00,0.0021786519040071814,53.74418988834366,0.0014590183081060193,-0.0001389967791561677,0.001598015087262187,23.148831269022466,20.28368332886953,22.255036229932163,52.5960264900667,68.42089771891058,0.007403900593620616,-12.527974354330262,-68.21192052979997,-0.049014888272303436,0.6027810122326321,0.46744958998941893,0.004491667108084093,0.0005304245774431227,-0.4999999999999997,-0.8660254037844388,0.9749279121818236,-0.22252093395631434,1,0,1,0,1972
2019-01-30 18:00:00,0.0026501770576482933,68.86244789332838,0.0017828263180637016,0.00014784898464121178,0.0016349773334224898,24.03183398595602,35.69800684753939,16.988559584479397,55.895842835337454,60.3121045899494,0.006500767646996142,225.59521228152414,-22.93388429752149,0.4075884930596152,0.4955329290961971,1.2949061219543474,0.004136939518403159,0.004873323944581065,-1.0,-1.8369701987210297e-16,0.9749279121818236,-0.22252093395631434,1,0,1,0,1971
2019-01-30 22:00:00,0.0025815929429823343,71.20283744928527,0.0021270881342063674,0.00039368864062710204,0.0017333994935792654,24.851764884444847,34.02878092728129,16.194180667825208,66.72406226815885,58.405310531187666,0.008344188636425276,311.0673828644194,-8.682008368201954,0.45360392249403747,0.5086975479886825,1.2332648225725344,0.0038552868107229357,0.006722124695681009,-0.5000000000000004,0.8660254037844384,0.9749279121818236,-0.22252093395631434,0,0,0,0,1970
2019-01-31 02:00:00,0.0025186219851312023,73.02502316103092,0.0024651042222472164,0.0005853637829343608,0.0018797404393128556,25.942968275681075,36.07499937145476,15.413421476061881,88.22800332109755,70.28263614153128,0.010191840658107854,271.9585826298307,-3.7000973709839013,0.6905122393075582,0.5214160790117891,1.1669060308152253,0.0036412388151168817,0.007334354720026415,0.49999999999999994,0.8660254037844387,0.43388373911755823,-0.900968867902419,0,1,0,1,1969
2019-01-31 06:00:00,0.002560149006616892,65.17607118458733,0.002538306522310796,0.0005268528663983519,0.002011453655912444,26.470410063001403,32.9548530506341,16.47972135944025,86.71444455625681,80.55550338183774,0.010770524778314083,185.21168347415735,-27.474560592043673,0.49702920046553867,0.5129584241408642,0.9083830723695427,0.003268997098347218,0.006020806342424301,1.0,6.123233995736766e-17,0.43388373911755823,-0.900968867902419,0,0,0,0,1968
2019-01-31 10:00:00,0.00255085264475588,67.0372748535892,0.002646504261422322,0.0005080404844079022,0.00213846377701442,26.33295540471392,30.71245635775886,18.60658195866376,83.53382508232096,86.15875765322511,0.011398880471356954,132.79177635702555,-18.223866790009524,0.5247186196402184,0.5148278567559829,0.9372797848459743,0.0029351396468299817,0.0049288751683636,0.49999999999999994,-0.8660254037844387,0.43388373911755823,-0.900968867902419,0,1,0,1,1967
2019-01-31 14:00:00,0.0027943632733948543,53.36809322463741,0.0023461292221345076,0.00016613235609607,0.0021799968660384376,24.607692397359166,26.033488132725015,24.922993456145594,64.97070613629339,78.40632525829038,0.010903851796511876,43.283350594643835,-59.389454209066606,0.09178562374887414,0.4699639493917843,0.5298976917591942,0.002807867279526659,0.0020566984882279815,-0.4999999999999997,-0.8660254037844388,0.43388373911755823,-0.900968867902419,0,0,0,1,1966
2019-01-31 18:00:00,0.0026719087056471156,52.74345202229592,0.0020649108383947734,-9.206882211493152e-05,0.002156979660509705,23.00566272607573,25.281853751458193,24.20342108573477,53.59235275978954,67.3656279928013,0.010561692288657998,-5.0638588586298905,-61.60962072155522,0.022716946842338007,0.49150257163518657,0.4937510014308241,0.0027321344983520144,0.0005550959425029145,-1.0,-1.8369701987210297e-16,0.43388373911755823,-0.900968867902419,0,0,0,0,1965
2019-01-31 22:00:00,0.002568915189012942,51.42017131061582,0.0017819629783319968,-0.0003000133457421667,0.0020819763240741635,21.442425505855,24.417211641664153,23.87615086317033,37.619488128275606,52.06084900811951,0.010498065345591279,-15.192736506308917,-66.14246068455132,0.10673012151486776,0.5112080015785152,0.4430371234780671,0.0026584227643884394,0.0002960216004359584,-0.5000000000000004,0.8660254037844384,0.43388373911755823,-0.900968867902419,1,0,1,0,1964
2019-02-01 02:00:00,0.0024782783590237803,49.74689430540365,0.001491311942917184,-0.000472531504925584,0.001963843447842768,19.979920895296335,23.502337301116672,23.961492506909394,33.48751156336688,41.56645081714401,0.010404578991977775,-29.88096202122057,-71.78538390379278,0.09714940878895335,0.5299041551237621,0.3802450343295215,0.002595195114278511,-0.00010179346093219799,0.49999999999999994,0.8660254037844387,-0.433883739117558,-0.9009688679024191,1,0,1,0,1963
2019-02-01 06:00:00,0.002536258494516242,57.113696011319526,0.0014851174058494454,-0.00038298083359465814,0.0018680982394441035,19.328882344094207,27.04178471307595,21.741311667056,39.31544865864956,36.80748278343068,0.010262876010179056,20.195386257286557,-44.12580943570718,0.41332807916284053,0.5177902815661087,0.6496656491295936,0.00246710287548858,0.001458083349275885,1.0,6.123233995736766e-17,-0.433883739117558,-0.9009688679024191,0,0,0,0,1962
2019-02-01 10:00:00,0.002584382901853899,58.684336526499415,0.0015207756186217392,-0.0002778580966578915,0.0017986337152796307,19.371532727619698,29.67286041872882,19.8124281293628,48.874498920752195,40.55915304758954,0.010299068695776015,60.72227035931802,-37.465309898243426,-0.05052396839638884,0.5081483858517808,0.6992413159494252,0.0024305483326355665,0.002703036681333648,0.49999999999999994,-0.8660254037844387,-0.433883739117558,-0.9009688679024191,0,0,0,0,1961
2019-02-01 14:00:00,0.002692641295436914,57.11986543257319,0.0014914961486443001,-0.0002457100533082644,0.0017372062019525645,19.09838676803661,26.445578901624895,19.328809516205,58.772741288929616,48.98756295611045,0.010325234331496791,46.20618096326135,-42.09065679926049,-0.21490220644532368,0.48771813840391587,0.6371397446816894,0.0024214327772750285,0.0022199937468267983,-0.4999999999999997,-0.8660254037844388,-0.433883739117558,-0.9009688679024191,0,1,0,1,1960
2019-02-01 18:00:00,0.0026145954689189353,53.69742081949843,0.0013630122773098385,-0.0002993551397141808,0.0016623674170240194,18.844751260943795,25.289624692520498,18.48393412889172,56.02836879432568,54.55853633466916,0.009990886046808978,16.20142309797862,-52.35892691951902,-0.41198762298786346,0.5022765531460947,0.5148635465667769,0.002395391290876639,0.001284927580414097,-1.0,-1.8369701987210297e-16,-0.433883739117558,-0.9009688679024191,0,1,0,1,1959
2019-02-03 22:00:00,0.002476410045891384,53.91175484306957,0.0012531971384885932,-0.00032733622282834097,0.0015805333613169341,18.603689133316255,24.79360284455818,18.15024031679432,49.97243852777163,54.92451620367564,0.009644857697256537,1.8407079645996665,-55.633100697905554,-0.22725887485088866,0.5303039382265531,0.5077761644965877,0.002338832025945056,0.0009184000406476933,-0.5000000000000004,0.8660254037844384,-0.7818314824680299,0.6234898018587334,0,1,0,1,1958
2019-02-04 02:00:00,0.002434523604925163,49.331484781649216,0.0010340177888308322,-0.0004372124579888818,0.001471230246819714,17.736300811206622,23.418739562983024,20.576530901156957,34.470493718169145,46.823767013422156,0.009502909028309858,-33.25152694996816,-88.59649122806795,-0.4436827407413749,0.5394279181944384,0.34636283524859907,0.002293995101691499,4.146137072935652e-05,0.49999999999999994,0.8660254037844387,0.0,1.0,0,0,0,0,1957
2019-02-04 06:00:00,0.002371343334661197,49.91581752409558,0.0008656690927875133,-0.00048444892322576055,0.0013501180160132738,16.74961050083997,22.32535527350761,20.63997828795301,23.18495640896992,35.87596288497023,0.009424117783662034,-46.23928072230385,-86.2155388471167,-0.04017397076032776,0.5538000258354108,0.36210910879606517,0.0022850912870234835,-0.00021638887226260728,1.0,6.123233995736766e-17,0.0,1.0,0,1,0,1,1956
2019-02-04 10:00:00,0.002299818797333627,51.00471338322703,0.0007510292985337674,-0.0004792709739836051,0.0012303002725173725,15.874599552582728,21.623879481787075,19.761748365973908,14.41102756892378,24.02215923202095,0.009386656699823082,-39.354026470344444,-81.95488721804398,0.010482363423550379,0.5710232482326698,0.39575628135857616,0.0022346636747271214,9.455570851635287e-06,0.49999999999999994,-0.8660254037844387,0.0,1.0,0,1,0,1,1955
2019-02-04 14:00:00,0.0023219746013851193,45.46324089522703,0.000511456476272043,-0.0005750750369962637,0.0010865315132683067,15.283441110131994,19.88772368548561,23.158544965049508,13.733401101822652,17.10979502657212,0.009372429994421783,-87.74944088766473,-90.62937062937134,-0.10137290372196295,0.565574661848847,0.20642618812435662,0.002192312637857067,-0.001147434208149667,-0.4999999999999997,-0.8660254037844388,0.0,1.0,0,0,0,0,1954
2019-02-04 18:00:00,0.002243262117120368,48.1699110396808,0.0003809483508387945,-0.0005644665299436098,0.0009454148807824044,14.73450830790371,19.11515532120936,22.258916657375266,15.993040811425123,14.712489827390518,0.009059509037488755,-91.63283255604144,-79.43661971830929,0.020984890878569,0.5854197732745532,0.2760364285079972,0.0021820570448258885,-0.0010924394714977304,-1.0,-1.8369701987210297e-16,0.0,1.0,0,1,0,1,1953
2019-02-04 22:00:00,0.0021416005220502563,47.91059751235105,0.00026797533688593944,-0.0005419516351171719,0.0008099269720031113,14.081019946568137,19.359484392652078,21.65014918204427,17.154290268921486,15.626910727389754,0.008526225659712505,-90.21680272529218,-78.4711388455549,-0.24680160813486968,0.6132096002399006,0.24156208292587877,0.0021779290298613,-0.0007658443137781301,-0.5000000000000004,0.8660254037844384,0.0,1.0,0,1,0,1,1952
2019-02-05 02:00:00,0.002059343330426587,46.52816540977624,0.0001437033135678334,-0.0005329789267482225,0.0006766822403160559,13.61871191488609,18.69471311269622,21.77384855867429,19.07494891344886,17.40742666459849,0.008623644473210401,-90.60880572808084,-84.86739469578922,-0.34513112368069826,0.6377032817194033,0.22326085480288527,0.0022002592439881122,-0.0009315101020093142,0.49999999999999994,0.8660254037844387,0.7818314824680298,0.6234898018587336,0,1,0,1,1951
2019-02-05 06:00:00,0.002074390237345624,41.86402741877318,-7.256340912920045e-05,-0.0005993965195562051,0.0005268331104270047,14.178502466441758,17.233457397297347,26.64871937839007,15.640402239465653,17.289880473945335,0.008604057414982602,-132.79764728842005,-89.7402597402589,-0.429858138095186,0.6330776034119916,0.09478420100628793,0.0022664333319830075,-0.002086722627181903,1.0,6.123233995736766e-17,0.7818314824680298,0.6234898018587336,0,0,0,0,1950
2019-02-05 10:00:00,0.0020740766489260676,45.618119213238764,-0.00016619046071086885,-0.0005544188569102989,0.00038822839619943,14.69830795241804,16.004915491582974,24.748980531145804,15.953292677161443,16.889547943358654,0.007503508246166746,-116.1792847745531,-77.53246753246754,-0.25135715407844383,0.6331733210920558,0.21140166320116818,0.0022899794271973493,-0.0016315181503407938,0.49999999999999994,-0.8660254037844387,0.7818314824680298,0.6234898018587336,0,1,0,1,1949
2019-02-05 14:00:00,0.002158785469180244,39.8668544965049,-0.0003932066354748187,-0.000625148025339399,0.00023194138986458028,15.704123314488879,14.278546955853297,25.81830954376086,14.00187441424569,15.198523110290928,0.007636622028114104,-157.05419130093514,-90.72164948453647,-0.42849911856598466,0.6083281635662856,0.010320140733256369,0.00230844678299803,-0.0024271300316467403,-0.4999999999999997,-0.8660254037844388,0.7818314824680298,0.6234898018587336,0,1,0,1,1948
2019-02-05 18:00:00,0.002118157931452886,38.944908135278446,-0.0005937098306834088,-0.0006605209764383912,6.681114575498247e-05,16.638094681562595,13.512959499016283,24.433982832888102,12.37653907756973,14.110568722992289,0.007085853794727814,-172.82348242811648,-94.61626575028679,-0.3285650619991967,0.6199962620819384,-0.013205621417952168,0.0024715235510633406,-0.0028370929624483843,-1.0,-1.8369701987210297e-16,0.7818314824680298,0.6234898018587336,0,1,0,1,1947
2019-02-05 22:00:00,0.0020511466441799735,37.5955357806969,-0.0007831216237306204,-0.0006799462155884824,-0.00010317540814213812,17.674783324579984,12.957684937624137,24.68359586093993,6.381292494088278,10.919901995301233,0.007898903974618676,-171.03384757079283,-95.51820728291189,-0.3879219962256238,0.6402516386267562,0.008602710898574421,0.0025215568151752293,-0.003106925525452331,-0.5000000000000004,0.8660254037844384,0.7818314824680298,0.6234898018587336,0,1,0,1,1946
2019-02-06 02:00:00,0.00197963616319946,36.40352117513905,-0.0009568987080414981,-0.0006829786399194879,-0.00027392006812201013,18.724061799621722,12.466773286628722,24.397909296430445,3.6513913113807117,7.469740961012906,0.008703030276876689,-156.51455709270886,-98.91135303265918,-0.45506157743033776,0.6633794756898884,0.03384052784705025,0.002425893028292365,-0.0031405048167496563,0.49999999999999994,0.8660254037844387,0.9749279121818236,-0.22252093395631434,0,1,0,1,1945
2019-02-06 06:00:00,0.0019675192933931132,34.10177496841528,-0.0011499502845464527,-0.000700824173139554,-0.0004491261114068987,20.391836381601912,11.647581409588799,28.567038633821944,5.223396769290047,5.085360191586346,0.009673762246417805,-167.42842085176895,-89.90024937655878,-0.3752854006105959,0.6674648652289534,0.020920621993161918,0.002421230236368234,-0.0038920644314095476,1.0,6.123233995736766e-17,0.9749279121818236,-0.22252093395631434,0,0,0,0,1944
2019-02-06 10:00:00,0.0019398393417302616,33.67021056527482,-0.0013008602059159102,-0.0006813872756072092,-0.000619472930308701,21.881632010952448,11.190872763785466,26.905048107394297,6.649501802497059,5.1747632943892725,0.010532695571420003,-137.03928328225862,-91.23989218329085,-0.45807399118820663,0.6769890535515337,0.06853400260314461,0.002395143633138902,-0.0035224326102301085,0.49999999999999994,-0.8660254037844387,0.9749279121818236,-0.22252093395631434,0,1,0,1,1943
2019-02-06 14:00:00,0.0019148508155314176,30.76172449006493,-0.0014928168656109797,-0.000698675148241823,-0.0007941417173691568,23.61348735673392,10.527132545772325,28.55459759998649,6.786619480049691,6.219839350612266,0.01112235568574338,-142.73926786688787,-98.50000000000128,-0.5481535879143934,0.6858236627878194,0.03251809716310945,0.002578034580592071,-0.0041115713347450455,-0.4999999999999997,-0.8660254037844388,0.9749279121818236,-0.22252093395631434,0,1,0,1,1942
2019-02-06 18:00:00,0.0018845043266897308,27.739511787066462,-0.0017299018056500248,-0.0007486080706246945,-0.0009812937350253304,25.68749176878891,9.932606050543441,32.020975407151646,4.015274034140476,5.817131772229075,0.011639424556229905,-159.37252926400737,-98.21428571428642,-0.626186124205247,0.6968675961104421,-0.010635209780958865,0.0028787382299044744,-0.005033845627965494,-1.0,-1.8369701987210297e-16,0.9749279121818236,-0.22252093395631434,0,1,0,1,1941
2019-02-06 22:00:00,0.0018298968714113586,27.339004082973954,-0.001910297108465242,-0.0007432026987519292,-0.0011670944097133128,27.66838442466543,9.498369266206513,31.284653911368377,1.704251493532569,4.168715002574245,0.011971327578850222,-146.19363090820903,-98.17295980511457,-0.5140285123822237,0.7176633943240307,0.033593917364324,0.0031454913545472377,-0.004904071311061742,-0.5000000000000004,0.8660254037844384,0.9749279121818236,-0.22252093395631434,0,1,0,1,1940
2019-02-07 02:00:00,0.0017549042334391543,27.104866296178997,-0.002037839900033145,-0.0006965963922558657,-0.0013412435077772792,29.588104161596434,9.196817261614573,31.268290378074614,2.3482357144407704,2.6892537473712714,0.012321931017504006,-135.86049126782737,-96.56804733727668,-0.6046023274127196,0.7483314331212095,0.07847516005230451,0.0033909042128694392,-0.004793878939510332,0.49999999999999994,0.8660254037844387,0.43388373911755823,-0.900968867902419,0,1,0,1,1939
2019-02-07 06:00:00,0.0018188396487404505,23.830064707614902,-0.002233403740719897,-0.0007137281863540943,-0.0015196755543658027,31.868076885644577,8.23970913038821,34.572556960349544,3.3134225860023085,2.4553032646585495,0.012841989876966053,-142.2026413494273,-95.3187250996018,-0.5653183750383317,0.7220262659819561,0.023749819257377586,0.0036010858422391486,-0.005318101957682675,1.0,6.123233995736766e-17,0.43388373911755823,-0.900968867902419,0,0,0,1,1938
2019-02-07 10:00:00,0.0018574939614557763,21.217594235795303,-0.0024736500120190463,-0.0007631795661225947,-0.0017104704458964517,34.35028252163724,7.491938404552321,37.395437477486496,4.559640331259462,3.407099543900847,0.013923566209849803,-157.76841597522827,-94.43430656934311,-0.6592963414313369,0.7070009524934148,-1.557755189759108e-05,0.003786319489662453,-0.00636465380106821,0.49999999999999994,-0.8660254037844387,0.43388373911755823,-0.900968867902419,0,0,1,0,1937
2019-02-07 14:00:00,0.0019355301106485936,31.685414704159893,-0.0024877044979425555,-0.0006217872416368832,-0.0018659172563056724,35.48675177147427,11.030975723487982,33.32432888793931,10.8637635584591,6.24560882524029,0.013962836388071498,-114.72847141983202,-77.65567765567776,-0.45609234115707936,0.6784962903831714,0.16697310841710106,0.0038084073001015536,-0.004751481496982679,-0.4999999999999997,-0.8660254037844388,0.43388373911755823,-0.900968867902419,0,1,0,1,1936
2019-02-07 18:00:00,0.0019372779599625023,29.408879877503963,-0.002549340297478775,-0.0005467384329384817,-0.002002601864540293,36.542044627488245,10.233807377468995,30.916101292512103,13.72946801778964,9.7176239691694,0.0138876824560481,-108.51191818933403,-86.72161172161019,-0.5054005913888853,0.6778841380229294,0.13338015424002939,0.003835873040221465,-0.004616696310557389,-1.0,-1.8369701987210297e-16,0.43388373911755823,-0.900968867902419,0,0,0,1,1935
2019-02-07 22:00:00,0.0018860438179371137,29.090573956436664,-0.0025797462338963406,-0.00046171549548483775,-0.002118030738411503,37.55927355124526,9.760964042047915,29.904246122432056,16.584772652734753,13.726001409661166,0.01406304931371638,-104.85308412743358,-85.86839266450778,-0.44343366934775724,0.6962987749862488,0.16120434525156574,0.0038423399522161047,-0.004584693939046147,-0.5000000000000004,0.8660254037844384,0.43388373911755823,-0.900968867902419,0,0,0,0,1934
2019-02-08 02:00:00,0.0018077549709210872,30.08020194227765,-0.00256060847771189,-0.0003540621914403094,-0.0022065462862715804,38.503843251626314,9.456278237962843,28.97079331632383,14.940586773255248,15.084942481259882,0.013698830753023916,-95.57910392266317,-82.58823529411626,-0.41451505251693505,0.726453541063075,0.20095987943382138,0.003847886301013909,-0.004273118423922639,0.49999999999999994,0.8660254037844387,-0.433883739117558,-0.9009688679024191,0,0,0,1,1933
2019-02-08 06:00:00,0.0018257724736131106,26.80929465400452,-0.0026265192558840855,-0.0003359783756900041,-0.0022905408801940814,39.82332789356275,8.694176790234662,31.721885923691918,11.6679975221448,14.397785649378266,0.013409735418715929,-105.21634252978032,-96.53937947494154,-0.4386543245690419,0.7192845871978479,0.13358710320695386,0.0038697438171239698,-0.004762335616675717,1.0,6.123233995736766e-17,-0.433883739117558,-0.9009688679024191,1,0,1,0,1932
2019-02-08 10:00:00,0.0018753601556409246,38.01325403687122,-0.0024783123811655816,-0.00015021720077719979,-0.002328095180388382,40.23548709121528,10.71629032596357,28.67716961676971,17.55754934767771,14.722044547692585,0.012441227431405188,-74.60672009938055,-68.19973718790904,-0.13729131280415605,0.7002654908977645,0.31131282962690715,0.0037556608052060677,-0.003406148767341577,0.49999999999999994,-0.8660254037844387,-0.433883739117558,-0.9009688679024191,0,1,0,1,1931
2019-02-08 14:00:00,0.001939977289282514,33.54736857631759,-0.002471160984948373,-0.00011445264364799267,-0.00235670834130038,40.79583357124318,9.619396484271007,27.435530172499224,15.443031468452974,14.889526112758496,0.012065394481737268,-87.27504379678402,-88.93178893179048,-0.27286570606202876,0.6769409143370414,0.20005124942430003,0.0037142020786901874,-0.003860456865954376,-0.4999999999999997,-0.8660254037844388,-0.433883739117558,-0.9009688679024191,0,1,0,1,1930
2019-02-08 18:00:00,0.001872836052498955,31.949287324685464,-0.002491641674693179,-0.00010794666671423876,-0.0023836950079789403,41.32011947738451,9.252519860587737,26.42729872359079,15.204712873394522,16.068431229841735,0.011145025616834836,-102.46310734616175,-97.25433526011689,-0.32394651361368737,0.7012092693579396,0.1617773588329794,0.00366792085489487,-0.004312153650011474,-1.0,-1.8369701987210297e-16,-0.433883739117558,-0.9009688679024191,0,1,0,1,1929
2019-02-10 22:00:00,0.0018283477619058291,34.18369382106316,-0.0024433955863201184,-4.776046267294248e-05,-0.002395635123647176,42.03881969691145,8.800681384959146,27.402647605289488,11.315296336470956,13.987680226106152,0.010553028001473841,-99.64263990267663,-79.86798679867974,-0.15337152930807182,0.7182714510674366,0.22424976039165667,0.0035472636905147536,-0.004108248024677241,-0.5000000000000004,0.8660254037844384,-0.7818314824680299,0.6234898018587334,0,1,0,1,1928
2019-02-11 02:00:00,0.0017656086345770932,33.34522803220811,-0.0024032780460128134,-6.114337892509751e-06,-0.0023971637081203036,42.693632815281006,8.502902746679691,26.34948928887923,13.060675255762868,13.193561488542784,0.009875215643208701,-93.95237366784028,-83.69565217391475,-0.05736525783477389,0.743794504785346,0.21428472025920667,0.0033755812405842963,-0.0037795881827031863,0.49999999999999994,0.8660254037844387,0.0,1.0,0,1,0,1,1927
2019-02-11 06:00:00,0.0018402080194538121,28.279592462297423,-0.0025175645537947045,-9.632067653952059e-05,-0.002421243877255184,43.89462577563384,7.575478199782102,29.841250473155934,12.454572686621878,12.276848092951901,0.009730725769430126,-125.68711521547834,-99.07264296753986,-0.4097205089345347,0.7136421459514032,0.03765010888151977,0.0033154221410644485,-0.00457815446142007,1.0,6.123233995736766e-17,0.0,1.0,0,0,0,0,1926
2019-02-11 10:00:00,0.001885907447564163,32.35924905816913,-0.002514597406857,-7.468282368145287e-05,-0.002439914583175547,45.16574391265761,6.8639152428987185,28.969888910751056,12.286404007290178,12.600550649891643,0.009126222438656129,-127.74112925514282,-80.37249283667485,-0.25222015468327713,0.6963491245003528,0.14191098540862715,0.0031679300016258195,-0.004380568771173321,0.49999999999999994,-0.8660254037844387,0.0,1.0,0,1,0,1,1925
2019-02-11 14:00:00,0.0020583426331341396,24.78636520899882,-0.002801906936670928,-0.0002895938827963047,-0.0025123130538746235,47.00562574179277,5.8396918970249345,34.32889814854651,7.47364847506785,10.738208389659968,0.010182557635476819,-203.3887023085466,-98.13391877058173,-0.5918203547394132,0.6380133117101001,-0.1550417133669008,0.0032262718222755204,-0.006406789936145962,-0.4999999999999997,-0.8660254037844388,0.0,1.0,0,0,0,0,1924
2019-02-11 18:00:00,0.001989175300984297,27.311603841267097,-0.0029512017883865926,-0.00035111098760957525,-0.0026000908007770174,48.74454957608327,5.611123940239882,33.55978905571515,10.328858842169346,10.029637108175793,0.010455619541652528,-208.9529779112753,-90.50701186623536,-0.5582207485272997,0.6601982235302081,-0.03248877102123564,0.003333097238020946,-0.006808113407920979,-1.0,-1.8369701987210297e-16,0.0,1.0,0,0,0,0,1923
2019-02-11 22:00:00,0.0019220913498227373,30.20234510779716,-0.0029842823498344995,-0.00030735323924598566,-0.002676929110588514,49.81654240451327,7.138787341701156,32.25028614350734,9.460914891072594,9.087807402769931,0.010490998808491359,-164.11101951085254,-82.9763246899651,-0.38143000935915167,0.6832401592781284,0.0737298152793213,0.003343435124840047,-0.005769731001953993,-0.5000000000000004,0.8660254037844384,0.0,1.0,0,0,0,0,1922
2019-02-12 02:00:00,0.0018576562524335342,29.598699351513126,-0.0030001228768967714,-0.00025855501304660605,-0.0027415678638501653,50.556230239751024,7.704724627865489,30.985432251860267,13.669227135957698,11.153000289733214,0.01074720633465942,-140.64067201604652,-85.50898203592642,-0.594865648491688,0.706939186558137,0.09463884247292326,0.00329345696132148,-0.0052560191884643,0.49999999999999994,0.8660254037844387,0.7818314824680298,0.6234898018587336,0,0,0,0,1921
2019-02-12 06:00:00,0.001957823664378958,28.573659422577343,-0.0030182301516390453,-0.00022132983023110406,-0.0027969003214079412,51.6853607306381,6.7883498689164,33.575315715180416,16.48413155681829,13.204757861282863,0.010954469407494116,-133.83103003367384,-82.06229860365359,-0.4880890387382091,0.6707703170073677,0.0960552870800922,0.003296704583542605,-0.005356870986720663,1.0,6.123233995736766e-17,0.7818314824680298,0.6234898018587336,1,0,1,0,1920
2019-02-12 10:00:00,0.0019936934031047735,37.15238413476673,-0.002852038071717633,-4.411020024775326e-05,-0.0028079278714698798,51.955554884113276,8.769620980991938,30.616153245075704,23.340901440941508,17.8314200445725,0.010493388394589687,-82.62976636806546,-62.406015037595466,-0.2667114129522854,0.6587020842597359,0.28462628895301445,0.0031400436132250705,-0.003680187974449467,0.49999999999999994,-0.8660254037844387,0.7818314824680298,0.6234898018587336,1,0,1,0,1919
2019-02-12 14:00:00,0.002103429589924435,47.25528645423396,-0.0024731464071441334,0.0002678251714605972,-0.0027409715786047306,50.01481684259652,16.241881713529178,26.94612574129068,40.74471894020618,26.856583979321993,0.010151906224926677,-13.980397324405843,-33.297529538132395,-0.0670927645750286,0.6243375135020223,0.5566396090803059,0.002925562816608573,-0.0013433729364937808,-0.4999999999999997,-0.8660254037844388,0.7818314824680298,0.6234898018587336,0,0,1,0,1918
2019-02-12 18:00:00,0.002096041761989724,49.171024427047385,-0.0021010444316849064,0.0005119417175358594,-0.002612986149220766,47.09109217464801,20.92813778679707,25.109594309757775,59.61928631101434,41.23496889738735,0.010095503949764328,42.91382917336853,-25.438596491229116,0.013245734873379121,0.6265380889898693,0.6178742543137756,0.002774462385004929,0.00045689689842576264,-1.0,-1.8369701987210297e-16,0.7818314824680298,0.6234898018587336,0,0,0,0,1917
2019-02-12 22:00:00,0.0020370387783751856,52.1527952849827,-0.0017105822636560575,0.0007219231084517668,-0.0024325053721078243,44.376204994834545,19.996156957266102,23.991403060617706,78.58978949204406,59.651264914421525,0.009775434312587095,61.19546576316535,-5.4945054945062966,0.28842665911683213,0.6446858125339641,0.7250027906348651,0.0026362382925271335,0.0008588784798848614,-0.5000000000000004,0.8660254037844384,0.7818314824680298,0.6234898018587336,0,1,0,1,1916
2019-02-13 02:00:00,0.0019472502933361,53.12931878319449,-0.0013604414509422735,0.0008576511369324407,-0.0022180925878747143,41.653257446939804,20.561166050754576,23.304966446730305,88.37631684007725,75.52846421437856,0.009756584648313193,77.98742138364842,-3.9379474940327897,0.24490084610147375,0.6744125316063465,0.7576721353444669,0.002521105656637014,0.001225634868160741,0.49999999999999994,0.8660254037844387,0.9749279121818236,-0.22252093395631434,0,1,0,1,1915
2019-02-13 06:00:00,0.0019931609870820453,47.294719680749864,-0.0012094144158993902,0.0008069425375802591,-0.0020163569534796494,40.18546943488991,18.65273227232696,28.631757809896833,88.62195878902382,85.19602170704837,0.009523598269546074,38.32577733529798,-24.701670644389452,0.44539872946020015,0.6588780377056126,0.5901444995580452,0.002430723598064656,-0.0001328159212921065,1.0,6.123233995736766e-17,0.9749279121818236,-0.22252093395631434,0,0,0,0,1914
2019-02-13 10:00:00,0.002152935203624469,39.39555076441023,-0.0013126335261546274,0.0005629787418600176,-0.001875612268014645,39.739168309746894,16.035008404071046,32.50977464289212,70.48528241845787,82.49451934918632,0.00934669909645569,-23.367508744205537,-59.90453460620409,0.1347959880457409,0.6099812004509666,0.30196217071952897,0.0024166151252299002,-0.001983657314255316,0.49999999999999994,-0.8660254037844387,0.9749279121818236,-0.22252093395631434,0,0,0,0,1913
2019-02-13 14:00:00,0.0022227255467637988,36.07426775134107,-0.0014990002532646596,0.00030128961179998843,-0.001800289865064648,39.835743660873185,14.422137319259736,34.54217021591611,45.82338902148052,68.31021007632074,0.009665769705495375,-80.51736192029507,-77.92362768496486,-0.054951872795283435,0.5908286796415512,0.17783217530729828,0.002409267717382636,-0.0036373647291148004,-0.4999999999999997,-0.8660254037844388,0.9749279121818236,-0.22252093395631434,0,0,0,1,1912
2019-02-13 18:00:00,0.002224673722008971,33.03523567405893,-0.0017499827288836034,4.024570894483573e-05,-0.0017902284378284391,40.256925718444776,13.380257113864406,35.93178385734865,21.99681782020653,46.101829753381644,0.009757158602772265,-117.60614062546775,-96.18138424821143,-0.1640129082591696,0.590311283406576,0.06811197075318298,0.0024879971727491458,-0.004827575550786056,-1.0,-1.8369701987210297e-16,0.9749279121818236,-0.22252093395631434,0,0,0,0,1911
2019-02-13 22:00:00,0.0022114827417772966,36.28442537325321,-0.0018580746088825428,-5.4276936843282875e-05,-0.00180379767203926,40.9255948470903,12.498633855304972,37.11712824459289,15.906364100450746,27.9088569807126,0.009852204626358496,-117.62597204405016,-78.17589576547144,-0.04346052188103165,0.5938323529238052,0.1901201187161699,0.002581832909299959,-0.004916702840056297,-0.5000000000000004,0.8660254037844384,0.9749279121818236,-0.22252093395631434,0,0,0,0,1910
2019-02-14 02:00:00,0.0021620911170580396,40.105546963799966,-0.0018378266560739043,-2.7223187227715367e-05,-0.001810603468846189,40.591339407365304,16.496155260669923,35.253256906699214,19.62249189554791,19.175224605401727,0.009764992780316284,-65.58082360171692,-66.77524429967336,-0.11246004126485512,0.6073980831052769,0.3168457427223984,0.002552317314039337,-0.003183233279518305,0.49999999999999994,0.8660254037844387,0.43388373911755823,-0.900968867902419,0,0,0,0,1909
2019-02-14 06:00:00,0.002331227466814514,37.072725829095994,-0.0019071158479637695,-7.720990329406429e-05,-0.0018299059446697053,40.80463621071455,14.206509728271033,36.15109006230667,24.610930148390086,20.04659538146291,0.00973099378273412,-79.243294649859,-81.21606948968491,-0.46908127208479916,0.5633298417654967,0.2107181380595536,0.0025794449308750305,-0.0035725746171570982,1.0,6.123233995736766e-17,0.43388373911755823,-0.900968867902419,1,0,1,0,1908
2019-02-14 10:00:00,0.002513282648730739,48.386804012329435,-0.0016540846923451813,0.0001406570018596192,-0.0017947416942048005,40.09048773038297,16.470828779370493,31.13723410733023,36.5544697792265,26.929297274388166,0.009385131005990921,-11.16214013525008,-42.34527687296219,-0.20484023344722077,0.5225237999646475,0.5930727551317719,0.002447398200320981,-0.0013823686477845154,0.49999999999999994,-0.8660254037844387,0.43388373911755823,-0.900968867902419,0,1,0,1,1907
2019-02-14 14:00:00,0.0026216196029312565,46.9397086302907,-0.0014824610269192906,0.00024982453382840796,-0.0017322855607476986,39.42734985716921,14.66231097183607,27.718326466750213,42.634817227651816,34.60007238508947,0.009355799057248149,-15.838981878539444,-48.534201954397425,-0.33788254391149775,0.5009307980958196,0.5354860122549117,0.00234980294768815,-0.0014864458226284682,-0.4999999999999997,-0.8660254037844388,0.43388373911755823,-0.900968867902419,0,1,0,1,1906
2019-02-14 18:00:00,0.0025193610593928217,46.571302820185835,-0.0013422719895979096,0.00031201085691983125,-0.0016542828465177409,38.811578976089066,14.167623466164272,26.783145797920348,53.0220774520454,44.07045481964124,0.009227774379535258,13.093190937336953,-50.054288816504155,-0.3774783038171225,0.5212631175288942,0.5289885717831735,0.0022784407498226077,-0.0006744634901518776,-1.0,-1.8369701987210297e-16,0.43388373911755823,-0.900968867902419,0,1,0,1,1905
2019-02-14 22:00:00,0.002421549554731323,44.42561675007941,-0.0012809583906754352,0.00029865956467384474,-0.00157961795534928,38.427673872077555,13.687034880583525,27.43796212009612,47.55700325732903,47.73796597900875,0.009019403749672694,-11.094726493923426,-58.740499457111284,-0.29502694108295385,0.5423180365787345,0.43164736637694373,0.0022095931553768777,-0.0012031730776065341,-0.5000000000000004,0.8660254037844384,0.43388373911755823,-0.900968867902419,0,1,0,1,1904
2019-02-15 02:00:00,0.0022964388717526684,43.7740329281613,-0.0012374681534492726,0.000273719841520006,-0.0015111879949692786,38.175359890116795,13.401800906261672,27.768180403231362,43.28628302569687,47.95512124502377,0.008914293241733429,-29.816800379903025,-61.346362649293916,-0.055794181463944596,0.5718636869257105,0.3989263674004024,0.00213440620196674,-0.0015055858980645986,0.49999999999999994,0.8660254037844387,-0.433883739117558,-0.9009688679024191,0,1,0,1,1903
2019-02-15 06:00:00,0.0022981218094908305,43.28970025374943,-0.0012028536581474292,0.0002466674694574795,-0.0014495211276049087,38.43179714042998,12.435416155244384,30.272642383241788,38.9069851610572,43.250090481361035,0.008905256649845317,-48.05075925716441,-63.19218241042317,0.0629633570997826,0.5714449053903554,0.37922863514341404,0.00211552432182909,-0.0018206056928860015,1.0,6.123233995736766e-17,-0.433883739117558,-0.9009688679024191,0,1,0,1,1902
2019-02-15 10:00:00,0.002508255966676763,35.665256548840524,-0.0014053311486299513,3.5351983179965915e-05,-0.0014406831318099173,39.54715276766763,10.579784714151039,35.46610170205676,31.113028001126846,37.76876539596031,0.009535104613983325,-125.60386473430816,-82.12237093690236,-0.07192903002370794,0.5235709662199869,0.08128409056519162,0.002196625060095781,-0.0038062905707887396,0.49999999999999994,-0.8660254037844387,-0.433883739117558,-0.9009688679024191,1,0,1,0,1901
2019-02-15 14:00:00,0.002569809112110251,42.87663441556764,-0.001386014867399643,4.373461152821947e-05,-0.0014297494789278626,40.58284013443539,9.588775180956436,32.143988271433145,31.60296781426578,33.874326992149946,0.009555742985221105,-79.81489432756867,-59.876543209877106,0.031944062397394425,0.5110301748917055,0.29530634059274985,0.0022318985179473378,-0.002367120658458788,-0.4999999999999997,-0.8660254037844388,-0.433883739117558,-0.9009688679024191,1,0,1,0,1900
2019-02-15 18:00:00,0.0026305370328534613,49.002425924480875,-0.0011939463864656386,0.00018864247396977937,-0.001382588860435418,40.12204882270293,14.319107190319555,29.158925883016106,45.367116568487916,36.027704127960185,0.009555906236438538,-7.481745260953684,-21.899736147756776,0.11790571089165558,0.49923265994680144,0.5063834866616296,0.0022058584527886167,-0.0003040176724486976,-1.0,-1.8369701987210297e-16,-0.433883739117558,-0.9009688679024191,1,0,1,0,1899
2019-02-17 22:00:00,0.002601212958997666,53.37414636588117,-0.0008990329454319212,0.00038684473200279747,-0.0012858776774347187,39.35839787718563,14.929030946456761,27.38138109200363,71.9240359130462,49.6313734319333,0.009365342705934587,41.581596679364424,-2.451612903227496,0.38164890076240765,0.5048606249086346,0.6870193173913458,0.002207649634399356,0.0009224370746805377,-0.5000000000000004,0.8660254037844384,-0.7818314824680299,0.6234898018587334,0,0,0,0,1898
2019-02-18 02:00:00,0.002546126318928742,52.986396693902115,-0.0006681003868396207,0.0004942218324760785,-0.0011623222193156992,37.86839966483972,17.865701360443904,25.97566227364283,85.85568776580544,67.71561341577986,0.008983723949432143,84.47892563858845,-18.081587651599364,0.05219991683401916,0.5157835219081106,0.6901216032030909,0.0022356978569247695,0.0017379754420394633,0.49999999999999994,0.8660254037844387,0.0,1.0,0,0,0,0,1897
2019-02-18 06:00:00,0.00253568872469482,54.938918682706685,-0.0004221207425083584,0.0005921611814458728,-0.0010142819239542312,36.915743287505016,16.65786711832357,27.487182036295437,89.77448992898633,82.51807120261266,0.008362884430601625,82.45733016842505,-10.143329658214096,0.16641586261840347,0.5179066291577468,0.8019891068634886,0.0022238556874059024,0.001283070740009551,1.0,6.123233995736766e-17,0.0,1.0,0,0,0,0,1896
2019-02-18 10:00:00,0.0025181395300351715,56.66187655307247,-0.00017353702410050076,0.0006725959198829844,-0.0008461329439834851,35.19991846373415,19.830659775388916,25.701690172424684,86.61707833159853,87.41575200879676,0.007715462656224581,146.22286756767133,-11.92384769539091,0.23548992528064971,0.5215159781005692,0.9207783958854344,0.002289627063392979,0.00233042508080894,0.49999999999999994,-0.8660254037844387,0.0,1.0,0,1,0,1,1895
2019-02-18 14:00:00,0.002514700992168492,52.91677328169886,-6.454935840660703e-05,0.0006252668684615024,-0.0006898162268681095,33.946053405063566,18.43936315893254,26.34126707271193,84.99564362094226,87.12907062717572,0.007440155643505975,113.29859100561427,-22.94589178356816,0.20907898933342053,0.5222290857202672,0.7950879128336654,0.0023003829365214248,0.0013343910743444098,-0.4999999999999997,-0.8660254037844388,0.0,1.0,0,0,0,0,1894
2019-02-18 18:00:00,0.0024029366353730684,53.39925150643366,3.4338976349523875e-05,0.0005793241625741067,-0.0005449851862245828,32.781750137222495,17.918649260769705,25.597409286423055,81.2625250501,84.29174900088026,0.007718320024435066,103.29884540411446,-21.34268537074092,0.24456810690108247,0.5465187806735948,0.7913846527327403,0.002225099786986333,0.0011295064550633782,-1.0,-1.8369701987210297e-16,0.0,1.0,0,0,0,0,1893
2019-02-18 22:00:00,0.0023127268755446955,50.442005392340604,4.3617996727363106e-05,0.00047088254636155674,-0.00042726454963419363,31.91734312451585,17.28775331311923,26.3021726823625,75.28390113560454,80.51402326888227,0.007699282823718345,70.10696733159625,-29.859719438877285,0.18433996543626374,0.5678361824245685,0.6635866649969249,0.002092020708351783,0.0005178126053249077,-0.5000000000000004,0.8660254037844384,0.0,1.0,0,0,0,0,1892
2019-02-19 02:00:00,0.002233246384304397,48.898093548974124,1.4493377402668983e-05,0.0003534063416294901,-0.00033891296422682113,31.49009240067684,16.624231616777806,28.267197785133735,71.47628590514392,76.00757069694949,0.007191021067943559,32.056775978452734,-34.368737474949995,0.41588909624100395,0.588045282074439,0.5856623828771662,0.0018803965174539405,-0.00021361240310135976,0.49999999999999994,0.8660254037844387,0.7818314824680298,0.6234898018587336,0,0,0,0,1891
2019-02-19 06:00:00,0.002294443071232723,50.3527404839983,2.3418608673164698e-05,0.00028986525831998865,-0.00026644664964682396,29.927852186866158,21.0644975765226,25.548030569356264,68.47027388109545,71.74348697394797,0.006891043172090772,60.91763405195671,-30.36072144288635,0.2705507704044066,0.5723611173732183,0.6226955018108389,0.0017869072049632182,0.0005364099224800523,1.0,6.123233995736766e-17,0.7818314824680298,0.6234898018587336,0,0,0,0,1890
2019-02-19 10:00:00,0.0024069828520176385,47.546929646491385,-3.128006891994772e-05,0.000188133264581501,-0.00021941333350144871,29.22083038586424,18.645357375225398,27.985258503417096,65.73146292585152,68.55934090403031,0.006749440273061236,-0.3202697008005323,-38.07615230460909,0.023022092354002474,0.5456000647861601,0.49940735826408333,0.0017704358661784535,-0.0006135695379849704,0.49999999999999994,-0.8660254037844387,0.7818314824680298,0.6234898018587336,1,0,1,0,1889
2019-02-19 14:00:00,0.0026750555057959394,62.7150881403361,0.00034263156622982294,0.00044963591978501734,-0.00010700435355519439,27.661463974693483,27.11366227305702,23.382171303564135,74.6735157256927,69.62508417754655,0.007604608076662522,171.2335958005312,-7.54257907542647,0.3395255484133428,0.49092439284143147,1.13237972970076,0.0019595574445451878,0.0029836493583872414,-0.4999999999999997,-0.8660254037844388,0.7818314824680298,0.6234898018587336,0,0,0,0,1888
2019-02-19 18:00:00,0.002614694398165703,59.926467704191914,0.0005694554220736503,0.0005411678205030758,2.8287601570574545e-05,26.21348087934338,25.758191054731796,22.21324547182854,79.39602893392727,73.2670025284905,0.0083782575753939,181.25848153703618,-16.193181818182577,0.282086199883277,0.5022575490739145,0.9583291890282485,0.002127501975048054,0.0036250907430495083,-1.0,-1.8369701987210297e-16,0.7818314824680298,0.6234898018587336,0,0,1,0,1887
2019-02-19 22:00:00,0.002572930512535289,63.139785314736436,0.0008539532530391636,0.0006605325211748712,0.00019342073186429237,24.9490781572747,24.861794410620398,20.96139642990575,90.9561515210213,81.67523206021376,0.009528351588793171,174.4966006310758,-3.395784543326974,0.34376712207709126,0.5104102087490744,1.0217586645151893,0.00225105138703419,0.003831883483605525,-0.5000000000000004,0.8660254037844384,0.7818314824680298,0.6234898018587336,0,0,0,1,1886
2019-02-20 02:00:00,0.0025184354758685063,57.255468524820685,0.0009323039382336251,0.0005911065650954662,0.00034119737313815894,23.77498991586907,23.585496136167784,19.885327918850187,85.41173648755517,85.25463898083457,0.009898844174935917,134.43023098133241,-24.17582417582489,0.13778240977901873,0.52145469383015,0.810187729570948,0.002360517561096763,0.0030499994715835754,0.49999999999999994,0.8660254037844387,0.9749279121818236,-0.22252093395631434,0,0,0,0,1885
2019-02-20 06:00:00,0.0025299757990319906,59.46987186309609,0.0010564555697880618,0.0005722065573199222,0.00048424901246813955,22.371223811542187,21.80091865605789,20.074695094010224,86.17983413065316,87.51590737974323,0.010308957464248092,124.62874114690446,-13.888888888888594,0.31650045972135044,0.5190761115195136,0.8582806518320607,0.0024060514823991542,0.0029869328471903156,1.0,6.123233995736766e-17,0.9749279121818236,-0.22252093395631434,0,0,0,0,1884
2019-02-20 10:00:00,0.002509263241939557,56.037657766052696,0.0010611161863074425,0.0004614937390714424,0.0005996224472360001,20.818934569181863,20.410810623619685,20.673410476076505,78.61611013784943,83.40256025201926,0.01029661303534768,83.79881925522709,-26.086956521738202,0.2130330245385778,0.5233607929413225,0.7355143377414725,0.002458924771244622,0.0018985115527483387,0.49999999999999994,-0.8660254037844387,0.9749279121818236,-0.22252093395631434,1,0,1,0,1883
2019-02-20 14:00:00,0.002618601581892788,62.714532903670055,0.001284811926471452,0.0005481515833883614,0.0007366603430830906,20.34698796172788,24.489877815167993,18.39518852708498,85.0255953894403,83.27384655264763,0.010921068629017316,129.83076125016643,-4.947368421052289,0.5458100015038533,0.5015081366638262,0.9507342795119027,0.0026036196121140055,0.0035099639618618728,-0.4999999999999997,-0.8660254037844388,0.9749279121818236,-0.22252093395631434,0,1,0,1,1882
2019-02-20 18:00:00,0.0026901300403847604,54.26582483595963,0.0012244617294323579,0.00039024110907941384,0.000834220620352944,19.93799347629602,22.321810617970772,16.62706947388273,78.12614107619235,80.5892822011607,0.0093556348795647,94.98434540170537,-34.58725182863238,0.34071399493795546,0.48817342666905805,0.6844877469267165,0.0026907942866294006,0.002551433511579271,-1.0,-1.8369701987210297e-16,0.9749279121818236,-0.22252093395631434,0,0,0,0,1881
2019-02-20 22:00:00,0.002609406466013145,53.26157100003781,0.0011345068829835547,0.00024022901010448843,0.0008942778728790663,19.410653754460267,21.368610147650838,16.601386885246253,74.03879081193013,79.06350909252093,0.008323450246126463,54.70213108235844,-38.34900731452488,0.2733594012632953,0.503275368212943,0.6272308920802376,0.0026919004437825837,0.0014518521639863557,-0.5000000000000004,0.8660254037844384,0.9749279121818236,-0.22252093395631434,0,0,0,0,1880
2019-02-21 02:00:00,0.0025537345755462237,53.69733781697348,0.001064661839378589,0.00013630717319961807,0.0009283546661789709,19.13635765884789,21.561477362044883,15.751635916289123,63.49703935910768,71.88732374907671,0.007890262099560008,57.82758729856462,-36.57262277951965,0.3567602978018943,0.5142468651892322,0.6285762104222736,0.0026665528923571725,0.0015871706575338873,0.49999999999999994,0.8660254037844387,0.43388373911755823,-0.900968867902419,0,0,0,0,1879
2019-02-21 06:00:00,0.002680610677372104,51.01564401744302,0.0009268098896666466,-1.2358212098594838e-06,0.000928045710876506,18.03267887549025,19.07373940463501,17.718016646285832,59.73528387321441,65.75703801475073,0.0077462793649440975,37.45169919746214,-45.87251828631223,-0.1832873646273082,0.489907024203688,0.5047119395364407,0.0025777532534727115,0.0010829970049313076,1.0,6.123233995736766e-17,0.43388373911755823,-0.900968867902419,1,0,1,0,1878
2019-02-21 10:00:00,0.0027948527719117242,59.52695134947324,0.0010858511269045135,0.00012624433282240589,0.0009596067940821076,17.160002225105114,17.728521478838008,15.779935735237828,69.34865900383117,64.19366074538442,0.008123768583593094,83.9879472098257,-9.508881922674595,0.19223138309598967,0.46988163856005766,0.899814441607785,0.0022890389546243403,0.002256757244536667,0.49999999999999994,-0.8660254037844387,0.43388373911755823,-0.900968867902419,0,1,0,1,1877
2019-02-21 14:00:00,0.002900934716832253,50.8814382876868,0.0009460019409581744,-1.0883882499146619e-05,0.000956885823457321,16.312593297779117,15.860205638380958,14.264706753970229,67.36328805294313,65.48241030999624,0.008021254515334864,36.91145632284208,-42.528735632183746,-0.21136621839414144,0.45269891541511,0.5016830285056161,0.00200595343786562,0.0010703499983071296,-0.4999999999999997,-0.8660254037844388,0.43388373911755823,-0.900968867902419,0,0,0,0,1876
2019-02-21 18:00:00,0.0027930108084331727,52.68473316889067,0.0008870773429552337,-5.584678440166983e-05,0.0009429241273569035,15.525713579712429,15.296408376459489,13.757626152786923,68.06526806526809,68.25907170734746,0.008010421961406777,16.03273918310393,-43.76657824933735,0.005292031963868562,0.4701915209331785,0.587698251525873,0.0018596877605837252,0.000573788665109376,-1.0,-1.8369701987210297e-16,0.43388373911755823,-0.900968867902419,0,0,0,0,1875
2019-02-21 22:00:00,0.002661367179198303,52.49604715495107,0.0008252181582752982,-9.416477526528425e-05,0.0009193829335405825,14.86484740061181,15.2016239044865,13.406846594462639,49.20875158197645,61.545769233395895,0.007807032726958152,21.02480366999657,-66.07843137254955,-0.08195998942452608,0.49344938581364667,0.5640448192657647,0.0017903811645030572,0.0007088189052335547,-0.5000000000000004,0.8660254037844384,0.43388373911755823,-0.900968867902419,0,0,0,0,1874
2019-02-22 02:00:00,0.0025298409520560536,52.704520812289154,0.0007737305559387675,-0.00011652190208145204,0.0008902524580202195,14.205447538418733,14.849672597685444,13.265854834103786,41.8817288188485,53.051916155364346,0.007601750061650314,14.242186819868353,-64.5098039215676,0.01411320555001261,0.519103779600332,0.5593942179548627,0.0017600717246412593,0.0005999800594813642,0.49999999999999994,0.8660254037844387,-0.433883739117558,-0.9009688679024191,0,0,0,0,1873
2019-02-22 06:00:00,0.002459852312595494,53.11994853179979,0.0007365396360918819,-0.00012297025754267016,0.000859509893634552,14.34449273535147,17.54968973270587,12.668778483050357,35.947712418300306,42.346064273041755,0.007107507017218406,41.59210120334157,-61.56862745098193,-0.22875241949675854,0.533873514794201,0.5595145384978297,0.0017170537765408835,0.0010855816547230557,1.0,6.123233995736766e-17,-0.433883739117558,-0.9009688679024191,0,0,0,0,1872
2019-02-22 10:00:00,0.0024884342902778667,51.94076844311043,0.0006702898882222641,-0.00015137600432983038,0.0008216658925520945,13.588848718760877,16.108964165678774,17.369591309100734,36.80023249469172,38.20989124394685,0.006295496803257361,-39.554621194439314,-63.52087114337529,-0.016757362214786384,0.5277414819152642,0.48093875610610576,0.0017043444003426067,6.340178901154125e-05,0.49999999999999994,-0.8660254037844387,-0.433883739117558,-0.9009688679024191,1,0,1,0,1871
2019-02-22 14:00:00,0.002508546126693523,54.73613798592516,0.000684934218088129,-0.00010938533957117243,0.0007943195576593015,13.027001707827665,17.942074035239944,15.999595488162784,42.75601105536003,38.501318656117355,0.005506032691497076,35.87648665454724,-46.64246823956266,0.09704712078838443,0.5235104054996889,0.6090621929883514,0.0016672592183467928,0.0010396629792239764,-0.4999999999999997,-0.8660254037844388,-0.433883739117558,-0.9009688679024191,0,0,0,0,1870
2019-02-22 18:00:00,0.0024622214033434326,51.937570653475305,0.0006247845139308872,-0.0001356280349827315,0.0007604125489136187,12.505286626316781,16.973951229232387,15.136285413276068,42.89171203871808,40.81598519625661,0.0038015549449990083,-38.45186658438283,-61.161524500907774,0.011467485268688779,0.533359834422992,0.39280702083862096,0.0016062861617809963,0.0005486232742193398,-1.0,-1.8369701987210297e-16,-0.433883739117558,-0.9009688679024191,1,0,1,0,1869
2019-02-24 22:00:00,0.0024299198745235703,54.17680732860266,0.0006271768025376545,-0.0001065885971007713,0.0007337653996384258,12.079291681399283,16.235607013453997,14.241960401377838,47.97338173018773,44.54036827475528,0.00376557034190661,-10.294117647060578,-48.27586206896635,0.1527256676230421,0.5404499192622498,0.584980486604813,0.001494412028465838,0.0007316667456152004,-0.5000000000000004,0.8660254037844384,-0.7818314824680299,0.6234898018587334,1,0,1,0,1868
2019-02-25 02:00:00,0.0023149255977401337,53.49632466472322,0.0006075448143800788,-0.00010097646820667766,0.0007085212825867564,11.68372494687877,15.824819428015708,13.881615357281754,47.881374788173986,46.24882285235993,0.0037660350502681794,2.147798506531443,-46.918489065603886,-0.16985997553312157,0.5672968501804183,0.5338552345631989,0.001272399181850009,0.0007436667392994867,0.49999999999999994,0.8660254037844387,0.0,1.0,1,0,1,0,1867
2019-02-25 06:00:00,0.0022717166264618924,55.66205677247762,0.0006370918913007895,-5.71435130287736e-05,0.0006942354043295631,12.186592491002303,19.187272220631744,13.135245787159821,56.936541669523166,50.93043272929496,0.0036481507644072764,121.32398178906898,-33.99602385686023,0.16592090515148064,0.5780870662752221,0.720248573013814,0.0011114372377815924,0.0014324400668219717,1.0,6.123233995736766e-17,0.0,1.0,0,0,0,0,1866
2019-02-25 10:00:00,0.0022465940102800713,57.403997978115044,0.0006952602063665658,8.198416296021586e-07,0.0006944403647369637,13.138461296678496,20.782081236248153,12.333407480500544,64.66273693764829,56.49355113178182,0.0038090056445025944,181.38179683895422,-25.097276264590995,0.14464121921965056,0.5845515451348879,0.8277758335176333,0.0006534360901151397,0.0019495781948095647,0.49999999999999994,-0.8660254037844387,0.0,1.0,0,0,0,0,1865
2019-02-25 14:00:00,0.002258980152405652,54.448300347471,0.0006786654651060875,-1.2619919704701024e-05,0.0006912853848107885,13.062221722673652,19.19183654901999,15.05755567708749,67.5266172098407,63.04196527233739,0.0038198277447878404,72.29404309251521,-38.32684824902669,0.0908473499916285,0.5813464091756109,0.6475197411111162,0.0006379631815130253,0.0010269452725581996,-0.4999999999999997,-0.8660254037844388,0.0,1.0,1,0,1,0,1864
2019-02-25 18:00:00,0.002261910141520133,57.91445519830444,0.0007384996083905637,3.777137886382012e-05,0.0007007282295267436,13.372679170019662,19.850533170032367,13.963904234040962,72.63294422827501,68.274099458588,0.004019091937224051,141.770269412463,-18.6770428015573,0.1728623715659004,0.5805933559842571,0.8651322295984957,0.000695672137040351,0.0016899896507536205,-1.0,-1.8369701987210297e-16,0.0,1.0,0,0,0,0,1863
2019-02-25 22:00:00,0.0021939165599700124,57.448349683355865,0.0007689850527488051,5.460545857764916e-05,0.000714379594171156,13.660961085389378,19.003899901990557,13.368338070904512,74.12451361867672,71.4280250189308,0.003679730424889005,164.7324727257026,-20.62256809338582,0.15079365079365967,0.598587031048232,0.8837237615151611,0.000762466638239389,0.0018277238120267825,-0.5000000000000004,0.8660254037844384,0.0,1.0,0,0,0,0,1862
2019-02-26 02:00:00,0.0021200653771019417,58.20899820635655,0.0008008584344796343,6.918307224678256e-05,0.0007316753622328518,13.935034075336489,18.294874466221213,12.84587196704606,81.38780804150407,76.0484219628186,0.003910905266029996,151.7237131815408,-16.53696498054462,0.2011220493278342,0.6194384447687027,0.8880175807839221,0.0008359389217335692,0.0017980392403977863,0.49999999999999994,0.8660254037844387,0.7818314824680298,0.6234898018587336,0,0,0,0,1861
2019-02-26 06:00:00,0.0021272035644529846,61.16392312902534,0.000882914691568093,0.00012099146346819295,0.0007619232280999,13.29024765271928,16.93109131514009,15.346880651810011,87.29111631255763,80.93447932424614,0.004310197675266192,124.15552378548827,-0.9671179883966041,0.1921432789514837,0.6173598154616224,1.006589294623255,0.0008940987307278518,0.0016020627678323685,1.0,6.123233995736766e-17,0.7818314824680298,0.6234898018587336,0,0,0,0,1860
2019-02-26 10:00:00,0.0021238318812772626,62.86724767617536,0.000977028115878742,0.00017208391022307352,0.0008049442056556684,13.217994659167656,18.269081604608804,14.27329850860783,92.47611648783062,87.05168028063078,0.0048094423793081376,153.5783125038869,-5.067567567566888,0.3069405611367517,0.6183399032555333,1.0204345540699071,0.0009787415821206954,0.002130164413072455,0.49999999999999994,-0.8660254037844387,0.7818314824680298,0.6234898018587336,0,0,0,0,1859
2019-02-26 14:00:00,0.0022207010326283257,65.26274189912543,0.0010978630994169514,0.0002343351150090263,0.0008635279844079251,12.398648816867508,16.224154508585237,15.666967848654423,97.77977878442302,92.51567052827043,0.005216133050440774,139.4957983193277,-0.6259780907674428,0.30851138847754556,0.5913673118104035,1.0696748858330611,0.0010605434813699582,0.002042551260026837,-0.4999999999999997,-0.8660254037844388,0.7818314824680298,0.6234898018587336,0,0,1,0,1858
2019-02-26 18:00:00,0.002280650958877054,68.22617660812722,0.0012581997606002648,0.00031573742095387177,0.0009424623396463931,13.025946141710255,21.778774358825444,14.165487961438417,92.17523522618772,94.14371016614712,0.0061812425935170445,217.70096432198855,-17.780748663102486,0.4108260601251773,0.5758224400311643,1.1171898194063952,0.0013503589312425569,0.0037007471592245267,-1.0,-1.8369701987210297e-16,0.7818314824680298,0.6234898018587336,0,0,0,0,1857
2019-02-26 22:00:00,0.002216318747520842,65.87929607783181,0.001339167802717034,0.0003173643704565128,0.0010218034322605212,13.608436514748716,20.810156959478807,13.535473715291255,86.10932237455985,92.02144546172353,0.006556541466346655,177.58001719168288,-23.265306122450447,0.3198378783206328,0.5925366112022432,0.9818851548818884,0.0015461435519648493,0.003374020719819848,-0.5000000000000004,0.8660254037844384,0.7818314824680298,0.6234898018587336,0,0,0,0,1856
2019-02-27 02:00:00,0.0021451531226898486,61.27941729859095,0.0013259186299856562,0.0002432921581801079,0.0010826264718055484,13.60043483497593,19.964783025066065,15.216563235497047,75.07081620526897,84.45179126867218,0.0067027743509635584,123.19299099537676,-33.74149659864012,0.205199563180324,0.6121940602325351,0.8268795703506095,0.0016415381947906804,0.002407965728900896,0.49999999999999994,0.8660254037844387,0.9749279121818236,-0.22252093395631434,0,0,1,0,1855
2019-02-27 06:00:00,0.002171213613929035,66.84783425078383,0.0014376360173897762,0.00028400763646738224,0.001153628380922394,14.174889414653457,21.67180709543828,13.960071294107403,77.15934858791879,79.44649572258254,0.0072870965411442334,143.60970786793928,-11.515151515153043,0.4168135354247357,0.604846060090577,0.9971801841163809,0.0017614959366433628,0.0029727951372555683,1.0,6.123233995736766e-17,0.9749279121818236,-0.22252093395631434,0,1,0,1,1854
2019-02-27 10:00:00,0.0021825554986495115,61.123949911323365,0.0014258176056136662,0.00021775137975301763,0.0012080662258606486,15.018453364689686,21.950140370148617,12.895560117102088,75.53321310378502,75.9211259656576,0.00736159656596147,130.7028360049286,-28.143712574851776,0.2359549572551761,0.6017029123944811,0.819360070731197,0.0018963975297943915,0.002833104859608415,0.49999999999999994,-0.8660254037844387,0.9749279121818236,-0.22252093395631434,0,0,0,0,1853
2019-02-27 14:00:00,0.0022602301058958813,53.654922150455135,0.0012750673672636825,5.3600913122427065e-05,0.0012214664541412555,14.428807018174947,19.681820153241986,17.188154614926763,69.56480977438878,74.08579048869753,0.007118971835875065,60.777577119025764,-51.64670658682881,0.10654128254571443,0.5810249127176681,0.5891982739417435,0.0019016017276134124,0.0013215231375063308,-0.4999999999999997,-0.8660254037844388,0.9749279121818236,-0.22252093395631434,1,0,1,0,1852
2019-02-27 18:00:00,0.0021702136697528585,53.80978515007854,0.0011456184071061415,-6.067843762809131e-05,0.0012062968447342328,13.881278267859175,19.03402942352149,16.622438277013874,56.38722554890024,67.16174947569135,0.006708691675728851,34.56123821820609,-51.04790419161864,0.09155574336220243,0.6051247479929253,0.5758717235197087,0.0018577253451894252,0.0008079346198393011,-1.0,-1.8369701987210297e-16,0.9749279121818236,-0.22252093395631434,1,0,1,0,1851
2019-02-27 22:00:00,0.002103769836193887,56.87476292699954,0.0010941627442238033,-8.970728040834353e-05,0.0011838700246321469,13.578175466472237,19.319157148964653,15.922612146169337,50.991249311865325,58.98109487838477,0.006566691708920658,47.08333333332785,-44.33164128595652,0.08797009016935227,0.6242365383353509,0.6736033988700101,0.0018232091118149378,0.0011082331835852166,-0.5000000000000004,0.8660254037844384,0.9749279121818236,-0.22252093395631434,0,0,0,0,1850
2019-02-28 02:00:00,0.0019942148478863508,56.063364650647976,0.0010286158545667057,-0.00012420333605235308,0.0011528191906190588,13.296722865192939,18.92473340630073,15.59753293969812,52.312021147269085,53.230165336011545,0.006070715279109962,48.52350639794,-47.68439108061756,0.02989668058914108,0.6585298476700748,0.6299682102890234,0.0017748953780675788,0.0011575745288985306,0.49999999999999994,0.8660254037844387,0.43388373911755823,-0.900968867902419,0,0,1,0,1849
2019-02-28 06:00:00,0.002039628073040403,61.72356023938199,0.001088388338686741,-5.15446815458542e-05,0.0011399330202325952,13.897646746011338,22.014510701400702,14.160943586668608,62.23822363080961,55.180498029981344,0.006001536803189378,79.68228179438803,-21.269296740997078,0.10105625757921795,0.6438673880588355,0.8493271921428577,0.0017740833291141358,0.0017519018999196945,1.0,6.123233995736766e-17,0.43388373911755823,-0.900968867902419,0,0,0,0,1848
2019-02-28 10:00:00,0.0021617974964023177,59.16511821942807,0.001084524748311333,-4.432661753700994e-05,0.0011288513658483429,15.648204686205064,27.87754119127841,12.40633433402741,62.09608255408497,58.88210911072122,0.005601284138485596,132.32267548695404,-44.758064516130425,-0.02721781274145119,0.607480581407612,0.7497641550421635,0.0017528268174228096,0.0027157497479262105,0.49999999999999994,-0.8660254037844387,0.43388373911755823,-0.900968867902419,0,0,0,0,1847
2019-02-28 14:00:00,0.00226809767523691,56.737951865680735,0.0010324433057287141,-7.712644809570296e-05,0.001109569753824417,15.622538234801796,24.673061367093265,18.129093658957014,61.010592842606165,61.78163300916691,0.005236809715853941,33.05046895934872,-50.94086021505397,-0.0342531925731956,0.579009455517751,0.6483727769691029,0.0016928910516467559,0.0009344897680920727,-0.4999999999999997,-0.8660254037844388,0.43388373911755823,-0.900968867902419,0,1,0,1,1846
2019-02-28 18:00:00,0.0022339478412895662,51.45063680107642,0.000894516895662667,-0.0001720422865294001,0.0010665591821920671,15.598705101356444,23.260930307540413,17.091498207932048,46.32616487455073,56.47761342374729,0.004939238807758706,11.310948653240112,-65.32258064516341,-0.06064281382656853,0.5878606365500076,0.42407737009780677,0.0015751990646967308,0.0005990639199779935,-1.0,-1.8369701987210297e-16,0.43388373911755823,-0.900968867902419,0,0,0,0,1845
2019-02-28 22:00:00,0.00212152299547753,51.94640764946612,0.0007850358975123317,-0.00022521862774378828,0.00101025452525612,15.499995549662163,22.74404375156568,17.082057927198306,34.944301551577034,47.42701975624465,0.004290179949614892,-26.522763925093525,-78.90365448505149,-0.2018375997121593,0.6190128519933402,0.40991053882605516,0.0014502239263011196,0.0001708721397128965,-0.5000000000000004,0.8660254037844384,0.43388373911755823,-0.900968867902419,0,0,0,0,1844
2019-03-01 02:00:00,0.0020514142100830184,51.178919255917165,0.0006783480967107458,-0.0002655251428362994,0.0009438732395470452,15.066744070766836,21.84124460832948,18.075325812630485,24.79280534419207,35.354423923439946,0.003995076970482625,-50.867996277652125,-81.39534883720887,-0.12384825514496493,0.6401681306218768,0.34981515889856535,0.0013090316761520864,-3.59976314643351e-05,0.49999999999999994,0.8660254037844387,-0.433883739117558,-0.9009688679024191,0,0,0,0,1843
2019-03-01 06:00:00,0.002054884623648667,46.13804217102294,0.0005048650835846047,-0.0003512065247699525,0.0008560716083545572,14.030600318864488,20.2469036639829,20.47524560103152,16.79792258735894,25.511676494376015,0.0038699891472822046,-113.13048805392376,-89.30722891566279,-0.07652253456706949,0.639086975923828,0.07441741118147567,0.001238345987616939,-0.0007108511542803786,1.0,6.123233995736766e-17,-0.433883739117558,-0.9009688679024191,1,0,1,0,1842
2019-03-01 10:00:00,0.0021388214362485546,55.901887975034526,0.0005347018672194892,-0.00025709579290805447,0.0007917976601275437,13.77612246047496,22.5379685335487,18.266584520776988,24.12323713458541,21.904655022045475,0.003527761896739978,-19.524269853821796,-56.92771084337208,0.1090627638615369,0.6140063764759209,0.6102682129311707,0.0011901845957679245,0.00048068360472885985,0.49999999999999994,-0.8660254037844387,-0.433883739117558,-0.9009688679024191,0,0,0,0,1841
2019-03-01 14:00:00,0.0023003341908082566,48.5412946055862,0.00041876542286289897,-0.00029842578981171587,0.0007171912126746148,14.542659827394122,26.010536591064408,15.770892117983157,23.895582329317822,21.605580683754056,0.00358543721184601,13.559809300210516,-82.07831325301163,-0.107229180399912,0.5708953095804615,0.1457893626462347,0.0010667744416520029,0.0008654289163505524,-0.4999999999999997,-0.8660254037844388,-0.433883739117558,-0.9009688679024191,0,0,0,0,1840
2019-03-01 18:00:00,0.0022345960343196684,49.18844954301681,0.0003351255827217514,-0.00030565250396229074,0.0006407780866840422,14.58321757778069,24.86317227536607,18.335630814363512,27.058232931727016,25.025684131876748,0.003688344344023431,-137.48717470387163,-79.81927710843523,-0.07999367083045635,0.5876901148264251,0.20406776098097174,0.0010251806721988661,-0.0007095387302908929,-1.0,-1.8369701987210297e-16,-0.433883739117558,-0.9009688679024191,0,0,0,0,1839
2019-03-03 22:00:00,0.0022071248890102456,50.13396144595636,0.00028252883522972283,-0.00028659940116345544,0.0005691282363931783,15.336785365182816,28.811525819640217,17.237857573044433,20.481927710842736,23.811914323962526,0.003760746734371434,-44.70593908996235,-76.65662650602492,-0.19664129642797748,0.5950048438758301,0.2800968641569173,0.0009704120242460434,0.0003009577014656539,-0.5000000000000004,0.8660254037844384,-0.7818314824680299,0.6234898018587334,0,1,0,1,1838
2019-03-04 02:00:00,0.002112330254078108,47.33349602882866,0.00018864216599534522,-0.00030438885631826646,0.0004930310223136117,15.710623389513714,27.95417399648892,18.41565924050596,19.17670682730785,22.23895582329253,0.003780579320696198,-117.61459550706357,-85.99397590361629,-0.20901945286084828,0.6217067607987021,0.1528309847077687,0.0009461504342039057,-0.0005143189146514793,0.49999999999999994,0.8660254037844387,0.0,1.0,0,1,0,1,1837
2019-03-04 06:00:00,0.002210735235932403,39.802737258188216,-4.2621089569871984e-05,-0.00042852168950678697,0.000385900599936915,14.648729508294624,24.802020758547584,25.224297439604904,15.884615746356877,18.514416761502485,0.004613674891023489,-235.14576291423037,-89.69555035128815,-0.340013530254179,0.5940331427549359,-0.16096984985507545,0.0010521282778566316,-0.0019574400681463544,1.0,6.123233995736766e-17,0.0,1.0,0,1,0,1,1836
2019-03-04 10:00:00,0.0021813970047936198,39.73291391523369,-0.00022491998108620237,-0.0004886564648184939,0.0002637364837322915,13.97354410137586,23.340190915809433,25.898710100193885,13.610737625177398,16.22402006628071,0.005308052750307546,-246.9509267261844,-83.47826086956334,-0.2479949345715336,0.6020224640971512,-0.04520935192892596,0.0012857518383722452,-0.0027300448626945695,0.49999999999999994,-0.8660254037844387,0.0,1.0,0,1,0,1,1835
2019-03-04 14:00:00,0.0022698686473104778,36.08569953058651,-0.0004505396826319785,-0.000571420933091416,0.00012088125045943752,14.142590413420718,20.82829437222498,28.964539216879466,15.904088242838585,15.133147204790953,0.005898554399175193,-245.74284273846627,-79.11392405063273,-0.3517318396454546,0.5785577070973,-0.11862615024967141,0.001592566038246011,-0.0034837746070122133,-0.4999999999999997,-0.8660254037844388,0.0,1.0,0,0,0,0,1834
2019-03-04 18:00:00,0.0022370208867875767,40.53563378682049,-0.0005575575150953416,-0.0005427510124438233,-1.4806502651518302e-05,14.299561988889483,19.624550173308208,27.290571323324507,22.900565574912903,17.471797147642963,0.006194555997003359,-161.78882845550078,-68.7061183550652,-0.2673514616385965,0.5870530792789614,0.07761298771602618,0.0017221933864727938,-0.002475205971784744,-1.0,-1.8369701987210297e-16,0.0,1.0,0,1,0,1,1833
2019-03-04 22:00:00,0.0021436622520151,38.16843681944318,-0.0006884967568816514,-0.0005389522033841064,-0.0001495445534975449,14.44532130896636,19.016417604036874,26.44488135289609,25.58455958593103,21.46307113456084,0.006815698350132404,-135.4527938342992,-75.42627883650897,-0.23590510981030902,0.6126198279442155,0.043847183327937064,0.0018177330945671562,-0.0022802561607087046,-0.5000000000000004,0.8660254037844384,0.0,1.0,0,1,0,1,1832
2019-03-05 02:00:00,0.002083400662584301,36.58860452818857,-0.000819933521735372,-0.0005363111745902617,-0.0002836223471451104,14.931424240838727,18.168856096624886,27.97471719989968,25.275827482448026,24.586984214430654,0.00747012476468667,-134.77302897182352,-80.04012036108173,-0.4647689334036212,0.6303396286583748,0.04933818295589954,0.001954954928423606,-0.002609969001185375,0.49999999999999994,0.8660254037844387,0.7818314824680298,0.6234898018587336,0,0,0,0,1831
2019-03-05 06:00:00,0.002092443472399856,35.96135262465486,-0.0009279260466581452,-0.0005154429596104279,-0.00041248308704771734,15.748891795406585,16.798169743431725,28.834131950465125,20.89602139752687,23.91880282196864,0.00794480433994238,-124.4992125549048,-81.84553660982866,-0.33435105100613494,0.6276155209554183,0.08520060922934966,0.002051123602182022,-0.00271090481442382,1.0,6.123233995736766e-17,0.7818314824680298,0.6234898018587336,0,0,0,0,1830
2019-03-05 10:00:00,0.0020722689386566662,38.302753760363196,-0.0009724452494135338,-0.00044796972989265315,-0.0005244755195208807,16.478973367928802,15.888032524702147,27.035214215635648,19.993313273153777,22.05505405104289,0.008197696261752263,-98.75478596805927,-78.13440320962826,-0.31495231727486334,0.6337256595909337,0.17051718998152735,0.0020856178585445984,-0.0022333657626034675,0.49999999999999994,-0.8660254037844387,0.7818314824680298,0.6234898018587336,0,1,0,1,1829
2019-03-05 14:00:00,0.002250678300183925,28.214290019793115,-0.0012642771575617218,-0.0005918413104326728,-0.000672435847129049,18.269127232561097,13.5837015327941,32.888975565913924,15.467084151980297,18.78547294088698,0.009175953574419804,-150.29385070108162,-93.61880772460218,-0.628908689495025,0.5834907636034352,-0.10936446056000478,0.002331661150303864,-0.004127763168261689,-0.4999999999999997,-0.8660254037844388,0.7818314824680298,0.6234898018587336,0,0,0,0,1828
2019-03-05 18:00:00,0.0022092012787416292,34.05927576948164,-0.0013947519897856697,-0.0005778529141252965,-0.0008168990756603732,19.931412963995456,12.85025023725194,31.11313694934561,14.48136741598948,16.647254947041187,0.009456064932088726,-143.1736418458972,-84.8026868178011,-0.4822797398505575,0.5944456092058904,0.06128685348570687,0.0025631326916251964,-0.00410727544813394,-1.0,-1.8369701987210297e-16,0.7818314824680298,0.6234898018587336,0,0,0,0,1827
2019-03-05 22:00:00,0.0021278297588304454,32.694125163550865,-0.0015209672915019734,-0.0005632545726732801,-0.0009577127188286933,21.47496400031881,12.388687810055812,29.99559801096797,11.765260981502315,13.904570849824031,0.009785182880245546,-129.78144123891397,-86.28272251308975,-0.3552789336342459,0.6171781339884181,0.06531216104433461,0.0027408262995636695,-0.0038706934122834102,-0.5000000000000004,0.8660254037844384,0.7818314824680298,0.6234898018587336,0,0,0,0,1826
2019-03-06 02:00:00,0.0020736990617704694,31.393245024121928,-0.0016408115616044494,-0.0005464790742206048,-0.0010943324873838446,23.174984491269377,11.804069909027733,31.335716375250616,12.535230048515926,12.927286148669241,0.010306623889509758,-132.30474019743494,-91.30890052356135,-0.39583884333951375,0.6332886117423335,0.07619487750535404,0.002913235162210447,-0.00410690460596741,0.49999999999999994,0.8660254037844387,0.9749279121818236,-0.22252093395631434,0,0,0,0,1825
2019-03-06 06:00:00,0.0020377205573578875,33.35652651800402,-0.0016896831514385813,-0.00047628053124378934,-0.001213402620194792,24.196302444697558,13.467960267579784,29.611202799387492,12.24902223458905,12.18317108820243,0.010478948611372552,-108.71399419197574,-85.66131025958174,-0.2726719200868347,0.6444701140487892,0.14848572727970663,0.0029689551369985103,-0.0033336855708236968,1.0,6.123233995736766e-17,0.9749279121818236,-0.22252093395631434,0,0,0,0,1824
2019-03-06 10:00:00,0.0021028833746901576,35.407442346077765,-0.0016815947030015543,-0.0003745536662454099,-0.0013070410367561445,25.467783928026744,12.11843624642019,29.66714475581978,15.2922263896695,13.35882622425816,0.010417548847966085,-100.49914326156694,-77.1531100478484,-0.3139219075164904,0.6244996825815395,0.2107284982312727,0.0028993110091422745,-0.0030853907251577883,0.49999999999999994,-0.8660254037844387,0.9749279121818236,-0.22252093395631434,0,0,0,0,1823
2019-03-06 14:00:00,0.002096963133640812,37.538410951793296,-0.001628173899206109,-0.0002569062899599717,-0.0013712676092461373,25.869700040604094,14.520575308911672,27.62583792343809,24.92985767899852,17.490368767752354,0.010386636606704691,-62.68898063874879,-62.396006655574276,-0.22411039642834968,0.626262798297219,0.26869316883106853,0.0028474530812564445,-0.0018633594671451092,-0.4999999999999997,-0.8660254037844388,0.9749279121818236,-0.22252093395631434,0,0,0,0,1822
2019-03-06 18:00:00,0.0020036086240941917,37.34884584530241,-0.0015717539087771737,-0.00016038903962482896,-0.0014113648691523447,26.247187946065374,14.11162552143466,26.883448427189037,32.917481029534365,24.379855032734127,0.00952632793891306,-70.17572360762637,-61.698440207974215,-0.18801140425984297,0.6554423774222399,0.28150027866481725,0.002801626152481274,-0.002112957376440683,-1.0,-1.8369701987210297e-16,0.9749279121818236,-0.22252093395631434,0,0,0,0,1821
2019-03-06 22:00:00,0.0019240651509439361,37.9561945790483,-0.0015024589999363958,-7.287530462724056e-05,-0.0014295836953091552,26.29217156331836,14.981831177807392,25.995214876147948,38.635184378817165,32.16084102911668,0.009048538224469826,-55.54186180265383,-60.0,-0.16420506210658964,0.6825392577562805,0.31118497180244875,0.0027417328487157225,-0.001726187452992134,-0.5000000000000004,0.8660254037844384,0.9749279121818236,-0.22252093395631434,0,0,0,0,1820
2019-03-07 02:00:00,0.0018387747830187061,36.96985422331975,-0.0014493936554038633,-1.5847968075766508e-05,-0.0014335456873280968,26.525397872902193,14.556985519674853,26.773042331282635,38.33456248386713,36.62907596407289,0.008364518157052636,-62.13980379493826,-63.29787234042439,-0.21710352131320332,0.7141983956534605,0.304352149248405,0.002682728065088892,-0.0019468924567527246,0.49999999999999994,0.8660254037844387,0.43388373911755823,-0.900968867902419,0,0,0,0,1819
2019-03-07 06:00:00,0.0017988622985170744,39.402988795253926,-0.001364976150081798,5.4855629797039094e-05,-0.0014198317798788372,26.407900525842024,15.28629801545505,25.412281690970396,40.66171550916685,39.21048745728371,0.007273331836211039,-49.381428606183185,-54.716981132075084,0.10887460831696359,0.7300447627829001,0.3610677990836436,0.002634364853317589,-0.0016316743935460565,1.0,6.123233995736766e-17,0.43388373911755823,-0.900968867902419,0,0,0,0,1818
2019-03-07 10:00:00,0.002144657848625344,24.344724448675063,-0.0016749627068797235,-0.00020410474160070888,-0.0014708579652790146,28.07762757695872,11.9057714770421,35.512542464448074,29.889453885841565,36.29524395962518,0.007877410742090252,-166.97116884274496,-92.3167848699758,-0.4182916368202673,0.6123354365554163,-0.18677388765491548,0.002638075070298709,-0.0042580737753958875,0.49999999999999994,-0.8660254037844387,0.43388373911755823,-0.900968867902419,0,1,0,1,1817
2019-03-07 14:00:00,0.0023793251451535726,18.82269427277485,-0.002177944052440983,-0.0005656688697295747,-0.0016122751827114085,30.57910662970105,9.964994900948488,44.04337960414999,22.49290188442582,31.01469042647808,0.01065524171474097,-327.5338304335738,-85.48752834467163,-0.6838952835113126,0.5519422188577076,-0.2810240464547238,0.0030171513709746386,-0.008287427873364228,-0.4999999999999997,-0.8660254037844388,0.43388373911755823,-0.900968867902419,0,1,0,1,1816
2019-03-07 18:00:00,0.0025629447776436788,15.474638033841005,-0.0027944913282800243,-0.0009457729164548925,-0.0018487184118251318,33.3020589117199,8.590272545012564,46.3004170018665,11.193111528031272,21.19182243276622,0.01413324591166143,-332.7464319061009,-88.61635220125872,-0.9160832352342502,0.5123988669031629,-0.2556650515213996,0.00373950326943831,-0.010556166976828596,-1.0,-1.8369701987210297e-16,0.43388373911755823,-0.900968867902419,1,0,1,0,1815
2019-03-07 22:00:00,0.0024777344363829433,14.921421201169967,-0.0032935583811080082,-0.001155871975426301,-0.002137686405681707,35.83051460216021,8.251003124012493,44.47180032108317,11.353587276412613,15.013200229623232,0.016900917253197534,-245.72829459175358,-91.83535762483179,-0.9981064292919424,0.5300204819032641,-0.12490691136906959,0.004251356210631913,-0.010447673618682263,-0.5000000000000004,0.8660254037844384,0.43388373911755823,-0.900968867902419,1,0,1,0,1814
2019-03-08 02:00:00,0.00241146769092668,21.564859835707512,-0.0035417327571858337,-0.001123237081203301,-0.0024184956759825326,37.962344796233914,8.790418104310778,42.43002981529229,12.206605046723562,11.584434617055814,0.01814433366093615,-175.9771074281592,-82.92847503373879,-0.9111174014577857,0.5445853597546412,0.02886117728288003,0.0045794115940320426,-0.009072126395854418,0.49999999999999994,0.8660254037844387,-0.433883739117558,-0.9009688679024191,1,0,1,0,1813
2019-03-08 06:00:00,0.002367791427288841,26.78858452264441,-0.0036064650147145105,-0.0009503754709855824,-0.002656089543728928,39.03039676194626,12.355441552225482,40.12607285150187,16.621682411155543,13.393958244763907,0.018716322288295117,-126.03449400936496,-75.37112010796277,-0.8427438253318393,0.5546307773838391,0.1353450269304069,0.0047817280020133225,-0.007257689617519603,1.0,6.123233995736766e-17,-0.433883739117558,-0.9009688679024191,1,0,1,0,1812
2019-03-08 10:00:00,0.002430092039625617,32.29490326072338,-0.0035147713131806757,-0.0006869454155613982,-0.0028278258976192775,38.51295345851649,18.791657776643746,36.30468684402675,24.96626180836672,17.93151642208194,0.018772147879219325,-84.0576435237081,-66.80161943319827,-0.7260475070305302,0.5404116299242397,0.23162367820589583,0.004852845771024371,-0.005140674448117943,0.49999999999999994,-0.8660254037844387,-0.433883739117558,-0.9009688679024191,1,0,1,0,1811
2019-03-08 14:00:00,0.002428656893938069,38.13438808820453,-0.0032848144665293955,-0.0003655908551280945,-0.002919223611401301,37.77984341382298,18.87142275659366,33.731415775300746,33.67071524966232,25.086219823061526,0.018398897358245403,-57.81672736646687,-56.815114709851976,-0.6030755082370253,0.5407309708003111,0.3302072162710274,0.004873406934477034,-0.003726620492268351,-0.4999999999999997,-0.8660254037844388,-0.433883739117558,-0.9009688679024191,0,0,0,0,1810
2019-03-08 18:00:00,0.002347324258656474,36.728317859952085,-0.003115876031500431,-0.00015732193607930368,-0.002958554095421127,37.099098372322935,18.130635962976537,32.40730854403116,38.4840305892935,32.37366921577418,0.017828264750087364,-50.664705758323194,-60.93117408906923,-0.636807471874345,0.5594668035986039,0.3176491068776639,0.004824852477454978,-0.003437690852887032,-1.0,-1.8369701987210297e-16,-0.433883739117558,-0.9009688679024191,0,0,0,0,1809
2019-03-10 21:00:00,0.0022839439544665063,35.259392013807876,-0.0029990624310474168,-3.240666850103189e-05,-0.002966655762546385,36.704662733035114,17.302784509720745,33.27314569983826,39.33920002998922,37.16464862298168,0.01790517422420601,-54.431263084438655,-64.23611111111111,-0.7223887459437484,0.574992217927149,0.3020683878513253,0.004762840291778202,-0.003766808917989417,-0.7071067811865477,0.7071067811865474,-0.7818314824680299,0.6234898018587334,1,0,1,0,1808
2019-03-11 01:00:00,0.002190805100575755,37.65109491514961,-0.0028278943688002656,0.00011100911499689571,-0.0029389034837971613,36.33840106798264,16.749930713932923,32.21001133047577,38.18497900734719,38.66940320887664,0.017597022930005313,-47.58294836867346,-60.277777777778056,-0.2388860273875354,0.5994371656588124,0.35207725134224593,0.004685583499795303,-0.0033826642045504673,0.25881904510252074,0.9659258262890683,0.0,1.0,0,0,0,0,1807
2019-03-11 05:00:00,0.0021657475933917016,42.801208939752094,-0.0025586556377656944,0.00030419827682517334,-0.0028628539145908677,34.98772619855465,21.274271668837883,30.25534413481899,41.38888888888874,39.63768930874172,0.01717141007602807,-23.765509269698093,-51.319444444444606,0.18707240592930363,0.6063726003930887,0.43992921982336997,0.004552177955058577,-0.0019497844015197163,0.9659258262890683,0.25881904510252074,0.0,1.0,0,0,0,0,1806
2019-03-11 09:00:00,0.0021946227652923722,40.11777123213763,-0.00239593406059857,0.00037353588319383787,-0.002769469943792408,33.30558054105512,22.033436367079812,27.72460544359594,43.449074074074055,41.00764732343666,0.016822434901020866,-20.97620353860994,-58.05555555555515,0.377860754292264,0.5983944123650089,0.3992119743678021,0.004368105748050174,-0.0018367349827317359,0.7071067811865476,-0.7071067811865475,0.0,1.0,0,0,0,0,1805
2019-03-11 13:00:00,0.002272149710628829,39.216954923574804,-0.0022674663399055994,0.00040160288310944715,-0.0026690692230150466,32.19466762637546,19.76152648662797,28.292453279519755,43.42592592592575,42.75462962962951,0.016320339579771748,-27.36636801365298,-60.34722222222295,0.4021950914323462,0.5779768797173807,0.39666268941545313,0.004292416577704513,-0.0022417961841132428,-0.2588190451025208,-0.9659258262890683,0.0,1.0,1,0,1,0,1804
2019-03-11 17:00:00,0.0022541390170124505,44.20494653954261,-0.0020436529822123184,0.0005003329926421829,-0.0025439859748545013,31.16310563417396,18.49660629182772,26.48147498601983,54.63375340899077,47.169584469663526,0.01554081220525605,-13.070125284624378,-17.695961995249576,0.3927940152475459,0.582594946491158,0.48896454073732465,0.004200627624975003,-0.0015595191560509036,-0.9659258262890683,-0.25881904510252063,0.0,1.0,1,0,1,0,1803
2019-03-11 21:00:00,0.0023002719443688006,49.20870469668751,-0.001736521115276668,0.000645971887662267,-0.002382493002938935,28.955590708448145,24.221390336396865,24.096779383657672,68.90721398613216,55.655631107016234,0.01456474702832189,30.68541803050291,-15.235173824130943,0.4138054044412715,0.5709107582757388,0.5983882519355452,0.004086929972276639,0.00017217570976635344,-0.7071067811865477,0.7071067811865474,0.0,1.0,1,0,1,0,1802
2019-03-12 01:00:00,0.0022402525197709054,46.626031567029585,-0.0015383235430019848,0.0006753355679495602,-0.002213659110951545,26.905755420275955,23.093863430417617,22.97505322652239,80.51151865638184,68.01749535050159,0.013406311349472233,33.07468934841403,-25.534308211473956,0.2307205786721425,0.5862062372032492,0.569668678852275,0.003989897424924312,-0.0001482650136817032,0.25881904510252074,0.9659258262890683,0.7818314824680298,0.6234898018587336,1,0,1,0,1801
2019-03-12 05:00:00,0.002308091625501672,56.41646166236166,-0.0011182163448608673,0.0008763542128725423,-0.0019945705577334096,25.82022291761607,26.19879635882284,20.706932703335582,86.13440567789432,78.51771277346944,0.012536388475114624,87.41377360624568,-0.8273009307120938,0.37453849917708704,0.5689765455973007,0.832192960378252,0.003878720506270843,0.0013509295207463357,0.9659258262890683,0.25881904510252074,0.7818314824680298,0.6234898018587336,0,0,0,0,1800
2019-03-12 09:00:00,0.002396085080823146,56.13031890186139,-0.0007827110888258826,0.0009694875751260217,-0.0017521986639519043,24.70042967798791,23.43405613877843,19.117955566168686,90.02913906791571,85.5583544673973,0.011661950951662003,99.06135407938172,-3.550973654066847,0.4219183935056582,0.5480815395540332,0.8607886894259564,0.0037601677828654574,0.001202988492419843,0.7071067811865476,-0.7071067811865475,0.7818314824680298,0.6234898018587336,0,0,0,0,1799
2019-03-12 13:00:00,0.00242350757505011,59.45245503340424,-0.0004152045652792147,0.0010695952789381517,-0.0014847998442173663,24.11924950555318,24.52024225518208,17.5515153424087,98.03669916941492,91.40008130507498,0.010959964233471009,152.47642215365758,-1.5116279069763316,0.5860349127182072,0.5418798824975186,1.000640319905706,0.003606421336888466,0.0023334160796928405,-0.2588190451025208,-0.9659258262890683,0.7818314824680298,0.6234898018587336,0,0,0,0,1798
2019-03-12 17:00:00,0.0024118284625465076,57.65020487957022,-0.00015923558454855602,0.0010604514077350484,-0.0012196869922836045,23.9976627387094,25.840646883445917,16.376756817026493,91.9422738386266,93.3360373586524,0.011672767623788882,166.4174758809499,-19.110576923076962,0.4940491556655371,0.544503898346658,0.918409768566506,0.003508827331634131,0.0027784761266504976,-0.9659258262890683,-0.25881904510252063,0.7818314824680298,0.6234898018587336,0,0,0,0,1797
2019-03-12 21:00:00,0.0022774121437930035,57.28431502818743,3.594507653170709e-05,0.0010045056550522494,-0.0009685605785205423,23.884760740925962,25.41110097834681,16.104527996235475,86.39516249254662,92.12471183352937,0.012301385125220499,131.3551707530962,-20.19230769230682,0.3707787242366588,0.5766413442464557,0.8642272763913484,0.003365770998197171,0.0021575313698518617,-0.7071067811865477,0.7071067811865474,0.7818314824680298,0.6234898018587336,0,0,0,0,1796
2019-03-13 01:00:00,0.002166168419236216,55.35068873248134,0.00015175961069391342,0.0008962561513715646,-0.0007444965406776512,23.639920162540665,24.807797647848542,16.38167106362719,78.32532051282145,85.55425228133156,0.011914458443380127,109.01937833267847,-25.72115384615191,0.4164849736137206,0.606254799182719,0.8000556019385368,0.0032336974121535064,0.0017794621935969257,0.25881904510252074,0.9659258262890683,0.9749279121818236,-0.22252093395631434,1,0,1,0,1795
2019-03-13 05:00:00,0.002150727817862174,58.861711500536536,0.00032692188548533174,0.0008571347409303863,-0.0005302128554450546,23.72721167752432,25.459563543219804,15.320759154484882,80.44871794871948,81.72306698469585,0.011252743487660588,107.07198057482145,-12.74038461538286,0.5421236291126755,0.6106072507609874,0.8666217047001827,0.0031017536433957157,0.0020081718847757557,0.9659258262890683,0.25881904510252074,0.9749279121818236,-0.22252093395631434,1,0,1,0,1794
2019-03-13 09:00:00,0.002109247259443405,58.58608211565638,0.00045564535564390773,0.0007886865688711698,-0.00033304121322726214,24.156032544010166,26.781243082227263,14.506196661874627,82.69230769230882,80.48878205128324,0.010736908307288573,113.2525238078219,-13.461538461538769,0.42771523591029376,0.6226154824288096,0.8357577336813674,0.0031987826759499716,0.002430184800660262,0.7071067811865476,-0.7071067811865475,0.9749279121818236,-0.22252093395631434,1,0,1,0,1793
2019-03-13 13:00:00,0.002134301026626039,62.265064160158666,0.0006438401501485114,0.0007815050907006188,-0.00013766494055210746,24.976516102906288,28.056941493966278,13.31191996281671,87.73661387632006,83.62587983911611,0.010673832488809598,121.3155151170489,-10.588235294118176,0.4094356715277904,0.6153068304877412,0.903088581773306,0.003373337197001175,0.002956436683273944,-0.2588190451025208,-0.9659258262890683,0.9749279121818236,-0.22252093395631434,1,0,1,0,1792
2019-03-13 17:00:00,0.002257565239010013,68.23757033802862,0.0009658293464112067,0.0008827954295706513,8.303391684055537e-05,26.516850398854178,32.03405186748336,11.686147896248725,88.98939677206646,86.47277278023178,0.011556999437536408,151.9892110586594,-8.982035928143695,0.6816808276156339,0.5817107640157881,1.0251795704243607,0.0034877236017157058,0.004424988415278719,-0.9659258262890683,-0.25881904510252063,0.9749279121818236,-0.22252093395631434,0,0,0,0,1791
2019-03-13 21:00:00,0.002188453436223521,67.88233379663433,0.0012015094364015155,0.0008947804156487682,0.0003067290207527474,27.94716081651953,30.685287020090165,11.194113184277194,90.03571604419226,88.92057556419292,0.012387389716935981,152.20643471225836,-10.322580645161361,0.39884423803023666,0.6000813077687385,0.9491664609851442,0.0035161505877563675,0.004770189342056419,-0.7071067811865477,0.7071067811865474,0.9749279121818236,-0.22252093395631434,0,1,0,1,1790
2019-03-14 01:00:00,0.0021335639050646497,63.60335594312485,0.0013054581173179702,0.0007989832772521783,0.0005064748400657919,28.702312090848295,29.226523671620548,12.971968776452558,86.57760552725851,88.53423944783907,0.012535466485108948,120.44874209887828,-20.96256684491945,0.33150738357355003,0.615519411854789,0.8430267238246156,0.0034463921717749623,0.003747640861358814,0.25881904510252074,0.9659258262890683,0.43388373911755823,-0.900968867902419,0,0,0,0,1789
2019-03-14 05:00:00,0.002150452197560044,65.63094140111404,0.0014302559941916648,0.0007390249233006983,0.0006912310708909665,28.974898046756024,26.925782952316855,13.711229703761976,84.98035210576981,87.19789122574018,0.012446357700119925,114.72396526589594,-13.773796192609744,0.28953939329542616,0.6106855113961825,0.8645644861995362,0.0034090295935626756,0.0036379629257832224,0.9659258262890683,0.25881904510252074,0.43388373911755823,-0.900968867902419,0,1,0,1,1788
2019-03-14 09:00:00,0.002213991326305797,54.40779782009264,0.0013115049747147722,0.0004962191230590445,0.0008152858516557277,28.03393054646538,24.284967980907556,17.65749183119887,74.4607793234364,82.0062456521549,0.011763250571137362,66.24426579461563,-41.88129899216162,0.10806788789285325,0.5931595053677341,0.6435827613962614,0.0033359446987427997,0.0017767925583873634,0.7071067811865476,-0.7071067811865475,0.43388373911755823,-0.900968867902419,1,0,1,0,1787
2019-03-14 13:00:00,0.002165849088712484,53.77650707852512,0.0011907569682902963,0.00030037689330765483,0.0008903800749826415,27.02536994533132,23.051573423630504,17.420285704724837,66.89063083239995,75.44392075386871,0.011296676325335042,42.78376423571829,-43.67301231802877,0.10187539310613505,0.6063441847560477,0.6118027961168973,0.00326833002301629,0.0010029158203828104,-0.2588190451025208,-0.9659258262890683,0.43388373911755823,-0.900968867902419,1,0,1,0,1786
2019-03-14 17:00:00,0.002086145582375827,55.4801657630548,0.0011216722684614933,0.00018503375478308133,0.0009366385136784119,26.088849387135653,22.22283547677809,16.794000828495236,55.58446033250102,65.64529016277912,0.010393170064971535,43.399185699411824,-47.69230769230654,0.18610916631955746,0.629510237010589,0.6360508864149065,0.003180827326330142,0.0011128158880855388,-0.9659258262890683,-0.25881904510252063,0.43388373911755823,-0.900968867902419,1,0,1,0,1785
2019-03-14 21:00:00,0.002001420897920354,56.014616981711185,0.0010667293011488166,0.00010407262997632369,0.0009626566711724929,25.338883055128058,22.258504709569703,16.25457689218228,51.78890204448467,58.08799773646188,0.009050470926943444,44.56492756198765,-53.267973856210645,0.10359024303863767,0.6561588326396403,0.6327002771120567,0.003023780253422908,0.0012445906170384102,-0.7071067811865477,0.7071067811865474,0.43388373911755823,-0.900968867902419,1,0,1,0,1784
2019-03-15 01:00:00,0.0020227479766403537,60.47702133825584,0.001116027782015916,0.00012269688867473823,0.0009933308933411777,25.538906566502966,26.630401632462668,14.934395235354593,55.72565778448159,54.36634005382242,0.008127821602341267,78.56586126266662,-31.862745098038026,0.22490016734699342,0.649240545617165,0.7637238001609962,0.002870766350027113,0.002190756701008878,0.25881904510252074,0.9659258262890683,-0.433883739117558,-0.9009688679024191,0,0,0,0,1783
2019-03-15 05:00:00,0.001979694549737448,61.90668923125199,0.0011778311185128842,0.0001476001801373652,0.001030230938375519,25.80780596317641,25.91545835567031,14.1692396339143,63.45315904139378,56.98923962345335,0.007612298207474222,93.06180602647709,-24.50980392156994,0.1618681172880455,0.6633599108378444,0.7983987145655544,0.002793674402417111,0.002533762831594455,0.9659258262890683,0.25881904510252074,-0.433883739117558,-0.9009688679024191,0,1,0,1,1782
2019-03-15 09:00:00,0.0020068592247562246,52.770252813440706,0.0010532857996028433,1.8443888981859412e-05,0.0010348419106209839,25.102292526619223,23.738621144962774,17.2145309815849,62.145969498910006,60.441595441595126,0.006109500470540485,39.58382226394365,-57.189542483661995,-0.21627252103140482,0.6543807277560896,0.501718634780461,0.0026248162883441865,0.0012761284717335286,0.7071067811865476,-0.7071067811865475,-0.433883739117558,-0.9009688679024191,1,0,1,0,1781
2019-03-15 13:00:00,0.0021799407087022796,57.52912722579778,0.0010561829337949469,1.7072818539170392e-05,0.0010391101152557765,25.308851617293943,26.158015529441904,14.71576143956337,56.672851981860994,60.75732684072159,0.005906083643121729,78.12926435926377,-48.282097649185054,-0.0856315547865316,0.6024246415315482,0.7106302712879448,0.002380809125790958,0.0020695048606615973,-0.2588190451025208,-0.9659258262890683,-0.433883739117558,-0.9009688679024191,1,0,1,0,1780
2019-03-15 17:00:00,0.00211565922950923,60.16552959109238,0.001115020484129925,6.072829509931859e-05,0.0010542921890306063,25.500656487206154,25.027592464183464,14.079817320048654,53.628412396856994,57.48241129254266,0.005757228152468041,87.01514753523837,-33.64312267658196,0.06449219026078674,0.6207285094323224,0.8266328778708915,0.0021322868763177837,0.0022198111384752472,-0.9659258262890683,-0.25881904510252063,-0.433883739117558,-0.9009688679024191,1,0,1,0,1779
2019-03-17 21:00:00,0.0020288264274013882,57.78487290234625,0.0011061322915530969,4.1472082017992304e-05,0.0010646602095351046,25.678761009267465,24.2345642205239,13.633682006939946,57.21540274855359,55.83888904242386,0.005723625075035876,71.83378500452048,-46.42857142857222,-0.046792919260135034,0.6472953931707551,0.7120159835927709,0.0019893167114139157,0.0019103595807303808,-0.7071067811865477,0.7071067811865474,-0.7818314824680299,0.6234898018587334,1,0,1,0,1778
2019-03-18 01:00:00,0.002015338825444146,62.46278049976292,0.0012102098353570234,0.00011643970065753511,0.0010937701346994883,26.333418184160465,26.375586757691075,12.744573274025353,68.0845675734137,59.64279423960809,0.005899998644033566,109.22214750056018,-15.67460317460474,0.3123506822163655,0.6516274005243671,0.9281356916165141,0.0018027906217344292,0.002588597480938537,0.25881904510252074,0.9659258262890683,0.0,1.0,0,0,0,0,1777
2019-03-18 05:00:00,0.002005671766483854,64.66627020326081,0.0013425758900711404,0.0001990446042973216,0.0011435312857738188,27.436366888559235,28.95448390988742,11.891286034324088,75.66044414635842,66.98680482277523,0.006176772943828901,150.97010241824606,-10.915492957747796,0.39823713694047225,0.6547681539648237,0.9943519905569,0.0017967047971403566,0.0033659096824634194,0.9659258262890683,0.25881904510252074,0.0,1.0,0,0,0,0,1776
2019-03-18 09:00:00,0.001996695211735012,65.10205138429319,0.001443745011114217,0.00024017098027231845,0.0012035740308418985,28.757859954848637,29.940598010806788,11.091549635142778,84.57253205844681,76.10584792607297,0.006112897839784637,170.29233365257082,-19.692307692307043,0.36887312356807406,0.6577117991177343,0.9744067504491936,0.0017849265029182158,0.0036486369078660985,0.7071067811865476,-0.7071067811865475,0.0,1.0,0,0,0,1,1775
2019-03-18 13:00:00,0.0020233598394682317,57.21744148638812,0.0013741339804658192,0.0001364479596991366,0.0012376860207666826,28.758671219592703,27.435598444474426,15.176446487949207,74.72047670639215,78.31781763706579,0.005822704182736338,91.90725119798356,-45.2307692307687,0.20873503033734941,0.6490442156572314,0.6826470943094214,0.0017445354987292543,0.0021270126219035124,-0.2588190451025208,-0.9659258262890683,0.0,1.0,1,0,1,0,1774
2019-03-18 17:00:00,0.002010262708077629,60.13072917840537,0.00137812381137703,0.00011235023248827797,0.001265773578888752,28.637959032456074,25.641891833215638,14.717207948560215,68.05128205128202,75.78143027204031,0.005582055177053569,89.33109359520336,-30.923076923078195,0.17492247753835224,0.653272825846644,0.816639650440159,0.001726845153108841,0.0019875182788176016,-0.9659258262890683,-0.25881904510252063,0.0,1.0,1,0,1,0,1773
2019-03-18 21:00:00,0.0019131010860720635,59.66028974947192,0.0013575674246393277,7.343507660046052e-05,0.0012841323480388672,28.525869144400644,25.01959517821407,14.360039712420635,63.25297212211561,68.67491029326325,0.005561459880254471,93.3340008789209,-34.08723747980628,0.12628269662127928,0.6864509196930809,0.7705224945237183,0.0016657275071464879,0.0019971834831788993,-0.7071067811865477,0.7071067811865474,0.0,1.0,1,0,1,0,1772
2019-03-19 01:00:00,0.0018635938656383336,62.26719288843205,0.0013914042450056119,8.581751757339579e-05,0.001305586727432216,28.8467882828302,27.18423350434351,13.68855494725863,71.02938586117759,67.44454667819174,0.0059078588337646565,118.53357810786031,-21.901528013582748,0.37597975901909864,0.704686801246888,0.8782250156739531,0.0015898797732159138,0.0024476754711912907,0.25881904510252074,0.9659258262890683,0.7818314824680298,0.6234898018587336,0,0,0,0,1771
2019-03-19 05:00:00,0.0018383371609498847,64.8339512010477,0.0014706621043238943,0.00013206030151334254,0.0013386018028105518,29.51890721458705,28.853125538204647,12.885433268702192,78.90357505625043,71.06197767984787,0.006493006699495929,141.55848878222278,-7.300509337859662,0.32691577059348786,0.7143684128766848,0.9555670642122784,0.001562551635231582,0.0029418614334959514,0.9659258262890683,0.25881904510252074,0.7818314824680298,0.6234898018587336,0,0,0,0,1770
2019-03-19 09:00:00,0.0018113130780248888,63.48205581729094,0.0014960560157062375,0.00012596337031654846,0.001370092645389689,30.3252798301095,28.887608679776786,12.143558973965098,85.17113660100993,78.36803250614598,0.006876424652369373,129.94832987508863,-15.284552845527799,0.22866728468636316,0.7250265102883308,0.8696688509666373,0.0015653381084489101,0.00290891251881642,0.7071067811865476,-0.7071067811865475,0.7818314824680298,0.6234898018587336,0,0,0,0,1769
2019-03-19 13:00:00,0.00184550500102311,61.97893752089611,0.0014773639973792996,8.581708159168845e-05,0.0013915469157876111,30.26956203477694,26.327232296540444,14.31838955337968,85.91338035621526,83.32936400449188,0.007155254293155444,98.14772813185098,-19.674796747966784,0.2517400982228049,0.7115938451924873,0.8013170338421693,0.0015660948437509206,0.0023327328506443923,-0.2588190451025208,-0.9659258262890683,0.7818314824680298,0.6234898018587336,0,0,0,0,1768
2019-03-19 17:00:00,0.001797254643807158,62.958450675049164,0.0014682193790620524,6.13379706195529e-05,0.0014068814084424995,30.217824081968136,25.10302935961372,13.652591707792563,83.30623306233166,84.7969166731856,0.007012862183141788,102.16151623784351,-15.121951219510466,0.13937036350967538,0.7306977920602937,0.8109286826200353,0.0016435276303427453,0.002434380889259513,-0.9659258262890683,-0.25881904510252063,0.7818314824680298,0.6234898018587336,0,0,0,0,1767
2019-03-19 21:00:00,0.001739593597820911,59.929956024053546,0.0014036391866019127,-2.5937774724696036e-06,0.0014062329640743823,30.139226119420695,24.08259401617868,13.22079685788011,77.71066084825797,82.31009142226829,0.006547547632492101,84.46815085949952,-32.07126948774886,0.022917988858344705,0.7549177012636933,0.7187842044693481,0.0017013806023777763,0.0020096304181187463,-0.7071067811865477,0.7071067811865474,0.7818314824680298,0.6234898018587336,0,0,0,0,1766
2019-03-20 01:00:00,0.0016681940551194045,59.32733795719904,0.0013290690735736632,-6.173111240057537e-05,0.0013908001859742386,29.618946425701,23.31953104495095,14.643062460581813,72.19049505836513,77.73579632298491,0.0060954199198883785,60.01244192665079,-36.23529411764527,0.0,0.7872285577147686,0.6844007492137979,0.001727391099930179,0.0014777933180025737,0.25881904510252074,0.9659258262890683,0.9749279121818236,-0.22252093395631434,0,0,0,0,1765
2019-03-20 05:00:00,0.0016776087654680216,57.40043540122813,0.0012307697648070715,-0.00012802433693373375,0.0013587941017408052,28.412108436339516,21.53232923617337,16.671565706717036,62.335815352148074,70.74565708625705,0.005515813992493346,41.02926178708626,-44.685990338161666,0.11915479531853715,0.7828106451468306,0.613945104177822,0.0017430544710161102,0.0011357031858956201,0.9659258262890683,0.25881904510252074,0.9749279121818236,-0.22252093395631434,1,0,1,0,1764
2019-03-20 09:00:00,0.0017313509965060218,62.293111018999525,0.0012314666623285397,-0.00010186195152981259,0.0013333286138583523,28.12165548888185,24.654434463694056,15.00020762734591,63.69609497406168,66.07413512819163,0.005471744146047008,93.35763466989836,-27.990430622008024,0.13845896058770726,0.7585117071294171,0.7925940901598638,0.0017256830837423694,0.0019893802643571323,0.7071067811865476,-0.7071067811865475,0.9749279121818236,-0.22252093395631434,1,0,1,0,1763
2019-03-20 13:00:00,0.0017383973538984494,59.23503690433979,0.0011796882582517654,-0.00012291228448526974,0.0013026005427370351,27.85194918052832,22.800608131420393,13.872305872791546,62.61663160976809,62.88284731199261,0.00537337138115479,81.34519902380654,-39.47368421052604,0.10495585680140626,0.7554371830208821,0.6842418715877151,0.0016244092943572322,0.0017443631765419187,-0.2588190451025208,-0.9659258262890683,0.9749279121818236,-0.22252093395631434,1,0,1,0,1762
2019-03-20 17:00:00,0.002334940400048619,76.05868353986139,0.0016346232606614386,0.00026561817433952265,0.001369005086321916,30.318395065461008,41.39826435123475,9.590411132304009,68.20775460274763,64.8401603955258,0.007546199043217516,341.03092783507134,-27.91262135922309,0.5949075910208644,0.5624340561209421,1.4037662485367157,0.0019899818688121876,0.006168014122418963,-0.9659258262890683,-0.25881904510252063,0.9749279121818236,-0.22252093395631434,0,0,1,0,1761
2019-03-20 21:00:00,0.0023224446571880135,78.7525457598178,0.002117610817983673,0.0005988845853294054,0.0015187262326542674,32.60866624432698,38.648075766179865,8.953296518071175,73.14199738829284,67.98879453360284,0.01026250242386828,355.5565937830902,-13.187702265372414,0.6790020167504675,0.5654601912409256,1.2863091930903814,0.002537473983119985,0.007836572992625301,-0.7071067811865477,0.7071067811865474,0.9749279121818236,-0.22252093395631434,0,1,0,1,1760
2019-03-21 01:00:00,0.002272984324531724,75.87313557995303,0.0024264174703816366,0.0007261529901818953,0.0017002644801997412,34.78849366311863,37.579739459464584,8.494683798253893,79.88963571487857,73.74646256863967,0.01189145222417931,253.75300691405695,-19.230769230768864,0.6509636728797441,0.5777646532034721,1.0887001745476974,0.0029816505928230478,0.0073752471532151365,0.25881904510252074,0.9659258262890683,0.43388373911755823,-0.900968867902419,0,1,0,1,1759
2019-03-21 05:00:00,0.0023734854442080473,63.79766396776372,0.0024221330245921546,0.0005774948355139306,0.001844638189078224,34.80153092016287,33.41788417287029,16.100724112124517,74.56980494237587,75.86714601518241,0.01198582229135603,139.62765957446646,-43.87211367673112,0.43349163414011255,0.5533002122278392,0.8230483404373762,0.003142737708108033,0.004831760714291589,0.9659258262890683,0.25881904510252074,0.43388373911755823,-0.900968867902419,0,1,0,1,1758
2019-03-21 09:00:00,0.0023689507696217607,58.89762417475522,0.0022850767434225983,0.00035235084347549927,0.001932725899947099,34.28297726719698,31.090292160730446,17.662817941214016,60.40442683426742,71.62128916384061,0.011977578219322105,80.43925875085921,-55.68383658969779,0.2915657344197246,0.5543593462728145,0.6918167394051128,0.003106224893953724,0.003071353190481352,0.7071067811865476,-0.7071067811865475,0.43388373911755823,-0.900968867902419,0,0,0,0,1757
2019-03-21 13:00:00,0.002573311428934512,48.817969223139386,0.0018868124007009879,-3.673079939688897e-05,0.0019235432000978769,31.85108300783347,26.57686843494489,26.451478858464366,38.42510361160497,57.79977846274941,0.011905202056243791,-0.9868228746486022,-85.16873889875619,0.04406295715317561,0.5103346548861968,0.41092129348248063,0.0030135586486234453,0.00019444493524289896,-0.2588190451025208,-0.9659258262890683,0.43388373911755823,-0.900968867902419,0,0,0,0,1756
2019-03-21 17:00:00,0.002637360612582057,54.65761892461556,0.0017383510222073184,-0.00014815374231244701,0.0018865047645197654,29.57678770053156,24.07919456928148,24.073922426258406,31.52753108348136,43.45235384311791,0.011851415274134691,1.1879306248465917,-64.56483126110196,0.2573503490093608,0.49794100728390256,0.5939550234502324,0.002926817419201799,0.000326089340423108,-0.9659258262890683,-0.25881904510252063,0.43388373911755823,-0.900968867902419,0,0,0,0,1755
2019-03-21 21:00:00,0.002573263425969039,52.3826910151941,0.001536811753903633,-0.00027975440849290606,0.001816566162396539,27.529247893678644,23.332566258456076,22.91117918970865,26.139727649496976,32.03078744819443,0.011416924104153736,8.048181716131966,-71.84724689165094,0.2124602188075801,0.5103441749285565,0.5092406675421192,0.0028215617891480037,0.0006710688598559056,-0.7071067811865477,0.7071067811865474,0.43388373911755823,-0.900968867902419,0,0,0,0,1754
2019-03-22 01:00:00,0.002481601752685532,54.99062508625399,0.0014459554980656986,-0.0002964885314646723,0.0017424440295303709,25.627960930172407,22.466218820877618,22.060478021091534,33.7181764357607,30.461811722913,0.011175386525755115,15.689639168404439,-62.43339253996503,0.2043188783598018,0.5291945005192035,0.5868873750149078,0.0027556349784556592,0.0010191166844009114,0.25881904510252074,0.9659258262890683,-0.433883739117558,-0.9009688679024191,0,0,0,0,1753
2019-03-22 05:00:00,0.0030364873417794594,38.85997363696458,0.0007631939814054522,-0.0007834000384999349,0.0015465940199053871,26.239167708223412,17.049274903345665,34.760305145478526,25.01450525412547,28.29080311312771,0.0122801399014838,-119.65355902392321,-90.67584480600762,-0.41057268722467916,0.43248986482861534,-0.014285671878790526,0.002822128612131213,-0.0033005459836845663,0.9659258262890683,0.25881904510252074,-0.433883739117558,-0.9009688679024191,0,0,0,0,1752
2019-03-22 09:00:00,0.003011738245938074,39.50044730465226,0.000239512519846663,-0.0010456652000469795,0.0012851777198936425,26.806716859270765,15.961565373288957,32.542667422539544,19.259791139160686,25.99749094301561,0.013277766529051327,-167.68257833950793,-89.11138923654529,-0.9453468608176134,0.43604386993829153,0.058397115420664183,0.003041845147306122,-0.005008368971656685,0.7071067811865476,-0.7071067811865475,-0.433883739117558,-0.9009688679024191,0,0,0,0,1751
2019-03-22 13:00:00,0.003098042656942494,35.992256850092495,-0.0003458164032532629,-0.0013047952985175244,0.0009589788952642615,27.771492660400018,14.408561628342891,33.87230749953749,8.814966201558093,17.696420864948077,0.015002130382048229,-183.0233218482901,-93.76786735277281,-1.291987403778862,0.42389668104055955,-0.011294049888977588,0.003327383518462302,-0.0059968994539241205,-0.2588190451025208,-0.9659258262890683,-0.433883739117558,-0.9009688679024191,1,0,1,0,1750
2019-03-22 17:00:00,0.0030196110385894556,40.69304559592601,-0.0006576744894055686,-0.0012933227077358642,0.0006356482183302955,28.667355904305733,13.726895704950406,32.269815983403966,11.195765242096927,13.090174194271896,0.01584701094843899,-149.1389309564838,-83.53344768439112,-1.0860908605585389,0.4349070072990115,0.14475950585782307,0.0035454011144053854,-0.005097014164276992,-0.9659258262890683,-0.25881904510252063,-0.433883739117558,-0.9009688679024191,0,0,0,0,1749
2019-03-24 21:00:00,0.002897495964404484,38.644082578924085,-0.000990239377537172,-0.0013007100766939741,0.00031047069915680203,29.499228916503885,13.283600785218852,31.227697955148226,10.768057937869129,10.259596460508043,0.01692354856405487,-135.14839472980302,-90.39451114922869,-0.953600786040772,0.4532361791468135,0.11402893871359907,0.0037607517578603683,-0.004864053031134796,-0.7071067811865477,0.7071067811865474,-0.7818314824680299,0.6234898018587334,1,0,1,0,1748
2019-03-25 01:00:00,0.002766960538375597,40.810523641297664,-0.0011748957499762014,-0.0011882931593064027,1.3397409330201333e-05,30.271682427830726,12.916683144955751,30.365131138378068,13.742415020564325,11.902079400176786,0.017645155255761047,-114.03750147411078,-84.84479610468722,-0.766758010118055,0.4746182613688345,0.19107667679940799,0.003947717822549229,-0.004223462121977439,0.25881904510252074,0.9659258262890683,0.0,1.0,1,0,1,0,1747
2019-03-25 05:00:00,0.0027107490713487734,43.59105236324172,-0.0012224197369301582,-0.0009886537170082875,-0.00023376601992187057,30.183790860008326,15.826394616543553,28.78088375689484,15.435548423984029,13.315340460805821,0.018055924678617163,-85.05184239177692,-78.45404747413201,-0.3840597582889891,0.48446018625640364,0.26694630295044713,0.004068305284824571,-0.0030115851522194426,0.9659258262890683,0.25881904510252074,0.0,1.0,0,0,0,0,1746
2019-03-25 09:00:00,0.0026678384233952764,46.18397687522185,-0.00116595084081772,-0.0007457478567166795,-0.00042020298410104046,29.51990309868343,17.770352228775078,27.154964323541137,21.909763137835956,17.0292421941281,0.018269760808502067,-61.07428705207775,-70.97186700767288,-0.4993143218819146,0.49225244995484657,0.33196276994654234,0.004134704889223291,-0.001853725006708773,0.7071067811865476,-0.7071067811865475,0.0,1.0,0,0,0,0,1745
2019-03-25 13:00:00,0.0026258499645813328,44.63722109141478,-0.0011642620949656735,-0.0005952472886917063,-0.0005690148062739671,28.56274254306322,18.50583292288673,25.618527780412816,26.424545695900807,21.256619085906923,0.01855936582967921,-53.18007727646258,-71.30044843049266,-0.4891180041170372,0.5001237761919826,0.30535434059804517,0.004188142218884789,-0.0015183603395054757,-0.2588190451025208,-0.9659258262890683,0.0,1.0,0,0,0,0,1744
2019-03-25 17:00:00,0.0025525749671112385,45.25775052373108,-0.0011321212018340354,-0.0004504851164480546,-0.0006816360853859808,27.68981956629109,17.677276519531485,24.583448499819312,30.326372604422385,26.220227146053045,0.018778001065072214,-50.163452108528006,-66.74856674856728,-0.5624890138864441,0.5144804822270163,0.3302002439476496,0.0042388497071503585,-0.0015011581790116413,-0.9659258262890683,-0.25881904510252063,0.0,1.0,0,0,0,0,1743
2019-03-25 21:00:00,0.002435962469460435,46.37577454737713,-0.0010637245339750745,-0.0003056707588712749,-0.0007580537751037996,26.879248230716975,17.200401520668187,23.920267609796213,33.23536228725213,29.995426862525104,0.018930749060717122,-47.15032299921665,-62.24489795918365,0.12739529699029567,0.5391092910765922,0.36014816468653654,0.004287228787499358,-0.001454665524690979,-0.7071067811865477,0.7071067811865474,0.0,1.0,0,1,0,1,1742
2019-03-26 01:00:00,0.002339108007356114,44.7192272248325,-0.0010490693151796737,-0.00023281243206069928,-0.0008162568831189744,25.97618672180502,17.366019181656434,23.13138664267613,34.439820154105774,32.66718501526009,0.018004312705565795,-44.173938385145604,-67.68707482993173,0.04864716652367794,0.5614319628978408,0.3458424908859735,0.004334704651100646,-0.001436425616049064,0.25881904510252074,0.9659258262890683,0.7818314824680298,0.6234898018587336,0,0,0,0,1741
2019-03-26 05:00:00,0.002270600292544973,43.49062612908574,-0.0010631249777739438,-0.0001974944757239754,-0.0008656305020499684,25.524446346408208,16.612124572836358,24.738220577448516,32.79478458049912,33.489989007285665,0.016041829820807596,-50.11281769889375,-71.68367346938726,0.19850588871263788,0.578371281071254,0.33673932280450547,0.004397112689030816,-0.0018827115667652272,0.9659258262890683,0.25881904510252074,0.7818314824680298,0.6234898018587336,0,0,0,0,1740
2019-03-26 09:00:00,0.00240341455736319,38.91017527872068,-0.0012111956538489732,-0.0002764521214392038,-0.0009347435324097694,25.85325391571408,14.57311855368198,27.14049174760226,24.348072562358567,30.527559098987812,0.014000250712029594,-65.59101284518687,-87.5850340136053,-0.12563925607403664,0.5464101047306544,0.22875485745859328,0.004479652000448845,-0.0025846279747574474,0.7071067811865476,-0.7071067811865475,0.7818314824680298,0.6234898018587336,0,0,0,0,1739
2019-03-26 13:00:00,0.0023888849461229603,39.131687735764295,-0.0013086163185362931,-0.00029909822890121897,-0.0010095180896350741,26.399131589902343,13.614486581588118,27.32859260090365,22.297694178072714,26.48018377364346,0.012640065822599134,-89.40056655238669,-73.83820998278931,-0.01417158243431808,0.5497334654527162,0.2479443505504796,0.004595051894405134,-0.003356124403443461,-0.2588190451025208,-0.9659258262890683,0.7818314824680298,0.6234898018587336,0,1,0,1,1738
2019-03-26 17:00:00,0.0024425360213999026,34.152752896854366,-0.0015487195023393685,-0.0004313611301634355,-0.001117358372175933,27.398293568486856,12.364337220091757,29.117957035979007,14.182448079633112,20.276071606688124,0.011986498404437551,-131.32128588874826,-96.02941176470607,-0.2841135392050074,0.5376583962300505,0.09713005107378013,0.004557271904792451,-0.004387901117834492,-0.9659258262890683,-0.25881904510252063,0.7818314824680298,0.6234898018587336,0,0,0,0,1737
2019-03-26 21:00:00,0.0023823548770141975,34.55309717642486,-0.0017112080993095802,-0.0004750797817069177,-0.0012361283176026625,28.386634405421738,11.77119842095588,28.29078234413575,12.714607724606404,16.39824999410407,0.012131196808210731,-141.05870843069172,-91.98855507868541,-0.36785512167517004,0.5512402928172878,0.14529468377862126,0.004281153621226983,-0.004595002361741374,-0.7071067811865477,0.7071067811865474,0.7818314824680298,0.6234898018587336,0,0,0,0,1736
2019-03-27 01:00:00,0.0023300438143703203,32.58995277329447,-0.0018924033465161916,-0.0005250200231308232,-0.0013673833233853684,29.631883786789015,11.175793388079603,30.078615344543426,6.854707569615165,11.250587791284886,0.011369781000507118,-162.59161486754113,-91.41791044776302,-0.5371594161925368,0.5636160109525226,0.09234043296056332,0.003911303633723937,-0.00513820217280192,0.25881904510252074,0.9659258262890683,0.9749279121818236,-0.22252093395631434,0,0,0,0,1735
2019-03-27 05:00:00,0.002387183541915288,39.79693169399356,-0.0018692098410910685,-0.0004014612141645601,-0.0014677486269265084,29.959605520021043,13.360668379681186,27.26160572464865,16.945080211562356,12.171465168594635,0.01002784602990392,-125.84026020960587,-65.7582938388645,-0.31648367191783255,0.5501252739646285,0.2628603398069151,0.003577628485992223,-0.0039666126656443534,0.9659258262890683,0.25881904510252074,0.9749279121818236,-0.22252093395631434,0,0,0,0,1734
2019-03-27 09:00:00,0.002355956146064188,38.68346138694978,-0.0018656341905034513,-0.00031830845086155426,-0.001547325739641897,29.73235578513783,14.814330432277988,25.64988123127194,23.911249440002504,15.90367907372667,0.0073124493844001215,-93.7389311386536,-71.09004739336497,-0.3756407990100641,0.5574169969988145,0.1860832972195546,0.003245883494810703,-0.0029715503190594905,0.7071067811865476,-0.7071067811865475,0.9749279121818236,-0.22252093395631434,0,1,0,1,1733
2019-03-27 13:00:00,0.0024005307070596024,36.62358409673311,-0.0019085805133702838,-0.00028900381898270926,-0.0016195766943875745,30.369861022701937,13.50073088535995,30.516761990174615,28.823348139331028,23.226559263631955,0.007749016969873956,-138.88664838414599,-76.68161434977746,-0.48330947710686584,0.5470665283047319,0.12137132859473684,0.003178637923697775,-0.004147559626868302,-0.2588190451025208,-0.9659258262890683,0.9749279121818236,-0.22252093395631434,0,1,0,1,1732
2019-03-27 17:00:00,0.0024004927994124847,32.39897906756726,-0.0020728423844100785,-0.0003626125520180029,-0.0017102298323920756,30.961830171868602,12.536590934810926,28.337440763349143,18.044722617756722,23.59310673236341,0.008708427871859215,-142.30577537896846,-98.09417040358741,-0.5958590448573977,0.5470751673662237,-0.020702481173793114,0.003077034691387221,-0.004487354856719028,-0.9659258262890683,-0.25881904510252063,0.9749279121818236,-0.22252093395631434,0,0,0,0,1731
2019-03-27 21:00:00,0.0023154575994544443,34.362723507968106,-0.0021412202903881017,-0.0003447923663968209,-0.0017964279239912808,31.511515810380505,12.068640390030781,27.279695407228186,10.908071748878024,19.25871416865525,0.009402369063132632,-127.41761210156837,-92.50000000000107,-0.5138546171738962,0.5671665075229281,0.08563634613361468,0.0028641669249481133,-0.004346099801514791,-0.7071067811865477,0.7071067811865474,0.9749279121818236,-0.22252093395631434,0,0,0,0,1730
2019-03-28 01:00:00,0.002252924913779134,37.059406812786584,-0.002120134942759533,-0.0002589656150146014,-0.0018611693277449314,31.873675930233233,12.088334085437339,26.034242658031093,8.147209706361776,12.366668024332165,0.009712280679600394,-103.50777455292382,-84.9642004773262,-0.29323175053153117,0.5829089074243088,0.18807532443302047,0.0024540011529480907,-0.0037653451507269065,0.25881904510252074,0.9659258262890683,0.43388373911755823,-0.900968867902419,0,1,0,1,1729
2019-03-28 05:00:00,0.002285573134223481,36.44511587988492,-0.002098599300683235,-0.0001899439783506426,-0.0019086553223325922,32.54786792289043,11.064540069429269,26.6420052645654,14.091358837619772,11.04888009761985,0.010105007867355909,-97.9606139182897,-80.26172300981342,-0.31979164821146033,0.5745823576309118,0.1951016723150688,0.0024475586730840024,-0.0037002508720023197,0.9659258262890683,0.25881904510252074,0.43388373911755823,-0.900968867902419,0,1,0,1,1728
2019-03-28 09:00:00,0.0023951750532075137,29.65219384253278,-0.0023035089907863515,-0.0003158829347630074,-0.001987626056023344,33.624705707816766,9.804073204458438,27.63291225618775,11.844844262207765,11.361137602063097,0.011328411009461803,-124.41112693839035,-99.23954372623707,-0.39498677460013715,0.5482897787538965,-0.010045053553789419,0.0026319847338746954,-0.004836364135575533,0.7071067811865476,-0.7071067811865475,0.43388373911755823,-0.900968867902419,0,0,0,0,1727
2019-03-28 13:00:00,0.0024012339779783923,32.299442619184504,-0.002389936708208751,-0.0003218485217483251,-0.0020680881864604257,34.83655904687657,9.080811100472417,27.67665100581567,10.932732834863627,12.289645311563715,0.01184373505272962,-129.1899857742747,-87.70053475935862,-0.35057512070433633,0.5469063040269112,0.09704434633564751,0.002867676249038972,-0.005105721671395891,-0.2588190451025208,-0.9659258262890683,0.43388373911755823,-0.900968867902419,0,0,0,0,1726
2019-03-28 17:00:00,0.002356860122408499,31.449763384404452,-0.002462323817776557,-0.0003153885050529051,-0.002146935312723652,35.96185143314639,8.590938894009561,26.183610136920592,8.138552439911479,10.305376512327618,0.011958642732317948,-118.15495888324801,-88.64426419466986,-0.3046722330786838,0.5572031990842022,0.10722967437546903,0.0030466663462450387,-0.004642063937684293,-0.9659258262890683,-0.25881904510252063,0.43388373911755823,-0.900968867902419,0,0,0,0,1725
2019-03-28 21:00:00,0.0022763701136650225,35.4715460757081,-0.002420777264671159,-0.00021907356155800514,-0.002201703703113154,37.0067657918255,8.259369198397684,25.173046361502223,15.53938800297805,11.536891092584378,0.011773526064828399,-103.62060906770198,-77.03703703703736,-0.3857750975523106,0.576905307320886,0.209475310865617,0.0031772637206350977,-0.00402229882266969,-0.7071067811865477,0.7071067811865474,0.43388373911755823,-0.900968867902419,0,0,0,0,1724
2019-03-29 01:00:00,0.002183772248403233,34.96940027677383,-0.0023765937570854323,-0.0001399120431778227,-0.0022366817139076096,37.97704341059896,7.994618217927731,24.366133806132233,19.135440155031475,14.271126865973661,0.011332206139986756,-98.2922512512133,-76.91237830319835,-0.36374927915539124,0.6013676567967398,0.21735424149250535,0.0032772990602777264,-0.0037833149168562397,0.25881904510252074,0.9659258262890683,-0.433883739117558,-0.9009688679024191,0,0,0,0,1723
2019-03-29 05:00:00,0.0021463599449458586,34.942764726883105,-0.002315691080121196,-6.320749297086901e-05,-0.002252483587150327,38.24962053281146,9.44987052814741,23.02007472552049,22.999708099383525,19.22484541913101,0.010449110201309786,-88.72431237770991,-77.05146036161372,-0.2903285951469741,0.611849845172696,0.23433144578646317,0.00330274076153517,-0.00334264972350784,0.9659258262890683,0.25881904510252074,-0.433883739117558,-0.9009688679024191,0,0,0,0,1722
2019-03-29 09:00:00,0.002256619948878296,35.73350532698769,-0.0022296198536664313,1.8290986787116662e-05,-0.002247910840453548,39.00680645388031,8.346133110530005,24.287960994436535,24.97599397188735,22.370380742100775,0.009460260250071517,-86.19406803804682,-71.1081794195259,-0.10761294912843786,0.5819544406016532,0.26443565598704116,0.003242348378461449,-0.0031733710789607628,0.7071067811865476,-0.7071067811865475,-0.433883739117558,-0.9009688679024191,0,0,0,0,1721
2019-03-29 13:00:00,0.0022468613811012835,33.78755156756996,-0.002189425931473421,4.678792718410159e-05,-0.0022362138586575226,39.709907666301376,7.783640459888214,22.65105928468445,24.008352262927286,23.994684778066045,0.008453300183895784,-82.51118309424665,-79.81530343007853,-0.20713688814607537,0.5844819849795627,0.2064460097220657,0.0031238937752278515,-0.0029471013926438694,-0.2588190451025208,-0.9659258262890683,-0.433883739117558,-0.9009688679024191,0,0,0,0,1720
2019-03-29 17:00:00,0.0021870855681654865,31.889037345684912,-0.0021864315373736343,3.982585702711058e-05,-0.002226257394400745,40.64354607344568,7.425207392346152,24.024772811451026,20.97504946344413,23.31979856608625,0.008123737809593745,-108.01561655976201,-86.15136876006318,-0.3225261885934146,0.6004566163826621,0.15477714006376248,0.0030094305578758805,-0.003588399947898946,-0.9659258262890683,-0.25881904510252063,-0.433883739117558,-0.9009688679024191,1,0,1,0,1719
2019-03-31 21:00:00,0.0021351508847250954,37.37539072643495,-0.002081789986015048,0.00011557392670855787,-0.002197363912723606,40.84576562861422,9.002854251088243,22.851347265219996,21.898075821279352,22.293825849216915,0.007290488049437993,-71.05090821356339,-68.33910034602022,-0.215063319262394,0.6150619187594714,0.2897260115365796,0.002802738477830259,-0.002605194618733764,-0.7071067811865477,0.7071067811865474,-0.7818314824680299,0.6234898018587334,0,0,1,0,1718
2019-04-01 01:00:00,0.0020604972501018764,40.56455212053952,-0.00192821851431213,0.00021531631872918075,-0.0021435348330413107,40.78473699393068,9.425321236586862,21.98789519877414,30.89799897111095,24.590374751944804,0.0070260461142086506,-48.48928145283843,-52.81553398058373,0.11228245274780461,0.6373461551259384,0.38990963232706816,0.0025206092506446453,-0.0020226457159018274,0.25881904510252074,0.9659258262890683,0.0,1.0,0,0,0,0,1717
2019-04-01 05:00:00,0.0020726045893803263,46.483419733879444,-0.001689400768512872,0.00036330725162275106,-0.002052708020135623,39.24098087812901,13.767047111636142,20.298061252481663,49.841659107961114,34.212577966783805,0.0066542073907402965,2.28237399735827,-29.320388349512694,0.16655236602332074,0.6336230300409783,0.5812268040746958,0.0022003225087665365,-0.0009377673919628293,0.9659258262890683,0.25881904510252074,0.0,1.0,0,1,0,1,1716
2019-04-01 09:00:00,0.0020802756901388796,42.21770443939983,-0.0015739805885448543,0.0003829819452726151,-0.0019569625338174694,37.84498905167938,12.736546242186332,18.98471288539016,55.46925566343034,45.402971247500794,0.006483905921508271,-14.860032063140308,-51.45631067961257,0.10067981147035766,0.6312865194864279,0.4252765222282069,0.001913808938702599,-0.0012644793339393612,0.7071067811865476,-0.7071067811865475,0.0,1.0,0,0,0,0,1715
2019-04-01 13:00:00,0.002225255997986091,33.87708970163497,-0.0016921672784440123,0.0002118362042987658,-0.001904003482742778,37.753096700088804,11.056251445197347,23.798696091199247,41.081746271217185,48.797553680869534,0.006204744958412611,-107.27362596756775,-95.97806215722318,-0.23058090362787376,0.5901568184462921,0.02012532022559958,0.0017471825433679057,-0.0028407876538909527,-0.2588190451025208,-0.9659258262890683,0.0,1.0,0,0,0,0,1714
2019-04-01 17:00:00,0.0021420234267013746,36.94742613129766,-0.0017136278784679604,0.00015230048341985424,-0.0018659283618878146,37.6812108550582,10.665445177434053,23.0575204619325,24.043614851490204,40.198205595379235,0.005621237941852986,-156.51214128034312,-80.43478260869365,-0.15493522104982632,0.6130885328468836,0.13789115119206743,0.0017209105882915938,-0.003367924641579423,-0.9659258262890683,-0.25881904510252063,0.0,1.0,0,0,0,1,1713
2019-04-01 21:00:00,0.002092593181936987,35.00828818923865,-0.0017683491134901086,7.8063398718165e-05,-0.0018464125122082736,37.83417126169158,10.137566465550565,23.554736597392612,12.193093739444302,25.772818287383895,0.0054160129245515165,-179.58048578444732,-87.00787401575028,-0.21815785724462736,0.6275706197152013,0.04403727716281362,0.0017352519110850314,-0.0034940906702534136,-0.7071067811865477,0.7071067811865474,0.0,1.0,0,0,0,0,1712
2019-04-02 01:00:00,0.0020145508117986387,34.098192664432446,-0.0018181922564448616,2.257620461072968e-05,-0.0018407684610555913,38.12121397816449,9.778125598556475,23.854174614370784,14.803065075802431,17.013257888912307,0.005789764761965355,-194.76264554751936,-88.14814814814879,-0.2617544671872028,0.6518822917290924,0.05058623156962982,0.0018159751819867764,-0.003653096749966389,0.25881904510252074,0.9659258262890683,0.7818314824680298,0.6234898018587336,0,0,0,0,1711
2019-04-02 05:00:00,0.0020227971823844476,32.90599153788854,-0.0018716227273474217,-2.468341303346437e-05,-0.0018469393143139574,38.64019751716474,9.042672741976745,24.07277601181396,12.580600093886995,13.192252969711236,0.0060562889626303296,-172.60493466281523,-87.10217755443998,-0.24230978236662323,0.649224752454894,0.03940440801082514,0.0018123457400285822,-0.003498849009968996,0.9659258262890683,0.25881904510252074,0.7818314824680298,0.6234898018587336,0,0,0,0,1710
2019-04-02 09:00:00,0.0019847402407855578,37.10422195626562,-0.0018299329512470042,1.3605090453562693e-05,-0.0018435380417005669,39.05104832709547,8.773706908421465,22.781911288759183,16.90427445871236,14.762646542800589,0.005680203869480316,-118.23463249027687,-74.03685092127417,-0.11320485622092813,0.661673489060824,0.18935974120914723,0.0016500948040640885,-0.002746674422505091,0.7071067811865476,-0.7071067811865475,0.7818314824680298,0.6234898018587336,0,0,0,0,1709
2019-04-02 13:00:00,0.002014401652158015,34.51039057811966,-0.0018458177938891485,-1.823801750865106e-06,-0.0018439939921382834,39.99388435512293,8.027051423984007,25.594636376982564,19.61023811273466,16.365037555111332,0.005466883572826653,-147.17428482587835,-80.0302571860819,-0.2769787055921151,0.6519305614116848,0.06867565065398751,0.0016503130040551657,-0.003336540468704463,-0.2588190451025208,-0.9659258262890683,0.7818314824680298,0.6234898018587336,1,0,1,0,1708
2019-04-02 17:00:00,0.0020433729627181473,38.55157080189048,-0.0017766014421827236,5.391403996444794e-05,-0.0018305154821471716,39.92220673757047,10.284332355775767,23.429483075400626,25.80012180586799,20.77154479243833,0.005639918793638454,-88.52001634562227,-68.53252647503997,-0.2625886793124635,0.6426873722813093,0.23164507231786785,0.0016166871108080634,-0.002327483897874849,-0.9659258262890683,-0.25881904510252063,0.7818314824680298,0.6234898018587336,1,0,1,0,1707
2019-04-02 21:00:00,0.00201456060823827,44.34285401362686,-0.0016071971615903013,0.00017865465644549615,-0.0017858518180357975,39.74601744751445,10.04087958514631,22.06710331992999,33.635905194148904,26.348755037583842,0.005600146783686366,-43.035633802161556,-50.52950075643143,-0.2640845070422659,0.6518791217447834,0.4520548281372933,0.0015452328645087399,-0.0014758185193783913,-0.7071067811865477,0.7071067811865474,0.7818314824680298,0.6234898018587336,1,0,1,0,1706
2019-04-03 01:00:00,0.001968520564792686,47.26635272569991,-0.0014043055211079292,0.0003052370375422949,-0.001709542558650224,38.6046723541738,12.916280257162587,20.97012535554216,46.747352496216145,35.39445983207767,0.005597233602310681,10.674513052718865,-40.69591527988017,-0.10502892745883034,0.6671253648489593,0.5686053195709779,0.0014155965836649862,-0.000505219704494797,0.25881904510252074,0.9659258262890683,0.9749279121818236,-0.22252093395631434,1,0,1,0,1705
2019-04-03 05:00:00,0.002040054810164631,55.24998222462144,-0.0010658085888655133,0.0005149871758277687,-0.001580795764693282,35.997394952528246,18.01553567599335,18.789467127438243,66.36409480584886,48.915784165404624,0.005885325479430659,86.44002001748852,-9.682299546141804,0.33105491406850446,0.6437327043649488,0.9040558178661746,0.0013182992691519516,0.0008017312051979975,0.9659258262890683,0.25881904510252074,0.9749279121818236,-0.22252093395631434,0,0,0,0,1704
2019-04-03 09:00:00,0.0020429080380100204,51.55940899988281,-0.0008602533446429028,0.0005764339360403033,-0.0014366872806832061,33.94136887888125,20.131835601246408,17.422994471165982,73.71031767200246,62.27392165802248,0.005956684984019134,114.15427218724567,-28.49083215797068,0.19263183241030044,0.6428336349781196,0.7445991359135069,0.0013573453477277503,0.0013355927087821406,0.7071067811865476,-0.7071067811865475,0.9749279121818236,-0.22252093395631434,0,0,0,0,1703
2019-04-03 13:00:00,0.002069128892437878,55.07815199510956,-0.0006112256935322247,0.0006603692697207853,-0.00127159496325301,31.629148348608492,18.45695120298849,19.045850747140264,82.38610701541269,74.15350649775466,0.006269765864754806,99.73705763179419,-14.668547249649444,0.34446139979831825,0.6346873821150454,0.8774463115605491,0.0014045072301930644,0.0010846119587459846,-0.2588190451025208,-0.9659258262890683,0.9749279121818236,-0.22252093395631434,0,1,0,1,1702
2019-04-03 17:00:00,0.0020356196858351758,50.558080330666755,-0.000498497753846916,0.0006184777675248751,-0.001116975521371791,29.482086427640933,17.420723332700064,17.976560313390575,75.45839210154952,77.18493892965488,0.0062906848592856335,86.87526074258984,-30.4654442877313,0.27493862977013805,0.645135242667492,0.6970373699725589,0.001439731751468358,0.0008598430020463343,-0.9659258262890683,-0.25881904510252063,0.9749279121818236,-0.22252093395631434,0,0,0,0,1701
2019-04-03 21:00:00,0.001993789708275517,54.60580859176368,-0.0003143548067563451,0.0006420965716923569,-0.0009564513784487019,27.48838607245677,16.51576871545716,17.042731622867027,80.11283497884169,79.31911136526794,0.006615195839795529,97.4521433278441,-14.527503526094222,0.4152490154579833,0.6586702672549481,0.8436028282528105,0.0014868918397375084,0.0011345222285490397,-0.7071067811865477,0.7071067811865474,0.9749279121818236,-0.22252093395631434,0,1,0,1,1700
2019-04-04 01:00:00,0.0019128047291129859,53.235133404942495,-0.00019282566237754928,0.0006109005728569222,-0.0008037262352344715,25.63709288550005,15.985374753755808,16.495414564884406,78.60836859426307,78.05986522488475,0.006818310347795453,84.2725104353052,-19.181946403385332,0.3159050143228209,0.6865572737312219,0.7683216085333631,0.0015297807774762192,0.0009946937835987324,0.25881904510252074,0.9659258262890683,0.43388373911755823,-0.900968867902419,0,1,0,1,1699
2019-04-04 05:00:00,0.0018990329627477686,49.39149742370982,-0.00017119655310771087,0.0005060237457014086,-0.0006772202988091195,24.434237250701422,14.951207623288825,17.83549086564563,77.90314997649214,78.87478451653229,0.0068468223285593766,59.83239416269402,-32.58110014104402,0.3090058228842941,0.691536179603654,0.6258978192561792,0.0015475977696951006,0.0004949849475774926,0.9659258262890683,0.25881904510252074,0.43388373911755823,-0.900968867902419,0,0,0,1,1698
2019-04-04 09:00:00,0.0019319591796943506,44.28122849772471,-0.0002647783443852081,0.0003299535635391291,-0.0005947319079243372,24.4970563530644,13.646652923367846,22.897274889864345,65.25622943112278,73.92258266729266,0.006783786553161253,-1.077726368983441,-52.46826516220234,0.11512923032985983,0.679750386966129,0.43145421124972644,0.001542417789367925,-0.0008786138482286265,0.7071067811865476,-0.7071067811865475,0.43388373911755823,-0.900968867902419,0,0,0,0,1697
2019-04-04 13:00:00,0.0019282478097161742,45.01983326579874,-0.0003215187410343656,0.0002185705335119773,-0.0005400892745463429,24.908208365255774,12.696282060147052,23.71048998658298,54.96003761165816,66.03980567309101,0.006416428913254002,-20.66878855751738,-50.070521861779184,0.02407125090267124,0.6810587277126492,0.47506401112468366,0.0015420764176984527,-0.0013020580737037601,-0.2588190451025208,-0.9659258262890683,0.43388373911755823,-0.900968867902419,1,0,1,0,1696
2019-04-04 17:00:00,0.0018869443947364605,46.01713133142213,-0.00034475957896695775,0.00015626375646350817,-0.0005010233354304659,25.090472044308857,12.804545497918914,22.498812163083958,50.16455101081183,56.79360601786424,0.006287576321512223,1.3294870186845602,-46.96755994358301,-0.014256183619639495,0.6959664543710175,0.5201985619745835,0.001541367081507205,-0.0008452267611407382,-0.9659258262890683,-0.25881904510252063,0.43388373911755823,-0.900968867902419,0,0,1,0,1695
2019-04-04 21:00:00,0.0018221626522552834,46.492245142790246,-0.0003510621206068709,0.00011996897185887601,-0.00047103109246574693,25.03416072964518,13.175045017123674,21.634500270033914,50.48225555982841,51.868948060766115,0.006161520591448699,15.236667915563089,-51.51515151515259,-0.18766064551705008,0.7207095362066585,0.5238577470964122,0.001538536435711575,-0.0004985419535830093,-0.7071067811865477,0.7071067811865474,0.43388373911755823,-0.900968867902419,0,0,1,0,1694
2019-04-05 01:00:00,0.0017341510342370552,48.727705457917615,-0.00031530414473368573,0.00012458155818564898,-0.0004398857029193347,24.98187165174319,12.854868729680685,21.10874464884697,50.041940954693835,50.22958250844468,0.006137077806158686,22.686719347440107,-51.39146567718289,-0.06675745680792798,0.757286980241469,0.5874194554713892,0.0015290783156045738,-0.00025932526396310607,0.25881904510252074,0.9659258262890683,-0.433883739117558,-0.9009688679024191,0,0,0,0,1693
2019-04-05 05:00:00,0.0016945688175058339,50.189280626974586,-0.00025976380301284685,0.00014409751992519034,-0.0004038613229380372,24.055554649036434,15.756207498740471,20.05882233113229,48.756779180057244,49.76032523152648,0.005996325541433922,41.3340336134397,-50.82304526749281,-0.1271732847169765,0.774975903270142,0.6192396902168221,0.0014859193113225108,0.00018768742382047066,0.9659258262890683,0.25881904510252074,-0.433883739117558,-0.9009688679024191,0,0,0,0,1692
2019-04-05 09:00:00,0.0017992424733982782,53.115842957814046,-0.00016462805034800354,0.00019138661807202692,-0.00035601466842003046,22.527801390312842,18.503807642660334,17.542450679350395,53.171294705683124,50.656671613478046,0.005790079792098446,53.02821431853049,-38.271604938274926,0.02670631070121576,0.7298905063749573,0.6996518254510922,0.0014735284083765153,0.0004824057632479839,0.7071067811865476,-0.7071067811865475,-0.433883739117558,-0.9009688679024191,0,1,0,1,1691
2019-04-05 13:00:00,0.001876439439584115,43.4672178974972,-0.0002589276395668083,7.766962308257777e-05,-0.0003365972626493861,21.275481148184213,16.47523294320291,18.20775866618263,42.86694101508749,48.265004966942605,0.005339402213625721,-24.479717813062834,-82.30452674896979,-0.26412678085480296,0.6998627146160722,0.2999776084905873,0.001472181270537006,-0.0007153866978120149,-0.2588190451025208,-0.9659258262890683,-0.433883739117558,-0.9009688679024191,1,0,1,0,1690
2019-04-05 17:00:00,0.001802408051042389,44.77967337945773,-0.00030911760103946584,2.198372928793619e-05,-0.00033110133032740203,20.112612351921914,15.926792219128009,17.601644240906353,35.156793313554225,43.73167634477494,0.00508716659830144,-64.63427543134969,-73.95348837209261,-0.2117192851360651,0.7286085962834589,0.3297677138607603,0.001458685623453618,-0.0011733557619868495,-0.9659258262890683,-0.25881904510252063,-0.433883739117558,-0.9009688679024191,1,0,1,0,1689
2019-04-07 21:00:00,0.0017315217616822166,45.04390296530636,-0.0003409289087341616,-7.862062725407632e-06,-0.00033306684600875396,18.691171219784415,17.085941806681298,17.01350214075896,23.800519782340157,33.941418036993944,0.0044192125994206855,-58.28517223813275,-72.34042553191713,-0.12286543563811311,0.7584369016096828,0.2918181170734726,0.0014216106116520832,-0.0008034873010278609,-0.7071067811865477,0.7071067811865474,-0.7818314824680299,0.6234898018587334,1,0,1,0,1688
2019-04-08 01:00:00,0.0017328416358477826,51.49289994919822,-0.0002590610853185904,5.920460855213087e-05,-0.00031826569387072127,18.141534435786642,19.686937953001056,15.786218744746504,37.287371488261,32.081561528051786,0.003918213368218737,-15.753992338376262,-41.843971631207275,0.11767118036674076,0.7578592139249356,0.5611247978332603,0.0013495493895492627,-6.147498361230852e-05,0.25881904510252074,0.9659258262890683,0.0,1.0,1,0,1,0,1687
2019-04-08 05:00:00,0.001721210090430089,52.78793723462503,-0.00016963118280988176,0.00011890760884867164,-0.0002885387916585534,17.998463721232753,20.437718195773424,14.757691382885803,50.197005516153126,37.094965595584746,0.0037865335069020567,15.552717468426073,-35.22458628841624,0.1274577963170974,0.7629806537282444,0.6147487534992396,0.0012584394571180369,0.0003850430150766915,0.9659258262890683,0.25881904510252074,0.0,1.0,1,0,1,0,1686
2019-04-08 09:00:00,0.0018382665125422275,63.27230191096165,0.000124134480783189,0.0003301386179533939,-0.0002060041371702049,19.399181420186828,28.29952190679824,12.83095991727561,72.59226763503976,53.35888154648461,0.00465987295952397,170.96179183134524,-5.154639175257225,0.35556426890995385,0.7143958675414498,1.1487301319709826,0.001302781213009186,0.002319972907203871,0.7071067811865476,-0.7071067811865475,0.0,1.0,0,0,1,0,1685
2019-04-08 13:00:00,0.0018241046187892171,65.07497512138625,0.00040074137413070865,0.0004853964090407309,-8.465503491002222e-05,21.122554435903975,30.51543428570942,12.006963700658991,82.98794674325184,68.59240663148155,0.005545512059215607,226.78611397717967,-10.656934306571053,0.40008554167482424,0.7199422590529341,1.1318622992040848,0.0013765237714315566,0.003477575074627648,-0.2588190451025208,-0.9659258262890683,0.0,1.0,0,0,0,0,1684
2019-04-08 17:00:00,0.0017688114317328443,62.96705708193523,0.0005825759330311264,0.0005337847743529188,4.8791158678207524e-05,22.712672449553313,29.2215385485103,11.538234422202363,89.32801565204294,81.63607667677816,0.006179293163373956,176.50496785506627,-16.204379562042924,0.32510332050735297,0.7424477117458776,0.9820939743816105,0.0014297629881108841,0.0028957690686575166,-0.9659258262890683,-0.25881904510252063,0.0,1.0,0,0,1,0,1683
2019-04-08 21:00:00,0.0017253249008947875,60.68307732899457,0.0006856933118501995,0.0005095217225375936,0.00017617158931260593,23.87155637766193,27.818201013206753,12.226123413083624,83.20309145556038,85.17301795028503,0.00651729115499089,138.31156239533257,-23.529411764704868,0.2617940909333908,0.7611609844145428,0.8825976069966808,0.001470398715767335,0.0023881075431646526,-0.7071067811865477,0.7071067811865474,0.0,1.0,1,0,1,0,1682
2019-04-09 01:00:00,0.0016778016936880211,62.90938055810768,0.0008089255224708047,0.000506203146526559,0.00030272237594424574,25.061177884180175,27.584592055270797,11.674394204108042,82.16303962998995,84.89804891253108,0.007059750420442157,135.56588856010643,-13.777089783282337,0.26343191264028853,0.7827206307756848,0.9193491021194632,0.0015641583373892732,0.002568125606378091,0.25881904510252074,0.9659258262890683,0.7818314824680298,0.6234898018587336,0,0,0,0,1681
2019-04-09 05:00:00,0.001728673001281726,67.4467649971812,0.0010111282456353177,0.0005667246957528576,0.0004444035498824601,26.65331178314259,29.446996047667646,10.521494918804512,87.51701610318828,84.29438239624619,0.008016858237423374,145.60197426404275,-0.1424501424479141,0.5831527699756565,0.7596867649499296,1.0266402217631236,0.0017289199434236862,0.003077208891201,0.9659258262890683,0.25881904510252074,0.7818314824680298,0.6234898018587336,0,1,0,1,1680
2019-04-09 09:00:00,0.0017194820726187487,66.71433839179662,0.0011484537040047371,0.0005632401232978216,0.0005852135807069155,28.2176370421141,28.36215136880737,9.822181688793458,93.79261071170909,87.82422214829576,0.00877933118175589,134.61136221023827,-4.702627939142512,0.5491419656786221,0.7637474219198676,0.9457059335147948,0.0018968605939278752,0.0031652988465717957,0.7071067811865476,-0.7071067811865475,0.7818314824680298,0.6234898018587336,0,1,0,1,1679
2019-04-09 13:00:00,0.0017138047817173998,61.4999824971712,0.001173555374191837,0.0004706734347879372,0.0007028819394038998,29.7543584133557,27.257094341488937,9.150810924354106,92.05926737791803,91.12296473093845,0.009129871850084736,109.47905067575158,-18.977119784655482,0.46710643608487556,0.7662774745464273,0.8121621033457953,0.002027757362102024,0.0027556749388459867,-0.2588190451025208,-0.9659258262890683,0.7818314824680298,0.6234898018587336,0,0,0,0,1678
2019-04-09 17:00:00,0.0016742472973090175,57.86126611373067,0.0011279962226382612,0.0003400914265874891,0.000787904796050772,30.421881123571925,25.908162816645856,11.343056589885862,82.86493828677375,89.57227212546695,0.00903812281389138,74.31009715594466,-27.725437415880716,0.29383219510458475,0.7843823323536249,0.717854972823981,0.00209354430998043,0.0018084209437383425,-0.9659258262890683,-0.25881904510252063,0.7818314824680298,0.6234898018587336,0,0,0,0,1677
2019-04-09 21:00:00,0.0016246582046440864,55.10630176609916,0.001038763312188662,0.00020068681291031181,0.0008380764992783501,30.552384490180955,24.79188408676834,12.700872056796264,72.82453152032723,82.58291239500632,0.00882300266343572,51.97455677357707,-34.823848238482135,0.22343484337306607,0.8083238654420197,0.6430352056029719,0.002130959385499807,0.0011945472682390879,-0.7071067811865477,0.7071067811865474,0.7818314824680298,0.6234898018587336,0,0,0,0,1676
2019-04-10 01:00:00,0.001568611190026648,56.3781765901918,0.000980147632352768,0.00011365690645953434,0.0008664907258932337,30.440859555414544,23.843584690038462,13.12578239111067,68.21498631665098,74.6348187079173,0.008619496736991472,44.25642876528506,-32.80575539568426,0.001775962349590106,0.8372055537724999,0.6567956971547824,0.002161451131632808,0.0010223168201133337,0.25881904510252074,0.9659258262890683,0.9749279121818236,-0.22252093395631434,0,0,0,0,1675
2019-04-10 05:00:00,0.0015594246764533079,59.803626092568045,0.0009876692776964457,9.694284144256952e-05,0.0008907264362538762,30.926054557074913,26.80553959846313,12.26002690134588,70.40643907638167,70.48198563778662,0.008479712023354402,63.26492946211082,-21.1510791366886,0.020412691368997073,0.8421375009832488,0.7270713904784629,0.0022119256216674094,0.0016121314745041193,0.9659258262890683,0.25881904510252074,0.9749279121818236,-0.22252093395631434,0,0,0,0,1674
2019-04-10 09:00:00,0.0017066086281352115,52.51201137021496,0.00087620994823423,-1.1613190415716993e-05,0.000887823138649947,32.12620259552261,29.398984935943005,10.402487558146243,65.68985280983527,68.10375940095595,0.008214980462486032,55.06722055067493,-48.97360703812134,-0.06392215701768103,0.7695085905167202,0.5546562468468786,0.0022015861605793646,0.0013819609565439706,0.7071067811865476,-0.7071067811865475,0.9749279121818236,-0.22252093395631434,0,0,0,0,1673
2019-04-10 13:00:00,0.0019339937261255579,60.112233211976516,0.0009328590781627621,3.6028751610252025e-05,0.0008968303265525101,30.985585632691212,24.08943024922874,17.387730924382677,68.8177956382974,68.30469584150477,0.008208316757961853,31.989070615679083,-23.421926910297863,0.14387722476819378,0.6790352948201559,0.7620512905905586,0.0021267571308897226,0.000780737413353938,-0.2588190451025208,-0.9659258262890683,0.9749279121818236,-0.22252093395631434,0,0,0,0,1672
2019-04-10 17:00:00,0.0019058513171165805,59.05742292730369,0.000950657010976963,4.306134753956218e-05,0.0009075956634374008,29.92644131006206,22.699060862269445,16.384163445375112,66.95342666835688,67.1536917054965,0.008201826869609352,67.83836502183715,-26.744186046510166,0.07012311488652202,0.689062146771688,0.7150130730672231,0.0020924070181728774,0.0016720117536188628,-0.9659258262890683,-0.25881904510252063,0.9749279121818236,-0.22252093395631434,0,0,0,0,1671
2019-04-10 21:00:00,0.0018168619373225463,59.96527332930907,0.0009729128613471527,5.225375832780153e-05,0.0009206591030193512,29.0162571495878,22.581850125455137,15.95903687915461,75.69213732004577,70.48778654223334,0.007440140858818722,85.39843390143088,-22.75747508305467,-0.036346551066906145,0.7228122143035789,0.7280870795596058,0.002074432226433356,0.0019553174799959994,-0.7071067811865477,0.7071067811865474,0.9749279121818236,-0.22252093395631434,0,0,0,0,1670
2019-04-11 01:00:00,0.0017428003703709358,61.4238039572022,0.0010095758454109482,7.113339391327756e-05,0.0009384424514976707,28.254374643702068,22.392752035462497,15.4488543272535,78.0177187153939,73.55442756793217,0.006581276167969108,98.80345816900622,-16.445182724253492,0.007979360055316779,0.7535286440870387,0.7681090954042467,0.002053951045034316,0.0019583587482627784,0.25881904510252074,0.9659258262890683,0.43388373911755823,-0.900968867902419,0,1,0,1,1669
2019-04-11 05:00:00,0.0017083146296301573,61.04563520564786,0.0010220089429493484,6.685319316134214e-05,0.0009551557497880063,27.96964399964881,24.014447801846003,14.634954554145619,81.1184939091918,78.27611664821048,0.005328277395096226,117.79889710195397,-17.441860465116456,0.07985519591140518,0.7687401238753735,0.7622798882967508,0.002050282569599451,0.0020470233817351247,0.9659258262890683,0.25881904510252074,0.43388373911755823,-0.900968867902419,0,1,0,1,1668
2019-04-11 09:00:00,0.0017962921560851577,50.31476133740486,0.0008661430342633558,-7.121017241972047e-05,0.0009373532066830763,26.068880151875298,21.206979082849454,20.638322304898775,72.20376522702053,77.1133259505354,0.004329032686305467,8.535613583414525,-49.50166112956852,-0.033736094958233556,0.7310893139243559,0.343267526681791,0.00199882952869121,0.0006167281778630684,0.7071067811865476,-0.7071067811865475,0.43388373911755823,-0.900968867902419,0,0,0,0,1667
2019-04-11 13:00:00,0.0018115570020790638,49.48954049139312,0.0007205940398884447,-0.00017340733343570525,0.00089400137332415,24.303885150371325,19.52626118155541,19.0026721910845,60.243632336655224,71.18863049095584,0.003203513071474706,-46.9827756099785,-52.32558139534935,-0.0035527764948342635,0.7249288863076495,0.19658310164074214,0.0018381451128193298,0.0002668565903005682,-0.2588190451025208,-0.9659258262890683,0.43388373911755823,-0.900968867902419,1,0,1,0,1666
2019-04-11 17:00:00,0.0017693029305019877,47.945288516464764,0.0005736186848666058,-0.0002563061507660354,0.0008299248356326412,22.92688815096564,18.56454108301037,20.52937271392614,46.89922480620087,59.782207456625535,0.003348334511231954,-144.23815879949046,-57.47508305647953,-0.056829785911538575,0.7422414654721698,0.12638141565502958,0.0015813880244266848,-0.00046595860358999985,-0.9659258262890683,-0.25881904510252063,0.43388373911755823,-0.900968867902419,1,0,1,0,1665
2019-04-11 21:00:00,0.001914352721180419,60.23136637672827,0.000679280515719638,-0.00012051545593040267,0.0007997959716500407,22.79758061821392,27.051361322860217,17.618593395980092,58.9660178322958,55.36962499171728,0.003626257023310764,93.39640140977126,-13.301282051283735,0.12422580702406837,0.6860021068584634,0.9184755769502418,0.0013151396315470344,0.0014818514180303666,-0.7071067811865477,0.7071067811865474,0.43388373911755823,-0.900968867902419,1,0,1,0,1664
2019-04-12 01:00:00,0.0019040418125246784,62.84889742314392,0.0008173428559525853,1.4037507442035712e-05,0.0008033053485105496,22.815939834876442,26.305545260468147,16.448716989389457,74.77188647737087,60.21237637195583,0.004111172582015765,179.19753836188423,-4.9079754601241365,0.31270821303246726,0.6897169964238792,1.0272218465071399,0.0011283209616476373,0.0023998366379212044,0.25881904510252074,0.9659258262890683,-0.433883739117558,-0.9009688679024191,0,0,0,0,1663
2019-04-12 05:00:00,0.001970181683058638,66.94209893537958,0.0010262823777198449,0.00017838162336743615,0.0008479007543524087,23.51927475387105,29.081043710729013,14.76106012141592,92.06225247751718,75.26671892906127,0.005025671696313516,233.49517979030105,-5.603985056040628,0.2633959452987741,0.6665628917842873,1.1602102565581007,0.001039933950226408,0.003232116373554028,0.9659258262890683,0.25881904510252074,-0.433883739117558,-0.9009688679024191,0,0,1,0,1662
2019-04-12 09:00:00,0.001959454419983032,70.74081000137308,0.0012987417480192498,0.0003606727949334728,0.000938068953085777,24.65762762956014,31.744777178767723,13.781737613979974,95.77839565141126,87.5375115354331,0.006509875267556087,281.96412344764707,-2.152852529601479,0.4151217867977095,0.6702120685263872,1.1996293804120537,0.0013438149302961696,0.004519147063669404,0.7071067811865476,-0.7071067811865475,-0.433883739117558,-0.9009688679024191,0,1,0,1,1661
2019-04-12 13:00:00,0.0020273505328413845,60.018039288257704,0.0013235034569658577,0.00030834760310406457,0.0010151558538617931,24.96779686825032,28.490096462173828,15.68059676432199,88.48077165224379,92.10713992705739,0.006821443835372865,174.85062178831078,-26.80084745762659,0.200422128021845,0.647766618908002,0.83453328284644,0.0015027372502252779,0.0032468152985760668,-0.2588190451025208,-0.9659258262890683,-0.433883739117558,-0.9009688679024191,1,0,1,0,1660
2019-04-12 17:00:00,0.0019382540662098572,60.54976454021967,0.001342179970163615,0.00026161929304145746,0.0010805606771221575,25.092539758995837,27.671160801471203,16.003757057196907,82.05074407205436,88.76997045856979,0.007149718595801602,110.75595748552134,-24.894067796608887,0.18262411347519264,0.6775427550465475,0.8293136601743497,0.0015631959706223354,0.002260270074690096,-0.9659258262890683,-0.25881904510252063,-0.433883739117558,-0.9009688679024191,0,0,1,0,1659
2019-04-14 21:00:00,0.0018526644900520076,61.677963462682634,0.001371032737254252,0.00023237764810567544,0.0011386550891485765,25.513004551793628,29.503399922943977,15.547164469836702,73.84944266300299,81.4603194624337,0.007499519984582648,119.22442722151527,-26.75675675675555,0.2207564232140099,0.7088439418208609,0.8406884714291847,0.0016341175222567494,0.0026222484687148384,-0.7071067811865477,0.7071067811865474,-0.7818314824680299,0.6234898018587334,0,0,1,0,1658
2019-04-15 01:00:00,0.0018110455979054273,63.17972889046178,0.0014171021959463737,0.0002227576854382377,0.001194344510508136,26.206227489515058,30.82586729982613,14.76841548560639,76.07134677050004,77.32384450185246,0.007815075431444551,119.57826645763424,-20.135135135135418,0.4360529657818288,0.7251335921739602,0.860649110136466,0.0017307481592875977,0.002835668591217644,0.25881904510252074,0.9659258262890683,0.0,1.0,0,0,0,0,1657
2019-04-15 05:00:00,0.0018131137694836156,65.85581605306918,0.001509639781007488,0.00025223621639948153,0.0012574035646080064,27.117958023083155,31.19147370753228,13.697886000802072,81.7567567567569,77.22584873008662,0.008175122262032541,122.26588081205828,-7.837837837838335,0.5320471825481365,0.7243064512019124,0.9196879129177338,0.0018656242560573754,0.0031178817705870276,0.9659258262890683,0.25881904510252074,0.0,1.0,0,1,0,1,1656
2019-04-15 09:00:00,0.001780748500234788,63.24472446259923,0.001526646267525411,0.0002153941623339237,0.0013112521051914874,27.964564947110674,29.489925805598595,12.950643039339718,85.90090090090126,81.24300147605273,0.008291640127211952,104.26719651812047,-14.324324324322435,0.5170897266176965,0.73747078816961,0.8246643557485555,0.001975615764516957,0.002782584562273316,0.7071067811865476,-0.7071067811865475,0.0,1.0,0,1,0,1,1655
2019-04-15 13:00:00,0.0017828378930751668,59.7375088957969,0.001469923186962152,0.00012693686541653164,0.0013429863215456204,27.968859983596854,27.351410499850054,15.376924688950613,84.86486486486542,84.17417417417452,0.008321742846255198,72.3263368315896,-23.24324324324295,0.20471826866835946,0.7366065109457665,0.7218886156559156,0.0020295328385436643,0.0019803777972915437,-0.2588190451025208,-0.9659258262890683,0.0,1.0,0,1,0,1,1654
2019-04-15 17:00:00,0.0017133494721412248,58.312862677972845,0.0013871923040484901,3.536478600229577e-05,0.0013518275180461944,27.97284823176259,26.42779597148622,14.857669894235395,78.51351351351434,83.09309309309367,0.007884847240068105,56.201697706826664,-26.89189189189157,0.11070078021909663,0.7664811069505811,0.6696925709861317,0.0020368190404638094,0.001579680906841352,-0.9659258262890683,-0.25881904510252063,0.0,1.0,0,0,0,0,1653
2019-04-15 21:00:00,0.001648110224131131,58.97624692036313,0.0013201274549958786,-2.5360050440252765e-05,0.0013454875054361313,27.987708810851863,25.59817753521726,14.342528554893532,75.09009009009043,79.48948948949005,0.007862751426773062,53.272632882078746,-24.594594594594177,0.003538100924332405,0.7968217057159109,0.6726494869693508,0.0020088858912857455,0.0015207731009607706,-0.7071067811865477,0.7071067811865474,0.0,1.0,0,1,0,1,1652
2019-04-16 01:00:00,0.0016289594938360455,58.21335186689898,0.0012421692119490846,-8.265463478963745e-05,0.001324823846738722,27.24568132266249,24.049183261253276,16.85102338639763,73.55212355212414,75.71857571857629,0.007739728935772128,34.517965286234706,-27.857142857141792,-0.14133526491529122,0.8061894755328878,0.6386999478803912,0.0019462997635970095,0.0010648445862173617,0.25881904510252074,0.9659258262890683,0.7818314824680298,0.6234898018587336,0,0,0,0,1651
2019-04-16 05:00:00,0.001619748101419189,58.70017354614061,0.001175709970679284,-0.00011929110084755068,0.0012950010715268346,27.031454061397888,25.809872605176817,15.736364391077371,69.43861772220104,72.6936104548052,0.007627543772357637,51.36047362614459,-39.2324093816609,0.06106843204588801,0.8107742178239677,0.6358235404370304,0.0019249977257160807,0.0014427236859864134,0.9659258262890683,0.25881904510252074,0.7818314824680298,0.6234898018587336,0,1,0,1,1650
2019-04-16 09:00:00,0.0017333375227463852,53.56791635321982,0.0010432338133234964,-0.0002014138065626705,0.001244647619886167,25.221697090739337,22.395745236304872,21.649245854138186,57.47127792190358,66.82067306540957,0.007497193874993258,3.793501566877587,-60.496613995486584,-0.029201989274920223,0.7576423995709861,0.5146054646346041,0.0018606979929542838,0.00040423912444076393,0.7071067811865476,-0.7071067811865475,0.7818314824680298,0.6234898018587336,0,0,0,1,1649
2019-04-16 13:00:00,0.0017923848425502075,46.709126929844295,0.0008230518232203998,-0.00033727663733261384,0.0011603284605530137,23.541208475127824,20.110955782138138,19.440613451139885,36.73441884418638,54.548104829430315,0.007422425210080519,-28.40651412080441,-90.0677200902934,-0.17780844457419454,0.7326830537863209,0.33502696688180195,0.0017466862979364608,-0.00018623333884781879,-0.2588190451025208,-0.9659258262890683,0.7818314824680298,0.6234898018587336,1,0,1,0,1648
2019-04-16 17:00:00,0.0017400716395109112,45.37191200298113,0.0006188288757242866,-0.0004331996678629817,0.0010520285435872683,21.94155776592402,19.23588453937928,18.799956320224055,17.682468021067628,37.29605492905251,0.006793678237835721,-69.54468863478577,-96.38826185101715,-0.24581756446079342,0.7547103062774589,0.2628677803685255,0.0016997238515555596,-0.0007478680050732045,-0.9659258262890683,-0.25881904510252063,0.7818314824680298,0.6234898018587336,1,0,1,0,1647
2019-04-16 21:00:00,0.001680780808117272,48.437766896403886,0.0004948498840879889,-0.00044574292759942354,0.0009405928116874125,20.38961167045736,18.491984746484714,18.412893006408797,10.546418717974865,21.65443519440961,0.005874720078374196,-80.02758173114718,-81.90476190476488,-0.2783103469602313,0.7813332908477447,0.29352207699816035,0.001671316123475795,-0.0006175052313339702,-0.7071067811865477,0.7071067811865474,0.7818314824680298,0.6234898018587336,1,0,1,0,1646
2019-04-17 01:00:00,0.0017071536075374746,56.51674848980966,0.0005244976839842153,-0.0003328761021625578,0.000857373786146773,20.153120680879866,23.767743626771527,16.833554388670187,26.442007954420898,18.223631564487782,0.004303268989879427,-20.0018207119045,-42.38095238095531,-0.08927387634243844,0.7692629381455189,0.5479867748183188,0.0016389604279138908,0.0005972285205060324,0.25881904510252074,0.9659258262890683,0.9749279121818236,-0.22252093395631434,0,0,0,0,1645
2019-04-17 05:00:00,0.0017337854927133751,61.55757737575895,0.0006446548185583545,-0.00017017517407073488,0.0008148299926290894,20.973905067260254,29.64106424949723,15.391054590413352,52.904016192604104,29.96414762166661,0.0041746166290170805,107.57481586258751,-17.002237136467524,0.08313507681149926,0.757446642343721,0.8195503009132694,0.0016602028279700195,0.002113450238865111,0.9659258262890683,0.25881904510252074,0.9749279121818236,-0.22252093395631434,0,1,0,1,1644
2019-04-17 09:00:00,0.0017456579575195635,54.914463803737426,0.0006317334303351796,-0.00014647724983512785,0.0007782106801703074,21.510022223173195,27.336651838633113,15.217439998214042,65.21678917651843,48.18760444118113,0.004044774900939352,47.4356594902253,-44.966442953021904,-0.0035385078112595324,0.7522951414067509,0.5058099648498354,0.0015571985909761006,0.0013525075530893549,0.7071067811865476,-0.7071067811865475,0.9749279121818236,-0.22252093395631434,0,1,0,1,1643
2019-04-17 13:00:00,0.0017395395319824514,51.42422273621045,0.0005561769759685475,-0.00017762696336140796,0.0007338039393299555,21.17018958333909,25.4733162827159,18.16317232252886,58.911260253540966,59.01068854088782,0.004086216342690019,-41.95481788843678,-61.29753914988771,-0.08314243005863672,0.754941164518041,0.33811429828397316,0.0013792438169111508,0.0003519069488420179,-0.2588190451025208,-0.9659258262890683,0.9749279121818236,-0.22252093395631434,0,1,0,1,1642
2019-04-17 17:00:00,0.0016752867082694158,51.60572601315171,0.0004938330077215447,-0.00019197674528672866,0.0006858097530082734,20.85463070349314,24.560995442695795,17.512662571587523,44.44444444444445,56.19083129150127,0.003786250916046452,-37.872391750090536,-60.402684563757056,-0.06811386515223337,0.7838956720169991,0.3671509070177669,0.0010305525053238573,0.00029922105960134004,-0.9659258262890683,-0.25881904510252063,0.9749279121818236,-0.22252093395631434,0,1,0,1,1641
2019-04-17 21:00:00,0.001597766229107321,52.41943280347266,0.00045292154533171924,-0.00018631056614124334,0.0006392321114729626,20.561611743636185,23.91317193549452,17.050746664554033,40.56674123788324,47.97414864528954,0.003787613496551767,-35.25440077166488,-56.599552572705505,-0.06280018043995404,0.821928750323956,0.41234586097492504,0.0008970434081201353,0.0002630167081665302,-0.7071067811865477,0.7071067811865474,0.9749279121818236,-0.22252093395631434,0,1,0,1,1640
2019-04-18 01:00:00,0.001565068641313935,50.53546266961228,0.0003877866782704409,-0.00020115634656201744,0.0005889430248324583,19.83541507166046,22.668999394028088,18.399941199268735,39.522744220731646,41.51130996768643,0.003833024393251616,-57.840819542946356,-64.42953020134252,-0.0194736795517413,0.8391005770184472,0.3292471080663331,0.0008598507412026145,2.77537151305296e-06,0.25881904510252074,0.9659258262890683,0.43388373911755823,-0.900968867902419,0,1,0,1,1639
2019-04-18 05:00:00,0.0018882780240772204,36.69710575052928,6.031307384035678e-05,-0.0004229039607936813,0.0004832170346340381,20.491472538944812,17.44677331785423,31.713066915202575,33.6437383309007,37.91107459650518,0.005205944294674136,-236.53218435825914,-78.03970223324988,-0.2055972067138014,0.6954749159048069,-0.2391550470366136,0.0010854744356493242,-0.002371046658207865,0.9659258262890683,0.25881904510252074,0.43388373911755823,-0.900968867902419,0,1,0,1,1638
2019-04-18 09:00:00,0.0019169724509288406,31.216819139051044,-0.0003588792153721432,-0.000673677000004945,0.00031479778463280183,21.30237780531508,15.958075014349443,30.870111093125097,20.11150196105409,31.092661504228797,0.007218714289902284,-304.13547400146274,-97.19626168224535,-0.3607708263158844,0.6850646180980244,-0.2668263041997811,0.001503415515620063,-0.004275896258884915,0.7071067811865476,-0.7071067811865475,0.43388373911755823,-0.900968867902419,0,0,0,0,1637
2019-04-18 13:00:00,0.001957902990148201,28.756351574444032,-0.0007693702771156552,-0.0008673344493987656,9.796417228311044e-05,22.41110823406935,14.50843341216915,31.422211385204132,8.535972647014457,20.76373764632307,0.008946349199490555,-255.6039946820088,-99.1561181434614,-0.5041287167310463,0.6707431402924592,-0.1900580183424542,0.0019293516751803747,-0.004767957891507413,-0.2588190451025208,-0.9659258262890683,0.43388373911755823,-0.900968867902419,1,0,1,0,1636
2019-04-18 17:00:00,0.0018766242051376023,31.294287365922198,-0.0010447194533862447,-0.0009141469005354841,-0.00013057255285076058,23.542509919791193,14.055609842613997,31.469172102552708,4.0192921948493,10.888922267639268,0.009987311149614264,-213.20656828000216,-91.58974358974537,-0.608666418953589,0.6997938086936839,-0.03157450693876475,0.002317887138122391,-0.004920121260187038,-0.9659258262890683,-0.25881904510252063,0.43388373911755823,-0.900968867902419,1,0,1,0,1635
2019-04-18 21:00:00,0.0018240081904849267,34.24620878257522,-0.0012046685863231765,-0.0008592768267779328,-0.00034539175954524377,24.06300725692192,15.895224262912892,30.064304656387463,7.768473439358028,6.774579427073914,0.010636153439998797,-157.23617927134154,-85.94871794871916,-0.6733649691153434,0.7199803196337964,0.08396613729177041,0.0025625633451284288,-0.004069578226038706,-0.7071067811865477,0.7071067811865474,0.43388373911755823,-0.900968867902419,0,0,1,0,1634
2019-04-19 01:00:00,0.0017637218911645736,33.73536066213016,-0.0013306154159880013,-0.0007881789251542059,-0.0005424364908337954,24.411112096313957,15.912342293030939,28.87108857368777,11.555555555554681,7.781107063253988,0.011189426973674088,-127.19766736915246,-87.79487179487145,-0.5794511580176431,0.7445901797663065,0.11789821676668032,0.002734229877570834,-0.003652011967955948,0.25881904510252074,0.9659258262890683,-0.433883739117558,-0.9009688679024191,1,0,1,0,1633
2019-04-19 05:00:00,0.001707027470367098,38.30536850067455,-0.0013479171723809191,-0.000644384545237699,-0.0007035326271432202,24.274210735108305,17.526050861422647,27.699253891025204,15.658119658119121,11.660716217677262,0.01132941587193148,-93.3256063648592,-79.28205128205204,-0.44172973929978754,0.7693197811969507,0.22205098342257118,0.0027988747703182283,-0.002771051010519221,0.9659258262890683,0.25881904510252074,-0.433883739117558,-0.9009688679024191,0,0,0,0,1632
2019-04-19 09:00:00,0.0016200969367694397,37.698164798045426,-0.0013604707744279132,-0.0005255505178277545,-0.0008349202566001587,24.1470880425602,17.14742427048987,27.100849027598432,17.26495726495664,14.826210826210135,0.011409154219273354,-80.07955121431455,-81.12820512820662,-0.4611884676327274,0.8105996438822303,0.23442378446587026,0.002831643055786504,-0.002481900263010983,0.7071067811865476,-0.7071067811865475,-0.433883739117558,-0.9009688679024191,0,0,1,0,1631
2019-04-19 13:00:00,0.0015429471555716216,38.10904213661736,-0.0013492182315937296,-0.0004114383799948566,-0.0009377798515988729,23.97307339780375,16.99652524519289,26.42336732725738,20.027768607166497,17.65028184341407,0.011324203459809112,-70.16092246655168,-79.50643776824188,-0.46996973076311643,0.8511308992390444,0.2651931979642292,0.002862854545977408,-0.002240414908636801,-0.2588190451025208,-0.9659258262890683,-0.433883739117558,-0.9009688679024191,0,0,0,0,1630
2019-04-19 17:00:00,0.0014820223587450828,40.231496773965425,-0.0012971062025177726,-0.0002874610807351197,-0.001009645121782653,23.722569105821652,16.86506383836703,25.544639334475566,22.410729392100297,19.901151754741132,0.011246566587147733,-60.278481012657664,-72.13316892725064,-0.40814158351851715,0.886120234455847,0.3161661175453697,0.0028762089245799737,-0.001944648382612657,-0.9659258262890683,-0.25881904510252063,-0.433883739117558,-0.9009688679024191,0,0,0,0,1629
2019-04-21 21:00:00,0.0014611636188347217,37.72375227975785,-0.0012917522628994593,-0.000225685712893445,-0.0010660665500060143,23.780249977187385,15.88397560992861,26.209563362765756,23.103850038949123,21.847449346071958,0.011398673607009524,-62.22277910036373,-79.04884318766014,-0.16250777018026802,0.8987699824112217,0.2815535310644674,0.002879616600759127,-0.0020988098453369464,-0.7071067811865477,0.7071067811865474,-0.7818314824680299,0.6234898018587334,0,0,1,0,1628
2019-04-22 01:00:00,0.0014189376460608076,36.071072403693044,-0.0013071387516554456,-0.000192857761319545,-0.0011142809903359006,23.95249478305644,15.188331492000938,25.967817104874882,21.414050803169783,22.309543411406384,0.011596885788828004,-64.92820142671447,-84.5758354755799,-0.020461359168019118,0.925516356300636,0.26674772441012995,0.002893215396435327,-0.0022713050577098937,0.25881904510252074,0.9659258262890683,0.0,1.0,1,0,1,0,1627
2019-04-22 05:00:00,0.0013932992427707542,41.11094192447896,-0.001242075302656298,-0.000102235449856318,-0.00113983985279998,23.726057789783553,16.10600783833994,24.55668110242862,20.60839760068476,21.70876614760121,0.011538905320658266,-49.89000954633764,-74.5501285347057,0.14514822037596242,0.9425469846581084,0.3507657397173473,0.0028386229360671516,-0.001700133986426211,0.9659258262890683,0.25881904510252074,0.0,1.0,0,0,0,0,1626
2019-04-22 09:00:00,0.0013580635825728362,43.152842756453424,-0.0011506201753472833,-8.624258037842657e-06,-0.0011419959173094407,22.767006530802714,19.025321655966696,23.39425851381519,23.52185089974132,21.848099767865275,0.010988502172684989,-30.234135056444977,-70.30848329049047,0.13262599469495945,0.9670018523816555,0.3978477701182581,0.0027947618359828283,-0.000984523267512527,0.7071067811865476,-0.7071067811865475,0.0,1.0,0,0,0,0,1625
2019-04-22 13:00:00,0.0013574876123890593,48.35397275028446,-0.0009948576661980013,0.00011771060088915162,-0.001112568267087153,21.18545319498094,21.46237708425262,21.7324570303028,48.1756210117125,30.768623170712846,0.009733489405094886,-6.825268983745457,-10.614525139666364,0.16280993941335026,0.9674121428546923,0.5058560704828156,0.0027527513648256366,-0.0003292280727782426,-0.2588190451025208,-0.9659258262890683,0.0,1.0,0,1,0,1,1624
2019-04-22 17:00:00,0.0012983813543612636,48.03489849737384,-0.0008662704277913047,0.00019703827143667876,-0.0010633086992279835,19.71686795457501,20.836594626268994,21.09879980188588,68.92882959218231,46.87543383454536,0.008774308861618785,10.007025164816257,-12.290502793296266,0.1735137876725035,1.011451678344573,0.5258709835247466,0.002723860514622553,-7.59564936225754e-05,-0.9659258262890683,-0.25881904510252063,0.0,1.0,0,1,0,1,1623
2019-04-22 21:00:00,0.0013206398290497526,41.668540813532104,-0.0008585593956742521,0.00016379944284298522,-0.0010223588385172373,19.3821222220486,19.022164734551083,25.751897837429578,76.25698324022243,64.4538112813724,0.007962356435067708,-15.543290889865961,-48.3240223463701,-0.015115679405331699,0.9944043569736422,0.39889927604162834,0.0026987743348951595,-0.0008702799741329148,-0.7071067811865477,0.7071067811865474,0.0,1.0,0,0,0,0,1622
2019-04-23 01:00:00,0.0013005941269747811,44.89970428261199,-0.0008004546338087337,0.00017752336376680288,-0.0009779779975755366,19.071286898988365,17.935680438444265,24.28103303388309,67.56274238463669,70.91618507234712,0.006865452934734506,-7.21836233977155,-36.697247706423575,0.04802219692657806,1.0097308397467983,0.49395524222588927,0.002601644949120727,-0.0008129242428689398,0.25881904510252074,0.9659258262890683,0.7818314824680298,0.6234898018587336,0,0,0,0,1621
2019-04-23 05:00:00,0.0013255516893337202,45.02346199892953,-0.000744213528258042,0.0001870115754539957,-0.0009312251037120377,18.419575205863328,18.119222738172336,22.12216348392865,58.32624331573595,67.38198964686501,0.005271151297300936,9.763476347633885,-39.999999999998494,0.04357298474946436,0.9907195702493475,0.5416417567282986,0.002336966787992224,-0.0007264236367727772,0.9659258262890683,0.25881904510252074,0.7818314824680298,0.6234898018587336,0,0,0,0,1620
2019-04-23 09:00:00,0.0015487265686670148,32.319881045309465,-0.0009509281774333633,-1.5762458977060462e-05,-0.0009351657184563029,19.523898019156327,14.400474389130665,29.158191644232318,41.83675260411385,55.908579434828816,0.00389295723056593,-138.1074168797947,-97.79249448123642,-0.2764690194683924,0.847954717487872,-0.1793036356105819,0.0021296593514844395,-0.0023457764124976688,0.7071067811865476,-0.7071067811865475,0.7818314824680298,0.6234898018587336,0,0,0,0,1619
2019-04-23 13:00:00,0.0016245318137622282,31.12670215200529,-0.0011347538635113619,-0.00015967051604404722,-0.0009750833474673146,21.577342292201276,12.747899877806077,36.54041174808062,30.92234880276384,43.695114907537864,0.0044168817053438225,-305.49525201953816,-69.44045911047361,-0.25705568946961665,0.8083867541865275,-0.13811987461421837,0.002115885321206461,-0.004344647632831267,-0.2588190451025208,-0.9659258262890683,0.7818314824680298,0.6234898018587336,0,0,1,0,1618
2019-04-23 17:00:00,0.0016406366842077926,39.46253859659376,-0.0011525688156979186,-0.00014198837458448302,-0.0010105804411134356,22.59836638387418,15.857162533208067,33.597313830030785,27.89987151916689,33.55299097534817,0.004582113049565351,-151.89139011369468,-49.06743185078935,-0.09253986332573408,0.8004514421997846,0.20864970253697224,0.0019383018781291717,-0.0027458758222047575,-0.9659258262890683,-0.25881904510252063,0.7818314824680298,0.6234898018587336,0,1,0,1,1617
2019-04-23 21:00:00,0.0016020197781929416,36.11444941859416,-0.0012339615125311898,-0.00017870485713420347,-0.0010552566553969863,23.537267802943187,15.124030921549245,31.94952584406379,39.31133428981344,32.71118487058138,0.004928342520462259,-135.98742312850283,-63.55810616929676,-0.25164055414272274,0.8197464337683332,0.03635527755778902,0.001687940078021836,-0.002599805756428486,-0.7071067811865477,0.7071067811865474,0.7818314824680298,0.6234898018587336,0,1,0,1,1616
2019-04-24 01:00:00,0.0015740183654648695,35.567462288411235,-0.0012972297335540617,-0.00019357846252566037,-0.0011036512710284013,24.771331816754515,14.293577849672339,34.00709276611216,40.45911047345772,35.890105427479334,0.005354640604092076,-154.49326377101684,-65.99713055954075,-0.2960131561402581,0.8343295280497859,0.058700541322220176,0.0014029856592759318,-0.002925421295914221,0.25881904510252074,0.9659258262890683,0.9749279121818236,-0.22252093395631434,0,1,0,1,1615
2019-04-24 05:00:00,0.0016380170536459482,36.89941239283842,-0.0013144657502124346,-0.00016865158334722656,-0.001145814166865208,26.435212174152095,12.754036173346293,36.36196450166232,35.868005738880576,38.5461501673839,0.005670731522386063,-149.855202512542,-62.840746054520814,-0.3552902721523488,0.801731579702988,0.1412279452891668,0.0013936688857234224,-0.0030839209255748568,0.9659258262890683,0.25881904510252074,0.9749279121818236,-0.22252093395631434,0,1,0,1,1614
2019-04-24 09:00:00,0.0016703015498140896,32.09304116943996,-0.0014310527632614978,-0.00022819087711703164,-0.0012028618861444661,27.600048934867633,13.281916235272508,33.11205921116765,29.029172644666996,35.11876295233508,0.006446343459588277,-129.01519010333104,-84.07460545193749,-0.48144397662065236,0.7862352759872427,-0.01827831094395726,0.0014978265453565408,-0.0029353405848620007,0.7071067811865476,-0.7071067811865475,0.9749279121818236,-0.22252093395631434,0,1,0,1,1613
2019-04-24 13:00:00,0.001934565724827376,22.587575219809406,-0.0018602756052426006,-0.0005259309752785074,-0.0013343446299640932,29.969481998046277,10.648475810298466,43.64185846039072,18.57705044302701,27.824742942191516,0.009284355874208838,-222.82519009355917,-97.3534971644607,-0.7621232736618349,0.678834522469989,-0.2910080246278617,0.0019574603769391325,-0.005895980004739787,-0.2588190451025208,-0.9659258262890683,0.9749279121818236,-0.22252093395631434,0,1,0,1,1612
2019-04-24 17:00:00,0.001972811030196863,21.895471429979562,-0.002210461300752309,-0.0007008933366305726,-0.0015095679641217363,32.45863616064748,9.696182181386966,45.42338488022236,10.058945218402588,19.22172276869885,0.011412662441294241,-232.13188298918533,-88.39506172839407,-0.8479849247124391,0.6656745019663406,-0.1426195497961514,0.0025601502973775898,-0.007411501604360549,-0.9659258262890683,-0.25881904510252063,0.9749279121818236,-0.22252093395631434,0,1,0,1,1611
2019-04-24 21:00:00,0.0019333245280399424,21.571913323860276,-0.0024755872866843998,-0.0007728154580501306,-0.0017027718286342691,34.769993597348595,9.187488533370043,43.04032452432754,8.072830725995566,12.23627546247504,0.013031098035043431,-190.48753900267542,-90.03294892915855,-0.8675247102325242,0.6792703350903063,-0.04258666314886751,0.0030156149179576945,-0.006913648142678586,-0.7071067811865477,0.7071067811865474,0.9749279121818236,-0.22252093395631434,0,0,0,0,1610
2019-04-25 01:00:00,0.001905229918894239,24.515041475169507,-0.002616006936213111,-0.0007305880860630737,-0.0018854188501500374,36.836086138527484,8.994458499479112,40.55535635816305,11.885498794900395,10.005758246432835,0.01399705911964677,-156.55104821552814,-85.91549295774622,-0.5366423305609905,0.6892868870976929,0.06247952175865459,0.0033544539934660805,-0.006191889624598046,0.25881904510252074,0.9659258262890683,0.43388373911755823,-0.900968867902419,0,1,0,1,1609
2019-04-25 05:00:00,0.001966999210401789,22.59554955175247,-0.0027783755284511713,-0.0007143653426409072,-0.002064010185810264,38.9535894665033,8.089721044149616,40.17993543935367,11.310993679332121,10.423107733409346,0.015123237087305785,-144.80341843325814,-90.1185770750989,-0.5921275571171216,0.6676413457897368,0.058460932573431414,0.0036622899658492933,-0.006260805121296453,0.9659258262890683,0.25881904510252074,0.43388373911755823,-0.900968867902419,0,0,0,1,1608
2019-04-25 09:00:00,0.002042927838230239,19.920970407250557,-0.0030047512001081245,-0.0007525928114382884,-0.002252158388669836,41.208177038789486,7.232692843702878,41.83214384389632,11.010493624570183,11.402328699600886,0.016575531243336883,-150.0677983085184,-90.93444909344437,-0.8639116494478127,0.6428274045830473,0.030603279872093794,0.004032565104314235,-0.007219674044926183,0.7071067811865476,-0.7071067811865475,0.43388373911755823,-0.900968867902419,0,0,0,0,1607
2019-04-25 13:00:00,0.0020748615640709435,23.37534862062566,-0.0031016010716331532,-0.0006795541463706536,-0.0024220469252624996,42.723030315077985,8.850377183051076,38.24629228035059,10.6857183808252,11.002401894909156,0.017327768581060887,-113.92019133713988,-86.88981868898115,-0.7229517111045793,0.6329337931458725,0.11602095683155,0.004256249170915065,-0.005899966787998867,-0.2588190451025208,-0.9659258262890683,0.43388373911755823,-0.900968867902419,0,0,0,0,1606
2019-04-25 17:00:00,0.0020102285952087414,22.809010350181346,-0.0031668640641768775,-0.0005958537111315021,-0.0025710103530453754,44.18555006675076,8.482439593094139,37.6156546215889,12.140852058005978,11.279021354467107,0.017794109025145666,-109.2230852139566,-85.75317604355655,-0.735543232110705,0.6532839116556456,0.1412014790413059,0.004468272151358424,-0.006093436111625827,-0.9659258262890683,-0.25881904510252063,0.43388373911755823,-0.900968867902419,0,0,0,0,1605
2019-04-25 21:00:00,0.0019744979812652526,22.066116602737186,-0.0032138152513361273,-0.0005142439186326016,-0.0026995713327035258,45.603314164045806,8.019085511373014,36.57381155377865,12.658021719523468,11.8281973861182,0.01781015844956846,-99.43610901712317,-89.3829401088919,-0.7906653355202109,0.6651057699023187,0.15519677899616052,0.004647658958700103,-0.005796094556028919,-0.7071067811865477,0.7071067811865474,0.43388373911755823,-0.900968867902419,0,0,0,0,1604
2019-04-26 01:00:00,0.0019356052683177376,25.83796794255011,-0.003167707887983928,-0.00037450924422432206,-0.002793198643759606,46.71860015857906,8.333963308381916,34.64379324381904,13.581367211132239,12.793413662887213,0.017331421061145047,-84.52307818323332,-84.11978221415485,-0.6078403370345231,0.6784699450324211,0.2144204169676472,0.00476714641517654,-0.005007340324880261,0.25881904510252074,0.9659258262890683,-0.433883739117558,-0.9009688679024191,0,0,0,0,1603
2019-04-26 05:00:00,0.0019244906062950344,30.227015436916183,-0.003039644194326341,-0.00019715644045338772,-0.002842487753872953,47.14890926191445,10.010308398770935,32.355026106750444,16.566011750903726,14.26846689385313,0.016790520539836873,-69.45411128275519,-76.7992424242421,-0.14965230482472403,0.6823883658898316,0.2774041614056916,0.004798158914153616,-0.004131419765556643,0.9659258262890683,0.25881904510252074,-0.433883739117558,-0.9009688679024191,0,0,0,0,1602
2019-04-26 09:00:00,0.0021277412772739723,33.72679943388455,-0.0028584017654571525,-1.2731209267359718e-05,-0.002845670556189793,48.04083477166055,8.407362066763525,33.25022508591556,23.949610834820163,18.03232993228536,0.01569009674918087,-64.49760302749924,-67.23214285714259,-0.05827087890415242,0.6172037991773675,0.33123112353413453,0.004755418563773546,-0.0038162395176455366,0.7071067811865476,-0.7071067811865475,-0.433883739117558,-0.9009688679024191,1,0,1,0,1601
2019-04-26 13:00:00,0.002201474043182978,41.80284324524419,-0.00256496793354577,0.00022456209811521884,-0.0027895300316609886,47.563423201886394,12.379789289467453,29.841122521955423,34.013347763347994,24.84299011635728,0.014087700167118467,-21.870837305856845,-53.92857142857136,0.09325012552900884,0.5965321299456483,0.4487496190694559,0.004558900919817892,-0.0016464070229007532,-0.2588190451025208,-0.9659258262890683,-0.433883739117558,-0.9009688679024191,0,0,0,1,1600
2019-04-26 17:00:00,0.0022177973258127605,37.83710539292851,-0.002400768003318454,0.00031100962267402747,-0.0027117776259924817,47.140809256190316,11.410910083339541,27.698909262680928,39.714618080734866,32.55919222630099,0.013475120184941236,-30.824749452385326,-59.69543147208148,-0.057359491651502906,0.5921415743067193,0.38282108223683475,0.004311536288747018,-0.0021402944610686703,-0.9659258262890683,-0.25881904510252063,-0.433883739117558,-0.9009688679024191,1,0,1,0,1599
2019-04-28 21:00:00,0.0020936689453975657,37.13569825992247,-0.0022623120123617113,0.0003595724909046163,-0.0026218845032663276,46.7483820209011,11.224046155440426,27.245314681219565,48.76005015132686,40.82933866513656,0.01284674884936221,-35.40153014600412,-40.09584664536662,0.01525019287008661,0.6272481630330662,0.38514603832444055,0.004082313307984449,-0.0023094709041830974,-0.7071067811865477,0.7071067811865474,-0.7818314824680299,0.6234898018587334,1,0,1,0,1598
2019-04-29 01:00:00,0.002050549735012025,42.124884882154355,-0.00205227028711219,0.0004556913729233101,-0.0025079616600355,45.65748383555305,13.463033588591045,25.831215881208227,58.429531362341756,48.96806653146782,0.011420012434256499,-16.926998393315465,-24.920127795526636,0.24795615847633598,0.6404380140490954,0.48436954416403133,0.0037807807473703094,-0.0016463132318484952,0.25881904510252074,0.9659258262890683,0.0,1.0,0,0,0,0,1597
2019-04-29 05:00:00,0.001984081896796881,45.36881357400613,-0.0018116704136306172,0.0005570329971239063,-0.0023687034107545235,44.048363435254274,15.476249822653646,24.789677588946777,73.53567625133111,60.241752588333235,0.010150243346765286,18.518518518518412,-14.376996805113428,0.2550104159183925,0.6618930408669733,0.5733972550754081,0.0033928888853054853,-0.0007632748399672984,0.9659258262890683,0.25881904510252074,0.0,1.0,0,0,0,0,1596
2019-04-29 09:00:00,0.0019902189041685336,41.77721707707526,-0.0016775061775566869,0.0005529577865582697,-0.0022304639641149565,43.0670270740073,14.326489825837148,26.788214651314163,77.10330138445109,69.68950299937464,0.008617852168524287,5.063673808727223,-29.39297124600668,0.1984964567035258,0.659852038009178,0.512416086735728,0.0031140803808614352,-0.001355412852769744,0.7071067811865476,-0.7071067811865475,0.0,1.0,1,0,1,0,1595
2019-04-29 13:00:00,0.002100203268156498,52.71338874952158,-0.001349856064648991,0.0007044863195727726,-0.0020543423842217636,40.79594710321846,18.796379985909645,23.57211786565996,84.03449483119489,78.22449082232568,0.006850808711278411,100.91415830546597,-4.126547455295215,0.46362435645166117,0.6252966176710769,0.9149145188246907,0.002979238786686403,0.00020355350878498157,-0.2588190451025208,-0.9659258262890683,0.0,1.0,1,0,1,0,1594
2019-04-29 17:00:00,0.0020244744632881718,54.72464210235963,-0.0010330947959646952,0.0008169980706056548,-0.00185009286657035,38.49270590176673,19.129862116917817,22.707166667395217,88.69455196729102,83.27744939431231,0.005958139306740495,190.99045787409435,-0.39682539682506235,0.4615868169368167,0.6486868685253783,1.0850819896165163,0.002746107386298488,0.001300469228081802,-0.9659258262890683,-0.25881904510252063,0.0,1.0,0,0,0,0,1593
2019-04-29 21:00:00,0.001941297715910451,55.84427074763168,-0.0007484175080101352,0.0008813402868481719,-0.0016297577948583071,36.06909072841605,20.069893047555805,21.988642765503887,97.9074137276557,90.21215350871385,0.006799818821007886,203.0209212871863,-1.7543859649126192,0.4262957146062403,0.6764804744974924,1.0356025058708986,0.0025087920600869898,0.0016042983565021096,-0.7071067811865477,0.7071067811865474,0.0,1.0,0,0,0,0,1592
2019-04-30 01:00:00,0.0019004907362025684,55.18060471578834,-0.0005280188635101712,0.0008813911450785087,-0.00140941000858868,34.03017784367706,19.03648501579308,22.13430286631862,97.44243874854119,94.68146814782928,0.007455189870053225,164.753133667484,-5.521472392638726,0.3614900926598655,0.6910057360363918,0.9470711085962235,0.002297718447618062,0.0013808878213150688,0.25881904510252074,0.9659258262890683,0.7818314824680298,0.6234898018587336,0,0,0,0,1591
2019-04-30 05:00:00,0.001994741397902385,61.543766112481414,-0.00020493708946012212,0.0009635783353028463,-0.0011685154247629685,32.049033036518715,22.212783541164022,19.58214765231107,97.0911214801253,97.48032465210737,0.00869076084117859,172.14568271724167,-1.4507772020728171,0.38967321198223415,0.6583560161637881,1.0607679337933615,0.0021741616001481334,0.0021781501289430683,0.9659258262890683,0.25881904510252074,0.7818314824680298,0.6234898018587336,1,0,1,0,1590
2019-04-30 09:00:00,0.0020222598694807897,65.34892755655294,0.00015422882570104157,0.001058195400371208,-0.0009039665746701666,31.252118223562295,27.409712601727655,17.935986765111313,95.2724833253675,96.6020145180113,0.010221587156531875,199.2860071057715,-7.210300429185946,0.6133813994780839,0.6493972509760448,1.073638898754885,0.002253795867712291,0.0038868314519608926,0.7071067811865476,-0.7071067811865475,0.7818314824680298,0.6234898018587336,0,0,0,0,1589
2019-04-30 13:00:00,0.002102098450232172,63.88274097225254,0.0004115328466882673,0.0010523995370867471,-0.0006408666903984798,30.059128638378297,24.485203062906614,18.264943818087495,93.65198121511237,95.33852867353505,0.011224761200069988,155.97403502484408,-10.382978723404113,0.6081208348655952,0.6247328710294013,0.9664687209530454,0.0025057319153639207,0.0033182849358037725,-0.2588190451025208,-0.9659258262890683,0.7818314824680298,0.6234898018587336,1,0,1,0,1588
2019-04-30 17:00:00,0.0020398057037870213,63.22800208848824,0.0005988618335392992,0.0009917828191502232,-0.00039292098561092404,28.951352594993157,23.430592822632153,17.478248411106208,89.00736848759773,92.64394434269252,0.011621744275220891,140.9077263175065,-15.384615384616762,0.5117129388991344,0.6438113186770058,0.9037689944705654,0.002761217580029493,0.0033932221409391783,-0.9659258262890683,-0.25881904510252063,0.7818314824680298,0.6234898018587336,1,0,1,0,1587
2019-04-30 21:00:00,0.0019462481535165283,64.11907936934145,0.0007603433835392526,0.0009226114953201413,-0.00016226811178088874,27.760065448668122,22.80285270012224,17.817394660380177,87.31589189893326,89.99174720054778,0.011996809409116072,117.11850482644627,-12.284730195179417,0.4764804929602687,0.6747597923867972,0.8796426070200938,0.002950882438520525,0.0029162977029972836,-0.7071067811865477,0.7071067811865474,0.7818314824680298,0.6234898018587336,1,0,1,0,1586
2019-05-01 01:00:00,0.0018500875711225018,63.688179917952965,0.0008726113399943891,0.0008279035614202222,4.470777857416684e-05,26.744010326560463,22.853749456134896,17.404656020209266,86.2422786014835,87.52184632933815,0.012038468174925043,106.18451183484768,-13.603818615753383,0.554868319618487,0.7098312644753422,0.8376260119593848,0.003117608850344231,0.0027933938867579222,0.25881904510252074,0.9659258262890683,0.9749279121818236,-0.22252093395631434,1,0,1,0,1585
2019-05-01 05:00:00,0.0018307956017566027,67.30510138447409,0.0010359824017185382,0.000793019698515497,0.00024296270320304112,26.389132275884,25.42449269694498,16.33176740884957,90.66376994877093,88.07398014972921,0.012007437028721313,110.96337334564969,-2.1201413427544114,0.42123903302835913,0.7173110961922616,0.8865104592178189,0.0032840814978197575,0.0032231223758172334,0.9659258262890683,0.25881904510252074,0.9749279121818236,-0.22252093395631434,0,0,1,0,1584
2019-05-01 09:00:00,0.0018278816302025568,64.7726100303802,0.0011210624939330671,0.0007024798325840208,0.00041858266134904635,26.55646360069434,27.43658602562581,15.189388666046915,89.32658124839827,88.7442099328842,0.011754845128657987,111.14692452323851,-16.296296296297395,0.33610741134719946,0.7184546188882439,0.8237813819189377,0.0033700565394374385,0.0033762059190851623,0.7071067811865476,-0.7071067811865475,0.9749279121818236,-0.22252093395631434,0,0,1,0,1583
2019-05-01 13:00:00,0.0018873186566166675,70.21861065788511,0.0013153439052813187,0.0007174089951458179,0.0005979349101355009,27.17341936343627,28.49699750537243,13.660243687571135,91.34366036633241,90.4446705211672,0.011981102453395565,121.6159609965835,-7.552581261951008,0.4655942806076798,0.6958284417927701,0.9229994710180889,0.0035144004535056757,0.003998509445558129,-0.2588190451025208,-0.9659258262890683,0.9749279121818236,-0.22252093395631434,0,0,0,0,1582
2019-05-01 17:00:00,0.002307510181144053,49.02506520661016,0.0010880106075594753,0.0003920605579391795,0.0006959500496202958,25.247930097685195,21.64292867190778,21.549387227594814,72.33773046908946,84.3359906946067,0.011311281978572563,60.05024055860527,-59.13793103448324,0.0697138158482744,0.56911991579985,0.5227648820432392,0.00344327845019851,0.0016300953565802079,-0.9659258262890683,-0.25881904510252063,0.9749279121818236,-0.22252093395631434,0,0,0,0,1581
2019-05-01 21:00:00,0.002224830882490905,52.346607353899415,0.0009756781309107065,0.00022378246503232857,0.000751895665878378,23.459975779487767,20.843851307403057,20.753763501547564,55.77207390343279,73.15115491295154,0.010996704051614348,20.949109157647865,-65.9932659932674,-0.004461616711440969,0.5902695842345079,0.5929824059282399,0.0032777630107070346,0.0002484877280535258,-0.7071067811865477,0.7071067811865474,0.9749279121818236,-0.22252093395631434,0,0,0,0,1580
2019-05-02 01:00:00,0.0021316286765987,52.886376659703785,0.0008893130494231904,0.0001099339068358499,0.0007793791425873406,21.961834417928394,21.13952250319747,20.113962226888596,36.89042403601742,55.00007613617987,0.010237304332626262,24.367779023775764,-64.19753086419713,-0.10606344198149704,0.6160782196341377,0.5879137681910876,0.0031081448635549985,0.0005199420431429846,0.25881904510252074,0.9659258262890683,0.43388373911755823,-0.900968867902419,0,0,0,0,1579
2019-05-02 05:00:00,0.0021793694854130878,53.136475711867476,0.0008170975234782496,3.017470471272719e-05,0.0007869228187655224,21.125825561266375,22.444268710676933,18.268110721532032,35.46576879910116,42.70942224618378,0.009186025038003365,19.90238432872687,-63.411896745232,-0.07488700086478206,0.6025825399455295,0.5732634624024717,0.0029406784958901436,0.0005304800130248033,0.9659258262890683,0.25881904510252074,0.43388373911755823,-0.900968867902419,0,1,0,1,1578
2019-05-02 09:00:00,0.002148700236455004,48.39380273595348,0.0006554802592935172,-0.00010515404757760428,0.0007606343068711214,20.34953162293736,21.138580024449052,17.205368789712445,31.836887392442282,34.73102674252028,0.008313933124510786,-3.156166344020649,-76.87991021324403,-0.1711886016922637,0.6111834390480837,0.4138193693322293,0.002725772682206197,7.404161198265591e-05,0.7071067811865476,-0.7071067811865475,0.43388373911755823,-0.900968867902419,0,1,0,1,1577
2019-05-02 13:00:00,0.0022109359338510766,42.177495371455855,0.0003746065593279724,-0.0003088221980345193,0.0006834287573624917,19.595146746192526,19.07615314849441,23.21574473847647,22.089110942156722,29.797255711233376,0.007902342943636231,-80.7555724495504,-93.44086021505383,-0.35923126292519236,0.5939792193401735,0.16832621430196476,0.002635535368540689,-0.001566415050309189,-0.2588190451025208,-0.9659258262890683,0.43388373911755823,-0.900968867902419,0,0,0,1,1576
2019-05-02 17:00:00,0.002124440510004579,40.56128759155232,0.00010800059429127984,-0.00046034253045696956,0.0005683431247482494,18.952434706615364,18.43476904697075,22.805023331359557,10.56611938610452,21.497372573567826,0.007172775195058101,-131.11296629905817,-97.98087141338861,-0.4002603029141342,0.618162755706993,0.0488496555378515,0.002518352919912296,-0.0022905685129515074,-0.9659258262890683,-0.25881904510252063,0.43388373911755823,-0.900968867902419,0,0,0,0,1575
2019-05-02 21:00:00,0.002024123330718541,42.70270142676798,-6.381890075779495e-05,-0.0005057296204048355,0.0004419107196470406,18.372407025282868,17.96638166053375,22.33146322635284,5.331174202949056,12.662134843736752,0.0072777235450955935,-131.71162742345274,-92.58474576271041,-0.4524242100388277,0.6487993987667792,0.1238521588464512,0.0023587002070526424,-0.0020643896985819143,-0.7071067811865477,0.7071067811865474,0.43388373911755823,-0.900968867902419,0,0,0,1,1574
2019-05-03 01:00:00,0.001954543092810074,39.83687473107557,-0.00026870518433463886,-0.0005684927231853436,0.00029978753885070476,18.03168489485942,17.27697315913164,22.717083624985953,3.6560417183967626,6.517778435816766,0.007793979984503263,-140.91707940564987,-98.46625766871071,-0.497126820793792,0.6718961607093156,0.04625236310182202,0.0022496984902836284,-0.002279505189362041,0.25881904510252074,0.9659258262890683,-0.433883739117558,-0.9009688679024191,0,0,0,0,1573
2019-05-03 05:00:00,0.0019235043004664947,38.88945513369102,-0.00045009808247242766,-0.0005999084970585059,0.00014981041458607825,18.212257058694693,16.30178134031315,24.739806752798465,5.294776425702389,4.760664115682721,0.008408467161072242,-147.5173381280774,-93.06466729147174,-0.6795883331405937,0.6827382708120311,0.058183444278781166,0.0022301102996383523,-0.002590878107546546,0.9659258262890683,0.25881904510252074,-0.433883739117558,-0.9009688679024191,0,0,0,0,1572
2019-05-03 09:00:00,0.002010396850433168,37.14529239831368,-0.0006309603464551561,-0.0006246166088329874,-6.34373762216863e-06,19.422481657932988,14.48310724556724,30.18709680839066,9.243158552050003,6.064658898716371,0.00912728743925717,-168.16949682474046,-80.73959938366758,-0.323318209424454,0.6532292366639163,0.048277620548408014,0.0022450456054642657,-0.00347227452560972,0.7071067811865476,-0.7071067811865475,-0.433883739117558,-0.9009688679024191,1,0,1,0,1571
2019-05-03 13:00:00,0.0021982256468307975,52.14736366463902,-0.0004806847943450432,-0.00037947284537829965,-0.00010121194896674354,18.354014907327457,23.444828024394795,25.635759512692662,24.319995340438993,12.952643439397114,0.009125962086203199,-57.86231669361302,-53.235747303543725,-0.09191340507931899,0.5974136467260878,0.44532083354209584,0.0021948289946377613,-0.000455959230227565,-0.2588190451025208,-0.9659258262890683,-0.433883739117558,-0.9009688679024191,0,0,0,0,1570
2019-05-03 17:00:00,0.0021483523863428874,54.84576452648324,-0.00029125882281344495,-0.00015203749907736114,-0.0001392213237360838,17.139911195244398,23.705252112746425,24.357250206361954,39.727786337955536,24.430313410148162,0.008969069293901732,-0.39584133747908307,-46.84129429892211,-0.03212048751763397,0.6112823987109157,0.5455454168781796,0.0021707328576712507,0.0010617175081903962,-0.9659258262890683,-0.25881904510252063,-0.433883739117558,-0.9009688679024191,0,1,0,1,1569
2019-05-05 21:00:00,0.0022156129301755412,48.24490820703347,-0.00028870276166692577,-0.00011958515034467355,-0.00016911761132225222,16.800429278801946,21.343789189108662,27.37918395615123,46.22496147919828,36.757581052530924,0.008916541706222691,-41.92278472271225,-61.24807395993936,-0.20520140964446348,0.5927253727915156,0.35369888427823365,0.0021747387353219915,-0.00025908655913164935,-0.7071067811865477,0.7071067811865474,-0.7818314824680299,0.6234898018587334,1,0,1,0,1568
2019-05-06 01:00:00,0.002147354863734434,50.24506666903149,-0.00023714228342774923,-5.4419737684397585e-05,-0.00018272254574335165,16.485196070676814,20.449227670907074,26.231666795541663,52.872311254180055,46.275019690444616,0.008793869455410608,-24.50257650800573,-33.293697978598416,-0.04644308489260715,0.6115663610979257,0.43148636069081503,0.0021677506021657547,0.0001112403655991745,0.25881904510252074,0.9659258262890683,0.0,1.0,0,0,0,0,1567
2019-05-06 05:00:00,0.0020782580877534,47.776662262387234,-0.00025147931861457806,-5.5005418296981125e-05,-0.00019647390031759694,16.19727818288221,19.619889981334204,25.202186283016683,54.53443115326516,51.210567962214476,0.008643350276298811,-29.843453081169546,-41.85493460166679,0.05367638507438061,0.6318993813803103,0.36683404429922345,0.0021813010603083513,-0.0001491255303154304,0.9659258262890683,0.25881904510252074,0.0,1.0,1,0,1,0,1566
2019-05-06 09:00:00,0.002105525367199579,47.60177096963279,-0.0002638347812979891,-5.388870478431374e-05,-0.00020994607651367536,15.391530282658406,20.933951926881903,23.09896576136209,60.80063416567435,56.06912552437317,0.008455327078166874,-20.745469052781342,-42.44946492271179,0.09666332521838482,0.6237160665257943,0.37812417065910003,0.002155606324748878,-1.1462154557051463e-05,0.7071067811865476,-0.7071067811865475,0.0,1.0,1,0,1,0,1565
2019-05-06 13:00:00,0.0021422735552567565,54.61524408196764,-0.00011415504657641407,7.663282394980905e-05,-0.00019078787052622312,14.449512719117843,20.172179330115,21.08110653931314,67.58782073045695,60.97429534979881,0.007900030126447355,16.788563829790434,-12.932138284250605,0.22902948754651226,0.6130169495756129,0.6336070854295001,0.0021266306995171434,0.000737721484474152,-0.2588190451025208,-0.9659258262890683,0.0,1.0,0,0,0,0,1564
2019-05-06 17:00:00,0.002065682587024124,53.32117113266462,-2.190847325800327e-05,0.00013510351781457588,-0.00015701199107257915,13.419310544533277,20.290292073304304,20.301122786216688,77.23260153307683,68.54035214306937,0.00738048534981095,50.54722735603623,-12.920592193807167,0.27935211797254933,0.635746270143034,0.6149653389694438,0.002083222586448612,0.0012061704323826916,-0.9659258262890683,-0.25881904510252063,0.0,1.0,0,0,1,0,1563
2019-05-06 21:00:00,0.0020117052593795538,53.465102144963076,5.380503544727411e-05,0.0001686536212158826,-0.00011484858576860851,12.922397640658565,19.346519815127483,22.019832711695006,87.25501177873701,77.35847801409025,0.005818286689289298,48.10509908705891,-12.382234185731244,0.30987757149126505,0.652804377717355,0.6886294125073498,0.0020427249204748163,0.0007355434644589209,-0.7071067811865477,0.7071067811865474,0.0,1.0,0,0,1,0,1562
2019-05-07 01:00:00,0.0019894405979953025,58.15473857144645,0.00022020388089516452,0.00026804197333101844,-4.783809243585392e-05,12.181213920996917,21.756059906156704,20.67581830283472,91.31319928762883,85.26693753314754,0.0061743919537691205,106.16671261833744,-0.7575757575751241,0.48027813121628926,0.6601101844022491,0.88230485166382,0.002010733676937272,0.0015844333206356254,0.25881904510252074,0.9659258262890683,0.7818314824680298,0.6234898018587336,0,1,0,1,1561
2019-05-07 05:00:00,0.002024480555281339,51.12640037024214,0.00021165364435571377,0.00020759338943325415,4.060254922459618e-06,11.39928109470491,19.852395975232014,20.348537546196713,87.04518412517807,88.53779839718129,0.006031273165656437,73.63293814906199,-25.72463768115949,0.007145472896315433,0.6486849165204749,0.6157301254359813,0.001922585437000259,0.0009148786549844079,0.9659258262890683,0.25881904510252074,0.7818314824680298,0.6234898018587336,0,0,0,0,1560
2019-05-07 09:00:00,0.002088446229904103,46.49091217282233,9.8041309239294e-05,7.51848434534675e-05,2.2856465785826497e-05,11.594877794546123,17.869753314946717,23.75442811208467,77.32396428048641,85.22744923109775,0.005816059146772634,4.051608842737595,-41.545893719806195,-0.18385962406954096,0.6288167639634666,0.41557857518139996,0.0017816421108622952,-0.00040031163741427456,0.7071067811865476,-0.7071067811865475,0.7818314824680298,0.6234898018587336,0,0,0,0,1559
2019-05-07 13:00:00,0.0021271286420538192,43.75162760635078,-5.9097030914445625e-05,-6.55627973602177e-05,6.465766445772073e-06,12.297897414427267,16.291587925726652,25.18243812737235,60.3462157809989,74.90512139555445,0.005621693339088463,-52.83662040419263,-51.69082125603769,-0.09208350096105354,0.6173815603046978,0.29285600801042055,0.00151721855837342,-0.0013588200397545158,-0.2588190451025208,-0.9659258262890683,0.7818314824680298,0.6234898018587336,1,0,1,0,1558
2019-05-07 17:00:00,0.0021409051676214105,50.11946920278919,-4.672282982798315e-05,-4.255087701900418e-05,-4.171952808978972e-06,12.898079561598859,15.264102500621508,23.23322066088444,55.325294483118036,64.3318248482011,0.005574124146334292,-4.710092207881289,-40.78740157480203,0.007148409925574331,0.613408767404232,0.5982217090303231,0.0014169539279972447,-0.0005938477699074518,-0.9659258262890683,-0.25881904510252063,0.7818314824680298,0.6234898018587336,0,0,1,0,1557
2019-05-07 21:00:00,0.0020336976556484506,50.37009269327393,-3.091144345179764e-05,-2.139159251425493e-05,-9.519850937542705e-06,13.35204042042518,15.37758243951245,22.710974847007048,52.767675723054424,56.1463953290571,0.005541485721244133,35.54704129417259,-49.218749999997044,0.07778900403252371,0.6457449544442073,0.5981686189165105,0.00138974991671436,7.006005168519458e-05,-0.7071067811865477,0.7071067811865474,0.7818314824680298,0.6234898018587336,0,0,0,0,1556
2019-05-08 01:00:00,0.001989147823102126,54.80673848071915,8.313920334956926e-05,7.412724342968958e-05,9.011959919879687e-06,12.880110883945717,18.83626415097718,21.561075587119895,61.85992864173384,56.650966282635416,0.00558720645750288,88.68638901365564,-24.41406249999941,0.1958224543080863,0.660207343440144,0.7954070182575043,0.0013707235650842256,0.0009476552475498057,0.25881904510252074,0.9659258262890683,0.9749279121818236,-0.22252093395631434,0,0,0,1,1555
2019-05-08 05:00:00,0.001962780121451971,51.78414467633889,0.00011012316647507348,8.088896524415502e-05,2.923420123091845e-05,12.027744682065395,19.909277582761863,20.289957934394938,62.3046875000018,58.977430621596675,0.005534899818313566,85.17677586765437,-39.45312499999816,-0.04820051413881614,0.669076472523331,0.6408336240198945,0.001350934839177447,0.0009331761610793521,0.9659258262890683,0.25881904510252074,0.9749279121818236,-0.22252093395631434,0,0,0,0,1554
2019-05-08 09:00:00,0.0019547243984911256,52.11654981783819,0.00013718897044556755,8.636381537171928e-05,5.082515507384827e-05,11.71234794173097,18.563374894143777,21.622391946557972,66.14583333333427,63.436816491689946,0.0052200302679943356,54.008438818563754,-37.69531249999966,-0.010714381378415879,0.6718338406241375,0.6378344498137237,0.0013384214435810083,0.0005027887348596494,0.7071067811865476,-0.7071067811865475,0.9749279121818236,-0.22252093395631434,0,0,0,0,1553
2019-05-08 13:00:00,0.002036529798598894,48.14490531664825,7.705888557385521e-05,2.0986984400005553e-05,5.6071901173849654e-05,11.802945555169952,16.54500934578251,21.481065578638646,55.20833333333493,61.219618055556985,0.004666141446504124,23.753092175992805,-57.22656249999745,-0.10356865441104701,0.6448469356566738,0.41524046055305464,0.0013424539428436597,0.00015283230273754889,-0.2588190451025208,-0.9659258262890683,0.9749279121818236,-0.22252093395631434,0,0,0,0,1552
2019-05-08 17:00:00,0.001979634812984681,49.55256414452072,5.61927634028514e-05,9.668978320139665e-08,5.609607361965e-05,11.88707191050615,15.804764173353918,20.51997484965319,51.4973958333352,57.61718750000145,0.003597454655557719,-37.609784125407174,-50.585937499997335,-0.19351156610604836,0.6633799281494865,0.4402355218938757,0.001309422159963645,-0.0003255276148148578,-0.9659258262890683,-0.25881904510252063,0.9749279121818236,-0.22252093395631434,0,0,0,0,1551
2019-05-08 21:00:00,0.0018960894692000593,49.425072912964424,3.681112622166971e-05,-1.5427957918384236e-05,5.2239084140053946e-05,11.681978797196704,16.603330356314213,19.893829757036748,47.005208333336135,51.23697916666874,0.0036001661071112245,-7.639812106714405,-51.171874999996824,-0.04376289442423924,0.6926097219210056,0.43764176615173217,0.001276862781543355,3.1714594370235716e-05,-0.7071067811865477,0.7071067811865474,0.9749279121818236,-0.22252093395631434,0,0,0,0,1550
2019-05-09 01:00:00,0.0018292259356857744,50.92092255919956,4.753136915680578e-05,-3.7661719865985375e-06,5.129754114340432e-05,11.801128401628198,15.98092824656658,20.905261615723816,51.17187500000262,49.891493055557966,0.003480227578591233,-19.154351846759198,-44.72656249999799,0.10282914267319865,0.7179266237047226,0.5433879671918282,0.0012114358138865721,-9.962257317952528e-05,0.25881904510252074,0.9659258262890683,0.43388373911755823,-0.900968867902419,0,0,0,0,1549
2019-05-09 05:00:00,0.0019114240831367892,48.00199537332047,5.1323416083715045e-06,-3.6932159628026256e-05,4.206450123639776e-05,12.68376659581897,14.201284076139059,23.248403156044507,49.02343750000301,49.06684027778058,0.0034303929802268485,-62.0618383934222,-57.03124999999617,0.12169804567256315,0.6870531828001555,0.35555590777613616,0.0010880007870621652,-0.000432052767325386,0.9659258262890683,0.25881904510252074,0.43388373911755823,-0.900968867902419,1,0,1,0,1548
2019-05-09 09:00:00,0.0018891795057698632,51.9564408441855,3.8863789066478915e-05,-2.5605697359350817e-06,4.1424358802414e-05,13.503359204710398,13.342178898754486,21.84199346730094,52.539062500002906,50.911458333336164,0.0034351710290452253,-2.533686513873834,-40.62499999999716,0.04556785589835781,0.6951430480741082,0.5916984910901559,0.0007266495893414988,0.00011157812072748463,0.7071067811865476,-0.7071067811865475,0.43388373911755823,-0.900968867902419,1,0,1,0,1547
2019-05-09 13:00:00,0.0021813809696434355,59.264401988134516,0.00021162929588891544,0.00013616394966920115,7.546534621971428e-05,14.084427923105029,27.265657914466342,17.56504614578683,53.387885071092256,51.65012835703271,0.0037850627470095155,230.28631921021233,-42.18009478672994,0.2037023801014793,0.6020268895142427,1.027732334577029,0.0008656878066064669,0.002421051871069002,-0.2588190451025208,-0.9659258262890683,0.43388373911755823,-0.900968867902419,1,0,1,0,1546
2019-05-09 17:00:00,0.0021577109003831836,59.51669309237858,0.00035015920242065235,0.00021975508496075043,0.00013040411745990192,14.6239917330429,25.595850370713695,16.489324934415052,58.61473143759971,54.84722633623161,0.004020177110378498,183.40188724896493,-41.35071090047384,0.09638124135468921,0.6086311191025556,0.9736109747713689,0.0009832372834876785,0.0021292343880503495,-0.9659258262890683,-0.25881904510252063,0.43388373911755823,-0.900968867902419,1,0,1,0,1545
2019-05-09 21:00:00,0.0021164458360701088,64.06996667567941,0.0005608004773109965,0.00034431708788087566,0.00021648338943012084,15.209079338701843,24.838467295369043,15.610049845950355,63.22339562287605,58.408670710522664,0.004895689532519398,193.09652968715025,-26.799007444168133,0.28398435406954586,0.6204978070397912,1.1336186106972352,0.0011243544489237692,0.002559962303672947,-0.7071067811865477,0.7071067811865474,0.43388373911755823,-0.900968867902419,0,0,0,0,1544
2019-05-10 01:00:00,0.002031699704922235,62.09082765952854,0.0006915216986376205,0.00038003064736599973,0.00031149105127162074,15.971210797438076,25.64357170270063,15.09966275051352,66.4877282937223,62.775285118066,0.005453261776114271,181.7367478132652,-32.38709677419116,0.24467125648514443,0.646379972797341,0.9806297785813985,0.001281382826696531,0.002729298652712542,0.25881904510252074,0.9659258262890683,-0.433883739117558,-0.9009688679024191,1,0,1,0,1543
2019-05-10 05:00:00,0.001995864011713506,63.84347793715234,0.0008267417814589173,0.0004122005841498372,0.0004145411973090801,16.07850058562067,24.23942992053551,17.02856299033129,71.66914805624575,67.12675732428134,0.006098960895008165,143.98367195472008,-25.8064516129035,0.37984752473476496,0.6579857105958524,0.9880339538553399,0.0013794593622599226,0.002379088093828585,0.9659258262890683,0.25881904510252074,-0.433883739117558,-0.9009688679024191,1,0,1,0,1542
2019-05-10 09:00:00,0.0020225880108768256,67.34974311274104,0.001011011170775289,0.000477175978772967,0.0005338351920023219,16.846794787751907,27.0488627101995,15.603313540826353,76.73118279570002,71.62935304855601,0.006996130073036788,166.2199470375773,-11.612903225805283,0.44763717264856095,0.6492918938200787,1.0623823397971954,0.0015435211264747779,0.0031087610463222948,0.7071067811865476,-0.7071067811865475,-0.433883739117558,-0.9009688679024191,0,0,0,0,1541
2019-05-10 13:00:00,0.0020252602958141914,64.12317388239902,0.0011015810778374213,0.00045419670866807954,0.0006473843691693418,17.86311424778794,27.517209662384992,14.469673514387202,80.46121255999886,76.28718113731486,0.007567618119253883,148.87248326728098,-21.197007481294648,0.40297360567558516,0.6484351679209954,0.9233168150820988,0.0017253015326315327,0.0032157934959495815,-0.2588190451025208,-0.9659258262890683,-0.433883739117558,-0.9009688679024191,0,0,0,0,1540
2019-05-10 17:00:00,0.0019641702746845987,63.443820300409705,0.001151211847441047,0.00040306198261736423,0.0007481498648236829,18.378495645834892,26.346408662377957,15.781404494313595,81.54050357976185,79.57763297848689,0.007759967783366406,104.20176647775935,-22.568578553614536,0.36355191110396673,0.6686029296573477,0.8650144020019667,0.0018282924935870892,0.002326796682940113,-0.9659258262890683,-0.25881904510252063,-0.433883739117558,-0.9009688679024191,0,0,0,0,1539
2019-05-12 21:00:00,0.0019145866836357062,60.916458061080945,0.00114506829829919,0.0003175347467804057,0.0008275335515187843,19.048926997639594,26.590402427816958,15.033671916569213,76.22610141313565,79.40927251763209,0.007438811464131945,95.71623602539516,-27.556109725683875,0.38431288431288163,0.6859182774144248,0.7889574511149218,0.0019162800912603307,0.0022326529483049917,-0.7071067811865477,0.7071067811865474,-0.7818314824680299,0.6234898018587334,1,0,1,0,1538
2019-05-13 01:00:00,0.0018278304919474358,59.69990762619734,0.0011120490697884566,0.00022761241461573788,0.0008844366551727188,19.448047347820346,25.86302637886278,15.638465012090977,73.31670822942762,77.02777107410836,0.007428641598496544,71.70003177629368,-29.925187032418744,0.2920372950380349,0.7184747195024723,0.7383342871674173,0.0019763525862469267,0.0016615073791070856,0.25881904510252074,0.9659258262890683,0.0,1.0,1,0,1,0,1537
2019-05-13 05:00:00,0.001795128313951197,59.745473665226406,0.0010743041007867937,0.00015189395649125984,0.0009224101442955339,19.364597024477412,24.453165118581076,16.8948536297917,70.90606816292708,73.48295926849677,0.007359211642488095,60.794426260292155,-29.800498753116177,0.12839259602697206,0.7315633037448166,0.7166672297877894,0.002019305610606997,0.0014120534554451503,0.9659258262890683,0.25881904510252074,0.0,1.0,1,0,1,0,1536
2019-05-13 09:00:00,0.0019126191486689766,69.87093214499734,0.001252659990021554,0.0002641998765808161,0.000988460113440738,20.522334083092233,30.98426568197755,14.724370868087274,78.1813257119378,74.13470070143082,0.008225330631588257,122.83294669361429,-5.730337078651715,0.3682141169548059,0.6866238900274069,0.9977307519138279,0.002126067672502705,0.0030992225123429584,0.7071067811865476,-0.7071067811865475,0.0,1.0,0,1,0,1,1535
2019-05-13 13:00:00,0.002031717780906917,57.4169563253335,0.0012018258862591669,0.00017069261825474304,0.0010311332680044238,21.637514559932075,27.436118532452998,12.871144984793286,76.25765387886203,75.11501591790896,0.008190330640393206,88.50660683121387,-35.69620253164605,0.052539716463639884,0.646374222021029,0.7070123996750727,0.0020846736509945595,0.0021919513780219724,-0.2588190451025208,-0.9659258262890683,0.0,1.0,0,1,0,1,1534
2019-05-13 17:00:00,0.0020037379394135563,51.43099859471018,0.0010414079885965322,8.219776473686628e-06,0.0010331882121228455,22.162442359069075,25.83214365600682,14.221882006251485,67.01180814280936,73.81692924453638,0.00798830420045249,29.009229312920823,-57.53803596127418,-0.03563125217129528,0.6554000771100612,0.5298561489416362,0.0020024012105373332,0.0006488619344469093,-0.9659258262890683,-0.25881904510252063,0.0,1.0,1,0,1,0,1533
2019-05-13 21:00:00,0.0019806138008840258,56.66006451254984,0.001018728348107567,-1.1567891212222814e-05,0.0010302962393197899,22.485096340504978,24.26704437348265,14.045430149028991,52.00649761678755,65.09198654615297,0.007580073614351424,39.24905600170985,-50.74626865671716,0.04718997079565332,0.6630520293324448,0.689905807415197,0.001953488806875615,0.0009342863130248347,-0.7071067811865477,0.7071067811865474,0.0,1.0,0,1,0,1,1532
2019-05-14 01:00:00,0.0019127128151065855,57.81491297366651,0.001016472466264462,-1.1059018444262289e-05,0.0010275314847087243,22.99857611983261,24.902079005259413,13.505180534553253,47.74773009678663,55.588678618794496,0.007202393768671822,62.18535743394931,-48.472505091648785,-0.020458629093945354,0.6865902657356429,0.7138872227037407,0.001958131812035492,0.0014207434079827053,0.25881904510252074,0.9659258262890683,0.7818314824680298,0.6234898018587336,0,1,0,1,1531
2019-05-14 05:00:00,0.0018796618997418259,58.822767064261406,0.0010262552087945132,-1.0210207313690167e-06,0.0010272762295258822,23.628371603797362,24.669969840214236,12.761030301327372,51.68272822538012,50.47898531298475,0.006705442267219919,67.41675814123859,-45.733041575493715,0.052505584280350306,0.6986628819684948,0.73495840202844,0.001959818950337767,0.0014512172686775848,0.9659258262890683,0.25881904510252074,0.7818314824680298,0.6234898018587336,0,1,0,1,1530
2019-05-14 09:00:00,0.002026828906903112,46.9510056979988,0.0007948741072578702,-0.00018592169781440947,0.0009807958050722797,22.15420055703426,21.244503415460393,20.01097414612219,41.015794885379414,46.815417735848705,0.006160447710923833,-48.01801216686008,-82.74706867671928,-0.19135264066644977,0.6479333285247925,0.27753240278791064,0.0019000737124618035,-0.0003454134461498004,0.7071067811865476,-0.7071067811865475,0.7818314824680298,0.6234898018587336,0,1,0,1,1529
2019-05-14 13:00:00,0.0019949125564100423,45.460238936394724,0.0005702322287632899,-0.00032845086104719187,0.0008986830898104818,20.785327442182812,20.04264925439256,18.87890379012434,27.19004700135576,39.96285670403841,0.005297973574777348,-132.30658043935813,-89.94974874371975,-0.1940917751384525,0.6582995308642838,0.14014543049510522,0.001827920814722954,-0.001161113703791239,-0.2588190451025208,-0.9659258262890683,0.7818314824680298,0.6234898018587336,0,1,0,1,1528
2019-05-14 17:00:00,0.0019624188023807604,43.555284578155046,0.00034385774015621706,-0.0004438602797234119,0.0007877180198796289,19.322580876764217,18.9191931321272,18.80343162884931,10.708777901654102,26.304873262796406,0.004975107636929987,-180.43978886872176,-95.17684887459869,-0.2261818894202074,0.6691996623793025,-0.0010946861721459165,0.0017242257883784108,-0.001414757940821243,-0.9659258262890683,-0.25881904510252063,0.7818314824680298,0.6234898018587336,0,0,0,0,1527
2019-05-14 21:00:00,0.0018779603164964206,43.306555513320966,0.00015699615802655664,-0.0005045774894824579,0.0006615736475090145,17.95013365026854,18.35790899721343,18.397722589221882,6.395500474404969,14.764775125804926,0.005331137214426018,-181.10824853731944,-95.68690095846668,-0.2333036509350015,0.6992959267904227,0.030306593267894876,0.0016557821392983278,-0.001580643972222573,-0.7071067811865477,0.7071067811865474,0.7818314824680298,0.6234898018587336,0,0,0,0,1526
2019-05-15 01:00:00,0.0017931060081752374,46.14542966453465,5.6668751423183394e-05,-0.000483923916868665,0.0005405926682918484,16.739053052153277,18.25167046889137,17.8920386559207,7.678004581737149,8.260760985932054,0.00548144907839454,-144.8683329871306,-86.1022364217232,-0.4246020466173968,0.7323883774927702,0.15857568441592695,0.0015557029260974448,-0.0011812591211111112,0.25881904510252074,0.9659258262890683,0.9749279121818236,-0.22252093395631434,0,1,0,1,1525
2019-05-15 05:00:00,0.0017993127218769976,48.41711631928115,1.650717928192158e-05,-0.0004192683912079415,0.0004357755704898631,16.17123648996664,19.747752002860068,16.556725921383155,14.429105073065491,9.500870043069185,0.005610249192240069,-112.27658765368437,-74.92354740061367,-0.18512749766366265,0.729862010106865,0.2670335211120834,0.0013938448125879424,-0.0008598250580891253,0.9659258262890683,0.25881904510252074,0.9749279121818236,-0.22252093395631434,0,1,0,1,1524
2019-05-15 09:00:00,0.0019322189560286405,37.6628967178491,-0.00026084456161834524,-0.0005572961056865667,0.00029645154406822145,15.881543158508803,17.075887833985362,21.783964890288644,15.249972370747594,12.452360675183392,0.006792412237122569,-176.29815745395717,-93.22429906542037,-0.340399746927931,0.679658998222008,-0.11480367419057187,0.0014134800477811314,-0.002428639053442039,0.7071067811865476,-0.7071067811865475,0.9749279121818236,-0.22252093395631434,1,0,1,0,1523
2019-05-15 13:00:00,0.0021199176020265877,47.00554930890994,-0.00029408772543937367,-0.0004724314156060761,0.00017834369016670243,14.861616159083004,17.855363934340414,18.436972272517878,21.715515352443408,17.13153093208548,0.0069681802501802,-100.75472894766673,-66.70560747663576,-0.26609709429093115,0.619481624542655,0.24412257777717777,0.0014784179809218907,-0.0011947479291665175,-0.2588190451025208,-0.9659258262890683,0.9749279121818236,-0.22252093395631434,0,0,1,0,1522
2019-05-15 17:00:00,0.0020449234875961103,45.36067728137905,-0.0003574652728723926,-0.000428647170431276,7.118189755888343e-05,13.91454108818762,17.188023583409745,17.74789443620574,22.468847352024813,19.81144502507192,0.00704081216898933,-93.1857273836352,-72.66355140186944,-0.34164005017838817,0.6422000666361254,0.20323025954262694,0.0015424360921264368,-0.0011973014281665417,-0.9659258262890683,-0.25881904510252063,0.9749279121818236,-0.22252093395631434,1,0,1,0,1521
2019-05-15 21:00:00,0.0019574289527678197,47.38244607393914,-0.0003615648866974741,-0.000346197427405086,-1.536745929238808e-05,12.927340165061715,17.1845868836562,17.216830700894356,34.654724818276605,26.279695840914922,0.007035319751011571,-69.55992081619787,-56.66666666666498,-0.32109438929802997,0.6709055764925999,0.29837448044972925,0.0015859124620940463,-0.0007795173139133471,-0.7071067811865477,0.7071067811865474,0.9749279121818236,-0.22252093395631434,0,0,1,0,1520
2019-05-16 01:00:00,0.0018747554561415563,48.641855173574314,-0.0003351293717548387,-0.00025580952996996046,-7.931984178487822e-05,12.02978405517578,16.813198655204072,16.692058846532653,39.617200037761215,32.24692406935419,0.006957952572342219,-57.110144263796585,-51.81818181818196,-0.03923561880812855,0.7004913604587163,0.3607348943636435,0.0016134581937756608,-0.0005883559288002438,0.25881904510252074,0.9659258262890683,0.43388373911755823,-0.900968867902419,0,0,0,0,1519
2019-05-16 05:00:00,0.001862272923560019,52.752182294263555,-0.000224444801680157,-0.00011609996791622303,-0.00010834483376393398,12.054750878029658,20.012728235843326,15.603661526089722,52.02020202020238,42.097375625413385,0.006868842988375867,-16.314779270633753,-35.454545454545915,0.09545049063335453,0.7051866476636101,0.5242398902233937,0.001615674106403392,0.0002008458788369527,0.9659258262890683,0.25881904510252074,0.43388373911755823,-0.900968867902419,0,1,0,1,1518
2019-05-16 09:00:00,0.0019921105718771538,41.80844127924482,-0.00039682076755687135,-0.0002307807470343499,-0.00016604002052252146,11.624922064484952,17.372067301097527,19.60439060061123,42.525252525252284,44.720884861071944,0.0072997345156484705,-83.5410276073737,-85.15151515151531,-0.14815475924851576,0.6592254559256379,0.10224580855975994,0.0016402782451416748,-0.0012504217914701687,0.7071067811865476,-0.7071067811865475,0.43388373911755823,-0.900968867902419,0,1,0,1,1517
2019-05-16 13:00:00,0.001997674102457358,39.01789427256406,-0.0006111116722458121,-0.0003560573213786325,-0.0002550543508671796,12.150416145917875,16.08627987786235,23.624026354527317,28.94243982602977,41.16263145716146,0.007957260583827175,-157.31496887903162,-92.56661991584951,-0.2356343383494864,0.6573895103233097,0.03620973435244287,0.0017640875121354336,-0.0029045213814857807,-0.2588190451025208,-0.9659258262890683,0.43388373911755823,-0.900968867902419,0,1,0,1,1516
2019-05-16 17:00:00,0.001952840237996109,38.46492005915494,-0.0007887913078596931,-0.00042698956559401077,-0.0003618017422656823,12.941480311125742,15.280193769321734,24.525097940085317,12.507196986676684,27.991629779319556,0.007601588255023106,-181.35145707021408,-84.76027397260515,-0.3077664186693942,0.6724820466356124,0.04101697132904365,0.0019393516553390462,-0.003300826337633511,-0.9659258262890683,-0.25881904510252063,0.43388373911755823,-0.900968867902419,0,1,0,1,1515
2019-05-16 21:00:00,0.0018712087924249569,38.464920059154935,-0.0009190099248468364,-0.00044576654606492326,-0.00047324337878191315,13.676039893104475,14.807735347057289,23.766790208286963,12.637610712980068,18.029082508562155,0.007806936402897424,-166.522461997821,-84.76027397260515,-0.3513246007472384,0.7018190622640881,0.09164519403324567,0.002055380277177102,-0.002944760230623178,-0.7071067811865477,0.7071067811865474,0.43388373911755823,-0.900968867902419,0,1,0,1,1514
2019-05-17 01:00:00,0.0017725510215374513,40.46849879492852,-0.0009762580159351497,-0.00040241170972258916,-0.0005738463062125606,14.265319404311196,14.918318892894373,23.29750179447965,17.69406392693917,14.279623875531954,0.00803306641319912,-132.52427382421385,-77.39726027397221,-0.03844812632444232,0.7408813535087587,0.18312225132144305,0.0021324104095280004,-0.0024178460788397693,0.25881904510252074,0.9659258262890683,-0.433883739117558,-0.9009688679024191,0,1,0,1,1513
2019-05-17 05:00:00,0.0017559402342847833,38.79194572376106,-0.0010522642637571522,-0.00038273436603567326,-0.000669529897721479,15.16823609194873,13.983768248073087,24.278736266291993,17.123287671231456,15.818320770383545,0.007914497836177148,-125.43995218040293,-86.4726027397283,-0.28822301143969326,0.7478899192345823,0.150704307813022,0.0022031338936561533,-0.002432951725866328,0.9659258262890683,0.25881904510252074,-0.433883739117558,-0.9009688679024191,0,1,0,1,1512
2019-05-17 09:00:00,0.0017776587889787238,39.90488350873808,-0.0010822718452274671,-0.0003301935580047905,-0.0007520782872226766,16.557403461690434,12.826284243604995,26.4077726474955,21.056470636923603,18.624607411698054,0.007395024002586403,-125.89511014115983,-72.96072507552871,-0.22318439494710055,0.7387525705956599,0.19878393914329953,0.0021433802098343646,-0.0026431155877966184,0.7071067811865476,-0.7071067811865475,-0.433883739117558,-0.9009688679024191,0,1,0,1,1511
2019-05-17 13:00:00,0.0018092545897659656,36.11209199072859,-0.0011875795304794323,-0.00034840099460540456,-0.0008391785358740278,18.00655487215049,11.70212945230233,25.356619338754083,17.989082851206867,18.722947053120624,0.006784524743768117,-130.8586260802868,-86.5994236311224,-0.3747758037602489,0.7258514127466572,0.05531151938519023,0.0021325813467631097,-0.0029407330074400218,-0.2588190451025208,-0.9659258262890683,-0.433883739117558,-0.9009688679024191,0,0,0,0,1510
2019-05-17 17:00:00,0.001762879261925543,34.1846551338844,-0.0013084037336767995,-0.0003753801582422173,-0.0009330235754345822,19.352195467577694,11.152117303028326,24.164832086897373,14.824811141971537,17.95678821003398,0.007246254480680836,-135.43251989854465,-95.96541786743428,-0.4611994754636435,0.7449460824478553,0.032655110439652434,0.0022212115878400152,-0.0032298743668448537,-0.9659258262890683,-0.25881904510252063,-0.433883739117558,-0.9009688679024191,0,0,0,0,1509
2019-05-19 21:00:00,0.0017112450289308565,37.500735121148324,-0.001340292739216986,-0.00032581533102592295,-0.0010144774081910632,20.412235158876225,11.335851448570102,23.11582871109739,10.075285391953939,14.296393128377426,0.007436901236319571,-104.7336385130162,-87.2093023255815,-0.5035336476333859,0.7674237048451712,0.1561067682988802,0.0022215672782023442,-0.0026157510841640086,-0.7071067811865477,0.7071067811865474,-0.7818314824680299,0.6234898018587334,0,0,0,0,1508
2019-05-20 01:00:00,0.0016932989554357964,34.36215621919884,-0.0014305728120564964,-0.0003328763230923467,-0.0010976964889641498,21.748351074110634,10.637706941035903,24.30753836971932,6.030961813595329,10.310352782506916,0.007920762336969478,-112.92490754141541,-98.73239436619824,-0.3021121032544033,0.7755570838712382,0.08141655323690054,0.0021713619693675967,-0.002930890997430824,0.25881904510252074,0.9659258262890683,0.0,1.0,0,0,1,0,1507
2019-05-20 05:00:00,0.0016837776014760972,35.114896117415604,-0.001474631868417564,-0.0003015483035627314,-0.0011730835648548327,23.115279684183108,9.933727694206457,23.674618005598564,6.732485823067779,7.612911009538997,0.008229792463892327,-104.29207054959821,-93.86084583901695,-0.19682573764918315,0.7799426710800339,0.1423360597591737,0.0020551963079021287,-0.002766953050969745,0.9659258262890683,0.25881904510252074,0.0,1.0,0,0,0,0,1506
2019-05-20 09:00:00,0.001663507772799238,40.01570713515309,-0.0014237421619376356,-0.00020052687766624233,-0.0012232152842713933,24.26294516163974,9.723018954341246,22.25144353099051,8.426173228548718,7.063206955070591,0.00808561661215279,-82.37651229097574,-82.1282401091387,-0.1011158537130863,0.7894462661813428,0.2706421057347028,0.002020749848887161,-0.0021775968068920015,0.7071067811865476,-0.7071067811865475,0.0,1.0,0,0,0,0,1505
2019-05-20 13:00:00,0.001676114360456424,42.412285863717344,-0.0013325466122802165,-8.746506240705858e-05,-0.001245081549873158,24.344145694114978,12.199394692986164,20.506648841262418,15.961800818555345,10.373486623390596,0.007605840913317952,-58.51630451646122,-76.12551159617836,-0.06174330890444618,0.7835085904534508,0.34446164290282727,0.0019931440258993283,-0.0015372557290074251,-0.2588190451025208,-0.9659258262890683,0.0,1.0,0,1,0,1,1504
2019-05-20 17:00:00,0.0015971061918524068,41.799166483027776,-0.0012578772031495156,-1.0236522621086003e-05,-0.0012476406805284296,24.41954618855627,11.88840119511759,19.98388237512182,26.644135270860858,17.010703105988288,0.0076842030164940844,-51.228084945173265,-61.8138424821004,-0.11359977101149453,0.8222684294253624,0.3375888823705835,0.0019657301821567087,-0.0013468086040198113,-0.9659258262890683,-0.25881904510252063,0.0,1.0,0,1,0,1,1503
2019-05-20 21:00:00,0.0015387414638629493,41.074451102149304,-0.0011986019999485897,3.923094446387182e-05,-0.0012378329444124616,24.226790189612434,12.386352063210058,19.260312003830787,34.95833905973534,25.854758383050495,0.007351363410870171,-47.171971605212256,-57.18562874251525,-0.0814368685286744,0.8534572121707426,0.33526865258637695,0.001939015466248343,-0.001232930582365066,-0.7071067811865477,0.7071067811865474,0.0,1.0,0,0,0,1,1502
2019-05-21 01:00:00,0.0014809742164441598,39.01744453576954,-0.0011767926299199871,4.8832251593979546e-05,-0.0012256248815139667,24.43423658217957,11.950247383613593,20.849033221037,36.481214182612874,32.694562837736335,0.007139551526438304,-66.24111162667602,-71.55688622754575,-0.14405225249408235,0.8867473757599454,0.29193370977167,0.0018984829470106784,-0.001585096135775954,0.25881904510252074,0.9659258262890683,0.7818314824680298,0.6234898018587336,0,0,0,0,1501
2019-05-21 05:00:00,0.0015051903438410006,34.04465933104783,-0.0012499984781322304,-1.9498877294611043e-05,-0.0012304996008376194,25.771407744469453,10.918130637564486,27.495309844114104,27.86967632431119,33.10307652221979,0.006918345466847331,-125.4310501288596,-87.64845605700546,-0.1549526633048814,0.8724810156892183,0.140231900542227,0.0018835419918000792,-0.002620555111580325,0.9659258262890683,0.25881904510252074,0.7818314824680298,0.6234898018587336,1,0,1,0,1500
2019-05-21 09:00:00,0.0015205338907094965,40.51365311769119,-0.0012109432483480287,1.5645081991672678e-05,-0.0012265883303397014,26.852386623606105,10.599671784862368,25.273724892894492,25.87058661773807,30.073825708220696,0.006095934382736257,-98.37790985636437,-63.18289786223461,-0.00448100948182552,0.8636769019250365,0.3034755749023842,0.0019140879313104024,-0.0019969107026542865,0.7071067811865476,-0.7071067811865475,0.7818314824680298,0.6234898018587336,0,0,0,0,1499
2019-05-21 13:00:00,0.0016904957556588193,42.058541113881255,-0.0011458037577951607,6.462765803563254e-05,-0.0012104314158307933,25.095630488927295,20.176798126152875,21.108948007080254,29.505490722572983,27.74858455487406,0.003947240048262302,-16.241170254158835,-60.65217391304101,-0.03493308969741589,0.7768431216724355,0.338874760028885,0.0018317423872371299,-0.0007822245131083871,-0.2588190451025208,-0.9659258262890683,0.7818314824680298,0.6234898018587336,0,0,0,0,1498
2019-05-21 17:00:00,0.0016518889159689025,42.73612713361367,-0.0010729360229428941,0.00010999631431031932,-0.0011829323372532135,23.464356935296973,19.173474095066496,20.05927131040932,39.30135288650197,31.559143408937658,0.003451382911036749,-56.977373039513466,-58.26086956521852,0.06544678638347311,0.7949989780213057,0.3859877300946207,0.0017519986286927305,-0.0012225798853930936,-0.9659258262890683,-0.25881904510252063,0.7818314824680298,0.6234898018587336,0,0,0,0,1497
2019-05-21 21:00:00,0.0015860397076854179,42.589843980486506,-0.0010060118885377722,0.00014153635897235298,-0.0011475482475101252,21.897953571803196,18.813339169482582,19.3997999786007,40.724637681159685,36.510493763411525,0.0032840121800306044,-32.2531306758423,-58.91304347826145,0.05109633002850274,0.8280057514552944,0.3958590951398733,0.0016137513869064425,-0.0009683734945618028,-0.7071067811865477,0.7071067811865474,0.7818314824680298,0.6234898018587336,0,0,0,0,1496
2019-05-22 01:00:00,0.0015598940142793165,39.89377847314327,-0.0009859885708296545,0.0001292477413443766,-0.0011152363121740311,20.894553266672933,17.762339478081255,20.78873335431375,37.318840579710574,39.11494371579072,0.003215021617124947,-69.24119643404859,-70.86956521738831,-0.07524184879970905,0.8418841203174512,0.25318983991482963,0.0014326064610484873,-0.0012405036149967241,0.25881904510252074,0.9659258262890683,0.9749279121818236,-0.22252093395631434,0,0,0,0,1495
2019-05-22 05:00:00,0.001556330156116501,42.80062131983404,-0.0009263578966045571,0.00015110273245557923,-0.0010774606290601364,20.34358590200345,16.53136982872046,21.55101251512837,36.086956521739516,38.04347826086991,0.0030412753901245537,-73.07511368983951,-61.95652173913169,-0.07789835607608506,0.8438119603599681,0.39954872189737545,0.0010517449556751907,-0.0012209966591305577,0.9659258262890683,0.25881904510252074,0.9749279121818236,-0.22252093395631434,0,0,0,0,1494
2019-05-22 09:00:00,0.0016030208592510398,47.71544650739381,-0.0008100505832189242,0.00021392803667296973,-0.001023978619891894,19.3677449015192,22.211078145094817,19.4287810783483,40.434782608697226,37.946859903382425,0.002658543962128501,79.64355332779505,-45.86956521738832,0.0017910073520969135,0.8192345049169067,0.6869444354052661,0.0007786728459785167,-0.00010518359306677105,0.7071067811865476,-0.7071067811865475,0.9749279121818236,-0.22252093395631434,0,1,0,1,1493
2019-05-22 13:00:00,0.0016178050835902417,42.45918917972359,-0.0007886696330370313,0.00018824718948389006,-0.0009769168225209214,18.08339512400067,20.436096021369767,21.01090290376218,41.59420289855186,39.371980676329514,0.0024414053327057594,-44.37434279705878,-67.39130434782442,-0.0716512019489048,0.8117479746605992,0.33308793728722214,0.0007125466338511213,-0.0009585022389548836,-0.2588190451025208,-0.9659258262890683,0.9749279121818236,-0.22252093395631434,0,1,0,1,1492
2019-05-22 17:00:00,0.0016008190061909341,39.43487078294726,-0.0008139846192698474,0.00013034576260085922,-0.0009443303818707067,16.970674230167813,19.177730664974852,20.163343626125858,35.14492753623413,39.05797101449439,0.0021724787682630975,-101.952751604521,-81.30434782608489,-0.08601842227875792,0.8203613243728348,0.07698090613118624,0.0007059952033492108,-0.001271288726505393,-0.9659258262890683,-0.25881904510252063,0.9749279121818236,-0.22252093395631434,0,0,0,1,1491
2019-05-22 21:00:00,0.0015350462200344399,40.92185603684633,-0.0008077899831928637,0.00010923231894227451,-0.0009170223021351382,15.937433400180158,18.57091520691324,19.5253417263032,24.85507246376878,33.86473429951824,0.002211026910408087,-110.1500583336951,-76.73913043478437,0.04933885928555792,0.855511699165994,0.20601895574393098,0.000689000171269399,-0.0012830522950515455,-0.7071067811865477,0.7071067811865474,0.9749279121818236,-0.22252093395631434,0,0,0,1,1490
2019-05-23 01:00:00,0.0014682572043176894,39.19464965724161,-0.0008216512799050779,7.629681778404816e-05,-0.0008979480976891261,15.2082852610356,18.028846444253677,20.2202761658845,19.202898550725205,26.40096618357602,0.002376161610359251,-137.64295172744508,-84.34782608695514,-0.07438809073553568,0.8944277583914717,0.09767046322433445,0.0006477432023099037,-0.0014717414447809052,0.25881904510252074,0.9659258262890683,0.43388373911755823,-0.900968867902419,0,0,0,1,1489
2019-05-23 05:00:00,0.0015190959754378596,34.8095838537721,-0.000900526640236432,-2.0628340378446965e-06,-0.0008984638061985873,15.83319312998882,16.1808072211161,26.376183554941452,18.237218196457025,20.765063070316987,0.002855514664387826,-227.17139852783313,-84.20138888888944,-0.18458285171547115,0.8644944238111569,-0.1315849196966771,0.0007006228538619455,-0.0022402687958651413,0.9659258262890683,0.25881904510252074,0.43388373911755823,-0.900968867902419,0,0,0,0,1488
2019-05-23 09:00:00,0.001514160548620866,33.20123193073714,-0.0009831722742255078,-6.776677442153626e-05,-0.0009154054998039715,16.489928507872623,15.074009582743972,25.13808753162822,14.11171292188394,17.18394322302204,0.0034297894976988985,-222.03808241404718,-89.11564625850363,-0.22936190800436287,0.8673122550948378,-0.11286560047207393,0.0008088127220965878,-0.002478113958862771,0.7071067811865476,-0.7071067811865475,0.43388373911755823,-0.900968867902419,0,0,0,0,1487
2019-05-23 13:00:00,0.0019510062237193776,58.10807058620047,-0.000664980992886699,0.00020033960553381808,-0.0008653205984205171,16.502400740309763,25.361203349279776,18.115937864355807,39.84082367514872,24.06325159782988,0.004085390556426205,-1.1230616388019186,-7.160493827160808,0.19084140452105666,0.6731142033449972,1.0930889511135062,0.0007934782476983229,-0.0003171981754868103,-0.2588190451025208,-0.9659258262890683,0.43388373911755823,-0.900968867902419,1,0,1,0,1486
2019-05-23 17:00:00,0.0018952200648822872,57.95824520076723,-0.0004105008608648042,0.0003638557900445704,-0.0007743566509093746,16.732382787781265,25.8258079733688,17.317099336161125,65.3976652389349,39.78340061198917,0.004568218470973662,208.32394260385078,-7.530864197530862,0.2375488543870181,0.6929274464396126,1.0040258066968333,0.0009297995559646435,0.001937644345218592,-0.9659258262890683,-0.25881904510252063,0.43388373911755823,-0.900968867902419,1,0,1,0,1485
2019-05-23 21:00:00,0.0018248472031049787,57.060410900294215,-0.0002200050211227378,0.0004434813038293095,-0.0006634863249520473,16.94593754614766,24.905907657653245,16.700274291886075,92.08010633131352,65.77286508179903,0.004873748044221138,174.00685539484078,-9.068322981367816,0.1854888572273463,0.719649293247952,0.9252374109608128,0.0010261663467861755,0.0016752994642672547,-0.7071067811865477,0.7071067811865474,0.43388373911755823,-0.900968867902419,1,0,1,0,1484
2019-05-24 01:00:00,0.0017330724028831934,57.39488955634498,-6.18671977221652e-05,0.00048129530178390566,-0.0005431624995060709,17.144238393202173,24.35159934564876,16.32859135705825,91.7754262198701,83.08439926337282,0.005192362082766966,156.00495253817945,-8.074534161491066,0.12626375692882766,0.7577583012776825,0.9007809869243657,0.0011129030960634987,0.0015627421737929303,0.25881904510252074,0.9659258262890683,-0.433883739117558,-0.9009688679024191,1,0,1,0,1483
2019-05-24 05:00:00,0.0017864243741058093,58.98613665845999,9.225066616935784e-05,0.000508330532540343,-0.0004160798663709851,18.446470989629493,30.813351178179637,14.70943894958224,87.22012943108246,90.35855399408867,0.005605909381943608,189.96660595019907,-21.196754563893805,0.24827017531279702,0.7351276768474144,0.9196464551455792,0.0012655924045917595,0.00231785613322244,0.9659258262890683,0.25881904510252074,-0.433883739117558,-0.9009688679024191,1,0,1,0,1482
2019-05-24 09:00:00,0.0018195369188125272,63.2954009393344,0.00029810083684056465,0.0005713445625692398,-0.0002732437257286752,19.414881323936356,28.09169949094915,14.470122263580253,86.82843452223494,88.60799672439582,0.006351836269818278,159.13384012900576,-10.243407707910324,0.402661692434613,0.7217495761817562,1.0126076714967147,0.0014013009756704184,0.002227494309231526,0.7071067811865476,-0.7071067811865475,-0.433883739117558,-0.9009688679024191,0,0,0,0,1481
2019-05-24 13:00:00,0.0018531414246116254,66.6814355501026,0.0005333612174309721,0.0006452839545277178,-0.00011192273709674574,20.744956965383775,29.38949606023704,13.192886463429168,87.84360806284849,87.29739067205527,0.007162786050036729,172.59612298607144,-5.029013539650418,0.4707295860269705,0.7086615098873126,1.0495068500587112,0.0016003596365449066,0.0029355614311594724,-0.2588190451025208,-0.9659258262890683,-0.433883739117558,-0.9009688679024191,0,0,0,0,1480
2019-05-24 17:00:00,0.0017714884657107942,67.05262646870403,0.0007203787666976158,0.0006658412030354893,5.453756366212656e-05,22.052177955667858,29.233592371752582,12.815199661368046,93.06967499803788,89.24723919437376,0.007930483970012503,167.3019729401374,-5.518553758325629,0.5121351821622582,0.7413257412732123,0.9794158861396535,0.0018275812267021915,0.0033232498499997654,-0.9659258262890683,-0.25881904510252063,-0.433883739117558,-0.9009688679024191,0,1,0,1,1479
2019-05-26 21:00:00,0.0017135250038743139,67.30226907896656,0.000864277088582277,0.0006477916199361203,0.00021648546864615667,23.084779662509185,28.06372955290044,13.05269706384918,94.65679703804068,91.856693366309,0.008571542451545344,138.35381887115554,-5.48204158790192,0.6059409140282085,0.7664025894169714,0.9243693618228728,0.0020136198088011436,0.0030451231953330105,-0.7071067811865477,0.7071067811865474,-0.7818314824680299,0.6234898018587334,0,1,0,1,1478
2019-05-27 01:00:00,0.001653273217883286,66.98991013550256,0.0009639777443199993,0.0005979938205390741,0.0003659839237809252,24.159425921226635,28.04578054006052,12.562075259664747,93.68372022038848,93.80339741882233,0.009071374537448218,123.98154428450107,-7.9482439926070185,0.6375832899297657,0.7943333175634312,0.8715533942608069,0.0021791053579683735,0.002964046673039622,0.25881904510252074,0.9659258262890683,0.0,1.0,0,1,0,1,1477
2019-05-27 05:00:00,0.0016758965594630532,57.0765390800333,0.000920222101444379,0.000443390542130763,0.000476831559313616,23.726789002602086,25.690956220080594,17.81524263116258,88.59163000674327,92.31071575505746,0.009158176892738012,78.46075351110301,-20.794824399261312,0.09389755329803937,0.7836104159201551,0.6988932973596831,0.0022102855558547583,0.001730256272529651,0.9659258262890683,0.25881904510252074,0.0,1.0,0,1,0,1,1476
2019-05-27 09:00:00,0.0016090468052156895,58.77796776064281,0.0009041717020239481,0.0003418721141682658,0.0005622995878556824,23.271990697083645,24.847009021863883,17.496363531713307,84.59642637091777,88.95725886601649,0.009170405443528207,61.65758992401961,-17.46765249537836,0.1287772421995965,0.8161664382559471,0.715584797441572,0.0022259599785667667,0.0012882357707273417,0.7071067811865476,-0.7071067811865475,0.0,1.0,0,1,0,1,1475
2019-05-27 13:00:00,0.0015855434619859938,55.42610858184514,0.0008406088910588583,0.00022264744256254073,0.0006179614484963175,22.470169032056877,23.414234333810693,18.379551227713506,79.85212569316094,84.34672735694066,0.009115694378307726,48.404948986866245,-22.181146025877506,0.09838646202283469,0.8282649018999901,0.6435436452448368,0.0022516341489400866,0.0009367769090691258,-0.2588190451025208,-0.9659258262890683,0.0,1.0,0,1,0,1,1474
2019-05-27 17:00:00,0.0015130046432727056,56.165090572488666,0.0007923974706041115,0.0001395488176862351,0.0006528486529178764,21.72562034310345,22.784167644533444,17.884965633867086,79.82131854590325,81.42329020332731,0.009138052308819589,41.88698292910599,-20.887245841034364,0.10374557292598736,0.867974864346334,0.6444509131038777,0.002254762855716645,0.0007790347563434441,-0.9659258262890683,-0.25881904510252063,0.0,1.0,0,1,0,1,1473
2019-05-27 21:00:00,0.001450647168753225,56.02220113861139,0.0007439993779900789,7.2920580057762e-05,0.0006710787979323169,21.326310507650106,23.986494698154466,17.321356200375792,66.35452927617298,75.34265783841238,0.008963294929809074,45.826608588001136,-57.86802030456924,0.06884281486646616,0.9052856051335263,0.625288748032269,0.0022621193686307153,0.0009283119758358716,-0.7071067811865477,0.7071067811865474,0.0,1.0,0,1,0,1,1472
2019-05-28 01:00:00,0.001461315228127998,48.977334381650344,0.0006138413353096173,-4.578997009815975e-05,0.000659631305407777,19.8602242624778,22.110572496686075,22.46769033108696,45.28670615659332,63.82085132622317,0.0085133333071572,9.529366005448217,-85.38461538461648,-0.1214752092321184,0.898676736355047,0.49019185588214853,0.00222842997671502,1.0713684435836868e-05,0.25881904510252074,0.9659258262890683,0.7818314824680298,0.6234898018587336,0,0,0,0,1471
2019-05-28 05:00:00,0.0014933641404045752,55.06291716345093,0.0005886310017531038,-5.680024292373871e-05,0.0006454312446768425,18.72563569883371,20.090627235128068,21.75437810779971,33.10554461074127,48.24892668116917,0.008085598060673771,14.557131017639724,-57.430730478590505,-0.11423063879916556,0.8793903405529884,0.5949836974626813,0.0021879383848950867,0.0002551899230140986,0.9659258262890683,0.25881904510252074,0.7818314824680298,0.6234898018587336,0,1,0,1,1470
2019-05-28 09:00:00,0.001505266701804248,52.86417263702577,0.000535048763191659,-8.830598518814689e-05,0.0006233547483798058,17.43597195490874,20.3112601247833,20.040763047536284,30.396563973389053,36.262938246907865,0.007402463373687773,17.97668685758172,-65.99496221662588,-0.1543746932583777,0.8724367571712759,0.5309356478296158,0.002182710936679824,0.00044024139583975774,0.7071067811865476,-0.7071067811865475,0.7818314824680298,0.6234898018587336,0,1,0,1,1469
2019-05-28 13:00:00,0.0016327476516753744,40.67234356961592,0.00029791112599197866,-0.00026035489791026174,0.0005582660239022404,17.584266615461523,17.387877491572134,25.818310984602494,27.592438274526515,30.3648489528856,0.0063535061185775454,-76.71583865558593,-93.7969924812041,-0.37208223285031117,0.8043190254491958,0.14271695696293543,0.0021386378609411995,-0.001036311249160704,-0.2588190451025208,-0.9659258262890683,0.7818314824680298,0.6234898018587336,0,1,0,1,1468
2019-05-28 17:00:00,0.0016061228194128505,38.72442850016463,7.043393301775502e-05,-0.00039026567270758836,0.0004606996057253434,17.880467705609792,16.413537948339926,25.527856776597094,14.059790489013876,24.016264245643132,0.004919649987429331,-164.98804116473494,-98.02867383512842,-0.41135739015597705,0.8176522891817727,-0.08428953428496407,0.002096592775959565,-0.0018826063492280998,-0.9659258262890683,-0.25881904510252063,0.7818314824680298,0.6234898018587336,0,0,0,0,1467
2019-05-28 21:00:00,0.0015813997608833637,44.01796174305436,-3.8392174674495294e-05,-0.0003992734243198709,0.0003608812496453756,18.106148081798985,15.705256850850102,24.07502545163823,8.638756389179855,16.763661717573402,0.005188618313078042,-155.66422167888197,-82.25806451612794,-0.20906110123379884,0.8304351831104512,0.12803199550540223,0.002034028624117391,-0.0014314645079567256,-0.7071067811865477,0.7071067811865474,0.7818314824680298,0.6234898018587336,0,1,0,1,1466
2019-05-29 01:00:00,0.0015291569208202675,41.93429852231884,-0.00016071015449403703,-0.0004172731233115301,0.0002565629688174931,18.31570843111752,15.08168876658359,23.11914057550308,9.677419354837264,10.79198874434365,0.005572335596390587,-146.0527985784763,-90.68100358423187,-0.28312419059528576,0.8588065633548903,0.08482400064012281,0.001951564961048097,-0.0014580140139865971,0.25881904510252074,0.9659258262890683,0.9749279121818236,-0.22252093395631434,0,1,0,1,1465
2019-05-29 05:00:00,0.0015442171407616823,37.86806149224666,-0.00033368623378837725,-0.0004721993620846963,0.00013851312829631904,19.172367620724113,13.867844928491499,25.930213383596563,10.494770875446477,9.603648873154517,0.006250368309050902,-163.46153846152396,-95.57661927330079,-0.3261432885965948,0.8504309176054358,-0.008130056176179283,0.0018121844497622033,-0.001991506226201034,0.9659258262890683,0.25881904510252074,0.9749279121818236,-0.22252093395631434,0,1,0,1,1464
2019-05-29 09:00:00,0.0015153444878501278,35.934936839876194,-0.0005060898715969486,-0.0005156823999146142,9.592528317665507e-06,20.23326718487517,13.122642230112312,26.657985510967176,5.7266257141563655,8.632938648146688,0.007021645391129816,-166.7985954657001,-96.56249999999828,-0.3841755414194813,0.8666346236974497,-0.0025887528381806414,0.0016541367591474316,-0.002448585728105135,0.7071067811865476,-0.7071067811865475,0.9749279121818236,-0.22252093395631434,0,1,0,1,1463
2019-05-29 13:00:00,0.0016149627387179737,30.70529801011084,-0.0007614364268990759,-0.000616823164173393,-0.00014461326272568277,22.29125073817356,11.433665230647348,33.44386795557592,6.820116740907367,7.680504443503388,0.00831555145487961,-186.244470563815,-87.40053050397887,-0.5235602094240817,0.8131766563496777,-0.0837856967563272,0.0018392811238154487,-0.003611232203190262,-0.2588190451025208,-0.9659258262890683,0.9749279121818236,-0.22252093395631434,0,0,0,0,1462
2019-05-29 17:00:00,0.0015896082573809624,29.991312945163642,-0.0009719622303190345,-0.0006618791740746813,-0.00031008305624435315,24.202235466236345,10.786317139707295,31.55035230351169,8.484471706454928,7.010404720506206,0.00932113641133503,-166.74702391203056,-90.5835543766581,-0.4516146341027177,0.826146941488408,-0.01216930954841535,0.00211749840539948,-0.0037854002936017483,-0.9659258262890683,-0.25881904510252063,0.9749279121818236,-0.22252093395631434,0,0,0,0,1461
2019-05-29 21:00:00,0.0015617790961394557,35.57098692032567,-0.001059616780231254,-0.0005996269791895206,-0.00045998980104173333,25.5001441794878,12.069488341324513,29.81879121499793,14.266213721749304,9.856934056370518,0.0096009689093699,-126.87594381857824,-79.21727395411514,-0.4708468094991232,0.8408679583727353,0.1233192676553248,0.002297070699039787,-0.002958168270113637,-0.7071067811865477,0.7071067811865474,0.9749279121818236,-0.22252093395631434,0,0,0,0,1460
2019-05-30 01:00:00,0.0015137948749866417,35.836393837398,-0.001113025709305271,-0.00052242872661083,-0.0005905969826944409,26.669598426268372,11.704188583190499,28.566558705076513,17.173902927079677,13.308196118427956,0.00965652090551572,-109.388234615392,-78.67746288798776,-0.43702856325741246,0.867521763813336,0.16390586923019146,0.0024404403814322325,-0.002595781475170922,0.25881904510252074,0.9659258262890683,0.43388373911755823,-0.900968867902419,0,0,0,0,1459
2019-05-30 05:00:00,0.0015192380982018802,33.530759006973575,-0.0011916449476476743,-0.00048083837196258674,-0.0007108065756850875,28.224851710766153,10.829235921566488,31.179671710522467,18.392679812739825,16.610932153856254,0.009673311738935375,-115.88982504959682,-86.92722371967766,-0.28122341140118406,0.864413551473149,0.13817975741312546,0.0025914201150437,-0.002983052290491006,0.9659258262890683,0.25881904510252074,0.43388373911755823,-0.900968867902419,0,0,0,0,1458
2019-05-30 09:00:00,0.0015071496626160288,32.619429183389215,-0.0012596042375438987,-0.000439038129487049,-0.0008205661080568497,29.275251381468973,11.652954074400052,29.18477281279872,14.699605811819685,16.755396183879714,0.009549378199579017,-100.13973476758984,-90.29649595687556,-0.2607363337425044,0.8713467763516807,0.14667856592495704,0.002695740597919106,-0.0025512081072516235,0.7071067811865476,-0.7071067811865475,0.43388373911755823,-0.900968867902419,0,0,0,0,1457
2019-05-30 13:00:00,0.0015702104010005904,36.06283403592288,-0.0012617990744989704,-0.00035298637315369654,-0.0009088127013452739,30.85026425868026,10.386037405140426,32.28937918247093,15.682708327880311,16.258331317479925,0.009519524988073957,-101.72820930767878,-75.72815533980588,-0.29813330945879896,0.836352885678985,0.2236731871290358,0.0027613808383769836,-0.0027335114586717335,-0.2588190451025208,-0.9659258262890683,0.43388373911755823,-0.900968867902419,0,0,0,0,1456
2019-05-30 17:00:00,0.0015380525152148348,33.46070573407195,-0.0013009910513215317,-0.0003137426799810063,-0.0009872483713405254,32.31277621609074,9.845819835069234,30.609884946061914,17.028538287671342,15.803617475790432,0.009391513402989382,-85.80723017997337,-82.88973384030456,-0.3143809114359328,0.853839506134526,0.1862592988407947,0.002742437588942173,-0.0023246972086448103,-0.9659258262890683,-0.25881904510252063,0.43388373911755823,-0.900968867902419,1,0,1,0,1455
2019-05-30 21:00:00,0.0015131916212709198,37.071704858701644,-0.001278580308931021,-0.00023306555007239645,-0.0010455147588586246,33.617635812814235,9.481569602304003,28.89044625512464,24.590497116954467,19.10058124416869,0.00913562345975949,-73.16365979381118,-67.6106194690262,-0.1828792727859543,0.8678676127594533,0.26115477946183313,0.0026784578085125377,-0.001988454765286418,-0.7071067811865477,0.7071067811865474,0.43388373911755823,-0.900968867902419,1,0,1,0,1454
2019-05-31 01:00:00,0.0015029636483229877,34.5086909720971,-0.0012951122878679389,-0.00019967802320745138,-0.0010954342646604875,34.97714968105581,8.864229780334385,28.577734986441563,23.697522348217273,21.772185917614348,0.008797190460509086,-77.75070373955768,-78.40707964601746,-0.19193169384204475,0.8737736281681391,0.2192285410793487,0.002578521262324614,-0.0021636450507303007,0.25881904510252074,0.9659258262890683,-0.433883739117558,-0.9009688679024191,1,0,1,0,1453
2019-05-31 05:00:00,0.0015941805305856318,47.3073949686946,-0.0011345591398799204,-3.129990017554634e-05,-0.001103259239704374,34.323104977083084,14.749808102347892,25.018086908498486,37.627127817921,28.638382427697564,0.008019219662688482,-31.051677941130176,-41.10091743119336,0.12843542302856498,0.8237774673597159,0.4677649433644176,0.0024711456226831014,-0.000855886780005255,0.9659258262890683,0.25881904510252074,-0.433883739117558,-0.9009688679024191,0,0,0,0,1452
2019-05-31 09:00:00,0.0016524533498295168,51.465094831175385,-0.0009312248029675896,0.0001376275493894276,-0.0010688523523570172,32.70877134009642,17.70874023802961,22.411849969270158,51.97138058651992,37.76534358421938,0.007516116018159824,16.308537699491982,-24.577861163229464,0.22278917675806154,0.7947274276369058,0.5904722596560582,0.0023438559444868947,0.0002123174957284757,0.7071067811865476,-0.7071067811865475,-0.433883739117558,-0.9009688679024191,0,0,0,0,1451
2019-05-31 13:00:00,0.001841563824841708,54.02152292496769,-0.0007190258233016333,0.0002798612232443071,-0.0009988870465459404,30.718102256616177,20.57324733249874,18.673918358884244,68.5459452752134,52.71481789321808,0.0065183859964275115,48.95065548866735,-28.68338557993704,0.19569295954183347,0.7131167447388801,0.7093309602634832,0.002217375318079584,0.000698265429403433,-0.2588190451025208,-0.9659258262890683,-0.433883739117558,-0.9009688679024191,1,0,1,0,1450
2019-05-31 17:00:00,0.0018600235516387283,57.64774760238719,-0.00048076137116104256,0.00041450054030791835,-0.0008952619114689609,28.869623821955955,18.914135491062126,17.16797626940651,76.86485087662436,65.79405891278587,0.005704560982092932,101.83033712445418,-16.14420062696047,0.2639067170542932,0.7060394471043085,0.8965248170894453,0.0020985711725565476,0.0014581375283844178,-0.9659258262890683,-0.25881904510252063,-0.433883739117558,-0.9009688679024191,0,0,0,0,1449
2019-06-02 21:00:00,0.0018628790122359631,61.60208894862678,-0.00021122926340222392,0.0005472261184533896,-0.0007584553818556135,27.4368695225287,18.99324278962729,15.917256484998306,83.69176564979999,76.3675206005459,0.006173088367942281,132.83232480967357,-4.097116843702542,0.40685821036275255,0.7049572148132914,1.0123043461394532,0.0019731097275320353,0.0019333531927800962,-0.7071067811865477,0.7071067811865474,-0.7818314824680299,0.6234898018587334,0,0,0,0,1448
2019-06-03 01:00:00,0.0018326733685048308,60.16758738458925,-1.5997791358524083e-05,0.0005939660723976717,-0.0006099638637561957,26.669514813109135,21.045269676677847,15.023914795034711,87.38911429372092,82.64857694004841,0.006598684414217182,148.4596398208185,-17.591339648174255,0.408746271874668,0.7165761354798333,0.9319800464859825,0.0019466401750494803,0.0023398849373577058,0.25881904510252074,0.9659258262890683,0.0,1.0,0,0,0,0,1447
2019-06-03 05:00:00,0.0018453395564687603,61.30668804302257,0.00015868211171077284,0.0006149167803735749,-0.00045623466866280207,24.83886318358864,19.40790195128572,19.81598412403271,88.12459659562573,86.40182551304888,0.006913325104350054,110.41848202515887,-13.937753721246082,0.39151595696915636,0.7116576433840901,0.943925311434998,0.0018579706866811137,0.001465760809035821,0.9659258262890683,0.25881904510252074,0.0,1.0,0,0,0,0,1446
2019-06-03 09:00:00,0.0019306724452924154,67.1198440354958,0.0004173779661191812,0.0006988901078255866,-0.00028151214170640544,24.245000321729297,24.550446915977297,17.587279083837164,87.54585776574838,87.68652288503165,0.007907002213130454,158.91352931064222,-5.833333333334567,0.5894139105276781,0.6802034199027988,1.0648790628365563,0.001845209180660134,0.0027223666109796874,0.7071067811865476,-0.7071067811865475,0.0,1.0,0,0,0,0,1445
2019-06-03 13:00:00,0.002027052984914382,72.91551257315666,0.0007788362228080548,0.0008482786916115682,-6.944246880351339e-05,24.552510916658438,27.98521984710315,15.554550648436662,92.68927091631893,89.45324175923099,0.009739787266592526,191.77312514784893,-2.161100196462573,0.7301630068705348,0.6478617035535796,1.1377962711061738,0.002104388669137492,0.00415137728210091,-0.2588190451025208,-0.9659258262890683,0.0,1.0,1,0,1,0,1444
2019-06-03 17:00:00,0.002217263485991916,78.18722703917607,0.0012613595153956325,0.0010646415873593169,0.00019671792803631577,26.25504598745547,37.96371427999329,13.20445806803455,92.72015569568809,90.98509479258512,0.012394039051032646,232.21691035998907,-13.845099383138637,1.0199130153481157,0.5922841413737094,1.1746388296479708,0.0027311026009964297,0.006892067099532939,-0.9659258262890683,-0.25881904510252063,0.0,1.0,0,0,0,0,1443
2019-06-03 21:00:00,0.0021581732369924935,79.56574827146217,0.0016920389096974908,0.00119625678532894,0.0004957821243685508,27.83597141033843,36.21721199527378,12.59699337123962,91.78935647541569,92.3995943624742,0.014533338226249803,204.41746278256664,-8.625730994151803,0.914937703506363,0.6085007345518147,1.0931190663705062,0.003309461254705195,0.007205501731570418,-0.7071067811865477,0.7071067811865474,0.0,1.0,0,0,0,0,1442
2019-06-04 01:00:00,0.0021018751486358935,77.6162523059108,0.0019854539461483522,0.0011917374574238412,0.000793716488724511,29.36746475454903,35.346643077319314,12.010514302442415,88.87911891907083,91.12954369672485,0.01589551685220192,171.1524249301646,-10.891812865497085,0.8138826144634449,0.6247992421682576,0.9864264604852405,0.0037755038455200146,0.0066873282597115224,0.25881904510252074,0.9659258262890683,0.7818314824680298,0.6234898018587336,0,0,0,0,1441
2019-06-04 05:00:00,0.0021967412094476184,77.78642121736814,0.0021998907530980105,0.0011249394114987996,0.001074951341599211,31.268267580345427,37.81006525659649,10.670995568308797,87.03759700191614,89.23535746546753,0.01702178322029413,155.31940328558176,-19.36966513460271,0.7740756336400352,0.5978173461453037,0.9277460184852643,0.004213257085177111,0.006756475332267753,0.9659258262890683,0.25881904510252074,0.7818314824680298,0.6234898018587336,0,0,0,0,1440
2019-06-04 09:00:00,0.002269116837344228,69.5603120830918,0.0022391231146328128,0.0009313374184268814,0.0013077856962059313,32.16514530913343,33.98950049903417,13.275725267041173,80.51849937574032,85.47840509890908,0.017463383864495974,112.61142773637175,-28.183023872679236,0.585512592101846,0.5787493964114366,0.8153455276898519,0.004465200999718436,0.005032223972352812,0.7071067811865476,-0.7071067811865475,0.7818314824680298,0.6234898018587336,1,0,1,0,1439
2019-06-04 13:00:00,0.0023920370632482075,71.94440523974446,0.002321722564671669,0.0008111494947725898,0.001510573069899079,32.66294685597469,29.939810888844622,13.097450920662544,76.37290641435759,81.30966759733799,0.017797547134332792,102.07295329189671,-23.328591749645298,0.5850045619621796,0.5490090518149016,0.8328267628842572,0.004645145683613208,0.004878046054564544,-0.2588190451025208,-0.9659258262890683,0.7818314824680298,0.6234898018587336,1,0,1,0,1438
2019-06-04 17:00:00,0.0023933201301590515,73.55413087066974,0.0024158193125405347,0.0007241969941131645,0.0016916223184273702,33.128437263932696,27.816193595342067,12.155398666824949,76.71281850047696,77.86807476352493,0.01796586485529872,100.46044481308218,-18.349928876244615,0.6683307834769384,0.5487147262295939,0.835219041694161,0.00480003064394984,0.0051931357035328585,-0.9659258262890683,-0.25881904510252063,0.7818314824680298,0.6234898018587336,1,0,1,0,1437
2019-06-04 21:00:00,0.002300225835147693,74.98915981383358,0.0025138629832348602,0.0006577925318459921,0.0018560704513888682,33.56067835703656,26.874681972699364,11.74396749514272,80.75941803465076,77.94838098316175,0.018107888225823654,93.17396912578913,-16.04322527015786,0.7021592515071946,0.5709222024782966,0.8347712292234605,0.004940135627307051,0.005056751513916824,-0.7071067811865477,0.7071067811865474,0.7818314824680298,0.6234898018587336,1,0,1,0,1436
2019-06-05 01:00:00,0.0022030668469228535,75.4742463111254,0.002579579671291965,0.0005788073759224774,0.0020007722953694876,34.11450070600255,27.41736049796354,11.386046657235305,83.67628024616907,80.38283892709892,0.017766618586523286,89.53421805880853,-14.578005115090342,0.5823872517931705,0.5961008408956313,0.816773840367634,0.005055341268625971,0.005023278059469893,0.25881904510252074,0.9659258262890683,0.9749279121818236,-0.22252093395631434,1,0,1,0,1435
2019-06-05 05:00:00,0.0022421335007140803,79.20556130572884,0.0027524394163931376,0.0006013336968189197,0.002151105719574218,35.24354358649873,31.1001493173049,10.38853920355892,88.32154813803645,84.25241547295208,0.017708290826589757,99.44429189712096,-4.414125200642493,0.5670571871823608,0.5857144543720313,0.8836338620438268,0.005159715442360615,0.005817415814712401,0.9659258262890683,0.25881904510252074,0.9749279121818236,-0.22252093395631434,0,0,0,0,1434
2019-06-05 09:00:00,0.0024691239649487877,81.41301656146521,0.0029657917589493987,0.0006517488315001445,0.002314042927449254,36.838286288727346,32.53030347614296,8.759682651235195,90.57275073264275,87.52352637228273,0.017344998126237243,106.09700320428863,-9.289617486338997,0.455439027210704,0.5318687998831352,0.9231767537003727,0.005269161947874339,0.00629042254953549,0.7071067811865476,-0.7071067811865475,0.9749279121818236,-0.22252093395631434,0,1,0,1,1433
2019-06-05 13:00:00,0.0027591865388810278,54.98454929979675,0.0026396627765199465,0.00026049587925655376,0.0023791668972633928,36.760752886975425,27.031196125224614,12.792943647650754,78.0958305969131,85.6633764891974,0.01609412513929298,53.26800792244435,-52.00876552227922,-0.13155204750094893,0.4759554968445812,0.57108183825457,0.0051262711612430865,0.003054788745572745,-0.2588190451025208,-0.9659258262890683,0.9749279121818236,-0.22252093395631434,0,0,0,1,1432
2019-06-05 17:00:00,0.002677816071818094,50.70674545113174,0.0022431837985303904,-0.00010878647898640223,0.0023519702775167926,35.98960357645867,25.863119055051012,15.200967544460827,56.220154909335925,74.96291207963057,0.014857518500720701,-2.613189265370987,-70.04115226337402,-0.22761220570452165,0.4904182978886871,0.4615009733979434,0.004871153050886479,0.00019760564592696817,-0.9659258262890683,-0.25881904510252063,0.9749279121818236,-0.22252093395631434,0,0,1,0,1431
2019-06-05 21:00:00,0.002564400638116804,52.31630844155327,0.0019516611371597214,-0.00032024731228565704,0.0022719084494453785,35.27353635955025,25.07789519998319,14.73945467315495,30.35494543756867,54.89031031460588,0.01358609568637359,-8.024321061715316,-86.88524590164077,-0.18580915888017951,0.5121079680296756,0.4750112167735822,0.004581580005004848,0.00028299719425262104,-0.7071067811865477,0.7071067811865474,0.9749279121818236,-0.22252093395631434,0,0,0,0,1430
2019-06-06 01:00:00,0.0024448005925370364,53.99194195137845,0.001747286845348972,-0.0004196972832771254,0.0021669841286260975,34.628461596931615,24.571884701596563,14.356188981549412,19.323225245995832,35.29944186430012,0.012383856588289888,-9.523206216476362,-85.10392609699772,-0.018691422417249824,0.5371603737371499,0.4938629780264227,0.004205353039025125,0.0005302240853790607,0.25881904510252074,0.9659258262890683,0.43388373911755823,-0.900968867902419,0,0,0,0,1429
2019-06-06 05:00:00,0.0024108862644986783,55.94652850458566,0.0016214974503931945,-0.0004363893425863223,0.0020578867929795168,34.412482257696304,26.011586057585326,13.518272689990916,16.919698633248306,22.199289772270916,0.01133809578365641,-4.818144426812087,-77.25173210161661,-0.04446499715423529,0.5447166958218489,0.5266358660010043,0.003872875426619681,0.0009600728252154855,0.9659258262890683,0.25881904510252074,0.43388373911755823,-0.900968867902419,0,0,0,0,1428
2019-06-06 09:00:00,0.003007965817034483,66.4618359710386,0.001876203793942155,-0.0001453463992298898,0.0020215501931720448,35.91828544973073,35.15053912823116,10.06098138590245,38.82480845561557,25.022577444953214,0.010722749460815972,81.35634231915779,-21.169916434538994,0.30750635453883096,0.43659073270144977,0.9117880415033142,0.003651860000248719,0.0036923336658649664,0.7071067811865476,-0.7071067811865475,0.43388373911755823,-0.900968867902419,0,0,0,0,1427
2019-06-06 13:00:00,0.003191682544389173,67.72585524609563,0.0021110169828313374,7.157343172743387e-05,0.0020394435511039036,37.316531270905564,30.761004642721545,8.80458458952957,62.33360709580993,39.35937139489125,0.009981375456293407,126.33936524904153,-14.577530176414644,0.31265821660463544,0.4114600940838027,0.9565503041093287,0.003470994717333733,0.004660413639262284,-0.2588190451025208,-0.9659258262890683,0.43388373911755823,-0.900968867902419,0,1,0,1,1426
2019-06-06 17:00:00,0.0031579909340756647,61.59866589971339,0.0021321268375700253,7.414662917289714e-05,0.002057980208397128,38.61490239056791,28.868528101807495,8.2629095050612,77.83967811823076,59.66603122321874,0.00901140699333558,122.22459588406872,-30.73351903435414,0.13853736512588302,0.4158498321922462,0.7677717255234995,0.0032895044601667384,0.004293713881454719,-0.9659258262890683,-0.25881904510252063,0.43388373911755823,-0.900968867902419,0,0,0,0,1425
2019-06-06 21:00:00,0.002993134438784547,61.25567031061386,0.0021163909478343346,4.672859154976512e-05,0.0020696623562845694,39.82053271596865,28.282943959440736,8.09530037864812,74.34230888269971,71.50519803224678,0.008579783447125955,101.09226121311018,-31.66202414113213,-0.03812259517349597,0.4387540977054425,0.7350292419880773,0.003073698823336235,0.0036404834376049244,-0.7071067811865477,0.7071067811865474,0.43388373911755823,-0.900968867902419,0,0,0,0,1424
2019-06-07 01:00:00,0.002846481978871361,58.552115205822815,0.0020185193425106274,-4.091441101915401e-05,0.0020594337535297814,40.48118696825243,27.615805477643285,9.435059874263445,66.26431445373031,72.81543381822024,0.008557821218019956,64.50316798020883,-38.811513463322854,-0.22757258857177934,0.46135897214452337,0.6307575808716179,0.002815682902848715,0.002766578095929617,0.25881904510252074,0.9659258262890683,-0.433883739117558,-0.9009688679024191,0,0,0,0,1423
2019-06-07 05:00:00,0.0027417332660948303,57.83806842768978,0.0019028818244650747,-0.00012524154325176551,0.00202812336771684,40.39110134393378,26.62295565131459,11.622925547517555,62.952646239555406,67.85308985866179,0.008575623825681777,34.68270491172216,-40.668523676878834,0.2661207778915089,0.47898532517370623,0.5983601912987289,0.0023591372326211874,0.0020239185149220074,0.9659258262890683,0.25881904510252074,-0.433883739117558,-0.9009688679024191,0,0,0,0,1422
2019-06-07 09:00:00,0.003085180889945196,68.55476557100135,0.0022046144604752627,0.00014119287420673787,0.002063421586268525,41.5811775700647,35.073413729388115,9.591252874316865,70.93029306481954,66.71575125270174,0.009996768277780621,163.2283600068924,-7.729083665339697,0.8528195622727468,0.4256638579215781,1.0684837181463172,0.0021585291258558966,0.005032938367061535,0.7071067811865476,-0.7071067811865475,-0.433883739117558,-0.9009688679024191,0,0,0,0,1421
2019-06-07 13:00:00,0.0031512393978062585,71.89051342555359,0.0025953780418450645,0.00042556516446123167,0.002169812877383833,43.00676210073798,36.622817955020054,8.719466090706176,82.02320192417858,71.96871374285115,0.012070363540494178,236.31380609797318,-5.532786885245756,1.0029214764144265,0.4167407912309745,1.1192439834081447,0.0024251041073755897,0.007687769964363156,-0.2588190451025208,-0.9659258262890683,-0.433883739117558,-0.9009688679024191,0,1,0,1,1420
2019-06-07 17:00:00,0.003049722297962955,69.86844215199386,0.0028264848017010014,0.0005253375394537346,0.002301147262247267,44.3305191649346,35.138901227245846,8.366162813903435,92.43729998040608,81.79693165646803,0.01314277581029799,203.74912843047875,-9.426229508196293,0.9000267070239529,0.4306129777380642,0.9876823657737362,0.002819651446444058,0.007376348367214236,-0.9659258262890683,-0.25881904510252063,-0.433883739117558,-0.9009688679024191,0,1,0,1,1419
2019-06-09 21:00:00,0.0029718849909655984,63.92367954874792,0.0028357395588334278,0.0004276738372689286,0.002408065721564499,44.780015634057015,33.48357264394965,10.976394588755648,87.88706739526464,87.44918976661641,0.01352615525564449,138.25665071146804,-21.379781420764054,0.6832861794693973,0.4418912589121796,0.8179395710547854,0.0030215369045809982,0.005458373831170427,-0.7071067811865477,0.7071067811865474,-0.7818314824680299,0.6234898018587334,0,1,0,1,1418
2019-06-10 01:00:00,0.002833893205896622,61.19991336266146,0.0027428680487939783,0.0002678418617835833,0.002475026187010395,44.730070397652696,32.60585745499416,12.654665050474161,80.66939890710458,86.99792209425841,0.013689908107793247,97.66567570090115,-27.185792349725936,0.19226679897930296,0.46340842952989747,0.731484387992054,0.0031204094656851673,0.004095570591343689,0.25881904510252074,0.9659258262890683,0.0,1.0,0,0,0,0,1417
2019-06-10 05:00:00,0.0027929008340468577,57.65184577993418,0.002547907543221317,5.830508496873759e-05,0.0024896024582525796,43.767232479206804,30.721251698499593,16.091963118784733,72.15391621129383,80.23679417122099,0.013692824982444396,62.529331770431384,-34.97267759562854,0.02833488289723079,0.4702100353835789,0.634157852916041,0.003164417352054112,0.00279272494403604,0.9659258262890683,0.25881904510252074,0.0,1.0,1,0,1,0,1416
2019-06-10 09:00:00,0.0027062650601863618,60.24293398062422,0.0024610534999010003,-2.2839166681263602e-05,0.002483892666582264,42.873168697792764,29.440108641710886,15.420893234586693,70.3324225865212,74.38524590163985,0.01383310970099938,68.71494135644778,-26.844262295081922,0.2882202179831657,0.48526288844359,0.7014369914090042,0.0031754132416544696,0.0030569069485131273,0.7071067811865476,-0.7071067811865475,0.0,1.0,0,0,0,0,1415
2019-06-10 13:00:00,0.002721531841601624,61.90915691948157,0.002427979209551623,-4.473076562451278e-05,0.0024727099751761356,42.293922516253886,29.41477844192513,14.239074347657033,72.24499089253203,71.57710989678232,0.014178264491816694,70.55334046484401,-21.448087431693462,0.3671807788844474,0.4825407441226744,0.7391689054719719,0.0031922850809227234,0.0031650210592983896,-0.2588190451025208,-0.9659258262890683,0.0,1.0,0,0,0,0,1414
2019-06-10 17:00:00,0.0026342795672014965,60.492190550979174,0.002341690472559277,-0.0001048156020934869,0.0024465060746527638,41.89366444170105,29.49281095419541,13.6599349398006,72.45832056173917,71.67857801359744,0.014390955353968504,77.60534263149593,-34.33268858800712,0.3993822887267647,0.49852339757359904,0.7004383954401273,0.003246098016847608,0.0035098193745546347,-0.9659258262890683,-0.25881904510252063,0.0,1.0,0,0,0,0,1413
2019-06-10 21:00:00,0.002515402455258526,61.10022187227977,0.002268140146168607,-0.00014269274278732582,0.0024108328889559326,41.475966144979054,28.680443744732393,13.482453062708926,70.03019775830155,71.5778364041909,0.013928658801189986,67.02923181509189,-34.128630705394805,0.4402861860209005,0.5220834531884194,0.6972192756825334,0.003282756855525686,0.003103300491256622,-0.7071067811865477,0.7071067811865474,0.0,1.0,0,0,0,0,1412
2019-06-11 01:00:00,0.0024164451370257637,61.75841595555561,0.0022062059571599235,-0.0001637015454368073,0.002369907502596731,40.99042100927763,27.7224573640965,13.445942170207898,66.7369599589073,69.74182609298265,0.01276013965440903,62.05828250556683,-31.327800829876175,0.003534411918040523,0.5434636110201075,0.6987830908357872,0.0033164189697088412,0.0029010364519559406,0.25881904510252074,0.9659258262890683,0.7818314824680298,0.6234898018587336,0,0,0,0,1411
2019-06-11 05:00:00,0.002387413341523928,59.89888115299949,0.002095844914977274,-0.00021925007009556546,0.0023150949850728395,40.965734416169724,29.944762729557105,12.63734606651293,66.14799446749622,67.63838406156833,0.011374470361298794,67.28232189973166,-36.09958506224039,-0.23545388807562304,0.5500723218551377,0.6447979508218519,0.0033824388497796557,0.0030553535357993322,0.9659258262890683,0.25881904510252074,0.7818314824680298,0.6234898018587336,0,0,0,0,1410
2019-06-11 09:00:00,0.002399026674272223,61.421760329347364,0.002030167803125149,-0.00022794174555815228,0.0022581095486833014,40.20993079485677,27.671247099856487,14.774366535811563,67.42738589211581,66.77078010617309,0.009896829997535495,54.504754276799076,-30.29045643153603,-0.13587316152143503,0.5474095032304683,0.6797040062770389,0.003435473642246752,0.0025103919196023394,0.7071067811865476,-0.7071067811865475,0.7818314824680298,0.6234898018587336,0,0,0,0,1409
2019-06-11 13:00:00,0.0023890961975384876,64.21787824116872,0.0020409316863960747,-0.00017374228982978144,0.002214673976225856,39.67860849078072,27.206725397893432,13.776079030228754,71.47302904564323,68.34946980175174,0.008446703262229516,74.97077279125405,-19.190871369293905,0.11310817736775601,0.5496848562870997,0.7841937174156647,0.003435752583239563,0.0030148938993670438,-0.2588190451025208,-0.9659258262890683,0.7818314824680298,0.6234898018587336,0,0,0,0,1408
2019-06-11 17:00:00,0.0023105893262857394,62.8874964738914,0.0020029725443846402,-0.0001693611454729729,0.002172333689857613,39.40140732792147,27.9765761255042,13.226709539237639,71.10042696494041,70.00028063423312,0.008448696940959621,92.96174440358905,-37.217391304348865,0.16271522183212403,0.568361493347259,0.7260703648559486,0.0032381167739253354,0.0033502357207511047,-0.9659258262890683,-0.25881904510252063,0.7818314824680298,0.6234898018587336,0,0,0,0,1407
2019-06-11 21:00:00,0.0021884043744081817,63.751972764564435,0.001975135922644755,-0.00015775821377028666,0.002132894136415042,39.1440062481236,27.428690125235818,12.967681095097248,72.10633668454282,71.55993089837547,0.00855898568758029,86.65042523333503,-27.27272727272877,0.2912354935512154,0.6000947609854541,0.7382875815482943,0.002973070569485303,0.003057683529757549,-0.7071067811865477,0.7071067811865474,0.7818314824680298,0.6234898018587336,0,0,0,0,1406
2019-06-12 01:00:00,0.002091375490521891,65.05281854055006,0.0019675130888296977,-0.00013230483806827512,0.002099817926897973,39.00262529465952,27.504996269417855,12.600076980084667,76.03676808530213,73.08117724492843,0.00825448144950558,92.23102628085184,-7.399577167016025,0.226376386113234,0.6279360191183487,0.7676122072007855,0.0026574564339033155,0.003036935514043604,0.25881904510252074,0.9659258262890683,0.9749279121818236,-0.22252093395631434,0,0,0,0,1405
2019-06-12 05:00:00,0.00204342009834177,65.08215554139538,0.00193991670234972,-0.00012792097963860256,0.0020678376819883225,39.21004286475139,29.25077061179735,11.974651102646497,82.5638910153937,76.90233192841286,0.0077276035095148465,106.25927262520962,-17.636022514074167,0.1572924490787693,0.6426725473952708,0.7488481710574781,0.0023098270381305915,0.0031619806729199507,0.9659258262890683,0.25881904510252074,0.9749279121818236,-0.22252093395631434,0,1,0,1,1404
2019-06-12 09:00:00,0.002102461519888797,57.63165621667588,0.0017821142149099245,-0.0002285787736627182,0.0020106929885726427,38.0198552820037,26.398681325646734,16.684530112286595,76.83303650405075,78.4778985349155,0.006373708496651975,45.18592772925721,-44.465290806757594,0.0671829143240932,0.624624987224242,0.5360857419382716,0.002155450675089691,0.0018540888857532245,0.7071067811865476,-0.7071067811865475,0.9749279121818236,-0.22252093395631434,0,1,0,1,1403
2019-06-12 13:00:00,0.002213714268468168,48.23374171389391,0.0014578858932414729,-0.00044224567626493594,0.0019001315695064088,35.49475882276024,23.281129234636595,22.07090792235153,50.87721722945821,70.09138158296753,0.004650694571814995,-98.41379708139381,-85.26703499079365,-0.15554573574900432,0.593233742360406,0.02910259614291596,0.0020610360221802845,-0.00014343822510709536,-0.2588190451025208,-0.9659258262890683,0.9749279121818236,-0.22252093395631434,0,1,0,1,1402
2019-06-12 17:00:00,0.002169163249291869,44.91792920881026,0.0011114632948605596,-0.0006309346197166795,0.0017423979145772392,33.13197217077484,22.062193266217964,23.154513923559783,26.313992873810886,51.34141553577326,0.0053980455722690834,-187.67432886832043,-91.32569558101613,-0.26330438163230896,0.6054177805329845,-0.05445993553216846,0.002003547332173799,-0.0014751631670986143,-0.9659258262890683,-0.25881904510252063,0.9749279121818236,-0.22252093395631434,0,0,0,0,1401
2019-06-12 21:00:00,0.0020713658743424434,46.13524368612496,0.0008505172329398292,-0.0007135045453099281,0.0015640217782497572,30.93795599393125,21.453562616420434,22.515749378031988,12.275963786483684,29.82239129658424,0.005491995630030111,-156.38068685844678,-86.5793780687392,-0.19711661701920377,0.6340019483119524,0.05243955647751076,0.001909615126559305,-0.001203816780397382,-0.7071067811865477,0.7071067811865474,0.9749279121818236,-0.22252093395631434,0,0,0,0,1400
2019-06-13 01:00:00,0.0019962683118894134,49.140514883704284,0.0006938157059881433,-0.0006961648578092912,0.0013899805637974346,28.7304438582964,21.708229432530462,21.693999536489738,15.76650300054452,18.11881988694634,0.005408672665289327,-119.1949496843496,-74.79541734861112,-0.18288319329958533,0.6578524500832479,0.21203655750966308,0.001729339037454129,-0.0007763114379657488,0.25881904510252074,0.9659258262890683,0.43388373911755823,-0.900968867902419,0,1,0,1,1399
2019-06-13 05:00:00,0.0019786777181830368,46.72308251235289,0.0005136784332371302,-0.0007010417044482436,0.0012147201376853738,27.01305077122524,22.32229747319198,20.32351362201168,17.894162575013198,15.31220978734711,0.005720814976927446,-108.05360017064102,-84.9427168576101,-0.33187988772573884,0.6637008078333848,0.14104764648360804,0.0014470104669581344,-0.0007908731895951426,0.9659258262890683,0.25881904510252074,0.43388373911755823,-0.900968867902419,0,1,0,1,1398
2019-06-13 09:00:00,0.0020023435954556793,42.01948993271191,0.0002621899325547794,-0.0007620241641044755,0.0010242140966592549,25.51917081587182,20.482863376348806,23.1435192719827,15.71288554157489,16.45785037237751,0.006425652029189433,-144.4648648185592,-93.12320916905414,-0.4220191586103392,0.6558564688799775,-0.000571768497352428,0.001549504803767123,-0.0017304033344278658,0.7071067811865476,-0.7071067811865475,0.43388373911755823,-0.900968867902419,0,0,0,0,1397
2019-06-13 13:00:00,0.001971461910065993,41.20115289544301,4.302156384294875e-05,-0.0007849540262530449,0.0008279755900959937,24.425674329482842,19.317734692014373,23.711070353274547,10.68913576888911,14.765394628492375,0.007005374793700447,-157.2998699164115,-89.86666666666846,-0.4704490891117124,0.6661300394873163,0.021153385966348512,0.0016722006615108608,-0.0022114377343402936,-0.2588190451025208,-0.9659258262890683,0.43388373911755823,-0.900968867902419,0,0,0,0,1396
2019-06-13 17:00:00,0.001915643202204138,41.40597094505194,-0.00012599093658760552,-0.0007631732213468793,0.0006371822847592738,23.35358857602161,18.758873377881397,22.65897412903539,9.225596943647615,11.875872751370515,0.007579218957135314,-128.29609607073087,-89.3333333333346,-0.5073141465652753,0.685539978681299,0.08373019464890863,0.0017195928287832573,-0.001856656048926375,-0.9659258262890683,-0.25881904510252063,0.43388373911755823,-0.900968867902419,0,0,0,0,1395
2019-06-13 21:00:00,0.0018238115449038359,42.69576993061422,-0.00023782704448516157,-0.0007000074633955484,0.0004621804189103868,22.35808037637904,18.296024404058805,22.09989562190805,11.555555555554195,10.490096089363616,0.007945963503577236,-107.6179616658534,-86.13333333333438,-0.4870172838199068,0.7200579487883677,0.15668103071808615,0.0018018664281302468,-0.001634523565012369,-0.7071067811865477,0.7071067811865474,0.43388373911755823,-0.900968867902419,0,0,0,0,1394
2019-06-14 01:00:00,0.001767110720267838,40.23197181639994,-0.00037219633649043793,-0.0006675014043206598,0.00029530506783022185,21.797116632646066,17.53429247795735,23.4837974064406,10.044444444443068,10.275198981214935,0.008437511244446583,-109.51058556541524,-94.40000000000185,-0.4160777385159004,0.7431622619554665,0.12660790501776717,0.001917198786674291,-0.0019208283464777764,0.25881904510252074,0.9659258262890683,-0.433883739117558,-0.9009688679024191,0,0,0,0,1393
2019-06-14 05:00:00,0.0017794599545344248,44.15056422468539,-0.00041738941328706147,-0.0005701555848938267,0.00015276617160676518,20.592184785177842,19.62093970805439,21.65504967508522,11.466666666665711,11.022222222220966,0.008637402387300597,-82.07029341609869,-85.06666666666666,-0.15490289801192472,0.7380048068255611,0.2366106269004076,0.0019866089086032187,-0.001304095412093087,0.9659258262890683,0.25881904510252074,-0.433883739117558,-0.9009688679024191,0,1,0,1,1392
2019-06-14 09:00:00,0.0019994985292105436,29.68731523627229,-0.0008333396653263936,-0.0007888846695465271,-4.445499577986658e-05,21.42826977448081,16.214451045734073,31.68458081135795,6.933412415974014,9.481507842360907,0.010498201560272591,-165.10419120302717,-99.73309608540947,-0.49876416339620516,0.6567896804197735,-0.1357755622884621,0.0023040467794779567,-0.004156034445792267,0.7071067811865476,-0.7071067811865475,-0.433883739117558,-0.9009688679024191,0,0,0,0,1391
2019-06-14 13:00:00,0.002140962919981226,25.449171742112767,-0.001331610208487266,-0.0010297241701659196,-0.0003018860383213465,23.013279796715796,14.061430666788045,35.81808031606657,5.68586412474155,8.028647735793735,0.01297172370967159,-214.1800517269333,-98.14264487369924,-0.726255004074112,0.6133922207356659,-0.15010635353822335,0.0028401505900961356,-0.0063228850234622325,-0.2588190451025208,-0.9659258262890683,-0.433883739117558,-0.9009688679024191,1,0,1,0,1390
2019-06-14 17:00:00,0.00207017985426828,27.311699193765275,-0.0016765046772491132,-0.0010996949111422133,-0.0005768097661068999,24.58686800854497,13.503485864019014,35.63897950879054,3.384485373727296,5.334587304814264,0.014505612017423175,-205.31589855351018,-91.97080291970943,-0.7558859975216846,0.6343651723266227,-0.018592389687837545,0.0033419358439703535,-0.006789187554918419,-0.9659258262890683,-0.25881904510252063,-0.433883739117558,-0.9009688679024191,1,0,1,0,1389
2019-06-16 21:00:00,0.002000881293249124,30.650595599907927,-0.0018733706607263478,-0.0010372487156955583,-0.0008361219450307895,25.471065070036556,15.757712744752238,34.23949342119427,8.790746095845833,5.953698531438202,0.015139378454875896,-160.3063762061066,-83.51431391905388,-0.6411732407587927,0.6563357878505044,0.08436206487901061,0.0036588873971102323,-0.00554378588385851,-0.7071067811865477,0.7071067811865474,-0.7818314824680299,0.6234898018587334,0,0,0,0,1388
2019-06-17 01:00:00,0.0019336754865884767,30.124642115676185,-0.0020254067371174855,-0.0009514278336693568,-0.0010739789034481288,26.11483212378467,16.027252154514063,32.89882441774189,12.877122949105313,8.350784806226123,0.015586278580851598,-139.80836906244093,-85.88351431392078,-0.5470488620142401,0.6791470487723491,0.11600840322763417,0.0038985786434083606,-0.0050144163464831415,0.25881904510252074,0.9659258262890683,0.0,1.0,0,0,0,0,1387
2019-06-17 05:00:00,0.0019026986661178752,29.44448831944327,-0.0021453733868583846,-0.0008571155867282045,-0.0012882578001301801,27.061246666936487,15.12474162115285,34.76278458643578,13.919052319840494,11.86230712159719,0.01571391790737975,-129.67475781535808,-88.84501480750389,-0.5524861878453001,0.6902038790406353,0.1368187721459368,0.004111142489928648,-0.005177529705431283,0.9659258262890683,0.25881904510252074,0.0,1.0,1,0,1,0,1386
2019-06-17 09:00:00,0.0020267916185380333,40.53040210804318,-0.0020314398687140134,-0.0005945456548670665,-0.0014368942138469469,26.077633838872586,23.193297517397422,30.303360188878294,19.710431062848027,15.50220211059792,0.014850960372979838,-76.03138023684242,-66.14017769003128,-0.3520533489407388,0.6479452490272652,0.3033123833988216,0.004166477655137325,-0.0029723939956634027,0.7071067811865476,-0.7071067811865475,0.0,1.0,0,1,0,1,1385
2019-06-17 13:00:00,0.0020463065029281717,37.70126804455912,-0.0020003929257950137,-0.00045079896955845336,-0.0015495939562365604,25.164279069956105,21.331246332086586,27.870484582627125,23.523847110223688,19.051110164304045,0.013829812869297076,-68.51029328821338,-74.4432661717938,-0.4636894787704753,0.6417660297324956,0.2539012254058718,0.0041602007777639,-0.002845002476010494,-0.2588190451025208,-0.9659258262890683,0.0,1.0,0,0,0,0,1384
2019-06-17 17:00:00,0.002000856038433296,35.65183552164358,-0.002015494119510519,-0.00037272013061916695,-0.0016427739888913522,24.617768001835596,20.25752528646171,28.8594404597392,26.0795756796219,23.104617950897847,0.0131598132205486,-79.84016955179902,-81.17782909930925,-0.47813783498478707,0.6563440721243977,0.22047475611156186,0.004126143339332679,-0.0035404689445961424,-0.9659258262890683,-0.25881904510252063,0.0,1.0,0,0,1,0,1383
2019-06-17 21:00:00,0.0019107948928309153,38.51299947057479,-0.001954898255674964,-0.0002496994134268892,-0.0017051988422480747,24.11029343858084,19.697153834760645,28.061119523839274,23.453476326106124,24.35229970531721,0.012834508950470003,-66.11977030352658,-74.01847575057862,-0.48493337706895323,0.6872794170254298,0.28982444825818926,0.004026667946384544,-0.002984298095695115,-0.7071067811865477,0.7071067811865474,0.0,1.0,0,0,0,0,1382
2019-06-18 01:00:00,0.0018407381147715711,42.17508458057462,-0.0018197317155681514,-9.162629865606129e-05,-0.00172810541691209,23.102587540868804,22.129471859433938,27.048449623815735,26.75134719014495,25.428133065290968,0.01249585211178772,-44.69437763248931,-64.5496535796773,0.016026211759684196,0.7134366314585546,0.3715573787492402,0.0038246997819358025,-0.002055554248040048,0.25881904510252074,0.9659258262890683,0.7818314824680298,0.6234898018587336,0,0,0,0,1381
2019-06-18 05:00:00,0.0021006853922878985,31.708515978283167,-0.0020297324979281495,-0.00024130166481284732,-0.0017884308331153021,23.70138476118414,18.006004543381835,34.55533614734199,21.466409906729623,23.890411140993546,0.012870282669763977,-90.13744634904752,-97.03264094955524,-0.1570194846906186,0.6251531070864986,0.08610077675179986,0.003628432449571634,-0.00405310990819685,0.9659258262890683,0.25881904510252074,0.7818314824680298,0.6234898018587336,0,0,0,0,1380
2019-06-18 09:00:00,0.0021556364356959006,34.844578728008614,-0.002110505390113815,-0.00025765964559881,-0.0018528457445150049,24.475655676320255,16.293642073408297,33.48923354003979,18.15531431585882,22.124357137577775,0.012468769947335812,-106.71348648970465,-83.95176252319104,-0.12307582541069305,0.6092168318615591,0.17350428172188853,0.0035137462946821826,-0.004707127782207499,0.7071067811865476,-0.7071067811865475,0.7818314824680298,0.6234898018587336,0,0,0,0,1379
2019-06-18 13:00:00,0.002220233833146182,35.96954534329801,-0.002128199190087221,-0.00022028275645777275,-0.0019079164336294483,25.012161730118827,15.558245120317489,30.192378268612902,13.120492162187338,17.580738794925235,0.011911872900578935,-97.09118241380898,-79.65412004069175,-0.15954507371160298,0.5914917520822837,0.2188099614597883,0.0034714905122809345,-0.004140424226297679,-0.2588190451025208,-0.9659258262890683,0.7818314824680298,0.6234898018587336,0,0,0,0,1378
2019-06-18 17:00:00,0.0021595028450643186,34.24781276507681,-0.0021760424898946695,-0.00021450084501217683,-0.0019615416448824927,25.51034592293179,14.853228491686878,28.82422083358959,18.565009763407364,16.61360541381782,0.01170766654801536,-100.08495862884196,-80.69908814589516,-0.20326290451991066,0.608126080038059,0.18764057423383654,0.0034851757805688076,-0.004036123621527166,-0.9659258262890683,-0.25881904510252063,0.7818314824680298,0.6234898018587336,1,0,1,0,1377
2019-06-18 21:00:00,0.002071681213274017,37.09087389857805,-0.0021376742206280497,-0.0001409060605964455,-0.001996768160031604,25.972945530543825,14.376958907600766,27.899970615820212,22.891382478838157,18.192294801477598,0.011201573282333399,-89.08689292856914,-70.97264437689864,-0.11949349027999794,0.6339054443248934,0.2644527305676707,0.0034301773403424885,-0.003492433731804967,-0.7071067811865477,0.7071067811865474,0.7818314824680298,0.6234898018587336,0,0,0,0,1376
2019-06-19 01:00:00,0.0020208468408973034,34.089712115199895,-0.0021797768675488882,-0.00014640696601382706,-0.002033369901535061,26.641837834441812,13.685853160720075,28.64421447637641,19.65552178318181,20.37063800847575,0.01069764740489454,-104.94170511184755,-89.36170212766079,-0.4316098602829956,0.649851326395862,0.18147202174181212,0.00333349680457385,-0.0038141056999272394,0.25881904510252074,0.9659258262890683,0.9749279121818236,-0.22252093395631434,1,0,1,0,1375
2019-06-19 05:00:00,0.002008643495118918,39.25192798000832,-0.0020937914556771187,-4.8337243313646e-05,-0.0020454542123634727,26.82318790473412,14.670212282397657,26.759794293940352,22.745694022290206,21.764199428103367,0.00950603408364481,-83.72958965456395,-71.42857142856998,-0.2360423272882584,0.6537994438491692,0.30712250935914803,0.0031538653405309078,-0.002972310577266324,0.9659258262890683,0.25881904510252074,0.9749279121818236,-0.22252093395631434,1,0,1,0,1374
2019-06-19 09:00:00,0.0019415975311818617,41.38860017560637,-0.001961879335769634,6.685990127507091e-05,-0.002028739237044705,26.840571337439368,14.75493165177025,25.70642828128189,25.177304964539616,22.526173590003854,0.008147759446583525,-57.214417946203895,-63.677811550150395,-0.12122292539440288,0.6763760145495329,0.3789851361636142,0.0029857109483675463,-0.002228525731085007,0.7071067811865476,-0.7071067811865475,0.9749279121818236,-0.22252093395631434,1,0,1,0,1373
2019-06-19 13:00:00,0.0019386262789545868,45.403028036022164,-0.0017571974260330858,0.00021723344880929555,-0.0019744308748423814,25.895283207530753,18.18024482587744,23.90683978383254,38.75379939209789,28.892266126309213,0.005593755089326358,-6.428080659963516,-48.63221884498598,-0.08819441969853957,0.6774126680611057,0.5584580473721359,0.0028038478851421414,-0.0012590436725983256,-0.2588190451025208,-0.9659258262890683,0.9749279121818236,-0.22252093395631434,1,0,1,0,1372
2019-06-19 17:00:00,0.0020951529733149715,49.64269709859362,-0.0014866666144042195,0.0003902114083505295,-0.001876878022754749,25.056620197957706,27.31410188553072,20.540728656838322,49.82359717422378,37.918233843620406,0.005469414593844757,112.56962800352815,-38.21917808219231,-0.060533765378248255,0.6268038738585102,0.7709613569371421,0.002562328408310418,0.0006080798212095839,-0.9659258262890683,-0.25881904510252063,0.9749279121818236,-0.22252093395631434,1,0,1,0,1371
2019-06-19 21:00:00,0.0021726420466496293,59.064431482977525,-0.0010096790370379694,0.0006937591885734238,-0.0017034382256113931,24.451565907019788,25.7078007308299,18.393260415530232,70.78911769093985,53.122171419087145,0.006764328495821648,176.83274927760723,-0.7812500000022093,0.5942168846951217,0.60444839591737,1.142709768262351,0.0023266130968577535,0.002037566768845922,-0.7071067811865477,0.7071067811865474,0.9749279121818236,-0.22252093395631434,1,0,1,0,1370
2019-06-20 01:00:00,0.002139596186174663,60.19902189891349,-0.0005893647922408096,0.0008912587466964668,-0.0014806235389372765,24.522481675695456,29.181074981047885,17.34324668217138,82.99694609778345,67.869886987649,0.007942986843713307,210.22207342930088,-12.00873362445517,0.56523913276422,0.6137840441508409,1.0715734004511535,0.002225220103475474,0.003368028094004938,0.25881904510252074,0.9659258262890683,0.43388373911755823,-0.900968867902419,1,0,1,0,1369
2019-06-20 05:00:00,0.00228033931573362,66.4758124253727,-3.3171411932375605e-05,0.0011579617016039207,-0.0011911331135362963,25.54673131660897,34.32021560605065,15.110472958795127,92.4588943474032,82.08165271204214,0.0101827247826618,231.41568219194326,-9.833333333332984,0.7873945453733919,0.5759011349490799,1.1823812042756263,0.0022745533041784315,0.004950852513151194,0.9659258262890683,0.25881904510252074,0.43388373911755823,-0.900968867902419,0,0,0,0,1368
2019-06-20 09:00:00,0.002340315078895505,68.94124560535644,0.0005058766371630607,0.0013576078005594857,-0.0008517311633964249,26.927711058803524,35.935411042961704,13.671574042497726,89.06735022975693,88.17439689164785,0.012448797371612752,227.2983396966968,-10.955882352941071,0.9683586142823927,0.561142391399614,1.1274100032996446,0.002773753669730541,0.006235317645432614,0.7071067811865476,-0.7071067811865475,0.43388373911755823,-0.900968867902419,0,0,0,0,1367
2019-06-20 13:00:00,0.002437435430402956,64.91590671790988,0.0008418729532675417,0.0013548832933311732,-0.0005130103400636315,27.24623039346381,32.03901417550937,16.73144047718059,86.94281045751666,89.4896850115589,0.013734042958994497,159.8990741334693,-18.382352941176006,0.8204917593700365,0.5387835031933108,0.9665778328444472,0.0030956181403307584,0.004653958900464605,-0.2588190451025208,-0.9659258262890683,0.43388373911755823,-0.900968867902419,1,0,1,0,1366
2019-06-20 17:00:00,0.0023519043282313095,65.00305858877387,0.0010987148196937024,0.0012893801278058671,-0.0001906653081121647,27.541998347076934,30.8324424534024,16.10134359469556,84.15549947789754,86.72188672172369,0.014833962518475019,139.04944497069758,-18.195266272190334,0.9331009518702245,0.5583773048232777,0.9158362940662307,0.0033579579302611086,0.004465642188427488,-0.9659258262890683,-0.25881904510252063,0.43388373911755823,-0.900968867902419,0,0,0,0,1365
2019-06-20 21:00:00,0.0022546254476433617,65.4649933965178,0.001303377651569626,0.0011952343677454325,0.00010814328382419347,27.837046543142794,30.0554962346069,15.596339531812587,82.01704263474534,84.37178419005316,0.015826613535420364,119.63000071447827,-17.37125288239765,0.8446202333866077,0.5824692528742055,0.8808774370151471,0.0035983261423360897,0.004283190813353377,-0.7071067811865477,0.7071067811865474,0.43388373911755823,-0.900968867902419,0,0,0,0,1364
2019-06-21 01:00:00,0.002212866487097412,65.46499339651778,0.0014488727175514526,0.0010725835469818073,0.00037628917056964535,28.46299827289157,31.792329484341465,14.755610770207477,82.35407598767146,82.8422060334381,0.016592013862084087,110.14802860233686,-17.37125288239765,0.7987220447284357,0.5934610188446447,0.8404348650472181,0.003829862067774707,0.004369868881618055,0.25881904510252074,0.9659258262890683,-0.433883739117558,-0.9009688679024191,0,0,0,0,1363
2019-06-21 05:00:00,0.002294090309447594,67.52789495823284,0.0016125640345734382,0.0009890198912030342,0.0006235441433704041,28.41059342927601,28.476221902116784,16.112161672832833,84.75531642326438,83.04214501522704,0.01746542309821386,99.46933026643198,-10.991544965411581,0.7837507690387306,0.5724491292220419,0.8486030636510944,0.004017365555496162,0.00421961270442206,0.9659258262890683,0.25881904510252074,-0.433883739117558,-0.9009688679024191,1,0,1,0,1362
2019-06-21 09:00:00,0.0023437981444870554,72.23976037813179,0.0018971362740114461,0.0010188737045128337,0.0008782625694986124,28.73303580960877,29.020396522355,14.64399028020044,90.06715065757352,85.72551435616975,0.018864476669116836,109.40864409424212,-1.4357501794702077,0.877380507010129,0.5603084903403263,0.914535750827486,0.004308079590548224,0.005295777021401493,0.7071067811865476,-0.7071067811865475,-0.433883739117558,-0.9009688679024191,0,0,0,0,1361
2019-06-21 13:00:00,0.002427098277023703,75.06835704967541,0.002225309552499999,0.001077637586401109,0.0011476719660988898,29.57244877488893,30.996254126300588,13.131296048630322,95.17544004493034,89.99930237525605,0.019821983351817174,116.90477073979504,-2.0463847203271768,0.7399379979925004,0.5410782136149879,0.9369391218970041,0.004657952420630789,0.006236781526356205,-0.2588190451025208,-0.9659258262890683,-0.433883739117558,-0.9009688679024191,1,0,1,0,1360
2019-06-21 17:00:00,0.0025258769715220163,79.1661480802516,0.0026844161433101643,0.0012293953417690196,0.0014550208015411447,31.188226949692197,37.29970194976706,11.716504883045678,97.21878714193663,94.15379261481347,0.02150665338912061,144.88294409663484,-4.861503674392786,0.9536409728203419,0.5199184341938379,0.9955443232925866,0.005177122939665112,0.00861130567091406,-0.9659258262890683,-0.25881904510252063,-0.433883739117558,-0.9009688679024191,1,0,1,0,1359
2019-06-23 21:00:00,0.002476171473556158,80.66703255367489,0.0031132385019980724,0.001326574160365542,0.0017866643416325303,32.85796781177943,37.75378847579641,11.09800386919797,96.83181946758066,96.40868221814918,0.023081391639150795,150.18852163695698,-2.596653202538046,0.8175593682737425,0.5303550315576383,0.9767910086207023,0.00573230665556498,0.009428134550574008,-0.7071067811865477,0.7071067811865474,-0.7818314824680299,0.6234898018587334,1,0,1,0,1358
2019-06-24 01:00:00,0.0023764449397307157,77.4464909783143,0.0033602846405484943,0.0012588962391327711,0.002101388401415723,34.408441469431864,36.5282456229837,10.737746531550838,95.18061437435638,96.41040699462455,0.02359493666022283,137.58188851217798,-7.000000000000051,0.6432148355245596,0.5526111621794232,0.8996408270040648,0.006187091477106905,0.008661617119861464,0.25881904510252074,0.9659258262890683,0.0,1.0,1,0,1,0,1357
2019-06-24 05:00:00,0.002365984586892804,78.90826037844658,0.0036016993116001483,0.0012002487281475402,0.002401450583452608,36.03855205107049,36.81631694353021,10.014846798571941,94.6668230332066,95.55975229171452,0.02407481871167505,135.83231147256043,-6.402877697842124,0.8288687181757638,0.5550543343668449,0.8980092275981792,0.006509487017879423,0.008505354416939337,0.9659258262890683,0.25881904510252074,0.0,1.0,1,0,1,0,1356
2019-06-24 09:00:00,0.002299842830686167,79.15080269253644,0.0037641558281040766,0.0010901641957211747,0.002673991632382902,37.62873436999931,36.318907288742665,9.566947266434912,92.92933722436361,94.25892487730884,0.023602049063589536,132.50194669062304,-7.809110629067018,0.8412365291466377,0.5710172810409775,0.8713660613273414,0.006717910481387587,0.008349326063584073,0.7071067811865476,-0.7071067811865475,0.0,1.0,1,0,1,0,1355
2019-06-24 13:00:00,0.002288425485637157,79.36376804511526,0.003860506023904975,0.0009492115132176582,0.0029112945106873167,38.723087568109676,33.8929579035893,10.426138538294058,92.31621911009258,93.30412645588757,0.022943734569598195,116.35625123835969,-8.839354342813122,0.8366607938095917,0.5738661836456332,0.8473497296538647,0.0068310384917690285,0.007647646645164041,-0.2588190451025208,-0.9659258262890683,0.0,1.0,1,0,1,0,1354
2019-06-24 17:00:00,0.0022649665223773573,80.65477398096958,0.0039645922909981035,0.0008426382242486294,0.003121954066749474,39.82133453558622,32.838694528935264,9.781687778894291,93.0262238199681,92.75726005147474,0.022080309418127886,110.44233251202711,-4.272863568215612,0.9172281295097721,0.5798098943297337,0.8584188903395801,0.00686619023604122,0.007572501580217494,-0.9659258262890683,-0.25881904510252063,0.0,1.0,0,0,0,0,1353
2019-06-24 21:00:00,0.0021810403422075483,81.1433955838337,0.00402888104964938,0.0007255415863199246,0.0033033394633294553,40.90014402011156,32.41968816273496,9.432508422580996,94.41172822879172,93.25139038628409,0.021014385453787643,105.24978921113608,-3.652597402596136,0.8740887536273012,0.6021209120188896,0.8488324707910445,0.0068457111589781345,0.0074819014537999,-0.7071067811865477,0.7071067811865474,0.0,1.0,0,0,0,0,1352
2019-06-25 01:00:00,0.0021045374606212908,82.22113584983344,0.004095558783069553,0.0006337754557920782,0.0034617833272774746,42.04946125597591,33.1329139743975,9.077150923945865,96.73754352434075,94.7251651910335,0.01993530927777254,102.38297237910082,-1.861908456166006,0.747896265816655,0.6240088497224037,0.8608923192389062,0.006701905393978248,0.007466016004162412,0.25881904510252074,0.9659258262890683,0.7818314824680298,0.6234898018587336,0,1,0,1,1351
2019-06-25 05:00:00,0.0021620704991483393,68.94598393610254,0.003906482263292377,0.00035575914881192175,0.003550723114480455,41.47545508662163,29.94758174958683,14.745840493203472,91.23139434912268,94.12688870075169,0.018909766365571734,72.75286744274618,-20.79131109386987,0.3914998677365311,0.6074038753672936,0.717665301645072,0.006396491488427245,0.005458068057162979,0.9659258262890683,0.25881904510252074,0.7818314824680298,0.6234898018587336,0,0,0,0,1350
2019-06-25 09:00:00,0.002135494034923455,70.81759042607526,0.0037856219442273797,0.00018791906379753967,0.00359770288042984,40.60430499278689,28.154548299076605,15.401591915743628,87.845875355574,91.93827107634577,0.017796918722086996,61.088936332600625,-13.809154383242161,0.21900699239193486,0.6149630851331656,0.7446771864275378,0.005997716539115531,0.004671822612589693,0.7071067811865476,-0.7071067811865475,0.7818314824680298,0.6234898018587336,0,1,0,1,1349
2019-06-25 13:00:00,0.0022579587467146302,57.810008489500184,0.0033989009313502017,-0.00015904155926371082,0.0035579424906139125,38.70438794124333,24.72556590800708,18.650540022201668,74.26361295690478,84.44696088720046,0.016907665007345418,34.233053518696856,-42.60869565217366,-0.1651730803022407,0.5816093858715541,0.5512785177387468,0.005497364525575433,0.0029794101369156056,-0.2588190451025208,-0.9659258262890683,0.7818314824680298,0.6234898018587336,0,0,0,0,1348
2019-06-25 17:00:00,0.002424533121949306,58.98029070662532,0.003093077904949615,-0.0003718916685314386,0.0034649695734810535,36.026061793991346,21.382054812721314,20.871704660797782,66.83457919116387,76.31468916788084,0.016247699037114316,18.935520697052798,-43.07841239109259,-0.06681142475362162,0.5416506741488263,0.5610240254780045,0.0050390717520574025,0.002118523992629129,-0.9659258262890683,-0.25881904510252063,0.7818314824680298,0.6234898018587336,0,0,0,0,1347
2019-06-25 21:00:00,0.0023399236132386502,56.97573048055454,0.002775945016402659,-0.0005512196456627159,0.003327164662065375,33.539044657257364,20.572695426012842,20.081663187619384,48.445940901552156,63.18137768320691,0.015103200190710542,8.918685354722962,-68.9750692520773,-0.20814853198197658,0.5612362696670906,0.5074156469215709,0.004623467807743496,0.0017221087398857637,-0.7071067811865477,0.7071067811865474,0.7818314824680298,0.6234898018587336,0,0,0,0,1346
2019-06-26 01:00:00,0.0022420719265787564,54.60022521475845,0.0024455879667846236,-0.000705261356224601,0.0031508493230092247,31.45485711085477,19.936946911223224,21.754885496139384,35.06771850832447,50.116079533680136,0.013759252305292957,-15.524542848400925,-82.74336283185673,-0.27924375872636403,0.5857305398778739,0.4393862412364226,0.00426234034650731,0.0008667400406947579,0.25881904510252074,0.9659258262890683,0.9749279121818236,-0.22252093395631434,1,0,1,0,1345
2019-06-26 05:00:00,0.002223352503251709,55.45736160094337,0.0021804297317071786,-0.0007763356730416371,0.0029567654047488157,29.561494027273206,22.4918031795796,20.371046283593714,23.173501989721633,35.562387133199394,0.012216862281320573,-12.604080885717757,-78.7610619469011,-0.2686708694048907,0.5906620736384981,0.4276819219489036,0.004011649920485969,0.0013003341707724658,0.9659258262890683,0.25881904510252074,0.9749279121818236,-0.22252093395631434,0,0,0,0,1344
2019-06-26 09:00:00,0.0021866844673051654,55.69092665270293,0.0019534205192484055,-0.0008026759084003281,0.0027560964276487337,27.620375492260774,21.235465951358268,20.24579177802746,20.25565388397415,26.165624794006728,0.010285370387146386,-33.07695373211112,-77.72861356931976,-0.342150282931966,0.6005667574062151,0.3895032500316782,0.0038495742675074955,0.0009448407704439887,0.7071067811865476,-0.7071067811865475,0.9749279121818236,-0.22252093395631434,0,0,0,0,1343
2019-06-26 13:00:00,0.002343349862497657,62.752255090415765,0.0019407674836267041,-0.0006522631552176241,0.002593030638844328,26.94762336478569,25.350108512949816,17.54280633316382,33.48082595870413,25.636660610799947,0.008233545773288053,0.4337026377086897,-43.06784660766678,-0.16663743202946962,0.5604156771538475,0.5989245730123504,0.003584097087462715,0.002169520175475226,-0.2588190451025208,-0.9659258262890683,0.9749279121818236,-0.22252093395631434,0,1,0,1,1342
2019-06-26 17:00:00,0.0023109677294621063,57.54135952438071,0.0018098197493519042,-0.0006265687115939397,0.002436388460945844,26.322924960701688,23.869229050368705,16.518006711436396,39.2822025565407,31.006227466406305,0.006877756611050945,-18.404713884606682,-61.3569321533914,-0.34356430436994034,0.5682684285278479,0.40505625061654604,0.0032766625999438703,0.0018886252281036242,-0.9659258262890683,-0.25881904510252063,0.9749279121818236,-0.22252093395631434,0,0,0,1,1341
2019-06-26 21:00:00,0.0022016128916433845,58.26374785092909,0.0017057459433036382,-0.0005845140141137644,0.0022902599574174025,25.742847871195114,23.265191414079563,16.100000008784633,45.91937069813343,39.560799737792735,0.006048749953575072,-31.958255573211307,-57.81710914454157,-0.10891141286209793,0.5964945086325917,0.4052696830919144,0.0029182777331030075,0.0017590018765218929,-0.7071067811865477,0.7071067811865474,0.9749279121818236,-0.22252093395631434,0,1,0,1,1340
2019-06-27 01:00:00,0.0022229262565259963,50.54593401152134,0.0014452237768176612,-0.0006760289444797929,0.002121252721297454,23.936804243810684,21.39625921059184,21.201062484171356,31.17010816125973,38.790560471977926,0.006410397491642961,-108.52329945985339,-87.31563421828787,-0.36333637576353583,0.5907753332548042,0.11149055058649018,0.002535280906595875,0.00031188172640050915,0.25881904510252074,0.9659258262890683,0.43388373911755823,-0.900968867902419,1,0,1,0,1339
2019-06-27 05:00:00,0.002254145809631274,56.42072445283203,0.0013754104124561461,-0.0005966738470730465,0.0019720842595291927,22.274991989088182,19.592787033839773,19.857670295851687,31.80924287119072,36.2995739101946,0.006419246061716066,-68.7827921002629,-59.43952802359842,0.07656294001689017,0.5825931909057903,0.41432015618154727,0.002071148871747125,0.0008297311882883296,0.9659258262890683,0.25881904510252074,0.43388373911755823,-0.900968867902419,0,0,0,0,1338
2019-06-27 09:00:00,0.0022167068232290406,54.50235663741089,0.001263557657899872,-0.0005668212813034566,0.0018303789392033285,21.05203851859958,20.78839840661502,18.750694551091556,29.010905515331455,30.66341884926061,0.006485196681740302,-34.20449099747103,-66.21212121211937,-0.008796854244921047,0.5924328766611591,0.3416393441248271,0.0016894527170290357,0.0013245526932252893,0.7071067811865476,-0.7071067811865475,0.43388373911755823,-0.900968867902419,0,0,0,0,1337
2019-06-27 13:00:00,0.0021897991929983995,54.387463359640414,0.0011591310535279398,-0.0005369983085403113,0.001696129362068251,19.661437351044462,19.54070888622186,20.16956966220651,38.21379701910869,33.01131513521026,0.006490722918199854,-54.96926823612947,-59.70695970695616,0.03520383017673889,0.5997125235039575,0.35232769722579776,0.0014258611475391541,0.0007647218111004328,-0.2588190451025208,-0.9659258262890683,0.43388373911755823,-0.900968867902419,1,0,1,0,1336
2019-06-27 17:00:00,0.002100527822069954,55.366947381246675,0.0010872397702903491,-0.00048711167342232174,0.0015743514437126709,18.37016483831471,18.91609491470824,19.524854310077476,39.89510489510727,35.706602476515776,0.006419725539369647,-33.82434660617064,-54.39560439560267,0.11623708843705038,0.6252000026859272,0.4103544230246687,0.0014030653983551605,0.0010194107328791446,-0.9659258262890683,-0.25881904510252063,0.43388373911755823,-0.900968867902419,1,0,1,0,1335
2019-06-27 21:00:00,0.0020147758347792357,55.684995712350144,0.0010257039811978341,-0.0004389179700118695,0.0014646219512097036,17.107084035976857,19.16339341441979,18.90187224726887,46.891501987044514,41.66680130042014,0.00629346931356789,-19.188995274503732,-45.22292993630765,0.10036271437122926,0.6518094853683294,0.43811044741882954,0.0014066008910889021,0.0011249245409152842,-0.7071067811865477,0.7071067811865474,0.43388373911755823,-0.900968867902419,1,0,1,0,1334
2019-06-28 01:00:00,0.0019408632751521462,52.63325357703359,0.0009115582321228555,-0.0004424509752694785,0.001354009207392334,16.159847603174775,18.472238320610206,19.94986559428833,45.40873817551111,44.06511501922094,0.005938449629390163,-46.44790333087485,-64.15525114155636,0.03433249702890888,0.676631897162902,0.3494556566455242,0.0014209634469390814,0.0005626639109752585,0.25881904510252074,0.9659258262890683,-0.433883739117558,-0.9009688679024191,1,0,1,0,1333
2019-06-28 05:00:00,0.0020308016126412694,61.652861627817565,0.0010279220101168107,-0.0002608697578204188,0.0012887917679372295,16.009941802558014,23.49801014548225,17.704461981099556,61.7706948029537,51.356978321836415,0.005550931813740334,70.88211131649544,-5.3097345132749,0.06588772731264221,0.6466658248768974,0.8375109013881865,0.00141413020300948,0.0019068507980974925,0.9659258262890683,0.25881904510252074,-0.433883739117558,-0.9009688679024191,0,1,0,1,1332
2019-06-28 09:00:00,0.0020678872117383252,59.40523471275927,0.001067489961421364,-0.0001770414452126924,0.0012445314066340564,15.898830574846953,21.60097638771323,16.145024275256876,71.08278742213083,59.420740133531865,0.004529079376736522,104.98626745580205,-17.286652078776253,0.13103969887253014,0.6350684856240513,0.8300891584454942,0.001387864907545114,0.0018309694009162047,0.7071067811865476,-0.7071067811865475,-0.433883739117558,-0.9009688679024191,0,1,0,1,1331
2019-06-28 13:00:00,0.002217323839471298,49.17323891915729,0.000874929353908982,-0.0002956816421800597,0.0011706109960890416,14.909767948152657,18.70623646445021,19.490005707586946,67.37669681067196,66.74339301191881,0.004420047058659726,-24.99594221718308,-75.27352297593299,-0.12309856678097844,0.5922680199537896,0.2685545003427641,0.0013625346691453501,0.0003167585155094965,-0.2588190451025208,-0.9659258262890683,-0.433883739117558,-0.9009688679024191,0,0,1,0,1330
2019-06-28 17:00:00,0.002219657850937624,54.57814591636942,0.0008497046117961204,-0.000256725107434337,0.0011064297192304574,13.991352651936527,17.35181175862606,18.078832204184675,56.455142231945295,64.97154215491601,0.003834034950382481,16.005121638943937,-38.0743982494549,0.20258962388795637,0.5916452391278499,0.7005719848545733,0.001288296975939362,0.000533684500935383,-0.9659258262890683,-0.25881904510252063,-0.433883739117558,-0.9009688679024191,0,1,0,1,1329
2019-06-30 21:00:00,0.002217539433013502,47.589413701728425,0.0006463552598636735,-0.00036805956749342726,0.0010144148273571007,13.252970096972087,16.1277888237055,17.3511066194727,33.43615547993728,52.42266484085149,0.004006402875492032,-102.96503291573806,-86.3436123348003,-0.15564681363710792,0.5922104384927995,0.1590457718678085,0.0011722611121774676,-0.00044434359247280675,-0.7071067811865477,0.7071067811865474,-0.7818314824680299,0.6234898018587334,0,1,0,1,1328
2019-07-01 01:00:00,0.0021198580449411104,45.98938382526748,0.00043579545125727037,-0.00046289550087986434,0.0008986909521371347,12.963792079053958,15.665877149516325,18.84216196493591,25.707946545336494,38.533081419073,0.004340910503654705,-176.7318102578533,-98.45814977973536,-0.1583573068700699,0.6194990287835439,0.08050275432614609,0.00097082260883752,-0.0012061294384084764,0.25881904510252074,0.9659258262890683,0.0,1.0,0,0,0,1,1327
2019-07-01 05:00:00,0.002200582470302458,41.189808907388155,0.00012466402911548435,-0.0006192215384173204,0.0007438855675328047,14.308962326807418,14.013259476597279,27.079038760659884,11.280768560691646,23.47495686198845,0.005348142107378884,-284.75783475784743,-81.35593220338944,-0.3114442567567654,0.5967738168065572,-0.1420921379897542,0.0011183636251491673,-0.002848439083335652,0.9659258262890683,0.25881904510252074,0.0,1.0,0,0,0,0,1326
2019-07-01 09:00:00,0.002324112293852282,46.335250524276205,-6.473785152394385e-08,-0.000595160244307463,0.0005950955064559391,14.739153657459232,15.762864212243745,23.80833921501597,19.505692793977605,18.831469300001892,0.005553469546212941,-171.65898617512477,-61.66883963494241,-0.20405829734461223,0.5650544526070429,0.16255329494368367,0.001126819936044421,-0.0016790972900020407,0.7071067811865476,-0.7071067811865475,0.0,1.0,0,1,0,1,1325
2019-07-01 13:00:00,0.0025638185585771128,35.049915089780676,-0.000509409900143698,-0.0008836043252797097,0.0003741944251360117,16.240208919276238,13.268452439894725,28.036648049535223,19.684812027486895,16.823757794052025,0.008275089123428003,-280.3366900195645,-97.92079207920749,-0.6657754481011641,0.5122242350600806,-0.3111695112740015,0.0015446253955937051,-0.00435076950680191,-0.2588190451025208,-0.9659258262890683,0.0,1.0,0,0,0,0,1324
2019-07-01 17:00:00,0.0024828315186787506,33.56551652501963,-0.0009720659686043298,-0.0010770083149922731,0.00010494234638794338,17.979296195119954,12.722592750310866,30.10535735375939,14.836730010909948,18.009078277458126,0.010595458649847789,-282.51859196826916,-95.90017825312029,-0.6828942041994465,0.528932386317881,-0.18085773711208697,0.002168666468408913,-0.006259774612924707,-0.9659258262890683,-0.25881904510252063,0.0,1.0,0,0,0,0,1323
2019-07-01 21:00:00,0.00237334355305884,33.303630798575625,-0.00133543393143154,-0.0011523010222555868,-0.0001831329091759533,19.615544383744975,12.358836397945264,29.455277203024025,3.181613373133287,12.567718470510021,0.012113044043533083,-214.86783799696389,-96.6341895482724,-0.9323559106272642,0.5533332914686717,-0.06719846599319738,0.0026393846572175207,-0.0059951259772239585,-0.7071067811865477,0.7071067811865474,0.0,1.0,1,0,1,0,1322
2019-07-02 01:00:00,0.0023081047278403527,35.33219186718994,-0.0015602329458241915,-0.0011016800293185906,-0.00045855291650560094,21.295486927593288,11.800434490980683,29.70270640905943,6.584589263942415,8.200977549328528,0.013172019435171212,-169.43463667669238,-87.71186440678011,-0.8396644855298417,0.5689733157077242,0.051549401435928975,0.0030074789993545506,-0.005500182565712608,0.25881904510252074,0.9659258262890683,0.7818314824680298,0.6234898018587336,0,0,1,0,1321
2019-07-02 05:00:00,0.0022410972472803343,36.73826289568179,-0.0016882637070054773,-0.000983768632399901,-0.0007044950746055762,22.12369339253117,14.344896164967889,28.405742616951517,10.387473540406218,6.717892059160618,0.013813231193333664,-124.10897526280077,-84.49152542372887,-0.5748745488159103,0.5859852809125905,0.12858074782125167,0.0032351609177047333,-0.004327234627122367,0.9659258262890683,0.25881904510252074,0.7818314824680298,0.6234898018587336,0,0,0,0,1320
2019-07-02 09:00:00,0.002308876015331741,38.481997017501044,-0.0017326380787912044,-0.0008225144033485025,-0.0009101236754427019,21.467791463250983,19.7352673139208,25.602451617151317,15.734463276835706,10.902175360394757,0.014371778456421236,-87.46236370545977,-80.59322033898393,-0.6830168776371356,0.5687832483336318,0.19405317418907,0.0033634015322510846,-0.00304878919028595,0.7071067811865476,-0.7071067811865475,0.7818314824680298,0.6234898018587336,0,0,0,0,1319
2019-07-02 13:00:00,0.0023282420142366187,41.680862815226426,-0.0016798528933950063,-0.0006157833743618436,-0.0010640695190331628,21.01032011880443,18.17317548183181,24.61905099077294,20.508474576270633,15.543470464504162,0.01441853959319106,-79.68339381804513,-73.38983050847531,-0.4174666643180663,0.5640521870019543,0.27657237897232717,0.003438585469081856,-0.002939819388396492,-0.2588190451025208,-0.9659258262890683,0.7818314824680298,0.6234898018587336,0,1,0,1,1318
2019-07-02 17:00:00,0.0023376532989340124,36.467423068767886,-0.0017924587692994542,-0.0005827114002130331,-0.001209747369086421,20.76286747441611,16.807153176297113,23.960183110409872,18.10251581437944,18.11515122249524,0.014911532583888665,-89.20093614175977,-91.70940170940246,-0.5604166115942921,0.5617813388319183,0.16579558660626817,0.0035462842333816567,-0.0036461005039916117,-0.9659258262890683,-0.25881904510252063,0.7818314824680298,0.6234898018587336,0,0,0,0,1317
2019-07-02 21:00:00,0.002242106634724432,39.58034985291591,-0.0017940450393751917,-0.0004674381362310164,-0.0013266069031441753,20.533090018912674,16.271714351679616,23.196864531249737,17.464493050795003,18.691827813815003,0.015036724510355981,-81.07569265364064,-82.50728862973722,-0.33183302444620827,0.5857214726816087,0.2480501822460879,0.0036203303172893057,-0.003412679130339047,-0.7071067811865477,0.7071067811865474,0.7818314824680298,0.6234898018587336,0,0,0,0,1316
2019-07-03 01:00:00,0.0021469561608155417,38.384621923344,-0.0018139312049401113,-0.0003898594414367489,-0.0014240717635033624,20.26174113114538,16.045238902248318,22.494569709375764,13.147790742010534,16.238266535728304,0.015052406983611988,-74.32465320029655,-86.33993743482874,-0.5076634261993097,0.611679932719795,0.24259930626256063,0.003716395256116228,-0.003213264799911908,0.25881904510252074,0.9659258262890683,0.9749279121818236,-0.22252093395631434,0,0,0,0,1315
2019-07-03 05:00:00,0.002149316435042992,38.42550487165698,-0.0018080422326054446,-0.0003071763752816657,-0.001500865857323779,20.84199108680794,14.882788890680558,26.680679301504775,17.58949815315017,16.067260648651878,0.014869363268151137,-80.85861291162998,-78.38427947598355,-0.05223781486565057,0.611008215723122,0.26754216453884805,0.003805427939608059,-0.00363700361591901,0.9659258262890683,0.25881904510252074,0.9749279121818236,-0.22252093395631434,0,0,0,0,1314
2019-07-03 09:00:00,0.0021622224039684885,36.89635777681142,-0.0018290917017724784,-0.00026258067555895957,-0.0015665110262135188,20.68061548912953,16.908584921262385,24.62703887453328,16.853208627982053,15.863499174380896,0.014784561001267349,-67.3431422289869,-84.71615720524159,-0.02658207659182043,0.6073612028021235,0.25423686914419713,0.003813812866268292,-0.0029811099933116925,0.7071067811865476,-0.7071067811865475,0.9749279121818236,-0.22252093395631434,0,0,0,0,1313
2019-07-03 13:00:00,0.0022970636608278905,36.57207993219463,-0.001834311750814388,-0.00021424057968069525,-0.0016200711711336928,19.723469087436122,18.603924186610826,21.52557910524071,16.957787481804043,17.133498087645396,0.013578176018896215,-58.974187657292276,-86.02620087336277,-0.023927049085897437,0.5717081430501967,0.2636648696014873,0.003804444345682855,-0.0025524878605136525,-0.2588190451025208,-0.9659258262890683,0.9749279121818236,-0.22252093395631434,0,0,0,0,1312
2019-07-03 17:00:00,0.002198701970768758,35.616927710895396,-0.001844620202333891,-0.00017963922496015846,-0.0016649809773737324,18.834690285863676,18.047894490153855,20.882227675945945,13.649728069984137,15.82024139325672,0.012189522550127396,-76.43125170324812,-88.30845771144327,-0.10363245024312823,0.5972842238099386,0.2528615261499001,0.003786527644992462,-0.0031793554983392536,-0.9659258262890683,-0.25881904510252063,0.9749279121818236,-0.22252093395631434,0,0,0,0,1311
2019-07-03 21:00:00,0.002120937544285271,39.98576286556436,-0.001761475881417951,-7.71959232353746e-05,-0.0016842799581825764,17.724294111735695,18.821367697718728,20.101600098474236,20.045012794963338,16.884176115583816,0.011384430596214301,-60.4848154574969,-65.53030303030398,-0.05932511045980931,0.6191837206797848,0.3443049052809572,0.0036957385913946295,-0.0024496737251384904,-0.7071067811865477,0.7071067811865474,0.9749279121818236,-0.22252093395631434,0,1,0,1,1310
2019-07-04 01:00:00,0.00206515629112203,39.65644916634494,-0.0016842377282055843,3.378398159381395e-08,-0.001684271512187178,16.62013285766893,20.05888618616271,19.169946497528525,26.245665611336523,19.980135492094643,0.009408998884045339,-49.08727795101082,-67.42424242424319,-0.10886593558321539,0.6359082872543713,0.348814946464497,0.0035891066624545867,-0.001980766493794084,0.25881904510252074,0.9659258262890683,0.43388373911755823,-0.900968867902419,0,1,0,1,1309
2019-07-04 05:00:00,0.0019955022703276016,37.65273016307766,-0.001652393161122534,2.5502680851715448e-05,-0.0016778958419742494,15.466871220400234,19.276262387345934,19.460054565565205,29.41919191919008,25.23662344182996,0.00814205158420922,-64.15791395494011,-78.78787878788262,-0.23702550677468567,0.6581049891686687,0.29716414432904414,0.0033392951998257284,-0.002260838507624152,0.9659258262890683,0.25881904510252074,0.43388373911755823,-0.900968867902419,0,0,0,0,1308
2019-07-04 09:00:00,0.001941537822447052,39.46440875919152,-0.001582288236357865,7.648608449310756e-05,-0.0016587743208509725,14.500541409866708,18.39689445671611,19.124147505716998,27.08333333333159,27.58273028795271,0.006647784292520331,-61.45935586406468,-72.53787878787945,-0.01595023526595661,0.6763968153578496,0.3504012831585167,0.003000410086708944,-0.0020247714270140715,0.7071067811865476,-0.7071067811865475,0.43388373911755823,-0.900968867902419,0,1,0,1,1307
2019-07-04 13:00:00,0.0018849994065579757,38.765953601272365,-0.0015244876458857526,0.0001074293399721761,-0.0016319169858579287,13.907457664904138,17.59521066415214,19.920177705868944,24.179292929290355,26.89393939393732,0.0057382823213791845,-87.22741433023164,-76.1363636363669,-0.10625675173110753,0.6966845694651995,0.336797852118435,0.0027405091238070166,-0.002212389712853202,-0.2588190451025208,-0.9659258262890683,0.43388373911755823,-0.900968867902419,0,1,0,1,1306
2019-07-04 17:00:00,0.0017824994489466961,41.0144552071111,-0.0014315158140814077,0.00016032093742121686,-0.0015918367515026246,13.267046077043906,17.71871922572189,19.560967818517497,29.61812056491461,26.960248942512163,0.002682613650867083,-55.04035478385991,-62.47139588100985,-0.029233290516892545,0.7367463708199281,0.4060617618497957,0.002348917299500612,-0.0016367318691583588,-0.9659258262890683,-0.25881904510252063,0.43388373911755823,-0.900968867902419,0,1,0,1,1305
2019-07-04 21:00:00,0.001713035202593359,38.985935220647086,-0.001382247104672496,0.00016767171746410298,-0.001549918822136599,12.494483411600035,17.995914656261366,18.900303222841604,29.15973233478688,27.652381942997255,0.002683146660137581,-70.32075290503447,-73.91304347826264,-0.07441135304643197,0.7666217238337394,0.24637987177145562,0.0019719933544204734,-0.0016407266529592235,-0.7071067811865477,0.7071067811865474,0.43388373911755823,-0.900968867902419,0,1,0,1,1304
2019-07-05 01:00:00,0.0016378184024081264,39.62904493429473,-0.0013199169522333243,0.00018400149592261985,-0.0015039184481559441,11.926473908928621,17.477921432746527,19.141294525872027,30.663615560638487,29.8138228201133,0.002729245316897444,-81.23632385117043,-71.62471395881208,-0.014180877087242348,0.80182882184563,0.29573107754426986,0.0015914945970249607,-0.0016352018540557456,0.25881904510252074,0.9659258262890683,-0.433883739117558,-0.9009688679024191,0,1,0,1,1303
2019-07-05 05:00:00,0.001667259945093268,32.720682790267816,-0.0014044170669635925,7.960110495388141e-05,-0.0014840181719174739,12.595901453211033,15.942907606936148,24.571947658919733,18.873035102674788,26.232127666033364,0.003447733168299383,-213.69346607710997,-97.84313725490094,-0.16841582754219372,0.7876696155658773,-0.16971540060880755,0.001420126033460208,-0.0026666523723979374,0.9659258262890683,0.25881904510252074,-0.433883739117558,-0.9009688679024191,0,1,0,1,1302
2019-07-05 09:00:00,0.0018188842347294603,27.61921003716929,-0.0016005990136387371,-9.326467337701042e-05,-0.0015073343402617267,14.605863179665974,13.57003925027436,32.2246894038641,15.02282987947259,21.519826847595265,0.0049616916469856776,-329.61586121435516,-85.46365914786924,-0.30057987976804845,0.7220085670792193,-0.2882392293313477,0.0011705021064426857,-0.004247320182605874,0.7071067811865476,-0.7071067811865475,-0.433883739117558,-0.9009688679024191,0,1,0,1,1301
2019-07-05 13:00:00,0.0019518210751059365,22.39918349164243,-0.0019386834560350952,-0.00034507929261869477,-0.0015936041634164004,17.27142629479239,11.742524530159493,37.10705814933145,9.183448818124624,14.359771266757312,0.007404432186179033,-365.9020557186835,-89.14285714285597,-0.6033489855586057,0.6728331898602552,-0.3207246480483806,0.0016201385040084026,-0.006265801234664137,-0.2588190451025208,-0.9659258262890683,-0.433883739117558,-0.9009688679024191,0,0,0,0,1300
2019-07-05 17:00:00,0.001900976712598363,27.347760757718923,-0.0021136649028579146,-0.00041604859155321117,-0.0016976163113047035,19.746592044552635,11.19540989914984,35.37814420283877,14.781954887218985,12.996077861605377,0.008479121416732127,-247.37054076240526,-81.04761904761786,-0.5192273613326224,0.6908290834373112,-0.07464680130479014,0.0020040106324984573,-0.005724670469224424,-0.9659258262890683,-0.25881904510252063,-0.433883739117558,-0.9009688679024191,0,1,0,1,1299
2019-07-07 21:00:00,0.0018366212331270436,26.043195572958897,-0.0022761299691396175,-0.0004628109262679312,-0.0018133190428716863,21.914548905637528,11.304484029805327,34.00224249015956,15.131805623274298,13.032403109539281,0.009250457069768903,-186.51393518303075,-84.41410693970329,-0.5212765957446708,0.715035836629228,-0.04748646059351422,0.0023015449372671033,-0.0052973634983533024,-0.7071067811865477,0.7071067811865474,-0.7818314824680299,0.6234898018587334,0,0,0,0,1298
2019-07-08 01:00:00,0.0017790054307608165,31.7544646877853,-0.0022969088105950775,-0.00038687181417871273,-0.0019100369964163647,23.79066934610822,11.399094736301402,32.596067156808836,20.53816566444635,16.817308724979856,0.009806059147262403,-138.25125891047065,-72.92377701933984,-0.46085808229862657,0.7381933620283386,0.1139631687764159,0.0025024586903306827,-0.004487174418485118,0.25881904510252074,0.9659258262890683,0.0,1.0,0,1,0,1,1297
2019-07-08 05:00:00,0.0017576478999921815,31.92263208692501,-0.002284619768309737,-0.00029966621751469774,-0.001984953550795039,25.20028342682538,12.054570556748745,30.635566446403704,23.35987864998147,19.676616645900683,0.010060395817241385,-113.56102758375164,-72.58248009101248,-0.4414345737231181,0.7471632970436467,0.1574190456708137,0.0026383664026420617,-0.004054600465006164,0.9659258262890683,0.25881904510252074,0.0,1.0,0,1,0,1,1296
2019-07-08 09:00:00,0.001774244478564164,29.739206195703424,-0.0023151668745728937,-0.00026417065902228356,-0.00205099621555061,26.772095608786,11.08882365925634,30.91879455748572,24.548419347054764,22.815487887160838,0.010493582610316299,-110.1828242825385,-80.84848484848341,-0.5485060078687057,0.7401742070307971,0.1235318149479083,0.002731773204903702,-0.00424543242780584,0.7071067811865476,-0.7071067811865475,0.0,1.0,0,1,0,1,1295
2019-07-08 13:00:00,0.001772512730095289,27.676060440499995,-0.002379724671507377,-0.00026298276476541347,-0.0021167419067419637,28.44808417473823,10.306824786203133,31.115936382571768,18.659320492624868,22.189206163220344,0.010999029775370595,-111.82113942903733,-90.59107358262953,-0.5788904452048655,0.7408973587057965,0.09796453957222478,0.0028424860372597747,-0.0045988645002479345,-0.2588190451025208,-0.9659258262890683,0.0,1.0,0,0,0,1,1294
2019-07-08 17:00:00,0.0017351903922313537,27.602410195441035,-0.002405577934957437,-0.00023106882257237834,-0.0021745091123850585,30.004359271693872,9.776478250644807,29.51483910931256,12.610382047477453,18.60604062905234,0.011423154730609841,-99.96036464526358,-90.72929542645473,-0.5903627273694385,0.7568333745274125,0.14011692943421206,0.002961809949400196,-0.00430762200689494,-0.9659258262890683,-0.25881904510252063,0.0,1.0,0,0,0,1,1293
2019-07-08 21:00:00,0.0016533910785005333,28.422928971274672,-0.002388846697661151,-0.00017147006822087378,-0.0022173766294402773,31.44947186172411,9.527288127609467,28.762543016541855,9.811216098743381,13.693639546281878,0.011667764824481619,-86.9351439943776,-89.24598269468561,-0.41553460124660535,0.7942766941690477,0.18614382830922793,0.003036661178193901,-0.003846478913009932,-0.7071067811865477,0.7071067811865474,0.0,1.0,0,0,0,1,1292
2019-07-09 01:00:00,0.0015960060014647821,29.919793577705793,-0.0023317627174694877,-9.150887042336806e-05,-0.0022402538470461197,32.924398133421406,9.164856850451905,29.100522341584576,11.124845488255984,11.182147878158915,0.011785519759407226,-80.07740686986351,-86.65018541409172,-0.23478562471652087,0.8228352517438692,0.2326804363052957,0.003083984446207963,-0.003590893933302697,0.25881904510252074,0.9659258262890683,0.7818314824680298,0.6234898018587336,0,0,0,1,1291
2019-07-09 05:00:00,0.0016370055727887268,24.855197593228514,-0.002412032958431176,-0.00013742328910804503,-0.002274609669323131,34.79436277901577,8.297081666644763,32.27931711042309,9.015002787270845,9.983688124756712,0.012037142518028343,-96.09453010172231,-97.05882352941015,-0.178270596939094,0.8022269574579445,0.11701874069404235,0.003197478273707414,-0.004315622418638254,0.9659258262890683,0.25881904510252074,0.7818314824680298,0.6234898018587336,1,0,1,0,1290
2019-07-09 09:00:00,0.0016350766033038098,28.816384474621174,-0.0024011673870085737,-0.00010124617414835387,-0.00229992121286022,36.62250427802634,7.713522223780672,31.23219707687843,9.64878609604555,9.929544790524103,0.011907713634416783,-92.93191638073112,-87.3446327683615,-0.20218394285408858,0.8031733787557525,0.19570144939268405,0.003265434621139845,-0.0041359726251473106,0.7071067811865476,-0.7071067811865475,0.7818314824680298,0.6234898018587336,1,0,1,0,1289
2019-07-09 13:00:00,0.0016004282744963938,31.498295967921585,-0.0023333819121102994,-2.6768559400063528e-05,-0.002306613352710236,38.063023415151534,8.165608777472203,29.62918746774687,11.77039999758667,10.144729626967665,0.011656085792376203,-78.10390938739094,-80.28534370946836,-0.1113962856022505,0.8205616089938426,0.25403406846274695,0.0032594493869368534,-0.0034248281484687837,-0.2588190451025208,-0.9659258262890683,0.7818314824680298,0.6234898018587336,1,0,1,0,1288
2019-07-09 17:00:00,0.0015618262548895128,31.307753298967718,-0.0022584687119806546,3.851571258366507e-05,-0.0022969844245643196,39.04220208452687,8.958840173893654,28.19282234173357,20.370060334161863,13.929748809264671,0.01111663906039917,-70.23349880492519,-71.25984251968455,-0.20656558011983278,0.840842568684378,0.27052416776872956,0.0032581516468437217,-0.0029821752299246107,-0.9659258262890683,-0.25881904510252063,0.7818314824680298,0.6234898018587336,1,0,1,0,1287
2019-07-09 21:00:00,0.001500981522397404,29.880255018146787,-0.0022091382137368054,7.027696866201147e-05,-0.002279415182398817,40.014210943644315,8.656144122364804,27.90649047094272,24.424110673007927,18.85485700158546,0.010490497604934923,-78.55469710498662,-75.18248175182332,-0.24840628227499628,0.8749274927131984,0.2519183457250324,0.0032143787262643637,-0.003071734544864091,-0.7071067811865477,0.7071067811865474,0.7818314824680298,0.6234898018587336,1,0,1,0,1286
2019-07-10 01:00:00,0.0014501971279404515,32.87658561368969,-0.0021134047668085465,0.0001328083324722163,-0.002246213099280763,40.7216648621344,8.959632229731895,26.82062196346824,29.369184691330577,24.721118566166766,0.009322501810088646,-72.25537066547477,-65.4501216545004,-0.13899655181631124,0.9055665431258012,0.3053097723150089,0.0031044386046383174,-0.0026481291146081,0.25881904510252074,0.9659258262890683,0.9749279121818236,-0.22252093395631434,1,0,1,0,1285
2019-07-10 05:00:00,0.0015144687616589802,44.28589274483008,-0.0018723212426701163,0.0002991134852885174,-0.0021714347279586338,39.2535606118649,15.8429918772544,23.84794066002068,45.74209245742168,33.17846260725337,0.00787920072082704,-20.951436129999156,-22.141119221411255,0.0945171156229515,0.8671357463731633,0.5302695677455715,0.0029527286944802072,-0.0013445454521063827,0.9659258262890683,0.25881904510252074,0.9749279121818236,-0.22252093395631434,0,0,0,0,1284
2019-07-10 09:00:00,0.001715578135826192,55.57115982782694,-0.001465064108457037,0.0005650964956012772,-0.0020301606040583143,37.29712425059768,24.811224163057663,19.54861601414807,67.90436898339176,47.67188204404798,0.006369870014298673,103.10794377985376,-8.695652173913048,0.3174433327983172,0.7654853909452292,0.9495382156263955,0.0027551641418473902,0.0006551515173953693,0.7071067811865476,-0.7071067811865475,0.9749279121818236,-0.22252093395631434,0,0,0,0,1283
2019-07-10 13:00:00,0.0017980368404100302,58.90973504326571,-0.0010559018054872027,0.0007794070388568895,-0.0018353088443440922,36.00002706149305,25.518018303842215,17.31981502807574,87.32671000437539,66.99105714839625,0.006209031808507515,200.37184918771806,-7.183098591549564,0.38873731699922603,0.730379917966821,1.1119311540317676,0.002600525212507939,0.0018784727293370551,-0.2588190451025208,-0.9659258262890683,0.9749279121818236,-0.22252093395631434,0,0,1,0,1282
2019-07-10 17:00:00,0.001752462780380746,55.12743943473223,-0.0007855222028130271,0.0008398293132248521,-0.0016253515160378792,34.79557967161017,24.311516167703633,16.500927229654806,88.65074505000996,81.29394134592569,0.00645222566244108,201.89255732552294,-18.16901408450753,0.30041273322100154,0.749373975129263,0.962321089816188,0.0023958915451975497,0.0018600615776569462,-0.9659258262890683,-0.25881904510252063,0.9749279121818236,-0.22252093395631434,1,0,1,0,1281
2019-07-10 21:00:00,0.001729429724639267,58.68036938057097,-0.00048735559441803744,0.0009103967372958734,-0.0013977523317139108,33.88092207859579,24.279900951720215,15.52635634728205,89.6485076429832,88.5419875657895,0.00730391566210109,186.07881014609032,-5.70236439499332,0.5571975819053677,0.7593543590063622,1.012191018224851,0.0022076525839939964,0.002134456651444294,-0.7071067811865477,0.7071067811865474,0.9749279121818236,-0.22252093395631434,0,0,1,0,1280
2019-07-11 01:00:00,0.001769470458593614,63.40875861058989,-0.00013093041012668394,0.0010134575372697816,-0.0011443879473964655,33.85870796960394,28.332728747619754,14.091086108154874,90.13811193540386,89.47912154279898,0.008603920966577583,194.03067416970958,-5.714285714287604,0.6363401072763981,0.7421711923033624,1.0774111616434343,0.002113141307065974,0.0031075667859956635,0.25881904510252074,0.9659258262890683,0.43388373911755823,-0.900968867902419,0,0,0,0,1279
2019-07-11 05:00:00,0.0017309368544083607,62.26044882556254,0.0001322623172825832,0.001021320211743239,-0.0008890578944606559,33.838080582682935,26.894644746592885,13.375865005742282,93.45159282071569,91.07940413303423,0.009526061095707306,161.64863219036113,-8.228571428572007,0.5807988437552987,0.7586931878279711,0.9708136925576859,0.002153767903843949,0.003006161443115607,0.9659258262890683,0.25881904510252074,0.43388373911755823,-0.900968867902419,0,0,0,0,1278
2019-07-11 09:00:00,0.0017744413648077642,59.11611290147106,0.00028909693485656973,0.0009425238634537806,-0.0006534269285972109,34.1501408118135,27.098593493242216,12.115930280280594,88.793822393821,90.79450904998016,0.010111544886869162,130.87937699389929,-19.675675675677397,0.5326504938392599,0.7400920797077295,0.8661656098474134,0.002299010061424889,0.002658335194333228,0.7071067811865476,-0.7071067811865475,0.43388373911755823,-0.900968867902419,0,1,0,1,1277
2019-07-11 13:00:00,0.001843409838750064,52.84137578515798,0.00030417708327079573,0.0007660832094944053,-0.0004619061262236096,32.86273658879286,24.221543714128668,17.494253340478252,79.41930501930396,87.2215734112802,0.01032490658549401,76.1184804830554,-33.83783783783875,0.45520676205181165,0.7124026206187863,0.7205346829189657,0.002369921419854292,0.0011116683787866233,-0.2588190451025208,-0.9659258262890683,0.43388373911755823,-0.900968867902419,0,0,1,0,1276
2019-07-11 17:00:00,0.0018210234216964902,52.96450186599492,0.00031491877125033874,0.0006214599179791586,-0.0003065411467288199,31.667289810273697,22.767927756001555,16.444364607894947,70.14665828619182,79.45326189977224,0.01048158976487823,59.11783074483276,-36.046511627908416,0.422031282065,0.7211604114221433,0.7049784477541102,0.002414991419198416,0.0006915349084832823,-0.9659258262890683,-0.25881904510252063,0.43388373911755823,-0.900968867902419,0,0,1,0,1275
2019-07-11 21:00:00,0.0017688074630038864,54.54093158444178,0.0003492614752658163,0.0005246420975957089,-0.00017538062232989266,30.557232087363044,21.765757739797653,15.720537243271796,65.85897131435729,71.80831153995099,0.010554547645409862,58.67009634693999,-32.538736591180964,0.29575520021379803,0.7424493775991686,0.7178681718301726,0.002460660132789716,0.0008355454491379977,-0.7071067811865477,0.7071067811865474,0.43388373911755823,-0.900968867902419,0,0,0,0,1274
2019-07-12 01:00:00,0.0017567497870750407,59.552023264198645,0.00047349850575884034,0.0005191033024709864,-4.5604796712146064e-05,30.34288592047188,25.879474216209303,14.697834499249321,71.3376943759174,69.11444132548881,0.010804521090694408,81.54422602241247,-17.401668653158474,0.18844109438055517,0.7475452734714939,0.804085666770529,0.0025593085404780383,0.0018359018132070304,0.25881904510252074,0.9659258262890683,-0.433883739117558,-0.9009688679024191,0,1,0,1,1273
2019-07-12 05:00:00,0.0017269819451411178,54.93085632117021,0.0004936443443985805,0.00043139931288858126,6.224503150999925e-05,30.20455226021815,24.900123442850127,13.883238414674965,73.92074421511573,70.37246996846345,0.010783453064732385,71.2989860540716,-28.297362110313372,0.02664440378705499,0.7604306482154275,0.6996113848763175,0.0026372439279436608,0.0015602296681505035,0.9659258262890683,0.25881904510252074,-0.433883739117558,-0.9009688679024191,0,0,0,1,1272
2019-07-12 09:00:00,0.0018107689490596184,47.480169985199254,0.0003689877297217148,0.0002453941585693724,0.00012359357115234237,28.13987142574273,22.051674602460704,21.486109823749533,68.36358755838857,71.20734204980721,0.010579530991461805,25.000928712061743,-49.21020656136245,-0.05421451171388953,0.7252443779102832,0.5306724372055553,0.002638161781352576,-3.3522038634936635e-05,0.7071067811865476,-0.7071067811865475,-0.433883739117558,-0.9009688679024191,1,0,1,0,1271
2019-07-12 13:00:00,0.0018728568812696469,55.9991397305566,0.00044580676118899376,0.0002577705520293211,0.00018803620915967264,26.270493629933053,20.064699193942605,19.28997014524432,65.97780275394585,69.42071150915002,0.010012300235178184,44.88815606201217,-24.559023066486642,0.05860779838916314,0.7012014709365948,0.7216773316686622,0.0026330760247093524,0.000766493057789086,-0.2588190451025208,-0.9659258262890683,-0.433883739117558,-0.9009688679024191,0,0,0,0,1270
2019-07-12 17:00:00,0.001814081389750386,56.97221715103832,0.0005240460962565585,0.0002688079096775087,0.0002552381865790498,24.960196985958635,21.67637935644453,18.492460304138245,65.31729530333347,66.55289520522261,0.00949132572401723,73.66642207546195,-30.278884462150568,-0.046115643845322275,0.7239201104315945,0.7295780445598158,0.0026519686995019197,0.0016742402798326506,-0.9659258262890683,-0.25881904510252063,-0.433883739117558,-0.9009688679024191,0,0,0,0,1269
2019-07-14 21:00:00,0.001748075576196791,58.141017931904415,0.0006064951924347195,0.00028100560468453576,0.00032548958775018374,23.77802336890284,21.09239113608228,17.819953843123407,73.45739216832588,68.2508300752017,0.00896918524724688,79.10301420122498,-24.78991596638518,0.003548049459813018,0.751254704248645,0.7443365745704508,0.002664891615603024,0.0017243010574461426,-0.7071067811865477,0.7071067811865474,-0.7818314824680299,0.6234898018587334,0,0,0,0,1268
2019-07-15 01:00:00,0.001696784463611296,57.302866369097835,0.0006506191829740438,0.000260103676179088,0.00039051550679495574,22.5426707048629,20.17783929927091,17.720835586170082,72.18995167788351,70.32154638318093,0.008150950619373987,73.9089733874253,-28.36134453781375,0.04171178047180395,0.7739639466081549,0.708503287452193,0.002649084880586604,0.0014790236395170187,0.25881904510252074,0.9659258262890683,0.0,1.0,0,0,0,0,1267
2019-07-15 05:00:00,0.0016755855733533512,57.53554286612306,0.0006825611221945582,0.00023363649231968194,0.0004489246298748763,22.070735110792086,22.980741078235607,16.66324498214583,73.24929971988897,72.9655478553661,0.0067467073450324655,96.9364304907268,-27.10084033613418,0.1634872542138008,0.7837558528101859,0.7093613858973813,0.002562596748113113,0.0018421684150222717,0.9659258262890683,0.25881904510252074,0.0,1.0,0,0,0,0,1266
2019-07-15 09:00:00,0.0017166151752566734,53.75024407362106,0.0006423724862882896,0.00015475828513073062,0.00048761420115755896,20.89839096088903,20.82922020109952,18.598436126261976,67.43697478991633,70.95874206256292,0.0048491034222371,64.10628798882665,-42.22689075630307,0.09684584629054069,0.765022946860317,0.5827988114583694,0.0024000660048711098,0.0012194616084872933,0.7071067811865476,-0.7071067811865475,0.0,1.0,0,1,0,1,1265
2019-07-15 13:00:00,0.0017211426627383479,50.51889876836695,0.0005517133272585628,5.1279300880803015e-05,0.0005004340263777598,19.6305148269778,19.290540912183257,20.544601008070995,58.263305322128396,66.31652661064454,0.003537311973740742,-10.317944546147178,-55.88235294117756,0.006217414088661613,0.7630105443500027,0.3818311748856038,0.002207131392905002,0.00028777134647484104,-0.2588190451025208,-0.9659258262890683,0.0,1.0,0,1,0,1,1264
2019-07-15 17:00:00,0.001641061043971334,49.82412727376025,0.0004632286490755533,-2.9764301841765173e-05,0.0004929929509173185,18.453201274060234,18.78675863625736,20.008068315651844,48.25971964277982,57.986666584941496,0.0033623111098726177,-55.90118938701759,-57.11159737417992,-0.11888496548788251,0.8002444545401931,0.3224435572760552,0.0019848161499221575,-9.711702790982102e-05,-0.9659258262890683,-0.25881904510252063,0.0,1.0,0,1,0,1,1263
2019-07-15 21:00:00,0.0015652709694019547,50.1929634465781,0.0003942081331309577,-7.902785422908863e-05,0.00047323598736004633,17.184511774815423,19.749790432736525,19.478507809154074,43.808726991890275,50.110583985599476,0.0033704664364999637,-38.49720223822056,-55.579868708971716,-0.032852677937205345,0.8389921142546681,0.3446802512759196,0.0016621643293267695,0.0001345190009895969,-0.7071067811865477,0.7071067811865474,0.0,1.0,0,1,0,1,1262
2019-07-16 01:00:00,0.001511323043016115,51.07817654992018,0.00034840336271124706,-9.986609971903945e-05,0.0004482694624302865,16.092013540956707,18.993720146012542,19.725330745365902,45.076586433261305,45.71501102264378,0.0031966006944217362,-43.58080053147644,-52.07877461706447,0.13160819883510275,0.8689406318977148,0.3726772472051126,0.001252333056248314,0.00011455748091049323,0.25881904510252074,0.9659258262890683,0.7818314824680298,0.6234898018587336,0,1,0,1,1261
2019-07-16 05:00:00,0.0015890856828006735,43.35120558934876,0.00018968562676735523,-0.00020686706853034504,0.00039655269529770027,16.507401985339893,16.773949866692664,26.185206276196386,37.238785557988734,42.04136632771341,0.003594526394334885,-145.1178451178296,-80.62499999999763,-0.19968228330033666,0.8264186218615168,-0.005629894070121992,0.0009314390283221748,-0.0009986071175625,0.9659258262890683,0.25881904510252074,0.7818314824680298,0.6234898018587336,0,1,0,1,1260
2019-07-16 09:00:00,0.001737722419743487,33.812845115566304,-0.00014263950112902712,-0.0004313537571413819,0.0002887142560123548,18.190612900490873,14.243527807526839,33.292222210301695,27.060468541086795,36.458613510778925,0.0050875923578384,-283.17139525842583,-86.11481975967754,-0.45427121411080074,0.7557305960257189,-0.3089288037511951,0.0011114284088174472,-0.0030316518814910154,0.7071067811865476,-0.7071067811865475,0.7818314824680298,0.6234898018587336,0,0,0,0,1259
2019-07-16 13:00:00,0.001732885104047528,31.770365281877964,-0.0004572231255364212,-0.0005967499052390208,0.00013952677970259958,19.812563211826646,13.263053461881626,31.618794509692002,13.2245976019228,25.841283900332755,0.006447889267000129,-279.5015096036192,-93.58638743455644,-0.5463802309698396,0.7578402035614599,-0.19937615446957027,0.0014520563185950182,-0.003709119730971766,-0.2588190451025208,-0.9659258262890683,0.7818314824680298,0.6234898018587336,0,0,0,0,1258
2019-07-16 17:00:00,0.0017391075966155726,31.333583980983388,-0.0007104470691543519,-0.0006799790790855612,-3.0467990068790696e-05,21.540207696870645,12.27162719624966,31.555288786139062,10.42480085395504,16.903288998988188,0.007539309252143855,-228.62833346265418,-89.02439024390092,-0.5446884009758292,0.7551286663089035,-0.08042452612692459,0.0017545270580131458,-0.0037558568191609076,-0.9659258262890683,-0.25881904510252063,0.7818314824680298,0.6234898018587336,0,0,0,0,1257
2019-07-16 21:00:00,0.0016584570540001747,31.8047645009205,-0.0008951615882948349,-0.0006917548785808354,-0.00020340670971399956,23.144449004411502,11.949223714925305,30.726259775059276,9.739496871409093,11.129631775762286,0.008422477307742593,-178.6193476779521,-88.17073170731537,-0.5437723430112363,0.7918504713959639,0.014216559985422435,0.0019988886405050686,-0.003504454940294499,-0.7071067811865477,0.7071067811865474,0.7818314824680298,0.6234898018587336,0,0,0,0,1256
2019-07-17 01:00:00,0.0015964244072858814,34.56776727669163,-0.0009977708373274385,-0.0006354913020907511,-0.0003622795352366874,24.330330986814115,12.779656004757685,29.640183330388986,13.17073170731854,11.111676477560868,0.009010185125701398,-136.98000320626213,-83.29268292682809,-0.44470481719169874,0.8226195953948656,0.11205014644715565,0.002145368602656375,-0.002984898545070891,0.25881904510252074,0.9659258262890683,0.9749279121818236,-0.22252093395631434,0,0,0,0,1255
2019-07-17 05:00:00,0.0016081083781940315,32.813864789132744,-0.0011058804103605269,-0.0005948807000990716,-0.0005109997102614553,25.790022364772877,11.78060311249141,30.876475153392544,13.832448788221853,12.247559122316472,0.009616230238476131,-125.2834376383859,-87.03923900119098,-0.4307511945574383,0.8166427199855965,0.11039826344738196,0.002276596942660886,-0.0030895733281322,0.9659258262890683,0.25881904510252074,0.9749279121818236,-0.22252093395631434,1,0,1,0,1254
2019-07-17 09:00:00,0.0015832434940373018,33.4814519692736,-0.0011707995298555485,-0.0005278398556752746,-0.0006429596741802739,26.617295361745203,13.276467240381665,29.12129171239275,14.566331216225059,13.856503903921793,0.00987431638136771,-93.67116376001654,-85.96908442330576,-0.41037484455496953,0.8294681171568795,0.15987518828773337,0.0023408093312622846,-0.0023670741285484187,0.7071067811865476,-0.7071067811865475,0.9749279121818236,-0.22252093395631434,1,0,1,0,1253
2019-07-17 13:00:00,0.0016294403873203483,42.44580197562741,-0.0011038182185780787,-0.0003686868355182438,-0.0007351313830598349,26.25172862163229,16.975961632561592,26.274543965481108,18.866428854537315,15.755069619661384,0.00989851625241478,-59.674027339636325,-70.39239001189134,-0.3002122802810217,0.8059515464445247,0.311992024608121,0.002384318430086462,-0.0013742415315978196,-0.2588190451025208,-0.9659258262890683,0.9749279121818236,-0.22252093395631434,0,0,1,0,1252
2019-07-17 17:00:00,0.0015980517882260394,42.44580197562741,-0.0010387608582489438,-0.00024290358015128708,-0.0007958572780976567,25.91227379152744,16.073014212835254,24.877007131243015,26.170825048211185,19.867861706324494,0.010027455110809935,-49.16412495547832,-65.12605042016936,-0.3143788353773965,0.8217818782067187,0.32468133932557175,0.0024182129486003748,-0.001098702209070046,-0.9659258262890683,-0.25881904510252063,0.9749279121818236,-0.22252093395631434,0,0,1,0,1251
2019-07-17 21:00:00,0.0015867623747813143,50.225338529242975,-0.0008714508368143914,-6.047484697338772e-05,-0.0008109759898410037,24.876757776556946,18.49730643333573,23.264429270169856,41.37873021704629,28.805328039931577,0.009756198234931901,-21.41623488773347,-40.34536891680045,-0.0658046845821567,0.8276286486695845,0.46940406572188875,0.0024182519871081797,-0.00021347269901106358,-0.7071067811865477,0.7071067811865474,0.9749279121818236,-0.22252093395631434,0,1,0,1,1250
2019-07-18 01:00:00,0.0015362793480112199,49.56442983141886,-0.0007400090725928621,5.677353379851329e-05,-0.0007967826063913754,23.673358915173825,18.995837899380838,22.3125610073972,50.76646043032411,39.43867189852717,0.009367477995664952,-7.796704375386777,-42.22919937205788,0.1533031480623145,0.8548250041244511,0.4734720487077636,0.0023707668096516928,0.00010413845024270785,0.25881904510252074,0.9659258262890683,0.43388373911755823,-0.900968867902419,0,1,0,1,1249
2019-07-18 05:00:00,0.0014979736802961249,51.23449253715008,-0.0006054605784295841,0.00015305762236943307,-0.0007585182007990172,22.337785530885398,19.23445367397432,21.24862084700934,59.916274201986084,50.68715494978547,0.00880468420780911,4.114300943622196,-37.67660910518343,0.24169238178477698,0.8766842951075028,0.5243052442255832,0.002319953213035616,0.00029514070755665145,0.9659258262890683,0.25881904510252074,0.43388373911755823,-0.900968867902419,0,1,0,1,1248
2019-07-18 09:00:00,0.0016395469888464125,40.01566616431151,-0.0006750255977783226,6.679408241655569e-05,-0.0007418196801948783,22.918350216397258,16.31832155939858,30.617707069144185,49.10278740506351,53.26184067912455,0.00836266560369392,-52.42600978508953,-72.78582930756818,0.05173444175861645,0.8009834478266491,0.286192574863915,0.00235306573163736,-0.0014396705490475892,0.7071067811865476,-0.7071067811865475,0.43388373911755823,-0.900968867902419,1,0,1,0,1247
2019-07-18 13:00:00,0.0016417222039288,44.2802413036085,-0.0006628041673786278,6.321241025300051e-05,-0.0007260165776316283,23.457445995801123,15.132650415706681,28.393058435658524,47.492912685945555,52.17065809766503,0.007623179389150803,-40.66330022022051,-47.05882352941176,0.11148968051516914,0.7999221773679285,0.3945321946451545,0.002348902028776127,-0.0011619635717907695,-0.2588190451025208,-0.9659258262890683,0.43388373911755823,-0.900968867902419,1,0,1,0,1246
2019-07-18 17:00:00,0.0019401706179338972,64.08571776339848,-0.00022049046359118307,0.0004044208912323562,-0.0006249113548235393,22.896121127483145,30.55574077650324,22.309366672820875,58.8110875985916,51.8022625632002,0.008089231112978545,111.91283666604158,-3.722084367245271,0.5510083988658923,0.6768734604374589,1.0522774584635504,0.0023035762602971652,0.0024024601806194035,-0.9659258262890683,-0.25881904510252063,0.43388373911755823,-0.900968867902419,0,1,0,1,1245
2019-07-18 21:00:00,0.0020994441452243337,57.36981228228481,-1.4641661669756445e-06,0.0004987577509252509,-0.0005002219170922265,22.446374641332486,26.765028591652197,19.1442411650838,74.59776711636188,60.30058913363299,0.00814051202315813,116.5534021310617,-25.425790754257328,0.4495624793727672,0.6255227141847464,0.8473982953351039,0.002249110613280948,0.002314530032836215,-0.7071067811865477,0.7071067811865474,0.43388373911755823,-0.900968867902419,0,1,0,1,1244
2019-07-19 01:00:00,0.0020209124205654606,56.70240521049569,0.00015659306590243283,0.0005254519863957275,-0.00036885892049329466,22.02875290419259,25.8190263121413,18.46759343726018,81.11940253451958,71.50941908315765,0.008180885037646135,117.05985211335192,-27.49391727493866,0.42633653829001644,0.649830238379428,0.8239258329392829,0.0022037230063271037,0.0022029676302091072,0.25881904510252074,0.9659258262890683,-0.433883739117558,-0.9009688679024191,0,1,0,1,1243
2019-07-19 05:00:00,0.00198584724766793,53.433978571100226,0.00021243171705753738,0.0004650325100406656,-0.00025260079298312823,21.105144524207635,24.398146264092457,20.328784714029496,69.82968369829689,75.18228444972608,0.008019477289647803,94.0469966890562,-37.59124087591334,0.2351914048232034,0.6613046403957852,0.7315612268641455,0.0020911984819790078,0.0014440635531256518,0.9659258262890683,0.25881904510252074,-0.433883739117558,-0.9009688679024191,0,1,0,1,1242
2019-07-19 09:00:00,0.0020947153014059436,44.84738442601969,4.9542549534598024e-05,0.00024171467401418103,-0.000192172124479583,20.67986190050192,21.477957630701944,29.148461459605187,55.39334955393333,68.78081192891658,0.007625462608862321,3.7830089698760743,-68.734793187348,0.007127012267376993,0.6269348388864897,0.4304960200861843,0.0019703449543621177,-0.0008733281977910679,0.7071067811865476,-0.7071067811865475,-0.433883739117558,-0.9009688679024191,0,0,0,0,1241
2019-07-19 13:00:00,0.0021200927798769365,45.97944298833525,-5.391241133989588e-05,0.0001106077705117497,-0.0001645201818516456,20.409818331367312,19.705090602877444,27.71948994818927,41.441105528696994,55.55471292697572,0.007511144786192414,-12.036383596017398,-69.3506493506477,-0.08186510055168268,0.6194304383585653,0.48176043680426744,0.0018987266688529705,-0.0012113286086345987,-0.2588190451025208,-0.9659258262890683,-0.433883739117558,-0.9009688679024191,0,1,0,1,1240
2019-07-19 17:00:00,0.0021565147241714346,44.03276801014696,-0.00018381117087007404,-1.543279121474274e-05,-0.0001683783796553313,20.6120864067469,17.988551420971405,28.882005326851836,28.66366352767434,41.83270620343487,0.007481867146585053,-50.494072669539136,-75.92356687898129,-0.12637049693862815,0.6089687147879643,0.396817200188841,0.0018576262221477132,-0.0019117556532770585,-0.9659258262890683,-0.25881904510252063,-0.433883739117558,-0.9009688679024191,0,1,0,1,1239
2019-07-21 21:00:00,0.002087477958159191,40.82068472298238,-0.0003688451144239213,-0.00016037338781487202,-0.0002084717266090493,20.79990676245652,17.25607572473414,27.705959159184836,21.723881214326777,30.609550090232688,0.007495366835529094,-71.03396272872202,-89.5541401273907,-0.2473375623904557,0.6291084391415891,0.2547151406539134,0.0017999748388080922,-0.002172815201015199,-0.7071067811865477,0.7071067811865474,-0.7818314824680299,0.6234898018587334,0,0,0,0,1238
2019-07-22 01:00:00,0.002033372389719237,43.39724879450522,-0.00046015267573307206,-0.00020134475929921823,-0.00025880791643385383,21.101598191759475,16.449864721703896,27.43024107059026,17.622080679404252,22.669875140468438,0.007375920552660009,-66.43759836692082,-81.65605095541525,0.01069814298067184,0.6458482502466409,0.330055110945008,0.001714350343862819,-0.0018701899849340453,0.25881904510252074,0.9659258262890683,0.0,1.0,0,1,0,1,1237
2019-07-22 05:00:00,0.001973131504739293,43.20122386552971,-0.000531232358516931,-0.0002179395536664617,-0.00031329280485046927,21.16391440322758,16.79104323335791,26.248581112599634,15.456475583862781,18.267479159197915,0.007275532695215858,-59.04152948099978,-82.4203821656057,-0.06058284258261218,0.6655663836118809,0.3155461522587332,0.0016799577289528592,-0.001518174786139248,0.9659258262890683,0.25881904510252074,0.0,1.0,0,1,0,1,1236
2019-07-22 09:00:00,0.001957193540115052,43.52174880065305,-0.0005752835930796785,-0.00020959263058336735,-0.0003656909624963111,21.46325687749771,15.718650360016289,26.39693431651237,18.131634819532156,17.070063694266377,0.007238545710234856,-66.38397661381336,-81.52866242038257,-0.5267078101723821,0.6709862734999635,0.3226163028597628,0.0016945025253530062,-0.0015101874699148254,0.7071067811865476,-0.7071067811865475,0.0,1.0,0,1,0,1,1235
2019-07-22 13:00:00,0.0019109654301068444,43.717203064489986,-0.0006000498470182247,-0.0001874871076175309,-0.00041256273940069383,21.674865996886577,15.248004484479827,25.104394527467413,18.34394904458568,17.310686482660188,0.007096893686618255,-59.94289580959993,-81.01910828025467,-0.3791746956390466,0.687218083231665,0.31928713369088413,0.0016838838244824246,-0.0011931058056549038,-0.2588190451025208,-0.9659258262890683,0.0,1.0,0,1,0,1,1234
2019-07-22 17:00:00,0.001873039327956351,40.40436957777436,-0.0006828148625308561,-0.00021620169850412982,-0.0004666131640267263,22.176209827647646,14.445555992093615,26.071346062701235,15.074309978768504,17.183297947628763,0.0071431295661747995,-91.76370395846538,-92.22929936305725,-0.4422892465096437,0.7011331691752943,0.19866149282902035,0.0016801649943581625,-0.0017140573412026683,-0.9659258262890683,-0.25881904510252063,0.0,1.0,0,1,0,1,1233
2019-07-22 21:00:00,0.0017871079473880365,38.61391585691589,-0.0007797639218356522,-0.00025052060624714077,-0.0005292433155885115,22.782308447580085,14.0587170002046,26.492305450240938,9.467811598777278,14.295356874043803,0.007494068054077818,-110.88511712723503,-98.34815756035626,-0.4132855758890122,0.7348464886630895,0.15946399451076965,0.00170213037280118,-0.0021197327539064226,-0.7071067811865477,0.7071067811865474,0.0,1.0,0,1,0,1,1232
2019-07-23 01:00:00,0.0017673145225746143,34.527552985308894,-0.000945752342409456,-0.00033320722145675557,-0.0006125451209527005,23.96989359890704,13.200729908201108,30.372147579719332,4.04370070772487,9.528607428423532,0.008185777666118721,-140.98964856966077,-97.29144095341191,-0.29664074400706014,0.7430765623353021,0.05660901773296313,0.001800017439320553,-0.0029069541335937643,0.25881904510252074,0.9659258262890683,0.7818314824680298,0.6234898018587336,0,1,0,1,1231
2019-07-23 05:00:00,0.001746792056676422,31.862661529213987,-0.001137615038387274,-0.0004200559339476589,-0.0007175591044396152,25.41870040537158,12.401833595489558,32.09159427390752,2.2562194556554274,5.25591058738584,0.009033443640112715,-156.83726509397036,-97.59174311926557,-0.4052080364776337,0.7518067161919023,0.027754844115363966,0.0019476365740796746,-0.003496264469573074,0.9659258262890683,0.25881904510252074,0.7818314824680298,0.6234898018587336,0,1,0,1,1230
2019-07-23 09:00:00,0.001742021195485242,28.204493391066485,-0.0013882468937727044,-0.0005365502314664713,-0.0008516966623062331,27.214855298709764,11.547527094905268,35.170371050744144,1.9793903878209937,2.7597701837337447,0.010232019350990385,-182.8709348640376,-99.17864476385955,-0.47671662538092474,0.7538656839558101,-0.02262410933402307,0.0022062393408335467,-0.0043818966453408326,0.7071067811865476,-0.7071067811865475,0.7818314824680298,0.6234898018587336,0,1,0,1,1229
2019-07-23 13:00:00,0.0017747339672362949,24.346312913559746,-0.0017139755907982224,-0.0006898231427935914,-0.001024152448004631,29.45585621717663,10.525057567568863,40.30696319213649,2.0634842045100643,2.099698015995476,0.011844507756719302,-217.390297557014,-97.03915950334469,-0.5440647883052823,0.7399700598761059,-0.06764705955685767,0.0026058438560571974,-0.005687344913713366,-0.2588190451025208,-0.9659258262890683,0.7818314824680298,0.6234898018587336,0,1,0,1,1228
2019-07-23 17:00:00,0.001731538683862266,25.432734172746496,-0.0019352846771767407,-0.0007289057833376876,-0.001206378893839053,31.58149851303019,10.0170734809782,39.104104584910935,3.6621656026880447,2.5683467316730155,0.013148590038439156,-187.2068335555271,-92.79569892473162,-0.582986423725942,0.7584294894704539,0.026755341689953503,0.002960646605273157,-0.005603423987283307,-0.9659258262890683,-0.25881904510252063,0.7818314824680298,0.6234898018587336,0,1,0,1,1227
2019-07-23 21:00:00,0.0016928573493006772,24.567323905657528,-0.002119327013488048,-0.0007303584957191961,-0.001388968517768852,33.59942076807291,9.514106561624422,37.85794927459892,5.0608814963585855,3.5955104345188786,0.01432068936884301,-158.40808225362275,-94.98249708284794,-0.61421885446847,0.7757593990672079,0.06328917980676428,0.00325155699110531,-0.00537901673496699,-0.7071067811865477,0.7071067811865474,0.7818314824680298,0.6234898018587336,0,1,0,1,1226
2019-07-24 01:00:00,0.0016262246814934928,23.925793243965582,-0.002263299476256364,-0.0006994647667900094,-0.0015638347094663546,35.51390145240344,9.196512027261603,37.25304070475017,5.20387816696522,4.642308422003931,0.014040691720809129,-141.74449283444926,-96.61016949152479,-0.6471626464138671,0.8075452395630456,0.08022011185782164,0.003498875998500289,-0.005264562062836431,0.25881904510252074,0.9659258262890683,0.9749279121818236,-0.22252093395631434,0,0,0,0,1225
2019-07-24 05:00:00,0.0017129229185296685,22.47227927730987,-0.0024053485627415494,-0.0006732110826201557,-0.0017321374801213937,37.675068016613345,8.107392292847065,39.26302875654653,6.645981890174572,5.636913851166106,0.014143351229419565,-132.7225404212175,-88.46938775510358,-0.7122100796891023,0.7666719767677941,0.07782282974209961,0.003723558794578653,-0.005361663764476221,0.9659258262890683,0.25881904510252074,0.9749279121818236,-0.22252093395631434,0,0,0,0,1224
2019-07-24 09:00:00,0.0017305712814918324,24.89355679321613,-0.0024621066953127713,-0.0005839753721531018,-0.0018781313231596695,39.681865540522544,7.451519325846183,36.08672270969136,9.973480917790061,7.2744469916432655,0.013781316482783357,-109.49103689651837,-85.00000000000148,-0.6039358418526792,0.7588534572629206,0.13403351150808465,0.0039202425140324555,-0.004583130663318391,0.7071067811865476,-0.7071067811865475,0.9749279121818236,-0.22252093395631434,0,0,0,0,1223
2019-07-24 13:00:00,0.0017269590470995518,27.198105948894774,-0.0024529900562124674,-0.0004598869864422383,-0.001993103069770229,41.47323058145774,7.18190616315282,33.579189753171235,14.931972789114488,10.517145199026354,0.013253408769013486,-92.73056432389777,-81.7346938775515,-0.5310224189632925,0.7604407308937748,0.18359083515143665,0.0040637522596247595,-0.003995680210252761,-0.2588190451025208,-0.9659258262890683,0.9749279121818236,-0.22252093395631434,0,0,0,1,1222
2019-07-24 17:00:00,0.0016978905437352973,25.913666634133765,-0.002456183685906277,-0.0003704644929088379,-0.002085719192997439,43.291521000085126,6.783087078480775,34.23864121123596,15.544217687073903,13.483223797992798,0.013356124437819084,-95.88359430902076,-86.63265306122531,-0.463707515814305,0.7734597526592603,0.18198110014810895,0.004036348336128939,-0.0043016257934325175,-0.9659258262890683,-0.25881904510252063,0.9749279121818236,-0.22252093395631434,0,0,0,0,1221
2019-07-24 21:00:00,0.0016501840763256395,24.83481157852206,-0.002463401672864185,-0.00030214598389339663,-0.0021612556889707884,44.9799335316677,6.480671479125668,32.71215348032518,13.780463641766632,14.752218039318322,0.013248598265418465,-88.96853843090518,-90.29126213592329,-0.4193753185553533,0.7958203080738306,0.1833249891083854,0.0039420590366640446,-0.0040862957299581115,-0.7071067811865477,0.7071067811865474,0.9749279121818236,-0.22252093395631434,0,0,0,0,1220
2019-07-25 01:00:00,0.0015865994994452273,24.381553702892504,-0.002454545090875282,-0.00023463152152359504,-0.002219913569351687,46.570009532853376,6.258934436842253,31.953062073516698,10.63083664120776,13.318505990016078,0.013115635859476615,-85.00629068431071,-91.18357487922812,-0.30799258669007434,0.8277136104348911,0.20066262573435273,0.0037777727657074063,-0.003943392071561469,0.25881904510252074,0.9659258262890683,0.43388373911755823,-0.900968867902419,0,0,0,0,1219
2019-07-25 05:00:00,0.0015804138209134294,22.97379303979776,-0.0024619133518144487,-0.00019359982597020936,-0.0022683135258442393,48.342192392691786,5.83461511657363,34.93918805861519,8.999913085345547,11.137071122773293,0.013178262556131415,-91.47418316131872,-91.52542372881196,-0.19280954900500177,0.8309532494729658,0.19316896041667053,0.003626070345628874,-0.0042627207058367755,0.9659258262890683,0.25881904510252074,0.43388373911755823,-0.900968867902419,0,0,0,0,1218
2019-07-25 09:00:00,0.001901098547991043,40.6038926686374,-0.0022378068513899674,2.440533956341766e-05,-0.002262212190953385,47.18288726375655,13.859444702909004,26.97083013434676,24.51366713065326,14.714805619068835,0.012460146227002866,-64.47267128560048,-43.75000000000014,0.017932877240486877,0.6907848103864773,0.40397383961617855,0.0035394649991140653,-0.0030201030493697267,0.7071067811865476,-0.7071067811865475,0.43388373911755823,-0.900968867902419,0,0,0,0,1217
2019-07-25 13:00:00,0.002161734365991679,33.70744367180641,-0.0022042441305287763,4.637444833968706e-05,-0.0022506185788684634,44.1908894084753,19.809696128400127,22.02479799061629,33.95911801632167,22.490899410773476,0.011851844582099424,-32.44364000985831,-62.8472222222229,-0.13364906804441737,0.6074983220232781,0.2572107885766444,0.003396932377510448,-0.0016867614720870172,-0.2588190451025208,-0.9659258262890683,0.43388373911755823,-0.900968867902419,0,0,1,0,1216
2019-07-25 17:00:00,0.002181610482706559,41.27735157624702,-0.0020347662822124413,0.0001726818373248176,-0.002207448119537259,41.73064384494843,18.22712808204666,22.16425895098294,49.22839506172763,35.90039340290084,0.010735137819245288,-52.73015415646764,-45.71759259259408,0.026019236290545276,0.601963554177073,0.4022835088228008,0.003305912428481419,-0.0024074205543200833,-0.9659258262890683,-0.25881904510252063,0.43388373911755823,-0.900968867902419,0,1,0,1,1215
2019-07-25 21:00:00,0.002077924019656099,40.66909638286086,-0.0018931552468399726,0.0002514342981578292,-0.002144589544997802,39.44613010738777,17.769741514146947,21.6080750976629,47.878086419752464,43.688533165933904,0.009271293113592094,-36.43657611301327,-47.800925925925654,0.07182166680134432,0.6320009719206893,0.4062158871101426,0.003196620469749829,-0.0018253602433075944,-0.7071067811865477,0.7071067811865474,0.43388373911755823,-0.900968867902419,0,1,0,1,1214
2019-07-26 01:00:00,0.001971643732537797,41.18760389529716,-0.0017526548032078537,0.00031354779343195855,-0.0020662025966398123,37.222962311489205,17.897113573184892,21.146213754792086,53.27932098765397,50.12860082304467,0.007823604284349805,-24.300541930743382,-46.64351851851837,0.05025982534711733,0.666068609824176,0.44133138853684584,0.003041894641064241,-0.001519864757176581,0.25881904510252074,0.9659258262890683,-0.433883739117558,-0.9009688679024191,0,1,0,1,1213
2019-07-26 05:00:00,0.0019486691802136635,37.10212120073088,-0.0017159361672773876,0.0002802131434899396,-0.0019961493107673272,35.91658504734197,16.814681166215745,24.669084948866953,48.456790123456535,49.8713991769543,0.006275342221587987,-65.13831398771183,-60.1851851851864,-0.0834432451347292,0.6739214707834644,0.2952302910940196,0.002855487978313623,-0.0022354755766027523,0.9659258262890683,0.25881904510252074,-0.433883739117558,-0.9009688679024191,0,0,0,0,1212
2019-07-26 09:00:00,0.001965192810198391,36.27415430261933,-0.0016875561970493003,0.0002468744909744215,-0.0019344306880237218,35.040809418116154,15.482350794497032,25.0769473207728,43.364197530863976,48.3667695473248,0.004970351697616948,-88.1860934886378,-63.07870370370332,-0.06283380458686082,0.6682550400066974,0.2504200757876917,0.002636796047827378,-0.002369437530474583,0.7071067811865476,-0.7071067811865475,-0.433883739117558,-0.9009688679024191,0,0,0,0,1211
2019-07-26 13:00:00,0.0020376790380413623,32.691546807047395,-0.0017370299389269928,0.00015792059927738312,-0.0018949505382043759,34.85616149427379,13.865055384717317,27.189669542578727,33.487654320986955,41.76954732510247,0.004068483255214694,-168.2482572520889,-76.27314814814943,-0.12840774397471735,0.6444832456353426,-0.009895179571166143,0.0023663443340606544,-0.003112149194703262,-0.2588190451025208,-0.9659258262890683,-0.433883739117558,-0.9009688679024191,1,0,1,0,1210
2019-07-26 17:00:00,0.001988559106752691,37.74486018543742,-0.0016865944952251244,0.0001666848343834014,-0.0018532793296085258,34.68470270784874,13.19271555886745,25.87119679379168,31.481481481481342,36.11111111111074,0.003407617349107106,-145.2860664796498,-66.20370370370323,-0.035025640565070494,0.6604027989615718,0.20272483785030446,0.0020664191793375846,-0.002666910592460381,-0.9659258262890683,-0.25881904510252063,-0.433883739117558,-0.9009688679024191,0,0,0,0,1209
2019-07-28 21:00:00,0.0019372334562703475,40.92887644670354,-0.0015815912901000484,0.00021735043160678205,-0.0017989417217068304,34.079149082140155,14.418515575477576,24.659733544421282,32.67746913580246,32.5488683127569,0.003299218695073769,-82.06827254706106,-59.490740740739966,0.06469351447517871,0.677899710925048,0.3904286034327832,0.0017098424876655757,-0.0019444910783970037,-0.7071067811865477,0.7071067811865474,-0.7818314824680299,0.6234898018587334,0,0,0,1,1208
2019-07-29 01:00:00,0.0018924310665367455,37.54201136745878,-0.0015570834651148502,0.00019348660527358438,-0.0017505700703884346,33.39040816478246,14.234011576124233,23.440430745633005,34.60648148148211,32.921810699588626,0.0032789821588270485,-98.43388008525655,-70.48611111111045,-0.24742933471988254,0.6939486585386282,0.13906482479204355,0.001386852429761522,-0.002006665125458662,0.25881904510252074,0.9659258262890683,0.0,1.0,0,0,0,0,1207
2019-07-29 05:00:00,0.001840828847498399,36.282707426919515,-0.0015496533063359408,0.00016073341124199503,-0.0017103867175779358,33.21888099709109,13.587804470376518,25.790874138484053,31.751543209877322,33.01183127572062,0.00341776242560643,-156.87803187800006,-74.76851851851765,-0.09251192326000021,0.7134014668363362,0.08232907316645134,0.0011191407447422787,-0.0025422652487550046,0.9659258262890683,0.25881904510252074,0.0,1.0,0,0,0,0,1206
2019-07-29 09:00:00,0.001821483929819947,36.24731813572528,-0.0015269698109243723,0.00014673352532285078,-0.0016737033362472231,33.26992763712311,12.751247424409495,25.850022442861192,26.62037037037093,30.992798353910104,0.0035542740465350775,-147.02621651153373,-74.88425925925914,-0.2260393774947173,0.7209780874266699,0.12692803575666772,0.0009550630296485274,-0.002476884028854709,0.7071067811865476,-0.7071067811865475,0.0,1.0,1,0,1,0,1205
2019-07-29 13:00:00,0.0018763779348328145,45.85844463622125,-0.0013569816614031893,0.0002533773398752271,-0.0016103590012784164,31.953288363283495,17.280272161840102,23.30135990364007,31.674382716049653,30.015432098765952,0.0035638916927811515,-25.618841624603498,-55.32407407407427,-0.058313222747543164,0.6998856550277067,0.6000310982295568,0.0008904782477773101,-0.0011409999732130416,-0.2588190451025208,-0.9659258262890683,0.0,1.0,0,0,1,0,1204
2019-07-29 17:00:00,0.0018273509394875994,48.43439378099336,-0.0011668544028164973,0.00035480367876953526,-0.0015216580815860326,30.167339373397343,19.32994007159534,22.217487315726302,37.86371298739382,32.05282202460478,0.003615610598208363,81.76100628929927,-56.20052770448516,-0.02063205863092409,0.7186632691190907,0.7378574729331298,0.0008550298278680779,-1.3186642022544603e-05,-0.9659258262890683,-0.25881904510252063,0.0,1.0,0,0,0,0,1203
2019-07-29 21:00:00,0.0017468258723813367,46.730698602790916,-0.001034112483378813,0.00039003647856577584,-0.0014241489619445887,28.50895816850306,18.776652523671572,21.581548506168936,54.70547462082349,41.4145234414223,0.0035611144320104593,65.35563555620489,-24.35897435897012,0.05118534482760251,0.7517921624378792,0.6426519730547886,0.0008268099747841232,-0.00020226504399412093,-0.7071067811865477,0.7071067811865474,0.0,1.0,0,0,0,0,1202
2019-07-30 01:00:00,0.0016991954529255247,44.760176845084025,-0.0009526296407040835,0.0003772154569924044,-0.001329845097696488,27.428113101598836,17.924199310734387,23.4602497105029,61.351960850643025,51.30704948628676,0.0035443086770019505,20.24999175488507,-35.38461538461565,0.03502941572729963,0.7728657687607169,0.5263803208243866,0.000807597927400442,-0.0006184838404745818,0.25881904510252074,0.9659258262890683,0.7818314824680298,0.6234898018587336,0,0,1,0,1201
2019-07-30 05:00:00,0.0017021100634308339,49.796913164027586,-0.0008021501526744856,0.0004221559560176019,-0.0012243061086920875,25.996547190269133,18.755599852289777,21.7472148397063,76.41025641025813,64.1558972939082,0.003659112460403513,59.58673714560806,-11.025641025639832,0.2229794733009088,0.7715423509998915,0.770830702998038,0.000812646369884445,-0.00016727179990350116,0.9659258262890683,0.25881904510252074,0.7818314824680298,0.6234898018587336,0,0,0,0,1200
2019-07-30 09:00:00,0.0017241022017572077,53.36397974682819,-0.0006160804665809039,0.000486580513688947,-0.0011026609802698509,24.402735649407287,21.460993179832734,19.936255664081862,80.61656722034026,72.79292816041378,0.003948490344155786,122.05170988020087,-11.740041928723755,0.2111258849318874,0.7617007847107518,0.9135757866084239,0.000849027849456594,0.0006219766107553593,0.7071067811865476,-0.7071067811865475,0.7818314824680298,0.6234898018587336,0,1,0,1,1199
2019-07-30 13:00:00,0.0017223806159174094,52.38888808167006,-0.00047763748782858606,0.0005000187939530119,-0.000977656281781598,22.797223422394698,19.94798396503882,19.19427454199006,87.24023007041849,81.42235123367227,0.004059376799203207,90.21056953485417,-15.513626834380966,0.14277247993103642,0.7624621340158952,0.8294840725952126,0.0008579629730156685,0.0003238184818949996,-0.2588190451025208,-0.9659258262890683,0.7818314824680298,0.6234898018587336,0,0,0,0,1198
2019-07-30 17:00:00,0.001682924857637587,54.095154558902564,-0.00033660509720712106,0.0005128409476595816,-0.0008494460448667027,21.755242116760595,21.503984969333,18.24111674852926,87.31000156876149,85.05559961984005,0.004097380138321505,131.29934430617345,-10.816326530610809,0.2588275471596367,0.7803378707255416,0.9079435989760958,0.000929115036206585,0.0009327130033434106,-0.9659258262890683,-0.25881904510252063,0.7818314824680298,0.6234898018587336,0,1,0,1,1197
2019-07-30 21:00:00,0.001603430224949185,52.835675759271446,-0.00023902581569790193,0.0004883361833350406,-0.0007273619990329426,20.78768804724322,20.957955978227503,17.77793847766266,86.10578317985782,86.88533827301258,0.004253824631778702,127.16121876425971,-15.352697095434763,0.2732977327076192,0.8190253492580999,0.8199473692056869,0.0009915122480052365,0.0008672959630757759,-0.7071067811865477,0.7071067811865474,0.7818314824680298,0.6234898018587336,0,1,0,1,1196
2019-07-31 01:00:00,0.001546756637452813,53.77395803986164,-0.00014628961718532452,0.00046485790547809447,-0.000611147522663419,19.379585235116856,20.1740140033459,19.745182562182396,87.33508341095886,86.91695605319269,0.004404332412287992,97.41516599288195,-11.825726141077887,0.289482437765771,0.8490346627266782,0.8396655519974733,0.0010285312977914701,0.0005740456193630283,0.25881904510252074,0.9659258262890683,0.9749279121818236,-0.22252093395631434,0,1,0,1,1195
2019-07-31 05:00:00,0.0015727025919204747,47.38434808466789,-0.00015732205861063164,0.0003630603712422299,-0.0005203824298528615,18.57871725710241,21.239860481075915,18.032330390771207,79.10820645327804,84.18302434803155,0.0043861504759790115,71.7551755175563,-35.49695740365324,0.04129189781152088,0.8350275549532545,0.5992897991952333,0.0010235388627912647,0.00024292196981412495,0.9659258262890683,0.25881904510252074,0.9749279121818236,-0.22252093395631434,0,1,0,1,1194
2019-07-31 09:00:00,0.0015267952639261462,51.070826370990716,-0.00011391645507097259,0.00032517277982551117,-0.00043908923489648376,17.835054134660428,20.31574601567494,17.24777074764886,76.65308790564416,81.03212592329366,0.004440815690605948,64.90192571394617,-22.718052738336446,0.051142175247183536,0.8601349709606673,0.7361052727808526,0.0010370024853830029,0.0001468215455622257,0.7071067811865476,-0.7071067811865475,0.9749279121818236,-0.22252093395631434,0,1,0,1,1193
2019-07-31 13:00:00,0.0016427384593599918,40.116241141811095,-0.00026049136449080024,0.00014287829632454686,-0.0004033696608153471,17.811344147732562,17.533171085696306,24.97309067359288,57.60649087221034,71.12259507704415,0.00455412077111772,-43.99629114512866,-68.96551724137932,-0.12026889971908405,0.7994273175485525,0.23803944604060182,0.0010254010645092517,-0.00130625751141622,-0.2588190451025208,-0.9659258262890683,0.9749279121818236,-0.22252093395631434,0,0,0,0,1192
2019-07-31 17:00:00,0.0020925428551199967,26.239260468004204,-0.0007887709503382467,-0.0003083210316183197,-0.00048044991871992705,20.136622606586073,12.781147622957626,38.719648533509776,41.241230680624845,58.50026981949308,0.0072083995448282145,-257.10048619323913,-84.59273797840973,-0.550397758902434,0.6275857131368962,-0.349841904836598,0.0014237878988033778,-0.005019756910502826,-0.9659258262890683,-0.25881904510252063,0.9749279121818236,-0.22252093395631434,0,1,0,1,1191
2019-07-31 21:00:00,0.002299504079754286,21.06728990129175,-0.001468092324431458,-0.0007901139245692248,-0.0006779783998622333,22.857960774459535,10.800039509874697,40.91853736725674,17.4811012088886,38.77627425390791,0.010987224581203936,-341.29201145487747,-93.99844115354519,-0.9437601485614712,0.5711014003246855,-0.33405958732080415,0.0022376050250416924,-0.008196976357662589,-0.7071067811865477,0.7071067811865474,0.9749279121818236,-0.22252093395631434,0,0,0,0,1190
2019-08-01 01:00:00,0.002248110931200418,26.424583310224214,-0.0018894627192400648,-0.0009691874555022652,-0.0009202752637377996,25.384917644627752,10.257868042749632,38.8643908600395,12.202524596960993,23.64161882882479,0.013010487308235064,-257.0618145693665,-84.80124707716212,-0.9036873672036674,0.5841571168815799,-0.08395199349612692,0.0028270639895895807,-0.007998151582382818,0.25881904510252074,0.9659258262890683,0.43388373911755823,-0.900968867902419,0,1,0,1,1189
2019-08-01 05:00:00,0.0022425315789718174,25.462480167923225,-0.0022467248494266734,-0.001061159668551099,-0.0011855651808755745,27.841449520402268,9.548861506772472,37.929996368392395,10.961210763989113,13.548278856612876,0.014818044540278574,-199.42072384972448,-88.31667947732537,-0.9423895987446778,0.5856104825075037,-0.02378706103241765,0.0033184034458238363,-0.007701766122458764,0.9659258262890683,0.25881904510252074,0.43388373911755823,-0.900968867902419,0,0,0,1,1188
2019-08-01 09:00:00,0.0022502078947595344,22.887868505319137,-0.002640628514394061,-0.0011640506668147892,-0.001476577847579272,30.224615155556357,8.836551940266144,36.71945769662508,9.651026454223693,10.938253938391242,0.016974552600808046,-171.4141897163507,-97.92899408284144,-1.1294471983434924,0.5836127422085766,-0.031707681036051955,0.0037907139165189565,-0.007879891499328995,0.7071067811865476,-0.7071067811865475,0.43388373911755823,-0.900968867902419,1,0,1,0,1187
2019-08-01 13:00:00,0.0023944787594195674,37.85322938767171,-0.002610431915557765,-0.0009070832543827943,-0.0017033486611749706,30.974304251026794,13.498106974509916,32.04226665727527,14.816530904007228,11.80958937407332,0.017553157094880145,-110.34370803264535,-69.30473372781152,-0.7638652297871652,0.5484492166964713,0.22190187932494337,0.004028909409593184,-0.005461633512716224,-0.2588190451025208,-0.9659258262890683,0.43388373911755823,-0.900968867902419,1,0,1,0,1186
2019-08-01 17:00:00,0.0024498731337467337,43.05093312556749,-0.0024222102849531524,-0.0005750892990225454,-0.001847120985930607,30.11262914659235,19.831117153070387,29.080772625360236,25.320512820511777,16.59602339291421,0.01775987781482513,-56.398430230204795,-56.804733727811715,-0.6274931648066081,0.5360481658866841,0.3309391522111898,0.004096045555280715,-0.002574436165032168,-0.9659258262890683,-0.25881904510252063,0.43388373911755823,-0.900968867902419,0,0,0,0,1185
2019-08-01 21:00:00,0.002432739338479113,44.181388850309446,-0.002216826269123784,-0.0002957642265545414,-0.0019210620425692425,29.26371205756298,18.8085553392157,27.1937608908488,39.965483234713126,26.700842319744016,0.017748467426723646,-42.9220312397872,-53.994082840237404,-0.4979900940348812,0.5398235557867086,0.36658002952780705,0.004127901907107775,-0.0019023479384963071,-0.7071067811865477,0.7071067811865474,0.43388373911755823,-0.900968867902419,0,0,0,0,1184
2019-08-02 01:00:00,0.0024361151000163216,42.57661455124356,-0.002084097182429856,-0.0001304281118884908,-0.001953669070541365,28.658220290734935,17.440885465367813,26.594430570408573,43.4171597633129,36.23438527284591,0.017675001103179877,-44.818677742096796,-58.94970414201217,-0.6142891732654198,0.5390755141213162,0.3458840265922315,0.004168255581113954,-0.0021610934367499723,0.25881904510252074,0.9659258262890683,-0.433883739117558,-0.9009688679024191,1,0,1,0,1183
2019-08-02 05:00:00,0.002532821164300867,46.80066943951238,-0.0018478667335108945,8.464186962437673e-05,-0.0019325086031352712,26.994975343321247,21.32980263775906,23.75195105494957,46.0552268244572,43.145956607494384,0.017462688338207855,-19.099488629276987,-48.890532544378814,-0.28845376203013356,0.5184929826510256,0.43491838266886623,0.004177559317588208,-0.0007216726284768882,0.9659258262890683,0.25881904510252074,-0.433883739117558,-0.9009688679024191,0,0,0,0,1182
2019-08-02 09:00:00,0.0025569053668508,43.98254860208807,-0.0017294768748592482,0.0001624253826208186,-0.0018919022574800668,25.450533606437105,19.61968477519381,21.847637336737304,45.04437869822441,44.838921761998144,0.017341743741542626,-25.645388140287537,-57.026627218935786,0.08215888263919308,0.5136091530901896,0.3860841199453452,0.004196647094990407,-0.001215938818198703,0.7071067811865476,-0.7071067811865475,-0.433883739117558,-0.9009688679024191,1,0,1,0,1181
2019-08-02 13:00:00,0.0026192692692185876,52.25728206660971,-0.001382482234891791,0.00040753601807062075,-0.0017900182529624116,23.700558375689813,20.18430466104204,19.804063119147507,54.52748103203228,48.54236218490461,0.01694071734010416,1.1995801469484422,-30.500397140588586,0.6602244219639907,0.5013802954255958,0.5664670791321293,0.004170203887471271,0.00015093628725693087,-0.2588190451025208,-0.9659258262890683,-0.433883739117558,-0.9009688679024191,0,0,0,0,1180
2019-08-02 17:00:00,0.0025214643214172736,50.53462965139707,-0.0011451219644340593,0.0005159170308226819,-0.0016610389952567413,22.10662033426084,19.639542389856242,19.102796039405987,59.1616617493872,52.91117382654793,0.016296102110543664,15.951410533043765,-34.98799039231404,0.4957705704075568,0.520828309504631,0.5445505308616136,0.004101719593451836,0.0006509947176098763,-0.9659258262890683,-0.25881904510252063,-0.433883739117558,-0.9009688679024191,1,0,1,0,1179
2019-08-04 21:00:00,0.0025420740127446097,54.99778058415175,-0.0008057072572156265,0.0006842653904328918,-0.0014899726476485184,21.42779549108231,22.668927207808817,17.594498467040914,74.05932778776061,62.58282352306001,0.015780970312285536,42.55034745718786,-12.33362910381558,0.7105744338034209,0.5166057295798869,0.6659593769060733,0.0040447636548342596,0.0016599818068676608,-0.7071067811865477,0.7071067811865474,-0.7818314824680299,0.6234898018587334,0,0,0,0,1178
2019-08-05 01:00:00,0.002502640154691419,55.48926201615181,-0.0005146477885151768,0.0007802598873066734,-0.0012949076758218502,20.79745813670225,21.381396487245194,16.595180895390623,82.65082752775531,71.95727235496769,0.015159957255784562,54.27795374546542,-4.725897920604483,0.8884940026654848,0.5247458359277891,0.6951852469023864,0.004007172471946495,0.0017909165956515594,0.25881904510252074,0.9659258262890683,0.0,1.0,0,0,0,0,1177
2019-08-05 05:00:00,0.0025624515722134688,59.96274477038863,-0.0001291778596073101,0.0009325838529716322,-0.0010617617125789423,20.911980988464954,23.73924274024727,15.05012300764494,94.09237435283268,83.60084322278284,0.01496863534184767,85.06764879176815,-0.6633499170819235,0.7074065374121392,0.5124974903879267,0.8269169091399665,0.00398361490880645,0.0027731099346661736,0.9659258262890683,0.25881904510252074,0.0,1.0,1,0,1,0,1176
2019-08-05 09:00:00,0.002683705031341073,65.85616005797989,0.0004160100090198071,0.0011822173772789997,-0.0007662073682591925,22.246980981058503,30.842184989593527,13.343699471530543,96.65762895033515,91.13361027697435,0.015735785966936255,148.62480207706517,-4.637865311308154,0.8272067114699493,0.48934215372535045,0.9966386818186814,0.00407741440039524,0.005455394473226516,0.7071067811865476,-0.7071067811865475,0.0,1.0,1,0,1,0,1175
2019-08-05 13:00:00,0.0027998689576738565,70.99954786193186,0.0011088379971575524,0.001500036292333396,-0.00039119829517584356,24.167718497616335,34.82375354191301,11.87650466471976,97.82140562345853,96.19046964220877,0.01815361682963701,192.04330246852862,-1.234567901234318,1.0983560729712498,0.4690398085955615,1.0989715494186523,0.004408339584312565,0.007815762915368119,-0.2588190451025208,-0.9659258262890683,0.0,1.0,0,0,0,0,1174
2019-08-05 17:00:00,0.0027305926035542955,68.47633927359853,0.001577591116101562,0.0015750315290219245,2.5595870796375764e-06,25.95126047727718,33.15673003053442,11.307972829538455,96.25137055193575,96.91013504190978,0.019776841405981127,180.4944711382744,-5.3734551316502515,1.0899969321278282,0.4809395580617184,0.9976527746753019,0.004720548715268677,0.0076351685488054155,-0.9659258262890683,-0.25881904510252063,0.0,1.0,1,0,1,0,1173
2019-08-05 21:00:00,0.002887693131871853,73.66065743147034,0.002242767022782699,0.0017921659485624492,0.00045060107422024986,28.30785831823964,38.43868524030345,9.929009872312339,96.57540292434845,96.88272636658088,0.023106419108062326,192.2377356327193,-3.6657681940701403,1.32297543303113,0.4547747769683299,1.0725032484754151,0.005249688448323693,0.009600355064900867,-0.7071067811865477,0.7071067811865474,0.0,1.0,0,1,0,1,1172
2019-08-06 01:00:00,0.0030578579081667126,62.4826601198223,0.002419269319780426,0.001574934596448141,0.0008443347233322851,29.90349969772777,33.70680435926064,11.042630662809863,88.30579033271756,93.71085460300056,0.02420767944263824,135.96539869135808,-26.04340567612692,1.062678165481915,0.42946730667002675,0.8550113103721605,0.00556736311418636,0.007096593326375578,0.25881904510252074,0.9659258262890683,0.7818314824680298,0.6234898018587336,0,0,0,0,1171
2019-08-06 05:00:00,0.002998010914726241,61.552198643592696,0.0025004689049523687,0.0013249073452960669,0.0011755615596563019,31.385166692966752,31.923976920717454,10.458561501891413,80.7294777509286,88.53689033599818,0.024181624097600718,110.09326013625481,-28.10239287701718,0.7620607129361561,0.4380404332583684,0.8075062274555006,0.005816251864294178,0.005860332526932188,0.9659258262890683,0.25881904510252074,0.7818314824680298,0.6234898018587336,0,1,0,1,1170
2019-08-06 09:00:00,0.00298243870653151,56.777967746932376,0.002380833606668631,0.0009642176376098632,0.0014166159690587677,31.65096276376763,29.798471478159517,14.312674931958815,68.43631927578882,79.15719578647831,0.0237001178055678,76.83139686343749,-40.545243619489526,0.6445630744578428,0.44032757391593536,0.7052310473687727,0.005953656529137379,0.0038029725914441315,0.7071067811865476,-0.7071067811865475,0.7818314824680298,0.6234898018587336,0,0,0,0,1169
2019-08-06 13:00:00,0.0030429787989221164,59.8707997958098,0.002402762263492786,0.0007889170355472146,0.0016138452279455713,31.364677158374075,27.119514130703568,15.373253538745393,66.99875436495104,72.05485046388947,0.02306096476728392,71.51693744482928,-30.356100408640195,0.646239854753326,0.43156725260957435,0.7559303159932358,0.006117495218280367,0.0037563347841289563,-0.2588190451025208,-0.9659258262890683,0.7818314824680298,0.6234898018587336,0,0,1,0,1168
2019-08-06 17:00:00,0.0029384803132848163,60.21337028983779,0.0024085153448967223,0.0006357360935609208,0.0017727792513358015,31.123321202412455,26.27240880970354,14.78281859080398,66.45148536361546,67.29551966811842,0.02133565982101482,73.7563076936837,-29.744199881023903,0.6461237070786069,0.446914683778149,0.7461840901131339,0.006269033316544261,0.0042562280013984655,-0.9659258262890683,-0.25881904510252063,0.7818314824680298,0.6234898018587336,0,0,0,0,1167
2019-08-06 21:00:00,0.002863588862335913,61.87809467547928,0.002461358752322562,0.0005508636007894084,0.0019104951515331538,31.23920607134577,27.802585259575597,14.085902725538752,70.70095229420245,68.05039734092297,0.02070146236376047,78.1640786038222,-27.796842827728586,0.5597968942037718,0.458602845287205,0.7656334080835927,0.006269033316544033,0.004792796427953494,-0.7071067811865477,0.7071067811865474,0.7818314824680298,0.6234898018587336,0,0,0,0,1166
2019-08-07 01:00:00,0.0027590468007404794,62.25406687083489,0.002491462746717854,0.00046477407614776024,0.002026688670570094,31.401632480978726,27.260896644564447,13.575367611681429,71.99206622351926,69.71483462711238,0.020258475658309294,75.82589447965488,-26.482758620689783,0.30598003077693686,0.47597960268290734,0.7507345609646833,0.006184571519461188,0.004734439380383648,0.25881904510252074,0.9659258262890683,0.9749279121818236,-0.22252093395631434,0,1,0,1,1165
2019-08-07 05:00:00,0.002741257743544732,56.431696933341875,0.00232392071672316,0.00023778563692245305,0.002086135079800707,30.483000632425373,25.47795983809335,17.508020883969124,67.662613470682,70.11854399613456,0.019312801557474835,49.2378989705929,-42.73255813953568,-0.1792865998876174,0.47906841415861573,0.6310529698380535,0.005927021774690302,0.0029358175632865358,0.9659258262890683,0.25881904510252074,0.9749279121818236,-0.22252093395631434,0,0,0,0,1164
2019-08-07 09:00:00,0.0027554536190058185,59.65837052539491,0.0022954029357673544,0.00016741428477331762,0.002127988650994037,29.224746283927228,23.536220906581253,18.169732480850936,66.4485229495433,68.70106754791483,0.018036831650777962,47.234583251533806,-31.439114391144642,0.03391827480943704,0.4766002922138922,0.6955997632127262,0.005511808667098854,0.0028573521582233585,0.7071067811865476,-0.7071067811865475,0.9749279121818236,-0.22252093395631434,1,0,1,0,1163
2019-08-07 13:00:00,0.0028329212176482488,63.3074500042659,0.002408041108115322,0.0002240419656970279,0.002183999142418294,29.187993231802825,29.628390517166185,16.410524345854668,68.35612151356068,67.48908597792864,0.017239432009165334,85.02653414255418,-20.759962928637666,-0.13875300186782938,0.4635674270851045,0.7837680497477695,0.005268476098327163,0.0050084973188990745,-0.2588190451025208,-0.9659258262890683,0.9749279121818236,-0.22252093395631434,0,1,0,1,1162
2019-08-07 17:00:00,0.002861283987816236,55.94253124659125,0.0022510705467568837,5.365712347087147e-05,0.002197413423286012,28.90589204320922,27.23936063263202,16.260591816496046,62.42166362990566,65.74210269766986,0.015034870800866074,56.86363866525108,-60.53593179050074,-0.02588592341338244,0.4589722675526127,0.6055878710915579,0.005076115979971317,0.0032952842000535387,-0.9659258262890683,-0.25881904510252063,0.9749279121818236,-0.22252093395631434,0,0,1,0,1161
2019-08-07 21:00:00,0.002768335131543648,57.93106915999474,0.002184599929775377,-1.0250794808507914e-05,0.002194850724583885,28.610891752175583,26.142946037687587,15.760896865418042,56.90461649841132,62.56080054729253,0.013750498318199966,49.00545396214398,-47.99025578562765,0.09911333744072792,0.47438259372438046,0.6555216364173184,0.004846059489167707,0.0027985947973825365,-0.7071067811865477,0.7071067811865474,0.9749279121818236,-0.22252093395631434,0,0,0,0,1160
2019-08-08 01:00:00,0.0026534540507191055,57.767501805554076,0.002102839760575792,-7.360877120647473e-05,0.0021764485317822668,28.33696291050149,25.326602595085173,15.26874480317269,47.5842468534303,55.63684232724907,0.011674422640923776,46.54076880574741,-48.72107186358075,0.26744425263195987,0.4949209501645976,0.634567682558724,0.004508300394131372,0.0025992405469250635,0.25881904510252074,0.9659258262890683,0.43388373911755823,-0.900968867902419,0,0,0,0,1159
2019-08-08 05:00:00,0.002657493047096311,58.83153068242586,0.002055502422763311,-9.675688721516454e-05,0.0021522593099784757,28.602471216126485,27.513543055924707,14.1565715287131,55.268409547394526,53.252424299745364,0.009969412419946977,66.05975285468912,-37.48344370860806,0.1527085677543893,0.4941687435212342,0.6641019481475792,0.0042271898440380895,0.002992367969837817,0.9659258262890683,0.25881904510252074,0.43388373911755823,-0.900968867902419,0,0,0,0,1158
2019-08-08 09:00:00,0.0027491006865894355,55.718999179561315,0.0019112295521379608,-0.00019282380627241207,0.002104053358410373,27.739040716837742,24.696950286172918,17.69599155072255,54.374480472353376,52.40904562439271,0.007576471738155011,7.612916411197389,-50.67204301075113,0.04107216200290425,0.4777016740078852,0.5268594679730936,0.0037670534595876607,0.0016305785322507926,0.7071067811865476,-0.7071067811865475,0.43388373911755823,-0.900968867902419,0,0,0,0,1157
2019-08-08 13:00:00,0.002877022066118761,55.934199624123195,0.0017835943452133574,-0.00025636721055761254,0.00203996155577097,27.371558377503934,24.867658686902143,15.701374502907688,54.12738256308118,54.59009086094301,0.005612190659547434,28.995715208078646,-49.46236559139731,-0.03568465470635597,0.4564615667934853,0.500267275310299,0.00335574760805025,0.0020735989163376267,-0.2588190451025208,-0.9659258262890683,0.43388373911755823,-0.900968867902419,0,1,0,1,1156
2019-08-08 17:00:00,0.0029100919185388583,49.008752308514495,0.001469423236139189,-0.0004564306557054249,0.001925853891844614,26.488894583850037,22.82899014163504,16.8686770803705,39.24731182795803,49.24972495446417,0.005467985003556386,-126.27356598475217,-82.12365591397753,-0.27115257684142313,0.4512744053319718,0.05239452953728329,0.0028789555404872616,0.00018117766969716342,-0.9659258262890683,-0.25881904510252063,0.43388373911755823,-0.900968867902419,1,0,1,0,1155
2019-08-08 21:00:00,0.0028036567815003664,52.18351885044583,0.001303056432891081,-0.0004982379671628265,0.0018012944000539075,25.669278204028558,22.00310022796886,16.258414858032356,30.93223151466996,41.4356419685697,0.00554448013785791,-117.87642090556456,-75.61728395061533,0.018765079081408585,0.4684061218424957,0.29303740450526505,0.0024299228962826403,0.00015135012278810756,-0.7071067811865477,0.7071067811865474,0.43388373911755823,-0.900968867902419,0,0,0,0,1154
2019-08-09 01:00:00,0.002657681297107474,52.681712388018425,0.0011730191205701068,-0.0005026202235870404,0.0016756393441571473,25.019312098941988,22.25244872791441,15.92632098933478,23.191291650074195,31.123611664234037,0.005606731311476931,-75.35604831440101,-72.6851851851846,-0.10885859090584615,0.49413374035076923,0.3367141300090396,0.0018740817182577422,0.0005593754462982492,0.25881904510252074,0.9659258262890683,-0.433883739117558,-0.9009688679024191,0,0,0,0,1153
2019-08-09 05:00:00,0.002574275490171225,52.433996134027474,0.0010513885297704917,-0.0004994006515093247,0.0015507891812798164,24.036222992023426,21.33246314830501,17.015941901977122,25.925925925927714,26.6831496968906,0.004382260147349548,-82.20140515222154,-73.91975308641696,-0.2957051499011338,0.5101435355361484,0.3285131473870775,0.0013143966857136727,0.0003275587439277583,0.9659258262890683,0.25881904510252074,-0.433883739117558,-0.9009688679024191,0,0,1,0,1152
2019-08-09 09:00:00,0.0024946843837304242,54.61719954469403,0.0010047390523091337,-0.00043684010317654605,0.0014415791554856798,23.568798047387865,23.218032442102302,16.304621597466937,30.401234567902616,26.506150714634817,0.004380693552286985,-7.209062821816314,-62.19135802469062,0.015178435906822572,0.5264192971923096,0.5033099781636715,0.0010940837459845441,0.0011385540444137643,0.7071067811865476,-0.7071067811865475,-0.433883739117558,-0.9009688679024191,0,0,0,0,1151
2019-08-09 13:00:00,0.0025650640706068174,57.284230710042436,0.0010333214952973346,-0.00032660612815067617,0.0013599276234480108,23.75587494550523,25.172905558303373,14.724597484525361,38.837448559672545,31.7215363511676,0.004455026823606989,44.75958941112339,-47.37654320987479,0.008920288303716993,0.5119755155625896,0.7051615032162352,0.0010912213016696934,0.0016485363875271553,-0.2588190451025208,-0.9659258262890683,-0.433883739117558,-0.9009688679024191,0,1,0,1,1150
2019-08-09 17:00:00,0.002468988065563473,54.34634791108946,0.0009785262982620058,-0.0003051210601488041,0.0012836473584108099,23.92958920804278,24.284428637926997,14.204893273323666,43.46707818930164,37.568587105625575,0.003954417782566555,21.178517068933733,-60.030864197529695,-0.05887705400632526,0.5318980752951876,0.4943101611318789,0.001091510047063625,0.001314253476524918,-0.9659258262890683,-0.25881904510252063,-0.433883739117558,-0.9009688679024191,0,1,0,1,1149
2019-08-11 21:00:00,0.002359774632308951,55.04280956653641,0.0009427918698352578,-0.0002726843908604417,0.0012154762606956995,23.982767645571602,23.59346183944204,14.254758819820214,47.831706556135906,43.37874443503667,0.003923649321624811,5.482222274872643,-49.09747292418785,-0.08381706479773898,0.5565150086875178,0.5430721469088577,0.0009272151849848789,0.00110177986506943,-0.7071067811865477,0.7071067811865474,-0.7818314824680299,0.6234898018587334,0,1,0,1,1148
2019-08-12 01:00:00,0.0022390764442868955,56.261264207570136,0.0009351618547450702,-0.00022425152476050346,0.0011594133795055736,24.10978900603659,23.631499862108946,13.950083188501297,49.604633715144104,46.96780615352719,0.003934400081218925,33.632070926079614,-42.057761732850196,0.044625325764873165,0.5865141421816198,0.629880029852382,0.0009117292479068901,0.0013203041425307038,0.25881904510252074,0.9659258262890683,0.0,1.0,0,1,0,1,1147
2019-08-12 05:00:00,0.0024312852696949817,45.03728784968632,0.0006528857818997036,-0.00040522207808469605,0.0010581078599843996,23.005190684237235,20.208757173811303,24.03370010617667,42.85369246656654,46.76334424594882,0.00460382623467348,-166.27790265347443,-80.28368794326238,-0.2605909703443936,0.5401464058410367,-0.07625980320870572,0.0009924837903695436,-0.0010270535222050015,0.9659258262890683,0.25881904510252074,0.0,1.0,1,0,1,0,1146
2019-08-12 09:00:00,0.002553336321859628,54.80537083808136,0.0006915254879962252,-0.0002932658975905397,0.0009847913855867648,21.82182251953608,18.67954631820593,21.25024052072212,48.29753095902615,46.91861904691225,0.004579002511362784,-28.190476190474516,-32.76595744680899,0.25579107414362423,0.5143270742506584,0.6541820512760008,0.0009484429035507654,0.0005025774262381599,0.7071067811865476,-0.7071067811865475,0.0,1.0,0,0,0,0,1145
2019-08-12 13:00:00,0.002533098013155369,55.541966753412474,0.0007370520327953933,-0.00019819148223309722,0.0009352435150284905,20.64040497897583,22.10836378164901,19.890018888906617,52.765957446808784,47.972393624133794,0.004528863433476804,116.52044028451118,-28.65248226950228,0.17332106386971016,0.5184363152076149,0.696186087977921,0.0009602981958070103,0.002130637898805743,-0.2588190451025208,-0.9659258262890683,0.0,1.0,0,0,0,0,1144
2019-08-12 17:00:00,0.0024485910122157128,55.941953553961056,0.0007762873367516132,-0.00012716494262150194,0.0009034522793731151,19.543374405598456,21.237708810911876,19.106725109922564,70.68557919621757,57.249689200684145,0.00460999739686363,96.6726374640348,-26.524822695036,0.1697186243858877,0.5363288493049108,0.7178960015646597,0.0009890159942827857,0.0018528535335677887,-0.9659258262890683,-0.25881904510252063,0.0,1.0,0,1,0,1,1143
2019-08-12 21:00:00,0.0023836916542002958,53.291399364697234,0.0007367561664979316,-0.00013335689030014692,0.0008701130567980786,18.28655017179834,20.257654211532966,19.48356086228378,69.70280310705853,64.38477991669494,0.004089087917747758,67.85880032484584,-35.71428571428618,0.10809169033963421,0.5509311565889515,0.5831481266333483,0.0009954116555477217,0.0012691585842157238,-0.7071067811865477,0.7071067811865474,0.0,1.0,0,0,0,1,1142
2019-08-13 01:00:00,0.0024134279646145706,48.096316937686616,0.0005673598802138358,-0.00024220254126739436,0.0008095624214812301,18.02477632410696,18.578908915750404,24.9424834372016,59.42855764392842,66.60564664906815,0.004236554732216291,-72.50640198091784,-59.47521865889258,-0.10534021318002097,0.5441430277823638,0.20742736059221548,0.0010005764844321845,-0.0004117074358549466,0.25881904510252074,0.9659258262890683,0.7818314824680298,0.6234898018587336,1,0,1,0,1141
2019-08-13 05:00:00,0.002332468824284955,48.82149173304419,0.00044572620998861723,-0.00029106896919409045,0.0007367951791827077,17.781700608393535,17.850649192326543,23.964783068904865,49.514091350826114,59.548484033937655,0.004258493160619992,-78.24037279315185,-56.268221574342924,-0.1712542590577378,0.5630300333821576,0.28196513062740064,0.0010178769129390855,-0.0005443708409864634,0.9659258262890683,0.25881904510252074,0.7818314824680298,0.6234898018587336,1,0,1,0,1140
2019-08-13 09:00:00,0.002481578193978893,56.26876978808426,0.0005439821525758948,-0.0001542504212854503,0.0006982325738613451,17.033680360016273,24.21469063482432,20.915906999935984,54.76190476190462,54.568184585553034,0.00441712123436222,65.41316047296009,-19.97084548105067,0.12407169380177113,0.5291995243939388,0.8452474856557091,0.0010219550822259242,0.0011398454929589796,0.7071067811865476,-0.7071067811865475,0.7818314824680298,0.6234898018587336,0,1,0,1,1139
2019-08-13 13:00:00,0.0026557511801232605,45.594250959739355,0.0003180119406134274,-0.0003041765065983342,0.0006221884472117616,15.976031246005993,21.010424285976747,21.967364623916772,49.85422740524795,51.376741172659536,0.0046382065498451475,-87.16373153410419,-74.19825072886259,-0.2284592387666678,0.49449286131506065,0.06448683811475557,0.0009592947184024114,-0.0008097421464778876,-0.2588190451025208,-0.9659258262890683,0.7818314824680298,0.6234898018587336,0,0,0,0,1138
2019-08-13 17:00:00,0.002574626095828755,43.629460130717796,7.193257864179792e-05,-0.00044020469485597097,0.0005121372734977689,14.99392849728216,20.1244192138941,21.041005583653615,39.89310009718147,48.169744088111315,0.0052335269177676835,-162.5838333921632,-86.15160349854236,-0.33632487019823104,0.5100740655614592,-0.011414203472103077,0.0010787475591485594,-0.0019838961080929085,-0.9659258262890683,-0.25881904510252063,0.7818314824680298,0.6234898018587336,0,0,0,0,1137
2019-08-13 21:00:00,0.0024464385175552725,45.629567066132346,-6.983253491044117e-05,-0.00046557584672656807,0.0003957433118161269,14.107228156609674,19.66611313594803,20.70781031477103,20.9912536443151,36.91286038224815,0.005477925154561358,-144.9690190272527,-76.67638483964978,0.018790096724263697,0.536800737307035,0.15479630578276715,0.0011829917517782536,-0.0018834510861120979,-0.7071067811865477,0.7071067811865474,0.7818314824680298,0.6234898018587336,0,0,0,0,1136
2019-08-14 01:00:00,0.002346692909158467,44.074977674738605,-0.0002279695038196472,-0.0004989702525086193,0.00027100074868897207,13.204836629647035,19.463718317545393,20.045991391832043,17.249757045675995,26.04470359572416,0.005732756404991157,-141.63360797477398,-85.4227405247799,-0.3336425920639322,0.5596173214120873,0.07315472224327618,0.0012792056006260062,-0.0019137083325564408,0.25881904510252074,0.9659258262890683,0.9749279121818236,-0.22252093395631434,0,0,0,0,1135
2019-08-14 05:00:00,0.002324786272790008,45.63740848435936,-0.0003117751688759274,-0.00046622073405191955,0.00015444556517599218,12.472671694453766,19.933623714601744,18.789537260420612,19.776482021380904,19.339164237123978,0.005982005014955494,-118.21226911666214,-78.57142857142765,-0.3175027870680051,0.5648906376343794,0.18304941315499648,0.0013085146340712681,-0.001582744999285346,0.9659258262890683,0.25881904510252074,0.9749279121818236,-0.22252093395631434,0,0,0,0,1134
2019-08-14 09:00:00,0.0023358729675907242,45.91439151356645,-0.0003675001182064097,-0.0004175565467059215,5.00564284995118e-05,12.109351515246715,20.134362773827068,17.364617172349146,19.533527696793417,18.853255587950084,0.0061884599052541844,-92.83505847561192,-77.40524781341223,-0.32370251471375266,0.562209511484915,0.22052820467790943,0.0013537002355663344,-0.00122305873267603,0.7071067811865476,-0.7071067811865475,0.9749279121818236,-0.22252093395631434,0,1,0,1,1133
2019-08-14 13:00:00,0.0024854534699056837,37.419247453082,-0.0006710168150527718,-0.0005768585948418268,-9.415822021094493e-05,12.324685524761135,17.57101257383773,23.83296098197522,17.698351190988927,19.00278696972106,0.007591124027368945,-185.74871657981612,-90.92827004219338,-0.5505831541186662,0.5283744056773005,-0.1311976965103748,0.0015714289257984279,-0.0033945473673950843,-0.2588190451025208,-0.9659258262890683,0.9749279121818236,-0.22252093395631434,0,0,0,0,1132
2019-08-14 17:00:00,0.0024200639363409814,36.32588339494268,-0.0009410539215271019,-0.0006775165610529256,-0.00026353736047417633,12.751472421285047,16.756792947928886,24.263358443774028,13.488827381464779,16.906902089749018,0.008819745801260215,-203.51624933404148,-91.20000000000009,-0.450402144772112,0.5426509524312693,-0.06469881470828927,0.0019232032625613501,-0.004472316911336982,-0.9659258262890683,-0.25881904510252063,0.9749279121818236,-0.22252093395631434,0,0,0,0,1131
2019-08-14 21:00:00,0.0023157736551737734,37.38976553357218,-0.001120358732337401,-0.0006854570974905796,-0.0004349016348468213,13.147774539485825,16.260614390863044,23.544906039449778,9.872803414604194,13.686660662352608,0.009474112095536835,-162.92848450393868,-88.25331971399399,-0.4458462143278399,0.5670891008998264,0.03927080912877708,0.00217551829945256,-0.0038937315584302024,-0.7071067811865477,0.7071067811865474,0.9749279121818236,-0.22252093395631434,0,0,0,0,1130
2019-08-15 01:00:00,0.0022417898226613736,41.00671087928944,-0.0011746817751963068,-0.0005918241122795883,-0.0005828576629167185,13.081012794507915,17.668494989947416,22.584656732469004,13.896901600272408,12.419510798780436,0.009787929505199244,-123.17865949338918,-78.85597548518872,-0.5848213887724901,0.5858042474476738,0.1744459593515313,0.002330230852374928,-0.0029995663670892014,0.25881904510252074,0.9659258262890683,0.43388373911755823,-0.900968867902419,0,1,0,1,1129
2019-08-15 05:00:00,0.0021773762638998555,40.21801049358791,-0.0012269897799979113,-0.0005153056936649542,-0.000711684086332957,12.891271946906446,17.515106470928206,21.591868153347146,17.02417432754482,13.597959780807116,0.010012876509710278,-109.36274907400613,-81.81818181818285,-0.27996672599934497,0.6031341581945345,0.1812104896225826,0.0024616213416584873,-0.002750401057722174,0.9659258262890683,0.25881904510252074,0.43388373911755823,-0.900968867902419,0,0,0,0,1128
2019-08-15 09:00:00,0.0021889922450498665,38.48624190801745,-0.001304245455782782,-0.00047404909555986,-0.0008301963602229221,13.017937703284368,16.177721678756132,21.737891920718052,17.02417432754482,15.981750085120659,0.010172042272751813,-106.17738379397926,-88.25331971399399,-0.2631649614651255,0.5999336009388573,0.15724680388525802,0.0025672312534038007,-0.002754235639770952,0.7071067811865476,-0.7071067811865475,0.43388373911755823,-0.900968867902419,0,1,0,1,1127
2019-08-15 13:00:00,0.0024140642275463134,29.299150527300824,-0.001689739270648083,-0.0006876343283401286,-0.0010021049423079543,14.889785067746454,13.621598606931713,31.203838941065673,11.945531582636834,15.331293412575468,0.012212010317658173,-175.7871239504307,-94.09190371991268,-0.7022597555957251,0.5439996107041462,-0.10305386324077753,0.0028895673163024686,-0.005594430121922844,-0.2588190451025208,-0.9659258262890683,0.43388373911755823,-0.900968867902419,0,0,0,0,1126
2019-08-15 17:00:00,0.0024030596398644287,32.51631663930796,-0.0019094881082699633,-0.0007259065327696072,-0.001183581575500356,16.627929049032677,12.70655048777043,29.10768158409409,10.054849942151098,13.008185284110894,0.013001362851582599,-155.7167306382136,-87.49022673964006,-0.5782209412649373,0.5464908062265522,0.0335489002784264,0.0031751055620553937,-0.005542475712168704,-0.9659258262890683,-0.25881904510252063,0.43388373911755823,-0.900968867902419,0,1,0,1,1125
2019-08-15 21:00:00,0.002341412522731246,31.82536463932735,-0.002087815680671623,-0.0007233872841370134,-0.0013644283965346096,18.241919888798456,12.109594359755793,27.74019723728828,10.33110741891491,10.777162981234255,0.013475304078142791,-137.9534944310595,-87.42454728370255,-0.6513433957537578,0.5608793782601369,0.06420278414900633,0.0034020473967328554,-0.005218677655195458,-0.7071067811865477,0.7071067811865474,0.43388373911755823,-0.900968867902419,0,1,0,1,1124
2019-08-16 01:00:00,0.0022363116282504373,31.721662166316875,-0.0022077268478732925,-0.0006746387610709463,-0.0015330880868023463,19.88256568091029,11.77309170831409,28.278904052260554,12.385886861434706,10.923948074166882,0.013557961351114756,-133.65405050329466,-87.92756539235329,-0.6629270780214103,0.5872392663930348,0.10388587480679046,0.003589719878828823,-0.005273450109446465,0.25881904510252074,0.9659258262890683,-0.433883739117558,-0.9009688679024191,0,1,0,1,1123
2019-08-16 05:00:00,0.002253717940518266,27.954736611680996,-0.002429677456389001,-0.0007172714956693237,-0.0017124059607196774,21.859594173447984,10.847723424589956,30.524980466587376,9.009613234965972,10.575535838438505,0.014184199096114458,-142.63280861005802,-97.61904761904626,-0.5401719218276039,0.5827037964200633,0.028982922847588095,0.003884719932425978,-0.005811440767357512,0.9659258262890683,0.25881904510252074,-0.433883739117558,-0.9009688679024191,0,0,0,0,1122
2019-08-16 09:00:00,0.002238452373338393,26.160043318125478,-0.002658046993472052,-0.0007565128262018994,-0.0019015341672701525,24.11520139559098,10.141580068909397,33.42012613983444,6.852601553094641,9.416033883165083,0.015210150689526802,-156.4866007455911,-93.89558232931655,-0.5879923875184078,0.5866776598161164,0.03113548014283783,0.004185399164181866,-0.006735725505969015,0.7071067811865476,-0.7071067811865475,-0.433883739117558,-0.9009688679024191,1,0,1,0,1121
2019-08-16 13:00:00,0.0023514200609570904,34.74524546668237,-0.002650324585278252,-0.0005990323344064793,-0.0020512922508717727,24.703276037622583,15.100867888443528,29.54207802590907,10.110919869956824,8.657711552672454,0.015210280207742066,-110.91821193110998,-78.15261044176674,-0.4361756549366007,0.5584923008037418,0.19237910570388583,0.004203067279648947,-0.0049027341321581375,-0.2588190451025208,-0.9659258262890683,-0.433883739117558,-0.9009688679024191,0,0,0,0,1120
2019-08-16 17:00:00,0.002282032913745865,34.17756728942494,-0.002634811877032295,-0.0004668157009284175,-0.0021679961761038773,25.249345348080496,14.44859240570788,28.266020692799714,16.52289297788757,11.162138133646321,0.014055762661553395,-89.23766174281187,-78.38312829525402,-0.5416311706945294,0.5754737331304978,0.193435347212694,0.00413189900313062,-0.004075048734918818,-0.9659258262890683,-0.25881904510252063,-0.433883739117558,-0.9009688679024191,0,0,0,0,1119
2019-08-18 21:00:00,0.0022161734199068763,34.222081459134635,-0.002591833978810465,-0.00033907024216526995,-0.002252763736645195,25.809213549691968,13.815258599167569,27.47824750028895,23.4276455386194,16.687152795487908,0.013873978376725216,-81.18496835074735,-73.18132464712106,-0.5148628527348597,0.5925754673364789,0.2221056646255163,0.00403489321605762,-0.0038379781694588555,-0.7071067811865477,0.7071067811865474,-0.7818314824680299,0.6234898018587334,0,0,0,0,1118
2019-08-19 01:00:00,0.002106446747056386,34.555721950801164,-0.002523041221186073,-0.00021622198763270213,-0.002306819233553371,26.33711257833492,13.496699942423453,26.91246030698073,25.33808861385161,21.762875710119502,0.013686818622228092,-77.3527230632945,-72.42128121607013,-0.4523303088231474,0.6234432471816229,0.25257215767438385,0.0040052892164009765,-0.003730273249235694,0.25881904510252074,0.9659258262890683,0.0,1.0,0,0,0,0,1117
2019-08-19 05:00:00,0.0021174148365523692,39.72922522949144,-0.0023526418672501492,-3.665810695742226e-05,-0.002315983760292727,25.638544143406467,17.797681090660713,24.86069418822714,31.306550850525223,26.690761667665388,0.012932439831590425,-52.294585485045445,-60.47774158523318,0.028829608007432454,0.6202138463043304,0.352309384395165,0.003901409875132592,-0.0026099847226301875,0.9659258262890683,0.25881904510252074,0.0,1.0,0,0,0,0,1116
2019-08-19 09:00:00,0.0020961709196557665,38.76907225319375,-0.0022178544319186866,7.85034626992324e-05,-0.002296357894617919,24.7422196188305,17.920633864800184,23.31888754728769,34.382917119073106,30.342518861149955,0.0122050604258086,-40.97679736143152,-63.95222584147741,-0.071122474702012,0.6264994842193794,0.3469896964990725,0.003594692878144011,-0.0021435859448197814,0.7071067811865476,-0.7071067811865475,0.0,1.0,0,1,0,1,1115
2019-08-19 13:00:00,0.002023587282537495,36.96518584587146,-0.002134840293901874,0.00012921408057283605,-0.00226405437447471,24.066085887672322,17.23746644717926,23.45357062371867,35.03438291711894,33.57461696223907,0.011120433624529635,-52.53293644231765,-70.4668838219326,-0.09365909889139416,0.6489712656986254,0.31551978373623285,0.003414496350295828,-0.0025608990692345124,-0.2588190451025208,-0.9659258262890683,0.0,1.0,0,0,0,1,1114
2019-08-19 17:00:00,0.002026902476641961,32.87444549044653,-0.002164332461622287,7.977753028193865e-05,-0.0022441099919042256,24.25495665630202,15.980039132176762,27.62781856305114,27.083226715169257,32.16684225045375,0.009876364513194513,-86.72779357422077,-84.33121019108225,-0.22335098526604324,0.6479098107254309,0.1914856680381629,0.003339098827282343,-0.00353362714369565,-0.9659258262890683,-0.25881904510252063,0.0,1.0,0,0,0,0,1113
2019-08-19 21:00:00,0.0019499808711675355,36.04596283321135,-0.0021133154139771904,0.00010463566234162822,-0.0022179510763188186,24.430336655743886,15.423951729326697,26.666401526205174,26.768756771120877,29.628788801136334,0.009531437666870257,-84.4980148485743,-64.89563567362255,0.005413012882966059,0.6734681449534948,0.27663390619443395,0.0032194641536273023,-0.0032570703055332384,-0.7071067811865477,0.7071067811865474,0.0,1.0,0,0,0,0,1112
2019-08-20 01:00:00,0.0018435536660841492,37.078723568373306,-0.00203330701010751,0.00014771525296904684,-0.002181022263076557,24.550974479691433,15.34278016866009,26.191133688576244,30.89848150794832,28.250154998079463,0.009156526852327485,-71.17248108669436,-58.07770961145027,0.11648802159995064,0.7123470415642658,0.31805328298944846,0.0030514511443328826,-0.002754238014424315,0.25881904510252074,0.9659258262890683,0.7818314824680298,0.6234898018587336,0,0,0,0,1111
2019-08-20 05:00:00,0.0018275855470781352,34.55481131201163,-0.0020144593203508254,0.0001332503541805856,-0.002147709674531411,25.260106715868773,14.371346108609572,29.496445581781206,34.14894092738562,30.605393068818245,0.008677473134348634,-96.86682406993368,-74.57983193277036,-0.1361132895246762,0.7185710141446278,0.247910484292846,0.0028377831922390935,-0.0032146989732702025,0.9659258262890683,0.25881904510252074,0.7818314824680298,0.6234898018587336,0,0,0,0,1110
2019-08-20 09:00:00,0.0017699008651439684,34.28552874687078,-0.001983915297659955,0.0001310355014971648,-0.00211495079915712,25.918586649462014,13.779756355135422,28.282238169461227,30.29062340682833,31.77934861405406,0.007512733457089915,-95.38948123512131,-76.47058823529439,-0.12081759248407452,0.7419907102498516,0.2459646331257764,0.0025110111134153106,-0.0029728563887418957,0.7071067811865476,-0.7071067811865475,0.7818314824680298,0.6234898018587336,0,0,0,0,1109
2019-08-20 13:00:00,0.0018891936604908356,45.217479509435975,-0.0017666638234985488,0.0002786295805268569,-0.0020452934040254057,25.211368319927242,17.81010918190881,24.60376406934956,39.297893070272266,34.57915246816204,0.005833145291969988,-43.98077432230467,-31.05590062111847,0.07122763993074206,0.6951378397378284,0.582116932807982,0.0023230512412223646,-0.0018763612109757855,-0.2588190451025208,-0.9659258262890683,0.7818314824680298,0.6234898018587336,0,0,0,1,1108
2019-08-20 17:00:00,0.0018299655418843516,45.94156691733492,-0.0015635561007396603,0.0003853898426285963,-0.0019489459433682567,24.053858652274602,19.68841481763831,23.585790572168023,54.910079974017755,41.499532150372765,0.003903292968404859,62.81569403232297,-27.743271221533906,0.07933717397379998,0.7176364636066975,0.7169962661926347,0.0021978031778290795,-0.0005363856474311923,-0.9659258262890683,-0.25881904510252063,0.7818314824680298,0.6234898018587336,0,0,0,1,1107
2019-08-20 21:00:00,0.0017885394317497532,42.81797920850668,-0.0014520209207919965,0.00039754001806100803,-0.0018495609388530045,23.239622784043224,18.705549050778217,24.125646946625597,65.49344375431333,53.23380559953443,0.003843063361069099,32.82409428196622,-44.72049689440766,-0.09366922155472263,0.7342583432534272,0.516393172342238,0.002033754287447937,-0.0009504081289704036,-0.7071067811865477,0.7071067811865474,0.7818314824680298,0.6234898018587336,0,0,0,0,1106
2019-08-21 01:00:00,0.0017607866151961883,43.673014738347675,-0.0013345273077753905,0.0004120269048620913,-0.0017465542126374818,22.403548563198886,18.048871415445813,22.75548393320816,62.11180124223696,60.83844165685599,0.0035722933806141555,47.23004694834861,-41.20082815734762,-0.0495508887627439,0.7458314304903303,0.5839796646120903,0.0017641796139418772,-0.0008069088119859735,0.25881904510252074,0.9659258262890683,0.9749279121818236,-0.22252093395631434,0,0,0,0,1105
2019-08-21 05:00:00,0.0017628732855393147,45.63006872084365,-0.001196952228542436,0.00043968158727603654,-0.0016366338158184726,21.8491360167545,16.739828303893514,22.482702142591286,60.248447204969956,62.61789740050673,0.0034329340216752158,58.069911356396936,-33.33333333333487,0.03876073807655971,0.7449486079189398,0.7069658186011754,0.00141118272911444,-0.0007147561070270925,0.9659258262890683,0.25881904510252074,0.9749279121818236,-0.22252093395631434,0,0,0,0,1104
2019-08-21 09:00:00,0.0017319537651436531,48.423280041325086,-0.0010316503604423932,0.00048398676430086354,-0.0015156371247432568,21.20874137161855,16.399008761969554,21.249495606405773,67.83988957902002,63.40004600874229,0.0034299830899255923,100.84272006674895,-21.946169772257484,0.22294833375455575,0.7582477237151162,0.8676402964503571,0.0009540465138068105,-0.0002619756184649713,0.7071067811865476,-0.7071067811865475,0.9749279121818236,-0.22252093395631434,0,1,0,1,1103
2019-08-21 13:00:00,0.0016968142104905285,48.277588670979846,-0.0008927768129514124,0.0004982882494334756,-0.001391065062384888,20.736429576797914,15.54300247429059,20.855927198110372,74.05106970324279,67.3798021624109,0.0035353551444221587,76.86879019273961,-22.5672877846793,0.1641858367162772,0.7739503782328386,0.8216084250528053,0.0008849388267884059,-0.0003820842356547782,-0.2588190451025208,-0.9659258262890683,0.9749279121818236,-0.22252093395631434,0,1,0,1,1102
2019-08-21 17:00:00,0.0017491846240269145,40.273986456585234,-0.0009205792835731419,0.00037638862304939687,-0.0012969679066225388,21.062123849658065,14.000671775349872,23.482461054640133,67.05320645537957,69.64805524588077,0.0032145736882518428,-26.603690881930557,-54.32692307692457,-0.019843059438992422,0.7507783809445339,0.26466552850700076,0.0008339413724387804,-0.001256184163468843,-0.9659258262890683,-0.25881904510252063,0.9749279121818236,-0.22252093395631434,0,0,1,0,1101
2019-08-21 21:00:00,0.0016806714365964256,41.01798103811619,-0.0009215005436489232,0.0003003738903788924,-0.0012218744340278156,21.364554245885348,13.530598987700602,22.694037034283134,57.30128868715864,66.13518828192697,0.0032573185286666195,-52.63157894736381,-51.20192307692023,0.06769808459552908,0.7813841369610584,0.3193299197419895,0.0007879926060096375,-0.0013979560970580618,-0.7071067811865477,0.7071067811865474,0.9749279121818236,-0.22252093395631434,0,0,0,0,1100
2019-08-22 01:00:00,0.0016256234768395356,39.31407768650953,-0.000945225171416153,0.0002213194100893301,-0.0011665445815054831,21.84025409295171,12.989582604306355,23.104799271136873,44.39102564102649,56.24850692785487,0.0033739679899471575,-75.3746964749494,-61.29807692307576,0.037914007420320736,0.8078438941797037,0.21472758399967756,0.0007766294491147877,-0.001562119609293644,0.25881904510252074,0.9659258262890683,0.43388373911755823,-0.900968867902419,0,0,1,0,1099
2019-08-22 05:00:00,0.0017773646570652774,48.66429511882755,-0.0008166307895081104,0.0002799310335978981,-0.0010965618231060085,20.37574040555085,20.154647567405647,19.62279826788012,52.464912280704425,51.38574220296315,0.0034359109413943933,36.98585060879261,-30.10526315789075,-0.0009009739528289202,0.7388748250279673,0.7062044133520151,0.0007821279528092706,-0.00039141670721654087,0.9659258262890683,0.25881904510252074,0.43388373911755823,-0.900968867902419,0,1,0,1,1098
2019-08-22 09:00:00,0.0019054100387034772,41.12266274215657,-0.0008573431023777278,0.00019137497658262468,-0.0010487180789603525,19.66075505801873,17.45736193056412,21.4951590409698,47.175317616108934,48.010418512613256,0.003586995957229888,-97.50171900065648,-67.07070707070673,-0.18557388272811182,0.6892217283024245,0.18706404652125538,0.0007419582828587806,-0.0017309033706391919,0.7071067811865476,-0.7071067811865475,0.43388373911755823,-0.900968867902419,0,0,0,0,1097
2019-08-22 13:00:00,0.0019907378930817915,42.14443229131073,-0.0008635155058811517,0.00014816205846336075,-0.0010116775643445124,18.996840092453187,15.515590124928746,19.104265505656894,46.597908913699804,48.74604627017103,0.0035074839981339423,-72.38678450200689,-63.03030303030314,-0.09375704304711759,0.6596800134079951,0.26664184343092795,0.0007625375047562076,-0.0014114977676549234,-0.2588190451025208,-0.9659258262890683,0.43388373911755823,-0.900968867902419,0,0,0,1,1096
2019-08-22 17:00:00,0.0019292566150045259,41.409224366836156,-0.0008736674971629999,0.0001104080537452101,-0.00098407555090821,18.38034762442804,14.86646456815755,18.305000580300323,34.343434343434986,42.70555362441454,0.003500694787773817,-69.00152557170037,-66.8686868686852,-0.12619206432190402,0.6807026031614354,0.23976594498282075,0.0007799349141528031,-0.0013231112795761835,-0.9659258262890683,-0.25881904510252063,0.43388373911755823,-0.900968867902419,0,0,0,1,1095
2019-08-22 21:00:00,0.001839309713932786,41.12458131744669,-0.0008772490573165648,8.546119487331616e-05,-0.0009627102521898809,17.807890332690405,14.479652867425592,17.82872134296697,33.93939393939493,38.29357906550988,0.003576299763321522,-73.96019308337435,-68.2828282828269,-0.16669670210847967,0.7139906835983743,0.24554705695173737,0.0008009649475016209,-0.0013245957105434414,-0.7071067811865477,0.7071067811865474,0.43388373911755823,-0.900968867902419,0,0,0,1,1094
2019-08-23 01:00:00,0.0018500733057947253,37.2270960250152,-0.0009490323416838642,1.0942328404813439e-05,-0.0009599746700886776,18.507912055671575,13.367167636399326,23.562889669559766,27.097359831585752,31.793396038138525,0.003856908606270526,-164.7390000611888,-83.55640535373067,-0.3053091367586801,0.7098367377588181,0.019304139852884664,0.000899394679301298,-0.0022459613870331463,0.25881904510252074,0.9659258262890683,-0.433883739117558,-0.9009688679024191,0,0,0,0,1093
2019-08-23 05:00:00,0.001779353783952251,36.54886311121261,-0.0010088165976218644,-3.907354202654933e-05,-0.000969743055595315,19.157932227011234,12.905693353232062,22.749428814172568,20.387559469777404,27.141437746919337,0.004241256417278461,-154.86144751714883,-86.99808795411025,-0.31882700482742604,0.7380488421380967,0.04070213909635863,0.0009604163143581613,-0.0021736178094038383,0.9659258262890683,0.25881904510252074,-0.433883739117558,-0.9009688679024191,0,0,0,0,1092
2019-08-23 09:00:00,0.0018058285136699542,34.98534850867969,-0.0010768661816460412,-8.569850084058097e-05,-0.0009911676808054602,20.50729645419953,11.808166234816563,26.312839790177833,16.221249244835743,21.235389515399604,0.004713661421558157,-172.6389143590624,-80.78175895765189,-0.19035075057735226,0.7272285214563948,0.024467330269378872,0.0010387649052055502,-0.002582395051318187,0.7071067811865476,-0.7071067811865475,-0.433883739117558,-0.9009688679024191,0,0,0,0,1091
2019-08-23 13:00:00,0.0023475550484078154,64.71836092865833,-0.0005196188052358774,0.00037723910045566627,-0.0008968579056915437,20.804298550864367,31.10244432351354,18.795061854809173,40.87893991830143,25.82924954430483,0.0065148642347439,169.24965132496018,-9.58333333333361,0.4744680275299537,0.5594118020323684,1.2610289057995536,0.0011582674798407014,0.0022732632194535363,-0.2588190451025208,-0.9659258262890683,-0.433883739117558,-0.9009688679024191,0,0,0,0,1090
2019-08-23 17:00:00,0.0023205868306644018,66.11999643389477,-2.6850988330551218e-05,0.000696005533888794,-0.0007228565222193453,21.270953940451484,30.94017578351542,17.655378707034814,67.08958865891034,41.39659260734914,0.008035484054941033,282.7954243006884,-8.366141732283495,0.5693969445672707,0.5659128900701408,1.1535387244992177,0.0016329076087028013,0.004903535495230926,-0.9659258262890683,-0.25881904510252063,-0.433883739117558,-0.9009688679024191,0,0,0,0,1089
2019-08-25 21:00:00,0.002357687771331227,65.49729215164352,0.00034835856609150007,0.0008569720706486763,-0.0005086135045571762,22.069594117736063,31.640919872583915,16.136297290012568,87.80566152057078,65.2580633659275,0.009183070510306202,237.240159221581,-18.63354037267054,0.40183800342372356,0.5570075970061533,1.032392732312487,0.002011931719333613,0.004882319322279116,-0.7071067811865477,0.7071067811865474,-0.7818314824680299,0.6234898018587334,0,0,0,0,1088
2019-08-26 01:00:00,0.002304995787664707,65.4972921516435,0.0006383562675209564,0.0009175758176625061,-0.00027921955014154965,22.565757657152204,30.052497688911156,16.534785727884536,84.78892584079182,79.89472534009094,0.01012064405051838,174.83863441947,-18.63354037267054,0.5730995207624551,0.5697407375006578,0.9618777201003041,0.002239329376142357,0.0038784004431633434,0.25881904510252074,0.9659258262890683,0.0,1.0,0,0,0,0,1087
2019-08-26 05:00:00,0.0024424960885458123,53.54895665773876,0.0006301395804071408,0.0007274873044389523,-9.734772403181157e-05,21.801563040495584,26.334928781190545,20.747626408326564,72.90742383910097,81.83400373348782,0.010232650487401518,99.84803947452723,-44.01064773735604,0.29687514099313445,0.5376671865140504,0.6663303170664707,0.0023015331610488398,0.002178928407710279,0.9659258262890683,0.25881904510252074,0.0,1.0,0,0,0,0,1086
2019-08-26 09:00:00,0.0023966035107925417,52.43244184030635,0.0005917915824644737,0.0005513114451970282,4.048013726744549e-05,20.868550222468084,24.922129626271158,20.916146817657697,63.53149955634413,73.74261641207896,0.01029648697359109,51.96772066301313,-46.761313220941034,0.28609591884622076,0.5479629793105479,0.6265965764190427,0.002295415716881611,0.0009006141350931252,0.7071067811865476,-0.7071067811865475,0.0,1.0,0,0,0,0,1085
2019-08-26 13:00:00,0.0023482746885930706,51.72064832323551,0.0005398460959569196,0.0003994927669515793,0.00014035332900534032,20.002181177156835,23.61825250547598,19.821854889170638,53.59361135758638,63.344178251010476,0.0103414681741687,45.977382701690885,-48.447204968943794,0.275283180648946,0.5592403675682472,0.6018714153790573,0.0023063629690553518,0.0007886983376190759,-0.2588190451025208,-0.9659258262890683,0.0,1.0,0,1,0,1,1084
2019-08-26 17:00:00,0.0022919693536935662,49.51104110955044,0.0004467281666880041,0.00024509987014613096,0.0002016282965418731,18.637784401881138,22.470004981099898,22.87842487760937,50.399290150842944,55.84146702159112,0.010343832945158393,10.011750124743044,-53.59361135758638,0.31256775312567925,0.5729788654825008,0.5454377021063513,0.0023071407695886416,-0.00029253086272373885,-0.9659258262890683,-0.25881904510252063,0.0,1.0,0,0,0,0,1083
2019-08-26 21:00:00,0.002189685828429746,49.35444028978572,0.00036549072162905816,0.00013108994006974804,0.00023440078155931011,17.370844539125137,21.839640438360075,22.236602686260852,48.00354924578536,50.665483584738205,0.010345681997690814,10.706000042569494,-53.94853593611379,0.3252678942517777,0.5997435718628866,0.5412732577799164,0.002307367597408519,-0.00023232839370579406,-0.7071067811865477,0.7071067811865474,0.0,1.0,0,0,0,0,1082
2019-08-27 01:00:00,0.002099708269256184,47.33884058584576,0.00025779197439912416,1.871295427185123e-05,0.00023907902012727293,16.222497117232816,21.148698684176455,21.703193874603617,44.69091984619944,47.69791974760923,0.010257836808867715,3.342013888886253,-58.385093167701555,0.31725372163018717,0.625444029167545,0.4860594389768042,0.0023068831402930762,-0.0003762754555429737,0.25881904510252074,0.9659258262890683,0.7818314824680298,0.6234898018587336,0,0,1,0,1081
2019-08-27 05:00:00,0.002079014821452177,53.33210944060753,0.00028694205022294916,3.829042407654099e-05,0.0002486516261464082,15.472213479955585,22.822597813120012,20.353558031026658,47.412008281573655,46.702159124519454,0.01023305604388991,25.383450364867496,-45.43034605146372,-0.22713602125920632,0.6316693784235287,0.6153614321016934,0.002313799810986102,0.0003652932475670667,0.9659258262890683,0.25881904510252074,0.7818314824680298,0.6234898018587336,0,1,0,1,1080
2019-08-27 09:00:00,0.002038370905634173,51.390764261593546,0.0002706129979455074,1.7569097439279404e-05,0.000253043900506228,14.775521531055299,21.614976478898132,19.276581995833112,48.92043774031368,47.00778862269556,0.010087001338228152,18.876128603213786,-49.42324755989369,-0.3239120681920245,0.6442644939496057,0.5590363756316103,0.0023192244768488633,0.00024713645442830945,0.7071067811865476,-0.7071067811865475,0.7818314824680298,0.6234898018587336,0,1,0,1,1079
2019-08-27 13:00:00,0.0020599158409460184,46.52700051697462,0.00015900917638411727,-7.522777929768861e-05,0.00023423695568180588,14.202887886584138,19.861123795237265,22.74041276240149,48.35847382431277,48.2303066154,0.010095229764468527,-18.59347944533344,-60.07098491570431,-0.4190746257941735,0.6375260454314914,0.4411603288029737,0.0023202187301671496,-0.0007754344619257392,-0.2588190451025208,-0.9659258262890683,0.7818314824680298,0.6234898018587336,0,1,0,1,1078
2019-08-27 17:00:00,0.0019813504237355937,44.37848657951965,2.4288128991134528e-05,-0.00016795906135253711,0.00019224719034367164,13.67115664528949,19.173761471360297,21.953402766218183,41.380162411690804,46.21969132543905,0.009940394157045507,-40.15385563271083,-66.36528028932962,-0.47022506191894103,0.6628055210567083,0.3773187480563479,0.002317300959308406,-0.0012132663716384329,-0.9659258262890683,-0.25881904510252063,0.7818314824680298,0.6234898018587336,0,1,0,1,1077
2019-08-27 21:00:00,0.001911253964897329,43.32022820347189,-0.00010387551929680328,-0.00023689816771237996,0.00013302264841557669,13.252005786545071,18.45718773706598,21.581418009873726,25.580118290402012,38.43958484213517,0.009847159184121601,-47.88345572870423,-96.82337992376007,-0.23931623931622895,0.6871143365139059,0.3445236873525246,0.002311422939780392,-0.0012634050619075854,-0.7071067811865477,0.7071067811865474,0.7818314824680298,0.6234898018587336,0,0,0,0,1076
2019-08-28 01:00:00,0.0018168786816903832,42.80980259341607,-0.00021347523782089262,-0.0002771983089891755,6.372307116828284e-05,12.97344084396996,18.029069649765567,21.749168945159976,13.312113262303791,26.75746465479884,0.00973308152629171,-59.87062342845328,-96.87499999999896,-0.22318415392505475,0.7228055528606796,0.325800287871848,0.002303794583899316,-0.0014321993236214858,0.25881904510252074,0.9659258262890683,0.9749279121818236,-0.22252093395631434,0,0,0,0,1075
2019-08-28 05:00:00,0.0017978159187125103,43.79724809968366,-0.0002825522225582411,-0.00027702023498121916,-5.531987577021942e-06,12.116027430317066,20.017789944122477,20.409797277805183,4.988797601171174,14.627009717958964,0.009576603782001758,-53.04269854035722,-91.33522727272747,-0.18991899189919498,0.7304696695201544,0.3368419498636154,0.0023126140090495503,-0.0010784233777318963,0.9659258262890683,0.25881904510252074,0.9749279121818236,-0.22252093395631434,0,1,0,1,1074
2019-08-28 09:00:00,0.001794400495947341,40.84380914632321,-0.00038929285478772613,-0.0003070086937685633,-8.228416101916278e-05,11.495080997173694,18.62332769967549,19.94338025031871,4.616737429238135,7.639216097571005,0.00927296629981278,-70.99960819828968,-97.93956043955919,-0.20082491309594155,0.7318600295563777,0.24937900938484872,0.002294821513119135,-0.001292682840846826,0.7071067811865476,-0.7071067811865475,0.9749279121818236,-0.22252093395631434,0,0,0,0,1073
2019-08-28 13:00:00,0.0017583718890939605,39.61097513518677,-0.0004924167933746393,-0.0003281061058843812,-0.00016431068749025809,11.416486479269153,17.647421161133156,21.741839371658575,7.155799929238107,5.587111653215778,0.008960620290888066,-103.45737661652467,-89.25781249999905,-0.22424755489110768,0.7468556612769105,0.20096936227454107,0.0023079568136960614,-0.0018516682135791829,-0.2588190451025208,-0.9659258262890683,0.9749279121818236,-0.22252093395631434,0,0,0,0,1072
2019-08-28 17:00:00,0.0017099167541586755,39.1444185441054,-0.0005763752433400882,-0.00032965164467986405,-0.0002467235986602241,11.34350585550065,16.851258139593007,20.760956761676777,7.137731525039636,6.30342296117193,0.008504681063830954,-111.42180520171308,-91.38943248532289,-0.18920964428586792,0.768019844712355,0.16371460863321421,0.00231977499310179,-0.0016974014231594392,-0.9659258262890683,-0.25881904510252063,0.9749279121818236,-0.22252093395631434,0,0,0,0,1071
2019-08-28 21:00:00,0.00165420841457592,44.1072234504813,-0.0005741617754402295,-0.0002619505414240043,-0.0003122112340162252,11.164163508130656,16.692715754284873,19.92725244303309,15.874594350686436,10.05604193498803,0.008145284770800565,-86.13321544356293,-71.72897196261879,-0.2510482840534913,0.7938842460408294,0.2760667611599597,0.0023133475163020236,-0.0011966759759733936,-0.7071067811865477,0.7071067811865474,0.9749279121818236,-0.22252093395631434,0,1,0,1,1070
2019-08-29 01:00:00,0.0015874792421062152,42.1827343148403,-0.0005977932547158726,-0.0002284656165597179,-0.00036932763815615473,10.938850626464973,16.421902073997195,19.281681717785645,18.602276398972453,13.871534091566147,0.007420957080954693,-83.03856233066597,-81.074766355141,-0.2466490831675472,0.8272549115398972,0.243092436837707,0.002254985816074554,-0.00113160856456207,0.25881904510252074,0.9659258262890683,0.43388373911755823,-0.900968867902419,0,0,0,0,1069
2019-08-29 05:00:00,0.0015540878676700576,39.93117318103816,-0.0006477860860034657,-0.00022276675827784872,-0.00042501932772561694,11.193746251530426,15.576549508514903,20.86297291354068,18.30218068535685,17.59301714500522,0.0065590072417478495,-95.42195711540495,-92.2897196261697,-0.1820328199767622,0.8450294396602361,0.18714777642883862,0.002202583129813892,-0.0014090798793975345,0.9659258262890683,0.25881904510252074,0.43388373911755823,-0.900968867902419,0,0,0,0,1068
2019-08-29 09:00:00,0.0015359387342650432,37.25434414661131,-0.0007274353289095092,-0.0002419328009471138,-0.00048550252796239544,11.876401878924826,14.634849263143153,22.29895537651019,10.010847206512429,15.638434763613882,0.005414098262613187,-116.67654205306879,-96.60297239915205,-0.18483121754184462,0.8550145723282373,0.07749196836780253,0.0021291219565960635,-0.0017808868223789798,0.7071067811865476,-0.7071067811865475,0.43388373911755823,-0.900968867902419,0,0,0,0,1067
2019-08-29 13:00:00,0.0017340859675318283,30.80503798600775,-0.0009203521394041125,-0.00034787968915337363,-0.0005724724502507389,13.665075846199862,12.036683448613802,26.12524048193304,5.284876011978135,11.199301301282441,0.006090489635256713,-154.91502962271593,-95.25267993874387,-0.31654702211321056,0.7573153953083331,-0.11062414070482116,0.002239002106940685,-0.0024081492099221613,-0.2588190451025208,-0.9659258262890683,0.43388373911755823,-0.900968867902419,0,1,0,1,1066
2019-08-29 17:00:00,0.0017280798269938356,33.44357515516716,-0.001031493775667025,-0.0003672170603330289,-0.0006642767153339961,15.70934782305334,11.215767019540479,27.650192902223186,10.066993184933496,8.454238801141324,0.006418254902784248,-204.4781712572581,-77.94336810730363,-0.271486682721377,0.7599475322181888,0.02097570966426272,0.0022356446328563287,-0.0034084306064616765,-0.9659258262890683,-0.25881904510252063,0.43388373911755823,-0.900968867902419,0,1,0,1,1065
2019-08-29 21:00:00,0.0016646455536371296,32.43559585761973,-0.0011291518237288578,-0.00037190008671588934,-0.0007572517370129685,17.391149922936993,11.626783547639512,26.65357739418997,16.064775428501502,10.472214875137682,0.0067073389654210835,-166.507072309916,-78.60962566844803,-0.31292553815075097,0.7889066817441371,0.04147240569543688,0.00209540166367935,-0.0028566894912778196,-0.7071067811865477,0.7071067811865474,0.43388373911755823,-0.900968867902419,0,1,0,1,1064
2019-08-30 01:00:00,0.0016314565855201823,29.340497644071355,-0.001265389304988318,-0.0004065100543802797,-0.0008588792506080383,19.411822686468955,11.015929752457051,29.543882716303834,16.20544889590286,14.112405836445925,0.007303128096713074,-180.40963865478392,-94.8306595365398,-0.3320730199694913,0.8049555297122886,-0.005262943650232968,0.0020172397826452005,-0.0033978876653091294,0.25881904510252074,0.9659258262890683,-0.433883739117558,-0.9009688679024191,0,1,0,1,1063
2019-08-30 05:00:00,0.0016470668294115913,27.19108214117833,-0.0014135481372574699,-0.0004437351093195452,-0.0009698130279379247,21.651947298103796,10.13213050061088,31.033275702740195,11.219493409036486,14.496572577813588,0.007951405158645564,-176.6963689269773,-92.90123456790275,-0.3682676077950052,0.7973264815667218,-0.01079022122069466,0.0020704716998040788,-0.0036872566520844696,0.9659258262890683,0.25881904510252074,-0.433883739117558,-0.9009688679024191,0,0,0,0,1062
2019-08-30 09:00:00,0.0016129906273107716,27.436428405667627,-0.0015111250213741823,-0.0004330495947490059,-0.0010780754266251763,23.732063008907573,9.60716984301548,29.425395818122876,6.609944763539102,11.344962356159455,0.00845817450735531,-152.74684672774558,-92.43827160494018,-0.35566628753001994,0.8141708809489435,0.059065611999734174,0.0021690036263659427,-0.0035425427865842796,0.7071067811865476,-0.7071067811865475,-0.433883739117558,-0.9009688679024191,0,0,0,0,1061
2019-08-30 13:00:00,0.001960634153931418,17.006501818463438,-0.001974797793586891,-0.0007173778935693717,-0.0012574199000175194,26.983704533402918,7.339155090969661,40.4030187794906,5.655152788721185,7.828196987098895,0.01076067581505713,-220.7309383390098,-97.69503546099355,-0.8822335483288891,0.6698087949588665,-0.2593389244722402,0.002539569646543417,-0.006203139363657684,-0.2588190451025208,-0.9659258262890683,-0.433883739117558,-0.9009688679024191,0,1,0,1,1060
2019-08-30 17:00:00,0.0020498745715077566,20.78060635858809,-0.0022685038368464028,-0.0008088671494631066,-0.0014596366873832962,30.33413668778588,6.518244660313914,43.41039127637616,11.0187384253769,7.7612786592123655,0.011999003125120478,-233.57664233576642,-76.8104776579356,-0.7932139150837049,0.6406489539670016,-0.08375682770978114,0.003112275006598857,-0.007853554881231739,-0.9659258262890683,-0.25881904510252063,-0.433883739117558,-0.9009688679024191,0,1,0,1,1059
2019-09-01 21:00:00,0.001992740673542915,19.841836268647757,-0.0025182335990940885,-0.0008468775293686338,-0.0016713560697254547,33.32506837687957,6.6921685947161835,41.46536759918968,14.764212627537235,10.479367947211744,0.01327685791128852,-177.4301461056593,-81.20184899845917,-0.8016828116677349,0.6590170098074822,-0.02945508997452474,0.0034662944686092174,-0.006719270490733287,-0.7071067811865477,0.7071067811865474,-0.7818314824680299,0.6234898018587334,0,1,0,1,1058
2019-09-02 01:00:00,0.001912544911146987,19.978435385150636,-0.002683597559839823,-0.0008097931920914947,-0.0018738043677483285,36.10236208818086,6.474725085529294,40.11806516457813,20.313302516692584,15.365417856535544,0.014234287618157815,-152.04189839714294,-81.0477657935275,-0.7461136152185439,0.6866505420844841,0.04377766037860743,0.003740741934634702,-0.006261462184808053,0.25881904510252074,0.9659258262890683,0.0,1.0,0,1,0,1,1057
2019-09-02 05:00:00,0.0019352202746364846,17.53300767436295,-0.002903827471423037,-0.0008240184829397669,-0.0020798089884832703,38.9021195297063,5.94179804690271,42.167913568727954,14.997431946585253,16.69164903027166,0.0154484809608042,-147.74649254145004,-92.7580893682576,-0.7273845819800264,0.6786049201797885,0.018625810597968036,0.003981307319353032,-0.006698945210023455,0.9659258262890683,0.25881904510252074,0.0,1.0,0,1,0,1,1056
2019-09-02 09:00:00,0.001920561683591022,16.543087642732885,-0.0030983229580316962,-0.0008148111756387409,-0.0022835117823929553,41.664655949420556,5.559495057515857,44.029329943267975,10.679113368162545,15.329949277146765,0.016520498297454722,-145.7302564489942,-94.1568047337273,-0.8230080491995918,0.6837843383111317,0.0447473880882361,0.00424003622936995,-0.007282362926555042,0.7071067811865476,-0.7071067811865475,0.0,1.0,0,0,0,0,1055
2019-09-02 13:00:00,0.0018933787061916703,22.03908123709562,-0.003151579274229155,-0.0006944539934689593,-0.0024571252807601956,44.18902098411706,5.387405781584587,41.47134918753137,8.281820309200269,11.319455207982658,0.01689937407113362,-119.21051394178738,-88.23964497041432,-0.7255160934305638,0.6936013359110088,0.13628830428111108,0.004435461504757764,-0.006371640559097225,-0.2588190451025208,-0.9659258262890683,0.0,1.0,0,1,0,1,1054
2019-09-02 17:00:00,0.0018309945128922667,21.711872566182183,-0.003170950128523753,-0.0005710598782108457,-0.0025998902503129072,46.533074230620954,5.1730353998632905,39.82116182161637,9.368836291913304,9.443256656425342,0.017188741780479244,-103.25614808874604,-89.49704142011849,-0.6591158070094589,0.7172331706912493,0.16440242842258626,0.004586526843092936,-0.00586497598103608,-0.9659258262890683,-0.25881904510252063,0.0,1.0,0,1,0,1,1053
2019-09-02 21:00:00,0.001848066333399963,18.50882271036895,-0.0032967711667484245,-0.0005575047331484134,-0.002739266433600011,48.87765770487729,4.759159436485133,41.35056715247893,8.12446845086268,8.59170835065872,0.017786872799788966,-106.28289320479107,-97.88990825687915,-0.7628124405468216,0.7106076098383115,0.10737898794200139,0.004754545648936905,-0.006386311235886621,-0.7071067811865477,0.7071067811865474,0.0,1.0,0,0,0,1,1052
2019-09-03 01:00:00,0.0018803473095856777,16.615124343677476,-0.0034630780067621547,-0.0005790492585297144,-0.0028840287482324403,51.28596905000093,4.343352259036182,45.563075242416,6.699206074745985,8.064170272507292,0.01845612570383448,-118.73314325344755,-92.51543209876442,-0.8850920423249596,0.6984082107094173,0.08723731501150471,0.004990312225020541,-0.007473139670348905,0.25881904510252074,0.9659258262890683,0.7818314824680298,0.6234898018587336,0,0,0,0,1051
2019-09-03 05:00:00,0.001878893930329556,22.321082692385094,-0.0034837106819096686,-0.0004797455469417824,-0.003003965134967886,53.52225815618717,4.036232542354547,42.341296780749154,8.19551863888091,7.673064388163162,0.018217602915740372,-104.32250770493347,-85.00810372771372,-0.34766147601408254,0.6989484498306179,0.16746448322433014,0.005108380990168199,-0.006623821830054499,0.9659258262890683,0.25881904510252074,0.7818314824680298,0.6234898018587336,0,0,0,0,1050
2019-09-03 09:00:00,0.0019118300781631598,20.692241600484863,-0.003535161231590145,-0.00042495687729780665,-0.003110204354292338,55.66824061976327,3.683362563517157,41.142795376506136,11.17524958407274,8.689991432566515,0.017951449634930672,-105.00242142284685,-88.95071542130367,-0.48664677630621145,0.6869072806207438,0.14955476421476518,0.005207652674376995,-0.006645916083650283,0.7071067811865476,-0.7071067811865475,0.7818314824680298,0.6234898018587336,0,0,0,0,1049
2019-09-03 13:00:00,0.0021366993582943674,36.679428710684476,-0.0032942730727179015,-0.00014725497474045012,-0.0031470180979774514,54.92328762316142,12.888554419013548,34.183378414178286,20.563982946016115,13.311583722989889,0.016817966107569582,-66.98978121981224,-64.3492320129343,-0.16017619381319306,0.6146161812152691,0.3371384516723902,0.005163883056845269,-0.004219042796958172,-0.2588190451025208,-0.9659258262890683,0.7818314824680298,0.6234898018587336,1,0,1,0,1048
2019-09-03 17:00:00,0.0020626494041304753,39.04553057916715,-0.0030249245371600786,9.767484865389831e-05,-0.003122599385813977,54.23154555488828,12.397597433839774,32.88124879873273,28.905406904836383,20.214879811641712,0.015506733505005421,-40.40613409460332,-59.98383185125293,-0.11284935521155885,0.6366811525847311,0.38882249124591145,0.005020731505185127,-0.002685519373201606,-0.9659258262890683,-0.25881904510252063,0.7818314824680298,0.6234898018587336,1,0,1,0,1047
2019-09-03 21:00:00,0.001993174446692571,38.72806400164425,-0.0027881993365135305,0.0002675200394403575,-0.003055719375953888,53.282413718411796,13.23927771483533,31.59684537418962,48.04173684489417,32.5037088985822,0.014543916803776646,-31.73100541280722,-31.54172560113031,0.0154927138678019,0.6588735884002415,0.4009551540046161,0.004796547058847627,-0.0022744111566785907,-0.7071067811865477,0.7071067811865474,0.7818314824680298,0.6234898018587336,1,0,1,0,1046
2019-09-04 01:00:00,0.0019043762719288177,38.92253715624639,-0.0025677656398641613,0.00039036298887178177,-0.002958128628735943,52.366533366786044,13.016878002674407,30.708004145700922,59.166162603094826,45.37110211760842,0.013168844899804188,-22.905968293121255,-30.975954738332323,0.08207185847163058,0.6895958636734616,0.42478459519142453,0.004512933346665435,-0.001951391597477592,0.25881904510252074,0.9659258262890683,0.9749279121818236,-0.22252093395631434,1,0,1,0,1045
2019-09-04 05:00:00,0.002053349395362469,52.230007845139795,-0.0021057419101262465,0.0006819093748877572,-0.0027876512850140036,49.172099011356245,22.689668413076486,26.445806391489825,77.05106857882875,61.41965600893921,0.011758230308811513,43.753921651256626,-6.329113924051155,0.30617823947512574,0.6395648022523597,0.7128296464923383,0.00417749557070956,0.00023485306365378378,0.9659258262890683,0.25881904510252074,0.9749279121818236,-0.22252093395631434,1,0,1,0,1044
2019-09-04 09:00:00,0.00204953872426515,55.13617393547859,-0.001647965575885646,0.0009117485673026861,-0.002559714143188332,45.68870503331868,24.8023620247151,24.60247828213879,85.1376266851885,73.78495262237065,0.010766507325731478,103.82471827536459,-7.28205128205105,0.40374397346045554,0.6407539337764198,0.8292618388442218,0.003857271566971474,0.0017524648185616165,0.7071067811865476,-0.7071067811865475,0.9749279121818236,-0.22252093395631434,1,0,1,0,1043
2019-09-04 13:00:00,0.002067428815389066,58.038099009451386,-0.001194745193493274,0.0010919751597560467,-0.0022867203532493208,42.92827354676386,26.07912276899515,22.647472292237627,93.28021964286798,85.1563049689617,0.010299401924141804,139.3732340649554,-6.548175865293892,0.659125973397603,0.6352092948616767,0.9422586897325721,0.003599295947903476,0.002388134299743161,-0.2588190451025208,-0.9659258262890683,0.9749279121818236,-0.22252093395631434,1,0,1,0,1042
2019-09-04 17:00:00,0.002036183900004134,60.85126146811286,-0.0007478660312940644,0.0012310834575642053,-0.0019789494888582696,40.63263150195473,26.517303436500423,21.35249454221806,94.58921254044616,91.00235295616751,0.01018877715896327,173.77346065196733,-2.4021352313166267,0.870145420311312,0.6449564796172554,1.044471619454332,0.003470383247336912,0.003040416889096953,-0.9659258262890683,-0.25881904510252063,0.9749279121818236,-0.22252093395631434,0,0,0,0,1041
2019-09-04 21:00:00,0.0019400279071467017,60.23004991374502,-0.00040039243092393484,0.001262845646347468,-0.0016632380772714029,38.500963888917674,25.843640838150865,20.810042064385957,95.80066735688304,94.55669984673237,0.011220718515097872,163.55097435271583,-3.64768683274036,0.7762911548472489,0.6769232520636592,0.9610667305341289,0.003321249252671772,0.0029995835379690305,-0.7071067811865477,0.7071067811865474,0.9749279121818236,-0.22252093395631434,0,0,0,0,1040
2019-09-05 01:00:00,0.0019078830566362224,56.922241841470516,-0.0001826237419624288,0.0011844914682471793,-0.001367115210209608,36.11332353012259,24.40198970269455,22.045256935103613,94.33526084184302,94.9083802463907,0.011842347064458636,127.9028852920492,-10.944395410413954,0.7952395316313519,0.6883283519040121,0.8602326444901504,0.003209823338076114,0.002385483521598175,0.25881904510252074,0.9659258262890683,0.43388373911755823,-0.900968867902419,0,0,0,0,1039
2019-09-05 05:00:00,0.001968748552590769,60.31598827278725,7.543005983867701e-05,0.001154036216038628,-0.001078606156199951,33.641594674322604,21.95846893736931,22.631383111474147,93.2481168516058,94.46134835011058,0.012725082474983829,116.9147529745854,-5.663567202028297,0.6152976673381798,0.6670481094560463,0.89972236014969,0.003156135144455002,0.0024399781732036274,0.9659258262890683,0.25881904510252074,0.43388373911755823,-0.900968867902419,1,0,1,0,1038
2019-09-05 09:00:00,0.0020545522274057226,66.27861320745134,0.00045464110045401185,0.0012265978053231704,-0.0007719567048691584,32.34260437043415,27.499879836070257,20.13721835915994,92.74068857205629,93.441355421835,0.01423615832994285,140.7916880597845,-5.169971671388895,0.7689714551235916,0.6391903707691272,0.9886500865453608,0.0032725772436665596,0.004207446586014019,0.7071067811865476,-0.7071067811865475,0.43388373911755823,-0.900968867902419,0,0,0,0,1037
2019-09-05 13:00:00,0.002262084211162462,58.285368744711576,0.0005957934416718214,0.0010942001172327838,-0.0004984066755609625,31.870229912827917,28.750325768620776,16.983344266012796,87.19486571557793,91.06122371307997,0.014793574280587585,119.54650641196984,-27.581863979848986,0.6068558307364175,0.5805486787448706,0.8193954287437031,0.0035128523055480824,0.003821784192466371,-0.2588190451025208,-0.9659258262890683,0.43388373911755823,-0.900968867902419,0,0,0,0,1036
2019-09-05 17:00:00,0.002181935338936582,55.90357666910733,0.0006501345244871448,0.0009188329600384858,-0.00026869843555134103,31.229254842656186,27.677380153016,17.36436208894696,78.43989471480639,86.12514966748017,0.014972529512254695,77.78828573229816,-31.92848020434299,0.5466970387243741,0.6018739311679345,0.7511265712932812,0.0036305982231961205,0.001964308123735714,-0.9659258262890683,-0.25881904510252063,0.43388373911755823,-0.900968867902419,0,0,0,0,1035
2019-09-05 21:00:00,0.0020910828147268396,54.098802762056856,0.000647807628977981,0.0007332048516234576,-8.539722264547662e-05,30.472203512704265,26.817046120678103,17.644409428239236,64.96877416082468,76.8678448637363,0.015072742417867602,63.73962429008217,-45.58333333333401,0.2062211562920159,0.6280239073991679,0.6995987137970074,0.003718341337055246,0.0014452968071698713,-0.7071067811865477,0.7071067811865474,0.43388373911755823,-0.900968867902419,0,0,0,0,1034
2019-09-06 01:00:00,0.0020017197565320617,56.541972481552136,0.0006992289202003565,0.0006277009142766666,7.152800592369003e-05,29.769227277748914,26.013225924574236,17.11553191567054,60.65154121320117,68.02007002961071,0.015185305923670178,62.084934384183306,-40.5335628227195,0.19334458907466598,0.6560608675188272,0.7265677107391878,0.0038047006268620716,0.001553539729262976,0.25881904510252074,0.9659258262890683,-0.433883739117558,-0.9009688679024191,0,0,0,0,1033
2019-09-06 05:00:00,0.0019687397739226197,56.28725308329994,0.0007267615110988501,0.000524186804140128,0.00020257470695872205,29.71307811161006,29.3489215121042,16.159230562052638,57.14846047467291,60.92292528289955,0.014740291855846355,68.00253963368074,-42.43772241992778,0.10157716690398326,0.6670510838430476,0.7010475795853881,0.00388863640055172,0.002005789884255371,0.9659258262890683,0.25881904510252074,-0.433883739117558,-0.9009688679024191,0,0,0,0,1032
2019-09-06 09:00:00,0.00201525836149958,57.35616626654792,0.0007647797915908416,0.00044976406770569566,0.000315015723885146,28.560427915391717,26.623493779974716,20.25876929462234,59.04534976109688,58.94845048299029,0.013638120104897844,52.39496658267526,-39.892665474062106,0.04077601283083748,0.65165341828568,0.7034737910104919,0.003888447887366353,0.0013025266935144941,0.7071067811865476,-0.7071067811865475,-0.433883739117558,-0.9009688679024191,0,0,0,0,1031
2019-09-06 13:00:00,0.0020877399071067434,55.06412644715864,0.0007467624353771907,0.00034539736919363573,0.00040136506618355494,27.984797941764832,27.52435907033829,18.158614729194593,52.261334416640416,56.1517148841367,0.01246248450332832,57.77636668243943,-60.8856088560889,0.009062485839864878,0.6290295048390121,0.6488467247044143,0.0038956633885453814,0.0015785912247001654,-0.2588190451025208,-0.9659258262890683,-0.433883739117558,-0.9009688679024191,0,0,0,1,1030
2019-09-06 17:00:00,0.002045044199456261,53.60465747731743,0.0006994068151482402,0.0002384333991717482,0.000460973415976492,27.300220962022184,26.09193124500229,17.98200883802771,42.998252125819526,51.43497876785224,0.010323179936230442,34.315508669821575,-70.22696929239045,0.048063407423522,0.642162159795455,0.6049579690263212,0.003856049631449427,0.0007500372600575123,-0.9659258262890683,-0.25881904510252063,-0.433883739117558,-0.9009688679024191,0,0,0,1,1029
2019-09-08 21:00:00,0.0020182553280665328,47.25242919281985,0.0005378671489841835,6.151498640615319e-05,0.00047635216257803034,26.04885603889949,24.549809882867397,20.17520597286844,23.9725749606081,39.74405383435598,0.009206201387968349,-10.42131904124339,-96.96969696969639,-0.1811955280943668,0.6506857590006115,0.43330582570110476,0.0037188475761748717,-0.0003802323874138036,-0.7071067811865477,0.7071067811865474,-0.7818314824680299,0.6234898018587334,1,0,1,0,1028
2019-09-09 01:00:00,0.001974808518918917,51.37516297989899,0.0004825541096933339,4.961557692242859e-06,0.00047759255200109104,24.952106538680045,23.731819837677325,19.146280160958195,16.61025025510979,27.860359113845774,0.008072512371986917,-8.114549788039065,-82.97258297258382,-0.2947532119962786,0.6650011823520598,0.5120160856410232,0.00342466336194471,-1.2480463087438665e-05,0.25881904510252074,0.9659258262890683,0.0,1.0,1,0,1,0,1027
2019-09-09 05:00:00,0.0019351793389961356,54.00913576840065,0.00048636806341484373,7.020409131002132e-06,0.0004793476542838416,24.32020559921609,25.10861419166976,18.142766013321342,15.536315536315634,18.706380250677807,0.006529471341229609,12.415509488380502,-73.44877344877293,-0.06430460457196577,0.6786192749873207,0.5703732317651196,0.003101301266439887,0.0006233179739596473,0.9659258262890683,0.25881904510252074,0.0,1.0,0,0,0,0,1026
2019-09-09 09:00:00,0.0020676665290678374,57.50247275914015,0.0005580015819899309,6.292314216487145e-05,0.0004950784398250594,24.748888144282198,29.490308325420965,15.767380102135796,27.84992784992833,19.998831213784552,0.004305900602196822,70.68607068606708,-60.0288600288583,0.07612143180789978,0.6351362666745156,0.7432708268894241,0.002635269326738172,0.0014934525360428275,0.7071067811865476,-0.7071067811865475,0.0,1.0,0,0,1,0,1025
2019-09-09 13:00:00,0.00210497606270584,62.88844101719705,0.000739389648314992,0.00019544896679194596,0.000543940681523046,25.49334023542567,29.98641513551684,14.381632600976394,43.43434343434432,28.94019560686273,0.004258758504076976,182.55245841454362,-36.219336219335865,0.26835172207465563,0.6238788284898042,1.0719976837540997,0.0023628924624662677,0.002806109666492862,-0.2588190451025208,-0.9659258262890683,0.0,1.0,0,1,0,1,1024
2019-09-09 17:00:00,0.002066763486798285,57.774877240655385,0.0007877205874777804,0.00019502392476378747,0.0005926966627139929,26.18461717720175,28.35934832780086,13.601283334814891,50.697450697450996,40.66057399390785,0.004041645209079903,120.59929798113254,-51.65945165945289,0.10237454588280863,0.6354137802358866,0.7976510647934164,0.0021185625995120906,0.002094020893173232,-0.9659258262890683,-0.25881904510252063,0.0,1.0,0,0,0,0,1023
2019-09-09 21:00:00,0.001989851809169839,55.027830917986776,0.0007679488664520395,0.00014020176299043728,0.0006277471034616022,26.64996051741677,27.351529026342526,13.871753206843072,54.737488958020634,49.62309436327195,0.003939575611166202,66.15733355721197,-47.908745247149376,0.05254908356208519,0.6599737698798206,0.6289478995047321,0.0017886218426321492,0.001432765888385923,-0.7071067811865477,0.7071067811865474,0.0,1.0,0,0,0,0,1022
2019-09-10 01:00:00,0.0018955766799434184,55.02783091798677,0.0007437066477968823,9.276763546822405e-05,0.0006509390123286583,26.890468200035237,26.660991921816674,14.35053420585599,50.84101928208279,52.09198631251811,0.0039585371030343985,39.993859979618,-47.908745247149376,0.024455635665373763,0.692797085918571,0.6192359671551383,0.0013349776998376516,0.0010850779506483832,0.25881904510252074,0.9659258262890683,0.7818314824680298,0.6234898018587336,0,0,0,0,1021
2019-09-10 05:00:00,0.0019230354885188768,52.9227837114896,0.0006811384520095665,2.4159551744726455e-05,0.00065697890026484,27.660098896812002,29.00895165213642,13.135222781187865,49.30291508238173,51.62714110749502,0.0039425047870746965,47.015800731393234,-56.27376425855608,0.028997326808923557,0.6829047138446029,0.5027901044118059,0.0010863134781225223,0.0011301383812631904,0.9659258262890683,0.25881904510252074,0.7818314824680298,0.6234898018587336,0,0,1,0,1020
2019-09-10 09:00:00,0.0018871043821960982,53.5747971119795,0.0006363213361990638,-1.6526051252621068e-05,0.0006528473874516849,28.006430179016956,27.449771061769432,13.981113745959,47.465145754118744,49.203026706194386,0.0037999047351369164,0.8646779074831233,-53.422053231938335,0.07070084478445333,0.6959074507959749,0.5251322090042774,0.0009751797390609149,0.0005705273107621256,0.7071067811865476,-0.7071067811865475,0.7818314824680298,0.6234898018587336,0,0,0,0,1019
2019-09-10 13:00:00,0.001906596926324944,54.031880990862795,0.0006019338940546071,-4.0730794717662336e-05,0.0006426646887722694,28.56694561345445,27.21406668014283,12.84973348879949,46.261089987325896,47.67638360794209,0.003801121412967401,9.885004950099233,-51.52091254752791,0.21238359745139762,0.6887926765576778,0.5469598259585012,0.0009215495663201074,0.0006536851259009158,-0.2588190451025208,-0.9659258262890683,0.7818314824680298,0.6234898018587336,0,0,0,0,1018
2019-09-10 17:00:00,0.00185898286015887,55.21891030272032,0.0005880755403055993,-4.367131877333619e-05,0.0006317468590789355,29.08742423114641,25.917449688799408,12.237506622023671,49.42965779467801,47.71863117870752,0.003326390836342785,32.30037711099398,-46.76806083649975,0.1469054636137091,0.7064347004725846,0.653469638751576,0.0009133966268114917,0.0007516569824956854,-0.9659258262890683,-0.25881904510252063,0.7818314824680298,0.6234898018587336,0,0,0,0,1017
2019-09-10 21:00:00,0.0018340555130046737,56.80453879217219,0.0005968409265098007,-2.7924746055307944e-05,0.0006247656725651086,29.876777467237304,26.963712262152445,11.517843290904219,53.738910012675525,49.80988593155978,0.0034003358651921722,83.69931569808739,-40.494296577945775,0.11691030532621721,0.7160361236005038,0.7386528955292193,0.0009215298206079794,0.0011147244238958187,-0.7071067811865477,0.7071067811865474,0.7818314824680298,0.6234898018587336,0,1,0,1,1016
2019-09-11 01:00:00,0.0017887658335043464,59.60516178394563,0.0006447700361968955,1.6003490905429482e-05,0.0006287665452914661,30.628308535340437,25.83138906304847,10.965929959288914,61.21673003802375,54.795099281792396,0.0035924648914256174,105.89456307661783,-29.087452471483253,0.0869297498958518,0.7341654091342018,0.8678532817826808,0.0009236398692212463,0.001329146469984055,0.25881904510252074,0.9659258262890683,0.9749279121818236,-0.22252093395631434,0,1,0,1,1015
2019-09-11 05:00:00,0.0018788539882540357,45.31439719072674,0.0004587911900977293,-0.00013598028415498942,0.0005947714742527187,29.387944927036596,22.836184192159855,17.487911470231793,49.88544872955516,54.94702959341811,0.003704144165137535,-57.51484960387517,-80.76190476190553,-0.3074168844202994,0.6989633085966223,0.1310888726035019,0.0009191281729732706,-0.00029825191428134445,0.9659258262890683,0.25881904510252074,0.9749279121818236,-0.22252093395631434,0,1,0,1,1014
2019-09-11 09:00:00,0.0019667929890930295,36.625415306204935,0.00010922039967686814,-0.0003884408596606805,0.0004976612593375487,28.06176783825751,20.256911624676185,25.173105318473258,32.00825621357945,47.70347832705276,0.0050051909050594645,-239.38142564525037,-94.1258741258729,-0.43623067733408977,0.6677113490248887,-0.23363835059479557,0.0010878031164199033,-0.0026510584278054417,0.7071067811865476,-0.7071067811865475,0.9749279121818236,-0.22252093395631434,0,0,0,0,1013
2019-09-11 13:00:00,0.001989879204157822,39.81955139588436,-0.00011485039509362416,-0.0004900093235449383,0.00037515892845131415,27.395056303201706,18.591759304892033,27.160074057402596,17.187165491513962,33.02695681154949,0.005661037007127501,-228.1312751003819,-73.55072463767972,-0.32327878947033456,0.6599646839144729,-0.009182327614304878,0.0012973899151423466,-0.003187240420247761,-0.2588190451025208,-0.9659258262890683,0.9749279121818236,-0.22252093395631434,1,0,1,0,1012
2019-09-11 17:00:00,0.0019141735467179846,41.36121512511289,-0.0002643662554397963,-0.0005116201471128883,0.00024725389167309204,26.386300885994327,20.073550005282595,26.217523721451546,20.838879317141686,23.344767007411665,0.006069966721164111,-140.493381468114,-69.80676328502236,-0.2952069618132426,0.6860663194576481,0.10082153472908101,0.001409488656596001,-0.002070527853294868,-0.9659258262890683,-0.25881904510252063,0.9749279121818236,-0.22252093395631434,0,0,1,0,1011
2019-09-11 21:00:00,0.0018260182933809866,41.62098214512828,-0.0003745069864184991,-0.0004974087024732729,0.00012290171605477382,25.421601299529293,19.696069277383764,25.520147038330578,30.199079702641303,22.741708170432286,0.0064112834905358795,-114.59476537297121,-66.04527296937405,-0.2509353456475798,0.7191877566398505,0.14897824229391116,0.0014959894251061938,-0.0017883522916977146,-0.7071067811865477,0.7071067811865474,0.9749279121818236,-0.22252093395631434,0,0,1,0,1010
2019-09-12 01:00:00,0.0017427312724252093,43.40303591892038,-0.00043020690970441144,-0.0004424869006073482,1.2279990902936766e-05,24.45138349012301,19.573133934841888,24.829798121587565,34.32065997270346,28.452872997495447,0.006626794096394217,-92.50848701715668,-61.18598382749325,-0.2345971993261075,0.7535585209143937,0.22384836870127878,0.0015607626380086644,-0.0014766174416953604,0.25881904510252074,0.9659258262890683,0.43388373911755823,-0.900968867902419,0,0,0,0,1009
2019-09-12 05:00:00,0.0018089647529662622,49.89212983544363,-0.0003652401041911446,-0.0003020160760752651,-6.322402811587951e-05,23.019875473747017,24.261677170857986,22.212059326277434,43.03432500302125,35.851354892788635,0.006507741543424483,-51.59827877669581,-43.66576819406897,-0.12589211317610427,0.7259677104523952,0.41125953663853876,0.0015692533892920622,-0.0005274213796930827,0.9659258262890683,0.25881904510252074,0.43388373911755823,-0.900968867902419,0,0,0,0,1008
2019-09-12 09:00:00,0.002701181556325814,28.19818788300019,-0.0009563317511058766,-0.0007144861783919976,-0.00024184557271387895,24.189644841291496,15.08733263446226,34.70308915854821,36.23822718162392,37.86440405244951,0.009985183222953165,-194.6746215887802,-86.43356643356604,-0.8819507954761612,0.4861761316726528,-0.32837738830731766,0.0018914544615185836,-0.0042480276693177554,0.7071067811865476,-0.7071067811865475,0.43388373911755823,-0.900968867902419,1,0,1,0,1007
2019-09-12 13:00:00,0.00349966858801682,57.85172393972534,-0.00043771316391816306,-0.00015669407296342727,-0.0002810190909547358,24.762730576141514,12.752169132775034,24.871977085129163,54.141751845433326,44.4714346766928,0.010544950639807205,-5.917733798991002,-7.47540983606505,0.19009685887571204,0.37524981779608674,0.8536289668273186,0.0018811385131357386,0.0005354145442277858,-0.2588190451025208,-0.9659258262890683,0.43388373911755823,-0.900968867902419,0,0,0,0,1006
2019-09-12 17:00:00,0.0034325494031584684,57.22433451466981,-5.0331499723554884e-05,0.00018455007298494473,-0.00023488157270849962,24.878260758962497,13.716767610792797,23.547008925075883,64.06276019607488,51.48091307437735,0.010914554686105582,141.35112916485357,-13.902743142144303,0.10856780964444857,0.3825873558561488,0.8042726062134097,0.002059882897754615,0.004356581380689617,-0.9659258262890683,-0.25881904510252063,0.43388373911755823,-0.900968867902419,1,0,1,0,1005
2019-09-12 21:00:00,0.003286653017218578,57.13536334449302,0.0002505553482889944,0.00038834953679799523,-0.00013779418850900084,25.168675958607544,13.302401061359705,24.139658247986628,88.15657577368087,68.78702927172965,0.011018587023570614,109.5154636717007,-14.152119700748045,0.35099175577504244,0.39957062492449363,0.7956368174096707,0.002141444456442857,0.003268988203567913,-0.7071067811865477,0.7071067811865474,0.43388373911755823,-0.900968867902419,1,0,1,0,1004
2019-09-13 01:00:00,0.003125463515988686,58.01411580043099,0.0005233236155546273,0.0005288942432509025,-5.570627696275222e-06,25.22464716047876,13.85771359529041,23.571426005490334,86.97007481296764,79.7298035942411,0.011409557221733646,121.30568780331207,-11.034912718204758,0.6235796745750264,0.4201776770971445,0.820389295479108,0.0022466247899873685,0.003504269147282413,0.25881904510252074,0.9659258262890683,-0.433883739117558,-0.9009688679024191,1,0,1,0,1003
2019-09-13 05:00:00,0.003199358979132347,61.83907522051357,0.0009121497666537692,0.0007341763154800356,0.00017797345117373368,23.543002380558658,20.674970101878067,21.382212192383868,88.43145600622786,87.85270219762542,0.01250960255148259,170.6820051023369,-9.518599562363605,0.7712993077384201,0.4104728505196213,0.9540112267057377,0.002504112495118579,0.005186594282166723,0.9659258262890683,0.25881904510252074,-0.433883739117558,-0.9009688679024191,0,0,0,0,1002
2019-09-13 09:00:00,0.0031672619091943086,60.659318672996456,0.0011704933349889757,0.0007940159070521936,0.0003764774279367821,21.981475084918564,19.3927411742195,20.056121229479988,89.15539379123304,88.18564153680948,0.013308177335611848,151.83327029348192,-11.980306345732528,0.7020571272875904,0.4146325872791701,0.8761597004425485,0.0027310037203518408,0.004888200072926674,0.7071067811865476,-0.7071067811865475,-0.433883739117558,-0.9009688679024191,0,1,0,1,1001
2019-09-13 13:00:00,0.0031367432013947125,57.583333457960755,0.001266226975878748,0.0007117996383535728,0.0005544273375251753,21.239092529436487,18.182748438675592,22.949163463648027,86.70678336980309,88.0978777224213,0.01372270468953296,96.08860170376866,-18.380743982494618,0.59122695486332,0.41866672394988547,0.7659096790724718,0.002804988450143499,0.0030190107337588756,-0.2588190451025208,-0.9659258262890683,-0.433883739117558,-0.9009688679024191,0,0,0,0,1000
2019-09-13 17:00:00,0.0030048329727236627,57.76077039635422,0.001333981515312166,0.0006236433422295924,0.0007103381730825735,20.54973729934599,17.62517655130018,22.245430008319794,83.91684901531727,86.59300872545111,0.014105043069631229,84.47010553475918,-17.888402625821076,0.5692599620493357,0.43704592299173095,0.7520375146995506,0.0028819897144672178,0.0027222898750580704,-0.9659258262890683,-0.25881904510252063,-0.433883739117558,-0.9009688679024191,0,0,0,0,999
2019-09-15 21:00:00,0.0029037734746719707,57.47308739446673,0.0013638862796510054,0.0005228384852547455,0.0008410477943962599,19.585586207469923,18.559329734456636,21.37537410097462,81.76513493800111,84.12958910770713,0.014422792517268856,82.47656576511523,-18.43544857768097,0.4416312243250778,0.45225635245130585,0.7274871524409315,0.0029734208518338687,0.002786640018386466,-0.7071067811865477,0.7071067811865474,-0.7818314824680299,0.6234898018587334,0,1,0,1,998
2019-09-16 01:00:00,0.002764218226481116,56.71261130902727,0.0013518300547923356,0.00040862580831686063,0.000943204246475475,18.703489111413592,18.103727829708664,20.928164076864885,81.29102844638929,82.32433746656919,0.014663192558109994,67.74445379233745,-19.803063457330094,1.1620364872148639,0.4750891182972133,0.696546556186774,0.0030421151611843096,0.0022723754835822785,0.25881904510252074,0.9659258262890683,0.0,1.0,0,1,0,1,997
2019-09-16 05:00:00,0.002738202638875319,52.5769922077729,0.0012168933537801685,0.0002189512858437547,0.0009979420679364138,18.402596670963483,16.970321501295626,22.722156479011655,78.13639679066354,80.39752005835128,0.014720952550572708,46.67771028897633,-27.352297592998333,-0.07499096494399245,0.47960292688177397,0.5977178613311904,0.0030766050234523573,0.0013821854448958781,0.9659258262890683,0.25881904510252074,0.0,1.0,0,0,0,0,996
2019-09-16 09:00:00,0.0028604738789556423,44.28564089687089,0.000834855843257376,-0.00013046897974323024,0.0009653248230006063,19.288137877657743,15.084571750020787,28.512565777833515,69.16484318016063,76.19742280573779,0.014788571127603678,-10.333719881456137,-45.350109409189685,-0.34523271577044146,0.4591022521343446,0.3836601599198041,0.003076250773356071,-0.0011510560573626538,0.7071067811865476,-0.7071067811865475,0.0,1.0,0,1,0,1,995
2019-09-16 13:00:00,0.0028975828876016793,39.40395911302279,0.0003345716872267257,-0.0005046025086191046,0.0008391741958458303,20.91457237204374,13.82771500096888,33.901972252904585,56.272793581327484,67.85801118405051,0.01514757010203871,-76.01262586185719,-58.47921225382957,-0.5585380402364364,0.4532225827323867,0.23560115761002462,0.0031690251800689387,-0.004055104906107276,-0.2588190451025208,-0.9659258262890683,0.0,1.0,0,0,0,0,994
2019-09-16 17:00:00,0.0028113269670587,39.55345232728907,-5.721301265171341e-05,-0.0007171097667980351,0.0006598967541463217,22.424832973973594,13.233973056697984,32.44627093720296,44.41644334079135,56.61802670075979,0.015097980129679112,-84.86310710164354,-62.92134831460672,-0.5989376309893686,0.4671281623901484,0.23728273809270892,0.00327649276377073,-0.00417229651361839,-0.9659258262890683,-0.25881904510252063,0.0,1.0,0,0,0,0,993
2019-09-16 21:00:00,0.0027090893265545027,41.421055909768306,-0.00031565158933566373,-0.0007804386747855884,0.00046478708544992457,23.79691894556055,12.884280352420381,31.265698836185074,30.707421527432118,43.79888614985028,0.01506304298593708,-79.19226152650981,-86.4771748492674,-0.74826681571901,0.4847569945839434,0.2758752993567174,0.0033536011240634465,-0.00352877945919583,-0.7071067811865477,0.7071067811865474,0.0,1.0,0,0,0,0,992
2019-09-17 01:00:00,0.0026041543746577614,42.59884887362073,-0.00048501911705844947,-0.0007598449620066992,0.00027482584494824974,24.955223397121756,12.939782119209838,30.2023027341129,22.43706994164299,32.52031160328879,0.015021330300482028,-72.96076771098204,-83.29026701119696,-0.6746153429896059,0.5042903803168688,0.29905241815344447,0.0034042162926220146,-0.0029796771024603874,0.25881904510252074,0.9659258262890683,0.7818314824680298,0.6234898018587336,0,0,0,0,991
2019-09-17 05:00:00,0.002651000490753639,43.164281225839474,-0.0005986259365897695,-0.0006987614252304153,0.0001001354886406459,26.330897050305463,11.803184557654273,30.51324984168418,16.8671254150504,23.3372056280418,0.014961251819155752,-72.6553016308618,-79.63118189438447,-0.5543467465985351,0.4953790105209159,0.30837165000263095,0.003456150341244613,-0.002744369600929941,0.9659258262890683,0.25881904510252074,0.7818314824680298,0.6234898018587336,1,0,1,0,990
2019-09-17 09:00:00,0.002643786169985525,47.21568748630633,-0.0005826925224154955,-0.0005462624088449132,-3.6430113570582384e-05,26.97831604689484,13.556673012820855,28.411048623607332,22.585837232646373,20.63001086311322,0.014803980410558637,-47.30480118556499,-69.32103939647949,-0.4513857542655858,0.496730792720347,0.38513224465041457,0.0034171865016534,-0.0013472200328557005,0.7071067811865476,-0.7071067811865475,0.7818314824680298,0.6234898018587336,1,0,1,0,989
2019-09-17 13:00:00,0.002816372872129405,58.3431108868927,-0.000222144206211361,-0.00014857127411262288,-7.357293209873811e-05,25.51699126052467,21.73343209756905,24.765024044108426,39.7536123761271,26.402191674607923,0.014883747377466339,18.194439102476636,-31.786941580754768,-0.055976886962788276,0.4662912404091853,0.6590325299113577,0.0033332697095564807,0.0017014909031061176,-0.2588190451025208,-0.9659258262890683,0.7818314824680298,0.6234898018587336,0,1,0,1,988
2019-09-17 17:00:00,0.0026837748098344364,59.208595416480264,9.477705812188653e-05,0.00013467999217649972,-3.990293405461318e-05,24.02397917963119,22.003198854803195,24.132268616534084,61.30243651421489,41.21396204099609,0.011892024049603211,50.59162498583965,-14.984709480121094,0.002709170542283333,0.4893294307658455,0.6790696008616943,0.0033227414689815035,0.003135504964191016,-0.9659258262890683,-0.25881904510252063,0.7818314824680298,0.6234898018587336,0,1,0,1,987
2019-09-17 21:00:00,0.0025442194662748424,58.00802680675996,0.00031248144404538714,0.00028190750248000023,3.057394156538689e-05,22.582314482692354,21.889149417922972,23.637686505326677,78.72093074245561,59.925659877599166,0.01191530041569866,47.35756702363274,-17.065556711757345,0.09403510040960894,0.516170093581909,0.6467860598542405,0.0032985102283260128,0.0029153312337224513,-0.7071067811865477,0.7071067811865474,0.7818314824680298,0.6234898018587336,0,1,0,1,986
2019-09-18 01:00:00,0.0024160609329694984,56.15218947536437,0.000434814151603069,0.0003233921680301457,0.00011142198357292332,21.425685996157775,21.40380031578324,24.325693488790698,81.68563794297773,73.90300173321604,0.011911220088485663,36.840373651177565,-22.892819979188385,0.34189429390211384,0.5435500330639133,0.6000317340413841,0.0032497429819283853,0.002265038068357983,0.25881904510252074,0.9659258262890683,0.9749279121818236,-0.22252093395631434,0,1,0,1,985
2019-09-18 05:00:00,0.0024406280091859695,49.40432413877335,0.000348609701380731,0.00018975017424624615,0.00015885952713448484,21.284962212889663,19.67489843803407,29.17986232644426,72.15155559577208,77.51937476040177,0.011889895541859374,-2.186152119044484,-43.58695652173806,0.35899952739303814,0.538078721975338,0.42287568912849727,0.003202663293890768,0.0005903683562229478,0.9659258262890683,0.25881904510252074,0.9749279121818236,-0.22252093395631434,1,0,1,0,984
2019-09-18 09:00:00,0.002415583151386966,53.322646292921796,0.00039196963694587694,0.00018648808784911368,0.00020548154909676326,21.309579114900522,18.458967922400923,28.64802055647822,68.52848029679267,74.12189127851413,0.011785257739918897,-0.6546659036114394,-27.934782608695606,0.4853089527687058,0.5436575425879938,0.5498504159149604,0.002856249522126782,0.0005155388877249312,0.7071067811865476,-0.7071067811865475,0.9749279121818236,-0.22252093395631434,0,0,0,0,983
2019-09-18 13:00:00,0.002365898640573607,55.09132161581252,0.0004757192202295979,0.00021619013690626768,0.0002595290833233302,20.746414360278,20.730849308881435,27.160376963586103,71.32511229765225,70.66838273007231,0.011228729402576576,32.0679223628207,-14.502923976609605,0.4923110461155551,0.5550744979005547,0.6257043383444624,0.0028202154986912,0.0014525624433734396,-0.2588190451025208,-0.9659258262890683,0.9749279121818236,-0.22252093395631434,0,1,0,1,982
2019-09-18 17:00:00,0.0025819058805326357,45.89296497371867,0.00026947494251494675,7.956687353293196e-06,0.00026151825516165355,21.473003851877518,17.639575903410574,33.42943275447242,67.99834731756884,69.28397997067123,0.010766719091545252,-26.073706191092125,-53.56725146198828,0.15527104331245803,0.508635891765769,0.34767876025597233,0.0028109838049715052,-0.0008501758854297936,-0.9659258262890683,-0.25881904510252063,0.9749279121818236,-0.22252093395631434,1,0,1,0,981
2019-09-18 21:00:00,0.0025296268890660284,44.85462177104421,7.051461162710382e-05,-0.00015280291482763978,0.0002233175264547436,22.147694094077078,16.718118288953544,31.683143301298436,57.77777777777675,65.70041246433259,0.010551248456756035,-40.603991546406256,-58.59649122807189,0.10077441963920437,0.5191477073857597,0.32765072707241866,0.002833662200316061,-0.0014414951479289062,-0.7071067811865477,0.7071067811865474,0.9749279121818236,-0.22252093395631434,1,0,1,0,980
2019-09-19 01:00:00,0.002460367825561312,48.773313238305526,2.152273287903128e-05,-0.00016143583486056987,0.00018295856773960115,22.774192176119527,15.960964818420344,30.248232894914395,48.343079922026845,58.03973500579078,0.010110192876308766,-23.449379751899574,-42.80701754385932,0.11154439104017995,0.5337616539918754,0.4723051772181359,0.0028240620120863337,-0.0009275088694280509,0.25881904510252074,0.9659258262890683,0.43388373911755823,-0.900968867902419,1,0,1,0,979
2019-09-19 05:00:00,0.002496055838021208,53.942780319559326,0.00014084222693222515,-3.36930726459008e-05,0.00017453529957812595,22.007652030294768,21.734517667685918,27.68605436837944,59.649122807016646,55.256660168940044,0.00975807747438795,37.983264484697116,-19.64912280701888,-0.09665937957326477,0.526130056866477,0.6828741373168905,0.0026884021648183915,0.0008517585067928657,0.9659258262890683,0.25881904510252074,0.43388373911755823,-0.900968867902419,0,0,0,0,978
2019-09-19 09:00:00,0.0024434804210196922,55.90325203541949,0.00029733650601193595,9.824096514704798e-05,0.00019909554086488797,20.87058172299573,23.24720916823503,26.261638392205906,75.78947368420964,61.26055880441768,0.00960580158009483,81.44541815428173,-10.175438596492892,-0.05960013726093165,0.5374505924839642,0.7733764567281298,0.0025547089820984036,0.0019520178262495413,0.7071067811865476,-0.7071067811865475,0.43388373911755823,-0.900968867902419,0,1,0,1,977
2019-09-19 13:00:00,0.002493231819518296,49.86424483243771,0.0002458452829998681,3.7399793707984074e-05,0.000208445489291884,20.486423836436362,21.15594077007436,28.91277160137887,75.49631213980594,70.31163621034403,0.009464015849317775,39.17944409436892,-43.686502177070416,-0.21951021219321903,0.5267259906275887,0.5586960132827731,0.0024834400327485243,0.0004894564001494128,-0.2588190451025208,-0.9659258262890683,0.43388373911755823,-0.900968867902419,0,0,0,0,976
2019-09-19 17:00:00,0.0024737152609812666,48.751146557902544,0.00016919722755748268,-3.1398609387521076e-05,0.00020059583694500375,20.129705798916948,19.799791255375442,27.059389537118502,63.57536815356201,71.6203846591925,0.00938341750089755,25.198186435728,-55.41195476575067,-0.2069682317321075,0.5308816340806595,0.5065541152777521,0.0024056459313755983,0.00011296655480430573,-0.9659258262890683,-0.25881904510252063,0.43388373911755823,-0.900968867902419,0,0,1,0,975
2019-09-19 21:00:00,0.0023848784566254506,51.31482874364986,0.00018060747212467199,-1.5990691856265435e-05,0.00019659816398093742,19.798467621220347,19.07038171920716,26.062541817024076,53.45075667872601,64.1741456573646,0.008731142193103558,19.675217980540335,-40.5492730210009,0.07697671680718848,0.5506569931694629,0.5849258875414532,0.002300471381919036,8.859589708665183e-05,-0.7071067811865477,0.7071067811865474,0.43388373911755823,-0.900968867902419,0,0,0,0,974
2019-09-20 01:00:00,0.0022823871382950615,53.41527303525571,0.0002489134190406528,4.185220404777227e-05,0.00020706121499288052,19.07121921120354,20.85057105357122,25.287682200254967,58.64297253634919,58.5563657895457,0.007999204710234409,45.783303155064104,-28.1098546042009,0.016279721797649298,0.5753844200949165,0.6544528543468119,0.0022206138579052535,0.0008635082253198867,0.25881904510252074,0.9659258262890683,-0.433883739117558,-0.9009688679024191,0,1,0,1,973
2019-09-20 05:00:00,0.0022743594855597,50.14729102966737,0.0002134390080028581,5.1022344079820585e-06,0.00020833677359487603,17.963621788332965,21.942063940577256,23.5642999619036,62.565129141655376,58.219619452243485,0.007249576814978287,31.36064744562748,-43.645484949832095,-0.1428119492023243,0.5774153155374295,0.4949652233597163,0.002173702493052867,0.0005797609006277238,0.9659258262890683,0.25881904510252074,-0.433883739117558,-0.9009688679024191,0,1,0,1,972
2019-09-20 09:00:00,0.0023633338080197197,44.260867014462946,9.31017875105411e-06,-0.00015922127587505755,0.00016853145462611166,18.07928254465721,19.60770822152784,29.15729694856172,49.381441999268866,56.86318122575778,0.006825222633459305,-80.98204145372482,-80.10033444816045,-0.03807762395627301,0.555676898262796,0.16579844753809964,0.0021806378242557553,-0.0013648866380893132,0.7071067811865476,-0.7071067811865475,-0.433883739117558,-0.9009688679024191,0,1,0,1,971
2019-09-20 13:00:00,0.0024088099645897323,39.99368205586063,-0.00029750654136062593,-0.0003728303967893901,7.532385542876414e-05,18.945361171978057,17.863422942273175,33.324384527079495,30.161484090276215,47.36935174373345,0.007134115221684834,-204.77946415847282,-85.76972833117883,-0.16597435106749608,0.5451862202935017,-0.07260078833369042,0.0021661216287992527,-0.003377829040375424,-0.2588190451025208,-0.9659258262890683,-0.433883739117558,-0.9009688679024191,0,0,1,0,970
2019-09-20 17:00:00,0.0023524663956904623,44.299614197205436,-0.00042521187431021623,-0.0004004285837911843,-2.4783290519031937e-05,19.749577040204557,16.984748020512782,31.68520814628902,22.02778847415715,33.85690485456737,0.007289207364060246,-165.34068257846363,-68.04657179818929,-0.16395967135598175,0.558243893475279,0.13151000296089724,0.002078894396635422,-0.002534136050478697,-0.9659258262890683,-0.25881904510252063,-0.433883739117558,-0.9009688679024191,0,1,0,1,969
2019-09-22 21:00:00,0.002240147367426858,43.32214239995588,-0.0005523290226403521,-0.00042203658569705616,-0.00013029243694329598,20.49634891784345,16.56232353283858,30.897171267444442,24.320827943078303,25.503366835837184,0.007474191327242696,-134.73399933629346,-73.221216041397,-0.3788735068857245,0.5862337536786532,0.12230027619035372,0.002011108276979143,-0.0022854051664404906,-0.7071067811865477,0.7071067811865474,-0.7818314824680299,0.6234898018587334,0,1,0,1,968
2019-09-23 01:00:00,0.002146565412610661,45.17847152771728,-0.0006001577967151839,-0.00037589228781751034,-0.00022426550889767356,20.846310728967246,17.813393161611174,29.941013613723445,30.961621388529334,25.770079268588223,0.007242179505935198,-99.06460703166661,-65.84734799482574,-0.40028191412461456,0.6117912793548743,0.22404716033865504,0.0019383349793242596,-0.001682439419791626,0.25881904510252074,0.9659258262890683,0.0,1.0,0,1,0,1,967
2019-09-23 05:00:00,0.002416096454567037,35.304002334852264,-0.0009913608784353212,-0.0006136762956301181,-0.0003776845828052031,22.618828610471663,14.695752505058989,39.39395928809076,23.817617077931526,26.36668880317968,0.00878074507067117,-198.08010592519102,-89.47858472998271,-0.6165239276467058,0.5435420417581522,-0.18974784614000542,0.0021179379907475776,-0.0044519775995419675,0.9659258262890683,0.25881904510252074,0.0,1.0,0,0,0,0,966
2019-09-23 09:00:00,0.002452803850669383,38.200390181380385,-0.0012147665877209057,-0.0006696656039325621,-0.0005451009837883436,24.26473807186862,13.44183607013988,36.032666086475764,21.191790271122148,25.323676245860966,0.009510296525138351,-189.69758356242656,-81.09869646182513,-0.49721054919576824,0.5354076721795782,-0.0012987752167570262,0.002408875831139968,-0.004718352724911723,0.7071067811865476,-0.7071067811865475,0.0,1.0,1,0,1,0,965
2019-09-23 13:00:00,0.002420460718478713,38.43126668386033,-0.0013703720113753537,-0.0006602168220696081,-0.0007101551893057456,25.542074304361115,13.79939278790589,33.90599504102509,16.32526381129682,20.44489038678346,0.01031459625947706,-142.80624438158216,-80.44692737430171,-0.5737141202446893,0.5425619965546858,0.07119019603544953,0.002608294585403832,-0.0037950178402519352,-0.2588190451025208,-0.9659258262890683,0.0,1.0,1,0,1,0,964
2019-09-23 17:00:00,0.0023347135243016615,40.51674280570666,-0.0014280073488663891,-0.0005742817276485148,-0.0008537256212178743,26.728172234532718,13.284332373915984,32.64045849815085,21.529150781721764,19.682068288046874,0.010554446266667128,-113.50283526786652,-73.86692381870787,-0.5877831532305421,0.5624887106407659,0.16867044356045213,0.0026649668155803844,-0.00316328307969882,-0.9659258262890683,-0.25881904510252063,0.0,1.0,0,0,0,0,963
2019-09-23 21:00:00,0.0022300911297086965,40.10899600357468,-0.00147045090560316,-0.0004933802275082285,-0.0009770706780949316,27.829548883977775,12.914156304448152,31.730912102262863,23.57848615722816,20.477633583415543,0.010501461041013016,-98.59597182972595,-74.95069033530595,-0.5059876716420598,0.5888772806210578,0.1849486002872621,0.0026731246530519418,-0.0028550204333228635,-0.7071067811865477,0.7071067811865474,0.0,1.0,1,0,1,0,962
2019-09-24 01:00:00,0.0021207989061580853,39.75418045624703,-0.0014981152203614734,-0.0004168356338132334,-0.00108127958654824,28.93669658900546,12.609691881466972,31.892184263647327,24.95034163308004,23.35265952400995,0.0109062550857697,-94.8049494663272,-76.33136094674606,-0.3219691816541001,0.6192241971583277,0.20200586961875475,0.0026867429054042665,-0.0028872854653236857,0.25881904510252074,0.9659258262890683,0.7818314824680298,0.6234898018587336,1,0,1,0,961
2019-09-24 05:00:00,0.002060741841432504,41.311700454243784,-0.0014716058918062824,-0.00031226104420643396,-0.0011593448475998485,30.061375618457532,12.050239895925921,31.517076771498925,25.410913872451562,24.646580554253216,0.011181498110533372,-82.00589172046399,-72.48520710059331,-0.1199182375652953,0.6372705079288862,0.2583060898204508,0.002741383323854459,-0.0025428359614312335,0.9659258262890683,0.25881904510252074,0.7818314824680298,0.6234898018587336,1,0,1,0,960
2019-09-24 09:00:00,0.002068545995615897,46.11972430691547,-0.001334350937618689,-0.00014000487201507234,-0.0011943460656036167,30.127712272934968,15.360051978871015,29.155443571204614,30.341880341879733,26.90104528247041,0.011122337883548994,-51.7721167870096,-60.157790927021416,-0.13065727869922383,0.634866231054721,0.38401719013517405,0.0027334284146238006,-0.0014807424178500117,0.7071067811865476,-0.7071067811865475,0.7818314824680298,0.6234898018587336,0,0,0,0,959
2019-09-24 13:00:00,0.002098649853071912,48.89704782942954,-0.001150184224934625,3.532947253519344e-05,-0.0011855136974698185,29.46130707802914,17.495896959693585,26.68456741017327,40.6513502601859,32.13471482483903,0.010521795283876312,-25.343667181451686,-45.40295119182759,-0.024507134299095276,0.6257594605778196,0.47177287791798067,0.0026277174876638723,-0.0006048163577552224,-0.2588190451025208,-0.9659258262890683,0.7818314824680298,0.6234898018587336,0,0,0,0,958
2019-09-24 17:00:00,0.0021323177207096455,50.948089763822246,-0.0009465187466215497,0.00019119596067861512,-0.0011377147073001648,28.472521834227145,17.798570455226074,24.387290549074823,61.37437270469949,44.122534435588335,0.00949251389231387,-3.3438944215301976,-10.316139767052556,-0.023587259251188614,0.6158791381065596,0.5545166439439391,0.0026092446664880277,-7.189771580162763e-05,-0.9659258262890683,-0.25881904510252063,0.7818314824680298,0.6234898018587336,0,1,0,1,957
2019-09-24 21:00:00,0.002102152169230392,46.60656439546448,-0.0008758803377253432,0.0002094674956598572,-0.0010853478333852004,27.554364107839575,16.764407334077816,22.970298292644742,71.40444715785124,57.81005670757884,0.009079197100831049,-2.3894862604617186,-30.067567567566133,0.2741922260582981,0.6247169064268011,0.4402480203948614,0.0026054016105895566,-0.00021027923187100228,-0.7071067811865477,0.7071067811865474,0.7818314824680298,0.6234898018587336,0,1,0,1,956
2019-09-25 01:00:00,0.0020548555857139435,42.89090162362464,-0.0009046863667927507,0.00014452917327395986,-0.0010492155400667106,27.26533433478047,15.925253939520603,25.71372259274391,69.87209755512647,67.55030580589236,0.008805257292987534,-41.02583944336359,-50.000000000001876,0.08464780143262994,0.6390960071015023,0.3302718534766282,0.0026143394948804593,-0.001325056893321186,0.25881904510252074,0.9659258262890683,0.9749279121818236,-0.22252093395631434,0,1,0,1,955
2019-09-25 05:00:00,0.0019816516153057947,45.24158822587811,-0.0008698798497739357,0.00014346855223421984,-0.0010133484020081556,27.135779686386318,15.334007893220814,25.80437085049169,59.966216216216004,67.08092030973121,0.008032633440888226,-40.40768659093316,-40.033783783784,0.1319693467062227,0.6627047811314445,0.4178351651601194,0.002534027158382418,-0.001341719008522535,0.9659258262890683,0.25881904510252074,0.9749279121818236,-0.22252093395631434,0,1,0,1,954
2019-09-25 09:00:00,0.0020379622142125352,40.54986645897186,-0.0009555456287504427,4.624221860617043e-05,-0.0010017878473566131,27.69107852143029,13.845293838984027,28.696682037219734,47.97297297297155,59.27042891477131,0.0068059973549532415,-75.4493068747151,-66.04729729729948,-0.06367398917543503,0.6443936942704491,0.22965020348399695,0.0023568807684416974,-0.0021175814878406918,0.7071067811865476,-0.7071067811865475,0.9749279121818236,-0.22252093395631434,0,1,0,1,953
2019-09-25 13:00:00,0.0022395363417687733,30.910764550519904,-0.0013547932261963602,-0.0002824043030717977,-0.0010723889231245625,29.365096877747828,11.699182265973697,36.17699714035997,32.68861278339813,46.87593399086185,0.007581787651705696,-221.81206046468816,-95.85308056872215,-0.4394184755909052,0.5863936992256186,-0.24111809221353497,0.0024689511511497373,-0.004919774968813462,-0.2588190451025208,-0.9659258262890683,0.9749279121818236,-0.22252093395631434,0,0,1,0,952
2019-09-25 17:00:00,0.002161712317356717,31.11581131620655,-0.0016481662073724035,-0.00046062182739827276,-0.0011875443799741307,30.97863251007643,11.254625305342968,35.595330383143285,15.157631341126327,31.939739032498633,0.008609050818499053,-248.84051112163078,-92.6267281105994,-0.42218663560925695,0.6075045182727211,-0.09931113298963168,0.0026668007061966103,-0.005795792971307945,-0.9659258262890683,-0.25881904510252063,0.9749279121818236,-0.22252093395631434,0,0,1,0,951
2019-09-25 21:00:00,0.0020951614375455275,34.427184578428935,-0.0017962143697485278,-0.00048693599181951755,-0.0013092783779290102,31.99630231343675,12.862302677371,34.102698851043876,9.331615232853032,19.059286452459123,0.00932841915843552,-186.7258233236026,-83.52534562211937,-0.3856543845447004,0.6268013416371707,0.06139406575657078,0.002727620130114166,-0.004740262866936851,-0.7071067811865477,0.7071067811865474,0.9749279121818236,-0.22252093395631434,0,0,0,0,950
2019-09-26 01:00:00,0.002043364192006568,38.610978030147024,-0.0018087738773679973,-0.00039959639955118955,-0.0014091774778168078,32.17522104710707,15.811872861051537,32.46951339818349,17.434715821812514,13.974654131930587,0.009307812632161294,-127.14454400223102,-71.5437788018437,-0.40429552640186656,0.6426901308818564,0.2037972175682143,0.0025802424668490134,-0.0034594418375819558,0.25881904510252074,0.9659258262890683,0.43388373911755823,-0.900968867902419,0,1,0,1,949
2019-09-26 05:00:00,0.0021052667497203983,33.594746671994415,-0.0019782860400057167,-0.00045528684975112694,-0.0015229991902545898,32.928350613007474,14.250735434378512,35.506580724116496,17.318707519126047,14.695012857930493,0.00991935864838922,-152.90339975978952,-92.9747530186588,-0.679104816378404,0.6237926857365763,0.033286358110275915,0.0024849380697063413,-0.004532019823908717,0.9659258262890683,0.25881904510252074,0.43388373911755823,-0.900968867902419,0,0,0,0,948
2019-09-26 09:00:00,0.00219060483902609,36.69099360372628,-0.0020255302011604748,-0.00040202480872470804,-0.0016235053924357667,33.91798478015769,12.717322440864226,35.07709345730789,19.938814516318374,18.230745952418943,0.00985003634487347,-136.40942978036685,-75.66502463054239,-0.6596916599366722,0.59949196523452,0.1484276931828214,0.002525224053796115,-0.004445458237996025,0.7071067811865476,-0.7071067811865475,0.43388373911755823,-0.900968867902419,0,0,0,0,947
2019-09-26 13:00:00,0.002358418779095654,32.22570382158319,-0.0022133650259836823,-0.0004718877068383325,-0.0017414773191453499,34.01354846246301,14.4819235079281,30.253946521871935,11.659011881677799,16.30551130570737,0.011011646743121162,-123.70721291786069,-96.38318670576543,-0.7449263249695656,0.5568349487547634,0.011108544835676757,0.002675356640208101,-0.0044271549122898435,-0.2588190451025208,-0.9659258262890683,0.43388373911755823,-0.900968867902419,0,0,0,0,946
2019-09-26 17:00:00,0.002368531723445977,31.636096389378896,-0.002360034874195893,-0.0004948460440404347,-0.0018651888301554585,34.5082810929288,13.390083468939473,31.953767950642646,13.29994687058178,14.96592442285928,0.012047879647275828,-142.50118142371778,-88.05194805194685,-0.6666060385594613,0.5544574248257704,0.05398790846863151,0.0028861877747830985,-0.005603249185972992,-0.9659258262890683,-0.25881904510252063,0.43388373911755823,-0.900968867902419,0,0,0,0,945
2019-09-26 21:00:00,0.0023314937431998446,30.455296785942647,-0.002496713132775774,-0.0005052194420962523,-0.001991493690679522,35.08517040951377,12.631169192575722,31.36816940879895,8.45188674045603,11.136948497571831,0.013070054169558976,-135.55371297031553,-90.20920502091964,-0.7753206264372451,0.5632655047135738,0.0692825808548343,0.0030843588972257192,-0.005786722584428583,-0.7071067811865477,0.7071067811865474,0.43388373911755823,-0.900968867902419,0,0,0,0,944
2019-09-27 01:00:00,0.0022642441901141418,32.80211594247844,-0.0025330654649078355,-0.00043325741938265083,-0.0020998080455251846,35.43344230093611,12.865958193022667,29.99269448467828,12.004188830175272,11.252007480404323,0.01364489223098353,-109.10218525409414,-85.72628043660771,-0.5879943567105003,0.579994863510635,0.15250733243362474,0.0031459048861126305,-0.004866851444341069,0.25881904510252074,0.9659258262890683,-0.433883739117558,-0.9009688679024191,0,0,0,0,943
2019-09-27 05:00:00,0.0022589410336774115,33.711180365881745,-0.0025167253779470045,-0.00033353386593745586,-0.0021831915120095486,35.9203272164035,11.97500821682174,29.496760432659354,14.041783681457929,11.49928641736304,0.014028346160368077,-98.01351678809519,-81.93916349809889,-0.17910174989719577,0.5813564765177216,0.20046362187217467,0.0033020963642333956,-0.004477503328794041,0.9659258262890683,0.25881904510252074,-0.433883739117558,-0.9009688679024191,1,0,1,0,942
2019-09-27 09:00:00,0.0023011595312718834,39.686325362943684,-0.0023667526559354446,-0.00014684891514071645,-0.002219903740794728,34.9453592836806,17.092652614959054,26.887337844653555,21.62316206833798,15.889711526657022,0.014047866029938127,-59.52355494728825,-67.4650698602795,-0.05939327485380477,0.5706905506347699,0.31652017505670565,0.0033622639187834624,-0.0026841030624902285,0.7071067811865476,-0.7071067811865475,-0.433883739117558,-0.9009688679024191,0,0,0,0,941
2019-09-27 13:00:00,0.002367505279038182,42.51732614927596,-0.002167238384776171,4.21322848148456e-05,-0.0022093706695910167,33.41165345646086,18.50434752279447,24.26715659288959,30.005641442084343,21.89019573062671,0.013838217226039173,-39.03552332495572,-60.57884231536861,-0.0684812680904709,0.5546978127683493,0.38163215150882257,0.003367344780342242,-0.0017487081508245073,-0.2588190451025208,-0.9659258262890683,-0.433883739117558,-0.9009688679024191,0,1,0,1,940
2019-09-27 17:00:00,0.0022676834733925916,42.36215611556552,-0.001990214515522837,0.00017532492325454414,-0.002165539438777381,31.987498045471103,17.938974554939428,23.525709517956304,39.517023301068406,30.381942270496868,0.013238219064323431,-35.02408253688412,-53.405017921146715,-0.16784798810469187,0.5791152140096953,0.3962473733569303,0.00334874812275665,-0.001605744832092082,-0.9659258262890683,-0.25881904510252063,-0.433883739117558,-0.9009688679024191,0,1,0,1,939
2019-09-29 21:00:00,0.0021821346538645424,40.182715870688895,-0.0018838828286089626,0.00022532528813473457,-0.002109208116743697,30.78893755132822,17.310667683180036,23.520062714921448,45.76469834501657,38.429121029389734,0.012263170226126885,-39.28108944025763,-48.72204472843499,-0.024680749929176713,0.6018189563482002,0.36333060953280355,0.003324081335825969,-0.0018115519121912893,-0.7071067811865477,0.7071067811865474,-0.7818314824680299,0.6234898018587334,0,0,0,0,938
2019-09-30 01:00:00,0.0020791250357313582,40.05406607415883,-0.0017822966599032597,0.00026152916547235016,-0.00204382582537561,29.95530673464019,16.87058234970683,24.846003501401373,49.50397166206782,44.92856443605089,0.010701318610101929,-48.861712038619785,-49.36102236421483,-0.10047864372098715,0.6316358936719974,0.3787532595492367,0.00331014372947692,-0.0021235610925489645,0.25881904510252074,0.9659258262890683,0.0,1.0,0,0,0,0,937
2019-09-30 05:00:00,0.0020520446760362637,39.14307686232385,-0.0017039337452771086,0.000271913664078801,-0.0019758474093559096,28.45638903200159,19.52716646299083,23.375755438034556,49.414270500533966,48.22764683587275,0.009336925403732543,-34.79620451077441,-53.674121405748295,0.0741364476743101,0.6399714466922222,0.37169223826923603,0.0032654883972781947,-0.0016868762051451824,0.9659258262890683,0.25881904510252074,0.0,1.0,0,1,0,1,936
2019-09-30 09:00:00,0.002260470056319382,29.68947715141356,-0.0019031202509658396,5.8181726712056014e-05,-0.0019613019776778956,28.931535730911822,16.460483905094478,34.27179813464674,37.89737631910304,45.60520616056824,0.009001951788073725,-157.4600951297194,-83.27272727272778,-0.21881036740001228,0.5809632365306815,0.030990600772436608,0.0032873810081961467,-0.004452992775400455,0.7071067811865476,-0.7071067811865475,0.0,1.0,0,0,0,0,935
2019-09-30 13:00:00,0.0022632936237251384,31.95833487329498,-0.0020015926386027783,-3.223252873990612e-05,-0.001969360109862872,29.372743379899898,15.26566661427118,31.784110820289712,28.41165650111415,38.57443444025035,0.007673183432887587,-161.2805163221401,-77.81818181818149,-0.12183280508583746,0.5802384570140446,0.07266758592710035,0.0032177002920123652,-0.004403420020034909,-0.2588190451025208,-0.9659258262890683,0.0,1.0,0,0,0,0,934
2019-09-30 17:00:00,0.00219162979345906,31.353023900304994,-0.0020758762170804967,-8.521288577409934e-05,-0.0019906633313063974,29.782436196817397,14.638776982005318,30.478885830939973,19.35353535353506,28.554189391250713,0.006750827800698467,-151.33113565822472,-80.84848484848558,-0.1931898296084066,0.5992116022146656,0.04072299108571799,0.0030465802348450836,-0.00429954641843211,-0.9659258262890683,-0.25881904510252063,0.0,1.0,0,0,0,0,933
2019-09-30 21:00:00,0.0020786562367834127,30.314217235696944,-0.00214392316640577,-0.0001226078680794983,-0.0020213152983262718,30.16286524109793,14.331928540999256,29.840007418329268,19.00300300300305,22.256064952550716,0.007315379962425261,-138.22515836586714,-84.32432432432381,-0.24991074616207576,0.631778346395636,0.05080938831911398,0.0028151942811668698,-0.004185582704957724,-0.7071067811865477,0.7071067811865474,0.0,1.0,0,0,0,0,932
2019-10-01 01:00:00,0.002012323648441739,28.984526460203544,-0.0022158810535817253,-0.0001556526042043628,-0.0020602284493773625,30.844458634466342,13.74690060096757,31.85203790687889,14.401856401856605,17.586131586131533,0.007900568080500214,-139.7118072886504,-91.62162162162083,-0.42331428571427765,0.6526037702816478,0.049146344451939765,0.0026589421599497016,-0.004408869421894224,0.25881904510252074,0.9659258262890683,0.7818314824680298,0.6234898018587336,0,0,0,0,931
2019-10-01 05:00:00,0.0019864433878387525,30.563789885832033,-0.002226265369134506,-0.00013282953580571457,-0.002093435833328791,31.706399983226838,12.931286907725674,32.371420492936096,14.082426215425178,15.829095206761572,0.008047312843091348,-129.79494873718775,-81.80677540777985,-0.46233690289098206,0.6611061800401038,0.1257757019368829,0.002435433413164553,-0.004234026534809532,0.9659258262890683,0.25881904510252074,0.7818314824680298,0.6234898018587336,1,0,1,0,930
2019-10-01 09:00:00,0.0019774117172788397,31.758101422840078,-0.0021938739882243485,-8.035052391644568e-05,-0.002113523464307903,31.535628607992805,16.505504857346395,30.196469065604116,15.716255778990481,14.733512798757383,0.007587255366372059,-91.22019452847984,-79.42283563362788,-0.44042800098685536,0.6641257298743999,0.17201578438633428,0.0021679376382164072,-0.0031470377453581833,0.7071067811865476,-0.7071067811865475,0.7818314824680298,0.6234898018587336,0,0,0,0,929
2019-10-01 13:00:00,0.0022511680231875005,51.683224475219454,-0.0018060588152808421,0.0002459717192216486,-0.0020520305345024907,29.296658033397495,24.53635227813296,24.629787888033857,37.4738603094932,22.424180767969585,0.007554368272367107,8.333333333326534,-26.348808030112703,0.009143275121167692,0.5833638300088002,0.7316540492739031,0.002066072373483279,-0.00066887472572974,-0.2588190451025208,-0.9659258262890683,0.7818314824680298,0.6234898018587336,0,1,0,1,928
2019-10-01 17:00:00,0.0021967988786741072,49.866862701670094,-0.001520721471062636,0.0004250472507518839,-0.00194576872181452,27.21761392841613,23.347636758300773,23.436545682313923,53.910497699706376,35.700204596063315,0.007237346198333938,57.54521409679583,-32.496863237140296,-0.03200263335955164,0.5978016525539293,0.6841144479597653,0.0020355182488002144,0.0003935685856621962,-0.9659258262890683,-0.25881904510252063,0.7818314824680298,0.6234898018587336,0,1,0,1,927
2019-10-01 21:00:00,0.002122027530197384,52.12266561509706,-0.0012311754438707467,0.0005716746223550185,-0.0018028500662257653,25.323627612558568,22.8477852160262,22.529326149810842,76.07276074037276,55.819039583190744,0.007418597980382913,75.19773767996651,-12.936046511628751,0.04847309743091846,0.6188656750734265,0.7528105721538391,0.0019809279806159365,0.0007270164321422357,-0.7071067811865477,0.7071067811865474,0.7818314824680298,0.6234898018587336,0,1,0,1,926
2019-10-02 01:00:00,0.0020318827066118468,49.902714968526865,-0.0010349650186480819,0.0006143080380621468,-0.0016492730567102287,23.564926033547973,22.157043175868065,21.84821187282645,77.83050295196095,69.27125379734666,0.007505452950658409,62.942967884838545,-21.07558139534814,0.31930120747239604,0.6463217565298526,0.668011179110694,0.0018465146642060633,0.0005185884509044669,0.25881904510252074,0.9659258262890683,0.9749279121818236,-0.22252093395631434,0,1,0,1,925
2019-10-02 05:00:00,0.002121033941853854,40.593241445355346,-0.00109280625223529,0.0004451734435799511,-0.001537979695815241,23.203706913463254,19.709614785174605,28.662202145092202,68.07170542635612,73.99165637289657,0.007617352820668444,-18.378603392642795,-61.77325581395478,0.021094531013541997,0.6191555797792543,0.30518166416376974,0.0017892858746885855,-0.001319965291834535,0.9659258262890683,0.25881904510252074,0.9749279121818236,-0.22252093395631434,1,0,1,0,924
2019-10-02 09:00:00,0.002186674374578574,49.750991970430896,-0.0009230487429121581,0.0004919447623224665,-0.0014149935052346246,22.86828915909887,17.752395128972868,25.81596562348354,64.09883720930164,70.00034852920619,0.0076724178714764335,13.484474975337832,-24.854651162792162,0.2770438866872177,0.6005695293580672,0.6317055479677062,0.001736395422170072,-0.0004906347351547602,0.7071067811865476,-0.7071067811865475,0.9749279121818236,-0.22252093395631434,1,0,1,0,923
2019-10-02 13:00:00,0.002244769062108668,57.35934168806739,-0.0005617509935231801,0.0006825940093691555,-0.0012443450028923357,21.301272074698634,23.79001316969774,23.351572859442673,70.66626987583328,67.61227083716363,0.008337474677297063,105.1020932983688,-1.3732833957532442,0.5662316685938741,0.5850267727613695,0.9280072969477327,0.0017952470797723314,0.0018884827103244906,-0.2588190451025208,-0.9659258262890683,0.9749279121818236,-0.22252093395631434,0,0,0,0,922
2019-10-02 17:00:00,0.0021472855576723337,57.63767009480747,-0.00026350630675398,0.0007846709569106847,-0.0010481772636646647,20.065502838715837,24.557253875336354,22.668006043692245,89.52165494991287,74.76225401168256,0.008852921777276812,132.39784789878908,-5.207100591716019,0.6261936242103556,0.6115861000916749,0.9031437405400604,0.0019562013320476193,0.002691137426831469,-0.9659258262890683,-0.25881904510252063,0.9749279121818236,-0.22252093395631434,0,0,0,0,921
2019-10-02 21:00:00,0.002038908017838605,57.98669453149748,-1.6465525874753695e-05,0.0008253693902319289,-0.0008418349161066826,18.984962767909163,24.470685479767084,22.167708696758616,96.09713696144189,85.42835392906265,0.009262257823802411,130.8140039961827,-5.128205128205066,0.6141107786080233,0.6440947745117718,0.8905635179689878,0.0020996154851117346,0.0026721130993516695,-0.7071067811865477,0.7071067811865474,0.9749279121818236,-0.22252093395631434,0,0,0,0,920
2019-10-03 01:00:00,0.0019411288737072722,57.09048634525842,0.00015892500644798524,0.0008006079380437343,-0.0006416829315957491,17.763776160766856,23.867378246187734,22.982684952260627,93.95194549040639,93.19024580058702,0.00958552658932188,113.00228501364828,-7.80885780885977,0.575456372697486,0.6765393157497496,0.8458338954161175,0.0022048133509151822,0.002173144051403453,0.25881904510252074,0.9659258262890683,0.43388373911755823,-0.900968867902419,0,0,0,0,919
2019-10-03 05:00:00,0.0020367625255853367,58.646636787507056,0.00033600961147062236,0.0007821540344530972,-0.0004461444229824749,17.13062306994463,21.121949807529322,25.24877399395185,92.05832926763067,94.03580390649294,0.010112397143833718,108.02070888091822,-10.887949260043172,0.23404644359114057,0.6447732533877951,0.8660853057237254,0.0022999711149848914,0.0021004925272911645,0.9659258262890683,0.25881904510252074,0.43388373911755823,-0.900968867902419,0,0,0,0,918
2019-10-03 09:00:00,0.0020727080594720973,57.95024350073049,0.0004581584090073143,0.0007234422655918313,-0.000265283856584517,16.54269519989542,19.273100346143032,23.038694781343285,89.57463724905483,91.86163733569725,0.010546844077477857,97.39344221168226,-12.579281183932578,0.2643349095864905,0.6335913994248059,0.8237935419271716,0.0023824404555601434,0.0019017864584411903,0.7071067811865476,-0.7071067811865475,0.43388373911755823,-0.900968867902419,1,0,1,0,917
2019-10-03 13:00:00,0.002258228912366944,64.01818860368337,0.0007169569437266432,0.0007857926402489282,-6.8835696522285e-05,16.29840374695809,25.567369917111566,19.635563110967716,87.43232056525402,89.68842902731313,0.011592900585904342,136.5223784578569,-14.23580786026224,0.4013090536785043,0.5815398044051823,0.9553648986189427,0.002573354859639272,0.003516043541765823,-0.2588190451025208,-0.9659258262890683,0.43388373911755823,-0.900968867902419,0,0,0,1,916
2019-10-03 17:00:00,0.0022683554186264604,56.820193584399846,0.0007743409017695324,0.000674541278633454,9.979962313607849e-05,16.071561683516286,23.635142866585866,18.151626111647193,81.309089678136,86.10534916414825,0.011609673724730651,106.82998959129085,-29.25764192139717,0.29541962391159765,0.5789436651841809,0.7776563817752623,0.002698809896830941,0.0026490267250913746,-0.9659258262890683,-0.25881904510252063,0.43388373911755823,-0.900968867902419,1,0,1,0,915
2019-10-03 21:00:00,0.002206330031581718,60.54239535990118,0.000917370032409659,0.0006540563274188643,0.00026331370499079463,15.860922624606037,22.563900462762767,17.32891936098781,78.44955182716659,82.39698735685216,0.011906228789786866,103.36204992267949,-21.15789473684083,0.675799589201887,0.5952192016615624,0.8513707046842987,0.002835140085370843,0.002688571253750549,-0.7071067811865477,0.7071067811865474,0.43388373911755823,-0.900968867902419,0,0,0,0,914
2019-10-04 01:00:00,0.002144449315040175,57.21294390448987,0.000951966986245445,0.0005509226250037202,0.0004010443612417247,15.905162923002218,23.088989427139776,16.55546898041471,73.19482111392044,77.65115420640764,0.011746544002164683,94.35158882209002,-30.000000000000703,0.3650169243436043,0.612394982147385,0.7547983474499601,0.002962299708900296,0.002516418886783889,0.25881904510252074,0.9659258262890683,-0.433883739117558,-0.9009688679024191,0,0,0,0,913
2019-10-04 05:00:00,0.0020912743639658815,58.04126533710008,0.0009905604174700322,0.00047161284498264597,0.0005189475724873862,15.504296297061698,21.984926286263555,17.881466457508818,73.92982456140369,75.19139916749687,0.011332430454003894,79.18018787360668,-27.052631578947405,0.14053274686765965,0.6279663838605852,0.7547997105933918,0.0030588310287776397,0.002039105375841066,0.9659258262890683,0.25881904510252074,-0.433883739117558,-0.9009688679024191,0,0,0,0,912
2019-10-04 09:00:00,0.0022440404808254585,54.47207479135897,0.0009393095682301844,0.00033628959659423856,0.0006030199716359458,16.17207922242061,25.709195803326367,15.473864004905803,68.854871142103,71.99317227247566,0.010318440967262532,78.43369451517262,-36.382754994742925,0.050185229118387,0.5852167156614428,0.6588418255432216,0.0030806519448201637,0.002026243612440526,0.7071067811865476,-0.7071067811865475,-0.433883739117558,-0.9009688679024191,1,0,1,0,911
2019-10-04 13:00:00,0.00228160901790935,60.24602161272479,0.0010424115003848655,0.0003515132229991358,0.0006908982773857297,16.792163367396743,23.479739315877037,14.131997586541116,73.47512430666004,72.08660667005553,0.009457594619930454,83.38870431894462,-16.139240506329557,0.21440236481245287,0.5755806493100809,0.829576401322111,0.003071659998939476,0.002137077456778602,-0.2588190451025208,-0.9659258262890683,-0.433883739117558,-0.9009688679024191,0,1,0,1,910
2019-10-04 17:00:00,0.0022143512309158336,59.116499419626344,0.0010897715725810553,0.00031909863615626045,0.0007706729364247948,17.36795578773172,22.464838677712457,13.521148667983388,73.93346702508221,72.08782082461505,0.008166513086684812,92.10901148988279,-25.67760342368094,0.21079719667105,0.5930630975181173,0.7960872007837088,0.003028525733103943,0.002266644593569511,-0.9659258262890683,-0.25881904510252063,-0.433883739117558,-0.9009688679024191,0,0,0,1,909
2019-10-06 21:00:00,0.00214689757156471,61.0394002358679,0.0011671075656396468,0.0003171477033718815,0.0008499598622677653,18.00428810868954,22.18102897303234,12.949830613643735,79.55420270826188,75.65426468000133,0.008383382371991654,103.37830597295873,-19.52054794520387,0.22346674449998752,0.6116966255837125,0.8372743690478323,0.0029455176754071884,0.002431846359417289,-0.7071067811865477,0.7071067811865474,-0.7818314824680299,0.6234898018587334,0,1,0,1,908
2019-10-07 01:00:00,0.00207997631645294,57.508606185852685,0.001150580408456392,0.00024049643695090123,0.0009100839715054908,18.700435603308808,21.946168982310606,12.411730563500944,73.8608901829743,75.78285330543942,0.008183660549842653,91.1265853023782,-33.2191780821923,0.16511585477101506,0.6313773813730404,0.7190340116238482,0.002751986765874623,0.002133031983997391,0.25881904510252074,0.9659258262890683,0.0,1.0,0,0,0,1,907
2019-10-07 05:00:00,0.002087835150992026,51.17291363582727,0.0009976821467490016,7.007854019480859e-05,0.000927603606554193,18.02053064146466,20.30187831089341,16.88725872015187,62.27168949771731,71.89559412965112,0.00790773671761169,32.24200126961983,-60.44520547945192,-0.17208256321074628,0.6290008094633405,0.509800528617417,0.0024168546487206193,0.0008062560919441797,0.9659258262890683,0.25881904510252074,0.0,1.0,1,0,1,0,906
2019-10-07 09:00:00,0.0021858469259211683,61.00732809513043,0.0011361500938815716,0.00016683718986190287,0.0009693129040196688,18.184290700494316,22.61400927504007,14.977900237672527,67.92237442922436,68.01831803663862,0.007957421441340706,100.51373151526911,-2.5684931506827158,0.29272563127514906,0.6007968739378057,0.8940346785845108,0.002146320743416779,0.002253622271255251,0.7071067811865476,-0.7071067811865475,0.0,1.0,0,1,0,1,905
2019-10-07 13:00:00,0.0021890007169267957,55.65040660484835,0.0011120306781720046,0.0001141742193218687,0.000997856458850136,18.471601456437153,21.816866656674055,13.888012272168691,68.34312978038038,66.17906456910731,0.005766472404785894,106.31973882960146,-31.95691202872424,0.033699780496022645,0.5999312790740934,0.7165101837587938,0.002055836625611317,0.0021499991562217158,-0.2588190451025208,-0.9659258262890683,0.0,1.0,0,0,0,1,904
2019-10-07 17:00:00,0.0021433578085748774,51.94967189523499,0.000990318535628143,-6.030338577594531e-06,0.0009963488742057375,18.01363096800601,20.689925182528203,16.236582908665206,68.32521144054432,68.19690521671632,0.0044843461056416345,26.760197453885777,-60.49896049896007,0.007292017974831601,0.6127068447209859,0.48104517403481045,0.0019687137416145367,0.0008586658903906308,-0.9659258262890683,-0.25881904510252063,0.0,1.0,0,0,1,0,903
2019-10-07 21:00:00,0.0020595465365338245,51.07568718678658,0.0008621358765339426,-0.00010737039813743597,0.0009695062746713786,17.26011633920349,19.99389029360443,17.216358729544176,44.8694492186005,60.51259681317503,0.004305796557571018,-30.372950881484805,-72.9357798165142,-0.04282967458559742,0.6376403624315153,0.4051278910793508,0.0018804397366533226,0.00025943928582594644,-0.7071067811865477,0.7071067811865474,0.0,1.0,1,0,1,0,902
2019-10-08 01:00:00,0.001998864641067118,53.419933861325234,0.0008117120168271708,-0.00012623540627536636,0.0009379474231025371,16.809419511401263,20.52302612832165,16.471943495203014,36.94377157679927,50.04614407864799,0.004125285928902489,2.2565760668230723,-55.733944954127914,0.10579211848717726,0.6569979642538004,0.5620563045597524,0.0017690258550881349,0.0006342841429598511,0.25881904510252074,0.9659258262890683,0.7818314824680298,0.6234898018587336,0,0,1,0,901
2019-10-08 05:00:00,0.0019868028809908954,57.56572244564827,0.000876232217720041,-4.937216430599698e-05,0.000925604382026038,17.17924609647187,24.062196058314793,15.388233405539921,49.3883792048932,43.73386666676428,0.004183632870510934,111.64158450092951,-23.1651376146783,0.059175907212181085,0.6609865591422092,0.8647547591368295,0.0014209953688484008,0.0016630080781896428,0.9659258262890683,0.25881904510252074,0.7818314824680298,0.6234898018587336,0,1,0,1,900
2019-10-08 09:00:00,0.0019391741037772592,55.325059513150684,0.0008689334324627485,-4.5336759650631666e-05,0.0009142701921133801,17.722998051726293,24.29196623252301,14.64003314058668,61.391437308869506,49.24119603018729,0.003948315589620055,121.79182300199687,-36.9266055045853,0.029139917133369577,0.6772212961394026,0.7012250495094,0.0010604966099451016,0.0017354340986011074,0.7071067811865476,-0.7071067811865475,0.7818314824680298,0.6234898018587336,0,1,0,1,899
2019-10-08 13:00:00,0.0020985188106503127,45.268124858219394,0.0005996374219909839,-0.0002517062160979171,0.000851343638088901,17.15523881092892,20.84404114379851,25.360215537990232,51.30394918166991,54.0279218984775,0.004325674050969397,-158.19209039544188,-85.99640933572668,-0.3203465567295499,0.6257985362509261,-0.03910673169587761,0.0009633172754765221,-0.0008107339626199916,-0.2588190451025208,-0.9659258262890683,0.7818314824680298,0.6234898018587336,0,0,0,0,898
2019-10-08 17:00:00,0.0021000531813181404,46.997439513007514,0.00042409624658423795,-0.00034179791320373054,0.0007658941597879685,16.816636561669906,19.341039504943605,24.824050308571834,35.160115501408605,49.2851673306493,0.004436865559742209,-228.33316103243175,-71.59663865546221,-0.19945173541223798,0.6253413064404932,0.09813972815000868,0.0010033431937955756,-0.0014450752456107718,-0.9659258262890683,-0.25881904510252063,0.7818314824680298,0.6234898018587336,1,0,1,0,897
2019-10-08 21:00:00,0.002002906525509699,46.90709489222199,0.0002793378185979023,-0.000389245072952053,0.0006685828915499553,16.502220187357963,18.830625226944164,24.168938171913776,23.43537055755901,36.633145080212465,0.004654186931700277,-162.23216388039114,-72.10084033613407,-0.05745973258422032,0.6556721361052057,0.13753067404542435,0.0010249024540810385,-0.000976802559295331,-0.7071067811865477,0.7071067811865474,0.7818314824680298,0.6234898018587336,1,0,1,0,896
2019-10-09 01:00:00,0.0019169846308304446,48.54057660810114,0.00019943491554785808,-0.00037531838080167787,0.000574753296349536,15.9132811539143,19.87152707460849,23.44849307337683,30.644257703080992,29.746581254016164,0.004715065216432279,-109.8804693497224,-64.36974789916074,-0.3227859610838483,0.6850602654185576,0.24337576587843698,0.0010047923412710522,-0.000512258354552042,0.25881904510252074,0.9659258262890683,0.9749279121818236,-0.22252093395631434,1,0,1,0,895
2019-10-09 05:00:00,0.002023628585771121,55.496551957670434,0.0003076655765139602,-0.00021367017586846064,0.0005213357523824208,15.602795710624411,26.0216566664539,20.626145634776517,45.21008403361309,33.09657076475099,0.004773132723402185,17.73749376585129,-27.899159663865923,0.010925976509141214,0.6489580198826728,0.6959928739072221,0.0009623874864297583,0.0008780556471454926,0.9659258262890683,0.25881904510252074,0.9749279121818236,-0.22252093395631434,0,0,0,0,894
2019-10-09 09:00:00,0.0020112265439303357,52.30360929581751,0.0003163629254017142,-0.00016397826158456538,0.00048034118698627956,15.324765743792895,24.38299545915034,19.270953787169997,54.845938375349625,43.56676003734787,0.004759386094363105,35.27531435198136,-43.19327731092445,0.03098881668292124,0.6529597592888013,0.5009455000940757,0.0009130422749115101,0.0010194111953740759,0.7071067811865476,-0.7071067811865475,0.9749279121818236,-0.22252093395631434,1,0,1,0,893
2019-10-09 13:00:00,0.001964710362221028,51.63561710945845,0.0003044151169755427,-0.00014074085600858952,0.0004451559729841322,14.969907408114123,23.177406131507368,18.827104389558187,60.840336134454084,53.63211951447223,0.004760724314136766,6.706301338388086,-46.386554621847395,0.03828972559030787,0.6684191345717861,0.4615604710702038,0.0009102315958559371,0.000643458299743882,-0.2588190451025208,-0.9659258262890683,0.9749279121818236,-0.22252093395631434,1,0,1,0,892
2019-10-09 17:00:00,0.001924373907776658,51.190939611927334,0.00028201253069326526,-0.00013051475383269356,0.0004125272845259588,14.482001600496789,21.97299330727182,18.66534691286932,54.00560224089656,56.56395891690005,0.004679406372096739,-8.327580255431544,-48.40336134453852,-0.04099667471416767,0.6824297475105942,0.4276617645309687,0.0009085093789217565,0.0004325149690975749,-0.9659258262890683,-0.25881904510252063,0.9749279121818236,-0.22252093395631434,1,0,1,0,891
2019-10-09 21:00:00,0.0019169186286497489,54.692557606891036,0.0003410189086126003,-5.720670073068682e-05,0.00039822560934328713,14.496491711392133,23.38929726556541,17.39951587423931,59.91740285857957,58.2544470779767,0.0046500903211894595,50.21097046412728,-25.4578754578754,-0.07915783344099342,0.6850838529985153,0.6446208468114346,0.0009176547924785181,0.0010541804382364628,-0.7071067811865477,0.7071067811865474,0.9749279121818236,-0.22252093395631434,1,0,1,0,890
2019-10-10 01:00:00,0.0018778530123176147,56.18211449559997,0.0004184624365137779,1.6189461736392614e-05,0.0004022729747773853,14.723981346228681,23.577835631822126,16.492806510203945,69.57983193277288,61.167612344082976,0.004721637003754164,89.97572255903474,-17.399267399267448,0.015476071262756696,0.6993358859217681,0.7304285566922893,0.000947230378853246,0.001469712669844192,0.25881904510252074,0.9659258262890683,0.43388373911755823,-0.900968867902419,1,0,1,0,889
2019-10-10 05:00:00,0.0020051492257234993,65.02033525523485,0.0007248530930001884,0.00025806409457824244,0.00046678899842194597,16.181116521253752,29.872526439463194,14.34249730154407,84.82370047255525,71.44031175463586,0.005914030435772322,216.26771465999582,-2.671755725191405,0.5925371362835308,0.6549387861774488,1.1898003052747674,0.0011396879252456207,0.003225868989590097,0.9659258262890683,0.25881904510252074,0.43388373911755823,-0.900968867902419,0,0,0,0,888
2019-10-10 09:00:00,0.0020083528524575426,66.3473113151572,0.0010021124040022755,0.0004282587244642636,0.0005738536795380119,18.042477817924276,32.744863222466755,13.296788930122444,89.50218769414566,81.30190669982456,0.007172167036207711,258.6678175801827,-11.422413793104159,0.5959007866255338,0.6538940596982386,1.1180140503732259,0.0014821367915012098,0.004507266137089294,0.7071067811865476,-0.7071067811865475,0.43388373911755823,-0.900968867902419,0,0,0,1,887
2019-10-10 13:00:00,0.002050613362996285,63.22075646852592,0.0011528755404970337,0.0004632174887672174,0.0006896580517298163,18.89081723602189,29.779316916220793,16.06349941137838,89.01602395367188,87.78063737345757,0.0077299880980050695,174.7344062269875,-18.85775862068887,0.5356865822831055,0.6404181420534218,0.9502594254832337,0.001657530605889928,0.003404551512788734,-0.2588190451025208,-0.9659258262890683,0.43388373911755823,-0.900968867902419,0,0,0,0,886
2019-10-10 17:00:00,0.002042712408496554,58.528595358774346,0.0011709050572321633,0.0003849976044018776,0.0007859074528302857,19.678560981398242,27.759178168447036,14.973800219249142,79.7054597701151,86.07455713931085,0.007886683459814137,128.26126619230754,-30.603448275861723,0.3940706955530309,0.6428951988236846,0.7982242170596208,0.0017640748865724986,0.0026445873917657625,-0.9659258262890683,-0.25881904510252063,0.43388373911755823,-0.900968867902419,1,0,1,0,885
2019-10-10 21:00:00,0.0019618043793182263,58.68009122105004,0.0011756757035945586,0.00031181460061141834,0.0008638611029831403,20.41003731639057,26.83943989078245,14.477676841958386,73.49137931034493,80.73762101137727,0.008160562725408216,105.55415581871316,-30.0646551724147,0.20028768594890659,0.6694092509143983,0.7801277408091557,0.0018447321308477532,0.002255153733757842,-0.7071067811865477,0.7071067811865474,0.43388373911755823,-0.900968867902419,1,0,1,0,884
2019-10-11 01:00:00,0.001918104066509779,61.7219424517427,0.0012465851763450164,0.0003061792586895009,0.0009404059176555155,21.341870260361922,27.575537153720482,13.74984266452774,72.36063218390832,75.18582375478941,0.008567735756624728,111.69872726216978,-22.249999999998636,0.37539521279989463,0.6846604534808252,0.8586711924003964,0.001950348971654129,0.002593008101723804,0.25881904510252074,0.9659258262890683,-0.433883739117558,-0.9009688679024191,0,0,0,0,883
2019-10-11 05:00:00,0.0019382394903305078,58.63807007841742,0.0012344876387406778,0.0002352653768681297,0.000999222261872548,21.740837818792983,25.339849191937336,14.588245107699501,72.11847385130945,72.65682844852087,0.008670049595900231,88.39030545966763,-31.329923273658345,0.3317172748149916,0.6775478502793612,0.7537471067109333,0.0019995451123494086,0.002115700786919028,0.9659258262890683,0.25881904510252074,-0.433883739117558,-0.9009688679024191,1,0,1,0,882
2019-10-11 09:00:00,0.00219479381244976,67.95438021923269,0.0014997162045637946,0.00040039515415299723,0.0010993210504107974,23.593486242087884,33.7646768291838,11.962778977416596,76.8391213035423,73.77274244625333,0.009967998996559757,156.8531612847148,-15.902712815716146,0.6726212176449091,0.598347777613876,1.0491071981336446,0.002270278647434294,0.004482578057299014,0.7071067811865476,-0.7071067811865475,-0.433883739117558,-0.9009688679024191,0,0,0,0,881
2019-10-11 13:00:00,0.0023037371115605027,68.9932138816064,0.0017303116199001156,0.0005047924555914545,0.001225519164308661,25.31952278826555,29.93225176693263,10.582985573390086,79.97057546581793,76.30939020688986,0.011245501144700132,151.34269454057173,-12.855637513171747,0.6264796940448003,0.5700520226070552,1.0044684026975228,0.002563026211655479,0.004844638479381658,-0.2588190451025208,-0.9659258262890683,-0.433883739117558,-0.9009688679024191,0,1,0,1,880
2019-10-11 17:00:00,0.002271327317877619,64.15540172134637,0.0018051050465039964,0.0004636687057562683,0.001341436340747728,26.922271009716237,28.19083244877903,9.967281293446735,82.33520391214813,79.71496689383609,0.011891686339434049,119.02451815917418,-24.236037934667742,0.4878759193184329,0.5781861511827945,0.8629846833149578,0.002741806590874185,0.004012400734364485,-0.9659258262890683,-0.25881904510252063,-0.433883739117558,-0.9009688679024191,0,1,0,1,879
2019-10-13 21:00:00,0.0022205182237435036,59.18916925994912,0.0017474063916036453,0.0003247760406847337,0.0014226303509189116,27.637883326875713,26.776178809119227,12.33001936309485,75.34246575342458,79.21608171046351,0.011466646588934815,82.44840602260578,-36.88092729188682,0.09257746555573898,0.5914159973819229,0.7390411162270334,0.002793843285883446,0.0026855420089486604,-0.7071067811865477,0.7071067811865474,-0.7818314824680299,0.6234898018587334,0,0,0,0,878
2019-10-14 01:00:00,0.002139052636333267,60.103793682592844,0.001708612215922889,0.0002287854920031817,0.0014798267239197072,28.302380478523798,25.810521909602876,11.885349182408438,68.0541112625611,75.24392697604456,0.011068698026216683,76.34603408254904,-34.7207009857622,0.07075792624846945,0.6139400114300853,0.7444280251924583,0.0028376520333039364,0.002452298648232709,0.25881904510252074,0.9659258262890683,0.0,1.0,0,0,0,0,877
2019-10-14 05:00:00,0.002135548876595171,59.58088446902458,0.0016491739048802856,0.00013547774476846278,0.0015136961601118228,27.922187378974417,24.006235320056266,15.03474427772971,62.93583911001753,68.77747204200104,0.01042093642604236,58.1369020198916,-39.590854392298425,0.12254234518816715,0.6149472926575159,0.7134645015625424,0.002876454526011723,0.0017991814230411407,0.9659258262890683,0.25881904510252074,0.0,1.0,0,0,0,0,876
2019-10-14 09:00:00,0.002114438242552648,57.127661714680386,0.001539936779078932,2.099249517368727e-05,0.0015189442839052447,27.990947601672513,25.554384681527328,14.100219484122954,59.16925569372029,63.386402022099595,0.009635346594474292,69.18454543377318,-48.18067754077854,0.17172919487174348,0.621086950458569,0.6415621105713388,0.002929403109270849,0.002115246909197621,0.7071067811865476,-0.7071067811865475,0.0,1.0,0,0,0,0,875
2019-10-14 13:00:00,0.002056264082370306,58.852692301505385,0.0014782844807552653,-3.252784251998376e-05,0.001510812323275249,27.536712629062578,24.400395187014833,15.721388222362368,52.92210341897991,58.34239940757254,0.009440283046375342,48.66397969847022,-53.46215780998331,0.21442459704531444,0.6386582400866452,0.675418469114198,0.0028391512164281036,0.0015412271564618774,-0.2588190451025208,-0.9659258262890683,0.0,1.0,0,0,0,0,874
2019-10-14 17:00:00,0.0019801023622010015,58.03062544006642,0.001399573597672621,-8.899098048210257e-05,0.0014885645781547235,27.212363040487585,24.214387803415274,15.159939097406204,47.385828903476785,53.15906267205896,0.008838813494791431,49.60510816459819,-56.199677938807824,0.10711400379437368,0.6632232883860836,0.6381407131986272,0.0026628568195339397,0.001577395650611546,-0.9659258262890683,-0.25881904510252063,0.0,1.0,0,0,0,0,873
2019-10-14 21:00:00,0.0019086664791866429,56.82387176030586,0.0013028106710675225,-0.0001486031256697608,0.0014514137967372833,26.80838255023244,23.32632948378609,15.05303048770335,43.42458400429464,47.91083877558375,0.00795063041498878,36.975378953837044,-60.06441223832499,0.1462360122075381,0.6880458237835386,0.590370192361794,0.002466053373970219,0.0013009373318959572,-0.7071067811865477,0.7071067811865474,0.0,1.0,0,0,0,0,872
2019-10-15 01:00:00,0.001833047444959011,57.99960672537569,0.0012360840400111872,-0.00017226380538087676,0.001408347845392064,26.554151418923347,23.372023100329,14.554443287241392,42.83413848631259,44.54818379802797,0.006741459782256154,43.556055416394216,-55.233494363929424,-0.1548099730214089,0.7164299012617024,0.6090268315379535,0.002265519419659322,0.0014575290120109052,0.25881904510252074,0.9659258262890683,0.7818314824680298,0.6234898018587336,0,0,0,0,871
2019-10-15 05:00:00,0.0019414011988905077,57.051525920980474,0.0011561576590979339,-0.0002017521490353042,0.001357909808133238,26.993533682640496,25.163943972507845,12.760548053217246,42.243692968330556,42.83413848631256,0.005701340192955318,35.38224073758013,-57.97101449275394,-0.21536902305715863,0.6764444158943086,0.559635101308306,0.002146360469494205,0.0013010600243832382,0.9659258262890683,0.25881904510252074,0.7818314824680298,0.6234898018587336,0,1,0,1,870
2019-10-15 09:00:00,0.002029872541826897,46.623252977631985,0.0009080539970252044,-0.000359884648886427,0.0012679386459116314,25.950515323990338,22.348097157932052,17.420286691345538,33.82071926999465,39.632850241545896,0.004892860103847596,-105.32589519857027,-85.33333333333272,-0.31340579710145094,0.6469618032362108,0.10861337554000546,0.002007348210920622,-0.0005786247775674269,0.7071067811865476,-0.7071067811865475,0.7818314824680298,0.6234898018587336,0,0,0,0,869
2019-10-15 13:00:00,0.0022648816459821183,53.92883033474676,0.0008421260111046713,-0.00034065010784556805,0.0011827761189502394,25.87200311028913,24.08606634300658,14.497525162302901,33.49062531671173,36.51834585167895,0.004856962013010335,-39.661527280269866,-56.22377622377819,-0.04715270221255676,0.579831622694146,0.4588219962469419,0.0018088684675678641,0.00041219853797103134,-0.2588190451025208,-0.9659258262890683,0.7818314824680298,0.6234898018587336,1,0,1,0,868
2019-10-15 17:00:00,0.0022538186712691144,57.85588957309125,0.0008686254408123428,-0.00025132054251031724,0.00111994598332266,25.79909891185229,22.47541579208664,13.528066448824822,39.20124320124258,35.50419592931629,0.004917532307553429,36.17908841000557,-40.83916083916137,0.022662786797574493,0.5826777534239324,0.6725458923160945,0.00155318661063418,0.0013084226549335831,-0.9659258262890683,-0.25881904510252063,0.7818314824680298,0.6234898018587336,0,0,0,0,867
2019-10-15 21:00:00,0.00214497448046417,57.04659089719492,0.000865926983280696,-0.00020321520003357138,0.0010691421833142673,25.731402156160943,21.929053863053653,13.199208440170374,56.755693173602616,43.14918723051895,0.004883308713960588,56.422126060854225,-32.669983416252634,0.018132201883933777,0.6122450462514659,0.6230722928251314,0.0013209764053743098,0.001495082175872131,-0.7071067811865477,0.7071067811865474,0.7818314824680298,0.6234898018587336,0,0,0,0,866
2019-10-16 01:00:00,0.0020524763032881595,56.19998337143094,0.0008403834398211796,-0.0001830069947944702,0.0010233904346156498,25.186275199337974,21.280370689682805,14.757628131758317,65.82541906814667,53.92745181433059,0.004519431379705008,19.576957695749094,-29.014598540145997,0.05260961848956197,0.6398368633519005,0.5680395328891964,0.0010742155510085134,0.001016675601802186,0.25881904510252074,0.9659258262890683,0.9749279121818236,-0.22252093395631434,1,0,1,0,865
2019-10-16 05:00:00,0.0021244422816247242,58.575589114307455,0.000859454641500168,-0.00013114863449238548,0.0009906032759925535,25.97738486916547,28.30345984503783,13.239302173466086,68.0029495668449,63.52802060286469,0.00414262525409681,131.72174822662544,-34.30656934306666,0.06074452845926022,0.6181622402071836,0.6849069015457084,0.0010600780723287843,0.0021252082203249145,0.9659258262890683,0.25881904510252074,0.9749279121818236,-0.22252093395631434,0,0,0,0,864
2019-10-16 09:00:00,0.0021648392615086784,59.8816893081169,0.0008917246184110272,-7.910292606522109e-05,0.0009708275444762483,26.167402245337307,25.791352947150223,14.307882900029279,69.11192214111861,67.64676359203669,0.004081560485389879,79.67649360813401,-29.343065693431548,0.10699939246107297,0.606627024624819,0.7420642799577704,0.0010824102254892664,0.001528924896031958,0.7071067811865476,-0.7071067811865475,0.9749279121818236,-0.22252093395631434,1,0,1,0,863
2019-10-16 13:00:00,0.0023444935999723457,71.59673977416959,0.00123630394939922,0.00021238112393837734,0.0010239228254608427,27.581831287616566,33.142817679241084,12.26781725207482,77.19109829993563,71.43532333596634,0.0056769569309573775,301.12065302935594,-4.777070063694932,0.5033694005822709,0.5601422840375808,1.3384773846077704,0.0013520253117996737,0.004283144237682723,-0.2588190451025208,-0.9659258262890683,0.9749279121818236,-0.22252093395631434,0,0,0,0,862
2019-10-16 17:00:00,0.00229417262854574,66.90955446834415,0.0014187942634282802,0.00031589715037394993,0.0011028971130543303,28.895229684018734,31.45051069745487,11.641409654872634,83.77877994224555,76.6939334610999,0.006523727768382059,248.682030426248,-14.543524416136899,0.39261200322793666,0.5724285887032224,1.0685399715751174,0.0015626218728979995,0.00432689269866815,-0.9659258262890683,-0.25881904510252063,0.9749279121818236,-0.22252093395631434,1,0,1,0,861
2019-10-16 21:00:00,0.002223874583649626,69.46051608713039,0.0016325539765458252,0.00042372549079319603,0.0012088284857526292,30.21997398584998,31.283486600608978,11.15158736902947,92.5690021231415,84.5129601217742,0.007651878461918837,231.53314383968896,-2.972399150743721,0.5069375170037167,0.5905234088537541,1.1061910187262156,0.0017700029966066446,0.00463700794944133,-0.7071067811865477,0.7071067811865474,0.9749279121818236,-0.22252093395631434,0,0,0,0,860
2019-10-17 01:00:00,0.0021335978276746576,65.94461328018426,0.001725584475694486,0.00041340479195348546,0.0013121796837410006,31.450093694693276,30.278070613081002,10.793187924291137,90.69355980183957,89.01378062240885,0.00838737050546845,177.55487716240003,-10.403397027600668,0.640594617187926,0.6155096255564108,0.948173834403673,0.0019273601505332921,0.004134180646819585,0.25881904510252074,0.9659258262890683,0.43388373911755823,-0.900968867902419,0,0,0,0,859
2019-10-17 05:00:00,0.0021790551256978923,69.31395828081317,0.0018912854710306792,0.00046328462983174297,0.0014280008411989363,31.765965957391526,27.528836565680656,12.992793637347768,94.55617959900847,92.60624717466315,0.009451712225625908,155.0279840509291,-2.9556650246302496,0.6096454621330387,0.6026694710531482,1.0140867478832278,0.0020558426177274378,0.004195979528407223,0.9659258262890683,0.25881904510252074,0.43388373911755823,-0.900968867902419,1,0,1,0,858
2019-10-17 09:00:00,0.0023805511881480512,74.57766051601803,0.0022181305759689796,0.0006321037878160344,0.0015860267881529452,33.38993784547959,37.5011914323751,11.043546141636517,90.47402757630431,91.90792232571742,0.011478141138533626,205.8511663774963,-15.21885521885621,0.7576718809476266,0.5516579549048228,1.1245349236850133,0.0025696478036974705,0.006902434499468368,0.7071067811865476,-0.7071067811865475,0.43388373911755823,-0.900968867902419,1,0,1,0,857
2019-10-17 13:00:00,0.0023676546747089036,76.00146998132367,0.0025191273895137645,0.0007464804810886553,0.0017726469084251091,34.89791174156136,35.01221175518921,10.310578444859077,90.84418348786107,91.95813022105791,0.013338879113184987,178.39282321217783,-9.29292929293034,0.8529654372240931,0.5546628121186888,1.0673640143060696,0.003041298717090471,0.0070157064061773244,-0.2588190451025208,-0.9659258262890683,0.43388373911755823,-0.900968867902419,0,0,0,0,856
2019-10-17 17:00:00,0.0022585364836582643,75.58701671667207,0.0027198613330086108,0.0007577715396668012,0.0019620897933418095,36.29817321649443,34.08208168179382,10.036668897164068,88.55218855218784,89.9567998721177,0.014606258384549431,150.92179823532592,-9.831649831649925,0.8612561647809748,0.581460609337983,0.9781512017744263,0.0034327334497889096,0.0066323165603496825,-0.9659258262890683,-0.25881904510252063,0.43388373911755823,-0.900968867902419,0,0,0,0,855
2019-10-17 21:00:00,0.0021393553062541088,76.11307014822573,0.0028700675698434264,0.0007263822212012936,0.0021436853486421327,37.598416014646574,33.41070358239707,9.8389579782312,90.47638893458605,89.95758699154494,0.01570320680613646,132.5225379855976,-9.446254071661587,0.8326915235808482,0.6138531529385959,0.9324594386253782,0.003743522446314206,0.006270397902188085,-0.7071067811865477,0.7071067811865474,0.43388373911755823,-0.900968867902419,0,0,0,0,854
2019-10-18 01:00:00,0.0020565442129502585,72.46938881177984,0.0029031913443455792,0.000607604796562757,0.002295586547782822,38.864157133178644,33.03759189605109,9.50406264549809,88.43490653535252,89.1544946740421,0.016274149317133002,113.38749338562536,-15.417376490630975,0.7427603510901353,0.6385712457482495,0.8485282019643747,0.003973319341086257,0.005584766070013014,0.25881904510252074,0.9659258262890683,-0.433883739117558,-0.9009688679024191,1,0,1,0,853
2019-10-18 05:00:00,0.0020289339120252285,73.7200186266147,0.0029439214657436263,0.0005186679343686432,0.002425253531374983,39.43972905556775,31.095235506696696,11.233620331321767,88.27657516180214,89.06262354391355,0.016723367603339145,102.13876803296927,-10.306643952301076,0.42143450167851426,0.6472611021071398,0.8444880323535798,0.004134010804317065,0.005134918117745357,0.9659258262890683,0.25881904510252074,-0.433883739117558,-0.9009688679024191,1,0,1,0,852
2019-10-18 09:00:00,0.0020647243468805794,77.35703949687033,0.003099434564095338,0.0005393448261762838,0.002560089737919054,40.51310598739851,34.773659918192934,10.25040158968806,90.77173174778062,89.16107114831173,0.017549729456503904,117.35058642795717,-1.9607843137261383,0.6828034682080936,0.6360413204717038,0.9066444452997025,0.004373507141215942,0.006199191334992582,0.7071067811865476,-0.7071067811865475,-0.433883739117558,-0.9009688679024191,0,0,0,0,851
2019-10-18 13:00:00,0.0020915297506748235,79.08202457902871,0.0032729056860054673,0.0005702527584691306,0.0027026529275363366,41.7491569092375,35.154525024086844,9.396242779755857,95.61909940366587,91.55580210441617,0.018325492189749326,120.87503361772256,-0.8752735229751951,0.6821319329778317,0.6278897058845495,0.9130311983780597,0.004607311760529104,0.006653922694859871,-0.2588190451025208,-0.9659258262890683,-0.433883739117558,-0.9009688679024191,0,0,1,0,850
2019-10-18 17:00:00,0.0020585633399123377,81.0503241254264,0.0034816035087439356,0.0006231604649660789,0.0028584430437778568,43.18893579432556,37.677023631359006,8.864808501085761,98.95499616703869,95.11527577282835,0.0184610572827415,130.25561031733758,-0.29895366218266606,0.8703581650249524,0.6379449077607316,0.9395468729510807,0.0048960504556739455,0.0075905422126043565,-0.9659258262890683,-0.25881904510252063,-0.433883739117558,-0.9009688679024191,0,1,0,1,849
2019-10-20 21:00:00,0.002066523101347171,75.5575681273136,0.0035264624466873062,0.0005344155223275596,0.0029920469243597467,44.011302662951564,34.85105054688025,10.204649233272123,96.42072340500901,96.99827299190447,0.01833692787782981,105.20910973084682,-9.563602599815146,0.6528403967538244,0.6354876938679705,0.8504676488240882,0.005037738975931993,0.00624729883559616,-0.7071067811865477,0.7071067811865474,-0.7818314824680299,0.6234898018587334,0,0,0,0,848
2019-10-21 01:00:00,0.0019760571655366523,72.97529522542048,0.0034831301337174825,0.00039286656748618864,0.003090263566231294,44.774929040961425,33.84324134104799,9.909555131998284,92.02595114047652,95.8005569041747,0.018035772786237914,94.92582467496618,-14.059590316572667,0.3615953370392479,0.6645809761497213,0.7953851805044511,0.005122563941291311,0.005661648262081709,0.25881904510252074,0.9659258262890683,0.0,1.0,0,0,0,0,847
2019-10-21 05:00:00,0.0020463387965697537,74.75608306835007,0.0034828768385564146,0.00031409061786009636,0.0031687862206963183,45.90910007035671,36.28048632803032,8.885695794256554,88.41865548437947,92.28844334328831,0.017536386856957797,99.98531571218386,-11.120840630473783,0.36490445974366387,0.6417559019070453,0.8178533893821126,0.0051862798062533725,0.005871116401114929,0.9659258262890683,0.25881904510252074,0.0,1.0,0,1,0,1,846
2019-10-21 09:00:00,0.001998743168243354,71.5548651364237,0.0033967196775208652,0.0001823467654596374,0.003214372912061228,46.962258883366616,34.49125226162268,8.447482549950188,86.20663977188381,88.88374879891323,0.016389205715864996,95.37743809899449,-16.19964973730219,0.3199884947956934,0.6570378930446491,0.7648694558637456,0.005048609094028315,0.005364627089025742,0.7071067811865476,-0.7071067811865475,0.0,1.0,0,1,0,1,845
2019-10-21 13:00:00,0.002028118656225973,66.62805868985018,0.003216320537934081,1.5581006982822061e-06,0.0032147624372357987,46.10063808322969,31.56370031956842,15.232150641351769,80.52777092140497,85.05102205922272,0.014832426638854646,64.85212349481101,-31.096196868009184,0.2093742137234412,0.6475212857830335,0.6911352787394497,0.004838231700779016,0.0036597235885702517,-0.2588190451025208,-0.9659258262890683,0.0,1.0,0,1,0,1,844
2019-10-21 17:00:00,0.0019461101807812602,65.8925422777554,0.0030271608640366487,-0.00015008125855932048,0.0031772421225959692,45.30056162595969,30.544228739963067,14.740169520066745,70.12843760499248,78.95428276609373,0.012853980550672883,57.37163612349576,-42.31884057971121,0.255352053156381,0.6748076306105134,0.6667187834579072,0.004627817477554455,0.0032350790348176783,-0.9659258262890683,-0.25881904510252063,0.0,1.0,0,1,0,1,843
2019-10-21 21:00:00,0.0018656737392968876,67.01299798793819,0.0028763701125325003,-0.00024069760805077531,0.0031170677205832756,44.585872469857065,29.853315272746713,14.277412946936892,62.5252248755271,71.06047780064148,0.012250772220440354,55.47268607133072,-39.009287925698345,0.2372415280511126,0.7039012086298226,0.6777438973493094,0.004381494441252814,0.0031602727120323415,-0.7071067811865477,0.7071067811865474,0.0,1.0,0,1,0,1,842
2019-10-22 01:00:00,0.0017981256150613979,66.30923679975568,0.00271587741420265,-0.0003209522451045007,0.0030368296593071505,44.02359354945972,29.71566995309105,13.755630716709415,59.26833280985827,63.973998430125924,0.011024108852744519,51.73735124427144,-40.866873065015675,0.04933797409308286,0.730343858627006,0.6498533824426936,0.0040229412149071645,0.0029871842284028283,0.25881904510252074,0.9659258262890683,0.7818314824680298,0.6234898018587336,0,1,0,1,841
2019-10-22 05:00:00,0.0018368309282712986,59.57184227940153,0.002463458605947544,-0.00045869684268768545,0.0029221554486352293,42.311586600924535,27.011685660672704,17.986979956321466,53.56037151702662,58.451309734137304,0.009863426584975521,19.94702863764533,-59.44272445820617,-0.15593493749160503,0.714954207155006,0.5163229277992598,0.0036701860552883644,0.0019508761567972321,0.9659258262890683,0.25881904510252074,0.7818314824680298,0.6234898018587336,0,0,0,1,840
2019-10-22 09:00:00,0.001886343004823359,52.78523167107562,0.002125142347560338,-0.0006376104808599129,0.002762752828420251,39.95848700800019,24.423928573215186,20.239749338226066,39.47368421052539,50.7674628458034,0.008071009602102386,-30.64717887945589,-81.26934984520202,-0.40546709272038195,0.6961883372440928,0.31359209390506504,0.0031518702241527096,0.0007766727309201915,0.7071067811865476,-0.7071067811865475,0.7818314824680298,0.6234898018587336,0,0,1,0,839
2019-10-22 13:00:00,0.0018987470759074011,57.81404922909247,0.0019451493548345855,-0.0006540827788685324,0.002599232133703118,37.77346595742758,22.531203271084884,18.671275799401243,30.16453315181877,41.06619629312356,0.006515981583557373,-28.9624915282099,-68.79432624113552,-0.19440263742564373,0.691640301472172,0.4404540981240423,0.002872905072366141,0.0011254722457800792,-0.2588190451025208,-0.9659258262890683,0.7818314824680298,0.6234898018587336,0,0,0,0,838
2019-10-22 17:00:00,0.002023836570485439,51.44000789897588,0.0016638995815614344,-0.0007482660417133472,0.0024121656232747816,36.23841063370717,22.59335919549597,16.266008296873792,21.021454270518376,30.21989054428748,0.00626981945491778,-59.15251329558625,-86.87196110210735,-0.2841112784111383,0.6488913280606462,0.19528628156885583,0.0025764836688574556,0.0006091677994506384,-0.9659258262890683,-0.25881904510252063,0.7818314824680298,0.6234898018587336,0,0,0,0,837
2019-10-22 21:00:00,0.0019349911011650508,51.55659764267167,0.0014269785388938416,-0.0007881496675047521,0.0022151282063985938,34.81300211882393,21.94282758906871,15.797660389156116,19.315991739178102,23.500659720505052,0.00626981945491778,-90.09150326797094,-86.38573743922284,-0.3635777483253889,0.678685291735604,0.2000711083434485,0.00230347741306636,5.136770882785413e-05,-0.7071067811865477,0.7071067811865474,0.7818314824680298,0.6234898018587336,0,0,0,0,836
2019-10-23 01:00:00,0.0018753488796532688,49.3450704401617,0.0011836132941951405,-0.0008252119297627626,0.002008825223957903,32.86627792701932,21.023489683852585,18.068573978272482,11.53877240223462,17.292072803976996,0.006390458825253464,-117.7663230240592,-92.12598425196597,-0.3583908251948753,0.7002697014130007,0.12780450276893837,0.001972924376626751,-0.0004863417078784238,0.25881904510252074,0.9659258262890683,0.9749279121818236,-0.22252093395631434,0,0,0,0,835
2019-10-23 05:00:00,0.0018192525311066091,48.23105932342166,0.0009587133071042864,-0.0008400895334828935,0.00179880284058718,31.187669090701455,20.869752927823956,17.29530719897848,8.422601955955523,13.092455365789382,0.00664977924424992,-112.03235591507851,-96.22047244094465,-0.2986091806630429,0.7218624009285729,0.11073895765210753,0.0016208758641247229,-0.00040756770458161284,0.9659258262890683,0.25881904510252074,0.9749279121818236,-0.22252093395631434,0,0,0,0,834
2019-10-23 09:00:00,0.0018257344931704282,50.27688258541223,0.0008066838208409255,-0.0007936952157970036,0.001600379036637929,29.19417452268172,19.310254222694002,20.619447372535248,11.43340029290421,10.464924883698083,0.0066259622695317155,-125.37195976686094,-77.35334242837679,-0.2466301355120517,0.719299550352205,0.17506606400397853,0.0016065445611017114,-0.0007122956215483978,0.7071067811865476,-0.7071067811865475,0.9749279121818236,-0.22252093395631434,0,0,0,0,833
2019-10-23 13:00:00,0.0017874677436582557,49.46355576211435,0.0006648181684028032,-0.0007484486945881007,0.0014132668629909038,27.34307242380625,18.31482255543917,19.556527607771404,16.14501591997487,12.000339389611502,0.0067854538534466435,-115.67571034572009,-77.99113737075399,-0.29764306142025854,0.7346985726927215,0.16266073730093686,0.0016262052881988705,-0.0005479786384912089,-0.2588190451025208,-0.9659258262890683,0.9749279121818236,-0.22252093395631434,1,0,1,0,832
2019-10-23 17:00:00,0.00181336290482553,54.11841082006448,0.000625067948761604,-0.0006305591313834399,0.0012556270801450439,26.278682573046257,22.987401220910076,17.900309828842516,29.46483242439328,19.014416212424088,0.006868611504317279,-57.93421811885987,-56.26102292768942,-0.19815118666559478,0.7242069397721315,0.32296276340046504,0.0016081753633448328,0.0005047929859216538,-0.9659258262890683,-0.25881904510252063,0.9749279121818236,-0.22252093395631434,0,0,0,0,831
2019-10-23 21:00:00,0.0017152655544808491,54.483258943056,0.0005931830991992015,-0.0005299551847566739,0.0011231382839558754,25.29032056876913,22.56620627570682,17.57232494942855,38.71384682965359,28.10789839134055,0.006785465348612796,-46.935588313721034,-49.606299212595836,-0.08347470177988488,0.7656248891428795,0.3522577379007994,0.0015935534129565762,0.0005840095470477369,-0.7071067811865477,0.7071067811865474,0.9749279121818236,-0.22252093395631434,0,0,0,0,830
2019-10-24 01:00:00,0.0016663180148750805,55.853700941838405,0.0005845760734830563,-0.0004308497683782552,0.0010154258418613115,24.90916030412083,25.170614274731637,16.796470017590792,50.07834668814661,39.419008647397796,0.006201077003005651,-20.41785963651402,-43.897637795274925,0.0692010425092062,0.7881148665961287,0.4154179185735293,0.0015608826250930485,0.0009604887832841413,0.25881904510252074,0.9659258262890683,0.43388373911755823,-0.900968867902419,0,0,0,0,829
2019-10-24 05:00:00,0.0018251524423840155,54.33491970283658,0.0005512278217281175,-0.00037135841610655526,0.0009225862378346727,25.628134791016826,29.557187608412093,14.239412831135954,50.756903626484984,46.5163657147617,0.0058766150118230165,2.6024139632901364,-54.225352112674315,-0.07629682156415624,0.7195289387907958,0.3939015064377224,0.001521893657924935,0.0012179163472880727,0.9659258262890683,0.25881904510252074,0.43388373911755823,-0.900968867902419,0,0,0,0,828
2019-10-24 09:00:00,0.0019347844107851595,62.06637927181777,0.000657621894322169,-0.00021197147481000298,0.000869593369132172,25.95563754725336,25.89077134700535,13.875975250561881,59.42848693209152,53.42124574890767,0.00570682784015597,16.47695845827113,-23.591549295776204,0.2130164750716781,0.6787577947597101,0.7026519867766673,0.0015217959067751316,0.0012584830395050428,0.7071067811865476,-0.7071067811865475,0.43388373911755823,-0.900968867902419,0,1,0,1,827
2019-10-24 13:00:00,0.002215156952871932,42.879929036479396,0.00039285802647626156,-0.0003813882741247284,0.00077424630060099,24.276964646003755,20.998505299905645,19.992497177429005,47.27020191829049,52.48519749228897,0.005680526735888591,-115.46720090409498,-80.37249283667802,-0.17346443529686573,0.5928473818965209,0.0046234036323205795,0.0015872457573663256,-0.0010471289369888837,-0.2588190451025208,-0.9659258262890683,0.43388373911755823,-0.900968867902419,0,0,1,0,826
2019-10-24 17:00:00,0.0021397885990953693,42.18918763617059,0.00016419279638069106,-0.0004880428033762392,0.0006522355997569302,22.718196951986265,20.185398736875825,19.21834537785326,37.55162301410949,48.0834372881638,0.0057384053531541745,-174.9535255151484,-83.38108882521733,-0.1456703533855028,0.6137288517918069,0.021992638862215735,0.0016370299721462016,-0.0020765586220299337,-0.9659258262890683,-0.25881904510252063,0.43388373911755823,-0.900968867902419,0,0,1,0,825
2019-10-24 21:00:00,0.0020469465563028397,41.168912124139446,-4.0763640832608417e-05,-0.000554399392471631,0.0005136357516390225,21.270769807541452,19.59372529015917,18.655018153153343,16.189111747848937,33.67031222674961,0.006025655482773562,-157.77509165163232,-87.67908309455784,-0.1493020578500499,0.6415653579016591,0.036398984643859995,0.0017085316781509446,-0.0019963005989345195,-0.7071067811865477,0.7071067811865474,0.43388373911755823,-0.900968867902419,1,0,1,0,824
2019-10-25 01:00:00,0.00193359323085263,41.47375890352544,-0.00019609117835472922,-0.0005677815439950014,0.00037169036564027217,19.898082512596226,19.260773239702132,18.4857807429656,14.040114613178154,22.59361645837883,0.00616319916902297,-143.72656529687325,-86.81948424069039,-0.18340705577732602,0.6791759399265761,0.09534002851389906,0.0017618845529761213,-0.00195926321768658,0.25881904510252074,0.9659258262890683,-0.433883739117558,-0.9009688679024191,0,0,1,0,823
2019-10-25 05:00:00,0.0019490508572202903,50.10508282219925,-0.00016717581683112215,-0.0004310929459771155,0.00026391712914599334,19.702350600092572,24.083242781998617,17.029231907188144,21.77650429799277,17.33524355300659,0.0056611217966962,-67.48478265124795,-60.1719197707735,-0.0008991916267134967,0.6737894986860113,0.4174191941475851,0.0016595034228297928,-0.0006893221602715105,0.9659258262890683,0.25881904510252074,-0.433883739117558,-0.9009688679024191,0,1,0,1,822
2019-10-25 09:00:00,0.0020034043674188404,42.517365322479726,-0.00030933984051673136,-0.00045860557573017973,0.0001492657352134484,19.11543963836722,21.756289828436753,17.273486909286,20.964660936006123,18.927093282392317,0.005490018214632464,-107.4202461693072,-90.1146131805178,-0.2776030904680655,0.6555092029134257,0.08242397194787725,0.0015687194897233392,-0.0014284430541164905,0.7071067811865476,-0.7071067811865475,-0.433883739117558,-0.9009688679024191,0,1,0,1,821
2019-10-25 13:00:00,0.0020881611983174964,35.30048187841928,-0.0006261995190111058,-0.0006203722033796434,-5.827315631462424e-06,18.37284953088455,19.382274812989746,23.085079044450385,16.720131474336956,19.820432236111916,0.00671017466217938,-208.2288997155587,-99.55307262569788,-0.5201315151188453,0.6289025967239171,-0.1820239755895373,0.0017381286094192694,-0.003350434276453873,-0.2588190451025208,-0.9659258262890683,-0.433883739117558,-0.9009688679024191,1,0,1,0,820
2019-10-25 17:00:00,0.002008292541294812,38.476893071093954,-0.0008082838879848175,-0.000641965257882684,-0.00016631863010213346,17.70584628325978,18.713589983819354,22.430915431227387,6.484520007494443,14.723104139279142,0.0074522222187027864,-195.88775463795383,-90.87875417130103,-0.4795818477372449,0.6539136968328851,0.015849112638497958,0.0019080423432976867,-0.003560799534337633,-0.9659258262890683,-0.25881904510252063,-0.433883739117558,-0.9009688679024191,1,0,1,0,819
2019-10-27 21:00:00,0.0019098430740594617,38.95664827247392,-0.0009329564404516599,-0.0006133102482796212,-0.0003196461921720388,16.965151541226398,18.908461578281255,21.902394942756274,6.637666929735521,9.947439470522275,0.007721028687739384,-154.21117750014858,-89.65517241379455,-0.4473509279387907,0.6876219401673798,0.0847055969249438,0.001983746754926851,-0.0030336689049239585,-0.7071067811865477,0.7071067811865474,-0.7818314824680299,0.6234898018587334,1,0,1,0,818
2019-10-28 01:00:00,0.0018298542830552194,39.23498995954491,-0.0010152160591601067,-0.0005564558935904543,-0.0004587601655696524,16.399192663133757,18.325367347961965,21.9686417476424,10.15943641082666,7.760541116018842,0.008108786345493613,-132.99006173351603,-88.98776418242447,-0.5973308459496205,0.7176800973503366,0.13841691283068913,0.0020106028079787523,-0.0028400420591967457,0.25881904510252074,0.9659258262890683,0.0,1.0,1,0,1,0,817
2019-10-28 05:00:00,0.0018091504056941391,43.317304671433575,-0.0009978956343970058,-0.00043130837506188263,-0.0005665872593351232,15.5121755951714,22.3437860789627,20.632903942408003,14.05265109380771,10.283251478123264,0.008191849607801949,-84.22384233827552,-79.19911012235788,-0.13595152562820412,0.7258932125635674,0.2705035993080751,0.0019978772954525326,-0.001775638694460735,0.9659258262890683,0.25881904510252074,0.0,1.0,0,0,0,0,816
2019-10-28 09:00:00,0.0018199253767159835,41.80501166170827,-0.0010080531861138553,-0.00035317274142298574,-0.0006548804446908696,15.283417538015065,24.392778226550643,19.045692406762797,15.906562847608837,13.372883450747702,0.008372302908807416,-63.17708333332524,-84.09343715239118,-0.15668899935161848,0.7215955207843365,0.24296199941164442,0.00200417337823762,-0.0013085209322374336,0.7071067811865476,-0.7071067811865475,0.0,1.0,0,0,0,0,815
2019-10-28 13:00:00,0.001793502135521997,46.97068993370431,-0.0009135834253661823,-0.0002069623845402501,-0.0007066210408259322,14.865638069550931,22.98414043476185,19.021149284534236,22.838127806106485,17.599113915840977,0.008369118471907022,-56.38461388797079,-68.19306930693152,-0.027022644976487323,0.7322266162887952,0.39078897579620575,0.0019724885120164953,-0.001176239257658418,-0.2588190451025208,-0.9659258262890683,0.0,1.0,0,1,0,1,814
2019-10-28 17:00:00,0.0017132519829847078,47.62940915050117,-0.0008171916364569931,-8.84564765048487e-05,-0.0007287351599521444,14.761876426262043,24.218244024337846,18.48982180459689,27.425039990052294,22.056576881255836,0.00827889147149552,-29.570740945315787,-65.43837357052044,-0.01891482922609719,0.7665247220155833,0.42130588953325915,0.0019315301384159732,-0.0005209401170458428,-0.9659258262890683,-0.25881904510252063,0.0,1.0,0,1,0,1,813
2019-10-28 21:00:00,0.001633733984200081,46.67207678217745,-0.0007507058572664427,-1.7576557851438595e-05,-0.0007331292994150041,14.665526328922361,23.58293573428702,18.00478510820312,38.722852374182246,29.662006723446975,0.008204617236458045,-30.37521328535107,-50.20000000000131,-0.20681593381891833,0.8038334347577408,0.40663793594218556,0.001908406602628455,-0.000571264907682334,-0.7071067811865477,0.7071067811865474,0.0,1.0,0,0,0,1,812
2019-10-29 01:00:00,0.001596324413900087,44.654852030622635,-0.0007283514051115159,3.8223154427906e-06,-0.0007321737205543065,14.125652028300411,22.41162626337621,19.43730311426081,41.52054214316015,35.88947816913153,0.007927754789141872,-39.854914446046934,-59.7999999999978,-0.06216160214771555,0.8226711240928221,0.3666709518503537,0.0019073291136856242,-0.0008352970484011291,0.25881904510252074,0.9659258262890683,0.7818314824680298,0.6234898018587336,0,0,0,1,811
2019-10-29 05:00:00,0.0016094440986215018,39.451925209473806,-0.0008110269607723986,-6.308259217447363e-05,-0.0007479443685979249,13.677629912517496,20.6411527198813,24.159501496198246,34.33333333333399,38.192242616892095,0.007755477032183933,-84.97927475047027,-86.99999999999893,0.05147238100397867,0.8159649664904834,0.22200291599691324,0.0019424580969017986,-0.0018448732845290916,0.9659258262890683,0.25881904510252074,0.7818314824680298,0.6234898018587336,1,0,1,0,810
2019-10-29 09:00:00,0.0016559123772913894,47.027368995669725,-0.0007429120603839046,4.025846571216289e-06,-0.0007469379069551208,13.51804178354247,18.628925598504477,23.44343214679759,32.40000000000128,36.08462515883178,0.007128428718638169,-60.53792563067567,-55.999999999999474,0.12453412505752365,0.7930673253062523,0.4427643852377738,0.0019586680822149126,-0.0013078167550999442,0.7071067811865476,-0.7071067811865475,0.7818314824680298,0.6234898018587336,1,0,1,0,809
2019-10-29 13:00:00,0.0017233472074848568,52.95695234434009,-0.0005654099354599484,0.000145222377196138,-0.0007106323126560865,13.313480413317789,25.905661438144957,20.91708096409665,43.33333333333393,36.6888888888897,0.0065388255823726205,49.68303110718581,-26.999999999999822,0.24543420197791596,0.7620344839950307,0.6766372241390974,0.001935855421213887,0.0005110752519745798,-0.2588190451025208,-0.9659258262890683,0.7818314824680298,0.6234898018587336,0,0,0,0,808
2019-10-29 17:00:00,0.0016623938355216474,54.064433611741634,-0.00039676399786459093,0.00025109465183319646,-0.0006478586496977874,13.12353056953773,24.93726767756742,20.135168070519637,67.80116959064456,47.84483430799323,0.004755720344665981,91.29816174379368,-13.59649122806703,0.2661734187494368,0.7899752585330728,0.8428502691140912,0.0018623824196605894,0.0007829892318167442,-0.9659258262890683,-0.25881904510252063,0.7818314824680298,0.6234898018587336,0,0,0,0,807
2019-10-29 21:00:00,0.0016057942758415404,52.54842635609912,-0.0002864372490605227,0.00028913712050981173,-0.0005755743695703344,13.062940480381327,24.772888727488386,19.35595438681274,79.52339181286641,63.55263157894827,0.004801148195658023,97.70623267880518,-20.833333333333936,0.15687264465639955,0.8178195798535723,0.768477444867375,0.001773172547083627,0.0007295500932711363,-0.7071067811865477,0.7071067811865474,0.7818314824680298,0.6234898018587336,0,0,0,0,806
2019-10-30 01:00:00,0.0015339518275671398,52.63511193955653,-0.0001951392293531029,0.0003043481121737853,-0.0004994873415268882,12.989304711349014,24.080757975988966,18.90829772178925,81.6345029239783,76.31968810916305,0.004882284710734819,87.3249178627148,-20.666666666664135,0.1984234356115933,0.8561220609403525,0.7634012713704167,0.0016337084196918238,0.0005822527524763643,0.25881904510252074,0.9659258262890683,0.9749279121818236,-0.22252093395631434,0,0,0,0,805
2019-10-30 05:00:00,0.0015343838398837798,56.83835167631567,-4.241127397719424e-05,0.0003656608540397552,-0.00040807212801694946,13.635499944339093,27.475123417285012,17.5527615806145,83.29425517702185,81.48404997128883,0.005257090830172562,126.4136663423181,-8.617234468936397,0.1847046527552625,0.8558810161214098,0.916294880704641,0.0014603333215098765,0.0012256725322783435,0.9659258262890683,0.25881904510252074,0.9749279121818236,-0.22252093395631434,0,0,0,0,804
2019-10-30 09:00:00,0.00160264213703493,54.32131996836573,3.94401015906265e-05,0.0003580097836860608,-0.0003185696820954343,13.698231189466892,24.426004192399084,18.23438704462811,82.32592703579739,82.41822837893248,0.00545112979084994,101.46261634447892,-23.738317757007298,0.12792447050980393,0.8194280991698256,0.8023226492912284,0.001221128004407869,0.0009098853963624975,0.7071067811865476,-0.7071067811865475,0.9749279121818236,-0.22252093395631434,0,0,0,0,803
2019-10-30 13:00:00,0.0016467391272467287,57.09233508354605,0.00015497106419681828,0.00037883259703380207,-0.0002238615328369838,13.756481631371278,22.073921634212386,16.47852131280115,85.35188757577673,83.65735659619862,0.00545112979084994,112.74166539807547,-11.588785046726112,0.20724454856732663,0.7974851500587667,0.9215639854801236,0.001217623110300114,0.0010272278979868155,-0.2588190451025208,-0.9659258262890683,0.9749279121818236,-0.22252093395631434,0,0,0,0,802
2019-10-30 17:00:00,0.0020412577610148122,67.10888041851405,0.00048543012533608376,0.000567433326538454,-8.20032012023703e-05,15.281914446941519,25.70368587158542,12.344130670028187,87.96854458971909,85.21545306709771,0.007165311995769752,158.0403623278617,-0.7672634271093326,0.5237442757725337,0.6433533408084224,1.2078547316563977,0.0013432529555168124,0.0019631829994810612,-0.9659258262890683,-0.25881904510252063,0.9749279121818236,-0.22252093395631434,1,0,1,0,801
2019-10-30 21:00:00,0.001992596492370899,69.90548171248206,0.0008281495592734611,0.0007281222083806651,0.000100027350892796,17.146256342193,28.322056550041673,11.742330894297114,95.80641080834648,89.7089476579474,0.008554520676038901,253.5185355533093,-0.22471910112505933,0.7482219574713805,0.659064695249676,1.172042329163208,0.0017842316521839733,0.004593728359522542,-0.7071067811865477,0.7071067811865474,0.9749279121818236,-0.22252093395631434,0,0,0,0,800
2019-10-31 01:00:00,0.001928839600058699,70.55544279026925,0.0011087627960131297,0.0008069883560962669,0.00030177443991686275,19.177082582859715,30.130906425874343,11.264006147596893,97.77930479299387,93.85142006368643,0.009739071618836803,234.86630437722056,-5.670103092783996,0.6318104388423683,0.680849771002231,1.074952132929151,0.0021917674937055208,0.004879430090760639,0.25881904510252074,0.9659258262890683,0.43388373911755823,-0.900968867902419,0,0,0,0,799
2019-10-31 05:00:00,0.0019217796286259347,72.86920433327327,0.001394955357036931,0.0008745447336960546,0.0005204106233408764,21.24490395156053,29.977047594132884,10.497858720528377,97.80652515181806,97.13074691771943,0.010972754622103231,205.72835550808327,-0.6856023506367714,0.5895801829048801,0.683350983868514,1.0582918976115643,0.0025480631399127187,0.0048816090168330994,0.9659258262890683,0.25881904510252074,0.43388373911755823,-0.900968867902419,0,1,0,1,798
2019-10-31 09:00:00,0.0020045096551526516,61.246722250672654,0.0014261893537705905,0.0007246229843437713,0.0007015663694268193,21.951529087327668,26.68699086940888,14.013737988313384,90.40510112382184,95.33031035621123,0.011092500349196843,137.6927384220317,-22.428991185113745,0.36355455568052386,0.6551477547759633,0.8206220318268685,0.0027427391152556094,0.0033901469621533398,0.7071067811865476,-0.7071067811865475,0.43388373911755823,-0.900968867902419,0,0,0,0,797
2019-10-31 13:00:00,0.0020577589654988773,60.175852491854926,0.0014160599853563216,0.0005715948927436018,0.0008444650926127198,21.5919322618912,24.139516855155666,17.153846858790725,84.06790728044338,90.75984451869438,0.011193604423820336,88.9529358290904,-24.68168462291934,0.37266409822489766,0.6381942793195993,0.770913629353092,0.0027872286376158266,0.0021560018718473906,-0.2588190451025208,-0.9659258262890683,0.43388373911755823,-0.900968867902419,0,0,0,0,796
2019-10-31 17:00:00,0.002008633325106107,60.974579284249515,0.0014119294547143557,0.0004539714896813087,0.000957957965033047,21.258020923985903,22.963481328973828,16.318141097251754,76.38151810583001,83.61817550336504,0.011115030544132765,83.1826401446648,-23.74476987447689,0.3933605775289381,0.6538027541341459,0.7657662512280917,0.002790715960419933,0.0022012550554331156,-0.9659258262890683,-0.25881904510252063,0.43388373911755823,-0.900968867902419,0,0,0,0,795
2019-10-31 21:00:00,0.0019223023733128234,61.60484897195178,0.001407759614983961,0.00035984131996073115,0.00104791829502323,21.089159433721456,23.209808524530683,15.833063817785868,76.60540777562358,79.01827772063228,0.011193027114996479,83.58111743550697,-21.75732217573304,0.3210633762916596,0.6831651556132631,0.7557842459046844,0.002799345071654358,0.0024115546509984043,-0.7071067811865477,0.7071067811865474,0.43388373911755823,-0.900968867902419,0,0,0,0,794
2019-11-01 01:00:00,0.0018699950609333377,64.67666508197819,0.001464233277702398,0.00033305198614333453,0.0011311812915590636,21.470930026919802,25.974534232250353,15.113377197950566,80.89260808926032,77.95984465690461,0.0113942624156671,94.87487473901221,-11.820083682009141,0.4498627918484766,0.7022745821288643,0.8064700348833949,0.002819229174823891,0.0030036969455853324,0.25881904510252074,0.9659258262890683,-0.433883739117558,-0.9009688679024191,0,1,0,1,793
2019-11-01 05:00:00,0.0018335668422952442,62.57678318413322,0.0014622769362118149,0.0002648765157222011,0.0011974004204896138,21.928581833198603,25.377518069842967,14.312666469429304,83.57740585773986,80.35847390754122,0.01131683772072023,83.18027402588706,-15.690376569038234,0.35788148547791315,0.7162269570473276,0.7481258518763523,0.0028491224600481844,0.002720467856605069,0.9659258262890683,0.25881904510252074,-0.433883739117558,-0.9009688679024191,0,1,0,1,792
2019-11-01 09:00:00,0.0019340263535598632,48.97117241003979,0.001209550150870431,9.719784304653605e-06,0.0011998303665657773,20.39314117137512,22.340805181988017,22.534853168520197,75.34867503486709,79.93956299395573,0.010724104438000648,21.407324781565876,-46.44351464435139,-0.17845452996511046,0.6790238393508796,0.469880934872724,0.0027868995204847037,0.0005278970947435457,0.7071067811865476,-0.7071067811865475,-0.433883739117558,-0.9009688679024191,1,0,1,0,791
2019-11-01 13:00:00,0.00208659589973416,60.56135985161962,0.0012921197617754565,7.383151616774343e-05,0.001218288245607713,19.553406819041417,23.062175706787833,19.39519218126467,76.67364016736376,78.53324035332354,0.00983373194658066,62.6935253800837,-7.845188284519111,0.05195968645017021,0.6293743796617797,0.7972930333957703,0.002763937681956782,0.0020496653271637744,-0.2588190451025208,-0.9659258262890683,-0.433883739117558,-0.9009688679024191,0,1,0,1,790
2019-11-01 17:00:00,0.0020168390497531446,60.241895939954034,0.0013357042744586156,9.393282308072198e-05,0.0012417714513778936,18.773653491874402,22.155558456333942,18.632730910005364,79.00976290097584,77.01069270106886,0.009252599850703813,82.08016006196297,-8.682008368201954,0.020599720560308142,0.6511426879406852,0.7681948900893022,0.002786291663840596,0.0026462254343242453,-0.9659258262890683,-0.25881904510252063,-0.433883739117558,-0.9009688679024191,0,1,0,1,789
2019-11-03 22:00:00,0.001954921974770776,60.199148389785854,0.0013538322627495436,8.964864909731985e-05,0.0012641836136522238,18.12797385369522,21.699607039279474,17.84981180987028,91.56206415620613,82.4151557415152,0.008966826640304681,78.41080812865212,-8.786610878660571,-0.06890318654866064,0.6717659410186869,0.7433971445583583,0.002778770783875475,0.0024989273995781325,-0.5000000000000004,0.8660254037844384,-0.7818314824680299,0.6234898018587334,0,1,0,1,788
2019-11-04 02:00:00,0.001876713262287139,60.38080623835178,0.0013573931394701422,7.456762065433456e-05,0.0012828255188158076,17.697082681693402,22.01696802326987,17.26555183697878,88.69189485020189,86.42124063579458,0.008628051923656788,83.61858778030741,-16.455696202531822,0.13539079521919165,0.6997606008280403,0.7277455000719791,0.0027343640649793253,0.00257194654094528,0.49999999999999994,0.8660254037844387,0.0,1.0,0,1,0,1,787
2019-11-04 06:00:00,0.0019298051721237768,59.0268553459054,0.0013223779501261301,3.164194504825797e-05,0.0012907360050778722,16.714523226309044,19.881872542639936,21.513362365245715,84.13160790683132,88.12852230441308,0.007949747165624022,59.19435268444056,-22.362869198313685,0.13093465822467104,0.6805091099195006,0.6767351804690778,0.002528259375754176,0.0018387241510027241,1.0,6.123233995736766e-17,0.0,1.0,0,1,0,1,786
2019-11-04 10:00:00,0.001921961945543518,54.73140551883828,0.0012072819704394,-6.676322771077782e-05,0.0012740451981501778,15.802146589166425,18.53707826274461,20.058215392139914,73.2067510548515,82.01008460396154,0.00696976642344449,39.43073508292612,-41.56118143460002,0.026898351131072702,0.6832861613337623,0.5375191913347764,0.0022884546352562084,0.0013450928855893718,0.49999999999999994,-0.8660254037844387,0.0,1.0,0,1,0,1,785
2019-11-04 14:00:00,0.001906821806576131,48.61838718161418,0.0009868816220186538,-0.00022973086090521933,0.0012166124829238731,15.725505608484072,17.34967223755444,23.34342954036224,54.61006221840663,70.64947372669646,0.006338826074076209,-33.27099994252903,-72.24576271186639,-0.12102196324517817,0.6887114440746079,0.2934160072075029,0.0021475306523188785,7.75212140879944e-06,-0.4999999999999997,-0.8660254037844388,0.0,1.0,0,1,0,1,784
2019-11-04 18:00:00,0.0018999059632492708,44.21113446194807,0.0007064325556260798,-0.0004081439418382347,0.0011145764974643145,16.45193946947122,16.169053401020438,27.469513171223497,31.689598499501667,53.16880392425323,0.005684130892000816,-122.63893757058271,-91.1242603550286,-0.31438935912937455,0.6912184210180825,0.043641754687514536,0.0020338865169918998,-0.0012655347149705953,-1.0,-1.8369701987210297e-16,0.0,1.0,0,0,0,0,783
2019-11-04 22:00:00,0.0018306269658743296,42.96327242208048,0.00044993904143675323,-0.0005317099648220491,0.0009816490062588023,17.260511478097285,15.582321566078205,27.565239654807673,14.515288261190575,33.60498299303293,0.005463253243023214,-169.42063834596584,-93.08411214953331,-0.313597591570502,0.7173771743129413,-0.04509645947735785,0.0019342254938195722,-0.0017162919377731178,-0.5000000000000004,0.8660254037844384,0.0,1.0,0,0,0,0,782
2019-11-05 02:00:00,0.0018105821825976035,44.096116956204405,0.00026300037315230007,-0.0005749189064852018,0.0008379192796375019,18.435557736227963,14.629486826765929,29.509124216542343,13.397847123678616,19.86757796145692,0.00595688341311007,-183.4174881782526,-75.59808612440226,-0.028747507052131627,0.7253191888345595,0.059753008724612075,0.0018358792544576014,-0.0018795219160845367,0.49999999999999994,0.8660254037844387,0.7818314824680298,0.6234898018587336,0,0,0,0,781
2019-11-05 06:00:00,0.0017941120266977686,44.68766819521706,0.00012311394787944963,-0.0005718442654064418,0.0006949582132858914,18.552535302565104,18.407137967264042,27.65287700469734,19.211197066583384,15.708110817150825,0.006287652661953302,-114.36218472146443,-73.6842105263143,-0.348307262519806,0.7319777028735266,0.1283191636616571,0.001752631056451801,-0.0009778268294642345,1.0,6.123233995736766e-17,0.7818314824680298,0.6234898018587336,0,1,0,1,780
2019-11-05 10:00:00,0.001923818310505079,34.75372474081444,-0.0002280006468258211,-0.0007383670880893701,0.000510366441263549,19.874711133863173,15.939954877001236,34.71372770140833,18.52684874735095,17.04529764587095,0.007709328115816927,-193.29612910105303,-95.13715710723059,-0.6107006939780458,0.6826268327050176,-0.15083492680843205,0.0018058164880400838,-0.0029788006831072966,0.49999999999999994,-0.8660254037844387,0.7818314824680298,0.6234898018587336,0,1,0,1,779
2019-11-05 14:00:00,0.002041402716897579,27.808844394059104,-0.0007509764615170056,-0.0010090743222244437,0.00025809786070743804,21.99310579842058,13.948829627686042,41.32934655088676,11.528901371778131,16.42231572857079,0.010140006114261357,-257.9896702423702,-96.59192825112072,-0.8909862635886711,0.6433076575874315,-0.25162676571574766,0.002234252010217492,-0.0056354299617922265,-0.4999999999999997,-0.8660254037844388,0.7818314824680298,0.6234898018587336,1,0,1,0,778
2019-11-05 18:00:00,0.0019798739514048916,30.97825972101172,-0.0010987099179105009,-0.001085446222894351,-1.3263695016149733e-05,23.969989077489593,13.355010476833048,39.71421382639129,6.003918225798394,12.019889448309128,0.011764720141048901,-216.04188090118586,-90.25915996425351,-0.8363180515759226,0.6632998020243338,-0.05759932419565679,0.002692291958612855,-0.005736595564848734,-1.0,-1.8369701987210297e-16,0.7818314824680298,0.6234898018587336,0,0,1,0,777
2019-11-05 22:00:00,0.0019041686691616715,31.413855776528386,-0.001351450262174092,-0.0010705492537263538,-0.00028090100844773824,25.76667537818143,13.081677486180062,38.34364658800995,7.898013788202504,8.47694446192631,0.012991384683595175,-169.84547461369277,-89.45487042001827,-0.8033891018521767,0.6896710471442485,0.030881414996840186,0.00304227189400409,-0.005139667919660917,-0.5000000000000004,0.8660254037844384,0.7818314824680298,0.6234898018587336,0,0,1,0,776
2019-11-06 02:00:00,0.0018410137642215535,31.67184993584964,-0.0015300764548342727,-0.0009993403571092276,-0.0005307360977250451,27.102666487746305,14.154715516390105,36.82621711984531,10.425975573428143,8.109302529142981,0.013907119903024512,-137.785929225325,-89.0080428954438,-0.7179928469626548,0.7133298107389703,0.09308612858301864,0.0032720165080667904,-0.0044923611527547536,0.49999999999999994,0.8660254037844387,0.9749279121818236,-0.22252093395631434,0,0,1,0,775
2019-11-06 06:00:00,0.0018573699239200151,39.295153723323295,-0.001528942258715249,-0.0007985649287921631,-0.000730377329923086,27.363451789169307,17.95039523417627,33.8946421139976,15.460232350312161,11.261407237314238,0.014187477717940933,-99.07368012479724,-75.15638963360146,-0.44877260692006404,0.7070481669200073,0.23275728953530872,0.003356901847862153,-0.003194572260534212,1.0,6.123233995736766e-17,0.9749279121818236,-0.22252093395631434,0,1,0,1,774
2019-11-06 10:00:00,0.0018332720722114403,38.25720050310738,-0.0015385500280384878,-0.0006465381584923215,-0.0008920118695461664,27.605609569062096,16.88732331837202,31.887307921209267,19.18379505510802,15.023334326282743,0.01424140386327899,-86.72732524551924,-78.28418230563071,-0.37198770823225263,0.716342118502821,0.2360513025199341,0.003450635145984892,-0.002902206479691305,0.49999999999999994,-0.8660254037844387,0.9749279121818236,-0.22252093395631434,0,1,0,1,773
2019-11-06 14:00:00,0.0018694669241963381,32.543992791127316,-0.0017008518412913176,-0.000647071977396121,-0.0010537798638951966,28.293297340013268,15.377483570797288,33.62132780512767,16.362505982802745,17.002177796074278,0.014743226783745733,-99.51782794942623,-97.47191011235962,-0.533894191878322,0.7024729793304852,0.13054220898200894,0.003619795403077852,-0.0038169632946496446,-0.4999999999999997,-0.8660254037844388,0.9749279121818236,-0.22252093395631434,0,0,0,0,772
2019-11-06 18:00:00,0.0017959335724680248,32.4714622596347,-0.001811021617015962,-0.0006057934024966123,-0.0012052282145193498,28.93562631044898,14.863740173829742,32.5378517085121,8.936917500598662,14.827739512836443,0.015452122054815831,-96.50865831362232,-97.43315508021371,-0.5580417318164508,0.7312352862780405,0.16668008563945924,0.0037805983831320816,-0.003986939564411429,-1.0,-1.8369701987210297e-16,0.9749279121818236,-0.22252093395631434,0,0,0,0,771
2019-11-06 22:00:00,0.001736938317291747,32.137217141353254,-0.001887068915751744,-0.0005454725609859152,-0.0013415963547658287,29.599844874838826,14.270832040795433,31.939026423637703,2.2433849777374544,9.180936153712922,0.015369783863049769,-88.47268673355697,-98.36477987421432,-0.5804445882078219,0.7560717539167617,0.19010624726801015,0.003896615898317265,-0.0037722510659250474,-0.5000000000000004,0.8660254037844384,0.9749279121818236,-0.22252093395631434,0,0,0,0,770
2019-11-07 02:00:00,0.0016900141517709058,31.1028623669761,-0.0019562561849522098,-0.0004917278641491047,-0.001464528320803105,30.545324913359504,13.619421662794057,34.03139484766167,3.6725254029698395,4.950942627101953,0.015121703607622994,-92.08069275796765,-93.18448883666247,-0.34596776373285393,0.7770644989119718,0.19447886826251107,0.003974385658792746,-0.004071537647317713,0.49999999999999994,0.8660254037844387,0.43388373911755823,-0.900968867902419,0,0,1,0,769
2019-11-07 06:00:00,0.0017521559980729767,40.238361406530004,-0.0018509612399102426,-0.00030914633528570995,-0.0015418149046245327,29.92642959232028,19.53598065407068,30.479836860741337,11.82591943871661,5.913943273141268,0.014251856159698928,-61.221416157728285,-72.9729729729734,0.09215840403328734,0.7495051818698301,0.32784698550790614,0.003943532425022273,-0.002568214635532362,1.0,6.123233995736766e-17,0.43388373911755823,-0.900968867902419,0,0,0,0,768
2019-11-07 10:00:00,0.0018148591410677734,36.9273601118964,-0.0018335254711174809,-0.00023336845319435842,-0.0016001570179231225,28.78720236535402,20.623053248096113,27.324850923903192,16.059537798668178,10.519327546784844,0.013223730184660276,-53.256560456790346,-85.66392479435963,-0.06591660195403169,0.7236098770879533,0.2708664682590898,0.003969617544063941,-0.0022308907980232995,0.49999999999999994,-0.8660254037844387,0.43388373911755823,-0.900968867902419,0,1,0,1,767
2019-11-07 14:00:00,0.00192451205956293,30.37308526328519,-0.0020087706611391365,-0.0003268909145728112,-0.0016818797465663253,28.99683608078657,18.05886976963889,34.83925098030354,15.499790192161177,14.461749143181956,0.012560540752556193,-106.8692456028054,-94.86373165618348,-0.3114983522188572,0.682380759047178,0.09882300457689054,0.004022633547352633,-0.004441352867514681,-0.4999999999999997,-0.8660254037844388,0.43388373911755823,-0.900968867902419,0,0,0,0,766
2019-11-07 18:00:00,0.0018963326267370088,34.692358841005536,-0.00205058645775269,-0.00029496536894909166,-0.0017556210888035983,29.191495959402506,17.018136485751015,32.83146375200846,13.81678850916,15.125372166663086,0.011550438259934737,-109.69139441467097,-78.0219780219769,-0.23383893102201792,0.6925209119349961,0.18841009154744892,0.003975656699935387,-0.004211777971446784,-1.0,-1.8369701987210297e-16,0.43388373911755823,-0.900968867902419,0,1,0,1,765
2019-11-07 22:00:00,0.0018151660105415147,35.544108516578895,-0.002045620640766188,-0.00023199964157007169,-0.0018136209991961164,29.372251560974448,16.50917934928212,31.849581406000983,18.3103972434294,15.87565864825016,0.010723379317944648,-100.50490912672193,-72.18309859155143,-0.35703015822929135,0.7234875445955606,0.2229418160160979,0.0038426635638559308,-0.003608035733730919,-0.5000000000000004,0.8660254037844384,0.43388373911755823,-0.900968867902419,0,1,0,1,764
2019-11-08 02:00:00,0.001739797009788556,35.89425931401336,-0.0020128340816938373,-0.0001593704659981765,-0.0018534636156956608,29.458361360346334,16.404611472720863,30.85580036913387,26.281406387039222,19.469530713209508,0.010054508242399507,-96.51056824528733,-70.95070422535402,-0.31926406926407813,0.7548294384984626,0.2496645346227872,0.0036071177594705663,-0.00323659287503264,0.49999999999999994,0.8660254037844387,-0.433883739117558,-0.9009688679024191,0,1,0,1,763
2019-11-08 06:00:00,0.0017398115090893787,32.15841646443366,-0.002075091517387273,-0.00017730232135328974,-0.0018977891960339833,29.911542442900167,15.232726562306649,32.22339134845506,20.48122065727519,21.691008095914572,0.00958202713398526,-122.4745949283801,-95.422535211269,-0.250307236318962,0.7548231478750006,0.1377071415622009,0.003375193094030918,-0.0036369987783633206,1.0,6.123233995736766e-17,-0.433883739117558,-0.9009688679024191,0,0,0,0,762
2019-11-08 10:00:00,0.001772682115582993,30.186743976564955,-0.002164836328629738,-0.00021363770607660346,-0.0019511986225531344,30.796916204685317,13.882391861553208,34.24246816322337,13.454429169827455,20.07235207138059,0.008868977618439633,-148.56982219409673,-93.26347305389464,-0.32079955901357876,0.7408265635760098,0.07227313415326714,0.00313880219303792,-0.0041955055427607135,0.49999999999999994,-0.8660254037844387,-0.433883739117558,-0.9009688679024191,0,0,0,0,761
2019-11-08 14:00:00,0.0017617762501842048,27.82762788804633,-0.002293441678422159,-0.0002737944446952194,-0.0020196472337269396,31.937882560808966,12.970589890050048,35.76395217572276,5.268468403025616,13.068039410042722,0.007933643551126135,-176.08726448505163,-95.50858652575953,-0.4030800375966948,0.7454124778119193,-0.04042004438066968,0.0030194375636167616,-0.004927065099339822,-0.4999999999999997,-0.8660254037844388,-0.433883739117558,-0.9009688679024191,0,0,1,0,760
2019-11-08 18:00:00,0.0016802208037424806,28.46442217687363,-0.0023592898393316464,-0.0002717140844837652,-0.002087575754847881,32.99735132006664,12.628723013560624,34.82131882404994,5.742646806782205,8.155181459878394,0.007998268562400046,-160.99064801788694,-93.99999999999923,-0.3580178828124261,0.7815937030864638,0.026460011882457356,0.0029562342182100983,-0.004701566558059422,-1.0,-1.8369701987210297e-16,-0.433883739117558,-0.9009688679024191,0,0,1,0,759
2019-11-10 22:00:00,0.0016216336034751667,27.79221768169551,-0.0024063299672314464,-0.00025500336990685185,-0.0021513265973245946,34.05312307834976,12.150338493143826,34.38320972189107,4.3824853236402985,5.131200177816008,0.008696136843234115,-142.30703568109124,-97.34395750332035,-0.5379983932262722,0.8098315163090481,0.06066698709180488,0.0028815914113726263,-0.004460374566748193,-0.5000000000000004,0.8660254037844384,-0.7818314824680299,0.6234898018587334,1,0,1,0,758
2019-11-11 02:00:00,0.001566516917512656,32.050745414206716,-0.0023607194695205447,-0.0001675142977567599,-0.0021932051717637848,34.96931390162042,11.95300408151308,33.05060233317305,6.825143868968965,5.650091999797124,0.008940509828652132,-115.80014914242744,-88.18061088977353,-0.37859279137638957,0.8383248117646902,0.1773673923207551,0.002745821327504931,-0.0038520779347412937,0.49999999999999994,0.8660254037844387,0.0,1.0,0,0,1,0,757
2019-11-11 06:00:00,0.0015431942805474595,34.637803382862096,-0.0022637799688123295,-5.645983763883549e-05,-0.002207320131173494,35.00692675672224,14.830999035722163,31.15366744902055,10.668437361664509,7.292022184757893,0.008960977401835102,-87.77305816311068,-82.4701195219126,-0.10234580201069426,0.8509946003260943,0.25164539533999547,0.0024018535348099283,-0.00305937836662884,1.0,6.123233995736766e-17,0.0,1.0,0,0,0,0,756
2019-11-11 10:00:00,0.0015565375462226415,39.69783540262325,-0.002091832725023446,9.238992492003857e-05,-0.0021842226499434844,34.12103669703721,18.10485754491887,28.680419565436214,19.52191235059763,12.338497860410337,0.008749835198229583,-55.171532146874554,-70.783532536521,-0.10497642555271444,0.8436995324571229,0.3676546502002094,0.002180891967673019,-0.0021000947639653322,0.49999999999999994,-0.8660254037844387,0.0,1.0,0,1,0,1,755
2019-11-11 14:00:00,0.0015203562929210239,39.98213691503718,-0.001929289069917628,0.00020394686402068528,-0.0021332359339383132,33.29842449875826,17.211735108953498,27.26559892278608,25.542275343072273,18.577541685111438,0.00791923708422404,-44.496855345908806,-70.1195219123496,-0.11672201159979655,0.863777790847226,0.3932346650305015,0.002154579546791795,-0.0018063538495145526,-0.4999999999999997,-0.8660254037844388,0.0,1.0,0,1,0,1,754
2019-11-11 18:00:00,0.0014703308434266679,37.97682057049737,-0.0018214353336394318,0.00024944048023910507,-0.002070875813878537,32.53457031464209,16.526096282813512,26.179458965304516,30.55899440530449,25.207727366324765,0.007062560158760611,-47.07216787182535,-67.41996233521594,-0.17009572408301052,0.893166327749349,0.34502786873367364,0.002149319177515447,-0.0018734455415536644,-1.0,-1.8369701987210297e-16,0.0,1.0,0,1,0,1,753
2019-11-11 22:00:00,0.001436735783181914,35.95980469947371,-0.0017592543683655482,0.00024929715641039104,-0.002008551524775939,32.02754138077487,15.704487005317663,26.41911636345086,30.96509945371004,29.022123067362234,0.006905643778540416,-54.998876656928026,-69.56521739130434,-0.09330808881479381,0.9140511535750628,0.2908232677033393,0.0021372275749272536,-0.0020241032315626573,-0.5000000000000004,0.8660254037844384,0.0,1.0,0,0,0,0,752
2019-11-12 02:00:00,0.0014041117986689346,40.203390604788986,-0.0016370413116024718,0.00029720817053877384,-0.0019342494821412456,31.669375714219147,14.921562104740238,25.96683583154577,36.86171758476549,32.79527048125997,0.006592195081767116,-44.886909440226894,-52.429667519183255,0.040795604953498585,0.9352887720514353,0.4060252325187666,0.0020933872141307335,-0.001767108306371279,0.49999999999999994,0.8660254037844387,0.7818314824680298,0.6234898018587336,0,1,0,1,751
2019-11-12 06:00:00,0.0014445323844782824,39.48838648975391,-0.0015361958533226527,0.00031844290305487453,-0.0018546387563775273,31.812836981970776,13.468028092023728,27.14592888556609,40.409207161124215,36.07867473319988,0.006256310413978561,-50.68175971185083,-56.77749360613977,0.11978004028964881,0.909117728415831,0.39890207516129117,0.0019633022069110635,-0.001834272975194784,1.0,6.123233995736766e-17,0.7818314824680298,0.6234898018587336,0,1,0,1,750
2019-11-12 10:00:00,0.0015256372141583912,34.409879349571355,-0.0015441807979375,0.00024836636675202185,-0.0017925471646895218,32.38558383393531,11.841189710051228,27.518770916111997,37.09611145672391,38.122345400871176,0.006157408220674565,-84.40013800367427,-79.50450450450526,-0.009073339805648062,0.8607878647771756,0.2174947741552473,0.0018197420618331049,-0.0023805978038462516,0.49999999999999994,-0.8660254037844387,0.7818314824680298,0.6234898018587336,0,1,0,1,749
2019-11-12 14:00:00,0.0015623774131470806,31.329420724858767,-0.001607027340892797,0.0001484158590373799,-0.001755443199930177,33.34390516939373,10.736827546281859,28.883984645607036,27.39318011696405,34.96616624493736,0.005362199548319513,-142.27115716754565,-81.53846153846281,-0.0680673412896518,0.8405459455246055,0.06473085737148249,0.0018059461580768835,-0.0031684166462053742,-0.4999999999999997,-0.8660254037844388,0.7818314824680298,0.6234898018587336,0,0,0,0,748
2019-11-12 18:00:00,0.0015200647407794259,30.881236382291778,-0.0016491204746509336,8.505818022339485e-05,-0.0017341786548743284,34.23377498089083,10.247434729154108,27.56743051873336,18.746994858104824,27.745428810597563,0.004860773189109491,-150.68898758685492,-82.71604938271747,-0.14330545830538,0.8639434655438557,0.050380173076834296,0.0018097262217509772,-0.003120409981175909,-1.0,-1.8369701987210297e-16,0.7818314824680298,0.6234898018587336,0,0,0,0,747
2019-11-12 22:00:00,0.0014600601164380391,31.78206214109923,-0.001653733380305944,6.435621965470762e-05,-0.0017180895999606516,35.060082662995285,9.906536064514354,26.65035219622901,18.664134219689423,21.601436398252734,0.005093768349262451,-128.571508339331,-79.75308641975147,-0.17135552190902267,0.8994492659684473,0.12414859319681704,0.001782034788444587,-0.00278184384934832,-0.5000000000000004,0.8660254037844384,0.7818314824680298,0.6234898018587336,0,0,0,0,746
2019-11-13 02:00:00,0.0014114843938353224,35.19306638174855,-0.0016026040798329255,9.238841610218103e-05,-0.0016949924959351065,35.56403709608049,10.42639920163605,25.598406214302493,22.962962962962354,20.124697346918836,0.0048916332646600225,-101.54569892471514,-68.64197530864399,-0.21017348371609365,0.9304034856748239,0.2361821849312787,0.0017575181960507412,-0.0023415630080669825,0.49999999999999994,0.8660254037844387,0.9749279121818236,-0.22252093395631434,0,0,0,1,745
2019-11-13 06:00:00,0.001449949794275649,35.27052289455168,-0.0015434844959314464,0.00012120640000292814,-0.0016646908959343746,36.5371330811818,9.424813859880615,27.671537497303696,29.50232946183321,23.709808881494965,0.004496142346046117,-106.03547569683809,-63.09794988610492,-0.21378748075008058,0.9057210154342343,0.2557906499633806,0.0016010866630278978,-0.002356637967421804,1.0,6.123233995736766e-17,0.9749279121818236,-0.22252093395631434,0,0,0,1,744
2019-11-13 10:00:00,0.0014935248089702421,32.12773644696484,-0.0015402029473368106,9.959035887805129e-05,-0.001639793306214862,37.173291769922656,9.357135202612566,24.945322931309153,29.283350675403394,27.249547700066287,0.004083418175485409,-110.16928330996853,-80.41002277904093,-0.23563958019901898,0.8792957385859975,0.09984504898137836,0.0013666372979459175,-0.0023245069300279475,0.49999999999999994,-0.8660254037844387,0.9749279121818236,-0.22252093395631434,0,0,0,0,743
2019-11-13 14:00:00,0.0015311301797580757,28.947863068967795,-0.0015894814725423423,4.024946693801583e-05,-0.0016297309394803581,38.00550523025674,8.475367633645819,24.64724468792518,21.35168418164555,26.712454772960687,0.00440080719821534,-141.52016093765377,-92.43697478991754,-0.2656777048347992,0.8576997680285411,-0.023994780079225456,0.001387215233181687,-0.0026874797089595504,-0.4999999999999997,-0.8660254037844388,0.9749279121818236,-0.22252093395631434,0,0,0,0,742
2019-11-13 18:00:00,0.0015010494526324948,35.64929155268364,-0.0015421699869051508,7.004876206016591e-05,-0.0016122187489653167,38.77827487199552,8.027697121865472,23.345372589820983,17.81911675237581,22.818050536474885,0.004503507965559095,-114.02697425295479,-73.69565217391414,-0.24920481010593742,0.874887897728394,0.20223212432276533,0.001379908972452164,-0.00231914799890931,-1.0,-1.8369701987210297e-16,0.9749279121818236,-0.22252093395631434,0,0,0,0,741
2019-11-13 22:00:00,0.001445260206015892,34.33630715777388,-0.0015130550624098404,7.933094924438108e-05,-0.0015923860116542215,39.20863375997746,8.582221986046298,22.514643869300805,18.031548587814186,19.067449840611815,0.004731132633507773,-92.01078473107988,-79.77272727272579,-0.2628382910072963,0.9086599039630374,0.1656191820124391,0.0013163670239791539,-0.00200788282566311,-0.5000000000000004,0.8660254037844384,0.9749279121818236,-0.22252093395631434,0,0,0,0,740
2019-11-14 02:00:00,0.0014177416198718881,32.03341005954006,-0.0015192692376637673,5.8493419192363286e-05,-0.0015777626568561306,40.11924423998601,8.123889664834232,25.69548124643679,18.115904169127834,17.98885650310591,0.005089947347058921,-118.36184551580598,-92.1839080459766,-0.19690934003611563,0.9262971345361715,0.09754004111976437,0.0012533311170645916,-0.0024544521996101576,0.49999999999999994,0.8660254037844387,0.43388373911755823,-0.900968867902419,1,0,1,0,739
2019-11-14 06:00:00,0.0014714743613096109,34.16501979146712,-0.0014860835432028985,7.334329092258574e-05,-0.0015594268341254842,39.451290037840515,12.17090738584818,22.988808471212202,14.591233919982718,16.912895558974885,0.005323917354338015,-84.18617417557583,-84.2696629213495,-0.08900190718372364,0.8924722268563406,0.18031058960502966,0.0011974264876603905,-0.0018992960236412504,1.0,6.123233995736766e-17,0.43388373911755823,-0.900968867902419,0,0,0,0,738
2019-11-14 10:00:00,0.0014727976212160667,33.04879285656929,-0.0014638886709819054,7.64305305148631e-05,-0.0015403192014967686,39.166856770391014,11.291402783582642,23.704001068206523,14.124113321283403,15.610417136797954,0.005542917642884948,-109.09124913502532,-81.17408906882373,-0.09991280337159196,0.8916703701053437,0.17020978521187027,0.001228297191093216,-0.0023361523417502195,0.49999999999999994,-0.8660254037844387,0.43388373911755823,-0.900968867902419,1,0,1,0,737
2019-11-14 14:00:00,0.0015683120768434891,46.970726615559684,-0.0012750591993444527,0.00021220800172185288,-0.0014872672010663055,36.97217038410926,17.45231025016274,20.670337224622855,31.57465429817402,20.09666717981335,0.005418892506388939,-31.48359862808982,-39.83228511530474,0.06539034402585024,0.8373652281267594,0.5314639937586564,0.001230300880989524,-0.0009348601544103552,-0.4999999999999997,-0.8660254037844388,0.43388373911755823,-0.900968867902419,1,0,1,0,736
2019-11-14 18:00:00,0.0015412897856403845,50.777545162384754,-0.001059137998496551,0.0003425033620558038,-0.0014016413605523548,34.35150381678043,19.641189017355355,19.53039671475762,57.06037527195752,34.25304763047162,0.005090076226913265,47.2041818469852,-7.812499999999001,0.08533585104356332,0.8520461319052749,0.6786810176223352,0.0012324622119884129,0.0002592619912757943,-1.0,-1.8369701987210297e-16,0.43388373911755823,-0.900968867902419,0,0,0,0,735
2019-11-14 22:00:00,0.001491197658094655,51.115979599479374,-0.0008731126930059396,0.00042282293403713214,-0.0012959356270430718,31.91802771854651,18.85090388335955,18.74456943255617,82.03507162823196,56.8900337327878,0.004712444800289983,62.82179757419453,-6.250000000000366,0.08987417615338948,0.8806679603279262,0.7202678320892417,0.0012384123696802544,0.00032745436530690064,-0.5000000000000004,0.8660254037844384,0.43388373911755823,-0.900968867902419,0,0,0,0,734
2019-11-15 02:00:00,0.0014439692539450289,49.1157518498948,-0.0007437411551658446,0.0004417555775017817,-0.0011854967326676263,29.93094239424056,19.511471459272776,17.97496496573598,88.76049344799442,75.95198011606128,0.004438560126411861,77.7680820383268,-19.65601965601741,0.12899943676302048,0.9094722733272232,0.672803787299375,0.001242385495374184,0.0003809913494159378,0.49999999999999994,0.8660254037844387,-0.433883739117558,-0.9009688679024191,1,0,1,0,733
2019-11-15 06:00:00,0.0014186857358061008,47.47872313151841,-0.0006554444670554549,0.00042404181248973717,-0.001079486279545192,28.17299501270889,18.44068644859911,20.512891790499406,82.60135135135282,84.46563880919304,0.004275696434005383,51.60461262724173,-26.289926289923827,0.18365138965916603,0.9256806964749018,0.6268799149737367,0.0012230487763345366,-8.18879585373633e-05,1.0,6.123233995736766e-17,-0.433883739117558,-0.9009688679024191,1,0,1,0,732
2019-11-15 10:00:00,0.0014916367546770936,59.73632075991181,-0.0003961186348657719,0.0005466941157435362,-0.0009428127506093081,27.267723480550355,24.76186947367525,18.116125964930376,84.00567233900692,85.12250571278469,0.004590844801969585,169.0271959571736,-2.037037037038014,0.31432828227770077,0.8804087160511741,1.109256056488766,0.0012165422807644858,0.0012985297448122601,0.49999999999999994,-0.8660254037844387,-0.433883739117558,-0.9009688679024191,1,0,1,0,731
2019-11-15 14:00:00,0.001507948415057313,64.31827726324396,-9.509561950493683e-05,0.0006781737048834971,-0.0007732693243884339,27.166090187251964,28.239138124259572,16.64015009369537,90.04954880971196,85.5521908333572,0.005527885309572156,239.26137817160236,-1.5243902439022405,0.4498200719712124,0.8708852284911132,1.1990919282113799,0.001319478621517871,0.002485714031893904,-0.4999999999999997,-0.8660254037844388,-0.433883739117558,-0.9009688679024191,1,0,1,0,730
2019-11-15 18:00:00,0.0014445235282675095,64.39287115702975,0.00014342777565823361,0.0007333576800373341,-0.0005899299043791005,27.200937579095335,28.46124469608305,16.130001994131568,97.33793131933277,90.46438415601718,0.006478301937684616,218.32134292564692,-4.424778761061454,0.5046096775953252,0.9091233021140525,1.0735299212262286,0.0014776163986404895,0.002765256909342373,-1.0,-1.8369701987210297e-16,-0.433883739117558,-0.9009688679024191,1,0,1,0,729
2019-11-17 22:00:00,0.001401343276248414,65.85350667907642,0.0003589839653084237,0.0007591310957500194,-0.0004001471304415957,27.34794710658245,28.211104826314706,15.43937883558684,97.49087958084162,94.95945323662875,0.007363715366297097,181.26015671510095,-1.5781922525115122,0.5153983201832586,0.9371365476671414,1.0243277079490987,0.0016456301134590327,0.0027096363565950465,-0.5000000000000004,0.8660254037844384,-0.7818314824680299,0.6234898018587334,1,0,1,0,728
2019-11-18 02:00:00,0.0013512473279449504,67.18856210521453,0.0005516962624381172,0.0007614747143037703,-0.0002097784518656531,27.827950094863244,30.23316388614322,14.86807784145033,96.49790590938294,97.10890560318575,0.008160015686006439,169.70586180394756,-4.503311258278275,0.570981761315062,0.97187981270406,0.9843127944934243,0.0018394485571706913,0.002998865448067267,0.49999999999999994,0.8660254037844387,0.0,1.0,1,0,1,0,727
2019-11-18 06:00:00,0.0013483010902345914,67.42370011046424,0.0007011808683097254,0.0007287674561403028,-2.7586587830577417e-05,28.45650034291723,29.83025236046102,13.836240595443526,95.43153610207928,96.47344053076792,0.008799549079123725,143.531722205554,-7.623888182972438,0.3993465238700474,0.9740035141345967,0.9268400535330751,0.002014633896875154,0.0027865562122222354,1.0,6.123233995736766e-17,0.0,1.0,1,0,1,0,726
2019-11-18 10:00:00,0.0013448510123606977,63.04471521827894,0.0007672308487693957,0.0006358539492799785,0.00013137689948941722,28.939204173897185,27.770580337730518,13.305798790670206,91.12913767036703,94.35285989394305,0.00918453025450594,114.25817243627891,-14.485387547648187,0.2893502771050483,0.976502220639871,0.8276705412912811,0.0021549926116607265,0.0023458983819106827,0.49999999999999994,-0.8660254037844387,0.0,1.0,1,0,1,0,725
2019-11-18 14:00:00,0.0014945045114777827,72.13869182915342,0.0010112616784887507,0.0007039078231994667,0.00030735385528928396,30.5062785651404,34.149627354563485,11.118167491735827,89.91590842080922,92.15886073108514,0.010298822262568397,141.94521819869792,-8.142999006951745,0.5124577109012846,0.8787193279874703,1.004669356115655,0.002390296591218888,0.003679293178024512,-0.4999999999999997,-0.8660254037844388,0.0,1.0,0,0,0,1,724
2019-11-18 18:00:00,0.001472039903515081,66.15558967147085,0.0011223255857786274,0.0006519773843914747,0.0004703482013871527,31.961419071294813,32.19429603012241,10.481566074646912,86.69588760937235,89.24697790018284,0.010748264790002793,122.7571059613037,-17.28395061728305,0.4645254944656154,0.8921293484395995,0.8731299961767222,0.0025705587804503165,0.003397216390449209,-1.0,-1.8369701987210297e-16,0.0,1.0,0,0,0,0,723
2019-11-18 22:00:00,0.0014504656246925676,63.89917680156497,0.0011694289252706103,0.0005592645791067661,0.0006101643461638442,32.275070550242795,30.33935837059751,14.16198853546372,82.58234038643302,86.39804547220483,0.010726536066972159,92.15847013357619,-26.826029216466154,0.45828682402693444,0.9053989130410098,0.8092330999765447,0.002666969351803571,0.0024845057458797726,-0.5000000000000004,0.8660254037844384,0.0,1.0,0,0,0,0,722
2019-11-19 02:00:00,0.0014132895086431054,65.99327686949121,0.001238476511194353,0.000502649732024407,0.000735826779169946,32.78302258357355,31.03603075043245,13.496335347461226,78.87790402177399,82.71871067252643,0.010888503110900949,96.06462677136456,-19.256308100928877,0.30157033924399623,0.9292151338906118,0.8258023590449712,0.00277886041343781,0.0027917452862091796,0.49999999999999994,0.8660254037844387,0.7818314824680298,0.6234898018587336,0,0,0,0,721
2019-11-19 06:00:00,0.0014351974008828794,61.29123425780129,0.0012226194743973906,0.0003894341561819555,0.0008331853182154351,32.71383536440947,28.379254713018486,14.680159716336599,75.12173528109814,78.86065989643502,0.010641872767334526,80.6167310237918,-28.55245683931057,0.13208008033361932,0.9150309213158677,0.7374582045141912,0.0028388669712515234,0.002307738996645936,1.0,6.123233995736766e-17,0.7818314824680298,0.6234898018587336,0,0,0,0,720
2019-11-19 10:00:00,0.0014462547293912597,64.83727604339924,0.0012696531979961012,0.00034917430382453286,0.0009204788941715684,32.649590089471396,26.150689831569846,13.52735677176607,78.61885790172605,77.53949906819935,0.010213593099208218,83.97148774262126,-16.334661354582448,0.21349544512894925,0.908035060015159,0.7987685107835893,0.002885170978327269,0.00243898654358099,0.49999999999999994,-0.8660254037844387,0.7818314824680298,0.6234898018587336,0,0,0,1,719
2019-11-19 14:00:00,0.0014286651058633031,65.89777937887806,0.001315167902263159,0.00031575120647327247,0.0009994166957898866,32.741738570098164,25.781672639646644,12.715768584628638,80.63068868454882,78.12376062245762,0.00968562212747548,90.1457786019682,-13.22081575246058,0.205283100769585,0.9192147233178479,0.8040073173665487,0.0028925647925348275,0.0025996009534277054,-0.4999999999999997,-0.8660254037844388,0.7818314824680298,0.6234898018587336,0,0,0,1,718
2019-11-19 18:00:00,0.0013766175983016332,64.73768489952202,0.001323076369682985,0.00025892773911447876,0.0010641486305685063,32.82730501639445,24.845258900949297,12.25392033423888,83.13733937094828,80.79562865240769,0.008679408965839741,88.64623388045675,-21.032504780112138,0.15911186649069792,0.9539686268867903,0.7745002579527219,0.0028768480268080614,0.002434566210486766,-1.0,-1.8369701987210297e-16,0.7818314824680298,0.6234898018587336,0,0,0,1,717
2019-11-19 22:00:00,0.0013618591984229534,60.10818328934257,0.0012623428171523177,0.000158555349267049,0.0011037874678852687,32.174848212207245,23.320612460271747,14.38666195980656,73.7768119375359,79.18161333101096,0.008092554602616708,69.74466055707528,-44.416243654819645,0.09491954438618652,0.964306737084683,0.680412746245534,0.0028156754644954487,0.0018472675803145044,-0.5000000000000004,0.8660254037844384,0.7818314824680298,0.6234898018587336,0,0,0,0,716
2019-11-20 02:00:00,0.0013160121128213177,60.986432301677965,0.0012155305715269016,8.939448291330637e-05,0.0011261360886135952,31.516371738029328,22.40926387009806,14.041550252946632,64.98578097854234,73.96664409567546,0.007606673648604012,61.1331372298223,-39.59390862944122,0.16098981603747017,0.9979011493933773,0.6842461060830789,0.00266665325708136,0.0015952195072226338,0.49999999999999994,0.8660254037844387,0.9749279121818236,-0.22252093395631434,0,0,0,0,715
2019-11-20 06:00:00,0.001353439819048371,53.92138210167578,0.0010812414267029613,-3.591572952850713e-05,0.0011171571562314684,29.275988944951596,20.233165978073696,20.17214884749936,47.76263261833818,62.17507517813877,0.006893234654093305,15.049947423755983,-72.70194986072462,-0.16152610586727412,0.9703054258617653,0.5229935593307897,0.0024795172467794936,0.0006181352799781159,1.0,6.123233995736766e-17,0.9749279121818236,-0.22252093395631434,0,0,0,0,714
2019-11-20 10:00:00,0.0013703369748306288,53.97606621122228,0.000964505014926953,-0.00012212171304361243,0.0010866267279705654,27.454436030162448,18.556272187087256,20.011931912124588,39.0811456342631,50.60985307704784,0.005816476940246673,-9.032583202493834,-70.46070460704487,-0.0830834808366174,0.958340922065768,0.49286509678859525,0.002173263494167129,0.00031721779091320457,0.49999999999999994,-0.8660254037844387,0.9749279121818236,-0.22252093395631434,1,0,1,0,713
2019-11-20 14:00:00,0.0014381700480570036,55.62090311676354,0.0008851872562429808,-0.00016115157738206772,0.0010463388336250485,26.36479779655853,22.626397305793912,17.706041167799317,31.411906505322975,39.41856158597472,0.004085534970656113,20.779252213184233,-62.60162601626158,-0.026197401940425614,0.913139584414393,0.5025700428647236,0.0019536256345755935,0.0009235737009738454,-0.4999999999999997,-0.8660254037844388,0.9749279121818236,-0.22252093395631434,1,0,1,0,712
2019-11-20 18:00:00,0.0014218721874814984,58.691042238507556,0.0008576284737271678,-0.00015096828791830467,0.0010085967616454724,25.35299086535489,21.25105062348856,16.629778577348866,39.837398373984286,36.77681683785676,0.003427159756485665,21.33511745466334,-47.425474254740706,-0.02708681323641975,0.9236062225298208,0.622258671836648,0.001807215626691718,0.000969287804895913,-1.0,-1.8369701987210297e-16,0.9749279121818236,-0.22252093395631434,0,0,1,0,711
2019-11-20 22:00:00,0.0013703098883756715,61.219117614150335,0.0008653516102321568,-0.00011459612113065261,0.0009799477313628094,24.784248198133664,22.769177748841745,16.02298960507269,56.11999883439737,42.456434571234844,0.0032441276171710776,73.86818277529983,-21.612903225805624,0.08040836608393707,0.9583598652686446,0.7439793045780463,0.0016505895045899725,0.0014713447805039248,-0.5000000000000004,0.8660254037844384,0.9749279121818236,-0.22252093395631434,0,0,0,0,710
2019-11-21 02:00:00,0.0013060020392059786,60.087635906566625,0.0008503728526765286,-0.00010365990294902466,0.0009540327556255533,24.256130007142524,22.18388476959794,15.611110729788203,68.27753008712962,54.74497576517039,0.002962852678839223,67.49292113448813,-26.12903225806479,-0.015346145860603148,1.0055497316056472,0.6829318088850728,0.0014530929240745448,0.001341370531397157,0.49999999999999994,0.8660254037844387,0.43388373911755823,-0.900968867902419,0,0,0,0,709
2019-11-21 06:00:00,0.0013434304649769802,65.27190337366363,0.0009127071839056811,-3.306045737589791e-05,0.000945767641281579,24.575040889817842,25.448634042470484,14.092167069175405,81.67861409796778,68.6920476731649,0.003031934035648831,125.3727782416663,-7.2222222222262715,0.053246214103917514,0.9775347770027701,0.9779127721654824,0.0011290990719472042,0.0017645942222184186,1.0,6.123233995736766e-17,0.43388373911755823,-0.900968867902419,0,0,0,0,708
2019-11-21 10:00:00,0.001401756860335763,57.26193745038321,0.0008673827176732818,-6.270793888663788e-05,0.0009300906565599197,25.399758213993827,26.724122741001718,12.541099174575983,72.89806668838726,74.28473695782819,0.00288689175351875,125.05125051249351,-47.95454545454717,-0.027078256160320332,0.9368600483863065,0.6129242201764913,0.0009275649797002843,0.001690893351107725,0.49999999999999994,-0.8660254037844387,0.43388373911755823,-0.900968867902419,0,0,0,1,707
2019-11-21 14:00:00,0.001457345656026055,49.050894105788814,0.0007158905265489679,-0.00017136010400876141,0.0008872506305577293,24.49914607058914,23.868707029053905,18.455001779458744,55.54713804713674,70.04127294449722,0.0028666321697308206,-58.88888888889106,-78.18181818181634,-0.08850756378414819,0.9011245853513021,0.14854228225087102,0.0008145995603608958,0.0002461552163524061,-0.4999999999999997,-0.8660254037844388,0.43388373911755823,-0.900968867902419,0,0,0,0,706
2019-11-21 18:00:00,0.0014282495377384793,47.18805088786158,0.0005619192596961753,-0.0002602650966892433,0.0008221843563854186,22.9071471551594,22.615317491807065,21.636831127227044,29.76662599145887,52.737276908994254,0.002752130810215636,-194.79550640688726,-84.56375838925987,-0.1363505020587933,0.9194821810195913,0.005474087587679763,0.0007815802153017271,-0.0007334038676225507,-1.0,-1.8369701987210297e-16,0.43388373911755823,-0.900968867902419,0,0,0,0,705
2019-11-21 22:00:00,0.0013776602850428775,50.184257482010246,0.0004747689023647528,-0.00027793236321653264,0.0007527012655812854,21.68281759525698,23.37835918988862,20.829120164520454,21.292115788761556,35.53529327578568,0.0027225950849376623,-113.32219352876719,-73.37807606263912,0.0036153616717468527,0.9532466125777351,0.21589605656777533,0.00073421817507005,-0.00023006489154586696,-0.5000000000000004,0.8660254037844384,0.43388373911755823,-0.900968867902419,0,0,0,0,704
2019-11-22 02:00:00,0.0013178274075398137,51.37266316338331,0.00041703265200720985,-0.00026853489085926056,0.0006855675428664704,20.654674360272057,23.39872203619738,20.219473623528167,24.384787472036734,25.147843084085682,0.002765093849496303,-78.2745098039442,-68.90380313199083,0.020788141720892304,0.9965265500522872,0.3050699074469921,0.0007161076210315377,-1.5393033555577418e-05,0.49999999999999994,0.8660254037844387,-0.433883739117558,-0.9009688679024191,0,0,0,0,703
2019-11-22 06:00:00,0.0015129825927155491,48.04030039711391,0.00032396826609137896,-0.00028927942142007313,0.0006132476875114521,21.120128145731233,28.555762567516553,16.35346426041625,28.391010208336983,24.68930448971172,0.0029183687218230503,-72.55292889015291,-72.54509018035913,-0.05421572436725135,0.8679875144121368,0.14552114602098104,0.0006986091543225677,-4.961590871044308e-06,1.0,6.123233995736766e-17,-0.433883739117558,-0.9009688679024191,0,1,0,1,702
2019-11-22 10:00:00,0.001522769550378735,46.47706925192396,0.00022662188662936344,-0.000309300640705671,0.0005359225273350345,21.552335232229037,26.345644439348234,15.087762189429954,26.9318652218697,26.569220967414434,0.0030974641235217426,-123.49381741646326,-77.75551102204098,-0.1282456536464192,0.8624088915314702,0.10984213156086207,0.0006996173327891845,-0.0005688313302680825,0.49999999999999994,-0.8660254037844387,-0.433883739117558,-0.9009688679024191,0,1,0,1,701
2019-11-22 14:00:00,0.0016825717253516814,31.75429303456754,-0.00012664518430693938,-0.0005300541693135791,0.0004034089850066397,20.444838060178007,22.140363168363056,24.990545897293124,17.279478743584725,24.2007847245971,0.005104609289306339,-280.56076063572135,-97.86096256684573,-0.4829653167710804,0.7805016453164944,-0.36696155360430116,0.0010071691387319895,-0.002709858157180056,-0.4999999999999997,-0.8660254037844388,-0.433883739117558,-0.9009688679024191,0,1,0,1,700
2019-11-22 18:00:00,0.0016666737449694037,32.15796384042415,-0.0003971918047349643,-0.0006404806317932832,0.0002432888270583189,19.8828550469038,20.7550148993772,26.72684436569187,12.127842137037122,18.77972870083048,0.006280299037182413,-284.8137037520039,-88.00000000000195,-0.46496930299747097,0.787946653605027,-0.1527555416914256,0.0013793664676051164,-0.003652269504605732,-1.0,-1.8369701987210297e-16,-0.433883739117558,-0.9009688679024191,0,1,0,1,699
2019-11-24 22:00:00,0.0016026256203287277,31.82014213284911,-0.0006126093357856632,-0.0006847185302751857,7.210919448952249e-05,19.361013677434894,20.042730130566685,25.809614276850898,8.308972073676436,12.572097651432722,0.00710079882804715,-226.66521786375617,-89.21212121212304,-0.5682586930050036,0.8194365442196216,-0.05120558894588411,0.0016628588325174605,-0.003442887944237194,-0.5000000000000004,0.8660254037844384,-0.7818314824680299,0.6234898018587334,0,1,0,1,698
2019-11-25 02:00:00,0.0015710095045909493,36.08623317265945,-0.0007273369246625361,-0.0006395568953216469,-8.77800293408892e-05,18.453767681184676,21.395383265909576,24.448380693619782,13.575757575756121,11.337523928823188,0.007492347028559276,-163.4925102417185,-82.06060606060667,-0.4207295052365373,0.835927469669852,0.08944774070464419,0.0018339831468342426,-0.0027810569086981207,0.49999999999999994,0.8660254037844387,0.0,1.0,0,1,0,1,697
2019-11-25 06:00:00,0.0016137945399773105,30.540273084509703,-0.0009357720791993707,-0.0006783936398867852,-0.0002573784393125855,18.14219636616858,19.340422535739663,25.68535059824662,10.730491986842106,10.871740545424851,0.008422701704104085,-158.38530141487618,-96.53579676674399,-0.444737722255872,0.8137653012622436,-0.018954624484717388,0.0020382048241270084,-0.00323323902266881,1.0,6.123233995736766e-17,0.0,1.0,0,0,0,0,696
2019-11-25 10:00:00,0.0015920949299789255,32.779382039334884,-0.0010628848403984037,-0.0006444051208686545,-0.0004184797195297492,18.14961537274964,18.20373719633716,26.32925471503787,11.146202704522388,11.81748408904017,0.008965193806955707,-143.59793504178919,-87.96498905908219,-0.38519616973950904,0.8248565932041398,0.08032139839732727,0.0022329313936614486,-0.0034345799008554945,0.49999999999999994,-0.8660254037844387,0.0,1.0,0,1,0,1,695
2019-11-25 14:00:00,0.001630516720694714,29.313091356485646,-0.001237313529766526,-0.0006550670481894215,-0.0005822464815771046,17.62417148386021,19.221207805370007,23.872482583881137,5.915869392818201,9.264188028060861,0.00985537497999145,-125.76509575542514,-97.75160599571923,-0.5287275290800261,0.8054195233523663,0.03710538571469605,0.0023864646459868283,-0.0033652801754540107,-0.4999999999999997,-0.8660254037844388,0.0,1.0,0,0,1,0,694
2019-11-25 18:00:00,0.001591908383502237,35.63436134200492,-0.0012848879897584542,-0.0005621132065450796,-0.0007227747832133746,17.136259301320024,18.281135915870173,22.7049258914546,9.324627045224885,8.795566380855119,0.010266688657800227,-107.07802294462564,-86.30952380952394,-0.46176228730469515,0.8249532533466645,0.17097473074403505,0.002493891409831929,-0.003071524428084338,-1.0,-1.8369701987210297e-16,0.0,1.0,0,0,0,0,693
2019-11-25 22:00:00,0.0015460577846806492,34.64063665954369,-0.0013298550112361696,-0.0004856641824182359,-0.0008441908288179336,16.55469698526429,18.125575332160473,21.708396903312327,8.765337683966292,8.00194470733642,0.010599648861927768,-93.04333506904726,-89.64285714285798,-0.4384814978889621,0.8494184454245755,0.18060262711531982,0.0025811360415522733,-0.002782869140504296,-0.5000000000000004,0.8660254037844384,0.0,1.0,0,0,0,0,692
2019-11-26 02:00:00,0.0014906250857748841,36.413844589053,-0.0013291898000151736,-0.00038799917695779194,-0.0009411906230573817,16.01467483464111,17.456791039730213,20.907416267016767,12.499999999999124,10.196654909730062,0.010645875069533517,-80.09680162208305,-86.54761904762074,-0.39156108986012017,0.8810062386125228,0.2334178748610609,0.0026354119326692897,-0.0024314396092641744,0.49999999999999994,0.8660254037844387,0.7818314824680298,0.6234898018587336,0,0,0,0,691
2019-11-26 06:00:00,0.0014470090082195346,36.16997221139358,-0.0013183074858105215,-0.00030169349020251184,-0.0010166139956080096,15.182331066800618,18.32745517642486,19.999211519427366,12.182539682538485,11.149292455501262,0.010450210332623389,-69.08683831761206,-87.26190476190585,-0.08617639855223709,0.907561730811809,0.25282794146866006,0.0026912088908121654,-0.002086657773856526,1.0,6.123233995736766e-17,0.7818314824680298,0.6234898018587336,0,0,0,0,690
2019-11-26 10:00:00,0.0014236512219181399,38.53432429736743,-0.0012692309435042848,-0.0002020935583170202,-0.0010671373851872646,14.251632303568405,19.705865129821806,18.875385053420796,14.24603174603086,12.976190476189451,0.01008482344892725,-54.82413139490433,-83.45238095238085,-0.06258787246585854,0.9224520583283087,0.30455780807847405,0.0027232312287772567,-0.0016007918186147219,0.49999999999999994,-0.8660254037844387,0.7818314824680298,0.6234898018587336,0,1,0,1,689
2019-11-26 14:00:00,0.0014283904203525578,40.53575917680446,-0.0011947780292358434,-0.00010211251523886298,-0.0010926655139969804,13.688704371974943,18.237592139014872,20.7194025145625,18.394250055716128,14.940940494761785,0.009105391809031804,-56.688125894128,-74.10296411856493,-0.029028892819873538,0.9193914921915125,0.3495396981554198,0.0027255584567336564,-0.0016751284731253424,-0.4999999999999997,-0.8660254037844388,0.7818314824680298,0.6234898018587336,0,1,0,1,688
2019-11-26 18:00:00,0.0013849339617559337,41.373322574668265,-0.0011140553410853293,-1.711186167067903e-05,-0.0010969434794146503,12.796280003056431,19.37458159920228,19.843140513675863,24.646438950253188,19.09557358400002,0.00829902259280857,-36.15344132261438,-68.50533807829466,-0.07253341070231689,0.9482401589278331,0.38107033220329517,0.0026864497723451874,-0.0010749848619420188,-1.0,-1.8369701987210297e-16,0.7818314824680298,0.6234898018587336,0,1,0,1,687
2019-11-26 22:00:00,0.0013524386787733737,38.65483232587873,-0.0010787990430631833,1.4515549081173642e-05,-0.001093314592144357,12.180852992106958,18.422948229156457,20.030414878439693,33.86740803964366,25.636032348537622,0.007867823078584468,-42.00456656954913,-55.789473684209455,0.025423344077728057,0.9710236926905131,0.33921855037093174,0.0026013085243304468,-0.0012465860729864442,-0.5000000000000004,0.8660254037844384,0.7818314824680298,0.6234898018587336,0,1,0,1,686
2019-11-27 02:00:00,0.001326550201718136,35.41205619385689,-0.0010915321538089717,1.425950668308175e-06,-0.00109295810447728,12.259844997609983,17.440877876229898,22.785675920204145,32.25260660548027,30.25548453179233,0.007517585782408798,-66.14817249058562,-78.9473684210551,-0.06353989851769795,0.9899738421501805,0.27692306432683217,0.002512958168403507,-0.00176632585381431,0.49999999999999994,0.8660254037844387,0.9749279121818236,-0.22252093395631434,0,0,0,1,685
2019-11-27 06:00:00,0.001313225187309692,35.315373726740546,-0.0010906645664581216,1.8348304153268172e-06,-0.0010924993968734484,12.772816896951923,16.359429101377426,24.255575572716673,29.1744772891131,31.764830644745633,0.006794693223084902,-80.25554692220994,-77.73972602739616,0.03361863744572894,1.000018894467261,0.29057185464012947,0.0023523952058735237,-0.001910219785509426,1.0,6.123233995736766e-17,0.9749279121818236,-0.22252093395631434,0,0,0,1,684
2019-11-27 10:00:00,0.0013258519596447134,31.977609814172535,-0.0011341937835882554,-3.335550937184559e-05,-0.0011008382742164098,13.585157931235626,15.046227687010505,24.625105753279954,18.119227223652402,26.515437039415218,0.005803161551757086,-108.21180214939835,-88.95522388059155,-0.11620306485583083,0.9904951985377838,0.1874979295637876,0.0021449584704332,-0.0021315355360020938,0.49999999999999994,-0.8660254037844387,0.9749279121818236,-0.22252093395631434,0,0,0,0,683
2019-11-27 14:00:00,0.0013282911053843786,31.0430610309505,-0.001172124722552459,-5.702915866883924e-05,-0.0011150955638836197,14.796564657174045,13.94584122743602,26.211991987130563,18.985914900931167,22.093206471232183,0.004738007597687943,-155.71419599303675,-76.34730538921879,-0.10987613962441732,0.9886763486381804,0.13687268022964239,0.0020440210471450618,-0.0024516793597884057,-0.4999999999999997,-0.8660254037844388,0.9749279121818236,-0.22252093395631434,0,0,1,0,682
2019-11-27 18:00:00,0.0013069845978569135,30.766399174494254,-0.0011932714727658222,-6.254072710576214e-05,-0.00113073074566006,15.724008370381734,13.980587703997005,24.73649357700553,18.85125271844566,18.652131614343038,0.003208959332199335,-146.24418738033404,-78.14371257485271,-0.13890149795733378,1.0047937842216044,0.03645408183450138,0.001977851388564516,-0.0020807450110054138,-1.0,-1.8369701987210297e-16,0.9749279121818236,-0.22252093395631434,0,0,1,0,681
2019-11-27 22:00:00,0.001297199983724285,38.27089859366058,-0.0011356141235281392,-3.906702294463171e-06,-0.001131707421233676,16.074380505546383,15.227378190673077,23.1428579525713,30.03992015968113,22.625695926352616,0.0031488023113079855,-91.44103937319088,-55.389221556885126,-0.06446106914584439,1.012372815662266,0.29531900186766025,0.0018146166912105458,-0.001484952076791668,-0.5000000000000004,0.8660254037844384,0.9749279121818236,-0.22252093395631434,0,0,0,0,680
2019-11-28 02:00:00,0.0012338285563154089,38.153694577367666,-0.0010790949567633934,4.2089971576226085e-05,-0.0011211849283396195,16.39972605962784,14.865946576264411,22.593547335399425,36.82634730539006,28.572506727838913,0.003036731795152292,-78.56348002021628,-55.988023952092014,-0.09530206215509687,1.064369918558027,0.30982844750332716,0.0015708634750596204,-0.0013293559106482,0.49999999999999994,0.8660254037844387,0.43388373911755823,-0.900968867902419,0,0,0,0,679
2019-11-28 06:00:00,0.0012342693737214445,44.4718566953382,-0.0009674734448337219,0.00012296918680471808,-0.00109044263163844,15.493541107782411,19.47053451766165,20.972229650136985,51.097804391219256,39.32135728543011,0.0028796944274840364,0.7733952049400813,-35.32934131736511,-0.05716722775243237,1.063989780480756,0.5555614507125773,0.0012161279249078027,-0.0006648741044634754,1.0,6.123233995736766e-17,0.43388373911755823,-0.900968867902419,0,1,0,1,678
2019-11-28 10:00:00,0.001252535847027055,40.76680611955509,-0.0009144654403892005,0.00014078175299939155,-0.001055247193388592,15.153222437989358,17.816113864884404,22.09859477962198,52.09580838323515,46.67332002661478,0.0024366033726619385,-50.93801373174273,-52.39520958083747,-0.11885967299979336,1.048472986315763,0.37503095357400335,0.0008129409122700006,-0.0010226175094398826,0.49999999999999994,-0.8660254037844387,0.43388373911755823,-0.900968867902419,0,0,0,1,677
2019-11-28 14:00:00,0.001220926143667978,40.70273794787286,-0.0008633114147944543,0.00015354862287531024,-0.0010168600376697645,14.837212244610093,16.9718453967337,21.05138847501658,53.193612774451076,52.12907518296846,0.0024429031899901865,-60.420909708092516,-52.69461077844423,-0.07352740938429413,1.0756178879540226,0.3821074853968229,0.0006875148220557267,-0.0010542747753514714,-0.4999999999999997,-0.8660254037844388,0.43388373911755823,-0.900968867902419,0,0,0,1,676
2019-11-28 18:00:00,0.0011680028476916964,43.2940100924705,-0.0007918567062539239,0.00018000266513267253,-0.0009718593713865964,14.402194826100542,17.14635048800442,20.433443157504332,50.09980039920115,51.796407185629086,0.002387865991981375,-17.84075474470164,-44.61077844311486,0.010899479549842227,1.1243551354308365,0.5046066236702236,0.0006574900886688661,-0.0007184661266566028,-1.0,-1.8369701987210297e-16,0.43388373911755823,-0.900968867902419,0,0,0,1,675
2019-11-28 22:00:00,0.0011160026442851463,44.07384780202957,-0.00072046789806679,0.00020111317865584527,-0.0009215810767226353,13.825225607604818,17.495530778494878,19.858001933331757,53.49301397205562,52.26214238190258,0.0023442278037051345,1.2063468616562412,-42.215568862274075,0.01998274217720032,1.176744523612845,0.526234651727419,0.0006261275819703197,-0.0005444555031908216,-0.5000000000000004,0.8660254037844384,0.43388373911755823,-0.900968867902419,0,0,0,1,674
2019-11-29 02:00:00,0.001062716741121936,43.1160146836658,-0.0006658986848369075,0.00020454591350858224,-0.0008704445983454897,13.261543311964266,17.194862943277503,19.364155734983562,56.4036014657997,53.33213861235212,0.0023138366397956744,1.3911660952906795,-43.96284829721201,0.0736203010252288,1.2357479177504722,0.4848736080163049,0.0005490870773104573,-0.0005039657296024291,0.49999999999999994,0.8660254037844387,-0.433883739117558,-0.9009688679024191,0,0,0,1,673
2019-11-29 06:00:00,0.0010682369738989348,38.93905384816888,-0.0006594310826215644,0.0001688108125791404,-0.0008282418952007048,13.55598619111563,15.8841489728832,22.568692317428557,54.219597380946844,54.705404272934025,0.0023635769493832726,-51.90562613430162,-51.16279069767342,0.04272610746979359,1.2293620536338463,0.2681480181370941,0.0005322037404678645,-0.0008255151379008563,1.0,6.123233995736766e-17,-0.433883739117558,-0.9009688679024191,0,0,0,0,672
2019-11-29 10:00:00,0.0011769343329061446,31.52410393489368,-0.0007457663676937454,6.598042200556763e-05,-0.000811746789699313,15.489352332539493,13.387350742240042,31.7054496106703,45.19362758141395,51.93894214272012,0.0027892479265281267,-203.16950422955574,-69.29347826087276,-0.06454721492404233,1.1158226617089655,-0.10087881900351826,0.0006320673688201628,-0.001976940593535259,0.49999999999999994,-0.8660254037844387,-0.433883739117558,-0.9009688679024191,1,0,1,0,671
2019-11-29 14:00:00,0.0013664390234128486,50.80589061315211,-0.0006158493817221,0.00015671792638177046,-0.0007725673081038705,14.915125324480778,21.841360653412963,25.357778770718088,51.232091138111855,50.21510536682418,0.0028214457279278626,31.081530782058138,-25.84745762711831,0.0817639203074435,0.9610747186654531,0.7426061197012328,0.0006322514915619574,-0.00016585201271923644,-0.4999999999999997,-0.8660254037844388,-0.433883739117558,-0.9009688679024191,0,0,0,0,670
2019-11-29 18:00:00,0.0013281219503119227,53.76388423904006,-0.0004671583028930115,0.0002443272041686872,-0.0007114855070616987,14.381914531283401,20.86638944161634,24.225839021685353,63.20160894129081,53.20910922027216,0.0029234883265791822,144.5643877439848,-15.25423728813655,0.1290076405229331,0.9888022705231023,0.8988386029795968,0.0006669271080281756,0.0006570161482979398,-1.0,-1.8369701987210297e-16,-0.433883739117558,-0.9009688679024191,0,0,0,0,669
2019-12-01 22:00:00,0.0013196846681467805,51.88249901771842,-0.0003676748844043676,0.00027504849812586495,-0.0006427233825302325,13.574699322201374,21.28595226612726,22.639244353397665,79.23728813559232,64.55699607166495,0.002874786947870245,136.71391076115452,-21.18644067796821,0.04085709097512816,0.995124086607889,0.8113274187720733,0.0006975456744227167,0.0006044548564339003,-0.5000000000000004,0.8660254037844384,-0.7818314824680299,0.6234898018587334,0,0,0,0,668
2019-12-02 02:00:00,0.0012582786204220037,52.39507192033561,-0.0002791602416065686,0.0002908505127389312,-0.0005700107543454998,12.82514234233949,20.7301170456069,22.04807092501364,81.35593220338866,74.59827642675724,0.0028106504577487534,124.73672899204355,-19.49152542372925,0.0999246023455121,1.0436877641293467,0.850630579936802,0.0007165948734621962,0.0004364984679192663,0.49999999999999994,0.8660254037844387,0.0,1.0,0,0,0,0,667
2019-12-02 06:00:00,0.0012512587189632929,48.95520064686918,-0.00024571816828511395,0.0002594340688483087,-0.0005051522371334226,12.633601977030075,19.357388733338805,23.727764528231678,76.48305084745596,79.02542372881227,0.0027782728439880167,90.4320987654148,-29.872881355934666,0.05632165113279782,1.049543136121416,0.6817676046802824,0.0007193063397592575,0.0001286452571520602,1.0,6.123233995736766e-17,0.0,1.0,0,0,0,0,666
2019-12-02 10:00:00,0.0014033116676087833,59.66419919878677,-6.99362798619596e-05,0.0003481727658171704,-0.00041810904567913,12.31658567954568,23.153105261940848,19.645592031935017,81.08716416697042,79.64204907260498,0.0034501588362938485,167.64406912187553,-7.3741007194248365,0.1988938233931955,0.9358220488808116,1.1462021332313586,0.0007533807326260722,0.0008604869699131434,0.49999999999999994,-0.8660254037844387,0.0,1.0,1,0,1,0,665
2019-12-02 14:00:00,0.0017180751199224326,73.47430168879913,0.00040681518576723974,0.0006599393851570959,-0.0002531241993898561,14.70323421981633,40.01086052064565,14.900211228317454,82.80940013546451,80.12653838329692,0.006607001134834256,396.76413834049225,-14.324817518246979,0.576659371395886,0.7643728640103294,1.4294685856223945,0.0013531269847976098,0.0046587146789869305,-0.4999999999999997,-0.8660254037844388,0.0,1.0,1,0,1,0,664
2019-12-02 18:00:00,0.001701069754213698,74.36596720598428,0.0008076111752399751,0.000848588299703865,-4.097712446388986e-05,16.91940786435336,37.52435487895929,13.97422616327712,89.20863309352573,84.36839913198685,0.008630356655188631,316.7826243228545,-10.675182481750989,0.6239498660369585,0.7720141967999639,1.213411999757662,0.0018910991562130276,0.005380817504667901,-1.0,-1.8369701987210297e-16,0.0,1.0,0,0,0,0,663
2019-12-02 22:00:00,0.0016674219146270096,70.11446632518837,0.0010589742875022345,0.0008799611295728996,0.00017901315792933503,18.97728339142346,35.54718126842744,13.237918469600347,86.0705596107067,86.02953094656561,0.009699537308336392,226.6737239254614,-16.788321167881982,0.6133575647433015,0.7875931031491598,1.0284788167776393,0.002257828566356253,0.004747952104294351,-0.5000000000000004,0.8660254037844384,0.0,1.0,1,0,1,0,662
2019-12-03 02:00:00,0.0015968917778679385,70.35960084930848,0.0012510226029498472,0.0008576075560164097,0.00039341504693343754,20.87833373734951,34.46597000550749,12.880000639554124,85.52311435523201,86.93410235315478,0.010486271977965256,168.6792663210161,-15.967153284671,0.7350399359569244,0.8223788350600454,0.9622710540205461,0.002528842793394124,0.004220915935950975,0.49999999999999994,0.8660254037844387,0.7818314824680298,0.6234898018587336,1,0,1,0,661
2019-12-03 06:00:00,0.001587828079448806,73.10491414356362,0.001470194102483502,0.0008614232444400514,0.0006087708580434505,22.959617088422245,36.100503930998734,12.028271107460997,86.92214111922202,86.17193836172021,0.01152675149363036,149.75597766932012,-6.478102189780999,0.6127284115356164,0.8270731680572608,0.9775846866345573,0.002798233825177536,0.004493509327741618,1.0,6.123233995736766e-17,0.7818314824680298,0.6234898018587336,0,0,0,0,660
2019-12-03 10:00:00,0.0016172689309167485,66.01383702101307,0.0015358105867051552,0.0007416317829293637,0.0007941788037757916,24.272355435216692,32.911662082437296,13.659922073342127,86.95255474452567,86.46593673965985,0.01194917151922903,110.71841800778212,-16.697080291971,0.4654623320297838,0.812017083179595,0.8395632905152106,0.002955950792668324,0.0035789619148554053,0.49999999999999994,-0.8660254037844387,0.7818314824680298,0.6234898018587336,1,0,1,0,659
2019-12-03 14:00:00,0.001670321150136975,70.42697964270467,0.0016973527257768684,0.0007225391376008614,0.000974813588176007,25.789446306677497,32.79741876058409,12.281341326825949,90.76248365673507,88.2123931734942,0.012789185900439648,112.80482585048489,-4.537366548042831,0.6362027499205846,0.7862260499379456,0.9132006557053997,0.003120133902213499,0.004132911628333513,-0.4999999999999997,-0.8660254037844388,0.7818314824680298,0.6234898018587336,0,0,0,1,658
2019-12-03 18:00:00,0.0016310124965557631,66.91781664746948,0.0017567107808811322,0.0006255177541641002,0.001131193026717032,27.19817354446253,31.1887287558248,11.678950291673942,89.34697182627572,89.02067007584544,0.013148402792585223,97.88773644208328,-10.724637681159033,0.5744466526911824,0.8051747014650178,0.8280246329563328,0.003245180146444637,0.0038084120314001435,-1.0,-1.8369701987210297e-16,0.7818314824680298,0.6234898018587336,0,0,0,0,657
2019-12-03 22:00:00,0.0015687973182303423,65.05600693279673,0.0017576698180039596,0.0005011814330295422,0.0012564883849744174,28.228053032382576,30.10949283509864,12.413088547546094,89.65144377054555,89.9202997511854,0.01325841076434564,79.37020785780928,-15.783664459161495,0.5901365485182988,0.8371062244556815,0.7743164369126704,0.003325263852707696,0.003141872402221413,-0.5000000000000004,0.8660254037844384,0.7818314824680298,0.6234898018587336,0,0,0,0,656
2019-12-04 02:00:00,0.0015117403669281705,62.76406350013362,0.0017072796639776566,0.0003606330232025913,0.0013466466407750653,28.835258128326274,29.01405201592193,13.42620288759847,84.46779921297662,87.82207160326591,0.013201965914066083,65.18480048472327,-20.088300220749655,0.38702777173518926,0.8687007562472521,0.7214821655375235,0.0033590100881434955,0.002583855943376845,0.49999999999999994,0.8660254037844387,0.9749279121818236,-0.22252093395631434,1,0,1,0,655
2019-12-04 06:00:00,0.0015559017692904416,61.041945398650114,0.001625210116931619,0.0002228507809252428,0.0014023593360063763,28.642899582251946,26.176931538189674,15.326900727571509,80.27961736571012,84.79962011641074,0.012992443803850229,57.12253045167076,-23.2891832229585,-0.023475874024861763,0.8440442873195643,0.6792965230536183,0.003386594344787467,0.0022759474679066027,1.0,6.123233995736766e-17,0.9749279121818236,-0.22252093395631434,1,0,1,0,654
2019-12-04 10:00:00,0.0017340516429125608,71.23981550131303,0.0018199965388538963,0.00033410976227801585,0.0014858867765758805,29.4752091490156,30.007078929472716,12.769967984026076,85.35018108279337,83.36586588716,0.013416458548971999,88.6115756822022,-0.5719733079118106,0.25453101306953974,0.757330385959111,0.8969005666110031,0.003466101400302179,0.003792805003807187,0.49999999999999994,-0.8660254037844387,0.9749279121818236,-0.22252093395631434,0,1,0,1,653
2019-12-04 14:00:00,0.0019501908112759564,57.53693916622434,0.0017173363675522246,0.00018515967278107505,0.0015321766947711496,30.582289927258245,27.778956453582882,10.543627315479778,80.78780782893743,82.13920209248028,0.012770848053137662,69.58248989772025,-33.77541998231746,0.04967261232782374,0.6733956453936815,0.6581727377535918,0.0034643646086712984,0.002872980603502606,-0.4999999999999997,-0.8660254037844388,0.9749279121818236,-0.22252093395631434,0,0,0,0,652
2019-12-04 18:00:00,0.0019044628961848113,57.68600576150675,0.0016213224285832606,7.131658704968868e-05,0.001550005841533572,31.483954358165843,26.414100963464236,10.475660954280881,73.48292325977154,79.87363739050075,0.01138255841172775,37.67097853675851,-45.20383693045618,0.04605631513356426,0.6895644974920849,0.6441240133070528,0.0033982619616519504,0.00152687548855579,-1.0,-1.8369701987210297e-16,0.9749279121818236,-0.22252093395631434,1,0,1,0,651
2019-12-04 22:00:00,0.0018212869750287507,59.46369509612303,0.0015738890299197283,1.9106550708925148e-05,0.0015547824792108032,32.531775292148495,27.608451273538286,10.171637746969111,52.40691436240911,68.892548483706,0.01071821235078163,53.866307358339505,-63.79999999999906,0.004511088254940139,0.721056054320747,0.6754490337059834,0.00333738572212428,0.0020640587828046897,-0.5000000000000004,0.8660254037844384,0.9749279121818236,-0.22252093395631434,1,0,1,0,650
2019-12-05 02:00:00,0.001732623619669556,59.00343236481252,0.0015108128454406344,-3.517570701613501e-05,0.0015459885524567694,33.57233925363805,27.60791939070504,9.928424843622999,41.73205435651534,55.87396399289863,0.010012643806532662,55.65503222179849,-65.79999999999878,0.09663493669058094,0.7579545754146312,0.6468643076107946,0.003250891912809485,0.002015467413513772,0.49999999999999994,0.8660254037844387,0.43388373911755823,-0.900968867902419,1,0,1,0,649
2019-12-05 06:00:00,0.0017067219325503087,61.893939499924166,0.0015167695345759125,-2.33752143046855e-05,0.001540144748880598,34.78896103706356,28.53606248402187,9.359165569608102,40.933333333334105,45.02410068408614,0.009084376918454318,71.71827361472197,-47.59999999999987,0.034269429864910536,0.7694575050299176,0.7213690622980173,0.003118068347795367,0.0022590300204323732,1.0,6.123233995736766e-17,0.43388373911755823,-0.900968867902419,0,0,1,0,648
2019-12-05 10:00:00,0.001700527508796712,62.05225586395749,0.001508139937350661,-2.5603849223949753e-05,0.0015337437865746107,36.21820418601724,29.870588666193235,8.722310738876649,46.66666666666786,43.110684785505725,0.007829034167545768,101.03797135725965,-46.599999999997785,0.09293848014004713,0.7722603681543802,0.7162463419840822,0.0028271090163990886,0.0024953742854645355,0.49999999999999994,-0.8660254037844387,0.43388373911755823,-0.900968867902419,0,0,1,0,647
2019-12-05 14:00:00,0.0017047755438826602,65.75965955476411,0.001580716293514861,3.757800555220011e-05,0.001543138287962661,37.793405353754466,30.642695503434094,8.07910637789751,61.133333333334235,49.57777777777869,0.005867319660344705,163.246626343585,-22.399999999999675,0.23105944365219397,0.770336015619421,0.9175671587418037,0.0026734760848213814,0.003059344342627446,-0.4999999999999997,-0.8660254037844388,0.43388373911755823,-0.900968867902419,0,1,0,1,646
2019-12-05 18:00:00,0.0016680058621767577,65.36182232747808,0.0016139802045438412,5.667353326494406e-05,0.001557306671278897,39.263022621381374,29.16681821141857,7.66740276360378,68.97031039136361,58.923436797121866,0.004325475696003611,184.68070599536847,-24.089068825911696,0.26003340706965766,0.7873173768623336,0.9675786299917635,0.0025478863671126468,0.002980196795216994,-1.0,-1.8369701987210297e-16,0.43388373911755823,-0.900968867902419,0,1,0,1,645
2019-12-05 22:00:00,0.001578148300592705,66.11866270204341,0.001640794035639992,6.678989148887582e-05,0.0015740041441511161,40.627667227034934,28.625569265142598,7.52511869146425,78.09338731443968,69.39901034637914,0.004666673332979432,177.8971878918044,-19.230769230769575,0.30796741506061226,0.8321461294269891,0.9510707842188064,0.002378743016272179,0.002999381051599581,-0.5000000000000004,0.8660254037844384,0.43388373911755823,-0.900968867902419,0,1,0,1,644
2019-12-06 02:00:00,0.001486137707693235,66.05390056572887,0.0016423057946395314,5.464132039073198e-05,0.0015876644742487994,41.965298280536096,29.091714536631315,7.42023106375516,79.08232118758343,75.38200629779554,0.00496547439795636,157.3149828594376,-19.433198380568474,-0.007202405603478762,0.8836664282197717,0.8943228467366543,0.002128487887799689,0.0029035639008048175,0.49999999999999994,0.8660254037844387,-0.433883739117558,-0.9009688679024191,0,1,0,1,643
2019-12-06 06:00:00,0.0014842707285722906,59.865421720908984,0.001546597847478015,-3.285330141662756e-05,0.0015794511488946427,41.683951233222125,27.047713956516823,12.144362621486861,74.02159244264391,77.06576698155563,0.004847502861967001,94.40066160732796,-39.27125506073026,0.1697057230547124,0.8847779415977609,0.6766889106388827,0.0016830811919855558,0.0020610121220734356,1.0,6.123233995736766e-17,-0.433883739117558,-0.9009688679024191,0,1,0,1,642
2019-12-06 10:00:00,0.001609679962245708,50.330943247589246,0.0013072073151152441,-0.0002177950670235189,0.001525002382138763,38.89308226396153,23.158982066835705,21.980047367396057,54.925775978405426,69.34322986954423,0.004743572914668981,-38.657969255664185,-76.518218623485,-0.0009026492756298698,0.8158454045534924,0.2873965430400545,0.001120092507943616,0.00027693115230764676,0.49999999999999994,-0.8660254037844387,-0.433883739117558,-0.9009688679024191,0,1,0,1,641
2019-12-06 14:00:00,0.0017754171077995853,41.318404292284,0.0009180870140892416,-0.0004855322944396173,0.001403619308528859,37.663715909662656,19.497275147260623,30.292718269929573,34.66694258582033,54.53810366895652,0.005564537356938182,-197.7886977887114,-80.20969855832378,-0.26433784722536374,0.7396853360434351,-0.07587896251689309,0.0011928728820221695,-0.002048290006543718,-0.4999999999999997,-0.8660254037844388,-0.433883739117558,-0.9009688679024191,1,0,1,0,640
2019-12-06 18:00:00,0.0017371730286710526,44.947888249372355,0.0006665758151189749,-0.0005896347947279073,0.0012562106098468822,36.5221614378137,18.503187923626744,28.74821505223207,24.51577072532992,38.03616309651852,0.005820931540291063,-173.6865510450535,-69.72477064220148,-0.18315844558930788,0.7559696002214839,0.09516788959142426,0.001303817501260468,-0.0018077601393535758,-1.0,-1.8369701987210297e-16,-0.433883739117558,-0.9009688679024191,0,0,0,0,639
2019-12-08 22:00:00,0.001674517812337412,42.91138525608603,0.00041645649039745436,-0.0006718032955595422,0.0010882597859569966,35.46214657109681,17.824410789905894,27.69360591713121,24.97422455220635,28.05231262111883,0.006348996770887183,-156.0829591618541,-75.1428571428557,-0.31643287295805256,0.7842556169449589,0.06371059870410509,0.0014074813619805201,-0.0017888726615384876,-0.5000000000000004,0.8660254037844384,-0.7818314824680299,0.6234898018587334,1,0,1,0,638
2019-12-09 02:00:00,0.0016020522543133185,43.77768231099852,0.00023010708794712897,-0.0006865221584078941,0.000916629246355023,34.533739915817954,17.29990002612657,27.3245355627501,27.520314547837852,25.67010327512467,0.006738639328285778,-134.2614075792791,-72.57142857142928,-0.3046994023204176,0.8197298162180693,0.13308616479569782,0.0014962211593720328,-0.0016457628486159503,0.49999999999999994,0.8660254037844387,0.0,1.0,1,0,1,0,637
2019-12-09 06:00:00,0.0015654770932909412,46.86505945146994,0.0001325386719195354,-0.0006272724595483901,0.0007598111314679255,32.86817102705012,20.72848096770621,25.965582258398673,29.61904761904756,27.37119557303055,0.006918220580229395,-88.63572092271765,-63.42857142857237,-0.3556956325979397,0.8388816454920396,0.2451656853731421,0.0015437829970992279,-0.0008731684873932721,1.0,6.123233995736766e-17,0.0,1.0,0,0,0,0,636
2019-12-09 10:00:00,0.0015743715866273003,51.2771499227254,0.0001327624066911337,-0.0005016389798214335,0.0006344013865125672,30.662307045476897,23.040916862650512,23.97468205281711,38.190476190475316,31.77661278578687,0.006920006936174783,-52.17514927495206,-49.42857142857243,-0.2611600911358775,0.8341423404453784,0.3869943329229766,0.0015528464332290727,-0.000159315008401828,0.49999999999999994,-0.8660254037844387,0.0,1.0,0,0,0,1,635
2019-12-09 14:00:00,0.001616202187582489,43.939904929836366,-1.455817041584595e-05,-0.0005191676455427306,0.0005046094751268846,29.005520755239612,20.84138740818969,24.205146798502025,37.190476190475096,34.99999999999928,0.007236147040842855,-84.10129617141996,-75.57142857142995,-0.4474776486265174,0.8125530395206035,0.14981363898530178,0.0016004694108440142,-0.0009132364743964505,-0.4999999999999997,-0.8660254037844388,0.0,1.0,1,0,1,0,634
2019-12-09 18:00:00,0.001575044888469449,47.22823978622145,-7.078303087970639e-05,-0.0004603140048052728,0.0003895309739255664,27.467076342876414,19.85842028029593,23.063530688078355,36.66666666666636,37.34920634920555,0.007012342261802917,-79.10536290380303,-64.99999999999856,-0.3799542614301308,0.8337857604021378,0.2748255944948662,0.0016471719774975597,-0.0009444442231112404,-1.0,-1.8369701987210297e-16,0.0,1.0,1,0,1,0,633
2019-12-09 22:00:00,0.0015032559678644856,48.716676085592965,-8.690469613337193e-05,-0.00038114853604715067,0.00029424383991377874,25.826200777451294,20.508471176135853,22.438876472104408,33.095238095238656,35.65079365079333,0.007093733572432814,-54.397336450259274,-60.14285714285555,-0.2613366015427783,0.8736037162490652,0.33252824653343455,0.0016722538175218992,-0.0004671553519293159,-0.5000000000000004,0.8660254037844384,0.0,1.0,1,0,1,0,632
2019-12-10 02:00:00,0.0014337376844456037,48.500032183237295,-0.000102533867529786,-0.0003174221659548518,0.0002148882984250658,24.078257185899048,21.26227066524188,21.846388905254315,38.000000000001044,35.920634920635315,0.007175364520124017,-44.54825426485628,-60.857142857142776,-0.10019497400346118,0.9159625322311356,0.3352696930330186,0.0016888402711495647,-0.0002733829237748786,0.49999999999999994,0.8660254037844387,0.7818314824680298,0.6234898018587336,1,0,1,0,631
2019-12-10 06:00:00,0.0014248992784137852,53.001626258563725,-3.383838794013272e-05,-0.00019898134909215884,0.00016514296115202612,22.856986003160632,23.47528048973176,20.411762718014256,44.14285714285834,38.41269841269931,0.0071608725722951405,-19.66841512380488,-46.57142857142668,0.2017186793306356,0.9216440908454424,0.47947177546928726,0.001691587859026532,0.0002575543767942001,1.0,6.123233995736766e-17,0.7818314824680298,0.6234898018587336,1,0,1,0,630
2019-12-10 10:00:00,0.0014281207585270762,53.6129466431912,3.153657057541892e-05,-0.00010688511246128576,0.00013842168303670468,22.214863081487554,25.000328479147246,18.911024721878853,49.33333333333372,43.82539682539766,0.007148811369496855,-0.7401141890464623,-44.57142857142941,0.14191448974056306,0.9195650943092861,0.502238134309721,0.0016618746993100743,0.0006294833599840288,0.49999999999999994,-0.8660254037844387,0.7818314824680298,0.6234898018587336,1,0,1,0,629
2019-12-10 14:00:00,0.001488254990060856,57.090554557171735,0.00014701226091573538,6.872462303224563e-06,0.00014013979861251082,22.40800895367305,28.035966802204786,16.850700650814087,61.62336960716292,51.69985336111828,0.0070782754959553,34.05323886351951,-23.987034035655164,0.2667920740144527,0.8824092704344302,0.6206508563403796,0.0016583050880339316,0.0013181913578517168,-0.4999999999999997,-0.8660254037844388,0.7818314824680298,0.6234898018587336,0,0,0,0,628
2019-12-10 18:00:00,0.0014755224907708052,59.587943233161695,0.00028526800393535723,0.00011610256425827713,0.0001691654396770801,22.654438338536593,26.7905427637077,15.782100109521988,74.33108717694826,61.76259670581493,0.00707993531020179,60.07710430499034,-8.448275862070675,0.30653488981924426,0.8900237090347332,0.7081233705450211,0.0016781937550509327,0.0017647360492236697,-1.0,-1.8369701987210297e-16,0.7818314824680298,0.6234898018587336,0,0,0,0,627
2019-12-10 22:00:00,0.0014365565985728817,60.58412236525933,0.000410280133037233,0.0001928917546881223,0.0002173883783491107,22.88326562448131,25.55170714431276,15.05231169362553,87.49689811020124,74.48378496477078,0.00683722633797057,67.71494252874399,-5.073995771670436,0.2711129185305783,0.9141651650235165,0.7590231641396321,0.0016994544924070383,0.0017063571652857767,-0.5000000000000004,0.8660254037844384,0.7818314824680298,0.6234898018587336,0,0,0,0,626
2019-12-11 02:00:00,0.001386802555817673,57.01228543947884,0.0004564830246920337,0.0001912757170743384,0.0002652073076176953,23.095748104287118,24.57781924000729,14.478601913395815,89.2753476576661,83.70111098160515,0.00649267248493457,66.06495836838569,-18.651685393260585,0.12911614132348942,0.9469624889937518,0.6932178163785169,0.0017135753732138938,0.0014226485920627585,0.49999999999999994,0.8660254037844387,0.9749279121818236,-0.22252093395631434,0,0,0,0,625
2019-12-11 06:00:00,0.0013641738018306895,53.66288201388178,0.0004412119794108271,0.00014080373743450544,0.0003004082419763217,22.304440049572268,23.200833689615973,18.222777946469492,81.52964185887983,86.10062920891569,0.005939560926247811,43.89395914819669,-31.685393258429496,0.2423803925115326,0.9626705909742946,0.632838101973703,0.0017075008753245943,0.0006985700380310877,1.0,6.123233995736766e-17,0.9749279121818236,-0.22252093395631434,0,0,0,0,624
2019-12-11 10:00:00,0.001412447101699929,54.50651552472609,0.0004377806820605734,0.00010989795206740134,0.0003278827299931721,20.75198393583302,20.807333143655974,21.045919475705393,73.49548358669074,81.43349103441219,0.005319871802646592,42.5889134510451,-29.176470588237756,0.1907017099887779,0.929769333251106,0.7000988067927584,0.0016862703547900072,0.0004218844349885842,0.49999999999999994,-0.8660254037844387,0.9749279121818236,-0.22252093395631434,1,0,1,0,623
2019-12-11 14:00:00,0.001413700880149937,57.94990315424995,0.0004867415666771624,0.00012708706934719223,0.00035965449732997017,19.82082091642954,22.79024976422025,19.52530760042728,75.55584930601186,76.86032491719409,0.005192340127206041,100.0014632932936,-12.470588235297186,0.22407343826232995,0.9289447424413549,0.8457978398972842,0.0016424044665264044,0.0012161336801894684,-0.4999999999999997,-0.8660254037844388,0.9749279121818236,-0.22252093395631434,1,0,1,0,622
2019-12-11 18:00:00,0.0017170079601392272,70.58143730079624,0.0008179019000182919,0.00036659792215065735,0.00045130397786763453,21.452400686527447,37.14275774587617,14.927889817199912,80.5372899159644,76.52954093622229,0.007091965876724782,223.22756620232374,-16.741071428571917,0.5665338429427229,0.7648479392567943,1.2441519166526653,0.001792424454986892,0.0038757763191077377,-1.0,-1.8369701987210297e-16,0.9749279121818236,-0.22252093395631434,0,0,0,0,621
2019-12-11 22:00:00,0.0016757931058435623,72.9234810850206,0.0011478092620378355,0.0005572042273361607,0.0005906050347016748,22.9674390444755,35.33795159670567,14.202527755487806,88.39849972427352,81.49721298208323,0.008659098105269436,238.43851439652747,-5.59284116331038,0.5660224061820116,0.7836587914227843,1.1758787033996692,0.0020731597392511267,0.004976380880245435,-0.5000000000000004,0.8660254037844384,0.9749279121818236,-0.22252093395631434,0,0,0,0,620
2019-12-12 02:00:00,0.0016053793125690278,72.94667525781932,0.0013940009643376161,0.000642716743708753,0.0007512842206288631,24.51709426868932,35.988301387376936,13.766505116095606,90.56833894950195,86.50137619657993,0.00986745843653436,209.89531190132075,-5.9610705596118585,0.5542166499679597,0.8180309723179724,1.055056809737481,0.002348983707186081,0.004958537076492409,0.49999999999999994,0.8660254037844387,0.43388373911755823,-0.900968867902419,0,0,0,0,619
2019-12-12 06:00:00,0.0016128522188141045,65.45877111477901,0.001472082771389216,0.0005766388406082822,0.0008954439307809338,24.845819712768463,33.26287254529443,18.259843734650563,88.92229676069682,89.2963784781574,0.010171556419583894,149.69040952445562,-21.67919799498732,0.3689071688855149,0.8142407498224508,0.8819474463632841,0.0025301677359901623,0.0037277207770394227,1.0,6.123233995736766e-17,0.43388373911755823,-0.900968867902419,0,0,0,0,618
2019-12-12 10:00:00,0.00169550563175595,68.54352494309397,0.001604231392054567,0.0005670299690189065,0.0010372014230356605,25.67237250272772,34.605154098055834,16.1290100513592,84.91961152813785,88.13674907944551,0.010664228804598164,151.560490327319,-17.60089686098727,0.4119715135671111,0.7745477074233796,0.9301295559245776,0.002777150814529479,0.004202303114876571,0.49999999999999994,-0.8660254037844387,0.43388373911755823,-0.900968867902419,0,0,0,0,617
2019-12-12 14:00:00,0.001861540943773376,54.90908577896796,0.0014629320903873921,0.0003405845338813852,0.001122347556506007,25.063113585350187,29.26730598205217,20.701311908213093,69.46891262807942,81.10360697230466,0.010458926139754965,82.3936003813488,-52.313167259787164,0.13338740931007398,0.7054639353448866,0.6456172440314817,0.002804046675387694,0.002249985532353005,-0.4999999999999997,-0.8660254037844388,0.43388373911755823,-0.900968867902419,1,0,1,0,616
2019-12-12 18:00:00,0.0019592880192181397,61.0748483237583,0.0015030772860569197,0.0003045837836407302,0.0011984935024161895,24.152394500474305,25.82095938665712,20.15937898893276,67.53954501562761,73.97602305728158,0.010747502779570706,73.91486908684136,-27.467300832342765,0.37602799018900657,0.6702689891014884,0.8110490007366535,0.0028127013472574393,0.0021527866897645964,-1.0,-1.8369701987210297e-16,0.43388373911755823,-0.900968867902419,0,0,0,0,615
2019-12-12 22:00:00,0.0024950531607025603,70.52161237844429,0.0018819593933643297,0.000546772712758512,0.0013351866806058177,25.53113311594239,37.29319488602278,14.699783743228807,67.51659294048316,68.17501686139668,0.012102826777119269,150.95693574308,-17.669753086420602,0.8408668507190671,0.526341490708043,1.1042390042155734,0.003048938240804342,0.005427497087916899,-0.5000000000000004,0.8660254037844384,0.43388373911755823,-0.900968867902419,0,1,0,1,614
2019-12-13 02:00:00,0.002396120792080945,69.60603309410828,0.0021390099401905616,0.0006430586076677952,0.0014959513325227664,26.811390401734183,36.05919299250112,14.21337969474376,78.47283387893059,71.17632394501375,0.013010920182563002,160.51866756092102,-19.44444444444492,0.8046547291506959,0.5480733710671946,1.0020013887067964,0.0033408586762912504,0.006348763987550132,0.49999999999999994,0.8660254037844387,-0.433883739117558,-0.9009688679024191,0,0,0,0,613
2019-12-13 06:00:00,0.002359255021218028,70.6239194160821,0.002361496722573575,0.0006924363120406468,0.0016690604105329282,27.549784892735936,34.00675082579343,15.584237558369262,82.61316872427913,76.20086518123092,0.01381025285782611,140.3699920553795,-15.046296296297113,0.7915186701043949,0.556637577620583,0.9734525911518492,0.003573796000665178,0.005810196201879059,1.0,6.123233995736766e-17,-0.433883739117558,-0.9009688679024191,0,1,0,1,612
2019-12-13 10:00:00,0.002330022519702447,66.1849051955251,0.0024243396805936346,0.000604223416048565,0.0018201162645450695,28.358867976570394,33.29206845950829,14.65263211612109,80.76131687242771,80.61577315854576,0.013867875972807031,125.19151537654776,-23.225308641974827,0.35759209344115855,0.5636211619824633,0.8580937707935866,0.003760707739962907,0.005262580505728698,0.49999999999999994,-0.8660254037844387,-0.433883739117558,-0.9009688679024191,0,1,0,1,611
2019-12-13 14:00:00,0.002597163768295131,49.23764270382141,0.0020159763037650436,0.00015668803137597917,0.0018592882723890644,26.40692232365313,27.734278897565435,27.167892268376452,65.63786008230466,76.33744855967046,0.013311036623688821,29.311334723351695,-64.81481481481411,-0.21633752244165377,0.5056477439087574,0.4536474868604859,0.0036556833193677617,0.0011155740652704083,-0.4999999999999997,-0.8660254037844388,-0.433883739117558,-0.9009688679024191,1,0,1,0,610
2019-12-13 18:00:00,0.00249308064198833,51.1615712207075,0.0017344838996540268,-9.984349818803018e-05,0.001834327397842057,24.590510345402496,26.828426647062603,26.309189967032427,48.84082791577583,65.0800016235027,0.012702297587334765,-10.229676540508247,-65.43739279588357,-0.14811357169145065,0.5267579306831532,0.49437109707842986,0.0034947469205580516,-0.0002555385266180821,-1.0,-1.8369701987210297e-16,-0.433883739117558,-0.9009688679024191,1,0,1,0,609
2019-12-15 22:00:00,0.002375717738989165,52.324084654260176,0.001530870376209359,-0.00024276561730615849,0.0017736359935155174,23.210308550247756,28.487950312694508,25.636827400404663,35.14761988462507,49.87543596090182,0.012228022080338352,4.814372938451541,-64.30493273542712,0.004493291515756488,0.552780314953901,0.5148429565147656,0.00334441894562245,0.00047330455551142236,-0.5000000000000004,0.8660254037844384,-0.7818314824680299,0.6234898018587334,1,0,1,0,608
2019-12-16 02:00:00,0.0022674521862042305,54.08941139501672,0.001408941030191846,-0.0002917559706589372,0.0017006970008507831,22.140441830959755,29.417261536686876,24.94228852864826,34.438508569453084,39.475652123284625,0.011853552378813248,16.58930977691104,-66.94214876033008,-0.032319750060591984,0.5791742855660441,0.5557638738899282,0.003186312501811543,0.0009782401910705119,0.49999999999999994,0.8660254037844387,0.0,1.0,0,0,1,0,607
2019-12-16 06:00:00,0.002279777030046785,54.05817053387613,0.0012965583114579182,-0.0003233109515142921,0.0016198692629722103,21.673684170859993,31.554747569980826,23.03548601469951,33.90248798626269,34.49620548011358,0.011467995639923068,23.46973175156231,-67.04545454545473,0.22231622908472068,0.5760431755789073,0.5395448354044847,0.00304293680715532,0.0012679809757849547,1.0,6.123233995736766e-17,0.0,1.0,0,0,1,0,606
2019-12-16 10:00:00,0.0022690786707577266,58.84511533791733,0.0013429073687296622,-0.00022156951539403845,0.0015644768841237007,21.385707399665144,30.698150300073557,21.49094518272372,39.42837465564748,35.923123737121045,0.0109923034891386,49.9789398371794,-47.72727272727278,0.2012343571730184,0.5787591311505559,0.6822184041751891,0.002923728125436943,0.0020804091643886746,0.49999999999999994,-0.8660254037844387,0.0,1.0,0,0,0,1,605
2019-12-16 14:00:00,0.002272001622846463,55.29484338678248,0.0012785608196550502,-0.00022873285157492033,0.0015072936712299705,21.245415380380443,29.537665490367544,19.930204239807107,42.1487603305788,38.493207657496285,0.010011450244463482,36.51282051282553,-58.780991735536105,-0.304196117026022,0.5780145519239124,0.56362714536313,0.0028210362156865175,0.0017391764312375546,-0.4999999999999997,-0.8660254037844388,0.0,1.0,0,0,0,0,604
2019-12-16 18:00:00,0.002157572935500283,55.72500397969176,0.001226339895797235,-0.0002247630203461887,0.0014511029161434236,21.115144219616074,28.88249029152258,19.48813221721972,45.45454545454595,42.34389348025737,0.008855843494405491,24.98483220396825,-57.128099173553295,-0.26935846152469034,0.6086700377039596,0.5566292753837334,0.0027293420252143727,0.0015387089834049128,-1.0,-1.8369701987210297e-16,0.0,1.0,0,0,0,0,603
2019-12-16 22:00:00,0.0021841748686788286,53.909463018362345,0.0011299692016544238,-0.00025690697159119996,0.0013868761732456238,21.44391955929279,30.253629184543072,17.875722906938364,40.53030303030345,42.71120293847603,0.0077388254921166855,13.778088020209239,-62.50000000000029,-0.3667131766305314,0.601256803579268,0.4673723098864029,0.002620668126499152,0.0013910789313991145,-0.5000000000000004,0.8660254037844384,0.0,1.0,0,0,0,0,602
2019-12-17 02:00:00,0.002101019520916057,56.32589802905083,0.001107001060070445,-0.00022390009054014328,0.0013309011506105882,21.749210946135456,29.204522804758323,17.255845707064616,41.69549618809648,42.56011489098192,0.007673689855437704,13.246894710028844,-55.28541226215702,-0.19875020143602487,0.625053687948323,0.5624862366127795,0.0024776022405585533,0.0013687259502206395,0.49999999999999994,0.8660254037844387,0.7818314824680298,0.6234898018587336,0,0,0,0,601
2019-12-17 06:00:00,0.0021123752694220477,57.123015234901594,0.0010979291421908677,-0.00018637760673577658,0.0012843067489266443,21.38892375042396,26.972701374224812,19.250952135227706,44.56702474144282,42.26427465328088,0.007696072764563411,3.438832772168261,-48.51351351351425,0.3094666198868186,0.6216935120431083,0.5906956081826604,0.0022378026473546843,0.0011212278742027681,1.0,6.123233995736766e-17,0.7818314824680298,0.6234898018587336,0,0,0,0,600
2019-12-17 10:00:00,0.002176491321606184,55.54599778634792,0.0010471983900948167,-0.00018968668706546192,0.0012368850771602787,21.95357441008264,31.725179017813595,17.349288357391238,47.472430146848545,44.57831702546258,0.007694582769549818,58.33115809622436,-53.78378378378314,0.20496961415369663,0.6033793872565785,0.5359343720486341,0.0019295547731238497,0.0020680629775999826,0.49999999999999994,-0.8660254037844387,0.7818314824680298,0.6234898018587336,0,0,0,0,599
2019-12-17 14:00:00,0.002106741941491447,57.33487749445896,0.001039392833437125,-0.00015799379497852305,0.001197386628415648,22.477892879765704,30.434417674379034,16.643420291674545,50.45045045044992,47.49663511291373,0.007582046952998134,36.9685603188673,-46.351351351352875,0.2129724483743987,0.6233558909784165,0.5930487511318867,0.0016306124865896944,0.0016082179393916984,-0.4999999999999997,-0.8660254037844388,0.7818314824680298,0.6234898018587336,0,1,0,1,598
2019-12-17 18:00:00,0.0020141175170992147,56.797839114504704,0.0010118597866719536,-0.00014842147339495554,0.0011602812600669092,22.943321689104376,29.56016459023082,16.27171654310766,53.82162162162129,50.581500739639885,0.007576410495576447,24.10033101447019,-38.40000000000015,0.14009752943395262,0.6520225303890795,0.5693600221776228,0.0015679569091214976,0.001304760504240443,-1.0,-1.8369701987210297e-16,0.7818314824680298,0.6234898018587336,0,1,0,1,597
2019-12-17 22:00:00,0.0019816805515921283,52.51579122634092,0.0009013782282472071,-0.00020712242545576167,0.0011085006537029688,22.888285155583624,27.89801631469947,17.77174648195756,53.776216216215964,52.682762762762344,0.00687762284495852,-10.24203238542958,-53.91999999999912,0.05388414907949313,0.6626951043874878,0.4130513531374832,0.0015593378728008386,0.0007219796639010845,-0.5000000000000004,0.8660254037844384,0.7818314824680298,0.6234898018587336,0,1,0,1,596
2019-12-18 02:00:00,0.0019329890836212518,50.12436811387478,0.0007590764006695228,-0.00027953940242675694,0.0010386158030962797,22.172509091871667,26.557848329109202,20.502407441918354,43.872741312741034,50.49019305019272,0.006813205999931071,-69.59405955387075,-76.06177606177766,-0.16496767888683253,0.6793882133776794,0.32563274910340184,0.0015679017641838289,-0.0001852453758777184,0.49999999999999994,0.8660254037844387,0.9749279121818236,-0.22252093395631434,0,1,0,1,595
2019-12-18 06:00:00,0.0019106327205054448,49.234822931582954,0.0006221837847533163,-0.00033314561467437083,0.0009553293994276871,21.32139008688568,24.949416516689414,20.307486969465735,28.032299628821338,41.89375238592607,0.006332619047240584,-73.33405726283475,-85.92132505175923,-0.08794759041550577,0.6873377525182279,0.31382110763262094,0.0015593581197638467,-0.00030842574580769444,1.0,6.123233995736766e-17,0.9749279121818236,-0.22252093395631434,0,0,0,1,594
2019-12-18 10:00:00,0.0019613018118979177,43.07945097015642,0.0003825991565027387,-0.0004581841943399588,0.0008407833508426975,20.04709400957379,22.568801221962104,24.196827329750647,16.260443154562473,29.388494698708243,0.006146336794989438,-140.0744710617566,-89.23556942277571,-0.2431670943775452,0.669580781516329,0.09927350515387523,0.001625706232048049,-0.001439885019476339,0.49999999999999994,-0.8660254037844387,0.9749279121818236,-0.22252093395631434,1,0,1,0,593
2019-12-18 14:00:00,0.0019840659681909277,43.41910347141324,0.00019611434341171297,-0.0005157352059447877,0.0007118495493565007,18.863819080641324,20.716297049396236,22.21069066478684,12.233193261478954,18.841978681620883,0.005393916573085189,-127.0050828437501,-88.14352574102823,-0.19031545684685888,0.6618983547192344,0.1140096028943466,0.0016313268509982354,-0.001346160884584835,-0.4999999999999997,-0.8660254037844388,0.9749279121818236,-0.22252093395631434,0,0,1,0,592
2019-12-18 18:00:00,0.0018973469704629997,41.955495288155554,1.7459696763033605e-05,-0.0005555118820747738,0.0005729715788378074,17.765063789489748,20.115776240364315,21.56685060517714,9.516380655227325,12.670005690422878,0.005013637401864113,-149.8906160046122,-94.0717628705141,-0.29782195270730827,0.6921506822126131,0.06418866685737942,0.0016766584490742885,-0.001732201347151463,-1.0,-1.8369701987210297e-16,0.9749279121818236,-0.22252093395631434,1,0,1,0,591
2019-12-18 22:00:00,0.0018418221868585006,46.69162368247086,-4.8522829206865126e-05,-0.0004971955264357381,0.0004486726972288729,16.537571213394962,20.870864278012277,20.630089141055016,12.740509620386254,11.496694512364138,0.004802006247119461,-105.2903309078442,-79.56318252729892,-0.2385586038043716,0.7130167121289496,0.2305292968379358,0.0016947766444277781,-0.0011581585727125088,-0.5000000000000004,0.8660254037844384,0.9749279121818236,-0.22252093395631434,0,0,0,0,590
2019-12-19 02:00:00,0.0017781206020828937,48.30352684706262,-7.334078739740235e-05,-0.0004176107877010202,0.00034427000030361784,15.91461567141529,23.20770877983969,19.842797826641174,17.316692667708086,13.191194314440517,0.004736849585682101,-66.21803499326013,-74.41497659906273,-0.17404722601019634,0.7385607019353224,0.29290032705168584,0.0015556591343516665,-0.00043377255356236155,0.49999999999999994,0.8660254037844387,0.43388373911755823,-0.900968867902419,0,0,0,0,589
2019-12-19 06:00:00,0.001758969130505537,52.819473033734496,-1.457034680729663e-05,-0.00028707227768873163,0.000272501930881435,15.757316180279444,24.546007249701088,18.62606954940404,28.913156526262142,19.656786271452123,0.004670747691471355,-29.440684828502956,-59.28237129485194,-0.1362996440068478,0.7466020734670682,0.4885457311047137,0.0013633512203468981,0.0001437292507227017,1.0,6.123233995736766e-17,0.43388373911755823,-0.900968867902419,0,1,0,1,588
2019-12-19 10:00:00,0.0018783284783265733,43.70606250815186,-0.00013986905749230338,-0.00032989679069899075,0.00019002773320668734,14.680022544420929,21.344345854706642,21.63454157114351,24.732462982730294,23.654104058900135,0.005050281576048032,-92.3853412332562,-92.10526315789447,-0.31836566314221904,0.6991588612711612,0.083389565845492,0.0011546982286713642,-0.0008153690893351051,0.49999999999999994,-0.8660254037844387,0.43388373911755823,-0.900968867902419,0,0,0,0,587
2019-12-19 14:00:00,0.001912019301303252,48.18417985706559,-0.0001566715338696678,-0.00027735941366108414,0.00012068787979141633,13.86404514022958,19.470514921680074,20.781248754463324,25.0567430162456,26.234120841745977,0.00514098045098077,-93.65055157337311,-73.4421364985168,-0.14181850821291955,0.6868393007878505,0.29478622607896504,0.0011928081253640274,-0.0009464062288551123,-0.4999999999999997,-0.8660254037844388,0.43388373911755823,-0.900968867902419,0,1,0,1,586
2019-12-19 18:00:00,0.001861875065495872,47.53265560233675,-0.00018081396939173544,-0.00024120147934652143,6.0387509954785976e-05,13.106351836337614,18.566690158759574,19.81657949408436,22.179738172272554,23.98964805708278,0.0049669543985571,-71.19091093528495,-67.91338582677109,-0.10507125986725939,0.7053373367188002,0.28568355684737895,0.0011738585009681331,-0.0006437603972135886,-1.0,-1.8369701987210297e-16,0.43388373911755823,-0.900968867902419,0,1,0,1,585
2019-12-19 22:00:00,0.0018038839893890237,45.50342687307796,-0.0002367567440100249,-0.00023771540317184869,9.586591618238041e-07,12.50536616475798,17.7947437530605,19.547025872611833,27.565036862034333,24.933839350184126,0.005074880885038713,-81.53051501931887,-75.94936708860914,-0.13024108073152132,0.7280124485415486,0.2176288404669998,0.0012029973302511907,-0.0008774595654368333,-0.5000000000000004,0.8660254037844384,0.43388373911755823,-0.900968867902419,0,1,0,1,584
2019-12-20 02:00:00,0.0017193208472898122,46.00999850614133,-0.0002699112626538547,-0.00021669593745254277,-5.3215325201311895e-05,12.106741411599836,17.33639245761856,19.915977367657216,27.43252821245356,25.72576774892011,0.005084978269109808,-86.81324086370304,-73.83966244725914,0.01978862154260283,0.7638190405648213,0.2623392006723892,0.0012530291718779003,-0.001037262800201777,0.49999999999999994,0.8660254037844387,-0.433883739117558,-0.9009688679024191,0,1,0,1,583
2019-12-20 06:00:00,0.001660797929626247,46.7035803934855,-0.00028244074292871346,-0.00018338033418192125,-9.906040874679221e-05,11.41164112275766,18.25665779713859,19.14507513570059,29.046064727936596,28.014543267474792,0.00511744115719015,-68.42178245279857,-63.07277628032195,0.025183932650973895,0.7907343672420999,0.30722787625726955,0.0012858571002987075,-0.0007733484428522619,1.0,6.123233995736766e-17,-0.433883739117558,-0.9009688679024191,0,1,0,1,582
2019-12-20 10:00:00,0.0018007409346529407,35.51589570543392,-0.000525163945503726,-0.00034088282940554704,-0.00018428111609817898,12.599369252915258,15.635153505931038,27.81987051735487,24.05949012110888,26.84602768716631,0.00592825741658265,-167.487778796199,-90.9090909090923,-0.20693874613114238,0.7292831382505915,-0.1183098577579748,0.001425261050509258,-0.002551480567424269,0.49999999999999994,-0.8660254037844387,-0.433883739117558,-0.9009688679024191,0,1,0,1,581
2019-12-20 14:00:00,0.0018428308678920245,29.650008657700294,-0.0008904295435838705,-0.0005649187419885533,-0.0003255108015953173,14.482305159219713,14.186760107869754,32.297085881890524,15.687961481524576,22.93117211018998,0.007530353245181587,-260.2484797651491,-98.95424836601204,-0.49443979970693747,0.7126264395072778,-0.23402931044924938,0.001792141370688602,-0.0045369621220303635,-0.4999999999999997,-0.8660254037844388,-0.433883739117558,-0.9009688679024191,1,0,1,0,580
2019-12-20 18:00:00,0.0018197715201854487,35.92572708628418,-0.0010667438492750758,-0.0005929864381438068,-0.000473757411131269,16.288692876874357,13.340347910170026,30.958944167696053,9.703673233084546,16.48370827857263,0.008100639727649739,-235.84473108232078,-81.02564102564205,-0.4116113957041456,0.7216565296428914,0.012199019725252315,0.0020536943999796874,-0.004149471818934547,-1.0,-1.8369701987210297e-16,-0.433883739117558,-0.9009688679024191,0,0,0,0,579
2019-12-22 22:00:00,0.001764787840172202,35.2219091783103,-0.0012134659537426096,-0.0005917668340890724,-0.0006216991196535372,17.779090507443634,13.582895668923145,29.643250145036294,11.887045416457164,12.426226710355392,0.00835945931248716,-183.85325064023453,-84.35897435897444,-0.521698528289338,0.7441404400609749,0.04004202230441757,0.0022311579236926563,-0.0036304474067532233,-0.5000000000000004,0.8660254037844384,-0.7818314824680299,0.6234898018587334,1,0,1,0,578
2019-12-23 02:00:00,0.0016994458515884746,37.11011193630563,-0.0012850748281401092,-0.0005307005667892576,-0.0007543742613508516,19.16303116440082,13.097634071620986,28.58421742732801,18.33333333333287,13.308017327624825,0.008283179099662696,-141.63584052610764,-79.61538461538494,-0.29599107528429675,0.7727518936672817,0.12176358107147135,0.0023444435243594216,-0.0031774782808799973,0.49999999999999994,0.8660254037844387,0.0,1.0,0,0,0,0,577
2019-12-23 06:00:00,0.0016380568621893103,37.84832935021725,-0.0013153658285582903,-0.000448793253765951,-0.0008665725747923393,19.905457528134004,14.972590236903589,27.537212842061155,19.401709401709287,16.540696050499736,0.008274735282596701,-104.48407919303867,-77.82051282051279,-0.37302700176175496,0.801712095784516,0.17292005030152263,0.002401624010243092,-0.0025460800184096133,1.0,6.123233995736766e-17,0.0,1.0,0,0,0,0,576
2019-12-23 10:00:00,0.0016517670863186453,36.72099316467023,-0.0013512306769933868,-0.00038772648176083795,-0.0009635041952325489,21.108879557041778,13.787718922830203,29.81213149194441,20.12820512820503,19.287749287749026,0.008358854227525025,-104.31502733702852,-82.17948717948723,-0.38926246898485606,0.7950576148886033,0.16843541895088884,0.0023896608852807533,-0.002774793616936888,0.49999999999999994,-0.8660254037844387,0.0,1.0,0,0,0,0,575
2019-12-23 14:00:00,0.0016723551515816029,42.52314723370272,-0.0012785751516706245,-0.0002520567651504604,-0.001026518386520164,21.484011766003707,15.934042978893878,27.341896837725663,23.846153846153417,21.125356125355875,0.008148614360551587,-65.47535128531513,-68.46153846153977,-0.24912984431632648,0.7852698027437623,0.3170854658166486,0.0023144274402343424,-0.0017861434609156568,-0.4999999999999997,-0.8660254037844388,0.0,1.0,0,0,0,1,574
2019-12-23 18:00:00,0.0016079012121829124,42.057395872778464,-0.0012166532996180646,-0.00015210793047832033,-0.0010645453691397442,21.83234881718264,15.389001805220456,26.406637684563385,28.564792695227084,24.17971722319514,0.008190996032044762,-49.775203131451555,-63.66459627329179,-0.2688921463708397,0.8167479382748339,0.3202904757564075,0.0022074946270113165,-0.0013887186507088867,-1.0,-1.8369701987210297e-16,0.0,1.0,0,0,0,1,573
2019-12-23 22:00:00,0.0015423368398841386,41.36615995287874,-0.0011678352867607877,-8.263193409683471e-05,-0.001085203352663953,22.161818477316714,14.897242854450983,25.609119660659296,34.06976943438129,28.826905325253893,0.008209129308090368,-47.56069094304461,-65.66455696202459,-0.29583670533225565,0.8514676989098259,0.3183120348061963,0.002110987874637606,-0.001360421158652203,-0.5000000000000004,0.8660254037844384,0.0,1.0,0,0,0,0,572
2019-12-24 02:00:00,0.0014650270656066935,42.32691537575136,-0.0011035153588894175,-1.4649604980371614e-05,-0.001088865753909046,22.581672280904165,14.56313241503501,25.912371247614406,36.45838856718677,33.03098356559835,0.008217489640816922,-47.78595630330811,-61.29568106312331,-0.015327190435833481,0.8963998214300294,0.35299646816715846,0.002056725956154356,-0.001383454132626749,0.49999999999999994,0.8660254037844387,0.7818314824680298,0.6234898018587336,0,0,0,1,571
2019-12-24 06:00:00,0.0014668108466347862,36.49130133290926,-0.0011562160950715494,-5.3880272930002674e-05,-0.0011023358221415468,23.57737212393024,13.506463532327192,29.047967233617,29.44803660031305,33.325398200627,0.008270085610010192,-70.56177114781899,-84.69565217391298,0.0587241500808622,0.8953097142776852,0.20792321701287356,0.002025329812534391,-0.002033311135350102,1.0,6.123233995736766e-17,0.7818314824680298,0.6234898018587336,1,0,1,0,570
2019-12-24 10:00:00,0.0014777529290180124,38.506266135197016,-0.001158802528318681,-4.5173364941707194e-05,-0.0011136291633769737,24.804420164208405,12.448850483840252,29.57687321486708,24.959410660117673,30.28861194253913,0.008052854152216682,-73.1211874243616,-79.1304347826107,-0.025268021513920692,0.8886803566497906,0.2699573387293866,0.0020506235452710632,-0.0020883795778554592,0.49999999999999994,-0.8660254037844387,0.7818314824680298,0.6234898018587336,1,0,1,0,569
2019-12-24 14:00:00,0.0014850562912310055,44.27753141903052,-0.00107024429193614,3.4707897152667184e-05,-0.001104952189088807,25.027092294009968,15.398753874115702,27.329172959066852,24.99774441938187,26.468397226604157,0.0072021049698571815,-35.8360355866023,-61.18067978533075,0.08575090715433416,0.8843099132029599,0.4112065149457846,0.0020267491352583596,-0.0011147758782936723,-0.4999999999999997,-0.8660254037844388,0.7818314824680298,0.6234898018587336,0,0,0,0,568
2019-12-24 18:00:00,0.0014389808418573589,45.02223519207044,-0.0009782941717852989,0.0001013264138428067,-0.0010796205856281056,25.23385927168285,14.756684705735156,26.189650923855165,45.70998762437904,31.88904756795949,0.006955728286586638,-28.803516374283287,-22.558922558921445,0.06406612345812587,0.9126250758869922,0.4452968856282282,0.002013249990302805,-0.0009673271413632722,-1.0,-1.8369701987210297e-16,0.7818314824680298,0.6234898018587336,0,0,0,0,567
2019-12-24 22:00:00,0.0013969107817246758,43.02176514636269,-0.0009286091013331887,0.00012080918743593346,-0.0010494182887691222,25.432569855677027,14.115311195600702,25.102496756682424,59.85335365180297,43.52036189852125,0.006329720056748034,-31.388870242327343,-36.70033670033892,0.013533386865385426,0.9401101467472495,0.40513008559362457,0.001973842227788636,-0.001021807636720995,-0.5000000000000004,0.8660254037844384,0.7818314824680298,0.6234898018587336,0,0,0,0,566
2019-12-25 02:00:00,0.0013578457258872003,43.66360904185028,-0.0008711224039552601,0.00014263670785108983,-0.00101375911180635,25.631485612136608,13.484163620778958,24.085280300470778,67.93348074442515,57.83227400686902,0.005595602201441174,-24.871345609205086,-36.9402985074642,0.05324765574938119,0.9671570009486447,0.4439738586278424,0.0018769048081137196,-0.0009216630257833369,0.49999999999999994,0.8660254037844387,0.9749279121818236,-0.22252093395631434,0,0,0,0,565
2019-12-25 06:00:00,0.0013729996026095482,43.867894613428184,-0.000813762485451619,0.0001599973010837848,-0.0009737597865354038,26.273879947512828,12.382813968716446,25.499603357218348,63.51282308993546,63.76655249538783,0.004905293059211946,-31.560246629754797,-35.82089552239053,-0.04057343792264552,0.9564824326999171,0.475026976263941,0.0017062032319464723,-0.0010165966503876689,1.0,6.123233995736766e-17,0.9749279121818236,-0.22252093395631434,1,0,1,0,564
2019-12-25 22:00:00,0.0013399282024231652,47.16887681245779,-0.000721258133513647,0.00020200132241740554,-0.0009232594559310525,26.220621299128286,14.394203151480168,24.262616020716205,69.77611940298334,67.07414107911463,0.0039575644020954925,54.806544484247915,-17.910447761195268,0.013525942758198746,0.980089826921383,0.6262139915488467,0.0015847718294169134,-0.0002299355850232665,-0.5000000000000004,0.8660254037844384,0.9749279121818236,-0.22252093395631434,1,0,1,0,563
2019-12-26 02:00:00,0.001285647616535798,46.49409130627429,-0.0006493386767698617,0.00021913662332895278,-0.0008684753000988145,26.17116683991407,13.930365887094057,23.480780074435124,74.75124378109221,69.34672875800364,0.0024029739900193192,81.67167440588568,-22.014925373137572,0.018939223131088413,1.0214696337543698,0.7261780619587308,0.0014606725063470976,-0.0002728740715549627,0.49999999999999994,0.8660254037844387,0.43388373911755823,-0.900968867902419,1,0,1,0,562
2019-12-26 06:00:00,0.0012681013582118074,47.59503697439922,-0.0005736258411244144,0.00023587956717952008,-0.0008095054083039345,26.125244842072295,13.114321354468284,22.10526974277304,80.60881722772906,75.0453934706015,0.002409733594551433,102.08788091800524,-18.248175182479976,0.018034752968969222,1.0356033384049506,0.7871686735681375,0.0012859399151921927,-0.00020504414583077946,1.0,6.123233995736766e-17,0.43388373911755823,-0.900968867902419,1,0,1,0,561
2019-12-26 10:00:00,0.0013032369754823916,52.250572759996125,-0.0004551200486255791,0.0002835082877426843,-0.0007386283363682634,26.409365958905205,11.849273191532053,22.055652917004018,84.63091453341052,79.99699184741057,0.0022023042470853404,123.94668300902283,-5.844155844150933,0.20857411152846306,1.0076831955400145,1.0467001217446,0.0011111535892117156,1.4927191691604946e-06,0.49999999999999994,-0.8660254037844387,0.43388373911755823,-0.900968867902419,1,0,1,0,560
2019-12-26 14:00:00,0.0013187200486622184,55.17455747268078,-0.0003211896408430448,0.000333950956420175,-0.0006551405972632198,25.915387665866604,13.636130551674492,20.239790825801343,89.74081073485543,84.99351416533163,0.002578228848792552,189.98246932134816,-6.68523676880276,0.22024841132293452,0.9958520015921746,1.0996364522582451,0.0009499719040392594,0.0005257733016359456,-0.4999999999999997,-0.8660254037844388,0.43388373911755823,-0.900968867902419,1,0,1,0,559
2019-12-26 18:00:00,0.0013209543309006288,52.70303423385794,-0.00023812519439414537,0.00033361232229525966,-0.000571737516689405,24.906694245457313,14.80364272991885,18.7623028690342,87.80348567036997,87.39173697954527,0.0026574845242750555,192.89077212805736,-24.060150375936463,0.10371479333699951,0.9941676023762487,0.9218274799948086,0.0007268371554269549,0.0006830447708381371,-1.0,-1.8369701987210297e-16,0.43388373911755823,-0.900968867902419,1,0,1,0,558
2019-12-26 22:00:00,0.001323029021550581,58.89904864624867,-9.056045493238685e-05,0.0003849416494056146,-0.00047550210433800144,23.847285789625726,14.210581682318232,17.394818080037883,89.34304088639327,88.96244576387285,0.0031727458134525044,206.081258742753,-1.2254901960809916,0.18215593269247304,0.9926086114580313,1.1254834508284637,0.0007764006615299188,0.0009902678558377787,-0.5000000000000004,0.8660254037844384,0.43388373911755823,-0.900968867902419,1,0,1,0,557
2019-12-27 02:00:00,0.001327812662868397,64.59349756461528,0.00011702514384714924,0.00047402179854812057,-0.00035699665470097133,22.87505792090706,19.764683355845982,16.09413991493004,90.6926081960205,89.2797115842612,0.004126317486186082,270.0681656323045,-2.6365348399210675,0.322953126691457,0.9890325922657356,1.212015013346846,0.0009550235747282089,0.0020027797607038433,0.49999999999999994,0.8660254037844387,-0.433883739117558,-0.9009688679024191,1,0,1,0,556
2019-12-27 06:00:00,0.0014065403298063796,71.2835611188094,0.0004203241156104376,0.0006218566162491271,-0.00020153250063868956,23.514270524557496,27.279160865438566,14.108073253729092,97.12061852033717,92.38542253425027,0.005695619017881182,293.4971456937206,-4.776119402986434,0.47446374772239747,0.9336739033858902,1.2770007063510183,0.0012743341225215036,0.0032716240465142654,1.0,6.123233995736766e-17,-0.433883739117558,-0.9009688679024191,1,0,1,0,555
2019-12-27 10:00:00,0.0014689303062487852,75.43902257158581,0.0007712241747914739,0.0007782053403441307,-6.981165552656876e-06,25.022431369187142,32.76437263323837,12.543941523620639,95.20169907879382,94.33830859838379,0.007659763703724565,279.8882193694784,-6.982248520711076,0.6052406079466012,0.8940179084150378,1.2301139064225353,0.0017189892770364645,0.004583094122792897,0.49999999999999994,-0.8660254037844387,-0.433883739117558,-0.9009688679024191,1,0,1,0,554
2019-12-27 14:00:00,0.0015954352843738655,81.36487567308278,0.0012782686750067995,0.0010281998724475652,0.0002500688025592344,27.309492965401677,39.20432729984914,10.724358808277668,95.86745422330324,96.0632572741447,0.010676215621509666,274.96333780203315,-0.6392694063928284,0.8339869988188924,0.8231295953288321,1.2626766158221125,0.0023320926265103323,0.006381513259636096,-0.4999999999999997,-0.8660254037844388,-0.433883739117558,-0.9009688679024191,0,0,0,0,553
2019-12-27 18:00:00,0.0016029041926328617,77.56120941589373,0.001615488512212604,0.0010923357677226956,0.0005231527444899083,29.547310189646865,38.016868555000926,9.911931231157526,94.40516215939435,95.15810515383043,0.012449320463263636,217.50170915128058,-9.162995594713063,0.7925916574994207,0.8192941325101357,1.0721195804234869,0.002838891362270085,0.006413792198865176,-1.0,-1.8369701987210297e-16,-0.433883739117558,-0.9009688679024191,1,0,1,0,552
2019-12-29 22:00:00,0.0016441253217305196,80.46053632930857,0.001995299056892774,0.0011777170499222926,0.0008175820069704816,31.816203542098783,37.41399595735687,8.97317718892653,96.59415086895616,95.62225575055122,0.014497797211890706,185.24158497509637,-0.4152823920256066,0.9304254532668669,0.7987529798627165,1.07087982946898,0.0032910431318101552,0.006691888822956127,-0.5000000000000004,0.8660254037844384,-0.7818314824680299,0.6234898018587334,0,0,0,0,551
2019-12-30 02:00:00,0.0016638306558926198,81.67479698903793,0.0023339506339852267,0.0012130949016117961,0.0011208557323734306,34.29872901574362,41.02722114878053,8.233554347515277,94.7060733559121,95.23512879475417,0.016082783838540227,173.46976643759285,-6.3035019455251025,0.9424866871502764,0.7892930661837465,1.0246604123211192,0.0037934354026249563,0.007438404383786068,0.49999999999999994,0.8660254037844387,0.0,1.0,0,0,0,0,550
2019-12-30 06:00:00,0.001658557037614574,79.48063223115838,0.002546353429325743,0.0011403981575618498,0.001405955271763893,36.41708103839596,38.21783925204187,8.401886927273578,94.8032067772369,95.36781033403501,0.01710248449779428,138.14438898718032,-8.871595330738646,0.8718521454047747,0.7918027358822624,0.9386497178797419,0.004159179512245096,0.006536665366416283,1.0,6.123233995736766e-17,0.0,1.0,0,0,0,0,549
2019-12-30 10:00:00,0.0016886601063563801,76.39956869931176,0.0026470524464234924,0.0009928777397276794,0.001654174706695813,37.480933849804536,34.85536331433509,11.21578632516477,90.7911802853439,93.43348680616425,0.017803073330112884,110.11539474643098,-12.451361867704613,0.8594904320876321,0.7776875850011036,0.8655267761545881,0.004404659366462237,0.005507732137103094,0.49999999999999994,-0.8660254037844387,0.0,1.0,1,0,1,0,548
2019-12-30 14:00:00,0.0017980415273309244,79.34287655442331,0.0028210240131363307,0.0009334794451524141,0.0018875445679839165,39.0041181178447,37.70631169491556,9.781097072677264,90.43570020167495,92.0100290880852,0.01871156177333866,115.4958536444293,-7.369942196531898,0.9100237632318052,0.7303780140992817,0.8992718561122529,0.004686934865568306,0.0063275135661349236,-0.4999999999999997,-0.8660254037844388,0.0,1.0,0,0,0,0,547
2019-12-30 18:00:00,0.0017824671325215665,72.34909112672507,0.0028350356507247376,0.0007579928661926565,0.002077042784532081,40.41850350959628,35.31893156995983,9.161805614512154,87.91798140563115,89.71495396421663,0.018879499993313953,96.23281692385777,-16.424751718870045,0.7049725744087624,0.7367597281539836,0.8056225007041096,0.004841317036119806,0.005456379147510626,-1.0,-1.8369701987210297e-16,0.0,1.0,1,0,1,0,546
2019-12-30 22:00:00,0.00176229090877003,75.14677217771138,0.002920599917772826,0.0006748457065925955,0.0022457542111802304,41.77406897652908,33.779604178148695,8.604790864426738,89.91188584076599,89.42185581602399,0.019126530683781784,93.95781283017124,-6.46964856230009,0.6643444536215816,0.7451947879119272,0.8386395633941297,0.00495955905363995,0.005547335482376736,-0.5000000000000004,0.8660254037844384,0.0,1.0,0,0,0,0,545
2019-12-31 02:00:00,0.0017506987010007455,71.87390815048879,0.002909681894317284,0.000531142146509643,0.002378539747807641,43.06237209744672,31.9824699964049,8.043069610130905,88.69462602587947,88.8414977574255,0.018913433427004467,83.32266285040293,-11.021721641191473,0.4805623296514159,0.7501290766077062,0.7809378857893232,0.005049279900758433,0.004962481977119904,0.49999999999999994,0.8660254037844387,0.7818314824680298,0.6234898018587336,1,0,1,0,544
2019-12-31 06:00:00,0.001729934508072122,73.34723947009181,0.0029206186919596977,0.00043366315532164523,0.0024869555366380525,44.34425965710728,31.21058255097448,7.558208908509902,92.06396793928697,90.2234932686441,0.0186747440142514,82.25182605773612,-6.316725978647508,0.2682451402922186,0.7591327844332763,0.7870722081067761,0.005113690441516901,0.004982550085616877,1.0,6.123233995736766e-17,0.7818314824680298,0.6234898018587336,1,0,1,0,543
2019-12-31 10:00:00,0.0018235106146383942,77.9465974174435,0.0030905478788081364,0.000482873873736067,0.0026076740050720694,46.0855140522454,35.9157856466162,6.658180653066017,93.94616903755714,91.56825433424115,0.018694388034859788,100.67091281794042,-0.8230452674896194,0.5376584571617781,0.7201767784940588,0.8777069346604554,0.005214404797424443,0.006166346078767759,0.49999999999999994,-0.8660254037844387,0.7818314824680298,0.6234898018587336,0,1,0,1,542
2019-12-31 14:00:00,0.0018575455707356655,72.94630203896274,0.003116668490967811,0.0004071955887165932,0.002709472902251218,47.70460463657511,32.77776199891109,6.069315442077325,94.33872472432154,93.44962056705519,0.018061274705789998,94.8283768123193,-9.844054580898264,0.30638951665488945,0.7069813094705926,0.8030516997919998,0.0052414476444891545,0.005630105059132973,-0.4999999999999997,-0.8660254037844388,0.7818314824680298,0.6234898018587336,0,1,0,1,541
2019-12-31 18:00:00,0.0018541494585402512,65.95922833471323,0.0029915302983185565,0.00022564591685387105,0.0027658843814646855,48.574971530389256,30.4922416201751,7.649344451409126,87.3082144236257,91.86436939516808,0.0169623470073601,74.95665589747173,-27.40825688073506,0.11157825205973215,0.708276236282433,0.7068110031281589,0.005137046321331413,0.004284229987735699,-1.0,-1.8369701987210297e-16,0.7818314824680298,0.6234898018587336,0,1,0,1,540
2020-01-01 22:00:00,0.00178813878293024,67.39705484252781,0.0029064615684841755,0.00011246174961559172,0.0027939998188685838,49.383169360359524,29.359468219240316,7.365174660382311,78.73300532399823,86.79331482398179,0.015731001112395226,75.30228762346086,-26.548672566372,0.19375691988999652,0.7344228605388026,0.7228402359744293,0.005027765178017119,0.004125491588716779,-0.5000000000000004,0.8660254037844384,0.9749279121818236,-0.22252093395631434,0,1,0,1,539
2020-01-02 02:00:00,0.0018297002984352217,59.70932059631011,0.0026734708363520543,-9.642318601322392e-05,0.002769894022365278,48.46570656167072,26.643100651943474,12.383347627397969,64.40908034157829,76.8167666964007,0.013626841013171465,50.352297991469854,-52.815829528158076,0.08575256811077016,0.7177404961474317,0.5961704916593131,0.0048107108423256,0.002835585594952672,0.49999999999999994,0.8660254037844387,0.43388373911755823,-0.900968867902419,0,0,0,0,538
2020-01-02 06:00:00,0.0017911502771184211,59.10070045695676,0.0024492932446660287,-0.00025648062215939986,0.0027057738668254286,47.61377682003112,25.272489012832796,11.746306142962968,52.65396226478558,65.26534931012067,0.011385435432969881,35.69570117612275,-62.67361111111322,-0.06690037196607067,0.7331880617592508,0.5617016366335673,0.004520230602766636,0.002253005414022846,1.0,6.123233995736766e-17,0.43388373911755823,-0.900968867902419,0,1,0,1,537
2020-01-02 10:00:00,0.0018117824001813968,56.10910352051588,0.0021914983424089485,-0.00041142041953318425,0.0026029187619421327,45.130194419644056,23.200071378233567,17.91890498449877,36.6771308980199,51.246724501461216,0.009063345739757533,-13.328255902515242,-74.47916666666903,-0.026787149311567313,0.7248387002040182,0.46088640881865783,0.004150999702564401,0.0009963649809008324,0.49999999999999994,-0.8660254037844387,0.43388373911755823,-0.900968867902419,0,1,0,1,536
2020-01-02 14:00:00,0.0019637979430255866,46.30853645544615,0.0017539496487042339,-0.0006791752905903189,0.0024331249392945528,42.3343377939368,19.875308274063137,22.407274603733335,23.68638091733992,37.672491360048426,0.007682369165719738,-96.89746500189324,-91.788079470198,-0.3817066210045717,0.6687296952642187,0.08990515399103798,0.0037552188885682314,-0.0005124108842378128,-0.4999999999999997,-0.8660254037844388,0.43388373911755823,-0.900968867902419,0,1,0,1,535
2020-01-02 18:00:00,0.0018935266613809005,47.395511152118374,0.0014142867160444883,-0.0008150705786000518,0.00222935729464454,39.738185212922915,19.14055676115348,21.578921217297555,15.261911331860865,25.20847438240686,0.0068597854192686825,-154.62642256308084,-87.94701986755038,-0.3060532514811946,0.6935471397282996,0.06893695366999651,0.003319958647754256,-0.0012902180134988228,-1.0,-1.8369701987210297e-16,0.43388373911755823,-0.900968867902419,0,1,0,1,534
2020-01-02 22:00:00,0.0018211318998536926,47.74905035228645,0.0011392312934073168,-0.0008721008009897786,0.0020113320943970954,36.95409272561651,20.519460180387934,20.834115564413402,11.1699779249452,16.706090058048627,0.007127682372160216,-134.96160974316632,-86.75496688741603,-0.3567033476609181,0.7211174545377547,0.10478036858055029,0.002829161962048115,-0.0008098005724186397,-0.5000000000000004,0.8660254037844384,0.43388373911755823,-0.900968867902419,0,1,0,1,533
2020-01-03 02:00:00,0.0017853367641498565,45.1013470484484,0.0008525157196213051,-0.0009270530998206322,0.0017795688194419373,34.7458998392954,19.435803584772824,21.934306856337695,9.624724061810259,12.018871106205404,0.007500452252924283,-149.00599258061231,-96.42384105960284,-0.6380025270950971,0.7355755095455869,0.034828050049944555,0.002400020715844975,-0.001171283193291961,0.49999999999999994,0.8660254037844387,-0.433883739117558,-0.9009688679024191,0,1,0,1,532
2020-01-03 06:00:00,0.0018835269952820132,37.14116175126168,0.0004091628829556715,-0.0010963247491890126,0.001505487632144684,34.05092223114995,17.106695196940358,28.52102235524061,5.640700075514624,8.811800687423323,0.00919691600474648,-198.03889390333066,-99.89909182643729,-0.7916859616001,0.6972291893291246,-0.13456054148891033,0.002223029153031704,-0.0028071805378286907,1.0,6.123233995736766e-17,-0.433883739117558,-0.9009688679024191,0,0,0,0,531
2020-01-03 10:00:00,0.0019197036384761474,36.58381516541067,4.039171026382071e-05,-0.0011720767375046908,0.0012124684477685115,34.04328682861806,15.585440981995122,31.603148266714335,5.0493901471516205,6.771604761492131,0.010583397375054648,-196.72462596035803,-88.52889667250504,-0.6883392478199574,0.6840899676798301,-0.04070538950830296,0.0023437049985140764,-0.00380927276146914,0.49999999999999994,-0.8660254037844387,-0.433883739117558,-0.9009688679024191,1,0,1,0,530
2020-01-03 14:00:00,0.002100439092870713,49.79660297527275,2.382863524585943e-05,-0.0009509118500181217,0.0009747404852639811,32.04250700015513,23.768926740041927,26.8206785214862,17.663525141333025,9.451205121333052,0.010761697077984245,-97.14698447092928,-58.58143607705861,-0.4357783857485372,0.6252264131140096,0.29868416809165904,0.0023950883046789024,-0.001186130940551644,-0.4999999999999997,-0.8660254037844388,-0.433883739117558,-0.9009688679024191,0,0,0,0,529
2020-01-03 18:00:00,0.0020982648719513773,46.788334525770225,-6.75963225060805e-05,-0.0008338694462160493,0.0007662731237099689,30.184640016582424,22.094016368361828,24.930722230129664,28.575598365440033,17.096171217974856,0.011104395345910234,-84.38053350088903,-67.16287215411624,-0.37484604537421967,0.625874272383297,0.2312325518832377,0.0024601878618740023,-0.0010605737986408847,-1.0,-1.8369701987210297e-16,-0.433883739117558,-0.9009688679024191,1,0,1,0,528
2020-01-05 22:00:00,0.0020248173810977006,46.92926035897409,-0.00013526435125732483,-0.000721229979973835,0.0005859656287165102,28.45947781755062,21.260057649952476,23.989689472055357,36.89933315371086,27.712818886827936,0.011254669430873498,-71.71212527287268,-63.55769230769257,-0.35882604970007786,0.6485770086031445,0.25956646113684595,0.00252769852295694,-0.0008530612280828187,-0.5000000000000004,0.8660254037844384,-0.7818314824680299,0.6234898018587334,1,0,1,0,527
2020-01-06 02:00:00,0.0019551875681621503,46.795792942746026,-0.00018993002220213384,-0.0006207165207349153,0.0004307864985327814,26.800742797452646,20.773328296520486,23.06945719372955,35.64334598260969,33.70609250058683,0.01146561886677766,-63.31236897274726,-62.34939759036213,-0.3018827480261458,0.6716746880885894,0.2765493489912257,0.0025773489825536644,-0.0007357496631696936,0.49999999999999994,0.8660254037844387,0.0,1.0,1,0,1,0,526
2020-01-06 06:00:00,0.002075531313293432,56.97541028065689,1.590091961833906e-05,-0.00033190846313155395,0.000347809382749893,25.779750760851734,25.948770226479997,20.179566382661914,47.5892029657086,40.043960700676344,0.011256155471483176,-15.409598175724227,-31.32530120481949,0.210384959713525,0.6327295529529489,0.5554807546486153,0.0025774565225618494,0.0008625769765504554,1.0,6.123233995736766e-17,0.0,1.0,0,0,0,0,525
2020-01-06 10:00:00,0.0020394219337724617,58.20178199449466,0.0002120829860632334,-0.00010858111734932769,0.0003206641034125611,25.381243001245238,28.72478201939748,19.06994105570987,62.67708319247771,48.63654404693196,0.011153050882973137,31.7379677257741,-18.294051627385244,0.22375569458244224,0.6439324684376565,0.5996139990445303,0.0025820895400832577,0.002299304151759607,0.49999999999999994,-0.8660254037844387,0.0,1.0,0,1,0,1,524
2020-01-06 14:00:00,0.002031606081360142,57.16487453947141,0.00034262924340833223,1.7572111996616883e-05,0.00032505713141171535,24.44183450415547,26.77562641550343,20.940207085645262,79.12316491714604,63.12981702511075,0.010908560124882616,19.330452234081633,-13.011152416357142,0.19241439796666077,0.6464097602625756,0.5864917082730146,0.0025578876738325796,0.0015940264862857045,-0.4999999999999997,-0.8660254037844388,0.0,1.0,0,1,0,1,523
2020-01-06 18:00:00,0.0019672056469772644,57.910296458489356,0.0004601497670442267,0.00010807410850600908,0.00035207565853821764,23.569526614000686,25.67702466840067,20.081032113153736,86.21920707835602,76.00648506265988,0.009876715243346101,35.49152951591506,-10.037174721189556,0.2794071553306776,0.6675712841806303,0.6403300556765195,0.0025450446270894878,0.0017241043673825729,-1.0,-1.8369701987210297e-16,0.0,1.0,0,1,0,1,522
2020-01-06 22:00:00,0.0018881195293360214,56.11378906296767,0.0005142738266787905,0.00012975853451245827,0.00038451529216633224,22.759526430285533,24.841641675211424,19.427710595974208,87.27798430400641,84.20678543316946,0.009019112151321895,40.25275397255075,-15.117719950434072,0.47844312989774374,0.6955332962748493,0.6279505100544448,0.002513397334990823,0.001457376017991896,-0.5000000000000004,0.8660254037844384,0.0,1.0,0,1,0,1,521
2020-01-07 02:00:00,0.0018361109915262933,51.72999798344074,0.00046785508335345227,6.6671832949696e-05,0.00040118325040375627,21.56149237142864,23.72062695301446,21.04074161254081,82.28004956629489,85.25908031621907,0.008488085767598186,24.10520519547319,-28.004956629491762,0.4040150114021968,0.7152345397749307,0.532398353118649,0.0024820375595371097,0.0007213192698856119,0.49999999999999994,0.8660254037844387,0.7818314824680298,0.6234898018587336,0,1,0,1,520
2020-01-07 06:00:00,0.001827817349274411,52.384823980521304,0.00043971669375819644,3.082675468355211e-05,0.00040888993907464433,20.259389541426227,22.12623982490001,23.651580961957098,76.99297810821979,82.183670659507,0.007637162823855181,16.02585096395346,-25.89838909541483,0.11188285417636079,0.718479885597607,0.5820985507918539,0.0024303840905894876,0.0002557470616282309,1.0,6.123233995736766e-17,0.7818314824680298,0.6234898018587336,0,1,0,1,519
2020-01-07 10:00:00,0.001922258967183381,42.02075861734742,0.0001837140615255084,-0.00018014070203930876,0.00036385476356481716,20.021306201553834,19.536368196990704,27.497410334612784,61.5448161916566,73.60594795539039,0.007484553693978047,-50.08515250037601,-61.46220570012362,-0.0573343127945079,0.6831805820233782,0.23264938942049218,0.002288601028129433,-0.001298046036635414,0.49999999999999994,-0.8660254037844387,0.7818314824680298,0.6234898018587336,0,0,0,1,518
2020-01-07 14:00:00,0.001989954755241706,38.16724287215304,-0.0001274414373635402,-0.0003930369607426859,0.0002655955233791457,20.706978718454856,17.52378199630769,32.2743470962267,44.774886410574176,61.10422690348349,0.007599932631148665,-129.01452689438543,-78.314745972739,-0.18274657350175058,0.6599396275421793,0.09762801219231432,0.002205770575699635,-0.0029974023537049366,-0.4999999999999997,-0.8660254037844388,0.7818314824680298,0.6234898018587336,0,0,1,0,517
2020-01-07 18:00:00,0.0019463865584387224,43.00928939708786,-0.00027643857823278495,-0.0004336272812895445,0.0001571887030567596,21.343674627005807,16.636319935977898,30.639867816819358,29.598158966188503,45.30595385613972,0.0074557561654047255,-99.87145258577642,-71.42857142857186,-0.07435543690539018,0.6747118111283159,0.27500605400915257,0.002129922313628201,-0.0023773434987417463,-1.0,-1.8369701987210297e-16,0.7818314824680298,0.6234898018587336,0,0,0,0,516
2020-01-07 22:00:00,0.0019745018042645287,43.69916835544552,-0.00037646267916202625,-0.0004269211057750287,5.045842661300242e-05,21.014767200043277,20.003209430720883,28.046183152504618,27.0619825028454,33.811675959869326,0.0075709114377304765,-64.62856784786268,-69.07073509015294,-0.33501585741726375,0.6651044821350088,0.3101285410847577,0.001961461788339474,-0.001619822685509309,-0.5000000000000004,0.8660254037844384,0.7818314824680298,0.6234898018587336,0,1,0,1,515
2020-01-08 02:00:00,0.0019484659611027687,41.59403516294345,-0.0005031885396713509,-0.00044291757302748264,-6.0270966643868246e-05,20.709353160720926,18.822604210791454,26.390875270855823,27.09200184928353,27.91738110610578,0.007782441776071458,-77.21602394434001,-78.22468793342462,-0.4331169237089115,0.6739917587560744,0.24558113546217034,0.0018626383758252529,-0.0018981035373351052,0.49999999999999994,0.8660254037844387,0.9749279121818236,-0.22252093395631434,0,1,0,1,514
2020-01-08 06:00:00,0.002020718392452576,38.33930391165588,-0.0006828946863421947,-0.0004980989757586611,-0.00018479571058353355,21.3061614959203,16.85318762423631,30.663860902733127,23.006133379854177,25.720039243994336,0.008209286448767728,-117.68713216187905,-83.68617683685993,-0.5064625333845312,0.6498926346714194,0.1486905386968443,0.00183180138016982,-0.002883988587681907,1.0,6.123233995736766e-17,0.9749279121818236,-0.22252093395631434,0,1,0,1,513
2020-01-08 10:00:00,0.002071381364420242,33.503127974387986,-0.0009634861723510912,-0.0006229523694140462,-0.0003405338029370451,22.371313230300704,15.266627252894073,32.60485892126626,15.736321852817406,21.944819027318335,0.009189816973035114,-161.50672784052946,-90.88016967126325,-0.6929994552452726,0.6339972071572465,0.010109938727851106,0.0019800929564134794,-0.004149802834000793,0.49999999999999994,-0.8660254037844387,0.9749279121818236,-0.22252093395631434,0,0,0,0,512
2020-01-08 14:00:00,0.0020798541241045044,33.04213686472435,-0.001187499602445019,-0.0006775726396063791,-0.0005099269628386399,23.443652543316105,14.118404084727963,30.97683811482839,11.614733859581081,16.78572969741752,0.00984586227802664,-158.1342840166387,-90.5894519131336,-0.6735991995425851,0.6314144750730675,0.03467762694340241,0.0021818223512097166,-0.004188885273947562,-0.4999999999999997,-0.8660254037844388,0.9749279121818236,-0.22252093395631434,0,1,0,1,511
2020-01-08 18:00:00,0.00204843597238276,30.17139889508145,-0.001446797878416728,-0.0007494967324624703,-0.0006973011459542576,24.69204646719532,13.311022152814951,31.750877632607057,7.5966711013474,11.649242271248596,0.010868342835862688,-177.0198275388625,-95.74036511156098,-0.6903211960798294,0.6410988762672504,-0.018984364514870018,0.002453245012443565,-0.004847374452031872,-1.0,-1.8369701987210297e-16,0.9749279121818236,-0.22252093395631434,0,0,0,0,510
2020-01-08 22:00:00,0.0020149762600696996,35.87604334457639,-0.0015409284606917595,-0.0006749018517900015,-0.000866026608901758,25.718822883752164,13.13266432650209,29.972537409036054,9.952902521823598,9.721435827583994,0.011496971949074286,-134.46720107949523,-83.81147540983464,-0.6017040831835692,0.6517446513015362,0.1341210521663749,0.0026230844978204406,-0.0039903844958693035,-0.5000000000000004,0.8660254037844384,0.9749279121818236,-0.22252093395631434,0,1,0,1,509
2020-01-09 02:00:00,0.0019160493843504447,36.310784089878055,-0.0015899375669108373,-0.0005791287664072633,-0.001010808800503574,26.67225812769781,12.824232873993854,29.26860764896667,12.602608946090816,10.050727523087238,0.012037025546112634,-109.10227221998544,-82.64033264033195,-0.337928685394673,0.6853946514772121,0.1763319987089055,0.0027492400794747484,-0.00338288706953338,0.49999999999999994,0.8660254037844387,0.43388373911755823,-0.900968867902419,0,1,0,1,508
2020-01-09 06:00:00,0.0019363315711825543,31.505717300256034,-0.0017601875781432241,-0.0005995030221117199,-0.0011606845560315042,28.079958228855936,11.78348312613224,32.1683863683228,11.564675094388342,11.373395520767552,0.013028101780294676,-119.44718657453598,-98.85416666666839,-0.38500888482043033,0.6782154562495583,0.0809443238877823,0.0029359269934531836,-0.004084389437304159,1.0,6.123233995736766e-17,0.43388373911755823,-0.900968867902419,0,0,1,0,507
2020-01-09 10:00:00,0.0019458793160980873,38.665741287258115,-0.0017506662185318156,-0.0004719853300002492,-0.0012786808885315664,29.44842258512847,10.888118170288566,30.38481665548497,12.72059475301927,12.295959597832777,0.013437527153374873,-98.62142926781834,-80.34371643394186,-0.35143397613475735,0.6748876917163357,0.22599125136835774,0.003059620656699167,-0.0034356382823197418,0.49999999999999994,-0.8660254037844387,0.43388373911755823,-0.900968867902419,0,0,0,1,506
2020-01-09 14:00:00,0.001968316507805362,35.982753571734484,-0.0018046233730408812,-0.0004207539876074518,-0.0013838693854334293,30.868214615770164,9.995145238950988,29.453285081617228,11.33588490185518,11.873718249754232,0.013464138442455642,-100.11209271397003,-86.7944621938242,-0.45804948010038976,0.6671945262828947,0.18367823769767777,0.003215866233558837,-0.0036790538864006628,-0.4999999999999997,-0.8660254037844388,0.43388373911755823,-0.900968867902419,0,0,0,0,505
2020-01-09 18:00:00,0.0018734367572478343,36.81596783856567,-0.0018119730140604418,-0.00034248290290160967,-0.001469490111158832,32.18659292993745,9.751250736805952,28.73458674059434,17.18201063284995,13.746163429241435,0.013074299063335904,-85.5823339930951,-81.31578947368409,-0.3829802500582987,0.7009844313769231,0.22289145426083556,0.0033310479091732286,-0.003145529575488748,-1.0,-1.8369701987210297e-16,0.43388373911755823,-0.900968867902419,0,0,0,0,504
2020-01-09 22:00:00,0.001791762703158696,36.168189397184676,-0.0018154295930465914,-0.00027675158551020715,-0.0015386780075363842,33.460316653266496,9.467475394659907,28.41661381823242,15.849214356444827,14.789036630383286,0.012552598296666773,-81.16168600805375,-84.34210526315722,-0.30704038209469575,0.7329374574461638,0.22925924022420915,0.0034297282295778827,-0.0030165538761162125,-0.5000000000000004,0.8660254037844384,0.43388373911755823,-0.900968867902419,0,0,0,0,503
2020-01-10 02:00:00,0.0017180653672187799,38.54767611229762,-0.0017599562051520135,-0.0001770225580925032,-0.0015829336470595103,34.44052581954026,9.875106596223558,27.518734023820997,18.728070175439004,17.25309838824456,0.01153873805913852,-68.57952170092088,-78.15789473684168,-0.09891997374123244,0.7643772030198719,0.2845951622039626,0.0034943339892289722,-0.0025360295660268317,0.49999999999999994,0.8660254037844387,-0.433883739117558,-0.9009688679024191,0,0,0,0,502
2020-01-10 06:00:00,0.0017382035552745813,34.80217540757651,-0.001796950488651472,-0.00017121347327356934,-0.0016257370153779027,35.83843112100062,9.063504577883783,30.35263407224021,14.969135802469857,16.51547344478453,0.010589330479182646,-84.80347073195978,-92.59259259259154,-0.19517547804500776,0.7555214094545722,0.19214295404144674,0.00351432394150024,-0.0030998138674114273,1.0,6.123233995736766e-17,-0.433883739117558,-0.9009688679024191,0,0,0,0,501
2020-01-10 10:00:00,0.0018197604441835395,35.01803861569434,-0.0018022656624627764,-0.000141222917667899,-0.0016610427447948774,37.34704142155684,8.03892336101705,29.315779146304248,15.329236698487009,16.34214755879859,0.009697168865049122,-84.44687556979233,-83.26180257510578,-0.08193769133801246,0.7216609220172426,0.2124418437168303,0.003395841256933582,-0.002943828758018352,0.49999999999999994,-0.8660254037844387,-0.433883739117558,-0.9009688679024191,0,0,0,0,500
2020-01-10 14:00:00,0.0019962061267418513,47.12995848150937,-0.001580877087386634,6.413252592659497e-05,-0.001645009613313229,37.09327427472068,12.279575422860061,24.815646517826934,31.307241411762934,20.535204637573234,0.007975603801420483,-35.31292174313051,-30.22388059701391,0.04497373533855732,0.6578729432833912,0.5116605591646312,0.003213728699483999,-0.0014141891240435633,-0.4999999999999997,-0.8660254037844388,-0.433883739117558,-0.9009688679024191,0,0,0,0,499
2020-01-10 18:00:00,0.0019121914034031507,48.34040058617919,-0.0013654771828408574,0.00022362594437789736,-0.0015891031272187548,36.857633352658524,11.903445568135513,24.05553021101476,58.241307938260114,34.95926201616999,0.007336259537203738,12.317967203682427,-11.790393013100031,0.06385753473939726,0.6867774835002358,0.5744248478712176,0.0029379459746603624,-0.00037185399412020814,-1.0,-1.8369701987210297e-16,-0.433883739117558,-0.9009688679024191,0,0,0,0,498
2020-01-12 22:00:00,0.0018606063031600703,46.72745679101887,-0.0012146598538342879,0.0002995546187075735,-0.0015142144725418614,36.82678705425128,11.359648166410548,24.37700449276089,80.02396473011272,56.524171360045216,0.007044005678390697,1.3957429839061075,-17.91383219954793,0.19550077930034193,0.7058183118962699,0.5329358053630632,0.002617127405685898,-0.0006978390079237506,-0.5000000000000004,0.8660254037844384,-0.7818314824680299,0.6234898018587334,0,0,1,0,497
2020-01-13 02:00:00,0.0018119915672200624,50.33889110885141,-0.0010148495834862992,0.00039949191124445,-0.0014143414947307492,35.77864874923323,14.812660734313537,23.24309566394082,88.60286510005722,75.62271258947665,0.006355538057252197,54.4531525021751,-4.487179487180404,0.1331521983607818,0.7247550285318236,0.6894410810153389,0.0022892016870590714,0.00012772144604333846,0.49999999999999994,0.8660254037844387,0.0,1.0,0,0,0,1,496
2020-01-13 06:00:00,0.0018354207409900442,44.72980727900571,-0.0009632050744272647,0.00036090913624278764,-0.0013241142106700523,35.11577930919637,13.579035687264211,23.369955454815354,78.8343659674375,82.4870652658691,0.005305225725372065,41.959435889777936,-41.09589041095914,0.09365235166457418,0.7155035195317777,0.49010409684376793,0.001931961532335545,-0.0003608962696401985,1.0,6.123233995736766e-17,0.0,1.0,1,0,1,0,495
2020-01-13 10:00:00,0.001817176402347892,46.31817085775711,-0.0008830482075072865,0.0003528528025302127,-0.0012359010100374992,34.628079511851105,12.735699196409682,22.78331024606056,73.4553498252133,80.29752696423598,0.004339437751267994,46.63536145428602,-34.05088062622056,0.10984360791234109,0.7226871305962419,0.6060045163375632,0.0016953044701417536,-0.0005282912347357449,0.49999999999999994,-0.8660254037844387,0.0,1.0,1,0,1,0,494
2020-01-13 14:00:00,0.0018966638021801925,54.56061517982086,-0.0006418649276411781,0.0004752288659170571,-0.0011170937935582352,32.51983623283872,18.297510308591047,20.269305732894356,71.17545604046592,74.48839061103888,0.004403400503830035,174.02409906157334,-11.326860841422558,0.3205936385576895,0.6923999912322019,1.0820501673129257,0.0016350023760937269,0.00088170539737642,-0.4999999999999997,-0.8660254037844388,0.0,1.0,0,1,0,1,493
2020-01-13 18:00:00,0.0018447592448816155,52.18851055253223,-0.0004918567747242975,0.0005001896150671503,-0.0009920463897914477,30.56218175947008,17.46859505581091,19.35106404853955,77.97009480744188,74.20030022437366,0.0047110062616324555,173.13961953597357,-20.71197411003127,0.22594089530205075,0.7118815117168722,0.9059642237319517,0.001549815946719162,0.0010503689655865234,-1.0,-1.8369701987210297e-16,0.0,1.0,0,0,0,0,492
2020-01-13 22:00:00,0.0017915621559614914,53.392484807186996,-0.0003431967486533516,0.0005190797129104769,-0.0008622764615638285,28.8871258743379,16.702485733785128,19.259915723606927,84.14239482200698,77.76264855663821,0.005094628936159751,146.91429809260092,-15.533980582525253,0.368584688865852,0.7330195023544736,0.9193632209081836,0.001389795684694242,0.0009264727816729046,-0.5000000000000004,0.8660254037844384,0.0,1.0,0,1,0,1,491
2020-01-14 02:00:00,0.0016885934305356598,53.3021418528632,-0.00022440958579239556,0.0005102935006171465,-0.000734703086409542,27.331716838143738,16.455201730547007,18.974768402539105,82.63214670981684,81.58154544642186,0.0053239004495928555,128.39568908934135,-15.857605177993028,0.3631644873793562,0.7777182927825366,0.868245052393863,0.0012611986924403276,0.0008676882924725238,0.49999999999999994,0.8660254037844387,0.7818314824680298,0.6234898018587336,0,1,0,1,490
2020-01-14 06:00:00,0.0016694081854973968,50.714585875105264,-0.00017345771077836858,0.00044899630050493887,-0.0006224540112833074,25.393922700065776,17.89427516279795,17.821914553506325,81.2297734627826,82.6681049982021,0.00546210911619216,103.5326623248449,-24.919093851133955,0.08091633251217349,0.7866560206236917,0.7435872245861398,0.0012327111304702332,0.0006480065624079323,1.0,6.123233995736766e-17,0.7818314824680298,0.6234898018587336,0,1,0,1,489
2020-01-14 10:00:00,0.0017658790293904416,42.33573091804573,-0.00030067823365032,0.00025742062210639,-0.00055809885575671,25.31635303796001,15.708366207046708,25.79761935898357,66.66666666666667,76.84286227975532,0.005505152495361099,-5.888164394395468,-59.22330097087302,-0.1366218451139683,0.7436806135317869,0.36394563990170453,0.0012268489940545303,-0.0011027672959180723,0.49999999999999994,-0.8660254037844387,0.7818314824680298,0.6234898018587336,1,0,1,0,488
2020-01-14 14:00:00,0.0018411733844339846,50.905964836658,-0.00023099997397846295,0.00026167910542259764,-0.0004926790794010606,25.28933997935181,13.989835083735347,23.285661994505986,63.43042071197451,70.44228694714123,0.005355375243361049,24.124869584898544,-25.566343042069505,0.08811840235943344,0.7132679687327332,0.7191256348385531,0.0012311347341378523,-0.0004870792455777817,-0.4999999999999997,-0.8660254037844388,0.7818314824680298,0.6234898018587336,0,0,0,0,487
2020-01-14 18:00:00,0.0017825181426887014,50.134398909482066,-0.00018973068250915937,0.000242358717513521,-0.0004320894000226804,25.04949845673018,14.299604249591518,22.333903489597922,61.94580623110867,64.01429786991658,0.005404281265553479,60.08150311947499,-29.372937293731493,-0.00628936468432012,0.7367386443647242,0.6670897489654243,0.0012386789428482218,0.00017748709406806285,-1.0,-1.8369701987210297e-16,0.7818314824680298,0.6234898018587336,0,0,0,0,486
2020-01-14 22:00:00,0.0016916239896395092,50.377389754246266,-0.00015044869423563867,0.00022531256462963339,-0.00037576125886527206,24.826788471438668,13.991666931371311,21.852950155090628,68.16489397611717,64.51370697306675,0.0052758661845455634,51.46587869296258,-40.56603773584753,0.1304508200408602,0.7763250036906004,0.6589312485703593,0.0012524649368267555,0.00011728812654276943,-0.5000000000000004,0.8660254037844384,0.7818314824680298,0.6234898018587336,0,0,0,0,485
2020-01-15 02:00:00,0.001625793704665254,52.21627636968474,-8.28579775626892e-05,0.0002343226250420663,-0.0003171806026047555,24.259858858296994,15.012109895681908,21.113672930015287,66.62411524171311,65.57827181631295,0.0052065020884706215,64.33328292418646,-30.188679245281634,0.13760353991851992,0.8077593093340178,0.7191490525907425,0.0012781140494710864,0.00037163840975251716,0.49999999999999994,0.8660254037844387,0.9749279121818236,-0.22252093395631434,0,0,0,0,484
2020-01-15 06:00:00,0.0016410941543320103,49.6923044564185,-7.363040207741811e-05,0.00019484016042186996,-0.00026847056249928807,24.328097184470575,13.809850931740183,23.12238686755821,61.949685534591744,65.57956491747397,0.004943472463487808,32.18225419662114,-43.396226415095626,-0.10233393177739146,0.8002283089811775,0.5930520000662812,0.0012548402824926759,-2.3025996361170087e-05,1.0,6.123233995736766e-17,0.9749279121818236,-0.22252093395631434,1,0,1,0,483
2020-01-15 10:00:00,0.0017374445718797117,57.77743613529046,9.876875708725308e-05,0.00029379145566923293,-0.00019502269858197985,22.728195164939287,19.512336884759073,20.280119968682275,71.63571927722853,66.7365066845111,0.005205665759274947,127.41931625158207,-11.507936507937156,0.13472005173248502,0.755851450604388,0.9455722105990284,0.0013113151810801445,0.001361882750014587,0.49999999999999994,-0.8660254037844387,0.9749279121818236,-0.22252093395631434,0,0,0,0,482
2020-01-15 14:00:00,0.001757627102459726,60.59177226728798,0.000300520021309314,0.0003964341759130351,-9.591415460372109e-05,21.595992098600814,21.364878360747426,18.615300627090328,78.41621281173367,70.66720587451795,0.005164591367893934,197.8534418948909,-9.847198641766209,0.1822687521324525,0.7471721380275493,1.0544485121903915,0.0014132789844994763,0.002332398796680124,-0.4999999999999997,-0.8660254037844388,0.9749279121818236,-0.22252093395631434,0,0,0,0,481
2020-01-15 18:00:00,0.0017142251665697443,56.802206730044105,0.00039214257850539447,0.0003904453864872924,1.6971920181020286e-06,20.544660679857948,20.341108446919147,17.72328596652958,85.12836751376678,78.39343320090963,0.00455153424653254,165.96984669960057,-23.25976230899631,0.11313436052149901,0.766089557900893,0.897448399158659,0.0014753352740300171,0.0019434068929455872,-1.0,-1.8369701987210297e-16,0.9749279121818236,-0.22252093395631434,0,0,0,0,480
2020-01-15 22:00:00,0.0016546376546719048,58.19233191121355,0.0004905688831062793,0.00039109735287054184,9.947153023573749e-05,19.56842436245386,19.568380982443458,17.050005556918066,83.41822297679738,82.32093443409924,0.004851198202235896,153.6658609829465,-16.638370118845312,0.1985339034819833,0.7936782994705884,0.921236138951867,0.0015100701160336836,0.0018983343415099885,-0.5000000000000004,0.8660254037844384,0.9749279121818236,-0.22252093395631434,0,0,0,0,479
2020-01-16 02:00:00,0.0015750206793381963,56.29152062416189,0.0005317795903223566,0.00034584644806929523,0.00018593314225306132,18.66191921057863,19.089161617755526,16.632459882687655,79.00396151669547,82.51685066908651,0.005004167862630915,121.16448326055071,-23.08998302207197,0.35552275345621204,0.8337985762522249,0.8081431403440639,0.0015194213450971078,0.0015440675941891246,0.49999999999999994,0.8660254037844387,0.43388373911755823,-0.900968867902419,0,0,0,0,478
2020-01-16 06:00:00,0.0015996620593854624,57.70115140543513,0.0005867249638924488,0.0003206334573115099,0.00026609150658093886,18.527256078494123,21.337351182835373,15.206519287145909,80.91123473155521,81.11113974168265,0.005114188498423378,123.03799199807514,-17.53794266441706,0.20033778927698306,0.8209546461985273,0.8405232326764485,0.0014516834306116488,0.0016413421866539046,1.0,6.123233995736766e-17,0.43388373911755823,-0.900968867902419,0,0,0,0,477
2020-01-16 10:00:00,0.0016468290551436544,56.60886555705379,0.0006071325931693572,0.0002728328692707347,0.0003342997238986225,19.02540697856813,23.106013648760907,13.715917286131896,76.04680091975317,78.65399905600124,0.005250070856419153,130.50140011622057,-31.231671554251474,0.20037379146750678,0.7974416020279919,0.773043933920845,0.001358502982834647,0.001890301478388201,0.49999999999999994,-0.8660254037844387,0.43388373911755823,-0.900968867902419,0,1,0,1,476
2020-01-16 14:00:00,0.0017591984083476792,48.37434879224319,0.0004829832133359524,0.00011894679154986394,0.00036403642178608846,17.80777264642563,20.085101900547965,20.895922253147734,65.17063690267257,74.04289085132694,0.004861199851624143,16.74251918298777,-55.718475073313755,0.04492443709679823,0.7465047681764704,0.4312926828366322,0.0012800762278303702,0.00016587736011697274,-0.4999999999999997,-0.8660254037844388,0.43388373911755823,-0.900968867902419,0,1,0,1,475
2020-01-16 18:00:00,0.0016799699506085623,49.511006838253756,0.00039935639764498987,2.8255980687121062e-05,0.0003711004169578688,16.67711219515045,19.530019002843762,20.31843107924622,53.61681329423299,64.94475037221953,0.004532433783017709,-24.51980581158648,-52.19941348973581,0.026944010346497002,0.7817104106679292,0.4590727611520795,0.0012496092787505314,-0.00032885949535899073,-1.0,-1.8369701987210297e-16,0.43388373911755823,-0.900968867902419,0,1,0,1,474
2020-01-16 22:00:00,0.0015985435255650925,49.413370338479915,0.00032769030104762287,-3.472809272819674e-05,0.0003624183937758196,15.536292637481882,19.55029593132865,19.828165471508342,42.01015030678082,53.599200167895425,0.004534974751576826,-18.091521816254613,-66.05166051660795,0.07548119260283881,0.8215290850687097,0.4579931509136308,0.001193036964293453,-0.00020748406906379024,-0.5000000000000004,0.8660254037844384,0.43388373911755823,-0.900968867902419,0,1,0,1,473
2020-01-17 02:00:00,0.0015679332737390226,49.256460711918685,0.0002654141250693076,-7.760341496520958e-05,0.0003430175400345172,14.646855836275064,19.96604584662001,18.771316852910427,38.381253313997796,44.66940563833717,0.004519435362679847,-18.26177171016157,-66.60516605166285,-0.1121156674918356,0.8375675304525657,0.44844488718126774,0.001174629134306831,-0.0001970186768718296,0.49999999999999994,0.8660254037844387,-0.433883739117558,-0.9009688679024191,0,1,0,1,472
2020-01-17 06:00:00,0.0015730808970433844,44.76591916449988,0.0001433981567093845,-0.00015969550666010613,0.0003030936633694906,13.908402369877589,18.479231239237514,20.14328518124963,28.167281672814273,36.18622843119759,0.004621575055912874,-53.3876648939926,-82.84132841328638,-0.26708013300231975,0.8348267418848336,0.2694508934488182,0.0011364898410095462,-0.0006811238493888983,1.0,6.123233995736766e-17,-0.433883739117558,-0.9009688679024191,0,1,0,1,471
2020-01-17 10:00:00,0.0016771465472545776,34.28513173446635,-0.00017240806530161024,-0.0003804013829368807,0.00020799331763527047,14.954357870644376,16.094565674529743,28.95782481191017,17.922118980224493,28.156884655678812,0.0056913070552742084,-177.36350707970692,-96.7871485943773,-0.4421603974959282,0.7830263861853565,-0.13640917012963824,0.0012306425799244608,-0.002684367274771171,0.49999999999999994,-0.8660254037844387,-0.433883739117558,-0.9009688679024191,0,0,0,1,470
2020-01-17 14:00:00,0.0016994932224506747,31.609161207013265,-0.0004912601416315887,-0.0005594027674134873,6.814262578189864e-05,16.472926822481835,14.748442301262017,31.4953009349073,8.717289937714968,18.26889686358454,0.006930760131283797,-215.721063491453,-94.21965317919143,-0.5594556066596755,0.7727303543501569,-0.1262660830531559,0.001510921052748774,-0.003794417892789781,-0.4999999999999997,-0.8660254037844388,-0.433883739117558,-0.9009688679024191,0,0,0,0,469
2020-01-17 18:00:00,0.001615243706561346,32.04377116171225,-0.0007298905701904612,-0.0006384265567778879,-9.146401341257334e-05,17.88302656347376,14.40929887463835,30.771060092151043,5.194264534051104,10.611224483996816,0.007600255521847732,-200.3896971349722,-93.41040462427796,-0.5192871684947813,0.8130352061830638,-0.04978414712354713,0.0017535261691427539,-0.0037177977946998286,-1.0,-1.8369701987210297e-16,-0.433883739117558,-0.9009688679024191,0,0,0,0,468
2020-01-19 22:00:00,0.0015691548703783867,34.90749971732431,-0.0008726364550135646,-0.000624937953280793,-0.0002476985017327716,18.798774975831616,15.593875570888063,29.41237018966932,8.053949903660554,7.321834791808837,0.008267415557316582,-163.16777242408332,-88.20809248554895,-0.511050342941681,0.8369154790204503,0.06999863193597006,0.0019247249422095034,-0.003175040637790394,-0.5000000000000004,0.8660254037844384,-0.7818314824680299,0.6234898018587334,0,0,0,0,467
2020-01-20 02:00:00,0.0014920723796370647,35.94115056755325,-0.0009617662912138059,-0.0005712542315848274,-0.0003905120596289785,19.618705219706474,15.371701408816882,28.722435190075952,10.674373795760786,7.974196077824111,0.008781749028373476,-130.67814786174648,-86.35838150289072,-0.4788593462762966,0.8801516722127368,0.1311099315713341,0.0020490426607042327,-0.002706370720100937,0.49999999999999994,0.8660254037844387,0.0,1.0,0,0,0,1,466
2020-01-20 06:00:00,0.001528352923948703,33.01252128857924,-0.001086847886057729,-0.0005570686611430005,-0.0005297792249147286,20.98385384364056,13.934888412481486,31.552518696079165,11.206455573175608,9.978259757532278,0.009472270899700597,-127.07237833674087,-91.8141592920335,-0.4041383769802734,0.859258342377521,0.0914918353821514,0.002193820441176477,-0.0030050610624929863,1.0,6.123233995736766e-17,0.0,1.0,0,0,0,0,465
2020-01-20 10:00:00,0.0014906134293809308,30.981681386238215,-0.0012219192451401462,-0.000553712016180334,-0.0006682072289598121,22.332291928445184,13.267143742601933,30.855177855951666,8.325403520765049,10.068744296567111,0.010225648341170679,-124.44451009791851,-96.85124864278065,-0.4812699780914441,0.8810131279612904,0.0856986414305968,0.002359171839314685,-0.003365722844160146,0.49999999999999994,-0.8660254037844387,0.0,1.0,1,0,1,0,464
2020-01-20 14:00:00,0.0014555696129965707,30.98168138623822,-0.0013138193783797103,-0.0005164897195359184,-0.0007973296588437919,23.76720306912706,12.616090631840347,31.205792786563293,6.1070120926356415,8.546290395525395,0.010865389270397152,-112.07352552234559,-93.01355578727895,-0.4794828050641915,0.902224110941985,0.13080015817478133,0.00253039884948281,-0.0033295316832939736,-0.4999999999999997,-0.8660254037844388,0.0,1.0,1,0,1,0,463
2020-01-20 18:00:00,0.0014637432120682495,39.41715899088968,-0.001274324390138526,-0.0003815957850357872,-0.0008927286051027387,23.879579698697686,17.163762701038547,28.814999966046244,10.892387332265827,8.4416009818888,0.010862533037796496,-76.78989713820512,-77.45803357314294,-0.3681521456086626,0.897186056387852,0.26672107774651543,0.00261897497728922,-0.00217383581529762,-1.0,-1.8369701987210297e-16,0.0,1.0,0,0,0,0,462
2020-01-20 22:00:00,0.001424904411206234,37.38387103152385,-0.0012687448478967411,-0.0003008129942352019,-0.0009679318536615392,23.983929426156127,16.372197739067886,27.486098795038565,16.833685005492253,11.277694810131203,0.0106212760060731,-67.97235023041166,-79.02735562310136,-0.33429488043565686,0.9216407708979478,0.24588740576396112,0.002693319398839139,-0.0019539289500734025,-0.5000000000000004,0.8660254037844384,0.0,1.0,1,0,1,0,461
2020-01-21 02:00:00,0.0013859826675486453,40.55410528539475,-0.0012116241826316543,-0.00019495386317609211,-0.0010166703194555622,23.939821600852166,16.299658488792396,26.239548113707894,23.927362669134194,17.217811668964053,0.010359674705179955,-55.59511564733001,-71.73252279635312,-0.04504301608035178,0.9475226716382494,0.3120114718441672,0.0027414295633537847,-0.0015584146340676952,0.49999999999999994,0.8660254037844387,0.7818314824680298,0.6234898018587336,0,0,0,0,460
2020-01-21 06:00:00,0.0013719839055808866,38.66550219644756,-0.001187365835969345,-0.0001365564132110263,-0.0010508094227583188,24.234080684292678,15.289828150468718,27.21701364833103,23.657548125632882,21.47286526675307,0.009913897316248033,-60.22000795656005,-78.26747720364688,-0.0009016075662765833,0.957190528735817,0.2917065373860969,0.002801617875714469,-0.0017772081300091447,1.0,6.123233995736766e-17,0.7818314824680298,0.6234898018587336,1,0,1,0,459
2020-01-21 10:00:00,0.0014718421980393903,51.46016474857278,-0.0009745438739294787,6.101243906307197e-05,-0.0010355563129925507,22.56040792914725,23.183103289409274,23.558278653006212,35.76604554865409,27.783652114473682,0.009285045826331828,-10.90514772076104,-42.70186335403773,0.19653804543816,0.8922491838794624,0.5404413728293044,0.002765429034648636,-0.00016916481294160235,0.49999999999999994,-0.8660254037844387,0.7818314824680298,0.6234898018587336,0,1,0,1,458
2020-01-21 14:00:00,0.0015445677553222986,42.260378027579534,-0.0009713979620871172,5.1326680724346875e-05,-0.001022724642811464,21.115489639392063,20.51356645659086,21.492970659320672,36.05229101151509,31.825294895267316,0.008498322422516136,-34.53681889179905,-70.87378640777014,-0.04145451268419114,0.8502378710644323,0.32272971945514384,0.002677766989644736,-0.0009989649612396345,-0.4999999999999997,-0.8660254037844388,0.7818314824680298,0.6234898018587336,0,0,0,0,457
2020-01-21 18:00:00,0.001537098629942142,39.098163421320145,-0.001031253467485893,-6.823059739543159e-06,-0.00102443040774635,20.371232219768167,19.14087195642424,23.72584727665038,33.50067338036857,35.106336646845875,0.007692301345956221,-72.96799162409735,-85.92233009708643,-0.13876249087680548,0.8543693777473681,0.22927477664476598,0.002620820171181558,-0.0020077144310071127,-1.0,-1.8369701987210297e-16,0.7818314824680298,0.6234898018587336,0,0,0,0,456
2020-01-21 22:00:00,0.001493734442089139,38.85990154652892,-0.001071980675789952,-3.804021443488156e-05,-0.0010339404613550704,19.916768799732132,18.289649179379428,24.248743913839462,18.527508090614337,29.360157494165957,0.007344246999996695,-87.70579624851798,-87.62135922330042,-0.07033490234269354,0.8791723367932032,0.24285995555421686,0.0025407468716833964,-0.002227363943193117,-0.5000000000000004,0.8660254037844384,0.7818314824680298,0.6234898018587336,0,0,0,0,455
2020-01-22 02:00:00,0.0014463248390827637,40.369349529933686,-0.0010701346916885957,-2.8955384266820183e-05,-0.0010411793074217755,19.516993766660278,17.53994559527854,23.402932270340745,15.129449838188373,22.38587710305705,0.006661896426463532,-86.2310718445709,-81.06796116504802,0.009924573243355453,0.9079910435838483,0.29645435575771245,0.0024364633928795807,-0.0020154414944042465,0.49999999999999994,0.8660254037844387,0.9749279121818236,-0.22252093395631434,0,0,0,0,454
2020-01-22 06:00:00,0.0014701587791482887,43.80048000152794,-0.0010070344512480567,2.731588493897494e-05,-0.0010343503361870316,18.4562480487064,19.472627843356555,21.378990559707358,22.68495521938715,18.780637716063247,0.005653126214484772,-67.18550762872387,-63.255813953490104,0.06586307697858976,0.8932708620498861,0.41058045038781804,0.0022541472067587223,-0.0015199395081852973,1.0,6.123233995736766e-17,0.9749279121818236,-0.22252093395631434,0,0,0,0,453
2020-01-22 10:00:00,0.001490147437780548,43.41000518723451,-0.0009533002520281109,6.484006732713674e-05,-0.0010181403193552476,17.293656988604393,18.74992376993867,19.58562853913872,30.109129224053195,22.641178093876196,0.004252991417445617,-58.539520413265286,-65.34883720930229,-0.051371251926418296,0.8812886340669603,0.4148834398030326,0.001962022745262446,-0.0013002110141973056,0.49999999999999994,-0.8660254037844387,0.9749279121818236,-0.22252093395631434,0,0,0,0,452
2020-01-22 14:00:00,0.0015858511922248024,41.54851345580464,-0.0009338412611634705,6.743924655342164e-05,-0.0010012805077168922,16.82382678205444,16.359937130177677,20.287039658317713,34.65439950801828,29.149494650486172,0.0029098529167015386,-80.90882266156378,-67.43215031315277,-0.044181160792384745,0.8281041792815579,0.3035983204786885,0.0017949651751443289,-0.0014292607997281603,-0.4999999999999997,-0.8660254037844388,0.9749279121818236,-0.22252093395631434,0,0,0,0,451
2020-01-22 18:00:00,0.0015540046784944695,45.9465778239037,-0.000848922208364522,0.00012188663948189613,-0.0009708088478464182,16.387555875972335,15.502689833816644,19.224015408292797,38.41190464630869,34.39181112612668,0.002796926884427453,2.0217164145000943,-51.98329853861887,-0.02072912441980555,0.8450746758833994,0.5732947297054479,0.0016191292067632994,-0.000753719935749908,-1.0,-1.8369701987210297e-16,0.9749279121818236,-0.22252093395631434,0,0,0,0,450
2020-01-22 22:00:00,0.001585861487173436,44.15751602115104,-0.0008022315292954829,0.00013486185484074822,-0.0009370933841362311,15.515725687894896,16.087978759807243,17.492282884561956,40.29227557411496,37.78619324281394,0.0028005542302964592,-10.8419999534648,-59.7077244258835,-0.015327466820542724,0.8280988034715909,0.44429674015506165,0.0013842235582480927,-0.0008007556742231081,-0.5000000000000004,0.8660254037844384,0.9749279121818236,-0.22252093395631434,0,0,0,0,449
2020-01-23 02:00:00,0.0015468713809467568,41.25843986564031,-0.0008059669627396016,0.00010490113711730364,-0.0009108680998569052,14.706169084680132,15.315382532153112,16.652247478533525,38.552540013921096,39.08557341144821,0.002878801833545719,-65.09698396686038,-72.65135699373435,-0.27443358707192833,0.8489716832153363,0.24555386499194762,0.0010741215937587886,-0.0011414952202855044,0.49999999999999994,0.8660254037844387,0.43388373911755823,-0.900968867902419,0,0,0,0,448
2020-01-23 06:00:00,0.0015313805680219922,42.05143750729058,-0.00079013612611889,9.658557899041231e-05,-0.0008867217051093023,14.17094413574383,14.36528471131299,16.598724851844914,32.498260264442074,37.11435861749268,0.0028729601453583165,-59.53750705016551,-70.14613778705593,-0.0667153508416018,0.8575595298928597,0.30768963993711446,0.0007068019963953803,-0.0010532422693292354,1.0,6.123233995736766e-17,0.43388373911755823,-0.900968867902419,0,0,0,0,447
2020-01-23 10:00:00,0.001625567670306137,43.622394580180256,-0.0007503810703493041,0.00010907250780799855,-0.0008594535781573027,14.26053082751452,19.816520557758963,14.520050311081066,30.619345859431718,33.89004871259826,0.002786464425900803,36.49773970973059,-65.34446764091457,0.036994595179876875,0.8078716278558128,0.40453852648275407,0.0005955383632822278,-0.00035258288778305946,0.49999999999999994,-0.8660254037844387,0.43388373911755823,-0.900968867902419,0,1,0,1,446
2020-01-23 14:00:00,0.0018965985509985547,30.01909398532797,-0.0009954689204403344,-0.00010881227382642531,-0.0008866566466139091,15.247939497700361,15.771476664141227,28.089505523573095,27.46718381159164,30.194929978488435,0.004351585917431233,-320.85672110497165,-82.10784313725458,-0.27883053600433466,0.692423812782403,-0.3370511508020924,0.0008600794701417302,-0.0033235762567604965,-0.4999999999999997,-0.8660254037844388,0.43388373911755823,-0.900968867902419,0,0,0,0,445
2020-01-23 18:00:00,0.0018382700830700842,32.739777442422,-0.0011418429463472268,-0.00020414903978665416,-0.0009376939065605727,16.164818977158642,15.109627906203666,26.910731668863185,25.65543129099757,27.91398698734027,0.005172145009256113,-288.7153285766915,-75.58139534883814,-0.2643283083890497,0.7143944799486421,-0.09385419289349242,0.0011090290305541372,-0.0035330234895531998,-1.0,-1.8369701987210297e-16,0.43388373911755823,-0.900968867902419,0,1,0,1,444
2020-01-23 22:00:00,0.001769822219993649,32.29948791505763,-0.0012546790869141233,-0.00025358814428284057,-0.0010010909426312828,16.970878893100604,14.774789086812515,25.95496804142606,22.160677410712832,25.094430837767305,0.005882261809606604,-219.90057008107757,-75.82872928176879,-0.33270519074195704,0.742023681906713,-0.020803068472225957,0.0012789426034356508,-0.003201314943722222,-0.5000000000000004,0.8660254037844384,0.43388373911755823,-0.900968867902419,0,1,0,1,443
2020-01-24 02:00:00,0.0016962634899941,30.711002338468578,-0.0013686711732621148,-0.0002940641845046656,-0.0010746069887574493,17.941660684975503,14.314392962004995,26.914780332373923,21.951689579852882,23.255932760521052,0.0065504198336232555,-193.33118336312012,-82.73480662983441,-0.36970243462578833,0.7742016542515856,-0.008364362068396027,0.001447018027396722,-0.0033990764148910113,0.49999999999999994,0.8660254037844387,-0.433883739117558,-0.9009688679024191,0,0,0,0,442
2020-01-24 06:00:00,0.0017743875264230819,27.01900499567725,-0.001545289803041916,-0.0003765462514275734,-0.0011687435516143426,19.45102075408042,12.70670919308786,29.00434492456985,14.789932473909559,19.634099821491716,0.007630634049454521,-174.01884766788,-97.06666666666811,-0.44832127586641646,0.7401145355475582,-0.06967743071243834,0.0016468587614933035,-0.003673016968366527,1.0,6.123233995736766e-17,-0.433883739117558,-0.9009688679024191,0,1,0,1,441
2020-01-24 10:00:00,0.001744788417392864,29.013782350890274,-0.0016437198998431324,-0.00037998107858303173,-0.0012637388212601007,21.171163083516046,11.999250326674456,30.50080516411218,11.81758799721122,16.18640335032451,0.008255145304393974,-169.0747984353872,-84.74576271186382,-0.4894890563588546,0.7526700583915575,0.04161921317291697,0.001899508941573109,-0.004197975610897409,0.49999999999999994,-0.8660254037844387,-0.433883739117558,-0.9009688679024191,0,1,0,1,440
2020-01-24 14:00:00,0.0017651606732933878,25.860219458306556,-0.0017946412588774052,-0.00042472195009384374,-0.0013699193087835615,23.026886958207122,11.013565950349822,30.66604166065477,8.902583331222132,11.836701267447596,0.009186724987535921,-155.92698798155087,-91.47982062780167,-0.5608909328644316,0.7439832644525071,-0.003389402237937508,0.0021600565650103593,-0.004417204228692295,-0.4999999999999997,-0.8660254037844388,-0.433883739117558,-0.9009688679024191,0,0,0,0,439
2020-01-24 18:00:00,0.001700506339486723,26.380234982472825,-0.0018868486910681437,-0.0004135435058276657,-0.001473305185240478,24.750059127563123,10.615715259085349,29.558270941521872,11.026449798587231,10.582207042340153,0.009224007588708893,-134.12285769304324,-90.69506726457281,-0.4989488690191581,0.7722699818904458,0.052743212716994274,0.0023526022013226904,-0.004106761223730437,-1.0,-1.8369701987210297e-16,-0.433883739117558,-0.9009688679024191,0,0,0,0,438
2020-01-26 22:00:00,0.0016554701723805376,30.716440347882102,-0.0018913206257922255,-0.000334412352441398,-0.0015569082733508275,26.073580604982435,11.161144453404779,28.193645676959783,11.210762331839769,10.37993182054967,0.0094702777148572,-109.62242419111836,-84.19282511210619,-0.4573954621317974,0.7932791673990532,0.15629307840745946,0.002478783985833769,-0.0035175536591653955,-0.5000000000000004,0.8660254037844384,-0.7818314824680299,0.6234898018587334,0,1,0,1,437
2020-01-27 02:00:00,0.0016022223029247824,29.803795693537683,-0.0018956069492848115,-0.00027095894074718714,-0.0016246480085376244,27.242501839663092,10.93125654605454,27.04986745988153,12.593423019433118,11.61021171662,0.009822189368795975,-97.68315901392329,-87.33183856502164,-0.5033012230761031,0.8196428158581509,0.16641856749278222,0.0025622470732795813,-0.003242282699765564,0.49999999999999994,0.8660254037844387,0.0,1.0,0,1,0,1,436
2020-01-27 06:00:00,0.0016484921384301613,26.77467308238976,-0.001956337180519352,-0.000265351337585382,-0.00169098584293397,28.853709629007508,9.865549863684906,29.438968424587387,11.557305839817872,11.787163730363545,0.010338963971136206,-104.97039553854647,-93.80341880341857,-0.2714661888861845,0.7966371021038606,0.11678945675205646,0.002673089513732666,-0.0035870334171177465,1.0,6.123233995736766e-17,0.0,1.0,0,0,0,0,435
2020-01-27 10:00:00,0.0016257426999708678,31.613552312093347,-0.0019305692741586888,-0.0001916667449797752,-0.0017389025291789136,30.349831147684462,9.28905812420676,27.718707278474884,10.632976888582593,11.594568582611155,0.010479201496126578,-92.48270444715376,-86.96581196581202,-0.2523653599146182,0.807784651300315,0.21028326909047088,0.0026509874653008136,-0.0031896707437482075,0.49999999999999994,-0.8660254037844387,0.0,1.0,0,1,0,1,434
2020-01-27 14:00:00,0.001670332507115796,27.864474909680812,-0.0019849041706094805,-0.00019680131314445343,-0.0017881028574650271,32.0980146593282,8.395293358790035,28.772086450350166,8.293875650081231,10.161386126160524,0.01064064114592611,-102.57506651463378,-94.34914228052571,-0.34919486158856294,0.7862207042043508,0.13644108029325364,0.0026891187631531517,-0.003557030417581597,-0.4999999999999997,-0.8660254037844388,0.0,1.0,0,0,0,0,433
2020-01-27 18:00:00,0.001603880185178951,30.92651639895554,-0.0019713499821238933,-0.00014659769972709294,-0.0018247522823968004,33.72132792014025,8.118619811418005,27.823879534486018,10.266255465476993,9.731036001380232,0.010508825053084259,-97.78838801841837,-87.88627935723127,-0.2660874287265764,0.8187955759634724,0.20534289186867405,0.0027609460530788107,-0.003410467984175325,-1.0,-1.8369701987210297e-16,0.0,1.0,0,1,0,1,432
2020-01-27 22:00:00,0.0015478887433804575,31.300387209909136,-0.0019342764728302875,-8.761935234678948e-05,-0.001846657120483498,34.549990516004115,10.07255923539265,26.771036182724714,12.524090223311063,10.361407112956389,0.010305420709329827,-81.64843255594737,-80.19230769230981,-0.14497875155172985,0.8484136896893336,0.23625530905892023,0.0028024178513073833,-0.00284629721210794,-0.5000000000000004,0.8660254037844384,0.0,1.0,0,1,0,1,431
2020-01-28 02:00:00,0.001475182404567562,32.7891243873281,-0.001868030544206034,-1.7098738978028622e-05,-0.0018509318052280055,35.31946292644914,9.814070310409154,26.084019486982545,18.46098380399931,13.750443164262416,0.009613395653786494,-75.59106507506019,-76.53846153846098,-0.15309496417215204,0.8902288936838078,0.2740652649467995,0.0028164272223571408,-0.0026001934351393974,0.49999999999999994,0.8660254037844387,0.7818314824680298,0.6234898018587336,0,1,0,1,430
2020-01-28 06:00:00,0.0014469550899555911,30.856231083738738,-0.00183552412668897,1.2326142831228619e-05,-0.0018478502695201985,36.29842076921685,9.290843688379672,27.16161532479137,18.97435897435849,16.653144333889582,0.008904892138380305,-80.8740165595886,-86.34615384615373,-0.09431139082095616,0.9075955495206871,0.23958134877288262,0.0028009710150834594,-0.002686577960328229,1.0,6.123233995736766e-17,0.7818314824680298,0.6234898018587336,0,0,0,0,429
2020-01-28 10:00:00,0.0014907440121016326,27.021716807657306,-0.0018800786528316848,-2.5782706649189052e-05,-0.0018542959461824958,37.70290935762865,8.373797385004831,29.655435860445,14.27017566464828,17.235172814335318,0.008456410585830021,-103.97021863603672,-94.30485762144045,-0.2040261153427716,0.8809359550259714,0.13696180916943984,0.002787010122484283,-0.0031831183901687155,0.49999999999999994,-0.8660254037844387,0.7818314824680298,0.6234898018587336,0,0,1,0,428
2020-01-28 14:00:00,0.0014764051540943582,29.980863953162583,-0.0018648426986376254,-8.43740196410374e-06,-0.0018564052966735217,39.172850565685756,7.851186356419724,29.788214344744283,15.259186653658679,16.16790709755511,0.007513253356308702,-119.77440296944901,-73.57142857142978,-0.22385760118907105,0.8894916116745479,0.18948205399716048,0.0027734919594401084,-0.003305668918955007,-0.4999999999999997,-0.8660254037844388,0.7818314824680298,0.6234898018587336,0,0,1,0,427
2020-01-28 18:00:00,0.0014702333573733328,39.83332802430996,-0.001723961621150849,0.00010595494041813823,-0.0018299165615689873,38.91582295319103,13.19955262632891,27.776598893576892,30.231714126185455,19.920358814830763,0.005650183713477475,-64.90917146653523,-41.42857142857339,-0.07614903453902203,0.8932255504977837,0.3828356680826393,0.002616079409647642,-0.0019157487387715388,-1.0,-1.8369701987210297e-16,0.7818314824680298,0.6234898018587336,0,1,0,1,426
2020-01-28 22:00:00,0.0014480738318466697,37.4379920846172,-0.0016394085077791054,0.00015240644303190576,-0.0017918149508110112,38.11791633959627,14.8119664132585,26.187253397514887,44.16247906197555,29.88445994727319,0.005370391419256215,-48.3474145963488,-52.51256281407015,-0.038108718730423,0.9068943662390928,0.3024352571033036,0.0024139437559001524,-0.00157235550633672,-0.5000000000000004,0.8660254037844384,0.7818314824680298,0.6234898018587336,0,1,0,1,425
2020-01-29 02:00:00,0.0013867828438576283,36.687713049170114,-0.0015688394473565292,0.00017838040276358562,-0.0017472198501201149,37.67918451822623,14.361846491943023,27.863770928701573,49.6745632926526,41.35625216027117,0.004816712156232139,-79.48557234718774,-57.03517587939867,-0.11244615733392954,0.9469759492747392,0.2841888893744424,0.0022186320516216535,-0.0019709670658298872,0.49999999999999994,0.8660254037844387,0.9749279121818236,-0.22252093395631434,0,1,0,1,424
2020-01-29 06:00:00,0.0014448697835820821,31.806299957649145,-0.001597780047340125,0.00011955184222399201,-0.001717331889564117,38.14594342251303,12.799863801713405,33.089140674716994,36.02855732646234,43.28853322703012,0.004464901342242644,-143.14603768594606,-82.36658932714414,-0.11892441491002799,0.9089054355778872,0.03839965499334793,0.0020053573125544174,-0.0027363563672304636,1.0,6.123233995736766e-17,0.9749279121818236,-0.22252093395631434,0,0,0,0,423
2020-01-29 10:00:00,0.0014266647990405065,28.690888798562113,-0.0016796249043380396,3.0165588180861838e-05,-0.0017097904925189014,38.68292647653376,12.037254095581046,32.2692425351674,20.346254475938807,35.34979169835121,0.004535088091308204,-195.01731947773695,-99.55947136564077,-0.24501796798433215,0.9205035414648326,-0.10616242609905965,0.0016459851547813598,-0.003265714524518293,0.49999999999999994,-0.8660254037844387,0.9749279121818236,-0.22252093395631434,1,0,1,0,422
2020-01-29 14:00:00,0.0014483315991090423,37.22419748631439,-0.0016248922435320168,6.791859918950762e-05,-0.0016928108427215244,38.51773859238275,13.772035907202516,29.516035740921144,16.634504414018426,24.33643873880649,0.004464265224636943,-133.5312184362883,-68.1704260651598,-0.13611491728748695,0.9067329614349785,0.1989426182425546,0.0015575726850499785,-0.0024401906958904096,-0.4999999999999997,-0.8660254037844388,0.9749279121818236,-0.22252093395631434,1,0,1,0,421
2020-01-29 18:00:00,0.0015034507706012613,40.650697586768736,-0.001518820874028215,0.0001391919749546477,-0.0016580128489828627,37.20604379008997,17.545549187409552,26.40293084601883,26.044921407778475,21.008560099245198,0.0040972009952993105,-63.183009181356674,-54.13533834586399,-0.10252222827073809,0.8734905230550408,0.3430635937222366,0.0014421397537601366,-0.0015519087735527126,-1.0,-1.8369701987210297e-16,0.9749279121818236,-0.22252093395631434,1,0,1,0,420
2020-01-29 22:00:00,0.0014624900012726067,40.96055891182029,-0.0014144194207243999,0.0001948747426067704,-0.0016092941633311702,35.98804147367525,16.74860304320667,25.203668645181637,43.600526740582005,28.759984187459597,0.004017120859007406,-34.30945325665318,-46.892655367230184,-0.051738692372623823,0.8979548570296253,0.37242106523861224,0.0012751888418027601,-0.0011824227383352426,-0.5000000000000004,0.8660254037844384,0.9749279121818236,-0.22252093395631434,1,0,1,0,419
2020-01-30 02:00:00,0.0014030264297531282,42.51206813245755,-0.0012973593713183629,0.00024954783361024607,-0.001546907204928609,34.857039322718734,16.211416343825107,24.395298207546638,52.95300397887294,40.86615070907777,0.0038759870995477286,-17.27845243837234,-40.11299435028699,0.07359956385443438,0.9360123032258737,0.44827124166036486,0.0011160886095431795,-0.0009651622526019032,0.49999999999999994,0.8660254037844387,0.43388373911755823,-0.900968867902419,1,0,1,0,418
2020-01-30 06:00:00,0.0014063816847707585,46.073124516861256,-0.0011461885705439379,0.00032057490750773705,-0.001466763478051675,34.11288715783787,15.017544461051118,24.731866949407234,62.900188323915565,53.151239681123464,0.0035203607763762967,7.02467098302013,-24.293785310736126,0.09174228592709262,0.9337792252421581,0.6228567261919258,0.0009825675291849844,-0.0007223492723937852,1.0,6.123233995736766e-17,0.43388373911755823,-0.900968867902419,1,0,1,0,417
2020-01-30 10:00:00,0.0014523544215728549,49.948628275589684,-0.0009628360791045232,0.0004031419191577214,-0.0013659779982622446,32.29046266250696,18.716662878588586,22.238362683250582,73.15743784599003,63.003543382926146,0.003352465360872081,89.65393580776944,-16.120906801006786,0.028124036071347273,0.9042214355486252,0.8308013299536497,0.0009200563152991505,9.053360645605579e-07,0.49999999999999994,-0.8660254037844387,0.43388373911755823,-0.900968867902419,0,0,0,0,416
2020-01-30 14:00:00,0.0015129005343176647,56.29703782339789,-0.0007108894139702393,0.0005240708674336041,-0.0012349602814038434,30.02241384308112,19.611428309501946,19.82350115396264,86.2379493977557,74.0985251892204,0.0038895449599998244,159.14156147006733,-0.8714596949899622,0.19061623505704786,0.868034593293531,1.0771883403039912,0.0009287882670775682,0.0006785662425126127,-0.4999999999999997,-0.8660254037844388,0.43388373911755823,-0.900968867902419,0,0,0,1,415
2020-01-30 18:00:00,0.001481264781866396,53.82616115515684,-0.0005381005519535798,0.000557487783560211,-0.0010955883355137908,27.94895863861617,19.178196790003973,18.800671277456118,90.30190755865954,83.23243160080172,0.004079809308762172,181.2139575798997,-12.101910828024643,0.16976695626912497,0.8865734310818508,0.9420549745123399,0.0009635757681692407,0.0009493476097783837,-1.0,-1.8369701987210297e-16,0.43388373911755823,-0.900968867902419,0,0,0,0,414
2020-01-30 22:00:00,0.001441174440304497,51.227656403259175,-0.00043169217798655346,0.0005311169260217899,-0.0009628091040083434,26.073628580202218,18.303714514925197,18.93465835023796,88.52763091554179,88.35582929065231,0.004248845019046321,132.83503208757296,-21.44373673036002,0.2463121347354635,0.9112359775979175,0.8044356746837502,0.0009597302254323505,0.0005697998009959182,-0.5000000000000004,0.8660254037844384,0.43388373911755823,-0.900968867902419,0,0,0,0,413
2020-01-31 02:00:00,0.001422519123139887,47.05750100948664,-0.0004032332846732878,0.00044766065546804454,-0.0008508939401413323,24.81931148958305,17.219200692315237,20.42382252105398,76.36234961075792,85.06396269498639,0.004267113309472492,78.7566251253329,-37.36730360934155,0.26654294707349485,0.9231861833261683,0.624674448840859,0.0009311222840545231,5.501581691613744e-05,0.49999999999999994,0.8660254037844387,-0.433883739117558,-0.9009688679024191,1,0,1,0,412
2020-01-31 06:00:00,0.00144448204291561,51.11454037847924,-0.00031970300319250633,0.0004249527495590608,-0.0007446557527515671,24.059641999081038,15.746145877377778,20.951287271229305,72.9653220099084,79.28510084540267,0.004394485179845642,82.7814569536296,-22.29299363057319,0.21717203841854157,0.9091494120268016,0.7725006345435041,0.0009390043379406023,0.00015488121822948564,1.0,6.123233995736766e-17,-0.433883739117558,-0.9009688679024191,1,0,1,0,411
2020-01-31 10:00:00,0.0015784476112787802,62.55978747914917,-4.081514159715027e-05,0.0005630724889235336,-0.0006038876305206838,23.281189485087282,23.200250716573738,17.80360717794139,79.74635794308914,76.35800985458512,0.005512689361455436,192.8275364930566,-1.1006289308178485,0.40506053202792813,0.8319883350047138,1.164104171295647,0.001080195148158074,0.0017923573874378818,0.49999999999999994,-0.8660254037844387,-0.433883739117558,-0.9009688679024191,1,0,1,0,410
2020-01-31 14:00:00,0.0017635584961874394,70.43836269813585,0.00039991825585339313,0.0008030447090992617,-0.0004031264532458685,24.365794995377392,33.2957056508826,14.796657548520686,89.65630096561904,80.78932697287216,0.007861317955403457,288.3055450637587,-7.637474541751866,0.6529715199069862,0.7446591665879291,1.2772233656826135,0.001572651202166382,0.004362968796442823,-0.4999999999999997,-0.8660254037844388,-0.433883739117558,-0.9009688679024191,0,0,0,0,409
2020-01-31 18:00:00,0.001766161460745481,73.0924143441425,0.000837188943248135,0.0009922523171952027,-0.00015506337394706777,25.581763003685815,33.09623067643303,13.719503821990756,96.79716344595863,88.73327411822224,0.009963423307077335,273.8691704208974,-0.8704061895543846,0.7409021573327674,0.7435616896802226,1.1896725942697925,0.002112250652306069,0.005449131292727172,-1.0,-1.8369701987210297e-16,-0.433883739117558,-0.9009688679024191,0,1,0,1,408
2020-02-02 22:00:00,0.001750721356406514,66.69701265981217,0.0010745128271809623,0.000983660960902424,9.085186627853824e-05,26.710876154257914,31.003250245385182,12.851892845265247,92.74925536198072,93.06757325785276,0.010972160406960363,203.23044486984605,-13.244353182751567,0.5808044141135438,0.7501193694783866,0.9831318357902631,0.0024692119653039134,0.004697334122642394,-0.5000000000000004,0.8660254037844384,-0.7818314824680299,0.6234898018587334,0,1,0,1,407
2020-02-03 02:00:00,0.0016599555452346227,67.03353560515079,0.0012585755530296616,0.0009341789494008986,0.000324396603628763,27.759338365503435,30.36289057858964,12.586442166547744,90.95538698064904,93.50060192952942,0.011916014602043834,155.20242149074357,-13.019079685746949,0.5332994730493198,0.7911356444273823,0.92979974186347,0.002725641823418338,0.0040394140594977035,0.49999999999999994,0.8660254037844387,0.0,1.0,0,1,0,1,406
2020-02-03 06:00:00,0.0017363872920035709,61.100517197610245,0.001295905887491955,0.0007772074270905535,0.0005186984604014014,26.867323178539706,26.953073143221893,19.811583605498924,82.56613592000336,88.75692608754433,0.012294065397425058,104.85608883045893,-26.03815937149141,0.31708930140697583,0.7563116857902571,0.7994534257781962,0.002857578191423319,0.0027625276014044964,1.0,6.123233995736766e-17,0.0,1.0,0,1,0,1,405
2020-02-03 10:00:00,0.0017266453425747476,56.633144624089546,0.0012338039456889494,0.0005720843882300383,0.000661719557458911,25.97709410083329,25.169063920010526,18.83121295825743,74.71006359895287,82.74386216653505,0.012353826775384213,73.42968785555998,-36.812570145903024,0.267360292918125,0.7605788911124628,0.7007879861924777,0.0029031567547485116,0.0018515253932920306,0.49999999999999994,-0.8660254037844387,0.0,1.0,0,1,0,1,404
2020-02-03 14:00:00,0.0018211706752479797,54.660508063129136,0.0011359884192543301,0.0003794150894363352,0.0007565733298179949,24.60344687274912,22.158220165206675,25.364090908732756,64.37520061451777,73.8838000444913,0.012007743334875087,37.383095576500196,-44.02366863905225,0.2674669519647495,0.7211021008896825,0.6463638879501717,0.002870525458016591,0.0006392700284953978,-0.4999999999999997,-0.8660254037844388,0.0,1.0,0,1,0,1,403
2020-02-03 18:00:00,0.0017503727698731158,54.96763868223157,0.0010527883524551473,0.00023697201810972195,0.0008158163343454254,23.327917303813816,21.407713797417692,24.505000620873208,58.03808542151635,65.70778321166229,0.011229116438807196,48.82972054953638,-45.049504950495646,0.3429535742476247,0.7502687556635135,0.6337594109193725,0.0028911465723039003,0.0012321284262157839,-1.0,-1.8369701987210297e-16,0.0,1.0,0,1,0,1,402
2020-02-03 22:00:00,0.0016610604291678892,55.25326652480621,0.000981189572456076,0.00013229859048852037,0.0008488909819675556,22.14349698980246,20.94742879295608,23.978121177937503,55.26469434920659,59.22599346174687,0.010691779832952442,43.87118672833029,-45.13274336283231,0.28470396228125133,0.7906094064608321,0.6211678523352228,0.0029079345857290625,0.001176491485451736,-0.5000000000000004,0.8660254037844384,0.0,1.0,0,1,0,1,401
2020-02-04 02:00:00,0.0015995561127987638,54.403866611258216,0.0009011484818874926,4.180599993594959e-05,0.000859342481951543,21.282017148876964,20.19909872722812,24.72911091114698,54.220750772927886,55.84117684788357,0.010179324142415513,32.979644332321236,-47.15549936788839,0.03165902327391138,0.8210090221231374,0.5879233225583983,0.002888603373362087,0.0009045054999490265,0.49999999999999994,0.8660254037844387,0.7818314824680298,0.6234898018587336,0,1,0,1,400
2020-02-04 06:00:00,0.00159173067617028,52.92528293406372,0.0008066302658367164,-4.21697728918614e-05,0.0008488000387285778,20.911853557007948,18.848517718853074,26.082248330050025,52.380952380952515,53.95546583436229,0.009548515905438038,18.74035031677036,-50.56890012642177,-0.24361415127535843,0.8250453545066383,0.5419436909323191,0.0027980609227935787,0.0005500117266195037,1.0,6.123233995736766e-17,0.7818314824680298,0.6234898018587336,0,1,0,1,399
2020-02-04 10:00:00,0.0015851784850152643,47.05882478082543,0.0006316472730236722,-0.00017372221256392443,0.0008053694855875966,20.920035001807644,17.57453875661254,26.932834272776315,45.722713864307345,50.77480567272921,0.00890978316214408,-12.400458061323315,-65.10745891276781,-0.4560530679933723,0.8284556044724226,0.3984823779053449,0.0026177066112734004,-0.00019932254484356093,0.49999999999999994,-0.8660254037844387,0.7818314824680298,0.6234898018587336,0,1,0,1,398
2020-02-04 14:00:00,0.0015833800217998886,43.74413900393645,0.0004291204578792396,-0.0003009992221666857,0.0007301196800459253,21.49218437819622,16.337750543926038,29.638834714354452,34.7017866413259,44.26848429552856,0.008479316009940785,-51.889804147278305,-80.21828103683272,-0.4141403204850469,0.8293965958388047,0.2965637796754289,0.002460192014153486,-0.0010144434079226716,-0.4999999999999997,-0.8660254037844388,0.7818314824680298,0.6234898018587336,0,0,0,0,397
2020-02-04 18:00:00,0.001537424305957051,47.911807111535914,0.0003269798425054038,-0.00032251187003241725,0.000649491712537821,22.023465941985616,15.624243383569423,28.344438601715787,24.563897565664494,34.99613269043254,0.008113004621991493,-47.090635953929805,-80.98256735340598,-0.3563534665523838,0.8541883947792136,0.3703932699422188,0.002336376328409799,-0.0006603546019556816,-1.0,-1.8369701987210297e-16,0.7818314824680298,0.6234898018587336,0,1,0,1,396
2020-02-04 22:00:00,0.00147403685553155,45.82273701921107,0.00020812916273937887,-0.00035309003983875374,0.0005612192025781326,22.49588716085913,15.229033348685382,27.451657809102542,16.94784187309047,25.404508693360253,0.008069403943071318,-52.76999204124619,-87.95562599048988,-0.29170316719197914,0.890920735849872,0.31349303980598037,0.002217336591977892,-0.0006412595671327903,-0.5000000000000004,0.8660254037844384,0.7818314824680298,0.6234898018587336,0,1,0,1,395
2020-02-05 02:00:00,0.0014216056515650082,44.63196536761469,9.269767103980975e-05,-0.00037481722523065834,0.0004675148962704681,23.2829534276515,14.662798126982755,29.44566935802408,13.065259315990112,18.192332918248322,0.007984517768560462,-73.19122125381377,-91.86602870813381,-0.227780137933535,0.9237793888581391,0.2775069138182459,0.0021040223536216113,-0.0010070254684291235,0.49999999999999994,0.8660254037844387,0.9749279121818236,-0.22252093395631434,0,0,0,0,394
2020-02-05 06:00:00,0.001508633819310363,39.385407791413634,-9.372526600182063e-05,-0.000448992129817831,0.0003552668638160104,24.62760612694148,12.8300241600545,31.494042639344798,9.037363174417926,13.016821454499464,0.00807374485579393,-97.78949218064086,-93.06625577812252,-0.29568944470065794,0.8704895669118181,0.13455620004108473,0.002013448619239412,-0.0014508634309546853,1.0,6.123233995736766e-17,0.9749279121818236,-0.22252093395631434,0,1,0,1,393
2020-02-05 10:00:00,0.0015580171179310498,34.37543946768337,-0.0003480027777462702,-0.0005626157132498245,0.0002146129355035543,26.43918242501961,11.535977624545218,34.59840547767623,6.9309687844797,9.677863758295874,0.008422657775099651,-155.56467329981248,-94.27480916030456,-0.42677468647430183,0.8428983127887032,-0.007381412626521911,0.002054934362363276,-0.0027301276898115123,0.49999999999999994,-0.8660254037844387,0.9749279121818236,-0.22252093395631434,0,1,0,1,392
2020-02-05 14:00:00,0.0015745873237931148,30.913424866629015,-0.0006326019362046242,-0.0006777718973665428,4.51699611619186e-05,28.50978153313534,10.599251463442169,36.96042364895723,6.230770394935823,7.399700784611112,0.009402123164287346,-189.53685084107246,-93.96662387676542,-0.5343387219268616,0.834028053037056,-0.05891631157953711,0.0022303961461422315,-0.0036801174746270426,-0.4999999999999997,-0.8660254037844388,0.9749279121818236,-0.22252093395631434,0,0,0,0,391
2020-02-05 18:00:00,0.0015292596578078883,30.44175624668997,-0.0008611328787435646,-0.0007250422719243865,-0.00013609060681917806,30.51839635349496,10.133886394012947,36.598773478166315,6.578852903277503,6.580197360897638,0.010516859607144546,-175.24249371105313,-92.0220082530975,-0.5344160306724131,0.8587488679865349,0.011546203725096191,0.0024414251954195123,-0.003861041409989996,-1.0,-1.8369701987210297e-16,0.9749279121818236,-0.22252093395631434,0,0,0,0,390
2020-02-05 22:00:00,0.0014650268251073183,30.040697560414994,-0.0010407382282684452,-0.0007237180971594137,-0.0003170201311090315,32.38353868668604,9.822612306798119,35.4745996553446,6.762506165916655,6.524043154709957,0.011032695228108125,-153.2221698271224,-93.7238493723871,-0.5218838469261361,0.8963999685833738,0.06098669456035006,0.002627313595900958,-0.003644158097190875,-0.5000000000000004,0.8660254037844384,0.9749279121818236,-0.22252093395631434,0,0,0,0,389
2020-02-06 02:00:00,0.0014010963375996658,31.241376003540033,-0.0011568308727307741,-0.000671848593297394,-0.0004849822794333801,34.12619178202079,9.537178226936842,34.59668909439901,7.639638367262734,6.993665812152259,0.010813412967062952,-136.37515842839068,-91.33522727272721,-0.403817250058844,0.9373017149197874,0.11089990617987788,0.0027791884727299218,-0.0033403587827491865,0.49999999999999994,0.8660254037844387,0.43388373911755823,-0.900968867902419,0,0,0,0,388
2020-02-06 06:00:00,0.0014445894563425517,30.990778654867416,-0.0012401874360818965,-0.0006041641253188131,-0.0006360233107630834,34.063153636109014,15.610592927393322,31.15827546392684,7.551736356390438,7.317960296523236,0.010734136946964234,-108.880870044608,-92.28571428571438,-0.3442870991999878,0.9090818116068214,0.14058591584382235,0.002892267019937821,-0.0026652634134627373,1.0,6.123233995736766e-17,0.43388373911755823,-0.900968867902419,0,1,0,1,387
2020-02-06 10:00:00,0.0014135473523180803,33.05608314472796,-0.00127141907476358,-0.0005083166112003973,-0.0007631024635631827,34.00461821490522,14.81387906165028,29.568058474078214,9.221590909090219,8.137655210914426,0.010271938278442416,-98.99823507952581,-88.71428571428774,-0.39112720688095076,0.9290456367424815,0.18900708771739363,0.0030249430831549707,-0.002577775673719085,0.49999999999999994,-0.8660254037844387,0.43388373911755823,-0.900968867902419,0,1,0,1,386
2020-02-06 14:00:00,0.0015782939700096422,24.614928569446278,-0.0014935929332773323,-0.0005843923757713196,-0.0009092005575060127,35.269663949047896,12.31988277938601,38.710245558673364,10.108262108261599,8.96052979124738,0.010809709709148407,-137.51401124605204,-88.67521367521307,-0.592359110917884,0.8320693260913726,0.0035944401486876537,0.0032008666267065128,-0.004269820286488146,-0.4999999999999997,-0.8660254037844388,0.43388373911755823,-0.900968867902419,0,0,0,0,385
2020-02-06 18:00:00,0.0015634158292946745,30.63846433850576,-0.0015836312220471882,-0.0005395445316329405,-0.0010440866904142478,36.44434927360895,11.548758100630767,36.28729834354928,15.076516076515682,11.468789697955794,0.01100944231085288,-121.80111426887028,-77.38095238095212,-0.49374439441570156,0.8399876574055571,0.12509454307860282,0.003227461973312491,-0.003998767996902464,-1.0,-1.8369701987210297e-16,0.43388373911755823,-0.900968867902419,0,1,0,1,384
2020-02-06 22:00:00,0.0015024575557736253,30.482333119878678,-0.001640115565419098,-0.0004768231000038801,-0.0011632924654152179,37.4907262639748,11.349103387528727,35.06244882355956,18.69984085552932,14.62820634676883,0.011117965820956144,-103.01394511920661,-77.84431137724684,-0.39088715967423376,0.8740679528373093,0.15834577465238445,0.0031976521397820523,-0.0034672665571502392,-0.5000000000000004,0.8660254037844384,0.43388373911755823,-0.900968867902419,0,1,0,1,383
2020-02-07 02:00:00,0.0014365677303612252,29.82756838524848,-0.0016816333208764522,-0.0004146726843689873,-0.001266960636507465,38.45046969210916,11.07153306453896,34.05129763670792,21.511738427905385,18.429365119983427,0.011045335485891705,-94.45485460475959,-80.23952095808487,-0.2851305334846894,0.9141580812690141,0.173572613108469,0.0031310475750454324,-0.003205218565911716,0.49999999999999994,0.8660254037844387,-0.433883739117558,-0.9009688679024191,0,1,0,1,382
2020-02-07 06:00:00,0.0015418128924782942,22.80985132407981,-0.0019071912965666904,-0.0005121845280473803,-0.00139500676851931,40.16327743224645,9.578941297359918,41.41325838214037,14.289516205683588,18.167031829706062,0.011574008121468804,-129.62673203637019,-99.04761904761753,-0.4254042704044083,0.8517570493843099,0.004406775958628582,0.0032084685616974463,-0.004632401080638671,1.0,6.123233995736766e-17,-0.433883739117558,-0.9009688679024191,0,0,0,0,381
2020-02-07 10:00:00,0.0015966834001584186,25.57466860478425,-0.0020310650234287575,-0.000508846603927558,-0.0015222184195011995,41.8931404108236,8.589061078208397,39.63883795992459,10.367490127969068,15.389581587185978,0.011625939273700148,-131.19781374067998,-89.61038961039038,-0.3754647854032353,0.8224861609193801,0.08334549269855361,0.0033026677080296575,-0.004669675660854189,0.49999999999999994,-0.8660254037844387,-0.433883739117558,-0.9009688679024191,0,0,0,0,380
2020-02-07 14:00:00,0.001728348871575682,22.156111938718396,-0.002229415492925435,-0.0005657576587393882,-0.0016636578341860469,43.638775509293666,7.367979476862265,36.4005035558829,4.008454213465653,9.555153515706065,0.011975988476768507,-137.8620959624214,-99.3166287015951,-0.5055280768111734,0.7598292344778462,0.012566331261592803,0.003441576635563163,-0.004783701607985913,-0.4999999999999997,-0.8660254037844388,-0.433883739117558,-0.9009688679024191,0,0,0,0,379
2020-02-07 18:00:00,0.0016541810950345675,25.457801874646098,-0.002321121239762469,-0.0005259707244611377,-0.0017951505153013315,45.25972238644444,7.148453251801584,35.315964007282815,6.180620452021331,6.852188264485313,0.012146485088107895,-144.76458186928957,-92.53112033195049,-0.4763636363636485,0.7938973573945706,0.09885514495297967,0.0035336130141976033,-0.00507260547934707,-1.0,-1.8369701987210297e-16,-0.433883739117558,-0.9009688679024191,0,0,0,0,378
2020-02-09 22:00:00,0.001611025302532098,27.66062655502703,-0.002340991881988108,-0.00043667309334942134,-0.0019043187886386868,46.254375273896734,8.63349351214052,33.671857427216594,6.69889847029994,5.629324378595602,0.012152892659592407,-120.62646388590794,-88.05555555555456,-0.44093715054594573,0.8151641057008383,0.16098606188643147,0.003536477519923157,-0.004427597040999487,-0.5000000000000004,0.8660254037844384,-0.7818314824680299,0.6234898018587334,0,1,0,1,377
2020-02-10 02:00:00,0.0015495234952083788,31.087367608928343,-0.0022899960389228813,-0.0003085418002273556,-0.0019814542386955257,46.66338354050016,10.271088183560352,32.50772567277233,12.767404333794653,8.54897441870527,0.01151180541859187,-95.7925658640417,-81.11111111111097,-0.41811339962551014,0.8475186107606553,0.22428303948971232,0.003457298890766846,-0.0035704559443860973,0.49999999999999994,0.8660254037844387,0.0,1.0,0,1,0,1,376
2020-02-10 06:00:00,0.0015295575312649305,29.350507531251427,-0.0022702130161347256,-0.0002310070219513601,-0.0020392059941833655,47.24544014144442,9.66193526905072,33.1015102960875,13.888888888889227,11.11839723099457,0.010862293680225399,-98.56257835225959,-89.16666666666677,-0.22960857205336374,0.8585816310642164,0.19610469969069177,0.0033627941538346266,-0.0036344194688353593,1.0,6.123233995736766e-17,0.0,1.0,0,1,0,1,375
2020-02-10 10:00:00,0.0016003034218888695,24.92841046398114,-0.002365252379863403,-0.00026083710854402954,-0.0021044152713193733,48.26717658432485,8.575173643323247,36.028820970729335,11.05546758159633,12.570586934760032,0.0104580801295171,-122.05897202867487,-96.55581947743325,-0.4615972905058367,0.8206256276387544,0.07114499559615209,0.0033353512249853956,-0.004398599244661794,0.49999999999999994,-0.8660254037844387,0.0,1.0,0,1,0,1,374
2020-02-10 14:00:00,0.0016931388917539435,20.542689066929253,-0.0025922461562335464,-0.0003902647079313381,-0.0022019814483022083,49.71487222377092,7.526065399678824,40.311501401871446,5.104594428650557,10.016316966378668,0.011023454267847566,-158.58086646878314,-98.9637305699483,-0.6619260500222969,0.7756304024412245,-0.05844564239316665,0.0034551980462454853,-0.005883644638422281,-0.4999999999999997,-0.8660254037844388,0.0,1.0,0,0,0,0,373
2020-02-10 18:00:00,0.0016357718280572374,21.07437678072997,-0.0027341672498997216,-0.0004257486412780104,-0.002308418608621711,51.090728801277486,7.233577950773529,39.39986376698313,2.6649423164750967,6.275001442240625,0.011567115284083052,-158.30140930092486,-96.48562300319315,-0.6365482510859413,0.802832019401943,0.018505706633381375,0.003533075177444095,-0.006096819734015213,-1.0,-1.8369701987210297e-16,0.0,1.0,0,0,0,0,372
2020-02-10 22:00:00,0.0015710738403388717,23.21843278009107,-0.002789471044084113,-0.00038484194836992157,-0.0024046290957141915,52.36830990896215,6.9935004878087,38.09220946385563,4.276692405330478,4.015409716818673,0.011976259683023738,-140.20413853131538,-91.72056921086711,-0.36697247706423247,0.8358932382940952,0.09716137360991549,0.003520351982379393,-0.005544674155294027,-0.5000000000000004,0.8660254037844384,0.0,1.0,0,0,0,0,371
2020-02-11 02:00:00,0.0015245685660289546,22.830611932561755,-0.0028153703581133005,-0.00032859300991928703,-0.0024867773481940135,53.32322350701332,7.535385854544128,36.45030080066155,5.914882888543627,4.285505870116363,0.012222165274417218,-126.75190695532464,-94.04915912030884,-0.41885676741128924,0.8613912350433827,0.1262118947481004,0.0034608742688288425,-0.005104166889537076,0.49999999999999994,0.8660254037844387,0.7818314824680298,0.6234898018587336,0,0,0,0,370
2020-02-11 06:00:00,0.0014885279541697292,23.89536662141744,-0.0027924097596108144,-0.00024450592913344065,-0.0025479038304773737,54.2728379827282,7.1665606120283885,35.7698919262933,8.143927667945517,6.111834320606502,0.012217878047972253,-117.21046689693117,-89.79848866498747,-0.2641005958255508,0.8822474554953885,0.1721198243859692,0.003373637447883635,-0.004763300205041121,1.0,6.123233995736766e-17,0.7818314824680298,0.6234898018587336,0,0,0,0,369
2020-02-11 10:00:00,0.0015922045288718875,21.581856870462033,-0.0028231681538368747,-0.0002202114586876006,-0.002602956695149274,55.50683794867264,6.221344277546383,37.51215363381342,9.911317112823442,7.990042556437491,0.012196127253971678,-121.79949272460627,-86.41840087623333,-0.4000876904527066,0.8247998144625722,0.1281606525117939,0.003378413997636295,-0.004986369521971179,0.49999999999999994,-0.8660254037844387,0.7818314824680298,0.6234898018587336,0,0,1,0,368
2020-02-11 14:00:00,0.001644189919666744,34.09961899036563,-0.0026683131276168393,-5.2285145974052295e-05,-0.002616027981642787,56.12175035397597,7.375472388135944,33.731386174606776,19.977781733520843,12.67767550476323,0.011491648967620893,-83.10304887502669,-63.84976525821664,-0.26116813383497867,0.7987215979685478,0.2990279718335237,0.0033450320043968943,-0.00358159329354657,-0.4999999999999997,-0.8660254037844388,0.7818314824680298,0.6234898018587336,0,1,0,1,367
2020-02-11 18:00:00,0.0015824620682619768,32.433034726763275,-0.002560454481688179,4.445879996368626e-05,-0.0026049132816518654,56.69274044461477,7.1158015978200995,32.54379367266768,26.475556515433322,18.788218453925833,0.010495716459345328,-66.54519227119327,-70.30516431925005,-0.3568885886927545,0.8298777116612639,0.2680958694503578,0.0032896288470007505,-0.003028265830063326,-1.0,-1.8369701987210297e-16,0.7818314824680298,0.6234898018587336,0,1,0,1,366
2020-02-11 22:00:00,0.00156585763481469,33.639631430627524,-0.0024316141809557212,0.00013863928055691567,-0.002570253461512637,57.351271558925866,6.677596637553629,32.50118254390995,35.602975281407005,27.352104510120352,0.010177024319266259,-60.55845141080597,-59.03614457831229,-0.28675799086757264,0.8386777768308518,0.3073110627939166,0.003205492038214782,-0.0028166712303245856,-0.5000000000000004,0.8660254037844384,0.7818314824680298,0.6234898018587336,0,1,0,1,365
2020-02-12 02:00:00,0.001526153518042209,31.2955479042753,-0.0023619915615105125,0.00016660952000169954,-0.002528601081512212,58.028127372230394,6.361939729788135,31.994484109795813,33.49265607029096,31.85706262237706,0.0095304472085469,-67.96185272317427,-70.18072289156477,-0.19848347647925116,0.8604966567745246,0.2545760499148188,0.00310224732513672,-0.0030574708652320037,0.49999999999999994,0.8660254037844387,0.9749279121818236,-0.22252093395631434,0,0,0,0,364
2020-02-12 06:00:00,0.001582142552467768,37.27477311984265,-0.0022055408874550597,0.00025844815524572176,-0.0024639890427007815,58.864039205649206,5.698459657289141,31.95352435953163,38.2530120481938,35.78288113329722,0.008485689364739812,-54.12614858179126,-56.02409638554152,0.09348878134624036,0.8300453065696518,0.371960903434119,0.002903256154119184,-0.0025736731960133152,1.0,6.123233995736766e-17,0.9749279121818236,-0.22252093395631434,0,1,0,1,363
2020-02-12 10:00:00,0.0015905609415772157,32.3411718802282,-0.002179882485987772,0.00022728524537040783,-0.0024071677313581797,59.640243050966674,5.263420799336405,29.514088866265624,31.597386524952416,34.44768488114569,0.007448252143611889,-67.67868437697467,-79.00302114803644,-0.05407287924335457,0.825652111573775,0.19959395078761644,0.002675780741507868,-0.0028829793403322146,0.49999999999999994,-0.8660254037844387,0.9749279121818236,-0.22252093395631434,0,1,0,1,362
2020-02-12 14:00:00,0.0017183780171788387,25.976468775007596,-0.002344738353943443,4.9943501931789744e-05,-0.0023946818558752327,60.968484360842396,4.523921020063482,37.04787021705603,22.551624934529105,30.800674502558405,0.008148236618727545,-140.19744505337258,-97.31800766283469,-0.3234288960354591,0.7642381285556941,-0.05103947149503351,0.002695505637956919,-0.004667140993105834,-0.4999999999999997,-0.8660254037844388,0.9749279121818236,-0.22252093395631434,0,0,0,0,361
2020-02-12 18:00:00,0.0017077795873803553,25.08695642099684,-0.0024822779843483023,-7.00769027784558e-05,-0.0024122010815698465,62.371823047067465,4.226853744855689,39.38318512252181,12.053941470908455,22.067650976796624,0.008573605075738122,-190.24370723118096,-87.5171467764035,-0.3473081328751395,0.7689809678627538,-0.0261497304984705,0.00278207372640215,-0.005682969713657338,-1.0,-1.8369701987210297e-16,0.9749279121818236,-0.22252093395631434,0,0,0,0,360
2020-02-12 22:00:00,0.0016343667597103308,24.775485639032652,-0.0025737146978068726,-0.00012921089298962088,-0.0024445038048172517,63.67492325570503,4.101236698663118,38.212763886450546,9.256164661768963,14.62057702240214,0.009202076939184956,-183.77494957925447,-87.39635157545491,-0.37383520098224127,0.8035222156823328,0.03135579842455335,0.002778421593289128,-0.005277398803231748,-0.5000000000000004,0.8660254037844384,0.9749279121818236,-0.22252093395631434,0,0,0,0,359
2020-02-13 02:00:00,0.00157905484830244,24.513277965006594,-0.002625595716068574,-0.0001448735290010576,-0.0024807221870675163,64.95094683011415,3.9416899218300614,38.7617823194296,11.949363684038557,11.08648993890529,0.009498870669433668,-175.886379891684,-89.23841059602591,-0.2925585575670688,0.83166838784087,0.07321242270985613,0.0027198798423494377,-0.005112806898973199,0.49999999999999994,0.8660254037844387,0.43388373911755823,-0.900968867902419,0,0,0,0,358
2020-02-13 06:00:00,0.001604122359137979,31.771201756270035,-0.002546977189452404,-5.300400190790975e-05,-0.0024939731875444943,64.24116906599961,10.282163605582879,35.430622116988076,17.556624530036384,12.920717625281265,0.00913838038136916,-116.82076108091582,-70.69536423841001,-0.3579864862390231,0.8186719625962401,0.21597811738155057,0.0026756628108922584,-0.003768449013722197,1.0,6.123233995736766e-17,0.43388373911755823,-0.900968867902419,0,1,0,1,357
2020-02-13 10:00:00,0.001736685047770982,25.23805503045003,-0.0026797179200015453,-0.00014859578596564072,-0.0025311221340359046,64.05375321249602,8.818937274271033,37.1337867395783,14.1829945954182,14.56299426983101,0.00923375199983889,-147.54921778333483,-97.51724137930947,-0.5642730861890447,0.7561820156657325,-0.029795472099017978,0.0027181630944494006,-0.004862306425957863,0.49999999999999994,-0.8660254037844387,0.43388373911755823,-0.900968867902419,0,1,0,1,356
2020-02-13 14:00:00,0.0018112075443587692,22.967466088974614,-0.0028528940716281426,-0.00025741755007379014,-0.0025954765215543524,64.30598525933101,7.8520745983241955,40.59509523580079,13.652566686378613,15.130728603944362,0.009690940098590506,-176.86830121732945,-90.82969432314468,-0.6960599344238318,0.7250687554224695,-0.07837526008599503,0.00289891758565387,-0.00623665524521444,-0.4999999999999997,-0.8660254037844388,0.43388373911755823,-0.900968867902419,0,0,0,0,355
2020-02-13 18:00:00,0.001735407005476002,22.96746608897461,-0.002956061779351149,-0.00028846820623743734,-0.0026675935731137117,64.54020073139208,7.609683705493675,39.34193834642968,6.941123324800384,11.592228202199031,0.01031508623300903,-159.45859840904043,-90.82969432314468,-0.6287117823887463,0.7567389066980231,0.00039196148370951957,0.003083658577332056,-0.00612105615893066,-1.0,-1.8369701987210297e-16,0.43388373911755823,-0.900968867902419,0,0,0,0,354
2020-02-13 22:00:00,0.0017271636479419985,21.837323883508528,-0.003052662555723007,-0.00030805518608743605,-0.002744607369635571,64.96831040439568,7.099859916912881,41.08989331332136,9.131509311867033,9.908399774348641,0.011347283551333742,-150.7241255105489,-90.94608341810951,-0.7710199073311076,0.7603506486283467,0.023806735281150397,0.0032310429534384644,-0.006204838332882767,-0.5000000000000004,0.8660254037844384,0.43388373911755823,-0.900968867902419,0,0,1,0,353
2020-02-14 02:00:00,0.0016502233873747158,22.43398398700871,-0.0030863792602227047,-0.00027341751246970705,-0.0028129617477529976,65.36584081504188,6.900107352619347,39.93384070778593,9.397901146268875,8.490177927645396,0.012071184862900708,-131.68215695423194,-90.03051881993916,-0.6235500169642209,0.7958013503185195,0.09042960105806752,0.0032656485122331963,-0.005763651266252223,0.49999999999999994,0.8660254037844387,-0.433883739117558,-0.9009688679024191,0,0,1,0,352
2020-02-14 06:00:00,0.0016602074311336617,27.592756420172197,-0.003015400846252625,-0.00016195127879970166,-0.0028534495674529233,64.3585020318357,11.875768210674057,36.858425744293584,12.309257375380797,10.279555944505534,0.012312300191039682,-100.60385005066577,-82.09562563580891,-0.31160952293409355,0.7910156136954861,0.18990359715413377,0.0032024638637850405,-0.004627892498285879,1.0,6.123233995736766e-17,-0.433883739117558,-0.9009688679024191,0,0,0,0,351
2020-02-14 10:00:00,0.001735906900338404,33.73815251212414,-0.0028448576347801513,6.873546138217671e-06,-0.002851731180918369,62.52809121065373,14.455642842970786,32.733166738881955,18.68429976263106,13.463819428093542,0.012237517885349547,-76.87520398626879,-71.82095625635871,-0.17839736633991618,0.7565209860874396,0.2939533144201781,0.0031276218856437187,-0.003650461098422708,0.49999999999999994,-0.8660254037844387,-0.433883739117558,-0.9009688679024191,0,1,0,1,350
2020-02-14 14:00:00,0.0018147706931713877,30.532933597111775,-0.0027713567410649897,6.42995518827039e-05,-0.0028356562929476936,60.681739105714996,13.469527479104675,29.07421593793392,21.040151714956092,17.344569617655946,0.012233266121286057,-77.10693978773273,-82.96296296296406,-0.2713117694125878,0.7236451442275832,0.22779141997037197,0.0031493143663975922,-0.0036528242105489106,-0.4999999999999997,-0.8660254037844388,-0.433883739117558,-0.9009688679024191,0,1,0,1,349
2020-02-14 18:00:00,0.0018065727865162753,27.9449815750748,-0.00276594884153214,5.576596113244332e-05,-0.002821714802664583,59.11967440848412,12.564174818081044,28.503831774926095,17.31561667048175,19.013356049356265,0.01253842270758776,-92.32496427841825,-93.26923076923195,-0.35688334145826445,0.7269289174517127,0.1788671036299284,0.0032272795280717972,-0.004246864940371742,-1.0,-1.8369701987210297e-16,-0.433883739117558,-0.9009688679024191,0,0,0,0,348
2020-02-16 22:00:00,0.0017468175874793923,30.1904133416978,-0.002700675429174293,9.683149879223226e-05,-0.002797506927966525,57.66918576105545,12.065829808893575,27.37325674605021,12.963252495771483,17.106340293736405,0.012079400481567859,-81.51509422070738,-84.87804878048954,-0.42543025424742337,0.7517957280788442,0.2326440161556081,0.003261003887887926,-0.0037752490784757065,-0.5000000000000004,0.8660254037844384,-0.7818314824680299,0.6234898018587334,0,0,0,0,347
2020-02-17 02:00:00,0.001659902045516573,32.09961806083933,-0.0025940290185899606,0.00016278232750125158,-0.002756811346091212,56.32230344558597,11.790646195499665,26.748958888294496,14.005107358764556,14.761325508339226,0.011499631124260112,-71.43014986984018,-79.83739837398484,-0.14002634706266787,0.7911611432416228,0.2795146668095271,0.003256969524455072,-0.00334442915219757,0.49999999999999994,0.8660254037844387,0.0,1.0,0,0,0,0,346
2020-02-17 06:00:00,0.0016613376136939697,34.82419756618369,-0.002445812839145356,0.0002487988055566849,-0.002694611644702041,54.04551349327358,15.066479637675501,24.816856081413206,20.86720867208544,15.94518950887379,0.01052524127960952,-54.94658104308762,-72.6829268292693,0.01567889620570744,0.7904774978759436,0.3362032798868039,0.003210603193557554,-0.0027058081533550826,1.0,6.123233995736766e-17,0.0,1.0,0,1,0,1,345
2020-02-17 10:00:00,0.0016576706412872496,32.28741882539924,-0.0023656342046616263,0.0002631819520323318,-0.002628816156693958,52.05978773556947,14.021250799583095,24.000084392489402,20.596205962058963,18.489507330969616,0.00969041980483576,-62.31925358326517,-85.69105691056895,-0.058104144762317934,0.7922261318329239,0.2781829845052355,0.003188924358928129,-0.002884943501086923,0.49999999999999994,-0.8660254037844387,0.0,1.0,0,1,0,1,344
2020-02-17 14:00:00,0.0016264084526238746,31.068765558301106,-0.002307766223745178,0.00025683994635902416,-0.002564606170104202,50.39598752849744,13.269993110642146,23.987782836770428,16.524345375902847,19.32925333668238,0.008026811072517681,-74.0087728159065,-92.05298013245317,-0.03783544350522512,0.8074539934180384,0.23738014001380653,0.003090530414164894,-0.003074281354333408,-0.4999999999999997,-0.8660254037844388,0.0,1.0,0,1,0,1,343
2020-02-17 18:00:00,0.0015695221345793198,34.40175360373214,-0.0021962426919874822,0.0002946907824933759,-0.002490933474480858,48.85103019335912,12.768744352948202,23.081689951377705,16.887253352808987,18.00260156359023,0.006563774523385746,-69.1977034298283,-71.59420289855089,0.0,0.8367196429198441,0.30681847076215785,0.002919722815711871,-0.0027332721793200676,-1.0,-1.8369701987210297e-16,0.0,1.0,0,1,0,1,342
2020-02-17 22:00:00,0.0015666991249665134,31.334285672551914,-0.0021588240538070735,0.00026568753653902774,-0.0024245115903461013,47.86659777726229,11.878055563437655,24.708632583534477,16.218827296820205,16.543475341843976,0.006261116513355702,-94.95313244716678,-87.69633507853531,-0.1585969700602268,0.8382273144041421,0.18815466125967945,0.0027171655650451106,-0.0030236770716409733,-0.5000000000000004,0.8660254037844384,0.0,1.0,0,0,0,0,341
2020-02-18 02:00:00,0.0015305063303260526,33.70460936870061,-0.002076985245502483,0.00027802107587489473,-0.0023550063213773776,46.95248196231524,11.290447087183434,23.486294308957987,20.725143536433823,17.943741395354298,0.005882316209945504,-94.4132775801927,-78.53403141361233,-0.21924976048345943,0.8580493748890479,0.2642935281759016,0.002496223798651748,-0.0027940495725764514,0.49999999999999994,0.8660254037844387,0.7818314824680298,0.6234898018587336,0,1,0,1,340
2020-02-18 06:00:00,0.0015111844495884642,32.56324078268314,-0.0020155219598452234,0.0002715874892257235,-0.002287109449070947,45.67720239587065,12.130565610248423,22.087546136038693,15.532286212914848,17.492085682056256,0.005472699881571952,-91.38661459584478,-87.17277486910781,-0.14294145855619356,0.8690203239966061,0.22746541336530085,0.0021613071394093646,-0.0025367922734369497,1.0,6.123233995736766e-17,0.7818314824680298,0.6234898018587336,0,1,0,1,339
2020-02-18 10:00:00,0.0017139569889035634,25.360493408284782,-0.0021494122977507857,0.00011015772105612935,-0.002259570018806915,46.098423119097205,9.931478904280587,31.085903892227286,15.75751491657603,17.33831488864153,0.005877093158501712,-214.02603068421234,-87.02064896755176,-0.28339071918471226,0.7662094256169754,-0.13194506192698008,0.0018977364897046069,-0.00408798222489537,0.49999999999999994,-0.8660254037844387,0.7818314824680298,0.6234898018587336,0,0,0,0,338
2020-02-18 14:00:00,0.0018808172039818881,26.718943968343055,-0.0022138629921468755,3.656562132803168e-05,-0.0022504286134749072,46.767965925958215,8.40393281279659,29.342819986756385,16.869562327094425,16.053121152195065,0.0051731533897281246,-249.62166467541832,-75.19788918205714,-0.29898124907721,0.698233723734402,-0.10321041440529945,0.0018518399204898205,-0.004282276980236865,-0.4999999999999997,-0.8660254037844388,0.7818314824680298,0.6234898018587336,0,0,0,0,337
2020-02-18 18:00:00,0.0018493302608403323,23.949410599343686,-0.0023332603966774723,-6.626542656205199e-05,-0.0022669949701154203,47.38968424661487,7.936517913364332,27.71081369176502,15.672096782145017,16.099724675271787,0.006078981493113034,-256.6494663340646,-90.76517150395604,-0.4363508888458289,0.7101219440400339,-0.15603094934866038,0.0019702357486172835,-0.0048320948218181226,-1.0,-1.8369701987210297e-16,0.7818314824680298,0.6234898018587336,0,0,0,0,336
2020-02-18 22:00:00,0.0018065209564945926,30.34140564682944,-0.0023228365922880467,-4.467329773810095e-05,-0.0022781632945499458,47.96699411579605,7.544262474373409,26.34123102237352,19.844374173364795,17.462011094201376,0.006540009479624853,-183.42432624214786,-74.50381679389241,-0.3873002406794336,0.726949773418768,0.06934313187546647,0.0020025434260573767,-0.00412046056940607,-0.5000000000000004,0.8660254037844384,0.7818314824680298,0.6234898018587336,0,0,0,0,335
2020-02-19 02:00:00,0.0017389123167449849,28.581170299216293,-0.0023408482943501063,-5.014799984012861e-05,-0.0022907002945099777,48.50306756575,7.277754921450631,25.410704407665648,16.71695301013166,17.411141321880454,0.007098074104540775,-153.40163510297072,-84.58015267175654,-0.3746666297537143,0.7552134672656936,0.04325638866939705,0.0020191065559689607,-0.003922690390520289,0.49999999999999994,0.8660254037844387,0.9749279121818236,-0.22252093395631434,0,0,0,0,334
2020-02-19 06:00:00,0.0017332757226917713,33.43320774234583,-0.0022668591914716263,1.907288243068123e-05,-0.0022859320739023075,48.28389095948579,8.881610158463515,23.672386906775454,22.697201017812176,19.752842733769505,0.007367985884455308,-113.82740520500755,-72.82442748091451,-0.2667946788770471,0.7576694133582665,0.18688865095856408,0.0018613786328396285,-0.0033052751592788088,1.0,6.123233995736766e-17,0.9749279121818236,-0.22252093395631434,0,0,0,0,333
2020-02-19 10:00:00,0.001763041742499493,30.58519035751283,-0.0022612340061225478,1.97584542238078e-05,-0.0022809924603463556,48.411029180505246,8.10796905447243,24.365360052402973,18.62280711854154,19.34565371549509,0.007824865749231691,-118.14296125588642,-86.72699849170432,-0.4032369686176432,0.7448774287886026,0.10785269698701107,0.0018396740975408173,-0.003608186479870046,0.49999999999999994,-0.8660254037844387,0.9749279121818236,-0.22252093395631434,0,0,0,0,332
2020-02-19 14:00:00,0.0017556816180352432,30.161674280187388,-0.002243023573086811,3.037510980763566e-05,-0.0022733986828944465,48.640511042381135,7.560390573427793,23.69624680161925,18.38928188368413,19.90309667334591,0.008057654993449681,-113.87091664534597,-85.28072837632877,-0.33062736079940863,0.7480000852715188,0.1334541498238575,0.001935160618268216,-0.003662998228147085,-0.4999999999999997,-0.8660254037844388,0.9749279121818236,-0.22252093395631434,0,0,1,0,331
2020-02-19 18:00:00,0.001784561502461309,39.79756892884716,-0.002074761569163419,0.00015890969098482192,-0.002233671260148241,47.19511426238568,12.070084099420418,21.647568536041824,23.882365155663337,20.298151385962964,0.007514873518126297,-61.13053666818095,-56.34517766497689,-0.21419207120040806,0.7358950634028218,0.3524925273424506,0.0019481669767712766,-0.002238358369895499,-1.0,-1.8369701987210297e-16,0.9749279121818236,-0.22252093395631434,0,0,0,0,330
2020-02-19 22:00:00,0.0017820928237140667,37.12506210498658,-0.0019815105795464305,0.00020172854448144862,-0.002183239124027879,45.44942342901155,12.666387526974647,20.129159376318245,30.134187903193574,24.13527831418031,0.007338270913056277,-50.67477665844019,-67.97153024911361,-0.25581588644361997,0.7369144763531736,0.2720852746081849,0.0019660772678115877,-0.001951956366970542,-0.5000000000000004,0.8660254037844384,0.9749279121818236,-0.22252093395631434,0,0,0,0,329
2020-02-20 02:00:00,0.0017298004791630617,35.95820309176955,-0.0019137895981706787,0.00021555962068576032,-0.002129349218856439,44.23224974231305,12.117203343037588,21.733984537330265,33.84333146773322,29.28662817553001,0.007386260487782792,-72.03647319710687,-74.15329768270982,-0.05091461156780441,0.759191603782765,0.2506857491627901,0.0020093352783965347,-0.0024857998576131024,0.49999999999999994,0.8660254037844387,0.43388373911755823,-0.900968867902419,0,0,0,0,328
2020-02-20 06:00:00,0.0018076718735085607,37.82228206482996,-0.0018141929364299259,0.00025212502594121073,-0.0020663179623711366,43.886784439274415,10.766985421927663,24.76511949087818,31.566498797500845,31.84800605614251,0.0072248667803189726,-74.46697256101862,-63.175675675674015,-0.040724149420606044,0.7264869356245923,0.3134913707100125,0.0020182383184258676,-0.0024954692023373415,1.0,6.123233995736766e-17,0.43388373911755823,-0.900968867902419,0,0,0,0,327
2020-02-20 10:00:00,0.0018156953111150864,40.75758302566903,-0.0016763984813745747,0.0003119355847972494,-0.001988334066171824,43.56599522930996,9.953734908727984,22.89456377391853,35.92412599765574,33.77798542096323,0.006834522660239983,-55.113648288460475,-54.89864864864893,0.11396697737337085,0.7232766378591814,0.4001393317531331,0.0019473759079517542,-0.0019431649994838818,0.49999999999999994,-0.8660254037844387,0.43388373911755823,-0.900968867902419,0,0,0,0,326
2020-02-20 14:00:00,0.001958859931749734,36.345506387969785,-0.0016426689398769678,0.0002765321010358853,-0.0019192010409128531,41.54730718885001,14.474466973305326,19.705491825965478,35.79752290490916,34.429382566688545,0.006318431450391682,-48.65797411011319,-74.5331069609496,-0.08424131897836261,0.6704154690769295,0.24724739636118867,0.0018717389623813013,-0.0017355784661916562,-0.4999999999999997,-0.8660254037844388,0.43388373911755823,-0.900968867902419,0,0,0,0,325
2020-02-20 18:00:00,0.0019189413651961864,33.78694432728206,-0.001658149567593803,0.00020884117865524032,-0.0018669907462490433,39.67281115128005,13.720172588087038,18.67859792585135,28.67236538831025,33.46467143029168,0.006119676788300943,-95.9449705634193,-84.55114822547074,-0.09355576757412261,0.6843617130874332,0.15627269661997162,0.001882870406141583,-0.002565798855562962,-1.0,-1.8369701987210297e-16,0.43388373911755823,-0.900968867902419,1,0,1,0,324
2020-02-20 22:00:00,0.0018447312676821725,38.3385221410254,-0.0015923506341231075,0.00021971208970074873,-0.0018120627238238562,37.932207687822235,13.252673140605118,18.042145712585864,25.05833469094547,29.842740994721584,0.0057489491207736165,-85.03158145634642,-65.74074074074326,-0.09626599033638963,0.7118923081138228,0.2970063788209173,0.001853819380747961,-0.0021826682804513275,-0.5000000000000004,0.8660254037844384,0.43388373911755823,-0.900968867902419,1,0,1,0,323
2020-02-21 02:00:00,0.001765107605704867,38.52302582555685,-0.0015202591548042488,0.00023344285521568597,-0.0017537020100199347,36.186316371024034,13.346781065965475,17.509164593813697,28.22060491249552,27.317101663917043,0.0049792063617819515,-75.26163437988598,-65.04629629629943,-0.002779424844370417,0.7440056321527065,0.3158341041981072,0.0017861189585574014,-0.001879254818015097,0.49999999999999994,0.8660254037844387,-0.433883739117558,-0.9009688679024191,1,0,1,0,322
2020-02-21 06:00:00,0.001856885633868805,47.920857265002496,-0.0013124352418925067,0.00035301341450194243,-0.0016654486563944491,34.765887038066325,21.4745344048638,15.45492037831173,47.685185185182924,33.6547082628746,0.004467439534364459,42.78789904730784,-26.157407407408538,0.16678866948972154,0.7072325705185488,0.6907132695241461,0.0016270610056921427,-0.00037958109924063343,1.0,6.123233995736766e-17,-0.433883739117558,-0.9009688679024191,0,0,0,0,321
2020-02-21 10:00:00,0.001845679517163893,47.59438646629228,-0.0011402377575102651,0.0004201687191073473,-0.0015604064766176124,33.44691694317702,20.061709474735466,14.438130147056157,60.33950617283761,45.41509875683865,0.003624882893720205,55.943577102161974,-27.7777777777792,0.01110268129754446,0.711526561240689,0.7460769150764031,0.0014792255381018168,-0.0004289479446346611,0.49999999999999994,-0.8660254037844387,-0.433883739117558,-0.9009688679024191,1,0,1,0,320
2020-02-21 14:00:00,0.0021588452659378975,65.20758181432075,-0.0006070318907434036,0.0007626996686993671,-0.0013697315594427707,34.50411051192288,32.83360180012808,11.462016936529853,79.68242365172046,62.56903833658029,0.005734058248152429,373.1833317772896,-7.017543859650899,0.530535906077554,0.6083113137937036,1.4720863930525934,0.0015393297734760435,0.0028315012242692283,-0.4999999999999997,-0.8660254037844388,-0.433883739117558,-0.9009688679024191,0,1,0,1,319
2020-02-21 18:00:00,0.00210749917551377,60.87394094197212,-0.0002581437399631348,0.0008892702555837089,-0.0011474139955468437,35.48579025432975,31.23114780626244,10.902609688750351,82.35867446393596,74.12686809616464,0.007010272462125489,335.20046168994463,-18.128654970762014,0.47513638173918965,0.6231319163766,1.12693711603149,0.0017100749105869245,0.0036599144596609623,-1.0,-1.8369701987210297e-16,-0.433883739117558,-0.9009688679024191,0,1,0,1,318
2020-02-23 22:00:00,0.0021969635201199156,53.00685072810273,-0.00013900751083362195,0.0008067251877705774,-0.0009457326986041994,34.05987435665169,27.819404550237216,20.343147204234466,77.8947368421043,79.97861165258686,0.007322288985915026,142.56194319357718,-41.1695906432742,0.26388888888889067,0.5977568530260893,0.8147239892379327,0.0017026147777643105,0.0011744546362215669,-0.5000000000000004,0.8660254037844384,-0.7818314824680299,0.6234898018587334,0,0,0,1,317
2020-02-24 02:00:00,0.002147894697254216,48.485321144761556,-0.00014938217449755875,0.0006370804192853126,-0.0007864625937828713,32.73580959452206,26.42244524184487,19.32161028393008,61.36452241715392,73.87264457439802,0.007270707255368158,80.33618948863419,-56.60818713450202,0.096252626123347,0.6114126552287721,0.6197957735620538,0.0016567293544587263,0.0003046315986570125,0.49999999999999994,0.8660254037844387,0.0,1.0,0,0,0,0,316
2020-02-24 06:00:00,0.0022573307903074797,48.69952965641649,-0.0001510217864906238,0.000508352645833798,-0.0006593744323244218,32.028473396011016,27.174452296626136,17.071686038693027,48.771929824562015,62.677063027940044,0.007303107283429089,74.65804019461001,-55.9064327485377,0.21031760738242541,0.5817711810953136,0.6181688788768342,0.001610240571532312,0.00037532773743120806,1.0,6.123233995736766e-17,0.0,1.0,1,0,1,0,315
2020-02-24 10:00:00,0.00220395001957124,48.37459278731316,-0.0001577648239610152,0.0004012876866907253,-0.0005590525106517405,31.37166121167933,25.844586030424573,16.23623003309542,43.50877192982449,51.215074723846776,0.007252136512317264,55.266986937169115,-56.95906432748677,0.27258566978192617,0.5958619697988804,0.5932828551766751,0.001629049833999778,0.00013676818510299782,0.49999999999999994,-0.8660254037844387,0.0,1.0,1,0,1,0,314
2020-02-24 14:00:00,0.0024586678753161554,64.3445863011847,0.00028627142672688066,0.000676259149902897,-0.00038998772317601625,32.22563599355217,34.178853468627466,13.51457482205631,62.04032980348762,51.44034385262467,0.009065826823480005,172.48885311925144,-1.0135135135126538,0.723617159269906,0.5341307027209324,1.1560901852432082,0.0018822973723315883,0.003213960063628285,-0.4999999999999997,-0.8660254037844388,0.0,1.0,0,1,0,1,313
2020-02-24 18:00:00,0.0025023344556507248,58.50764933835395,0.0004968836296677104,0.0007094970822749813,-0.00021261345260727095,33.02391659029735,31.240766141062338,12.330259437504006,73.97168753614568,59.840263089819224,0.009627581004248764,154.24158349246903,-20.11235955056353,0.5651654266998967,0.5248099417863361,0.9117856809774278,0.0020983181671461143,0.003281909925204829,-1.0,-1.8369701987210297e-16,0.0,1.0,0,0,0,0,312
2020-02-24 22:00:00,0.0024285962802471075,59.565710378373055,0.0006921281347676,0.0007237932698998968,-3.166513513229677e-05,33.76517714441787,29.890076250160437,11.797162499380446,87.93367035846838,74.64856256603385,0.010120829214713911,129.09853320085222,-15.07311586051866,0.45050462067880315,0.5407444665386616,0.9032278297974777,0.0022652542088196772,0.0028997571311883963,-0.5000000000000004,0.8660254037844384,0.0,1.0,0,0,0,1,311
2020-02-25 02:00:00,0.0023758394030865978,56.99199548209503,0.0007781786372276223,0.0006478750178879352,0.00013030361933968706,34.682411686608624,30.746488487338187,11.197759171563789,80.3113091913305,80.73888902864815,0.01048082821123586,118.75480298893469,-23.88059701492632,0.38855070586711393,0.5527520076878416,0.7981634597015836,0.0024082391411589044,0.002857909894026456,0.49999999999999994,0.8660254037844387,0.7818314824680298,0.6234898018587336,0,0,0,0,310
2020-02-25 06:00:00,0.002336136588580423,56.77778202612419,0.000831942664656582,0.0005613112362535159,0.0002706314284030661,35.28940129513283,29.035525385740115,11.522473499352083,78.5636122958626,82.26953061522045,0.010640797714150718,99.19278958055003,-25.35545023696718,-0.06354937049281685,0.5621460690352911,0.7643598793593334,0.002516728760019404,0.0024606104358377845,1.0,6.123233995736766e-17,0.7818314824680298,0.6234898018587336,0,0,0,0,309
2020-02-25 10:00:00,0.0023164125465389607,53.324258822852265,0.0007880034535006075,0.0004138976200780332,0.00037410583342257434,34.56804856805314,27.19113451059779,16.248491534077967,71.04753117493479,76.6408175540426,0.010482162181224997,50.620977785712086,-37.6213592233021,-0.0645268339447948,0.5669326916581315,0.6556453689413669,0.002509961843185304,0.0009573616009705965,0.49999999999999994,-0.8660254037844387,0.7818314824680298,0.6234898018587336,1,0,1,0,308
2020-02-25 14:00:00,0.002513811650357605,63.64396345722182,0.0010764499011306494,0.0005618752541664601,0.0005145746469641893,34.95111028621666,32.387257317631914,13.903096558700533,78.96954766750066,76.19356371276598,0.01135836519898703,111.73749638623809,-0.11454753722870414,0.501454495082405,0.5224138410740448,0.9734396108763623,0.0026036308685790373,0.003199172672893047,-0.4999999999999997,-0.8660254037844388,0.7818314824680298,0.6234898018587336,0,0,0,0,307
2020-02-25 18:00:00,0.0024656822467606374,63.498587878805075,0.0012869825891470565,0.0006179263537462937,0.0006690562354007628,35.51205970041498,32.862566116389644,13.162018051303976,84.39106138285344,78.13604674176293,0.012030999958175137,138.26463909722875,-9.09090909090886,0.6204173716864065,0.5326112080035134,0.91143712220169,0.002831307968223972,0.004390705525728178,-1.0,-1.8369701987210297e-16,0.7818314824680298,0.6234898018587336,0,0,0,0,306
2020-02-25 22:00:00,0.002411704943420599,60.45019800602617,0.0013718502781723263,0.0005622352342172508,0.0008096150439550755,35.73101114420969,31.198213381428193,13.828202042059983,90.5468689422071,84.63582599752036,0.011964838485899687,109.83034817048011,-19.15393654524109,0.5390212557438587,0.544531785939525,0.8113288996244966,0.0029651717417834944,0.0034721157503365685,-0.5000000000000004,0.8660254037844384,0.7818314824680298,0.6234898018587336,0,0,0,0,305
2020-02-26 02:00:00,0.0023537260188905436,60.96700507304931,0.0014394605726717469,0.000503876422973337,0.0009355841496984099,35.60227079902845,29.68337687449486,14.643774473570158,85.02296763166339,86.65363265224126,0.011452491606358972,95.46105012437326,-16.686251468859858,0.5668053629218854,0.5579451429181277,0.803994983769911,0.003012652492471833,0.002924479823642967,0.49999999999999994,0.8660254037844387,0.9749279121818236,-0.22252093395631434,0,0,0,0,304
2020-02-26 06:00:00,0.002415602731826933,64.07273302220887,0.0015789334749414241,0.0005146794601944113,0.0010642540147470128,36.06794680572192,32.53447028584573,13.249477272070534,84.91813552683146,86.82932403356729,0.011263445121000082,120.610889574772,-9.405405405404633,0.166496490695522,0.54365313579803,0.8809225289339576,0.0030841805991109867,0.0037669214377513693,1.0,6.123233995736766e-17,0.9749279121818236,-0.22252093395631434,0,0,0,0,303
2020-02-26 10:00:00,0.0026194882509821596,55.42159241468102,0.0014827491849827013,0.0003347961361885507,0.0011479530487941505,36.799135774229946,30.913197821541285,11.345486368568327,77.35228280983206,82.43112865610892,0.010262220227311047,93.84843431535282,-41.851494696239286,0.10502750062188634,0.5013383814596633,0.6538166171681868,0.0030889411564372924,0.002803167722731148,0.49999999999999994,-0.8660254037844387,0.9749279121818236,-0.22252093395631434,0,0,0,0,302
2020-02-26 14:00:00,0.0027123819473405713,58.7876264386732,0.00149579284173873,0.0002782718343556636,0.0012175210073830664,37.38453661540754,27.722019160837508,10.51663379607861,72.40636384920852,78.22559406195731,0.009872130266253443,86.7286156778621,-31.524008350730448,0.1851033263344078,0.48416853728421677,0.7587587411333329,0.003056302258367425,0.0024899809715792642,-0.4999999999999997,-0.8660254037844388,0.9749279121818236,-0.22252093395631434,1,0,1,0,301
2020-02-26 18:00:00,0.0026986403796733774,59.48644287417406,0.0015113023410004978,0.00023502506689394506,0.0012762772741065527,38.090160903342344,27.408118015477903,9.815171645896466,65.90718112217773,71.88860926040606,0.009291889796695152,114.4717011383655,-28.90295358649705,0.2792266435667368,0.4866339397763498,0.76614607513743,0.0029561191448735933,0.0031617158271861623,-1.0,-1.8369701987210297e-16,0.9749279121818236,-0.22252093395631434,1,0,1,0,300
2020-02-26 22:00:00,0.002745166066839562,64.09893552099432,0.0016633818365361375,0.00030968364994366773,0.0013536981865924697,39.09357026210166,28.47968484670655,8.959620360130678,75.04998704656565,71.12117733931727,0.010067933054701772,139.69094922737247,-14.42307692307554,0.4663250635897873,0.4783863591581949,0.9195995322026117,0.0028903352056087093,0.00407411189434459,-0.5000000000000004,0.8660254037844384,0.9749279121818236,-0.22252093395631434,1,0,1,0,299
2020-02-27 02:00:00,0.0026469399192081554,65.47417340267265,0.0018146306511406252,0.00036874597163852416,0.001445884679502101,40.06576270734557,27.858558755485923,8.628383960254522,82.72780115089778,74.56165643988034,0.010858775437128987,147.63678634646817,-8.490566037734048,0.6143231376600479,0.4961389529358358,0.920535448627668,0.002834519185651102,0.004649782942796943,0.49999999999999994,0.8660254037844387,0.43388373911755823,-0.900968867902419,1,0,1,0,298
2020-02-27 06:00:00,0.002758587067836148,70.7367863690985,0.0021350149856469436,0.0005513042449158741,0.0015837107407310695,41.673328229068716,33.39233027339815,7.687801605711748,88.856323140855,82.2113704461061,0.012147437424991026,189.02802623732947,-10.517387616625385,0.48608813908185555,0.47605892716307163,1.0614764465440278,0.003019923612833639,0.0062926003073731085,1.0,6.123233995736766e-17,0.43388373911755823,-0.900968867902419,1,0,1,0,297
2020-02-27 10:00:00,0.0028822594201335736,76.42391838335175,0.002688763225096036,0.0008840419874919731,0.0018047212376040627,43.61586905943277,37.06178377916737,6.83236583769376,93.39319622038137,88.32577350404468,0.014517285007678904,244.47806354009305,-0.8124576844964149,0.8665367933543912,0.45563213041355577,1.1966523006643555,0.003444919568505018,0.008788392282783164,0.49999999999999994,-0.8660254037844387,0.43388373911755823,-0.900968867902419,0,0,0,0,296
2020-02-27 14:00:00,0.0029863837472668907,76.80284646712195,0.0031174974500194352,0.0010502209699322978,0.0020672764800871374,45.750035447590264,40.079094276086664,6.123135682117312,91.17803342570322,91.1425175956465,0.016081051084872566,242.04044475716972,-15.13605442176853,0.9720255283147237,0.4397458970910465,1.0978154008255936,0.004128268665439327,0.009989720900160481,-0.4999999999999997,-0.8660254037844388,0.43388373911755823,-0.900968867902419,1,0,1,0,295
2020-02-27 18:00:00,0.002955927765319248,79.19934163149577,0.00358778782624114,0.001216409076923202,0.002371378749317938,47.731761379450795,37.59975470845165,5.744351359545201,93.65231067326988,92.74118010645145,0.01781097582937008,207.8343488106148,-3.0945558739254198,1.148368470895423,0.44427675649176945,1.1070694892623576,0.00478255518087411,0.010217876561481098,-1.0,-1.8369701987210297e-16,0.43388373911755823,-0.900968867902419,0,0,0,0,294
2020-02-27 22:00:00,0.002886218639225007,74.12715125245741,0.0038108610517566532,0.0011515858419509722,0.002659275209805681,49.594399704180965,36.25227946418058,5.462870464257815,89.85272286073148,91.5610223199015,0.019496924372692348,165.05166844833602,-12.211221122111604,0.9082393564265469,0.45500710935489885,0.9573798323026723,0.0051899192203561486,0.009299246436562658,-0.5000000000000004,0.8660254037844384,0.43388373911755823,-0.900968867902419,1,0,1,0,293
2020-02-28 02:00:00,0.0028364887364232304,75.70072053627142,0.004040324564035247,0.0011048394833836528,0.002935485080651594,51.0524481759616,34.2530145932182,6.042971825581099,93.53393792101281,92.34632381833802,0.020929363487564245,139.6916078587542,-4.092409240924521,1.2396808305033151,0.46298438740003195,0.9499420159430627,0.0054523293324126535,0.008782240054970858,0.49999999999999994,0.8660254037844387,-0.433883739117558,-0.9009688679024191,1,0,1,0,292
2020-02-28 06:00:00,0.003074596683821572,80.34723958303694,0.0045282481185098256,0.001274210430286585,0.0032540376882232405,52.93599908110399,40.68031287956424,5.1767691051669615,93.15202898381688,92.17956325518702,0.023660434822604604,156.67830957127464,-4.240282685513219,1.5249703554587213,0.42712919288252627,1.0463551323938378,0.005897243192771586,0.011213794183906778,1.0,6.123233995736766e-17,-0.433883739117558,-0.9009688679024191,0,1,0,1,291
2020-02-28 10:00:00,0.003398554063548611,63.384533080469275,0.0043986355401806065,0.0009156782815658926,0.003482957258614714,53.29392530945287,34.17382353933325,9.098705645161477,86.10010723434749,90.92869137972569,0.023675456574157483,101.3104241747472,-33.36698637051979,0.9685986564599275,0.38641433252021473,0.7736378062956363,0.005948105098890206,0.007602690649194166,0.49999999999999994,-0.8660254037844387,-0.433883739117558,-0.9009688679024191,0,0,0,0,290
2020-02-28 14:00:00,0.0035679430590094124,65.32471071786588,0.004360236676359319,0.0007018235341956841,0.003658413142163635,52.67029630952392,30.226311754516093,11.59114749607664,78.73128049806469,85.99447223874297,0.023674058038175794,75.14981554743365,-26.198889449772842,0.916396059221746,0.36806921474935334,0.8018493909441616,0.006020669122523035,0.005780075397258555,-0.4999999999999997,-0.8660254037844388,-0.433883739117558,-0.9009688679024191,0,0,0,0,289
2020-02-28 18:00:00,0.003710947126223031,68.78667349682442,0.004500633729760173,0.0006737764700772298,0.003826857259682943,52.72844097612204,34.14597809384037,10.348440265721003,76.05586404172958,80.29575059138055,0.02370685934481953,105.16491882997279,-12.266532054518631,1.1102147087405199,0.3538853978058734,0.8782660482169432,0.006258512573268655,0.008507002698810995,-1.0,-1.8369701987210297e-16,-0.433883739117558,-0.9009688679024191,1,0,1,0,288
2020-03-01 22:00:00,0.003768736617207106,71.8466124654052,0.004781906250461265,0.0007640391926226576,0.004017867057838608,53.165827604592806,36.527605674706166,9.461918283270947,84.28327984662837,79.69014146214084,0.02519971388716913,129.3712316968148,-8.684738955823368,1.1073822434777898,0.34845894881696693,0.9320485561363258,0.006650846626525708,0.010954442482906002,-0.5000000000000004,0.8660254037844384,-0.7818314824680299,0.6234898018587334,0,0,0,1,287
2020-03-02 02:00:00,0.003653112573120891,68.37937858809242,0.004840887213968692,0.0006584161249040673,0.004182471089064625,53.571972331029954,34.992039366940745,9.064153287338527,87.74676136249859,82.69530175028548,0.02575330619542493,110.15043182613728,-15.808444902162243,0.6076507511365142,0.3594879636786219,0.8394709764120771,0.006883586511770376,0.009523020417606887,0.49999999999999994,0.8660254037844387,0.0,1.0,1,0,1,0,286
2020-03-02 06:00:00,0.00378431881789797,72.29117480780273,0.005122300935075597,0.0007518638768087777,0.004370437058266819,54.314463586424544,36.971895658181914,8.124897601251252,89.4757233747717,87.16858819463285,0.026748608860938106,122.70583874276689,-7.0796460176992815,0.9098443519521984,0.34702414442170476,0.9244893653733631,0.007147382610472577,0.010674778784198091,1.0,6.123233995736766e-17,0.0,1.0,1,0,1,0,285
2020-03-02 10:00:00,0.00413472461661955,76.00595379373263,0.005621843868306886,0.0010011254480320536,0.0046207184202748325,55.6292355026024,43.721597667354246,6.905169450362772,86.89242032498545,88.03830168741854,0.02865112765661504,164.54763847339234,-16.43464810518209,1.0989710213431203,0.3176148647775438,1.0010448514296273,0.007606507511458234,0.014503596481462155,0.49999999999999994,-0.8660254037844387,0.0,1.0,0,0,0,0,284
2020-03-02 14:00:00,0.004386530001146725,79.96527801930583,0.00641103740439064,0.0014322551872926461,0.004978782217097994,56.98473694798997,41.557383941353486,6.043870395953163,91.52647701861088,89.29820690612264,0.03237088142136191,185.9109347638153,-1.9062748212860026,1.7464347794432193,0.29938242748976773,1.0774170853335292,0.008346302642129145,0.01667370876294494,-0.4999999999999997,-0.8660254037844388,0.0,1.0,0,1,0,1,283
2020-03-02 18:00:00,0.0045017778582076735,70.10999481145106,0.006590935047710911,0.0012897222644903325,0.005301212783220578,58.24341686156414,37.6011008984296,5.468491012234419,86.66603938980761,88.36164557780127,0.03238099911979342,153.00901054244312,-21.660958904109073,1.2163194065670495,0.291718081469896,0.8943361955189021,0.008850966085363432,0.014383012061909506,-1.0,-1.8369701987210297e-16,0.0,1.0,0,0,0,0,282
2020-03-02 22:00:00,0.004377365154049989,69.76629330658851,0.0066432088702812475,0.001073596869648535,0.0055696120006327125,59.2510157543061,35.90766473261759,5.760691655707598,84.68135588148947,87.62462409663594,0.03192988042564959,122.08037579192906,-22.388698630136496,0.7940388236998558,0.30000924158336795,0.8548713571409956,0.00906152603185006,0.011984237763623451,-0.5000000000000004,0.8660254037844384,0.0,1.0,0,0,0,0,281
2020-03-03 02:00:00,0.004256124785903563,70.9134765561846,0.0067097686016937,0.0009121252808487893,0.00579764332084491,60.249542636103165,35.60167643171394,5.501591880779713,79.66609589041128,83.67116372056942,0.03110537773434796,117.7370227646688,-16.95205479452052,1.4389602351848876,0.3085553328580804,0.8627507788642044,0.009179792945961666,0.011917898742533684,0.49999999999999994,0.8660254037844387,0.7818314824680298,0.6234898018587336,0,1,0,1,280
2020-03-03 06:00:00,0.004316401586910459,67.07212184465953,0.006543457637966155,0.000596651453696995,0.00594680618426916,59.79021493826868,32.59704818580993,9.78660760500973,78.69577625570807,81.01440934253623,0.02970105526739175,89.29020618109651,-24.571917808218746,1.1462281730340969,0.3042464825289767,0.7819260098543753,0.009131771833757312,0.009400466843130895,1.0,6.123233995736766e-17,0.7818314824680298,0.6234898018587336,0,0,0,0,279
2020-03-03 10:00:00,0.004318087187845411,65.3376438133012,0.006273972322932142,0.0002617329109303856,0.0060122394120017564,59.146335410536814,30.25687196934897,9.878019161526767,76.81221461187245,78.3913622526639,0.02761069763690971,72.56255517446131,-28.039383561643337,0.8196646991087198,0.3041277174061115,0.7356333072621448,0.00887518743083769,0.007872562829013718,0.49999999999999994,-0.8660254037844387,0.7818314824680298,0.6234898018587336,1,0,1,0,278
2020-03-03 14:00:00,0.004712509531570744,69.50065385176651,0.006308034001205609,0.0002366356713630821,0.006071398329842527,59.427455628442374,37.127223815172265,8.404741223636904,75.47671975385204,76.99490354047748,0.026791582185399676,108.32175356449606,-20.958539368581754,0.9243180667100694,0.27867317640464817,0.849344802976978,0.008718525363905669,0.011379691136025771,-0.4999999999999997,-0.8660254037844388,0.7818314824680298,0.6234898018587336,0,0,1,0,277
2020-03-03 18:00:00,0.004638044565029965,70.94875765482175,0.006384885355964487,0.00025078962089756726,0.00613409573506692,59.688495830783246,35.02878849566854,7.929704201672412,78.62108033681211,76.9700049008455,0.02709403853243675,109.30987225642082,-15.138836059338557,1.185323360559232,0.2831473440125334,0.8654493953769865,0.008546188625126142,0.01167758251181028,-1.0,-1.8369701987210297e-16,0.7818314824680298,0.6234898018587336,0,0,0,0,276
2020-03-03 22:00:00,0.0044731842389564075,69.19136854578134,0.006311707524439658,0.00014208943149819023,0.006169618092941468,59.930890304385485,33.725513039800404,7.634672905925143,80.90451067914508,78.33410358993638,0.026724454344238868,93.92391889150426,-21.18909253464446,0.7843101861044501,0.29358281033074124,0.8071157185953726,0.008271617458183656,0.010332442577532186,-0.5000000000000004,0.8660254037844384,0.7818314824680298,0.6234898018587336,0,0,0,0,275
2020-03-04 02:00:00,0.004265813936173796,66.91324104395832,0.00610506725729687,-5.1640668515678945e-05,0.006156707925812549,59.83568628814113,32.83891192510578,8.572587424463311,77.17372350170515,78.89977150588741,0.026281443719808006,75.79697842945313,-32.15090090090149,0.3137896620242574,0.3078544961522429,0.7457437296388794,0.007853035074631046,0.008558247171329691,0.49999999999999994,0.8660254037844387,0.9749279121818236,-0.22252093395631434,0,0,0,0,274
2020-03-04 06:00:00,0.004276827226447103,66.91324104395831,0.005873596196062092,-0.00022648938380036635,0.006100085579862458,59.94439481305816,33.15376497408799,7.939761225943684,71.38097409399778,76.48640275828264,0.02501240140405514,71.68978323480239,-32.517084282460694,-0.2057245080501065,0.3070617377010478,0.7244486608586825,0.007468460478061804,0.008005454064289985,1.0,6.123233995736766e-17,0.9749279121818236,-0.22252093395631434,0,0,0,0,273
2020-03-04 10:00:00,0.004381339567415156,59.55201962078948,0.005374824325338867,-0.0005802090036188734,0.005955033328957741,58.56384334293488,30.051279209124747,12.690848455886846,61.64446051974485,70.06638603848255,0.02331328067856786,34.65948448149808,-50.39863325740327,-0.07723949632664069,0.2997370963362179,0.5792681229844652,0.007104831211932658,0.004739951072479931,0.49999999999999994,-0.8660254037844387,0.9749279121818236,-0.22252093395631434,0,0,0,0,272
2020-03-04 14:00:00,0.004423386741171211,59.15030067689667,0.004908438109526347,-0.0008372761755451154,0.005745714285071463,56.73570844930699,27.639506342885515,13.933052477302764,50.29397880636003,61.10647114003418,0.02263113289249441,14.544498415465041,-66.20234604105593,-0.07814956209298436,0.2968878998928051,0.5562499458620583,0.006776424520908693,0.00321075498668133,-0.4999999999999997,-0.8660254037844388,0.9749279121818236,-0.22252093395631434,1,0,1,0,271
2020-03-04 18:00:00,0.004241716259658973,61.58443675586561,0.004612341352299598,-0.0009066983462174914,0.0055190396985170895,55.038154619509655,26.76448533144778,13.491955103136288,40.14847806788328,50.69563913132935,0.019656945439153528,28.399003110131087,-62.95358649789093,-0.051143092990700884,0.3096034528499045,0.6058658887995373,0.006486991789728438,0.004192827921080333,-1.0,-1.8369701987210297e-16,0.9749279121818236,-0.22252093395631434,0,0,0,0,270
2020-03-04 22:00:00,0.00402373652682619,60.98618534524778,0.0043086491196882015,-0.0009683124630631111,0.005276961582751313,53.47261467825205,26.28785412479613,13.206942360348384,35.288388169155276,41.91028168113282,0.016476861837072754,24.197130836973077,-64.97890295358731,0.08717220554666097,0.3263757433531202,0.5705231379306477,0.006121068272090952,0.004026068354060275,-0.5000000000000004,0.8660254037844384,0.9749279121818236,-0.22252093395631434,0,0,0,0,269
2020-03-05 02:00:00,0.003806326774910032,60.3808262293751,0.004003264616990521,-0.0010189575726086341,0.005022222189599155,52.04191102445806,25.992066573955423,12.964060963165606,35.049226441630886,36.82869755955644,0.01389512072628607,16.70340019489442,-66.9198312236291,0.13939726421626722,0.34501767127732763,0.5289670027291418,0.005689399860537149,0.0037591828857355125,0.49999999999999994,0.8660254037844387,0.43388373911755823,-0.900968867902419,0,0,0,0,268
2020-03-05 06:00:00,0.0039237320052735985,66.43384222906553,0.004027897674797387,-0.0007954596118414144,0.004823357286638802,51.361016118126386,28.947402335086913,11.677855961063905,44.64135021096967,38.326321607251906,0.012590112151928956,61.01001333043943,-34.17721518987457,0.13083609642441232,0.33469411219598016,0.793762275932798,0.005486006235174348,0.005142048254876519,1.0,6.123233995736766e-17,0.43388373911755823,-0.900968867902419,0,0,0,0,267
2020-03-05 10:00:00,0.003954894004896923,68.23861919079498,0.004108189698152742,-0.0005721340707888481,0.00468032376894159,51.186550606548366,31.363745327797353,10.758281885298588,58.67791842475331,46.12283169245126,0.010052832237646303,133.65126159716345,-22.86919831223636,0.11365365168288881,0.33205693967371636,0.9297793793693626,0.005050336949279832,0.007070551061153063,0.49999999999999994,-0.8660254037844387,0.43388373911755823,-0.900968867902419,0,0,0,0,266
2020-03-05 14:00:00,0.0040259730045471434,71.57909684367647,0.00434125963442078,-0.00027125130761664843,0.004612510942037428,51.281402809110624,31.51897773315106,9.813461567113912,80.29639230634324,61.20522031402203,0.010036240531113627,179.9084217861643,-2.0644095788593275,0.42537186456160114,0.3261944375972584,1.134550355808737,0.004365492132406766,0.008163973642927314,-0.4999999999999997,-0.8660254037844388,0.43388373911755823,-0.900968867902419,0,0,0,0,265
2020-03-05 18:00:00,0.004116260647079492,74.44198496449914,0.004688978135663158,6.117375490058332e-05,0.004627804380762574,51.76187176145171,33.53649206333621,8.91262294992893,90.81748369671226,76.59726480926956,0.012419644278257813,226.99003989327755,-2.613941018767507,0.7537868602670995,0.31903956347656404,1.1814607415782756,0.004093899724694194,0.009967255751493154,-1.0,-1.8369701987210297e-16,0.43388373911755823,-0.900968867902419,0,0,0,0,264
2020-03-05 22:00:00,0.004072956315145235,74.91739613545118,0.004945464390076149,0.00025412800745085954,0.004691336382625289,52.22900102687778,31.752721271798478,8.36399887349995,98.26371514119758,89.79253038141765,0.01455783211877737,202.55236325835838,-0.5305039787803723,0.7959128798063996,0.3224316438447171,1.091056410720772,0.004100870916118442,0.00995800862470686,-0.5000000000000004,0.8660254037844384,0.43388373911755823,-0.900968867902419,0,0,0,1,263
2020-03-06 02:00:00,0.003943459435491999,69.77268907776804,0.0049520508926497175,0.0002085716080195421,0.004743479284630175,52.6960408826608,30.887615195421564,8.021612090608961,94.491451319355,94.52421671908824,0.015522758002319836,168.18118952865927,-13.381201044387126,0.9248939383044429,0.3330197816111565,0.9124911307025982,0.003895280889055877,0.009161367934730213,0.49999999999999994,0.8660254037844387,-0.433883739117558,-0.9009688679024191,1,0,1,0,262
2020-03-06 06:00:00,0.004205355190099706,76.40067416774761,0.005424880193609871,0.0005451207271837564,0.004879759466426115,53.68553144330615,34.77628363998394,6.984762895610353,95.16236419067445,95.97251021707564,0.01889337439418126,197.84217665573985,-0.6012024048091091,1.5318506265844556,0.31228039978446237,1.1438500474402449,0.004104627842616663,0.011648458499952108,1.0,6.123233995736766e-17,-0.433883739117558,-0.9009688679024191,1,0,1,0,261
2020-03-06 10:00:00,0.004246401247949728,78.60739268515366,0.005962454373067638,0.0008661559253132188,0.0050962984477544195,55.00067116150399,39.61684235913496,6.423158497446853,92.90382470060808,94.18588007021248,0.022785330017334626,224.97353989544322,-7.306122448979435,1.6463934646976994,0.3092618721874366,1.1208380562949152,0.005068450627898774,0.015249115153289194,0.49999999999999994,-0.8660254037844387,-0.433883739117558,-0.9009688679024191,0,0,0,0,260
2020-03-06 14:00:00,0.004423801158810471,74.13342695642746,0.006178474549302981,0.0008657408812388495,0.005312733668064132,56.32662993600616,37.588506730254515,5.725183172995306,91.03462257864834,93.03360382331026,0.02462959025235678,176.35041043682432,-18.98880741026637,1.5138590836034602,0.29686008770636607,0.9683187938498603,0.005836037259809328,0.01376851927435907,-0.4999999999999997,-0.8660254037844388,-0.433883739117558,-0.9009688679024191,0,0,0,0,259
2020-03-06 18:00:00,0.0043921010760383005,69.43231347282766,0.006125744208184791,0.0006504084320965269,0.005475335776088264,57.488588783878726,35.15553096313425,5.582293067124283,82.46106223268929,88.79983650398185,0.02508537382617826,130.7150485683776,-26.32188344268631,1.3641915436289862,0.2990026816925076,0.8507023678801723,0.006282933091224277,0.011155171065743597,-1.0,-1.8369701987210297e-16,-0.433883739117558,-0.9009688679024191,1,0,1,0,258
2020-03-08 21:00:00,0.004864093856321272,75.81333012154342,0.006600149277586009,0.0008998508011981961,0.005700298476387813,59.023861486469876,39.858934675351406,4.68056552249986,80.49051366656722,84.66206615930157,0.028439585369679055,172.38893147884446,-13.217768147345598,1.6691129089997903,0.26998862250433936,1.0320752677404774,0.007155100654677065,0.016212090713817462,-0.7071067811865477,0.7071067811865474,-0.7818314824680299,0.6234898018587334,1,0,1,0,257
2020-03-09 01:00:00,0.005514515723726897,78.55255422011281,0.007229268357286767,0.0012231759047191624,0.006006092452567604,60.84109964052602,45.52153115561328,3.8336125037348925,78.46685189713078,80.47280926546239,0.03281235005298244,186.68466880442205,-25.0597927185757,1.9200858138911185,0.23814421171193267,1.0535872916956424,0.008380129389158879,0.019864723456711975,0.25881904510252074,0.9659258262890683,0.0,1.0,0,0,0,0,256
2020-03-09 05:00:00,0.005792764600603558,78.62133599242337,0.0076485580253453644,0.0013139724582222085,0.006334585567123156,62.52853506929243,40.2396020385102,3.3887928987451574,78.98498879099462,79.31411811823084,0.03603665528319233,158.4609199121927,-24.767472761094822,1.6826880205453747,0.22670522462852544,0.9743364739505213,0.009252305808929153,0.018444212246841785,0.9659258262890683,0.25881904510252074,0.0,1.0,0,0,0,0,255
2020-03-09 09:00:00,0.00590256712913188,80.62843346572572,0.008153146135358558,0.0014548484545883209,0.006698297680770237,63.4981757345524,36.6702557755144,4.975997550343307,78.05828682788561,78.50337583867031,0.03943709299631282,130.24693728637752,-15.997874036672622,1.7329264929588888,0.2224879397844555,0.9817545756168261,0.009800017401155154,0.016386008600427715,0.7071067811865476,-0.7071067811865475,0.0,1.0,0,0,0,0,254
2020-03-09 13:00:00,0.006251669477051021,82.50935855416137,0.008735565353912067,0.001629814138513464,0.007105751215398603,64.61211316607334,37.370959351087606,4.362549828609645,83.94641651624211,80.32989737837407,0.04310371287951975,131.7991384905886,-7.3954036535062055,2.0025253872556954,0.2100638885054227,0.9857818178802173,0.010596024425953764,0.01789339457906025,-0.2588190451025208,-0.9659258262890683,0.0,1.0,0,1,0,1,253
2020-03-09 17:00:00,0.0061729788001188045,77.17538206961792,0.008907254880084592,0.00144120293174879,0.007466051948335802,65.64648363819992,35.14396736263999,4.102578886300015,87.3071358748354,83.10394640632101,0.044110643794897264,120.7390121765563,-14.685314685314987,1.9530658591975782,0.2127416993518146,0.8855758732310183,0.011307031885002048,0.017136589679402014,-0.9659258262890683,-0.25881904510252063,0.0,1.0,0,0,0,0,252
2020-03-09 21:00:00,0.006404194600110313,65.01974103713313,0.008443282231016314,0.0007817842261444085,0.007661498004871905,64.83622241990346,31.455483781261456,9.315621295721945,80.51256757127003,83.92203998744914,0.04268202708401425,84.14057683085669,-36.38157894736867,0.808379522232638,0.20506091429160805,0.7218615339276241,0.011597201766310614,0.012058062505049705,-0.7071067811865477,0.7071067811865474,0.0,1.0,0,0,0,0,251
2020-03-10 01:00:00,0.006251037842959588,63.296386497773774,0.007903779075979944,0.0001938248568864303,0.007709954219093514,63.92699691520138,29.924305344809607,9.422065943272123,68.85261427985269,78.89077257531933,0.04091109086788913,61.64140963926905,-42.37526352775822,0.46454530199860833,0.21008511434290641,0.6781790669806279,0.011640805152807084,0.008906884171312468,0.25881904510252074,0.9659258262890683,0.7818314824680298,0.6234898018587336,0,0,0,0,250
2020-03-10 05:00:00,0.006298106568462473,60.69756409540056,0.0072713617428206145,-0.0003508739810183202,0.007622235723838935,61.888092969641285,27.579190669868346,13.163479796852327,57.4182394061715,68.9278070857647,0.03822870309075155,40.10264200103609,-48.988439306358565,0.48471125184640745,0.20851504904284235,0.6222249153707354,0.011532204337252782,0.006124333437607765,0.9659258262890683,0.25881904510252074,0.7818314824680298,0.6234898018587336,0,0,0,0,249
2020-03-10 09:00:00,0.006231813242143731,62.87530912499585,0.006851759994700446,-0.0006163805833107917,0.007468140578011238,59.99482502019263,25.881676775750687,12.353260595079043,55.6123880726353,60.62774725288646,0.03487923043877261,37.20162220794333,-41.79913294797728,0.8301806551073279,0.2107332086139739,0.6558090568981959,0.011211602103140629,0.005993186762599079,0.7071067811865476,-0.7071067811865475,0.7818314824680298,0.6234898018587336,0,0,0,0,248
2020-03-10 13:00:00,0.006484540867704897,51.444513873792694,0.005853818340250783,-0.001291457790208365,0.007145276130459148,57.14065977234064,23.096327222780687,15.38584278448276,39.5961387705494,50.87558874978536,0.03204214200082589,-0.3632130384179036,-90.42401143401591,-0.473587380392773,0.20252012082156937,0.41763971335212813,0.010628585919466853,0.002161865154924447,-0.2588190451025208,-0.9659258262890683,0.7818314824680298,0.6234898018587336,0,0,0,0,247
2020-03-10 17:00:00,0.006422073662868825,48.67919850822939,0.004833735068642042,-0.0018492328494536846,0.006682967918095727,53.95743120378949,21.655199519868997,16.817127496894432,24.040904490746268,39.74981044464362,0.029519755012552995,-42.09539731995918,-95.65414214576798,-1.026153765194973,0.204490024397097,0.3212044782297321,0.010027393731194774,-0.0012648173908029747,-0.9659258262890683,-0.25881904510252063,0.7818314824680298,0.6234898018587336,1,0,1,0,246
2020-03-10 21:00:00,0.006291211258378185,53.02964753309421,0.004253855182696498,-0.0019432901883193838,0.0061971453710158815,51.001576104420565,20.526670918460105,15.940727842558662,11.28012052848303,24.972387929926196,0.027348263857167154,-39.53897281523049,-80.081484834767,-0.734023800962912,0.20874358626108885,0.4135959777066125,0.009346052538245808,-0.00013323199953862996,-0.7071067811865477,0.7071067811865474,0.7818314824680298,0.6234898018587336,0,0,1,0,245
2020-03-11 01:00:00,0.006047553311351171,55.23907084585635,0.003899432420970461,-0.0018381703600363368,0.005737602781006798,48.52151396120519,21.387505327760252,15.398486166781668,17.53432925909124,17.61845142610681,0.02572154046711228,-24.44169358815667,-71.66138524219127,-0.8578249197702057,0.21715393521790843,0.46164693163454396,0.008550720763998976,0.00178182656042436,0.25881904510252074,0.9659258262890683,0.9749279121818236,-0.22252093395631434,0,0,0,0,244
2020-03-11 05:00:00,0.006025585217683236,51.83670299724476,0.0033850620814874777,-0.001882032559615457,0.005267094641102935,46.744736161793334,23.239556844920745,14.35072414860412,21.89527689754011,16.903242228371422,0.024206830110556243,-31.69305000165324,-82.57129923042137,-1.37128410774998,0.21794563557843574,0.3456633940529559,0.007776609017181302,0.0017343471022570611,0.9659258262890683,0.25881904510252074,0.9749279121818236,-0.22252093395631434,0,0,0,0,243
2020-03-11 09:00:00,0.005954471987848726,55.00691481683232,0.0031477056949240634,-0.0016955111569430976,0.004843216851867161,44.86695439032187,21.837309794678497,14.420489930696599,25.449792198696645,21.626466118442625,0.02149415548472211,-40.67036928773515,-69.4179389312974,-0.9477803595450484,0.22054852263642277,0.4195130043034405,0.007102979607438722,0.001684532667409755,0.7071067811865476,-0.7071067811865475,0.9749279121818236,-0.22252093395631434,0,0,0,0,242
2020-03-11 13:00:00,0.006202723988716677,46.044070974955496,0.002365073703229914,-0.0019825145189097983,0.004347588222139712,41.95725027574356,19.465934253655632,17.921426207202547,17.662181144097666,21.66908341344477,0.02218072821170214,-100.62242219722675,-95.02421840598822,-1.0232313029730744,0.21172149565076925,0.1107431677808985,0.006554400334747246,-0.001955429945983189,-0.2588190451025208,-0.9659258262890683,0.9749279121818236,-0.22252093395631434,0,0,0,0,241
2020-03-11 17:00:00,0.005914672275236915,46.20520209549244,0.0017345207330621282,-0.0020904539912620676,0.0038249747243241958,39.25538216934942,18.955809656905124,17.451777014001028,13.68734194731015,18.93310509670145,0.023247484078956937,-117.88199409017288,-94.49581682078392,-0.9256735967649905,0.22203258927772074,0.14510138077830476,0.006251406328103531,-0.0034120622169713233,-0.9659258262890683,-0.25881904510252063,0.9749279121818236,-0.22252093395631434,0,0,0,0,240
2020-03-11 21:00:00,0.0056757671127199896,46.4634676178207,0.0012350901070554698,-0.002071907693814981,0.003306997800870451,36.56085582158193,18.342721595090957,18.913491738665762,6.56080625365261,12.636776448353439,0.02396709944906439,-120.52770329135775,-90.79754601227,-0.7790150081422494,0.23137841527304195,0.17029802597541488,0.006042895217430426,-0.003948697239613663,-0.7071067811865477,0.7071067811865474,0.9749279121818236,-0.22252093395631434,1,0,1,0,239
2020-03-12 01:00:00,0.005750355176097138,49.95642233057289,0.0010235693589641937,-0.0018267427535250064,0.0028503121124892,35.08726181070862,23.90432725955662,17.33472386145763,11.759614750471478,10.669254317144711,0.02377483375339029,-76.52093296702517,-79.42779291553161,-0.7389898421848116,0.22837719754405233,0.2678217203427209,0.005670002911059219,-0.0006581347937781867,0.25881904510252074,0.9659258262890683,0.43388373911755823,-0.900968867902419,0,0,0,0,238
2020-03-12 05:00:00,0.005809615520661614,46.153069819365115,0.0006188329397023296,-0.0017851833382294966,0.002404016277931826,33.39872671190856,21.970458525552722,17.45690451863415,13.343690442869326,10.554703815664434,0.024845298227255785,-90.32131242815467,-89.74358974359036,-0.34051811821728867,0.2260476610421964,0.1816902768619491,0.005609320212729911,-0.002282950676942619,0.9659258262890683,0.25881904510252074,0.43388373911755823,-0.900968867902419,0,0,0,0,237
2020-03-12 09:00:00,0.006133214412042929,40.1874541491659,-0.0001169444023372268,-0.0020167685442152427,0.0018998241418780157,31.44791811964011,19.324740986683604,21.829997158744412,13.163344887904197,12.75555002708163,0.026758422898241818,-131.1568791875259,-91.33858267716539,-0.6078973486459545,0.2141209994911243,0.046292393756973325,0.006005287176665408,-0.005939781289453716,0.7071067811865476,-0.7071067811865475,0.43388373911755823,-0.900968867902419,0,0,0,0,236
2020-03-12 13:00:00,0.007114413382611296,33.82702718288374,-0.0012480868281250501,-0.0025183287760024526,0.0012702419478774025,31.677450709785482,15.46956314704495,31.88240668902209,15.285213574651225,13.930749635141545,0.030786007925695635,-215.17097979371158,-73.06218685529053,-1.5257261997314402,0.18459006096128486,-0.0791104856151035,0.0071560699323130195,-0.013480865452964341,-0.2588190451025208,-0.9659258262890683,0.43388373911755823,-0.900968867902419,1,0,1,0,235
2020-03-12 17:00:00,0.0071940981409962,39.709617645568315,-0.0018017957163845022,-0.0024576301314095236,0.0006558344150250216,31.890588114920465,14.20548625865117,29.277173880643616,24.765516158402374,17.738024873652563,0.03126194338170318,-151.76608727454425,-61.30268199233693,-1.3353560655506298,0.18254546633390076,0.09724192938788286,0.007761509655070436,-0.009259062883393732,-0.9659258262890683,-0.25881904510252063,0.43388373911755823,-0.900968867902419,0,0,0,0,234
2020-03-12 21:00:00,0.007077376845210758,37.96083150824624,-0.0023682423300763755,-0.002419261396081118,5.1019066004742166e-05,32.08850141968866,13.40835371600834,27.634302413103324,33.86255494260177,24.637761558551755,0.030122856703848733,-148.18912995201268,-64.0474663245672,-1.2948902657839656,0.18555603703491821,0.06869960483063499,0.008347814286486075,-0.00942913785272248,-0.7071067811865477,0.7071067811865474,0.43388373911755823,-0.900968867902419,1,0,1,0,233
2020-03-13 01:00:00,0.006968278499124271,45.05865835805642,-0.0023678430407458873,-0.0019350896854005036,-0.00043275335534538373,31.940274703682427,14.029368308716514,26.062174228297234,42.45865272053592,33.695574607179985,0.027442692214876274,-107.03588312422316,-47.27389352148808,-1.0565026059809777,0.18846118164838574,0.25875180364370215,0.00845000568848403,-0.006239873491171277,0.25881904510252074,0.9659258262890683,-0.433883739117558,-0.9009688679024191,0,1,0,1,232
2020-03-13 05:00:00,0.006885544320615401,43.839964485049116,-0.0024346772950796236,-0.0016015391517873918,-0.0008331381432922318,31.850352094282716,13.183801483928857,24.85445528589708,45.87342313448793,40.73154359920851,0.026635730213386832,-101.01327152296597,-51.0583707504809,-0.5439701836897656,0.19072566217722453,0.24051772019652334,0.008470710776726365,-0.006237483611877481,0.9659258262890683,0.25881904510252074,-0.433883739117558,-0.9009688679024191,0,1,0,1,231
2020-03-13 09:00:00,0.007098719726285717,35.36383420584947,-0.0032338815992434267,-0.0019205947647609558,-0.0013132868344824709,32.437024672933134,11.874469603737424,27.749207915555022,39.82253581355571,42.718203889526485,0.028714158458853056,-142.92747399235284,-82.20012828736387,-1.416123937463397,0.18499814764304484,-0.03273370424282083,0.00876952099779353,-0.010740218256260592,0.7071067811865476,-0.7071067811865475,-0.433883739117558,-0.9009688679024191,0,0,0,0,230
2020-03-13 13:00:00,0.007150954031551023,33.27330407087263,-0.004056917659778891,-0.0021949046602371364,-0.001862012999541755,33.53444893184253,10.94575139567899,30.99276815129916,25.188673667524366,36.9615442051893,0.031367774291459316,-168.12247869004258,-91.17547995958213,-1.6918026969481832,0.18364682449443176,-0.03656978794898793,0.009112028216193467,-0.014729400795759906,-0.2588190451025208,-0.9659258262890683,-0.433883739117558,-0.9009688679024191,0,0,0,0,229
2020-03-13 17:00:00,0.0070680287435831044,35.93211763811121,-0.004503149129887696,-0.0021129089042767526,-0.002390240225610943,34.55348574368698,10.283159591304724,29.11664714054522,13.96068475522808,26.323964745436015,0.031525197287245454,-143.5400547936387,-84.74233748736975,-1.7341961527225727,0.18580145152808955,0.07110498383873787,0.009117791384233015,-0.013363982065432545,-0.9659258262890683,-0.25881904510252063,-0.433883739117558,-0.9009688679024191,0,0,0,0,228
2020-03-15 21:00:00,0.0074388838333271645,38.46218868773039,-0.004655459835757769,-0.0018121756881174607,-0.0028432841476403086,33.53846283535529,17.00391116691484,25.68900067847202,15.63413978894201,18.261166070564784,0.03239023828253851,-92.85402096187474,-77.17976318622209,-1.3232396741156198,0.17653858151628468,0.16801726167612277,0.008943953560592043,-0.008590330166864835,-0.7071067811865477,0.7071067811865474,-0.7818314824680299,0.6234898018587334,0,0,0,0,227
2020-03-16 01:00:00,0.0072561064166609375,40.535086955421725,-0.004602079792370928,-0.0014070365157844954,-0.0031950432765864324,32.59594156333301,16.187071216339714,24.454943299640473,22.093422488063528,17.22941567741117,0.032879262461307235,-95.05258761438347,-71.79763186221759,-0.735543232110705,0.1809854934024413,0.24155442172706823,0.008876004942998483,-0.009252437086849197,0.25881904510252074,0.9659258262890683,0.0,1.0,0,0,0,0,226
2020-03-16 05:00:00,0.00760067024404229,51.41535075940709,-0.0037691230086078775,-0.0004592637856171561,-0.0033098592229907214,30.528833502448165,23.324225434528646,21.678724646976136,37.48355459873202,25.07037229191248,0.03157873740350414,-26.47486175095126,-38.57194115536424,0.7159197954514959,0.17278081509053467,0.538855258344304,0.008536305127725963,-0.0020231754532344937,0.9659258262890683,0.25881904510252074,0.0,1.0,0,0,0,0,225
2020-03-16 09:00:00,0.007729193798039275,45.58554651830327,-0.003552998770518734,-0.00019451163802240972,-0.003358487132496324,28.71902769227778,21.963450365983434,19.795512050624218,43.85692727776842,34.477968121521286,0.029684804193380376,-27.60928495895881,-58.059645149112896,-0.1805764142172757,0.16990775937500008,0.3677774670693148,0.008097860056838855,-0.0024409214169758275,0.7071067811865476,-0.7071067811865475,0.0,1.0,0,0,0,0,224
2020-03-16 13:00:00,0.0077078228124650445,45.16344561677464,-0.0033798758059702116,-1.7110938779109873e-05,-0.0033627648671911018,27.07247287486901,20.45117937112434,22.908484357525232,48.83442870450195,43.391636860334096,0.02817040851672603,-64.75215097281142,-56.86512758201698,-0.050146858657487456,0.17037885171364087,0.3713366191389055,0.007949332039317625,-0.005953247703618159,-0.2588190451025208,-0.9659258262890683,0.0,1.0,0,0,0,0,223
2020-03-16 17:00:00,0.0074494068972889805,47.583704874445196,-0.0030358065225661868,0.0002615666756999322,-0.003297373198266119,25.24487362267559,21.36548683294001,22.01008396601813,49.79776490240641,47.49637362822556,0.02500996241498843,-24.828708898632968,-35.68193256165084,-0.32621774588885394,0.17628920236293222,0.4715113526290981,0.007822570125071409,-0.002701654553995292,-0.9659258262890683,-0.25881904510252063,0.0,1.0,0,1,0,1,222
2020-03-16 21:00:00,0.007106592118911199,46.41334841601653,-0.0028217829355963175,0.0003804722101358412,-0.0032022551457321588,23.54781717421027,20.796412181044168,21.42384032134493,57.176691614185934,51.93629507369806,0.02396920849755091,-18.915818070490126,-35.92286501377433,-0.32209998483186675,0.184793214247563,0.443448278647225,0.007595876041001361,-0.0024701888563425367,-0.7071067811865477,0.7071067811865474,0.0,1.0,0,0,0,0,221
2020-03-17 01:00:00,0.006806835538988969,47.42392254653432,-0.002556530462208828,0.0005165797468186647,-0.003073110209027493,21.894755306370293,20.602095334389645,20.76963056224095,65.66341458229628,57.54595703296284,0.022663236397280073,-5.825559943095958,-31.40495867768597,0.6228286501179088,0.19293106061955176,0.49631561889324216,0.007163355801909528,-0.001843240414501679,0.25881904510252074,0.9659258262890683,0.7818314824680298,0.6234898018587336,0,1,0,1,220
2020-03-17 05:00:00,0.006828490143346896,40.52797392449865,-0.002867611510555257,0.000164398958777789,-0.003032010469333046,21.214616663840328,19.06985013028875,24.455112996929216,54.471992653810936,59.10403295009768,0.021798329844254116,-67.11088330770419,-69.25619834710686,0.2689215164285763,0.19231923491601136,0.21791416847374698,0.006737085084734594,-0.005581247848008397,0.9659258262890683,0.25881904510252074,0.7818314824680298,0.6234898018587336,0,1,0,1,219
2020-03-17 09:00:00,0.007384312275964976,31.687208139238322,-0.004055066901589521,-0.0008184451458051805,-0.0032366217557843408,22.223225834398924,16.374846181460235,34.27042687928376,35.06108175074912,51.73216299561875,0.024195268628363742,-215.74075952105886,-94.15559772295981,-1.0062700443227184,0.17784323724694936,-0.19645847949982176,0.006890504351755524,-0.015003281353501263,0.7071067811865476,-0.7071067811865475,0.7818314824680298,0.6234898018587336,0,0,0,0,218
2020-03-17 13:00:00,0.007284718541967489,30.375479739069046,-0.005118685035287562,-0.0015056506236025766,-0.003613034411684986,23.32469570862103,15.413093869196882,34.022551266585815,13.48677253555507,34.33994898003834,0.02725918883603251,-247.19781132880783,-96.1278863232681,-1.371563222319155,0.18027463826286852,-0.1453970477927316,0.007609941341849689,-0.01824048551188784,-0.2588190451025208,-0.9659258262890683,0.7818314824680298,0.6234898018587336,1,0,1,0,217
2020-03-17 17:00:00,0.007204381503255537,34.6606206611971,-0.00562962590886551,-0.001613273197744419,-0.004016352711121091,24.241540129820773,14.977400096154575,31.944659840301195,8.449022191814093,18.998958826039395,0.029044061079647854,-187.38373189509593,-84.36944937832979,-1.2071458724413175,0.1822849052908379,0.04556974784602275,0.008043403363078065,-0.015505513337603416,-0.9659258262890683,-0.25881904510252063,0.7818314824680298,0.6234898018587336,0,0,0,0,216
2020-03-17 21:00:00,0.006921211395880152,34.208517265764144,-0.006018430001738517,-0.0016016618324939409,-0.004416768169244576,25.018227094694446,14.827480259865004,30.876507667400727,10.929544108940492,10.955112945436518,0.031398887814669596,-142.12335380218508,-86.71403197158061,-2.0808280555481367,0.18974279571661568,0.08312217689810826,0.008264740278077352,-0.01336347227059509,-0.7071067811865477,0.7071067811865474,0.7818314824680298,0.6234898018587336,1,0,1,0,215
2020-03-18 01:00:00,0.0067718391533172755,39.17930040967817,-0.005948137709810064,-0.0012250956324523898,-0.004723042077357674,25.51703221229196,15.095220041904769,29.303464524455613,18.614564831261486,12.664377044005326,0.03182969959013304,-108.24992327264601,-73.07282415630512,-1.2099013093084408,0.19392811469195737,0.23380207450570736,0.007980453248914894,-0.011009461155614186,0.25881904510252074,0.9659258262890683,0.9749279121818236,-0.22252093395631434,0,0,0,0,214
2020-03-18 05:00:00,0.006927422070937471,34.87156875266184,-0.006290351581264453,-0.0012538476031254226,-0.00503650397813903,26.319991386064107,13.702182570249285,29.630673365959293,15.476613380698986,15.006907440300289,0.033772220300092304,-115.90533810430676,-93.78330373001728,-1.6915137614678906,0.18957268469456504,0.10526729123688837,0.007837975773835016,-0.01245630426316513,0.9659258262890683,0.25881904510252074,0.9749279121818236,-0.22252093395631434,0,0,0,0,213
2020-03-18 09:00:00,0.0070718919230133665,32.13076203767561,-0.006821825679056204,-0.0014282573607337385,-0.005393568318322465,27.36195823703239,12.463531065524002,29.719611713823113,11.318081628384236,15.136419946781537,0.03535865127515114,-128.44814391843366,-99.18962722852486,-2.2543347432240255,0.18569995332174394,0.045019410530916376,0.00808538904086717,-0.014428333255445347,0.7071067811865476,-0.7071067811865475,0.9749279121818236,-0.22252093395631434,0,0,0,0,212
2020-03-18 13:00:00,0.007565328214226689,25.827459530342256,-0.00812652104708067,-0.0021863621830065638,-0.005940158864074107,29.33200494860212,10.81843046066984,37.202242679337616,2.513177063046612,9.76929069070991,0.04141566635945226,-185.493335104734,-99.48753785231798,-3.2394643560456826,0.1735879743499321,-0.13279194333230485,0.009546945130913599,-0.02285433326167663,-0.2588190451025208,-0.9659258262890683,0.9749279121818236,-0.22252093395631434,1,0,1,0,211
2020-03-18 17:00:00,0.007863519056067646,37.375469159798705,-0.008212917463087166,-0.0018182068792104468,-0.006394710583876719,31.197050455758507,9.664745116790055,33.71639578197337,10.181092968233926,8.004117219888224,0.04340025672732084,-140.35187019480273,-70.77955601445535,-2.364979695522283,0.1670053815138491,0.1621794176906202,0.01032602821104437,-0.018796519934075606,-0.9659258262890683,-0.25881904510252063,0.9749279121818236,-0.22252093395631434,0,0,0,0,210
2020-03-18 21:00:00,0.007896839123491383,36.56348181558211,-0.008298693373484545,-0.0015231862316862597,-0.006775507141798285,31.555442240329636,14.598841121593601,31.175979904613502,18.44650476339025,10.38025826489023,0.04554161630857223,-91.81832156751386,-74.39339184305588,-1.8873018873018812,0.16630071595271154,0.1670737398236352,0.010606651088963689,-0.012836931672683294,-0.7071067811865477,0.7071067811865474,0.9749279121818236,-0.22252093395631434,0,0,0,0,209
2020-03-19 01:00:00,0.007637064900384851,36.30261095424328,-0.008305626712132197,-0.0012240956562671289,-0.007081531055865068,32.077793804850906,14.017175408866212,31.84181466232787,26.441232145930254,18.356276625851446,0.04726558913202128,-99.76150128663922,-75.503355704698,-0.8335835904156139,0.1719574230584085,0.19162555111101895,0.010812991377427882,-0.01444117713886861,0.25881904510252074,0.9659258262890683,0.43388373911755823,-0.900968867902419,0,0,0,0,208
2020-03-19 05:00:00,0.008049417407500214,32.84570087579065,-0.008686265348256228,-0.001283787433912927,-0.007402477914343301,33.10393020273477,12.349172507742765,33.76743108889231,19.798657718120968,21.562131542480458,0.049916064107628166,-110.05467287360688,-90.7072792978832,-1.1672229213401109,0.16314845330003036,0.11809889580042336,0.011104771811471514,-0.016236016301092393,0.9659258262890683,0.25881904510252074,0.43388373911755823,-0.900968867902419,0,0,0,0,207
2020-03-19 09:00:00,0.00849588759267877,30.7572164280798,-0.009196608834128428,-0.0014353047358281008,-0.007761304098300327,34.64563688094336,10.864478001688042,37.08942264168391,16.600262012830203,20.946717292293773,0.05273248634377703,-139.55716166838087,-83.98857895892816,-1.8192066767885304,0.15457478523276105,0.09625457708931646,0.01200782892429729,-0.02124526833033813,0.7071067811865476,-0.7071067811865475,0.43388373911755823,-0.900968867902419,0,0,0,0,206
2020-03-19 13:00:00,0.009133324193201715,24.84256766620876,-0.010573355339194679,-0.0022496409927154817,-0.008323714346479197,36.43343751408937,9.384347166002366,37.15904412101731,8.638231867587114,15.012383866179393,0.05708478340150025,-170.67022768797537,-99.38944614042727,-2.993804979668325,0.14378664024403104,-0.061217860365182786,0.013525625059603308,-0.02676458019724448,-0.2588190451025208,-0.9659258262890683,0.43388373911755823,-0.900968867902419,1,0,1,0,205
2020-03-19 17:00:00,0.008844515322258722,28.229536161902733,-0.011285013081463902,-0.002369038987987763,-0.008915974093476138,38.121922487101656,8.998584873662049,36.075729210279,8.89194495491258,11.376812945109933,0.05978589301830217,-166.5788148200227,-89.9461400359068,-3.0513729365158526,0.14848185029370503,0.05527134148752072,0.015017573548277709,-0.027794347114798335,-0.9659258262890683,-0.25881904510252063,0.43388373911755823,-0.900968867902419,0,0,0,0,204
2020-03-19 21:00:00,0.008586335656383087,26.959269776075878,-0.011953291790290699,-0.0024298541574516476,-0.009523437632839051,39.70131108014123,8.6070774436123,34.68085458888733,4.515688961630008,7.348621928043201,0.06206442858832695,-149.5373774720361,-97.11734693877587,-2.80967483231264,0.15294650157587644,0.06330863561519004,0.01613870211504898,-0.026576666012281258,-0.7071067811865477,0.7071067811865474,0.43388373911755823,-0.900968867902419,1,0,1,0,203
2020-03-20 01:00:00,0.008701597395212866,37.195426548579896,-0.011535751840906494,-0.001609851366453953,-0.009925900474452541,39.90553608420764,12.803415416785635,31.777079727296467,13.85298733496974,9.086873750504076,0.059365724083811244,-106.2755372957528,-71.37755102040806,-1.513155487247045,0.15092056554150357,0.24858388017084695,0.016640409112728075,-0.019206532731298687,0.25881904510252074,0.9659258262890683,-0.433883739117558,-0.9009688679024191,0,0,0,0,202
2020-03-20 05:00:00,0.008717197581269093,39.23149289210229,-0.010898468383800264,-0.0007780543274781785,-0.010120414056322085,38.91671816117988,17.27563852513731,29.454482449862894,21.947278911564577,13.438651736054743,0.05537092995421844,-68.0880938642057,-65.6632653061223,-0.20259581672016005,0.1506504800145657,0.30555681457938644,0.016316785581329447,-0.012542543446128374,0.9659258262890683,0.25881904510252074,-0.433883739117558,-0.9009688679024191,0,1,0,1,201
2020-03-20 09:00:00,0.008765969182607004,34.97903740541694,-0.010897195380269231,-0.0006214250591577153,-0.010275770321111516,38.41385620805377,15.952412644026067,30.881493308748208,25.79931972789124,20.53319532480849,0.051054683271905876,-91.13984166199232,-85.56122448979589,-1.8835773311101667,0.14981229943241012,0.18236998134658114,0.016101276909490696,-0.016556206637104554,0.7071067811865476,-0.7071067811865475,-0.433883739117558,-0.9009688679024191,0,0,0,0,200
2020-03-20 13:00:00,0.008821971383849358,32.60740422002477,-0.011159705757784577,-0.0007071483493384483,-0.010452557408446129,38.30581642181872,14.718921413342706,31.934721932419144,16.98989853758286,21.578832392346197,0.04922913137558149,-106.86947043497273,-97.8058145913332,-2.2033867209716322,0.14886128540432644,0.11756383925679685,0.016168255529776965,-0.01928277677280299,-0.2588190451025208,-0.9659258262890683,-0.433883739117558,-0.9009688679024191,0,0,0,0,199
2020-03-20 17:00:00,0.008700401999288674,36.48186988877538,-0.010914325503612377,-0.0003694144761329961,-0.01054491102747938,38.342702077447655,13.858544744445558,31.44726317424352,11.746545753798594,18.1785880064242,0.04909128456247691,-98.195290147458,-81.3933236574751,-1.7922199484266501,0.15094130134531353,0.22841411426029515,0.015818095418642087,-0.018270687964312193,-0.9659258262890683,-0.25881904510252063,-0.433883739117558,-0.9009688679024191,0,0,0,0,198
2020-03-22 21:00:00,0.008648944713625204,35.27164382797421,-0.010777183418393621,-0.00018581791273139178,-0.01059136550566223,38.23767776532142,13.548092443158726,29.374762932557296,11.068958929595334,13.268467740325562,0.0493339211495889,-91.05926327847095,-87.59398496240567,-1.4661106087726707,0.15183933340805822,0.2132196332600308,0.015205725074471694,-0.017315032927167184,-0.7071067811865477,0.7071067811865474,-0.7818314824680299,0.6234898018587334,0,0,0,0,197
2020-03-23 01:00:00,0.008518305805509122,40.63497367394394,-0.010093015876773581,0.0003986797031109192,-0.0104916955798845,37.725044869247796,14.567762084333278,27.69488593945786,19.95776815041961,14.257757611271145,0.046993853002213815,-62.5152022267262,-71.13938692886038,-0.5833765464108427,0.15416798011063068,0.3480120368154623,0.014037623168871556,-0.012516630292993769,0.25881904510252074,0.9659258262890683,0.0,1.0,0,0,0,0,196
2020-03-23 05:00:00,0.008479141105115615,38.91402617656945,-0.009666924317079273,0.0006598170102441823,-0.010326741327323455,36.65340933070402,16.268531854736192,25.835463772913933,21.410022070027043,17.478916383347297,0.044512691044166885,-52.52513695772123,-77.0365618986528,0.4163697062905585,0.15488007378573912,0.3081670687686083,0.012892567607620666,-0.010782366536221,0.9659258262890683,0.25881904510252074,0.0,1.0,0,0,0,0,195
2020-03-23 09:00:00,0.00884563102617878,45.24581699009747,-0.008652557148463247,0.0013393473430881684,-0.009991904491551415,35.069825511375335,17.177659286635574,22.996122917130926,32.572951844752446,24.646914021733,0.038801465745423425,-28.363012690112296,-54.10519563822946,0.794801065968484,0.1484631222027481,0.4966238388812527,0.012313970686753979,-0.00740817721332343,0.7071067811865476,-0.7071067811865475,0.0,1.0,0,0,0,0,194
2020-03-23 13:00:00,0.008958800238594578,43.27956327151958,-0.00799135714856769,0.0016004378743869792,-0.00959179502295467,33.1700005488503,17.790281286345735,21.083800829686982,39.26876294498379,31.08391228658773,0.034616266465248735,-7.1996092762009845,-51.05195362816634,0.8054761123353273,0.14658770873609944,0.44427475297093083,0.011892801456750875,-0.005162589702924381,-0.2588190451025208,-0.9659258262890683,0.0,1.0,0,0,0,0,193
2020-03-23 17:00:00,0.00874602879298067,41.80709179861092,-0.0075569542181816995,0.001627872643818376,-0.009184826862000076,31.460293159567886,16.921430776257843,20.364444724138075,47.07249103003349,39.638068606589876,0.03142987845972289,-22.363415184815917,-53.62537764350368,-0.34276478347297556,0.15015386195092104,0.4011291117787155,0.011334484837786195,-0.007018915860024011,-0.9659258262890683,-0.25881904510252063,0.0,1.0,1,0,1,0,192
2020-03-23 21:00:00,0.008754883879196347,47.751238283469554,-0.0065880407631135895,0.002077428879109189,-0.008665469642222779,29.334649311482632,18.258699953066245,18.890715259079695,59.141744276964715,48.494332750660625,0.03128218477013611,17.12582147364959,-17.8974358974358,0.08064665640815795,0.15000198953187596,0.6201482577901046,0.010512850474576684,-0.0033324692578884374,-0.7071067811865477,0.7071067811865474,0.0,1.0,0,0,0,0,191
2020-03-24 01:00:00,0.008389535030682313,47.20146555593113,-0.005811279044606099,0.0022833524780933433,-0.008094631522699442,27.31828123332661,18.714525761009686,18.305273282927523,68.96248095643891,58.392238754479,0.02799464491635595,50.393722456135734,-21.589743589743748,0.7423107807802107,0.15653430079225675,0.6310607800514125,0.009384669784962498,-0.0009468050505909709,0.25881904510252074,0.9659258262890683,0.7818314824680298,0.6234898018587336,0,0,0,0,190
2020-03-24 05:00:00,0.00843528252849071,50.323884907797726,-0.004845311555238485,0.0025994559739687664,-0.0074447675292072515,26.125840188108274,20.92469673459179,16.905568978109095,80.94161958568765,69.68194827303039,0.02543934936260772,93.97541871768914,-17.6879617557575,1.5439162570817677,0.1556853603378919,0.8025627696010801,0.008343885835599802,0.0012326726867899485,0.9659258262890683,0.25881904510252074,0.7818314824680298,0.6234898018587336,0,0,0,0,189
2020-03-24 09:00:00,0.008376333776455651,50.05314377911493,-0.004058011538722761,0.0027094047923875934,-0.0067674163311103545,25.337304038018626,21.42579439700602,15.808503779242125,78.22673815464913,76.04361289892519,0.02264351174161705,130.90001471000392,-26.042080190551363,1.1297164962903583,0.1567810016944772,0.8426588635427888,0.0075372397835623195,0.002811525538513271,0.7071067811865476,-0.7071067811865475,0.7818314824680298,0.6234898018587336,0,0,0,0,188
2020-03-24 13:00:00,0.008382309935280241,47.220212535885814,-0.003651004271780778,0.002493129647463662,-0.00614413391924444,23.820188332791783,19.88119612143526,18.31599583521305,72.49490860622569,77.22108878218746,0.021425476797324983,90.08483284895365,-38.78523223501404,1.0422031406552734,0.15666922484847187,0.7234255995926094,0.007366928056230184,-0.0007621965045681023,-0.2588190451025208,-0.9659258262890683,0.7818314824680298,0.6234898018587336,0,0,0,0,187
2020-03-24 17:00:00,0.008163573511331653,47.1128617924408,-0.0033000896977173344,0.002275235377221685,-0.005575325074939019,22.21861495765414,18.955761381898867,19.49334177822527,65.3036919412467,72.00844623404048,0.021235029173342745,52.5020185509784,-39.26161175069447,0.495519830107486,0.16086705144225263,0.7220858733700325,0.006999377123207877,-0.0031238874508692227,-0.9659258262890683,-0.25881904510252063,0.7818314824680298,0.6234898018587336,0,0,0,0,186
2020-03-24 21:00:00,0.007970461117665107,46.950020229750066,-0.003001110020628195,0.00205937204344866,-0.005060482064076855,20.80333874475624,19.45314740005751,18.539519511072054,60.67222442768304,66.15694165838512,0.020293472743539986,60.93621399177147,-39.936482731242315,0.7443033246171118,0.16476462034165318,0.6934365817821708,0.006127432488828981,-0.001993843121466332,-0.7071067811865477,0.7071067811865474,0.7818314824680298,0.6234898018587336,1,0,1,0,185
2020-03-25 01:00:00,0.007679713894974743,49.650983119066,-0.0025372244044401526,0.0020186061277093614,-0.004555830532149514,19.63988377004572,19.556692227861696,17.86702304755058,63.5305015217682,63.16880596356595,0.02038432770519716,81.77763949388068,-30.210400952758555,0.3033535878287589,0.17100246414900058,0.7838945725212593,0.005477920148996404,-7.100233841583758e-05,0.25881904510252074,0.9659258262890683,0.9749279121818236,-0.22252093395631434,0,0,0,0,184
2020-03-25 05:00:00,0.007490448616762268,52.01359762259496,-0.0019693684441279835,0.0020691696704172244,-0.004038538114545208,18.89123822767539,20.44000607796916,17.010016149000702,68.47991963842581,64.22754852929232,0.01976056385817415,98.55277110302323,-24.41335740072168,0.7795058788510245,0.17532327730827552,0.861249813073894,0.005160545085928613,0.0014342778486573504,0.9659258262890683,0.25881904510252074,0.9749279121818236,-0.22252093395631434,0,0,0,0,183
2020-03-25 09:00:00,0.0073118451441363955,50.39304726898646,-0.001613705017169842,0.0019398664779002928,-0.003553571495070135,18.313130306366446,20.098137803768548,16.18083341380187,71.54839823837061,67.85293979952151,0.020385522215362162,89.73102299795457,-30.731046931407924,0.854732721256457,0.17960582781941678,0.7680578864877955,0.005276087908986579,0.0013134022874312645,0.7071067811865476,-0.7071067811865475,0.9749279121818236,-0.22252093395631434,0,0,0,0,182
2020-03-25 13:00:00,0.007306713348126647,53.72050216023782,-0.0010773452949985884,0.001980980960057237,-0.0030583262550558255,17.45063722900575,18.675663989361087,16.482422656991083,75.88748495788236,71.97193427822623,0.02161877656096811,94.17821182527165,-17.19314079422327,0.497383411290705,0.17973197215088527,0.8771027457085171,0.005430816583188029,0.001910596771103501,-0.2588190451025208,-0.9659258262890683,0.9749279121818236,-0.22252093395631434,0,0,0,0,181
2020-03-25 17:00:00,0.007164805251831886,57.213062784934195,-0.0003744156517588859,0.0021471284826375518,-0.0025215441343964377,17.309612224825834,21.32398108780832,15.608243891552174,82.12544346969493,76.5204422219826,0.02311001133693269,140.79540023461877,-5.699481865283995,0.8786482904359092,0.18329179284590189,0.9617479344523948,0.0056473491262670145,0.005624815696081642,-0.9659258262890683,-0.25881904510252063,0.9749279121818236,-0.22252093395631434,0,0,0,0,180
2020-03-25 21:00:00,0.007104462019558171,60.768304838944815,0.0004821180077794196,0.002402929713740686,-0.0019208117059612664,17.80756388951162,23.990639618691397,14.616471787897492,90.48174471636771,82.8315577146483,0.023789725092848713,173.78549483178145,-5.662143191389513,0.8876942119750869,0.18484861997779692,1.0526545577423374,0.005970436317642924,0.008480697107061896,-0.7071067811865477,0.7071067811865474,0.9749279121818236,-0.22252093395631434,0,0,0,1,179
2020-03-26 01:00:00,0.0068098575895897285,58.67104785093265,0.001027241324992989,0.0023584424247634042,-0.0013312010997704152,18.269947578148418,23.240759178848354,14.159601672407849,91.91986235484644,88.17568351363633,0.024385467393376548,156.61824616566358,-12.87878787878708,0.7770704168091168,0.19284544246675192,0.9351977277615211,0.006431648042143208,0.007633574671830123,0.25881904510252074,0.9659258262890683,0.43388373911755823,-0.900968867902419,0,0,0,0,178
2020-03-26 05:00:00,0.006664867761761891,61.644878169987884,0.0016939078404736296,0.002420087152195236,-0.0007261793117216062,19.047748160876807,24.493695527904666,13.434232056112597,92.71249286421073,91.70469997847493,0.024525264932179436,167.4374301964104,-3.3215903371911493,1.3687839415787977,0.19704066861378142,1.0083533260283493,0.0070494517194779035,0.008835288698083588,0.9659258262890683,0.25881904510252074,0.43388373911755823,-0.900968867902419,0,0,0,0,177
2020-03-26 09:00:00,0.006563091493064607,64.6213595227517,0.0024697416307737363,0.002556736753996274,-8.699512322253762e-05,20.241902696320405,26.775427670831974,12.668092936108627,93.71098503911857,92.78111341939189,0.027076311122339547,185.89298281459173,-2.6666666666659955,1.697035979757915,0.20009625058369918,1.0431315932792187,0.007715269424122175,0.011109265602236906,0.7071067811865476,-0.7071067811865475,0.43388373911755823,-0.900968867902419,0,0,0,0,176
2020-03-26 13:00:00,0.00677787067213141,69.8770944007774,0.00361901606327919,0.002964808949201382,0.000654207114077808,22.10399422239442,31.040980935163123,11.390472455503009,97.90344547739262,94.77564112690727,0.03097508747354727,205.82704285350087,-0.30140656396491217,2.374927000194664,0.19375554116128152,1.151055465693912,0.008466239974374764,0.015136391020724727,-0.2588190451025208,-0.9659258262890683,0.43388373911755823,-0.900968867902419,0,0,0,0,175
2020-03-26 17:00:00,0.006583022766979174,68.04742870181546,0.004382475905688965,0.0029826150332889255,0.0013998608724000395,23.97340267184637,31.21766949330313,10.889927177599604,96.1227479683061,95.9123928282724,0.034500301389901455,185.91117891644504,-8.66368286445075,2.031963892639779,0.19949042354635907,1.0131694300265461,0.009131349064011272,0.016121213072399776,-0.9659258262890683,-0.25881904510252063,0.43388373911755823,-0.900968867902419,1,0,1,0,174
2020-03-26 21:00:00,0.006367806855052079,68.4989673941089,0.004979346427170128,0.002863588443816071,0.0021157579833540573,25.71030692969819,29.978769299101184,10.453838035215423,94.76384736108305,96.2633469355939,0.03658189776370557,157.0743835776289,-6.7433684883351,1.8810802828081299,0.2062326998750121,0.9613347319762028,0.00950768538927885,0.015171916026607946,-0.7071067811865477,0.7071067811865474,0.43388373911755823,-0.900968867902419,0,0,0,0,173
2020-03-27 01:00:00,0.006332963508262653,70.05300182848363,0.005556161263918558,0.0027523226244516004,0.002803838639466957,27.60827987129409,31.148666596742608,9.760543029005122,91.97420183665297,94.28693238868068,0.03773094750989392,147.2877240828821,-8.670343137255243,2.2051348403911195,0.2073673720504777,0.9586420734719725,0.010042849306956944,0.015604962744479423,0.25881904510252074,0.9659258262890683,-0.433883739117558,-0.9009688679024191,0,0,0,0,172
2020-03-27 05:00:00,0.00640418040052961,62.544640651565565,0.005569834868049961,0.002212796982866403,0.003357037885183558,28.563407378726748,28.602118740782284,11.97399923133389,86.55358900795447,91.09721273523013,0.03832058303307084,108.13485145818832,-24.92552135054624,1.4893734677701749,0.20506136896009325,0.8008435437960562,0.010188264797969694,0.011703899058254086,0.9659258262890683,0.25881904510252074,-0.433883739117558,-0.9009688679024191,0,0,0,0,171
2020-03-27 09:00:00,0.006341738943348925,58.87224436011715,0.005314452821508553,0.001565931949059996,0.003748520872448557,28.759014094154374,26.820614171840987,14.032738120772244,77.68658821709042,85.40479302056592,0.03775714205279046,74.98466105888079,-33.34437086092722,0.9399031614924487,0.20708042568944082,0.711959898575235,0.010162478950632565,0.007909453800260424,0.7071067811865476,-0.7071067811865475,-0.433883739117558,-0.9009688679024191,0,0,0,0,170
2020-03-27 13:00:00,0.0068766147331097175,66.56358553607382,0.0057908976246854316,0.0016339014017894993,0.004156996222895932,29.684723447586993,29.22078712831937,12.016871139057562,79.15340837627117,81.13119520043865,0.03982364644271952,97.06398970674148,-4.269882659712943,1.4365632353345097,0.19097332786100799,0.9012189095486788,0.010363230005723005,0.011257230829572862,-0.2588190451025208,-0.9659258262890683,-0.433883739117558,-0.9009688679024191,0,0,0,0,169
2020-03-27 17:00:00,0.0069825708236018755,70.81869387747389,0.006631862668488475,0.001979893156474034,0.004651969512014441,31.09329279248054,32.450402159219976,10.989199677188628,87.25978392384404,81.36659350573518,0.04337097481029106,135.47148578426393,-0.6063947078276954,2.1903766457622735,0.18807542854575382,0.9854168044893594,0.010832015244979053,0.01752038569654024,-0.9659258262890683,-0.25881904510252063,-0.433883739117558,-0.9009688679024191,0,1,0,1,168
2020-03-29 21:00:00,0.006880244336201753,65.40559737331702,0.006892882430231895,0.0017927303345739625,0.005100152095657932,32.40125004131026,30.580662373588424,10.356019732364706,93.75067320137667,86.72128850049727,0.04365520445485327,116.44859599116289,-13.871703028329296,1.5267454723311609,0.19087258181952607,0.8536691717013273,0.011222965509662109,0.015563688174150325,-0.7071067811865477,0.7071067811865474,-0.7818314824680299,0.6234898018587334,0,0,0,0,167
2020-03-30 01:00:00,0.00673665545504448,62.4048362398486,0.006830571617578052,0.0013843356175360956,0.005446236000041956,33.03431290757885,29.00158475696642,12.058498538426658,87.2105366501997,89.4069979251401,0.04242391891368813,91.8482476553127,-23.890292313243854,0.9952153110047883,0.1949409478878164,0.7738549454527541,0.011402059669827965,0.012135126453551637,0.25881904510252074,0.9659258262890683,0.0,1.0,0,0,0,0,166
2020-03-30 05:00:00,0.006581894351112729,63.19842019205584,0.006786076574984978,0.0010718724599544172,0.005714204115030561,33.39719047842869,27.563253271171508,12.350345277860619,80.122631704087,87.0279471852211,0.04046933906051997,82.40739381663322,-21.870109546165793,0.43553454848377665,0.19952462466645082,0.7749365385819784,0.011546758688562864,0.010885249670601116,0.9659258262890683,0.25881904510252074,0.0,1.0,0,1,0,1,165
2020-03-30 09:00:00,0.006706044754604684,54.089877637523855,0.0060652206119851115,0.00028081319756364034,0.005784407414421471,32.520676426753916,25.1206140914898,16.357871760696,67.1760914588783,78.16975327105496,0.03746665909839608,44.46085475544171,-52.7113237639554,-0.1468468713458203,0.1958307837266164,0.5661654937924802,0.011482349024941774,0.0058866963636194924,0.7071067811865476,-0.7071067811865475,0.0,1.0,1,0,1,0,164
2020-03-30 13:00:00,0.006482755843561502,54.46961904504366,0.005464034651093463,-0.0002562982106624062,0.00572033286175587,31.642648136275167,24.129723790493873,16.010123037942538,55.87056916136751,67.72309744144424,0.03464367855750172,26.333454430746936,-57.80685920577623,-0.16488494292443676,0.2025758846531733,0.5566048434130632,0.011111972518547912,0.00392229398786359,-0.2588190451025208,-0.9659258262890683,0.0,1.0,1,0,1,0,163
2020-03-30 17:00:00,0.006336130426164247,57.08932187861435,0.005154911352376779,-0.0004523372075032738,0.0056072485598800525,30.9909386934892,24.05199860934831,15.210571889125887,46.39333538835896,56.47999866953489,0.03063469111963757,32.92639246706136,-50.301810865191456,-0.09856403949795958,0.2072637259133904,0.6185747225527405,0.010481158445863493,0.004822910468834207,-0.9659258262890683,-0.25881904510252063,0.0,1.0,0,1,0,1,162
2020-03-30 21:00:00,0.006407121110009662,53.10765304610727,0.004582750233981914,-0.0008195986607185115,0.005402348894700425,29.688471371449932,22.08653876308116,17.089134653893836,40.97527089588464,47.74639181520367,0.02682300027953044,2.643037281569632,-68.96551724137836,0.01907045169727415,0.20496725088407444,0.4781530778103458,0.009729970333219476,0.0025664109646610367,-0.7071067811865477,0.7071067811865474,0.0,1.0,0,0,0,0,161
2020-03-31 01:00:00,0.006181612459294684,53.395922064165376,0.004104586961917844,-0.0010382095462260653,0.00514279650814391,28.479037429556325,21.257105949778737,16.447373208837714,37.73607505385743,41.701560446033646,0.023775745287913708,-9.586572724329375,-67.52444673185785,0.2757955290176824,0.2124445698671056,0.45924417980316334,0.008988735112195447,0.0022506980874881233,0.25881904510252074,0.9659258262890683,0.7818314824680298,0.6234898018587336,0,1,0,1,160
2020-03-31 05:00:00,0.006072925855059342,49.068454125751494,0.0033856318403644448,-0.001405731734223572,0.004791363574588017,26.808480812386644,20.092003704053127,18.145251443811674,25.596157145308307,34.769167698350095,0.022232470937701976,-56.53803899440657,-86.72156459083882,-0.8972090840163249,0.2162466711010368,0.2757109403640741,0.008236628411230367,3.7089071556195563e-06,0.9659258262890683,0.25881904510252074,0.7818314824680298,0.6234898018587336,0,0,0,0,159
2020-03-31 09:00:00,0.006092716865412251,48.29993082132302,0.0027295201999406604,-0.0016494746997178858,0.004378994899658546,25.632968829101113,18.59625738525659,22.89070247368552,22.144240569659104,28.492157589608244,0.019956374319896053,-124.33216114504675,-79.32126696832597,-1.553065307697153,0.21554423568493553,0.19956967613988555,0.007385876929618454,-0.0028761878054170964,0.7071067811865476,-0.7071067811865475,0.7818314824680298,0.6234898018587336,0,0,0,0,158
2020-03-31 13:00:00,0.006261094232168524,48.12088865084914,0.0021724011631421014,-0.0017652749892131557,0.003937676152355257,23.860375565951035,21.024651085890017,20.684031645755688,17.985722813611858,21.908706842859726,0.018893603044306317,-105.38473076345885,-79.9999999999996,-1.208432009941198,0.20974768168361474,0.16605099169258944,0.006417421236778817,-0.001066759447650334,-0.2588190451025208,-0.9659258262890683,0.7818314824680298,0.6234898018587336,1,0,1,0,157
2020-03-31 17:00:00,0.006331016072727909,55.671249581884666,0.0022216964914265613,-0.0013727837287429569,0.003594480220169518,22.41907816398895,20.446787694504415,18.994476746567084,29.879336349924717,23.336433244398524,0.01802656650601664,-50.57883580629206,-51.040723981900236,-0.420513098170868,0.2074311587451312,0.4876571059760187,0.005698401815681775,0.0019717813081618907,-0.9659258262890683,-0.25881904510252063,0.7818314824680298,0.6234898018587336,0,1,0,1,156
2020-03-31 21:00:00,0.005999514924675913,55.27866302669955,0.0022118658057073137,-0.001106091531569764,0.0033179573372770776,21.124951689065902,20.285404752075,18.61229506658697,38.8687782805434,28.911279148026626,0.018021282529160576,-11.824065670991102,-52.352941176469926,-0.5391272989541899,0.2188926965742885,0.4748075643747703,0.005211852890062396,0.00355590547017548,-0.7071067811865477,0.7071067811865474,0.7818314824680298,0.6234898018587336,0,1,0,1,155
2020-04-01 01:00:00,0.005765263858627637,53.14915664069306,0.0020569059715318527,-0.0010088410925961802,0.003065747064128033,19.693082834186484,19.601799552300157,20.029335369431262,46.001559635955836,38.24989142214128,0.018100779651601506,-37.23892826677324,-58.601655933762274,0.01089354285248509,0.22778662559125365,0.39453492961387243,0.004598363951093708,0.0021060996992279257,0.25881904510252074,0.9659258262890683,0.9749279121818236,-0.22252093395631434,0,0,0,0,154
2020-04-01 05:00:00,0.006084173583011375,45.73349002160934,0.0014350211331146667,-0.0013045807448106932,0.00273960187792536,19.78641861049707,17.247607193527216,26.41710159305012,34.95506794422329,39.94180195357414,0.019359158969226797,-119.20943040464566,-84.18019905709788,-0.5689758434817327,0.215846898856887,0.11338713051029581,0.004236663036842647,-0.0021870549433771203,0.9659258262890683,0.25881904510252074,0.9749279121818236,-0.22252093395631434,0,1,0,1,153
2020-04-01 09:00:00,0.005953161184224839,42.80779481970999,0.0007144558479375007,-0.0016201168239902875,0.002334572671927788,20.098951288523242,16.36809451225593,26.79777951294253,21.357023560417645,34.104550380198894,0.02111082376402562,-171.99994962660662,-93.14707432788687,-1.0680762859910058,0.22059708436585837,0.04715173093855437,0.004430739350012455,-0.005563290547907052,0.7071067811865476,-0.7071067811865475,0.9749279121818236,-0.22252093395631434,0,0,0,0,152
2020-04-01 13:00:00,0.005710078242494496,42.32537642715155,0.00010587101370562735,-0.0017829613265777286,0.001888832340283356,20.38916020383326,15.845977060649126,25.94297088891228,9.137794909968852,21.816628804869893,0.02283285912880162,-157.33856067775275,-95.25934188510867,-0.80353008471114,0.22998809197162517,0.08051683558462934,0.004871828503048017,-0.005771427304074539,-0.2588190451025208,-0.9659258262890683,0.9749279121818236,-0.22252093395631434,0,0,0,0,151
2020-04-01 17:00:00,0.00578292979660204,47.877920338223454,-5.704725828503676e-05,-0.0015567036788547142,0.0014996564205696774,19.931618557981203,17.950157323862825,23.7864244394814,17.267035494933143,15.920617988439846,0.02316930892356739,-116.10116555692788,-59.79247730220501,-0.4701952490310132,0.22709077339511285,0.2617322114262679,0.005120230029569343,-0.0036813131197486193,-0.9659258262890683,-0.25881904510252063,0.9749279121818236,-0.22252093395631434,0,1,0,1,150
2020-04-01 21:00:00,0.005584863382559035,45.297846638443986,-0.00035714508097517417,-0.0014854412012358814,0.0011282961202607072,19.506758458261437,17.25913167824316,22.870720526211255,23.694356855417652,16.699729086773182,0.02343536088895659,-95.99813464409739,-73.86511024643333,-0.32970836293421835,0.23514451653394913,0.20077268990107264,0.00529796439505091,-0.002978941403502411,-0.7071067811865477,0.7071067811865474,0.9749279121818236,-0.22252093395631434,0,0,0,0,149
2020-04-02 01:00:00,0.005392373140947663,45.45829790718873,-0.0005794194995389912,-0.0013661724958397587,0.0007867529963007675,19.2864101579195,16.598424823707685,23.121122041530683,31.063553826199737,24.008315392183476,0.02075865689286127,-93.70969316704223,-73.15175097276241,-0.2579151705156379,0.24353841354702832,0.21599800360748558,0.005421162831106623,-0.003265026091222145,0.25881904510252074,0.9659258262890683,0.43388373911755823,-0.900968867902419,0,0,0,0,148
2020-04-02 05:00:00,0.005362917916594258,42.413392854373726,-0.0009463932519804263,-0.0013865169986249553,0.0004401237466445288,19.396605858340603,15.497476250193621,23.651973940401767,21.66007088840774,25.472660523341677,0.019752607827713486,-102.01293744224202,-88.002926115581,-0.47214955656223734,0.24487602093190056,0.12204990525222761,0.005642706028192418,-0.004080224003924604,0.9659258262890683,0.25881904510252074,0.43388373911755823,-0.900968867902419,0,0,0,0,147
2020-04-02 09:00:00,0.005442709493980386,38.073983040024494,-0.0015382229070044495,-0.0015826773229191827,4.445441591473313e-05,20.21860194628068,14.179544880423741,26.86380921599722,13.881125479878834,22.20158339816207,0.02040876047180129,-142.1878133900279,-97.20194647202004,-1.4073275276164279,0.2412860729481243,-0.009879079348207816,0.0060732153946337795,-0.00694620608361074,0.7071067811865476,-0.7071067811865475,0.43388373911755823,-0.900968867902419,0,0,0,0,146
2020-04-02 13:00:00,0.005503944530124641,34.42499285772174,-0.002287511407014442,-0.0018655726583433401,-0.00042193874867110196,21.551635613347003,13.020231743951026,29.58598680013256,5.6731821972782015,13.73812618852156,0.0214329596648537,-182.6132660569755,-97.77558082056431,-1.7258570366744772,0.23860160523279483,-0.10444288621715553,0.006690331542720195,-0.009935576263588652,-0.2588190451025208,-0.9659258262890683,0.43388373911755823,-0.900968867902419,0,0,0,0,145
2020-04-02 17:00:00,0.005441519920830034,37.57849167396115,-0.0027001162271704793,-0.001822541982799502,-0.0008775742443709774,23.01360806269796,12.228913012478195,29.953752759473506,7.7070643333066355,9.087124003487856,0.02307527603291426,-172.21155266656783,-81.9012797074957,-1.420544799353735,0.24133882060651915,0.05283308484449109,0.006807059723363854,-0.010094463495834871,-0.9659258262890683,-0.25881904510252063,0.43388373911755823,-0.900968867902419,0,1,0,1,144
2020-04-02 21:00:00,0.0052799827836278864,35.83250362361538,-0.0031322126962138874,-0.0018037107614743279,-0.0013285019347395596,24.37115390852385,11.702829811976326,28.665153674447215,10.14122930600319,7.840491945529308,0.024722234203144122,-153.14398559562898,-89.89945155393038,-1.0422465798432055,0.24872240191239098,0.04761370238222632,0.006801381500708697,-0.009489306416168075,-0.7071067811865477,0.7071067811865474,0.43388373911755823,-0.900968867902419,0,0,0,0,143
2020-04-03 01:00:00,0.00503641258479731,36.03368721650691,-0.003426280155478967,-0.0016782225765915257,-0.0017480575788874411,25.63173219393361,11.392457365320082,27.90492097665898,12.934186471663699,10.260826703657807,0.024964680570658704,-139.57619765264755,-89.39670932358278,-0.7859175289801257,0.2607510758677948,0.0972510054137431,0.006828479240951659,-0.008883495236208239,0.25881904510252074,0.9659258262890683,-0.433883739117558,-0.9009688679024191,0,1,0,1,142
2020-04-03 05:00:00,0.005135240257311794,31.634889533740157,-0.003978996482191244,-0.0017847511226430418,-0.002194245359548202,27.472745566947417,10.37512318285112,32.32605794123139,8.444113649842524,10.50650980916977,0.027136618138502655,-158.35389691847948,-95.37149817295922,-1.1596829406703606,0.25573292274497444,0.002203998631890846,0.006983729417023087,-0.011214948950644787,0.9659258262890683,0.25881904510252074,-0.433883739117558,-0.9009688679024191,0,0,0,0,141
2020-04-03 09:00:00,0.00505915166750381,29.72012501644345,-0.004543785667140421,-0.001879632246073775,-0.002664153421066646,29.31910282002199,9.778936959640205,32.120390261038075,5.193543237586662,8.857281119697594,0.02926135711129607,-157.1934477903828,-99.65116279069797,-1.7182099243951126,0.25957909276279095,0.003526102882226814,0.007469049437306189,-0.012436819701259871,0.7071067811865476,-0.7071067811865475,-0.433883739117558,-0.9009688679024191,1,0,1,0,140
2020-04-03 13:00:00,0.004959212262682109,31.84144885701372,-0.004849944878514867,-0.0017486331659585766,-0.0031013117125562903,31.06592841374806,9.263433007795612,30.81602659026397,4.058166906353105,5.89860793126073,0.030983366892491038,-132.57188256924468,-92.80283831728346,-1.4264566123254534,0.2648102017899412,0.09636407355616368,0.007866564720342561,-0.011408140791825838,-0.2588190451025208,-0.9659258262890683,-0.433883739117558,-0.9009688679024191,1,0,1,0,139
2020-04-03 17:00:00,0.004934268529633387,34.35767002508094,-0.004934828079694142,-0.0014668130937102817,-0.0034680149859838607,31.93563497026962,11.395686725551935,28.75953589335887,7.026230075004569,5.425980072981411,0.03193949755388514,-103.18200149414538,-86.46730866700483,-1.3221494293833305,0.26614887132978426,0.17466614080358098,0.007950853263195333,-0.009238156195146452,-0.9659258262890683,-0.25881904510252063,-0.433883739117558,-0.9009688679024191,0,0,1,0,138
2020-04-05 21:00:00,0.004757535063230996,37.36576706541151,-0.004824638814752369,-0.0010852990630148066,-0.0037393397517375623,32.743219629896785,10.974799663955762,27.697334303709674,13.971954722081023,8.35211723447953,0.03220089414899174,-84.47935214771962,-78.8139888494686,-0.9579368640847065,0.2760358005870648,0.24848524508274658,0.007984208382457557,-0.007664970366201507,-0.7071067811865477,0.7071067811865474,-0.7818314824680299,0.6234898018587334,0,0,0,0,137
2020-04-06 01:00:00,0.0045448539872859324,37.42711825693482,-0.004680933392763764,-0.0007532749128209611,-0.003927658479942803,33.49311967097915,10.667778274544931,26.922497922064398,18.725466237288032,13.24121701145784,0.030234513457214618,-74.26261416379859,-78.54230377166243,-0.5955991838085297,0.2889531773020146,0.2695183681436978,0.007917019376845405,-0.006840172736905625,0.25881904510252074,0.9659258262890683,0.0,1.0,0,0,0,0,136
2020-04-06 05:00:00,0.004593792988194069,34.751109919175775,-0.004689700559094456,-0.0006096336633213224,-0.004080066895773134,34.56239231458569,9.800264831961279,28.23164541247737,17.72334105611408,16.80692067182768,0.02800491699674179,-78.37257092711653,-89.47368421052668,-0.4491874043055517,0.28587487581069043,0.21565707547261742,0.007941831562490405,-0.0072865589179533785,0.9659258262890683,0.25881904510252074,0.0,1.0,0,0,0,0,135
2020-04-06 09:00:00,0.004539950631894498,34.65363778838867,-0.004649507306970557,-0.0004555523289579387,-0.0041939549780126185,35.61272662719351,9.208171909025241,27.09240208686555,14.031148004547076,16.826651765983026,0.02548664905385367,-81.06152688545808,-89.89056800416962,-0.6270487274870156,0.289265260017153,0.2284852949723609,0.008070578821386877,-0.007375234204517023,0.7071067811865476,-0.7071067811865475,0.0,1.0,0,0,0,0,134
2020-04-06 13:00:00,0.0045685255867591885,36.98534551236191,-0.004486854390839845,-0.00023431953026178086,-0.004252534860578064,36.76806581876105,8.496964503254521,26.7509904949005,13.393557313109644,15.049348791256898,0.024394082888976154,-77.16369915291214,-80.4550758459747,-0.37628309769527374,0.28745598006633705,0.28826832623684395,0.008056789046417075,-0.006834282134822178,-0.2588190451025208,-0.9659258262890683,0.0,1.0,0,0,0,0,133
2020-04-06 17:00:00,0.004407202330562106,35.83319121820087,-0.004373700631582711,-9.693261680371757e-05,-0.004276768014778993,37.840880782359484,8.178849055430685,25.7494677372431,16.288227549825624,14.570977622494079,0.02387338434311692,-74.73648059599044,-80.78967350037874,-0.4620066396163739,0.29797815064971267,0.27778600956803046,0.007758632945650005,-0.006468472897369848,-0.9659258262890683,-0.25881904510252063,0.0,1.0,0,0,0,0,132
2020-04-06 21:00:00,0.004223830735521961,35.859432472621435,-0.004234406938357527,3.3888861137173e-05,-0.0042682957994947,38.837066105700885,7.924356270422722,24.948248187583786,21.51401756136762,17.065267474767595,0.023156564857381934,-70.68123421722915,-74.21319796954364,-0.04352375748934524,0.3109144476258741,0.2997112253667614,0.007156129933992629,-0.006024595065580396,-0.7071067811865477,0.7071067811865474,0.0,1.0,1,0,1,0,131
2020-04-07 01:00:00,0.00420212854012753,43.93378692164022,-0.0038161636523450504,0.00036170571771971995,-0.00417786937006477,38.30612000528817,12.155826125398036,23.285874125054196,35.02661954104982,24.276288217414322,0.020150486247087596,-33.52921921032241,-39.9172699069281,0.4658284229573632,0.3125201876761591,0.4664027958581949,0.006407755288578391,-0.003460360793667183,0.25881904510252074,0.9659258262890683,0.7818314824680298,0.6234898018587336,1,0,1,0,130
2020-04-07 05:00:00,0.0043148336444041435,52.19787927567981,-0.0031123415490323936,0.0008524222568259011,-0.003964763805858295,35.932875417614525,19.021499275526658,21.057806891762574,58.783346609928,38.44132790411511,0.01781121938537744,41.74600893423848,-9.519492293744214,0.7536780042828907,0.3043570409031037,0.7171103458067993,0.005892296205163413,0.0004995347364926683,0.9659258262890683,0.25881904510252074,0.7818314824680298,0.6234898018587336,0,0,0,0,129
2020-04-07 09:00:00,0.0044337740983752824,58.11338336166289,-0.002229491279496454,0.0013882180210894731,-0.003617709300585927,34.10320049351328,23.407498785710327,19.029130734308772,80.83471257738931,58.21489290945567,0.016048545852943352,123.83227903879533,-8.05910006715973,0.9805918737730913,0.29619235686392525,0.9842183255235394,0.005689383642541954,0.003903438624239808,0.7071067811865476,-0.7071067811865475,0.7818314824680298,0.6234898018587336,0,0,0,0,128
2020-04-07 13:00:00,0.004477075948491345,56.31304399320665,-0.0015833893158485601,0.0016274559877898936,-0.0032108453036384537,32.638854976060145,23.009059616814994,17.499005459873835,87.77721594712388,75.7984250448137,0.015107468219195841,148.18781803308588,-19.089759797724337,0.7573025604039079,0.2933276127340503,0.9629829365527236,0.005545133304227548,0.004176896867634117,-0.2588190451025208,-0.9659258262890683,0.7818314824680298,0.6234898018587336,0,0,0,0,127
2020-04-07 17:00:00,0.004306570523599101,55.56321409195785,-0.001087857699704431,0.0016983900831472184,-0.0027862477828516493,31.27910556699652,22.211458862080796,16.892408745608588,83.8285932772339,84.14684060058232,0.015517217662777583,143.32340298465797,-21.365360303414192,0.7212205270457726,0.3049410181033066,0.9233039803106181,0.0052521659591657655,0.003612745118223515,-0.9659258262890683,-0.25881904510252063,0.7818314824680298,0.6234898018587336,0,0,0,0,126
2020-04-07 21:00:00,0.004249672629056317,50.54957792418212,-0.0008858559183984038,0.0015203134915625963,-0.002406169409961,29.27857257221534,20.901068502784906,19.576777624333758,74.14664981036641,81.91748634490803,0.01587879642775336,99.80637683489778,-37.1049304677622,0.6948884009228176,0.3090238036268738,0.7485704768593957,0.004818773002428315,0.0016523921754318938,-0.7071067811865477,0.7071067811865474,0.7818314824680298,0.6234898018587336,0,0,0,0,125
2020-04-08 01:00:00,0.0040932674412665765,50.490465139655086,-0.0007198903527780853,0.0013490232457463321,-0.0020689135985244174,27.217547181474927,20.14972670043088,20.321412192929824,68.07838179519581,75.35120829426535,0.01600980699427801,74.22259334058373,-37.29456384323612,0.6995728436014722,0.320831711791019,0.7423514537924685,0.004346831149563164,0.0005572674680640599,0.25881904510252074,0.9659258262890683,0.9749279121818236,-0.22252093395631434,0,0,0,0,124
2020-04-08 05:00:00,0.004215176909747521,47.42460886910966,-0.0007045054754084568,0.0010915264984927685,-0.0017960319739012253,26.142713014233106,18.169324905325755,23.204460298854844,59.523809523809575,67.24961370979057,0.016096975492124077,49.39945387538161,-47.02907711757292,0.46565019764676224,0.31155275997150506,0.6424180586670897,0.00388972583473213,-0.000579047262714516,0.9659258262890683,0.25881904510252074,0.9749279121818236,-0.22252093395631434,1,0,1,0,123
2020-04-08 09:00:00,0.004145521416194121,51.65360867526687,-0.0005200927598010274,0.0010207513712801584,-0.0015408441310811858,25.14465271607998,17.155001136490576,21.90904422000968,60.55625790139044,62.719483073465234,0.016499812726029628,69.386683277456,-34.00758533501963,0.7328213157431384,0.3167876530247564,0.7550028942669459,0.0037344522537321487,0.0006847431849692498,0.7071067811865476,-0.7071067811865475,0.9749279121818236,-0.22252093395631434,0,0,0,0,122
2020-04-08 13:00:00,0.004115127029323108,49.72973484586516,-0.0004430731933300347,0.0008782167502009209,-0.0013212899435309556,24.0831763648815,16.67217271155431,20.49437439472361,59.71344289928303,59.931170108160984,0.016458649276112514,58.28382397662609,-39.82300884955833,0.6466555493792836,0.31912745114359564,0.6799661655284707,0.0037607222958003454,0.0004122303968383534,-0.2588190451025208,-0.9659258262890683,0.9749279121818236,-0.22252093395631434,0,0,0,0,121
2020-04-08 17:00:00,0.003981903670085734,48.731167299244085,-0.00041517383847855527,0.0007248928840419204,-0.0011400667225204756,23.12000174926505,15.999264336403987,19.79276557304443,61.1251580278122,60.46495294282852,0.015700644063035174,40.660663406012226,-42.79393173198541,0.299260162376339,0.3298045630450233,0.6324149500907824,0.0037860810001786906,-0.00025861470157551025,-0.9659258262890683,-0.25881904510252063,0.9749279121818236,-0.22252093395631434,0,0,0,0,120
2020-04-08 21:00:00,0.003883196265079605,51.582577909243945,-0.0002864757816751773,0.0006828727526762388,-0.0009693485343514161,21.91434167980672,16.632062503851877,18.846174396656185,59.74385510844545,60.19415201184686,0.015221051211863124,50.16194274387349,-38.15149409311985,0.03220345221008359,0.3381879025301026,0.6928250525635591,0.0038396273365882134,0.0005134078078838922,-0.7071067811865477,0.7071067811865474,0.9749279121818236,-0.22252093395631434,0,0,0,0,119
2020-04-09 01:00:00,0.0037743965318596277,50.05998052791946,-0.00023423114136833512,0.0005880939143864648,-0.0008223250557547999,20.824581628711908,15.889244277759945,18.155865906880823,58.68579176511428,59.85160163379061,0.014811073694847021,39.23313166462451,-42.997198879551846,-0.36770436935489864,0.34793641550771764,0.6320633493762567,0.0038803050097561543,0.00015033518325324735,0.25881904510252074,0.9659258262890683,0.43388373911755823,-0.900968867902419,0,0,0,0,118
2020-04-09 05:00:00,0.003799082493869663,51.04164713342259,-0.00015792287740845623,0.000531521742677075,-0.0006894446200855312,20.283732265576504,14.658426676592754,19.13726512907813,58.8648899530622,59.09817894220728,0.014659040077515506,33.15709787448179,-42.25663716814163,-0.2487014298037911,0.34567556827710577,0.6427105723797534,0.003877063024168751,2.4841701926181514e-05,0.9659258262890683,0.25881904510252074,0.43388373911755823,-0.900968867902419,0,0,0,0,117
2020-04-09 09:00:00,0.003959862315736108,58.498552403960154,0.00018126932800033302,0.0006965711584686914,-0.0005153018304683584,19.050373475984458,18.109421818634033,17.04880048779105,64.48650119759934,60.679060971925246,0.015083582995901512,77.64976793746523,-21.28666035950847,0.1037363444413913,0.33164031859927856,0.8398065301455767,0.0038404534981950574,0.0022155210324386054,0.7071067811865476,-0.7071067811865475,0.43388373911755823,-0.900968867902419,1,0,1,0,116
2020-04-09 13:00:00,0.004036300721754948,63.92303093132649,0.000699425394027342,0.0009717817795965604,-0.00027235638556921834,19.033034832657606,22.726620058844667,15.5312251426351,76.13026248933811,66.49388454666651,0.015681015273071974,152.1686536849386,-8.065915004335555,0.6266044662820532,0.3253598010975283,0.9846624958685587,0.004002396019018502,0.005488279349843639,-0.2588190451025208,-0.9659258262890683,0.43388373911755823,-0.900968867902419,0,0,0,0,115
2020-04-09 17:00:00,0.00397370781305817,62.19409673770802,0.0010471610538032028,0.0010556139514979368,-8.452897694734133e-06,19.193400409644326,22.568147709364947,14.649021529722807,84.21251873836736,74.94309414176824,0.015501683005221256,164.07023043371328,-18.00986842105383,0.571412797438288,0.3304847919830626,0.9052463205371961,0.004225872402777122,0.005815883668522703,-0.9659258262890683,-0.25881904510252063,0.43388373911755823,-0.900968867902419,1,0,1,0,114
2020-04-09 21:00:00,0.0038134429692683017,60.24434391577771,0.001251829607145316,0.0010082260038720401,0.0002436036032732759,19.34231130256057,21.836845766440558,14.174332244426168,83.38592306872964,81.242901432145,0.015020415972748946,135.7059339374464,-23.766447368421638,0.6496258892042314,0.34437384027588536,0.8314155885583563,0.004367540127282949,0.004721946308374303,-0.7071067811865477,0.7071067811865474,0.43388373911755823,-0.900968867902419,1,0,1,0,113
2020-04-10 01:00:00,0.0037074827571777044,63.059345893308304,0.001523956483898914,0.0010242823045005104,0.0004996741793984035,19.681054678091407,22.128151414937328,13.53804772986527,82.48355263157794,83.36066481289161,0.01419244531412689,137.19642096293032,-10.773026315790702,0.6042490572978907,0.3542160775953824,0.9110637646208045,0.004512211762771184,0.005049523937037392,0.25881904510252074,0.9659258262890683,-0.433883739117558,-0.9009688679024191,0,0,0,0,112
2020-04-10 05:00:00,0.0036048054173792965,63.72462349351071,0.001750107666724121,0.001000346789860574,0.0007497608768635472,20.230968463272863,22.678391066752685,12.929111189636542,85.81143942985987,83.89363837672245,0.012799657963966649,137.62243530260537,-8.026208026207982,0.7244242346140434,0.3643053779459576,0.9274723602305105,0.004576498320348107,0.0052588953554078,0.9659258262890683,0.25881904510252074,-0.433883739117558,-0.9009688679024191,0,0,0,0,111
2020-04-10 09:00:00,0.0034316050304236453,63.872136959534785,0.0019137291613398055,0.0009311746275810066,0.000982554533758799,20.741602692369927,22.121373469166187,12.611551516528248,91.27658609566487,86.52385938570086,0.012377290656463202,126.4175590112216,-7.371007371006666,0.775386542162803,0.38269264334242864,0.9014206451074728,0.004520903916515542,0.004963917060308631,0.7071067811865476,-0.7071067811865475,-0.433883739117558,-0.9009688679024191,0,0,0,0,110
2020-04-10 13:00:00,0.003265776099679111,65.02101233692397,0.0020679770085589855,0.0008683379798401492,0.0011996390287188363,21.36847300226399,22.61229321128079,12.305371349940152,93.70791600943242,90.2653138449857,0.013049888275177057,122.27811671246043,-3.4790365744880147,0.7119270780636188,0.40212493444637476,0.8957122000670832,0.0044058185593692884,0.00506053702881748,-0.2588190451025208,-0.9659258262890683,-0.433883739117558,-0.9009688679024191,0,0,0,1,109
2020-04-10 17:00:00,0.003150363521130598,62.38599831970913,0.0021062284329207426,0.0007252715233615249,0.0013809569095592177,21.409980427919635,21.766352654435785,13.930946502768647,93.02322353169784,92.66924187893169,0.013599091734179058,92.97195719715533,-10.080285459411764,0.7040697995471804,0.41685665517378223,0.811932596890886,0.004130196777739519,0.004030094066512113,-0.9659258262890683,-0.25881904510252063,-0.433883739117558,-0.9009688679024191,0,0,0,0,108
2020-04-12 21:00:00,0.00307676612676412,58.39126286679537,0.002019659281832009,0.0005109618978182333,0.0015086973840137759,21.205268200385834,20.695082511736295,14.22035968393075,88.67082961641313,91.80065638584774,0.013856898787052874,72.91881842594181,-20.42818911686076,0.5593633561801244,0.4268280219859168,0.7102562806276688,0.0036956551937287053,0.0032384865411907438,-0.7071067811865477,0.7071067811865474,-0.7818314824680299,0.6234898018587334,0,0,0,0,107
2020-04-13 01:00:00,0.002980568546280969,59.98503007297258,0.0019822656816133044,0.00037885463807962264,0.0016034110435336818,20.796632944809097,19.837084827512665,14.51749325699324,85.01338090990096,88.90247801933727,0.01417670920893288,62.95017266896996,-14.451382694024561,0.29988169804571446,0.44060385782391065,0.7372553425784244,0.0033703203018917256,0.0028383409512287017,0.25881904510252074,0.9659258262890683,0.0,1.0,0,0,0,0,106
2020-04-13 05:00:00,0.0030569565072609078,58.05491593161606,0.0018873018560103816,0.00022711264998135977,0.0016601892060290218,21.39727085483259,23.98826792244935,13.143674755973587,78.7934235695996,84.15921136530453,0.013992674654785375,70.83505597574168,-28.74015748031581,-0.04206214224320394,0.42959394315253024,0.6790937088030462,0.0033401493808839144,0.00331660700846359,0.9659258262890683,0.25881904510252074,0.0,1.0,0,0,0,1,105
2020-04-13 09:00:00,0.0030914596138851198,54.951816034456805,0.0017211928546860822,4.8802918925648165e-05,0.001672389935760434,20.668599497000134,22.026215802564412,17.590750973382576,73.71305616235873,79.17328688061973,0.01359020765090424,26.91551528262218,-35.669291338583385,-0.06495942323351435,0.42479933883063203,0.5994098129111524,0.0033524596565712933,0.0011591451144532527,0.7071067811865476,-0.7071067811865475,0.0,1.0,0,0,0,0,104
2020-04-13 13:00:00,0.0030892124986075997,52.976586394480606,0.0015259656558743728,-0.00011713942390884904,0.0016431050797832219,19.487438838925296,20.467792270302137,18.843319434158033,64.15993858755739,72.22213943983854,0.012554501184623312,-0.5062181724771544,-43.11073541842858,-0.05309945161083823,0.42510834090951044,0.5364411132925252,0.0033529806451976702,8.20135052967963e-05,-0.2588190451025208,-0.9659258262890683,0.0,1.0,0,0,0,0,103
2020-04-13 17:00:00,0.002999983034421347,52.583769845654345,0.001346845022550447,-0.00023700804578622,0.001583853068336667,18.42517169633143,19.761580234219018,18.01779791427337,50.64601944978953,62.839671399901846,0.012019762892616637,4.337300578238169,-69.2819148936194,-0.207520089224496,0.437752475574685,0.5110235119597292,0.0033544153972265814,0.00046491909153978384,-0.9659258262890683,-0.25881904510252063,0.0,1.0,0,0,0,0,102
2020-04-13 21:00:00,0.0029464128176769715,55.06299256438631,0.0012517864634213893,-0.00026565328393222216,0.0015174397473536115,17.605683043846433,19.580644587363025,17.035003682397893,42.810605924352416,52.53885465389974,0.011089427577415822,7.864134526900276,-59.175531914894705,-0.17272104180945372,0.44571147400702676,0.5535194441603847,0.0033136885587024033,0.0007619922308834681,-0.7071067811865477,0.7071067811865474,0.0,1.0,1,0,1,0,101
2020-04-14 01:00:00,0.002963811902128618,60.93802004687302,0.0013249823334664512,-0.00015396593110972843,0.0014789482645761797,17.710287615153426,23.136339286292287,15.72535671565065,46.45390070921825,46.63684202778669,0.009907891601888874,53.55660190377677,-32.18085106383109,0.00548280683157265,0.44309492078657897,0.7219947581562751,0.0032551804834782213,0.0023232995190791694,0.25881904510252074,0.9659258262890683,0.7818314824680298,0.6234898018587336,0,1,0,1,100
2020-04-14 05:00:00,0.002983539623405139,53.28751333639777,0.0012021018061973976,-0.00022147716670302582,0.0014235789729004234,17.695315022324536,21.34168909726541,14.984382674617725,49.64539007092063,46.303298901497065,0.008781973354252237,21.34969869122165,-59.707446808512266,-0.2383714027380747,0.4401650944059448,0.48553855780734123,0.0030639973910275933,0.0013953022242194635,0.9659258262890683,0.25881904510252074,0.7818314824680298,0.6234898018587336,1,0,1,0,99
2020-04-14 09:00:00,0.0031718582217333405,64.43701864122055,0.0014750347058447577,4.1164586355467436e-05,0.0014338701194892903,18.6786362594772,25.10378544572457,13.087967730975114,67.36976705575769,54.489685945298824,0.007886762580098239,128.1117045351796,-6.002400960383525,0.26777799102533373,0.4140317467539082,1.0254373968930264,0.003034122992742813,0.0037860780462819488,0.7071067811865476,-0.7071067811865475,0.7818314824680298,0.6234898018587336,0,0,0,0,98
2020-04-14 13:00:00,0.00315458263446668,62.39870291725745,0.001623400542253739,0.00015162433821155875,0.0014717762040421802,19.834016744933916,25.295024433179783,12.219667549138642,71.06575201874695,62.69363638180838,0.0062838255859682945,190.06583525130682,-21.092896174863274,0.3183810142448194,0.4162991280214222,0.9863279475522332,0.0030152813564844304,0.004623991802579441,-0.2588190451025208,-0.9659258262890683,0.7818314824680298,0.6234898018587336,1,0,1,0,97
2020-04-14 17:00:00,0.0030949695891476386,65.72888756795366,0.0018599447098988087,0.00031053480468530266,0.001549409905213506,20.99587360600791,24.63301800494301,11.565388590575656,89.23983922652228,75.89178610034227,0.006937290537010643,225.27068512287553,-5.185185185186281,0.416019018012257,0.42431757798359243,1.1349741266419782,0.0029402099587609656,0.005158739125039613,-0.9659258262890683,-0.25881904510252063,0.7818314824680298,0.6234898018587336,0,0,0,0,96
2020-04-14 21:00:00,0.0029646146184942276,66.42818091122497,0.002054388776174809,0.00040398309676904255,0.0016504056794057666,22.214485837105567,24.98758269131097,11.21149909733184,89.32338424897114,83.20965849808009,0.008086932421809578,213.7158099159991,-5.751765893037009,0.5003842072523772,0.442974945818428,1.0607194129347282,0.0029183045366973867,0.0054667066617029025,-0.7071067811865477,0.7071067811865474,0.7818314824680298,0.6234898018587336,0,1,0,1,95
2020-04-15 01:00:00,0.00285214214574464,62.523383499695505,0.0020971653092836107,0.00035740770390227513,0.0017397576053813355,22.958972034802578,24.117741754567458,12.24871488959218,90.80440009467917,89.78920785672416,0.008551952057567203,151.10189266270189,-16.649848637739172,0.4824770205441927,0.4604433905790258,0.8772822834226544,0.0027206721457141616,0.004385370128766608,0.25881904510252074,0.9659258262890683,0.9749279121818236,-0.22252093395631434,0,1,0,1,94
2020-04-15 05:00:00,0.0030462748496200283,49.93706901503277,0.001763760424291494,1.920225512812659e-05,0.0017445581691633673,21.660987343243647,20.967856632469683,23.07633412152429,72.51934073326638,84.21570835897218,0.008409092935325102,-0.4644018147376535,-60.04036326942463,0.14106310283867482,0.4311002994899839,0.36663246456837767,0.0022550777512983858,0.0007470738517985076,0.9659258262890683,0.25881904510252074,0.9749279121818236,-0.22252093395631434,0,1,0,1,93
2020-04-15 09:00:00,0.0034179695032186042,36.66477928171453,0.0009096824041492368,-0.0006679006120113046,0.0015775830161605415,22.27920937040272,17.352827779500068,32.45157959307821,42.08872709771103,68.47082264188549,0.01109999837814879,-207.29247769762193,-97.04360679970306,-0.5065958226456406,0.3842193439009184,-0.21274785188926265,0.00228112774310052,-0.004611892056345157,0.7071067811865476,-0.7071067811865475,0.9749279121818236,-0.22252093395631434,1,0,1,0,92
2020-04-15 13:00:00,0.003683828824417286,48.29077540383339,0.0006800807370388462,-0.0007180018232973563,0.0013980825603362025,22.85327268133615,14.950451722044377,27.958888325022837,29.18585575177887,47.93130786091873,0.011270403541794316,-123.47186881537904,-55.358462675535655,-0.05950419275697018,0.356490505556466,0.3097228735379801,0.002387130716090986,-0.0026881406918377593,-0.2588190451025208,-0.9659258262890683,0.9749279121818236,-0.22252093395631434,0,0,0,0,91
2020-04-15 17:00:00,0.003632126765530342,47.410057517214,0.000450163980903584,-0.0007583348635460947,0.0012084988444496787,23.033335018436425,15.673103161641675,26.3313824038666,29.440748952944826,33.57177726747821,0.011496372297159052,-58.14517388480558,-59.27568366592677,-0.29331408364476425,0.36156502368337545,0.28106137006174586,0.0024144600454218423,-0.0008569561031572803,-0.9659258262890683,-0.25881904510252063,0.9749279121818236,-0.22252093395631434,0,1,0,1,90
2020-04-15 21:00:00,0.003586260567992464,43.28741024453831,5.9885451385577326e-05,-0.000918890714451281,0.0009787761658368583,23.845472149439463,14.739727861962034,30.200696632618424,35.698447893570545,31.441684199431382,0.012249681791575817,-127.66229449515099,-78.2705099778259,-0.33964406034860484,0.3661892311230297,0.1105204950482138,0.002571039126533325,-0.00324173294823793,-0.7071067811865477,0.7071067811865474,0.9749279121818236,-0.22252093395631434,0,0,0,0,89
2020-04-16 01:00:00,0.0035272419559930087,42.270829309859124,-0.00029922035323837193,-0.0010223972152601842,0.0007231768620218123,24.95315288393639,13.915902306338246,31.97557745183477,26.43508253264427,30.524759793053178,0.013098481743883283,-145.68173465637292,-83.14855875831446,-0.8358247046813586,0.37231639234975206,0.1091913475093906,0.002823423302068046,-0.004304127645712308,0.25881904510252074,0.9659258262890683,0.43388373911755823,-0.900968867902419,0,0,0,0,88
2020-04-16 05:00:00,0.0035631532448506652,44.0918511025283,-0.0005093548685051186,-0.0009860253844215447,0.00047667051591642617,25.41938167370977,15.317528275986303,29.392360358998605,20.571569352057818,27.568366592757513,0.01361737052425438,-111.10398960830544,-76.86622320768612,-0.703139962243856,0.36856399648200916,0.2020349859194115,0.0029804943985942715,-0.003315797434055412,0.9659258262890683,0.25881904510252074,0.43388373911755823,-0.900968867902419,0,0,0,0,87
2020-04-16 09:00:00,0.003652928013075621,44.44708338783409,-0.0006554220258394583,-0.0009056740334047076,0.0002502520075652493,26.109782462424572,13.873862771297242,28.87083788178684,22.052270466992837,23.01964078389828,0.014004236358859945,-108.3818698401883,-73.82840663302083,-0.8458911905303912,0.3595061264003107,0.2386148086764881,0.0031376770661308753,-0.00346453363933108,0.7071067811865476,-0.7071067811865475,0.43388373911755823,-0.900968867902419,0,1,0,1,86
2020-04-16 13:00:00,0.003949861726427353,35.871504965462016,-0.001208318835422162,-0.0011668566743899289,-4.146216103223296e-05,27.455917664038406,11.914393305770325,31.37578553632746,19.63329585930347,20.75237855945134,0.01614030433402025,-163.34023095921074,-90.40548258138257,-1.3890026669579432,0.33247999321430266,-0.04280265221106995,0.003508658438490364,-0.0062172376148510455,-0.2588190451025208,-0.9659258262890683,0.43388373911755823,-0.900968867902419,1,0,1,0,85
2020-04-16 17:00:00,0.0038177287459682557,37.49775269557015,-0.001571889625432421,-0.0012243419715201505,-0.0003475476539122706,28.705900351251252,11.446272306405746,30.143019108010808,16.452781265101873,19.379449197132693,0.01760054760496832,-153.2203277493327,-86.40776699029091,-1.2281900596783688,0.3439872467070555,0.06532602441071747,0.0038817297802788185,-0.006428258605663206,-0.9659258262890683,-0.25881904510252063,0.43388373911755823,-0.900968867902419,1,0,1,0,84
2020-04-16 21:00:00,0.0037736052641133867,42.520946401161225,-0.0016601358042105385,-0.0010500705202386143,-0.0006100652839719242,29.10879645333802,13.838299478883544,28.31722322933327,16.523891109842097,17.536656078082448,0.018221734165406733,-109.3505163307292,-73.61507709880016,-0.6348044820489317,0.348009372492899,0.21789183437002196,0.004084297253888054,-0.004564664583876832,-0.7071067811865477,0.7071067811865474,0.43388373911755823,-0.900968867902419,0,0,0,0,83
2020-04-17 01:00:00,0.00362477631667673,44.181637191840196,-0.0016489311202991797,-0.0008310926690618043,-0.0008178384512373754,28.985730023165114,15.604187239980934,27.37418755570712,23.586521987436083,18.85439812079332,0.018613906521596668,-73.04222510448147,-69.2175899486006,0.09299584741314605,0.3622982179501809,0.2773438909671571,0.004173089966837716,-0.0028072247504999925,0.25881904510252074,0.9659258262890683,-0.433883739117558,-0.9009688679024191,0,1,0,1,82
2020-04-17 05:00:00,0.0037608637226283948,37.875931895122775,-0.0019500222526158684,-0.0009057470411027945,-0.0010442752115130739,29.805816936728238,13.965294045657782,32.95080818011816,21.53721571260905,20.54920960329571,0.019913643463583153,-110.6915409295169,-92.55568581477203,-0.8014949024924234,0.34918840374311544,0.10858493754525489,0.004392886835618224,-0.0053978467704598465,0.9659258262890683,0.25881904510252074,-0.433883739117558,-0.9009688679024191,0,0,0,0,81
2020-04-17 09:00:00,0.00393080202815494,45.05072443006691,-0.0018844951083898387,-0.0006721759175014118,-0.001212319190888427,30.663361873645215,12.407144101662992,30.23747673935146,23.372322713022125,22.832020137689053,0.01995541269918233,-85.99039925807813,-68.10975609756093,-0.4325592477868049,0.33409212435367036,0.30466452592285015,0.00455117760947594,-0.004030685695489922,0.7071067811865476,-0.7071067811865475,-0.433883739117558,-0.9009688679024191,0,0,1,0,80
2020-04-17 13:00:00,0.0038886018832867382,45.53459239083036,-0.001791737430054452,-0.00046353459133282,-0.001328202838721632,30.63944573746298,15.172738509175735,28.38236319504453,27.506055742907943,24.138531389513005,0.02011284117161649,-45.736248537075674,-56.816390858943166,-0.1745344981214588,0.33771778120161017,0.3325696518325701,0.004602796907547111,-0.0015952975065172126,-0.2588190451025208,-0.9659258262890683,-0.433883739117558,-0.9009688679024191,0,0,0,0,79
2020-04-17 17:00:00,0.003758701748766258,47.81118261117895,-0.001606907483437947,-0.000222963715773052,-0.001383943767664895,30.617237896722337,14.575884085697828,27.2658779269781,42.48117376331398,31.119850739747985,0.019114206130379507,-37.111109219908506,-47.63033175355391,-0.00827243899075541,0.34938925399735593,0.40820963277090766,0.004636653640811051,-0.001203940372662693,-0.9659258262890683,-0.25881904510252063,-0.433883739117558,-0.9009688679024191,0,0,0,1,78
2020-04-19 21:00:00,0.0036630801952829443,44.69696478872789,-0.0015857796622034126,-0.00016146871563081384,-0.0014243109465725988,30.779497876922658,13.888062486565223,27.500196251918148,44.62097134612386,38.20273361744856,0.018247117470839402,-50.41900277654163,-61.6903633491313,-0.24981631153564068,0.35850975954365144,0.33487802910158343,0.0046879309184799335,-0.0020245584761828805,-0.7071067811865477,0.7071067811865474,-0.7818314824680299,0.6234898018587334,0,0,0,0,77
2020-04-20 01:00:00,0.003502860181334161,46.894388924584796,-0.0014673942790457417,-3.446666597851423e-05,-0.0014329276130672275,30.930167858537242,13.485920732398347,26.70390251610167,49.9720842294928,45.691409779643514,0.016248485960070003,-44.13776781818447,-40.763052208836314,-0.1680502497796061,0.37490791296722914,0.41340731662889674,0.004677621646032128,-0.0017491271314216128,0.25881904510252074,0.9659258262890683,0.0,1.0,0,0,0,0,76
2020-04-20 05:00:00,0.003526227311238864,48.550792236558394,-0.0012948998132775724,0.00011042223983172414,-0.0014053220531092966,31.473119014362062,12.439657325440873,28.035233376501555,56.54570056113706,50.379585378917874,0.013350459317737151,-40.0610858893446,-27.909482758621152,0.4199857850965094,0.37242352352452796,0.49389534112195016,0.0046774260714550035,-0.0016582636275745966,0.9659258262890683,0.25881904510252074,0.0,1.0,0,0,0,0,75
2020-04-20 09:00:00,0.003608639646150375,45.40402086298413,-0.0012750263735645806,0.00010423654363577286,-0.0013792629172003535,31.13781284633548,14.691839684485622,25.438194344236813,61.951109033835884,56.15629794148854,0.010127564563829239,-21.028065490160056,-45.47413793103483,0.20478382392279912,0.3639182985203161,0.3865966252042586,0.004528980858080933,-0.0012312025373688584,0.7071067811865476,-0.7071067811865475,0.0,1.0,0,0,0,0,74
2020-04-20 13:00:00,0.0036165939571396297,47.102887084212504,-0.0011850967399025247,0.00015533294183826298,-0.0013404296817407877,30.82645711888222,13.612417517149096,23.56922820644403,63.91696948610893,60.80459302702726,0.008610064807800022,-12.480007208682013,-34.865470852017175,0.06719997054246922,0.3631178992066479,0.4897794032955051,0.004254514905539957,-0.0011909730010462027,-0.2588190451025208,-0.9659258262890683,0.0,1.0,0,1,0,1,73
2020-04-20 17:00:00,0.0034861229602010818,45.6348040210569,-0.0011585695711942012,0.00014548808843726927,-0.0013040576596314705,30.537341086247054,13.113168112870833,22.704802535798716,59.94195861683907,61.93667904559459,0.008588219605629721,-32.867675591777044,-39.83451536643076,-0.06991205799022095,0.37670788293831464,0.40446215424416493,0.0038285711834708976,-0.0015894284942961079,-0.9659258262890683,-0.25881904510252063,0.0,1.0,0,1,0,1,72
2020-04-20 21:00:00,0.00336282846304386,44.19267660173441,-0.0011804235607109081,9.890727913644992e-05,-0.001279330839847358,30.31992455954241,12.622952040038873,22.195867599323847,59.063755578878435,60.97422789394211,0.007577549999472577,-43.518518518524644,-48.10874704491671,0.24562310703997442,0.39051947324464875,0.3395259681447508,0.0031768963392564452,-0.0017842742147522461,-0.7071067811865477,0.7071067811865474,0.0,1.0,0,1,0,1,71
2020-04-21 01:00:00,0.003362626429969301,39.74802726394463,-0.0013675692953956098,-7.059076443860133e-05,-0.0012969785309570085,30.920268398454937,11.722016847652064,26.538176657088393,45.58707643814072,54.86426354461937,0.007052773638398513,-140.7567687527731,-75.29550827423033,-0.28901202069104437,0.39054293640700055,0.0571954864683375,0.0024584740523340576,-0.003567398944238853,0.25881904510252074,0.9659258262890683,0.7818314824680298,0.6234898018587336,0,0,0,0,70
2020-04-21 05:00:00,0.00331529597068579,40.9983460145243,-0.0014627111753291455,-0.00013258611549770956,-0.001330125059831436,31.617077930809593,11.040124582903843,26.17938350297171,35.539795114263605,46.73020904376089,0.007124873612526894,-142.29518050988267,-69.9763593380621,-0.2705413587801865,0.3961184798014718,0.1588009651531351,0.002074996304086625,-0.0036837403620331166,0.9659258262890683,0.25881904510252074,0.7818314824680298,0.6234898018587336,0,0,0,0,69
2020-04-21 09:00:00,0.0032956319727796574,39.37532592000176,-0.0015867942872389573,-0.00020533538192601692,-0.0013814589053129404,31.89600707078279,11.634808297039877,24.454474235484817,24.980299448385065,35.36905700026309,0.007471272715840804,-122.36329101269068,-79.78723404255233,-0.45226407809828795,0.39848199399897083,0.09705660407535659,0.0021463903526689984,-0.0033737077997371134,0.7071067811865476,-0.7071067811865475,0.7818314824680298,0.6234898018587336,0,0,0,0,68
2020-04-21 13:00:00,0.0035152296890096813,43.73896493908602,-0.0015454714343223763,-0.0001312100232075486,-0.0014142614111148277,30.715926865387566,15.615167405380943,21.289165916676144,29.43262411347504,29.98423955870787,0.007097076580850903,-55.05190027193268,-61.93853427896041,-0.1500810253388351,0.37358867447719235,0.31922133918328127,0.0020350199655533277,-0.0020059445090916395,-0.2588190451025208,-0.9659258262890683,0.7818314824680298,0.6234898018587336,1,0,1,0,67
2020-04-21 17:00:00,0.003436998996937568,47.78629475351693,-0.0013750279292246148,3.1386785512170284e-05,-0.001406414714736785,29.620138103234854,14.829833099105244,20.218468951839267,37.23581338929192,30.54957898371731,0.00645901664299231,-4.5010615711259305,-46.56679151061145,-0.10762282339737597,0.3820920521565851,0.5583680180494808,0.0016528786130491498,-0.001060402281697792,-0.9659258262890683,-0.25881904510252063,0.7818314824680298,0.6234898018587336,0,0,0,0,66
2020-04-21 21:00:00,0.0032957847828706,46.75480871371041,-0.0012601217308807477,0.00011703438708482992,-0.0013771561179655777,28.602619966950197,14.360585305524767,19.578713137878125,46.519864353955,37.72943395224062,0.006133239274189073,-4.000780640112193,-51.935081148563086,-0.21968527097579713,0.39846351825684767,0.4737495974309362,0.0015074706877850645,-0.0009295700991620581,-0.7071067811865477,0.7071067811865474,0.7818314824680298,0.6234898018587336,0,0,0,0,65
2020-04-22 01:00:00,0.0031753715840941365,44.677671408290266,-0.0012243391341053567,0.00012225358708817702,-0.0013465927211935337,27.831393166750463,13.840498989199494,19.836911757743717,46.27548897211875,43.34372223845519,0.006027774381515805,-39.40740740740379,-62.671660424469145,-0.1491314474035437,0.4135736449171007,0.3256404547551068,0.00145986261435511,-0.00133667115789593,0.25881904510252074,0.9659258262890683,0.9749279121818236,-0.22252093395631434,1,0,1,0,64
2020-04-22 05:00:00,0.0031507021852302773,48.5156716943258,-0.0010754571664424173,0.0002169084438008932,-0.0012923656102433105,26.415972545467806,15.8090258842882,18.56421450365268,46.48356221389937,46.426305179991004,0.006009970382161445,13.204153380761769,-45.94257178526959,-0.09475272299088225,0.4168118478973339,0.550582612004612,0.0013394833707879978,-0.0004201374652643697,0.9659258262890683,0.25881904510252074,0.9749279121818236,-0.22252093395631434,0,0,0,0,63
2020-04-22 09:00:00,0.0031235091719995388,50.89748347503247,-0.0008771541186560761,0.00033216919326978754,-0.0012093233119258636,24.53451417537535,17.414568936632246,17.388273522269735,52.10153974198905,48.286863642669026,0.005975823290096383,78.8583228550175,-35.081148564294054,0.05155018778998048,0.4204405774673339,0.6981316954204945,0.0012715323452296898,0.0005978735319565054,0.7071067811865476,-0.7071067811865475,0.9749279121818236,-0.22252093395631434,0,1,0,1,62
2020-04-22 13:00:00,0.0033418299454281326,39.046470546091285,-0.0011345844473857891,5.979109163205959e-05,-0.0011943755390178487,24.57205720974201,15.114245935978506,25.222742224788895,41.81177795345146,46.79895996977993,0.006572586704978178,-145.90878852835297,-93.54094579008193,-0.3721375803688255,0.3929733174474129,-0.11573930959858982,0.0013562756190703528,-0.0029367563505999783,-0.2588190451025208,-0.9659258262890683,0.9749279121818236,-0.22252093395631434,0,0,0,0,61
2020-04-22 17:00:00,0.003263842092183256,41.29614469812742,-0.0012587297539701225,-5.1483371961819156e-05,-0.0012072463820083034,24.806872123215992,14.370007957821352,25.468920757339543,31.927555850128204,41.94695784852287,0.007096740378120359,-192.92253386999758,-75.59523809523935,-0.08584721042721424,0.40236321577724926,0.07255023597138219,0.0015410072359535406,-0.004075682509218526,-0.9659258262890683,-0.25881904510252063,0.9749279121818236,-0.22252093395631434,0,0,0,0,60
2020-04-22 21:00:00,0.003174281942741584,38.927506668491525,-0.0014405674756077236,-0.0001866568748795361,-0.0012539106007281875,25.024914542870405,13.720058580827713,24.316972252681726,13.584642001596125,29.107991935058564,0.007900212401855455,-174.00353834945946,-90.10989010989029,-0.24174871051974542,0.413715613070515,-0.005745896029507979,0.001760580157812193,-0.004117627908481136,-0.7071067811865477,0.7071067811865474,0.9749279121818236,-0.22252093395631434,0,0,0,0,59
2020-04-23 01:00:00,0.0030482618039743377,40.208249434152286,-0.0015323142093623954,-0.0002227228869073664,-0.001309591322455029,25.227382503978067,13.266749124886383,23.513541757318738,16.478428978428155,20.66354227671746,0.008069153858640377,-142.07763503246616,-84.85958485958584,-0.1255840582119072,0.4308192945526459,0.09704573032545585,0.0018859416283158856,-0.003631817675802562,0.25881904510252074,0.9659258262890683,0.43388373911755823,-0.900968867902419,0,0,0,0,58
2020-04-23 05:00:00,0.003188385960833311,36.50763763936708,-0.001740693397240145,-0.0003448816598280928,-0.0013958117374120523,26.1334740628172,11.777719567249799,26.161481526571002,12.282601359065774,14.115224113029987,0.009148158284288499,-154.61877380329966,-88.1827209533265,-0.44262068329567206,0.411885517039716,-0.03125447209925211,0.002098631771927193,-0.004276605595071814,0.9659258262890683,0.25881904510252074,0.43388373911755823,-0.900968867902419,0,0,0,0,57
2020-04-23 09:00:00,0.0032706441064880754,35.084244217754524,-0.0019471364259506796,-0.00044105975083090173,-0.0015060766751197779,27.653248806582447,10.661397232268545,29.884190147886212,17.351506118133038,15.370845485208958,0.010049853929007035,-197.9812423998685,-74.90317583268849,-0.6537994032929487,0.40152641413807955,-0.02105234931680771,0.002521558575382508,-0.006124077147465989,0.7071067811865476,-0.7071067811865475,0.43388373911755823,-0.900968867902419,1,0,1,0,56
2020-04-23 13:00:00,0.003508455241738923,42.77868670000277,-0.0018848665888897553,-0.0003030319310159818,-0.0015818346578737735,26.79374677075199,18.878989763451024,25.868673318110442,27.202712948426335,18.945606808541683,0.009667405028980447,-82.9618902030264,-55.30596436870594,-0.3813805237994373,0.3743100337654881,0.25381190786305263,0.002544871638952784,-0.0026441509756689463,-0.2588190451025208,-0.9659258262890683,0.43388373911755823,-0.900968867902419,0,1,0,1,55
2020-04-23 17:00:00,0.0036335655816147013,36.264974366657974,-0.002098588322372974,-0.00041340293159936037,-0.0016851853907736136,26.506471405903223,16.926883493545745,26.90918567353345,28.96979085979866,24.508003308785977,0.01066500895425504,-153.4940308721777,-82.88148721920953,-0.6306065439257984,0.3614218514851772,-0.017299143738540017,0.0027279393431143776,-0.0050944855642820475,-0.9659258262890683,-0.25881904510252063,0.43388373911755823,-0.900968867902419,0,1,0,1,54
2020-04-23 21:00:00,0.003548310897213651,34.4105331317143,-0.0023354519218556913,-0.000520213224865662,-0.0018152386969900293,26.253003782284438,16.095469881333724,25.68811347486636,23.28943971081858,26.48731450634783,0.011588564017785519,-163.91634594973647,-91.94422927962871,-0.8609497150118296,0.3701056750780332,-0.032248861078355284,0.0030164179175420627,-0.005941193385806232,-0.7071067811865477,0.7071067811865474,0.43388373911755823,-0.900968867902419,0,0,0,0,53
2020-04-24 01:00:00,0.003376288690269829,35.94807477256902,-0.0024537302186373733,-0.0005107932173178749,-0.0019429370013194984,26.017640988924136,15.707282958015854,25.06857333039296,12.393493415956408,21.550907995524515,0.012116147737391003,-143.77033115252647,-87.99380325329247,-0.8933828941557584,0.3889625919088828,0.07077941663329383,0.0032355603665819113,-0.0055916312482753305,0.25881904510252074,0.9659258262890683,-0.433883739117558,-0.9009688679024191,0,0,0,1,52
2020-04-24 05:00:00,0.0034522680695362696,33.371142707736404,-0.0026428801067865937,-0.0005599544843736762,-0.0020829256224129174,26.724900068006352,14.264332267362914,30.255547089661853,12.763271856114834,16.14873499429658,0.013073221484938724,-164.441788666467,-81.77215189873425,-0.551970265722372,0.38040209321763474,0.02115857539689853,0.0035486796182716824,-0.006834034081746321,0.9659258262890683,0.25881904510252074,-0.433883739117558,-0.9009688679024191,1,0,1,0,51
2020-04-24 09:00:00,0.0036371060645693965,45.98725783005012,-0.0023844319552592808,-0.00024120506627709056,-0.00214322688898219,25.80972687979336,20.152911731012598,26.66667527043209,26.11177022358608,17.089511831885744,0.013067777010427495,-70.89459990817106,-51.898734177214976,-0.19031957057991583,0.36107003114177205,0.3935932256197596,0.0035230455889104628,-0.0029661113552066354,0.7071067811865476,-0.7071067811865475,-0.433883739117558,-0.9009688679024191,0,0,0,0,50
2020-04-24 13:00:00,0.0036301699171001453,43.22357402929908,-0.0022728337515811603,-0.00010368549007917609,-0.002169148261501984,24.61162489717773,20.697134435730955,24.809225213723234,35.021097046413765,24.632046375371527,0.013154086665148501,-43.03815388971535,-61.26582278480942,-0.21273643805207126,0.36175992584089595,0.3004802563028878,0.0034297539970083255,-0.0018088224467902592,-0.2588190451025208,-0.9659258262890683,-0.433883739117558,-0.9009688679024191,1,0,1,0,49
2020-04-24 17:00:00,0.00369515778016442,50.9459536170971,-0.0018723185350060234,0.00023746378119676856,-0.002109782316202792,23.15257664632033,20.813793085873982,22.631976555358936,51.33630179128087,37.48972302042687,0.013117298502139718,-4.3891018234945065,-32.82653766413295,0.08043787791933342,0.3553975440641578,0.5762352095469023,0.0033119394612963335,-0.0002534499843802607,-0.9659258262890683,-0.25881904510252063,-0.433883739117558,-0.9009688679024191,0,0,0,0,48
2020-04-26 21:00:00,0.0035240750815812532,49.712117788742134,-0.001585848567205117,0.00041914699919814004,-0.002004995566403257,21.797746127667033,20.265362841559515,22.03563833001169,60.671524517575925,49.00964111842348,0.012834045192153365,12.32050576646878,-23.89306599832979,0.2028435141017843,0.3726509707082473,0.5405561919259996,0.0031950344424886918,0.00023602601436989445,-0.7071067811865477,0.7071067811865474,-0.7818314824680299,0.6234898018587334,1,0,1,0,47
2020-04-27 01:00:00,0.0034559268614683196,53.728305232867925,-0.0011813966144582633,0.0006588791615559952,-0.0018402757760142584,20.59992866199671,23.074574439603477,20.865152445942602,78.78213155556418,63.59665262147362,0.012349681777043209,56.29444534006906,-6.934001670844658,0.4643790667927219,0.37999936128336914,0.7149852966199863,0.0031789833192014997,0.0016032772665537376,0.25881904510252074,0.9659258262890683,0.0,1.0,0,0,0,0,46
2020-04-27 05:00:00,0.0033969320856491476,55.84239408380109,-0.0007609126444778624,0.000863490505229117,-0.0016244031497069794,19.999207032403575,25.183911980793006,19.711267756774806,87.32895021214101,75.59420209509368,0.012209381802295471,97.25931578277914,-7.186081694402469,0.3338296081894498,0.38659883886051855,0.8121779678708435,0.0032187814879909202,0.0027906150852294864,0.9659258262890683,0.25881904510252074,0.0,1.0,0,0,0,0,45
2020-04-27 09:00:00,0.0033414369366741976,56.09094280543322,-0.0004124318971199248,0.0009695770020696438,-0.0013820088991895686,19.469738169133272,23.965833598229228,18.607304690638934,93.01431731551622,86.37513302774045,0.012320397882950918,100.89927401408845,-6.836964688204139,0.6772867706409973,0.3930195376684575,0.818049793296255,0.0032610724769315323,0.0026654992117445264,0.7071067811865476,-0.7071067811865475,0.0,1.0,0,1,0,1,44
2020-04-27 13:00:00,0.0033956200126260398,49.268041441533114,-0.0003716286688810744,0.0008083041842467953,-0.0011799328531278696,18.282876101005844,21.898886905822607,20.6837201569783,85.60864644747096,88.65063799170936,0.01155415700058704,62.03884237489217,-29.15101427498049,0.5108390764029554,0.3867482212723749,0.5987523364917136,0.0032172480983301784,0.0009219926081383001,-0.2588190451025208,-0.9659258262890683,0.0,1.0,0,0,0,0,43
2020-04-27 17:00:00,0.0032509328688670436,51.24637416348033,-0.0002620349297322022,0.0007343183387165339,-0.000996353268448736,17.180789894887518,21.239703037438858,20.061114326632712,80.5910343100432,86.40466602434343,0.010432548298196842,63.12569521691036,-22.238918106685702,0.5486599144053476,0.4039609715034412,0.7157670336775785,0.003124780803926188,0.0005446331994871656,-0.9659258262890683,-0.25881904510252063,0.0,1.0,0,0,0,0,42
2020-04-27 21:00:00,0.0031144376639479616,51.79646380763973,-0.0001532417161000943,0.0006744892418789135,-0.0008277309579790078,16.232144680543374,21.02271357712873,19.444587224281882,76.08314550463366,80.76094208738257,0.01064276110763629,70.42697418728933,-20.36063110443279,0.71773226355277,0.421665206275242,0.7267738583616365,0.0030266544164544453,0.000703462543528266,-0.7071067811865477,0.7071067811865474,0.0,1.0,0,0,0,0,41
2020-04-28 01:00:00,0.003017692116523106,49.07717324545733,-0.000157198694409999,0.0005364258108552071,-0.0006936245052652061,15.09330286711139,20.14692661176735,20.031069626077,76.15827698472376,77.6108189331335,0.010622016945675217,49.110240398350264,-28.925619834710204,0.1721696148399075,0.4351835605790982,0.6208339250976787,0.0029392567519262915,6.451887337921569e-05,0.25881904510252074,0.9659258262890683,0.7818314824680298,0.6234898018587336,0,0,0,0,40
2020-04-28 05:00:00,0.003149285536771462,55.38349014527498,6.884297437181885e-05,0.0006099739837096199,-0.0005411310093378011,14.97016587852857,23.324199112628545,17.823063187653943,81.06686701728067,77.769429835546,0.011217984845515616,87.03487239431043,-7.513148009014992,0.5737590953329857,0.4169993430783981,0.8511325834581378,0.002830775312327156,0.001442424030175582,0.9659258262890683,0.25881904510252074,0.7818314824680298,0.6234898018587336,1,0,1,0,39
2020-04-28 09:00:00,0.0032407651412877814,59.219273953155565,0.0004054984929402483,0.0007573036018224395,-0.0003518051088821912,15.793858180810753,27.681058181244826,16.0828178514216,84.1133018119596,80.44614860465465,0.012360229609284623,148.1853219849083,-11.221326720395975,0.4249618920042644,0.40522837748068175,0.9591743179056063,0.0028071146096450743,0.003921430107761248,0.7071067811865476,-0.7071067811865475,0.7818314824680298,0.6234898018587336,0,1,0,1,38
2020-04-28 13:00:00,0.0033671390597672228,50.27951974223314,0.00035671864574515766,0.0005668190037018791,-0.0002101003579567214,15.698483537409915,24.73913501853252,18.488952991056077,80.13846039279026,81.77287640734347,0.01235037343541645,76.6583046496667,-40.8501440922182,0.12478739924574656,0.39001953192001154,0.6326680532024616,0.002849354180033998,0.0014119823658069741,-0.2588190451025208,-0.9659258262890683,0.7818314824680298,0.6234898018587336,0,0,0,0,37
2020-04-28 17:00:00,0.0032852005554981274,48.05326202323456,0.00022668635924483205,0.00034942937376124277,-0.00012274301451641072,15.322284616879669,23.545016146567598,19.096755073838214,60.92324088087704,75.0583343618756,0.012105827356866161,26.849455853475142,-65.15880654475465,-0.16422633710683873,0.3997472841656923,0.5311420268013342,0.002859509937286737,-0.00031710955679087327,-0.9659258262890683,-0.25881904510252063,0.7818314824680298,0.6234898018587336,1,0,1,0,36
2020-04-28 21:00:00,0.00321982908724826,52.36861032474972,0.0002889495380924423,0.0003293540420870824,-4.040450399464012e-05,15.052749731582455,22.81734468640761,18.092724196541916,49.649246162394775,63.57031581202066,0.012289226989288249,45.22522522522236,-45.04331087584276,-0.07557603686636341,0.40786326367476033,0.6893935234517822,0.0028879588432515284,0.00044425920775226224,-0.7071067811865477,0.7071067811865474,0.7818314824680298,0.6234898018587336,1,0,1,0,35
2020-04-29 01:00:00,0.003098412723873382,53.98378938322043,0.0003998514641054829,0.0003522047744800984,4.764668962538449e-05,15.222652212820279,24.830302468764906,17.45873734978262,46.91695620075826,52.496481081343326,0.011997905817027643,77.21026105454634,-49.04701397712774,-0.011980131412822748,0.4238460518449854,0.7324572339984309,0.0029641053882984675,0.0016691184711319362,0.25881904510252074,0.9659258262890683,0.9749279121818236,-0.22252093395631434,0,0,0,0,34
2020-04-29 05:00:00,0.0031263832435967113,57.11590880524883,0.0006130099364622943,0.0004522905974695278,0.00016071933899276648,15.991802321707807,27.35129502484869,16.066645123187815,59.23376295667658,51.933321773276504,0.011445858639450357,108.94552723638375,-28.208386276999697,0.41398684113255335,0.4200540681279966,0.8433556296470837,0.0030809571990864804,0.0026426556601080176,0.9659258262890683,0.25881904510252074,0.9749279121818236,-0.22252093395631434,0,0,0,1,33
2020-04-29 09:00:00,0.003140213011911231,54.930794390092686,0.0007020314183776577,0.00043304966350791297,0.00026898175486974473,16.70601313710337,25.285777741738613,14.853322933017616,61.075815332487245,55.74217816330732,0.010531050469649195,96.32540356839463,-39.517153748410784,0.2465191860250351,0.4182041138670129,0.7479334808550105,0.003065369445118808,0.0021245765406328054,0.7071067811865476,-0.7071067811865475,0.9749279121818236,-0.22252093395631434,0,0,0,0,32
2020-04-29 13:00:00,0.003098054939631861,52.64015471863959,0.0006887914806374962,0.0003358477806142011,0.00035294370002329507,17.36920889425639,23.799159882241607,13.980056728962857,60.27107157984043,60.19354995633472,0.008025119562618421,80.13743620838638,-51.46124523506816,0.13661580497172127,0.4238950004405191,0.6509011785495381,0.0031236209195544752,0.0016203437507156249,-0.2588190451025208,-0.9659258262890683,0.9749279121818236,-0.22252093395631434,1,0,1,0,31
2020-04-29 17:00:00,0.0031524795868010276,58.47294299725958,0.0009050987490102358,0.00044172403918955254,0.00046337470982068325,18.527530502351528,25.66017211071178,12.75736796948298,64.97246929267372,62.106452068333766,0.008211932780675557,141.26199040768088,-14.104193138499854,0.5137729973479712,0.4165768449376758,0.9603057649101862,0.0031477704197198763,0.003057782917325058,-0.9659258262890683,-0.25881904510252063,0.9749279121818236,-0.22252093395631434,0,0,0,1,30
