{
    "OPEN": {
        "mean": 1.20862882354878,
        "std": 0.11448171487962706
    },
    "LOW": {
        "mean": 1.2078020993711105,
        "std": 0.11455162030395832
    },
    "HIGH": {
        "mean": 1.2094926838102138,
        "std": 0.11439546217645087
    },
    "CLOSE": {
        "mean": 1.208626301735208,
        "std": 0.11447799955217995
    },
    "log_return": {
        "mean": -2.9730391619291535e-06,
        "std": 0.001112821511895151
    },
    "stl_trend": {
        "mean": 1.2086282366369234,
        "std": 0.1145365927198742
    },
    "stl_seasonal": {
        "mean": -1.9529689613377922e-06,
        "std": 0.003679570840742715
    },
    "stl_residual": {
        "mean": 1.819428189072511e-08,
        "std": 0.00011486397548183545
    },
    "CLOSE_wav_detail_L1": {
        "mean": -6.953752388408972e-06,
        "std": 0.000901398928732146
    },
    "CLOSE_wav_detail_L2": {
        "mean": -7.036454884142901e-06,
        "std": 0.0008305344884045632
    },
    "CLOSE_wav_approx_L2": {
        "mean": 1.2086591338908825,
        "std": 0.11448318010626705
    },
    "CLOSE_mtm_band_1_0.000_0.010": {
        "mean": 0.001397561733302331,
        "std": 0.0019010965060028123
    },
    "CLOSE_mtm_band_2_0.010_0.060": {
        "mean": 0.00018126710208004343,
        "std": 0.00020373405497204735
    },
    "CLOSE_mtm_band_3_0.060_0.200": {
        "mean": 7.4395869012416455e-06,
        "std": 8.375849860119734e-06
    },
    "CLOSE_mtm_band_4_0.200_0.500": {
        "mean": 1.2317576810259788e-06,
        "std": 9.03975905205225e-07
    },
    "RSI": {
        "mean": 49.770585572118556,
        "std": 12.714635719519631
    },
    "MACD": {
        "mean": 0.011769377038067215,
        "std": 0.0014274827177580775
    },
    "MACD_Histogram": {
        "mean": -2.484376420644634e-07,
        "std": 0.00043935595101544044
    },
    "MACD_Signal": {
        "mean": 0.010370697635405034,
        "std": 0.0013444599963454249
    },
    "EMA": {
        "mean": 1.2086380312655194,
        "std": 0.11446321114779878
    },
    "Stochastic_%K": {
        "mean": 49.138708454993086,
        "std": 26.30539297122048
    },
    "Stochastic_%D": {
        "mean": 3.7038136152109247,
        "std": 0.6915302756902011
    },
    "ADX": {
        "mean": 3.232715970090524,
        "std": 0.4044600855636368
    },
    "DI+": {
        "mean": 20.751008976413313,
        "std": 7.769875935660206
    },
    "DI-": {
        "mean": 20.62653785163117,
        "std": 7.711203720367294
    },
    "ATR": {
        "mean": -6.434879578081921,
        "std": 0.34110481998624004
    },
    "CCI": {
        "mean": -0.3934383059697932,
        "std": 115.16591952253172
    },
    "WilliamsR": {
        "mean": -50.86277819801864,
        "std": 28.453789374008085
    },
    "Momentum": {
        "mean": -3.642422047347755e-05,
        "std": 0.004110509885678572
    },
    "ROC": {
        "mean": -0.002338299485053611,
        "std": 0.3508168646499202
    },
    "BC-BO": {
        "mean": 0.024743139541625332,
        "std": 0.0012598041105738047
    },
    "BH-BL": {
        "mean": 0.001691999933330182,
        "std": 0.0013674807376322837
    },
    "BH-BO": {
        "mean": 0.0008661100025666994,
        "std": 0.0010461396905650075
    },
    "BO-BL": {
        "mean": 0.0008264884798172713,
        "std": 0.0010053494654285778
    },
    "S&P500_Close": {
        "mean": 1956.753951683876,
        "std": 268.7734426388028
    },
    "vix_close": {
        "mean": 14.822201125799445,
        "std": 3.5062929432927015
    },
    "CLOSE_15m_tick_1": {
        "mean": 1.2086776082447073,
        "std": 0.11446964581855279
    },
    "CLOSE_15m_tick_2": {
        "mean": 1.1898773724934972,
        "std": 0.23255975926737912
    },
    "CLOSE_15m_tick_3": {
        "mean": 1.1897518672417766,
        "std": 0.23323462436214376
    },
    "CLOSE_15m_tick_4": {
        "mean": 1.189743965625103,
        "std": 0.23323493519011537
    },
    "CLOSE_15m_tick_5": {
        "mean": 1.1897470382931086,
        "std": 0.23323136799826816
    },
    "CLOSE_15m_tick_6": {
        "mean": 1.1710209179809687,
        "std": 0.30742596018228663
    },
    "CLOSE_15m_tick_7": {
        "mean": 1.170891851107965,
        "std": 0.30792834404902725
    },
    "CLOSE_15m_tick_8": {
        "mean": 1.1708843143129959,
        "std": 0.3079279323572881
    },
    "CLOSE_30m_tick_1": {
        "mean": 1.208675148003029,
        "std": 0.11447606378691223
    },
    "CLOSE_30m_tick_2": {
        "mean": 1.1898773724934972,
        "std": 0.23255975926737912
    },
    "CLOSE_30m_tick_3": {
        "mean": 1.189743965625103,
        "std": 0.23323493519011537
    },
    "CLOSE_30m_tick_4": {
        "mean": 1.1710209179809687,
        "std": 0.30742596018228663
    },
    "CLOSE_30m_tick_5": {
        "mean": 1.1708843143129959,
        "std": 0.3079279323572881
    },
    "CLOSE_30m_tick_6": {
        "mean": 1.1521633071021697,
        "std": 0.36636895009952886
    },
    "CLOSE_30m_tick_7": {
        "mean": 1.152028001382898,
        "std": 0.36678469614903964
    },
    "CLOSE_30m_tick_8": {
        "mean": 1.1333061822132955,
        "std": 0.41621000382180184
    },
    "day_of_month": {
        "mean": 15.716835138783708,
        "std": 8.760214005955916
    },
    "hour_of_day": {
        "mean": 11.46172335451582,
        "std": 6.85638521539719
    },
    "day_of_week": {
        "mean": 1.9990122156004082,
        "std": 1.4143761895200762
    }
}