{
    "OPEN": {
        "mean": 1.2072023227471738,
        "std": 0.11368404768044418
    },
    "LOW": {
        "mean": 1.2063765846566032,
        "std": 0.11375564754348556
    },
    "HIGH": {
        "mean": 1.2080671446775142,
        "std": 0.11359721336114223
    },
    "CLOSE": {
        "mean": 1.207205392733451,
        "std": 0.11367980708010239
    },
    "RSI": {
        "mean": 49.82409737213846,
        "std": 17.41111246024531
    },
    "MACD": {
        "mean": 0.011771661233773599,
        "std": 0.001423076093695195
    },
    "MACD_Signal": {
        "mean": 0.010372674647185325,
        "std": 0.0013399830971672277
    },
    "MACD_Histogram": {
        "mean": 6.489689534683437e-08,
        "std": 0.0004384046812346578
    },
    "EMA": {
        "mean": 1.207235399750913,
        "std": 0.11365286552649942
    },
    "SMA": {
        "mean": 1.2072353111154674,
        "std": 0.11366444713392829
    },
    "BB_Upper": {
        "mean": 1.2111790954476367,
        "std": 0.11330483565467842
    },
    "BB_Middle": {
        "mean": 1.2072353111154674,
        "std": 0.11366444713392829
    },
    "BB_Lower": {
        "mean": 1.2032915267832982,
        "std": 0.11409307271285897
    },
    "BB_Width": {
        "mean": -5.034531801365786,
        "std": 0.6066719256142677
    },
    "volume": {
        "mean": 0.0,
        "std": 0.0
    },
    "BC-BO": {
        "mean": 3.0699862772005477e-06,
        "std": 0.0012880691575701704
    },
    "day_of_month": {
        "mean": 15.703522185192446,
        "std": 8.756865368020092
    },
    "hour_of_day": {
        "mean": 11.494380186891458,
        "std": 6.918983008694298
    },
    "day_of_week": {
        "mean": 2.046167418153303,
        "std": 1.505571696808662
    },
    "CLOSE_stl_trend": {
        "mean": 1.2072046828824414,
        "std": 0.11373728987508533
    },
    "CLOSE_stl_seasonal": {
        "mean": 6.132955008298981e-07,
        "std": 0.00368879017058544
    },
    "CLOSE_stl_resid": {
        "mean": 9.682740714253671e-08,
        "std": 0.00011504162577269217
    },
    "CLOSE_wav_detail_L1": {
        "mean": -6.186588273997877e-06,
        "std": 0.0009017828646511599
    },
    "CLOSE_wav_detail_L2": {
        "mean": -6.227304605384304e-06,
        "std": 0.0008328401588198267
    },
    "CLOSE_wav_approx_L2": {
        "mean": 1.2072337535352544,
        "std": 0.1136864768849213
    },
    "CLOSE_mtm_band_1_0.000_0.010": {
        "mean": 0.0013822895310341215,
        "std": 0.0018901296004286484
    },
    "CLOSE_mtm_band_2_0.010_0.060": {
        "mean": 0.0001816723437053519,
        "std": 0.00020537252557321152
    },
    "CLOSE_mtm_band_3_0.060_0.200": {
        "mean": 7.3768231176481735e-06,
        "std": 8.327330262920776e-06
    },
    "CLOSE_mtm_band_4_0.200_0.500": {
        "mean": 1.24455811493596e-06,
        "std": 9.207425387047734e-07
    }
}