{
    "OPEN": {
        "mean": 1.3523284286981956,
        "std": 0.11033261210663801
    },
    "LOW": {
        "mean": 1.3511458411936768,
        "std": 0.11021707931701165
    },
    "HIGH": {
        "mean": 1.353529396917212,
        "std": 0.11043785156467434
    },
    "CLOSE": {
        "mean": 1.3523280481151607,
        "std": 0.11033050909864772
    },
    "RSI": {
        "mean": 50.401203826957115,
        "std": 12.906517724976995
    },
    "MACD": {
        "mean": 0.011806436808109586,
        "std": 0.0020565744848254686
    },
    "MACD_Histogram": {
        "mean": -6.325366578569962e-08,
        "std": 0.0006107388456784087
    },
    "MACD_Signal": {
        "mean": 0.010407734743918429,
        "std": 0.0019455117004150055
    },
    "EMA": {
        "mean": 1.3523195452639865,
        "std": 0.11029639317474056
    },
    "Stochastic_%K": {
        "mean": 50.74517209992922,
        "std": 26.727701649992245
    },
    "Stochastic_%D": {
        "mean": 3.74122022213911,
        "std": 0.6810642314992561
    },
    "ADX": {
        "mean": 3.2298832582618364,
        "std": 0.4051114222043786
    },
    "DI+": {
        "mean": 20.967308349339365,
        "std": 7.776050546375201
    },
    "DI-": {
        "mean": 20.850310533101474,
        "std": 7.620944202648065
    },
    "ATR": {
        "mean": -6.136971339071554,
        "std": 0.43694830336571727
    },
    "CCI": {
        "mean": 2.0517149513901356,
        "std": 114.49155694324257
    },
    "WilliamsR": {
        "mean": -49.25699026566064,
        "std": 28.794201541211766
    },
    "Momentum": {
        "mean": 1.916357182765222e-05,
        "std": 0.0057571240804250925
    },
    "ROC": {
        "mean": 0.0023553990526600558,
        "std": 0.42431064710823924
    },
    "BC-BO": {
        "mean": -3.805830348046155e-07,
        "std": 0.0018092457770465058
    },
    "BH-BL": {
        "mean": 0.0023835557235349736,
        "std": 0.0018931180794615411
    },
    "BH-BO": {
        "mean": 0.0012009682190159635,
        "std": 0.0014379040154144885
    },
    "BO-BL": {
        "mean": 0.0011825875045189695,
        "std": 0.0014326772224482766
    },
    "S&P500_Close": {
        "mean": 1230.4864096659217,
        "std": 204.8553714710247
    },
    "vix_close": {
        "mean": 21.975530272846246,
        "std": 12.399147991084282
    },
    "CLOSE_15m_tick_1": {
        "mean": 1.3523450760837412,
        "std": 0.1102908804633753
    },
    "CLOSE_15m_tick_2": {
        "mean": 1.3523599283531074,
        "std": 0.11028981303436321
    },
    "CLOSE_15m_tick_3": {
        "mean": 1.3523570181089164,
        "std": 0.11028766929769451
    },
    "CLOSE_15m_tick_4": {
        "mean": 1.3523372826765703,
        "std": 0.11028638085407859
    },
    "CLOSE_15m_tick_5": {
        "mean": 1.3523444716863313,
        "std": 0.11029366832951575
    },
    "CLOSE_15m_tick_6": {
        "mean": 1.3523593574785553,
        "std": 0.1102922802814614
    },
    "CLOSE_15m_tick_7": {
        "mean": 1.3523565307128538,
        "std": 0.11029032042551577
    },
    "CLOSE_15m_tick_8": {
        "mean": 1.3523365688368885,
        "std": 0.1102883558084464
    },
    "CLOSE_30m_tick_1": {
        "mean": 1.3523599283531074,
        "std": 0.11028981303436321
    },
    "CLOSE_30m_tick_2": {
        "mean": 1.3523372826765703,
        "std": 0.11028638085407859
    },
    "CLOSE_30m_tick_3": {
        "mean": 1.3523593574785553,
        "std": 0.1102922802814614
    },
    "CLOSE_30m_tick_4": {
        "mean": 1.3523365688368885,
        "std": 0.1102883558084464
    },
    "CLOSE_30m_tick_5": {
        "mean": 1.3523589469878725,
        "std": 0.11029465587474795
    },
    "CLOSE_30m_tick_6": {
        "mean": 1.3523362763335194,
        "std": 0.11029026824733289
    },
    "CLOSE_30m_tick_7": {
        "mean": 1.3523592408058633,
        "std": 0.11029631055510745
    },
    "CLOSE_30m_tick_8": {
        "mean": 1.352336962566142,
        "std": 0.11029187723906443
    },
    "day_of_month": {
        "mean": 15.782758734019128,
        "std": 8.759950883073868
    },
    "hour_of_day": {
        "mean": 11.495842508298551,
        "std": 6.92409908215956
    },
    "day_of_week": {
        "mean": 2.0443356229664444,
        "std": 1.5030719791489264
    },
    "CLOSE_stl_trend": {
        "mean": 1.352329037759227,
        "std": 0.11045869081942786
    },
    "CLOSE_stl_seasonal": {
        "mean": -1.055729396951215e-06,
        "std": 0.005125040856720521
    },
    "CLOSE_stl_resid": {
        "mean": 6.661739232961595e-08,
        "std": 0.0001523556592357238
    },
    "CLOSE_wav_detail_L1": {
        "mean": 4.048860351204982e-06,
        "std": 0.001258865427399196
    },
    "CLOSE_wav_detail_L2": {
        "mean": 4.050283725534989e-06,
        "std": 0.0011717514707393374
    },
    "CLOSE_wav_approx_L2": {
        "mean": 1.3523108146810396,
        "std": 0.1103319520410148
    },
    "CLOSE_mtm_band_1_0.000_0.010": {
        "mean": 0.0030205670662113845,
        "std": 0.0055579545753569985
    },
    "CLOSE_mtm_band_2_0.010_0.060": {
        "mean": 0.0003677443449253722,
        "std": 0.0005389765569707493
    },
    "CLOSE_mtm_band_3_0.060_0.200": {
        "mean": 1.3282183098412594e-05,
        "std": 1.6847151777717933e-05
    },
    "CLOSE_mtm_band_4_0.200_0.500": {
        "mean": 2.412658095332435e-06,
        "std": 2.8691021775011567e-06
    }
}