{
    "OPEN": {
        "mean": 1.2088448953232325,
        "std": 0.11443715375135395
    },
    "LOW": {
        "mean": 1.2080178446774246,
        "std": 0.11450757903920496
    },
    "HIGH": {
        "mean": 1.2097127242251946,
        "std": 0.11435186409975327
    },
    "CLOSE": {
        "mean": 1.2088483251717226,
        "std": 0.11443350445807983
    },
    "RSI": {
        "mean": 49.809640454600974,
        "std": 12.736110476044473
    },
    "MACD": {
        "mean": 0.011774084666147632,
        "std": 0.001431106984955203
    },
    "MACD_Histogram": {
        "mean": -3.800980603325286e-08,
        "std": 0.0004398137754661723
    },
    "MACD_Signal": {
        "mean": 0.010375204011254939,
        "std": 0.0013480063243288315
    },
    "EMA": {
        "mean": 1.208861065204441,
        "std": 0.114416554926701
    },
    "Stochastic_%K": {
        "mean": 49.177864308135916,
        "std": 26.31590811088199
    },
    "Stochastic_%D": {
        "mean": 3.704614135552414,
        "std": 0.6915683299189854
    },
    "ADX": {
        "mean": 3.2336660272930295,
        "std": 0.4048814104012141
    },
    "DI+": {
        "mean": 20.77606081291913,
        "std": 7.78796722681606
    },
    "DI-": {
        "mean": 20.613263097778347,
        "std": 7.713439907308649
    },
    "ATR": {
        "mean": -6.434721560667405,
        "std": 0.34093426908481916
    },
    "CCI": {
        "mean": -0.23421609062945317,
        "std": 115.17173287538189
    },
    "WilliamsR": {
        "mean": -50.822451405087484,
        "std": 28.46299847050604
    },
    "Momentum": {
        "mean": -2.8424097019094504e-05,
        "std": 0.004116031578828377
    },
    "ROC": {
        "mean": -0.00171292970362232,
        "std": 0.35115028076666915
    },
    "BC-BO": {
        "mean": 3.4298484898281134e-06,
        "std": 0.0012917049984793037
    },
    "BH-BL": {
        "mean": 0.0016948795477700375,
        "std": 0.0013738700206641942
    },
    "BH-BO": {
        "mean": 0.0008678289019620384,
        "std": 0.0010505009741213788
    },
    "BO-BL": {
        "mean": 0.0008270506458079613,
        "std": 0.0010079198169285798
    },
    "S&P500_Close": {
        "mean": 1954.85233965925,
        "std": 269.4911120588691
    },
    "vix_close": {
        "mean": 14.826099530526974,
        "std": 3.502678791187232
    },
    "CLOSE_15m_tick_1": {
        "mean": 1.2088837532454728,
        "std": 0.11443686721411715
    },
    "CLOSE_15m_tick_2": {
        "mean": 1.2089047415124725,
        "std": 0.11443346922993619
    },
    "CLOSE_15m_tick_3": {
        "mean": 1.2088999727215959,
        "std": 0.11443463859247437
    },
    "CLOSE_15m_tick_4": {
        "mean": 1.2089028553587273,
        "std": 0.11442739070777612
    },
    "CLOSE_15m_tick_5": {
        "mean": 1.2088867479541199,
        "std": 0.11443860060540172
    },
    "CLOSE_15m_tick_6": {
        "mean": 1.208906963880764,
        "std": 0.11443559811991125
    },
    "CLOSE_15m_tick_7": {
        "mean": 1.2089022601636703,
        "std": 0.11443678303394056
    },
    "CLOSE_15m_tick_8": {
        "mean": 1.2089053383508068,
        "std": 0.11442960045706506
    },
    "CLOSE_30m_tick_1": {
        "mean": 1.2089047415124725,
        "std": 0.11443346922993619
    },
    "CLOSE_30m_tick_2": {
        "mean": 1.2089028553587273,
        "std": 0.11442739070777612
    },
    "CLOSE_30m_tick_3": {
        "mean": 1.208906963880764,
        "std": 0.11443559811991125
    },
    "CLOSE_30m_tick_4": {
        "mean": 1.2089053383508068,
        "std": 0.11442960045706506
    },
    "CLOSE_30m_tick_5": {
        "mean": 1.2089094659348605,
        "std": 0.11443771381619208
    },
    "CLOSE_30m_tick_6": {
        "mean": 1.2089071186774902,
        "std": 0.11443214234534385
    },
    "CLOSE_30m_tick_7": {
        "mean": 1.208910883097249,
        "std": 0.11443960518542275
    },
    "CLOSE_30m_tick_8": {
        "mean": 1.2089086410096295,
        "std": 0.11443385158873912
    },
    "day_of_month": {
        "mean": 15.69628947973839,
        "std": 8.757692641764756
    },
    "hour_of_day": {
        "mean": 11.494659348604857,
        "std": 6.9176112376882
    },
    "day_of_week": {
        "mean": 2.0447957406251027,
        "std": 1.5051997280018647
    },
    "CLOSE_stl_trend": {
        "mean": 1.2088483013474873,
        "std": 0.11449213643055567
    },
    "CLOSE_stl_seasonal": {
        "mean": -3.8276304929244095e-08,
        "std": 0.003703827368478778
    },
    "CLOSE_stl_resid": {
        "mean": 6.227494392429365e-08,
        "std": 0.00011549045334343402
    },
    "CLOSE_wav_detail_L1": {
        "mean": -5.582927038875967e-06,
        "std": 0.0009050588605882222
    },
    "CLOSE_wav_detail_L2": {
        "mean": -5.608265788391624e-06,
        "std": 0.0008356871117428734
    },
    "CLOSE_wav_approx_L2": {
        "mean": 1.2088738608045486,
        "std": 0.11443409355614284
    },
    "CLOSE_mtm_band_1_0.000_0.010": {
        "mean": 0.0014014599970025412,
        "std": 0.0019059143774383194
    },
    "CLOSE_mtm_band_2_0.010_0.060": {
        "mean": 0.00018265639677404933,
        "std": 0.0002059476777252943
    },
    "CLOSE_mtm_band_3_0.060_0.200": {
        "mean": 7.410070022504355e-06,
        "std": 8.343953220636943e-06
    },
    "CLOSE_mtm_band_4_0.200_0.500": {
        "mean": 1.2544528972166168e-06,
        "std": 9.260243695380839e-07
    }
}