{
    "OPEN": {
        "mean": 1.2072019253765478,
        "std": 0.11368221170336051
    },
    "LOW": {
        "mean": 1.2063761861665632,
        "std": 0.11375381050316416
    },
    "HIGH": {
        "mean": 1.2080667520501844,
        "std": 0.1135953783140822
    },
    "CLOSE": {
        "mean": 1.2072050178063842,
        "std": 0.11367796883968019
    },
    "RSI": {
        "mean": 49.824309632645694,
        "std": 17.410867619674537
    },
    "MACD": {
        "mean": 0.011771674798122826,
        "std": 0.001423054823829074
    },
    "MACD_Signal": {
        "mean": 0.010372689170895006,
        "std": 0.001339963615223454
    },
    "MACD_Histogram": {
        "mean": 6.394246999016883e-08,
        "std": 0.00043839755090379636
    },
    "EMA": {
        "mean": 1.207234974278471,
        "std": 0.11365103317830713
    },
    "SMA": {
        "mean": 1.2072348886365865,
        "std": 0.11366261425227728
    },
    "BB_Upper": {
        "mean": 1.211178593507098,
        "std": 0.11330301864566973
    },
    "BB_Middle": {
        "mean": 1.2072348886365865,
        "std": 0.11366261425227728
    },
    "BB_Lower": {
        "mean": 1.203291183766075,
        "std": 0.11409122457951465
    },
    "BB_Width": {
        "mean": -5.034556855782778,
        "std": 0.6066778491294905
    },
    "volume": {
        "mean": 0.0,
        "std": 0.0
    },
    "BC-BO": {
        "mean": 3.0924298363119534e-06,
        "std": 0.00128805409932536
    },
    "day_of_month": {
        "mean": 15.703597216323063,
        "std": 8.756732147435505
    },
    "hour_of_day": {
        "mean": 11.494331362106708,
        "std": 6.918875247393408
    },
    "day_of_week": {
        "mean": 2.046100565230176,
        "std": 1.5055925293237085
    },
    "CLOSE_stl_trend": {
        "mean": 1.2072043428529422,
        "std": 0.11373544732887196
    },
    "CLOSE_stl_seasonal": {
        "mean": 5.800821086156716e-07,
        "std": 0.0036887344841301803
    },
    "CLOSE_stl_resid": {
        "mean": 9.514168173961768e-08,
        "std": 0.00011504012438161374
    },
    "CLOSE_wav_detail_L1": {
        "mean": -6.174788626588005e-06,
        "std": 0.0009017704952402371
    },
    "CLOSE_wav_detail_L2": {
        "mean": -6.229557174907441e-06,
        "std": 0.0008328266461150934
    },
    "CLOSE_wav_approx_L2": {
        "mean": 1.2072333358153362,
        "std": 0.11368464310046876
    },
    "CLOSE_mtm_band_1_0.000_0.010": {
        "mean": 0.0013822716947015496,
        "std": 0.0018901012975898787
    },
    "CLOSE_mtm_band_2_0.010_0.060": {
        "mean": 0.00018167095796536742,
        "std": 0.0002053693135366036
    },
    "CLOSE_mtm_band_3_0.060_0.200": {
        "mean": 7.376805578584637e-06,
        "std": 8.327194786329929e-06
    },
    "CLOSE_mtm_band_4_0.200_0.500": {
        "mean": 1.2445372096425654e-06,
        "std": 9.207347606289164e-07
    }
}