{
    "OPEN": {
        "mean": 1.352757530630248,
        "std": 0.10983417255447192
    },
    "LOW": {
        "mean": 1.351574896592283,
        "std": 0.109719643507736
    },
    "HIGH": {
        "mean": 1.35395918352011,
        "std": 0.10993769640272791
    },
    "CLOSE": {
        "mean": 1.3527577279707257,
        "std": 0.10983145363022487
    },
    "RSI": {
        "mean": 50.448086761714364,
        "std": 17.60464224129786
    },
    "MACD": {
        "mean": 0.011811291186335898,
        "std": 0.0020580177983748954
    },
    "MACD_Signal": {
        "mean": 0.010412515571411733,
        "std": 0.001946692495790274
    },
    "MACD_Histogram": {
        "mean": 1.8619731817091124e-08,
        "std": 0.0006116218092099821
    },
    "EMA": {
        "mean": 1.3527318299152329,
        "std": 0.10976715710791285
    },
    "SMA": {
        "mean": 1.3527316393635442,
        "std": 0.10979272459998869
    },
    "BB_Upper": {
        "mean": 1.3582306627207066,
        "std": 0.11038264317046922
    },
    "BB_Middle": {
        "mean": 1.3527316393635442,
        "std": 0.10979272459998869
    },
    "BB_Lower": {
        "mean": 1.3472326160063819,
        "std": 0.10934524611560356
    },
    "BB_Width": {
        "mean": -4.725102382466752,
        "std": 0.6536370142246173
    },
    "volume": {
        "mean": 0.0,
        "std": 0.0
    },
    "BC-BO": {
        "mean": 1.9734047766850596e-07,
        "std": 0.001807924049389581
    },
    "day_of_month": {
        "mean": 15.74120299277943,
        "std": 8.781725597320506
    },
    "hour_of_day": {
        "mean": 11.496879798738851,
        "std": 6.925258535052973
    },
    "day_of_week": {
        "mean": 2.044140229359297,
        "std": 1.5042618076327738
    },
    "CLOSE_stl_trend": {
        "mean": 1.352757196464861,
        "std": 0.10996146640895037
    },
    "CLOSE_stl_seasonal": {
        "mean": 5.112785929187671e-07,
        "std": 0.005132059903035914
    },
    "CLOSE_stl_resid": {
        "mean": 2.0694094458758504e-08,
        "std": 0.00015255321591121473
    },
    "CLOSE_wav_detail_L1": {
        "mean": 5.176210947997976e-06,
        "std": 0.0012596912798270496
    },
    "CLOSE_wav_detail_L2": {
        "mean": 5.297866725861826e-06,
        "std": 0.0011724980960023303
    },
    "CLOSE_wav_approx_L2": {
        "mean": 1.3527325384617899,
        "std": 0.10983804659212634
    },
    "CLOSE_mtm_band_1_0.000_0.010": {
        "mean": 0.003029725396233306,
        "std": 0.005545527235366228
    },
    "CLOSE_mtm_band_2_0.010_0.060": {
        "mean": 0.0003684202709757997,
        "std": 0.0005380641258809766
    },
    "CLOSE_mtm_band_3_0.060_0.200": {
        "mean": 1.329010229264874e-05,
        "std": 1.6797396224434243e-05
    },
    "CLOSE_mtm_band_4_0.200_0.500": {
        "mean": 2.414070840392067e-06,
        "std": 2.8605324201442085e-06
    }
}