{
    "OPEN": {
        "mean": 1.3528205258305621,
        "std": 0.11029738234357153
    },
    "LOW": {
        "mean": 1.3516650521879425,
        "std": 0.11023575374015578
    },
    "HIGH": {
        "mean": 1.3538262609067861,
        "std": 0.11036602652572187
    },
    "CLOSE": {
        "mean": 1.3527840627572356,
        "std": 0.11025155659474348
    },
    "log_return": {
        "mean": 1.9220535694362446e-06,
        "std": 0.0013357635895127095
    },
    "stl_trend": {
        "mean": 1.3525911805472326,
        "std": 0.11042252020241086
    },
    "stl_seasonal": {
        "mean": -3.5015295513452023e-06,
        "std": 0.0050735578848222955
    },
    "stl_residual": {
        "mean": -1.150623060257334e-07,
        "std": 0.00014878578727277209
    },
    "CLOSE_wav_detail_L1": {
        "mean": 5.285619315778341e-06,
        "std": 0.0012498798580770653
    },
    "CLOSE_wav_detail_L2": {
        "mean": 5.274593008843547e-06,
        "std": 0.0011638029846411334
    },
    "CLOSE_wav_approx_L2": {
        "mean": 1.3525647331829704,
        "std": 0.11030183964722796
    },
    "CLOSE_mtm_band_1_0.000_0.010": {
        "mean": 0.003077529440953966,
        "std": 0.005798515112340825
    },
    "CLOSE_mtm_band_2_0.010_0.060": {
        "mean": 0.0003604015640456093,
        "std": 0.0005186576239608182
    },
    "CLOSE_mtm_band_3_0.060_0.200": {
        "mean": 1.387007636832768e-05,
        "std": 1.874049634066583e-05
    },
    "CLOSE_mtm_band_4_0.200_0.500": {
        "mean": 2.3770133059659874e-06,
        "std": 3.303228664868491e-06
    },
    "RSI": {
        "mean": 50.443774060415926,
        "std": 12.889518231378739
    },
    "MACD": {
        "mean": 0.011811419090057274,
        "std": 0.0020566118842406103
    },
    "MACD_Histogram": {
        "mean": -1.7513855531013044e-07,
        "std": 0.0006116469250761774
    },
    "MACD_Signal": {
        "mean": 0.010412835634614656,
        "std": 0.0019450840563763892
    },
    "EMA": {
        "mean": 1.3527722724307183,
        "std": 0.11021983932998412
    },
    "Stochastic_%K": {
        "mean": 50.77191417950523,
        "std": 26.74581067286421
    },
    "Stochastic_%D": {
        "mean": 3.741495053192702,
        "std": 0.6817225298529065
    },
    "ADX": {
        "mean": 3.2286145363345944,
        "std": 0.4039795119298836
    },
    "DI+": {
        "mean": 20.996395766885193,
        "std": 7.773202507368793
    },
    "DI-": {
        "mean": 20.837821222827596,
        "std": 7.6016472378255555
    },
    "ATR": {
        "mean": -6.136124367222638,
        "std": 0.4371196770984539
    },
    "CCI": {
        "mean": 2.1882525892198403,
        "std": 114.45828030140483
    },
    "WilliamsR": {
        "mean": -49.22968120823653,
        "std": 28.812288337293165
    },
    "Momentum": {
        "mean": 2.625234598794816e-05,
        "std": 0.005764256441446112
    },
    "ROC": {
        "mean": 0.002917122380511343,
        "std": 0.42477616650283023
    },
    "BH-BL": {
        "mean": 0.00216120871884359,
        "std": 0.0015701168676884854
    },
    "BH-BO": {
        "mean": 0.0010057350762239891,
        "std": 0.0011773475580531994
    },
    "BO-BL": {
        "mean": 0.001155473642619563,
        "std": 0.001333152468463475
    },
    "S&P500_Close": {
        "mean": 1230.5711794951762,
        "std": 205.09690853975354
    },
    "vix_close": {
        "mean": 22.000695717236226,
        "std": 12.407802725438533
    },
    "CLOSE_15m_tick_1": {
        "mean": 1.3528140528793915,
        "std": 0.11022163835556827
    },
    "CLOSE_15m_tick_2": {
        "mean": 0.9194576849626288,
        "std": 0.9166716234543705
    },
    "CLOSE_15m_tick_3": {
        "mean": 0.9194606417305984,
        "std": 0.916674485237617
    },
    "CLOSE_15m_tick_4": {
        "mean": 0.919535070955846,
        "std": 0.9167088223442801
    },
    "CLOSE_15m_tick_5": {
        "mean": 0.9195436406440355,
        "std": 0.9167125993076579
    },
    "CLOSE_15m_tick_6": {
        "mean": 0.9195425175331732,
        "std": 0.9167153769285341
    },
    "CLOSE_15m_tick_7": {
        "mean": 0.9177031566296795,
        "std": 0.9182269647430282
    },
    "CLOSE_15m_tick_8": {
        "mean": 0.9195375015639919,
        "std": 0.9167079656569304
    },
    "CLOSE_30m_tick_1": {
        "mean": 1.3527993674887226,
        "std": 0.11021476491039
    },
    "CLOSE_30m_tick_2": {
        "mean": 0.9194576849626288,
        "std": 0.9166716234543705
    },
    "CLOSE_30m_tick_3": {
        "mean": 0.919535070955846,
        "std": 0.9167088223442801
    },
    "CLOSE_30m_tick_4": {
        "mean": 0.9195425175331732,
        "std": 0.9167153769285341
    },
    "CLOSE_30m_tick_5": {
        "mean": 0.9195375015639919,
        "std": 0.9167079656569304
    },
    "CLOSE_30m_tick_6": {
        "mean": 0.919509675348194,
        "std": 0.9166921726266181
    },
    "CLOSE_30m_tick_7": {
        "mean": 0.919528764281716,
        "std": 0.9166997262223214
    },
    "CLOSE_30m_tick_8": {
        "mean": 0.9195525162161272,
        "std": 0.9167116801892945
    },
    "day_of_month": {
        "mean": 15.84340324651806,
        "std": 8.799286097154317
    },
    "hour_of_day": {
        "mean": 0.0,
        "std": 0.0
    },
    "day_of_week": {
        "mean": 2.0603207006684006,
        "std": 1.4055664828978216
    }
}