{
    "OPEN": {
        "mean": 1.2087088528530505,
        "std": 0.11447502323386351
    },
    "LOW": {
        "mean": 1.2080620605182577,
        "std": 0.1145308052678968
    },
    "HIGH": {
        "mean": 1.2093719581179416,
        "std": 0.11437628428457172
    },
    "CLOSE": {
        "mean": 1.2086216802212637,
        "std": 0.11447788271877414
    },
    "log_return": {
        "mean": -2.761122271451783e-06,
        "std": 0.0011121068130117671
    },
    "stl_trend": {
        "mean": 1.2086931438082382,
        "std": 0.11453243469876635
    },
    "stl_seasonal": {
        "mean": -9.425197634747209e-07,
        "std": 0.003769248382961534
    },
    "stl_residual": {
        "mean": -3.048216985905458e-08,
        "std": 0.00011154076252994088
    },
    "CLOSE_wav_detail_L1": {
        "mean": -6.6599226563716395e-06,
        "std": 0.0009018976221771336
    },
    "CLOSE_wav_detail_L2": {
        "mean": -6.715490645808001e-06,
        "std": 0.0008397606152886528
    },
    "CLOSE_wav_approx_L2": {
        "mean": 1.2087228239801124,
        "std": 0.11447491040602797
    },
    "CLOSE_mtm_band_1_0.000_0.010": {
        "mean": 0.0014290179455699703,
        "std": 0.0019443647578658858
    },
    "CLOSE_mtm_band_2_0.010_0.060": {
        "mean": 0.00018958599971761878,
        "std": 0.0002380382741458898
    },
    "CLOSE_mtm_band_3_0.060_0.200": {
        "mean": 7.294013098865694e-06,
        "std": 8.646414897705918e-06
    },
    "CLOSE_mtm_band_4_0.200_0.500": {
        "mean": 1.235010517518949e-06,
        "std": 1.4542144519402335e-06
    },
    "RSI": {
        "mean": 49.770585572118556,
        "std": 12.714635719519631
    },
    "MACD": {
        "mean": 0.011769377038067215,
        "std": 0.0014274827177580775
    },
    "MACD_Histogram": {
        "mean": -2.484376420644634e-07,
        "std": 0.00043935595101544044
    },
    "MACD_Signal": {
        "mean": 0.010370697635405034,
        "std": 0.0013444599963454249
    },
    "EMA": {
        "mean": 1.2086380312655194,
        "std": 0.11446321114779878
    },
    "Stochastic_%K": {
        "mean": 49.138708454993086,
        "std": 26.30539297122048
    },
    "Stochastic_%D": {
        "mean": 3.7038136152109247,
        "std": 0.6915302756902011
    },
    "ADX": {
        "mean": 3.232715970090524,
        "std": 0.4044600855636368
    },
    "DI+": {
        "mean": 20.751008976413313,
        "std": 7.769875935660206
    },
    "DI-": {
        "mean": 20.62653785163117,
        "std": 7.711203720367294
    },
    "ATR": {
        "mean": -6.434879578081921,
        "std": 0.34110481998624004
    },
    "CCI": {
        "mean": -0.3934383059697932,
        "std": 115.16591952253172
    },
    "WilliamsR": {
        "mean": -50.86277819801864,
        "std": 28.453789374008085
    },
    "Momentum": {
        "mean": -3.642422047347755e-05,
        "std": 0.004110509885678572
    },
    "ROC": {
        "mean": -0.002338299485053611,
        "std": 0.3508168646499202
    },
    "BH-BL": {
        "mean": 0.0013098975996838713,
        "std": 0.0007675827548412144
    },
    "BH-BO": {
        "mean": 0.0006631052648908228,
        "std": 0.0006896125534705038
    },
    "BO-BL": {
        "mean": 0.0006467923347930139,
        "std": 0.0006455071571506209
    },
    "S&P500_Close": {
        "mean": 1956.7697313251788,
        "std": 268.8206999091603
    },
    "vix_close": {
        "mean": 14.818272047968229,
        "std": 3.492804558787612
    },
    "CLOSE_15m_tick_1": {
        "mean": 1.208778602614336,
        "std": 0.11446142041316586
    },
    "CLOSE_15m_tick_2": {
        "mean": 0.798917625037042,
        "std": 0.8645448397689366
    },
    "CLOSE_15m_tick_3": {
        "mean": 0.7989532718711929,
        "std": 0.8645584847069785
    },
    "CLOSE_15m_tick_4": {
        "mean": 0.7989524747291823,
        "std": 0.8645600281382637
    },
    "CLOSE_15m_tick_5": {
        "mean": 0.798961583747654,
        "std": 0.8645648087548368
    },
    "CLOSE_15m_tick_6": {
        "mean": 0.7970938256889796,
        "std": 0.8658923076292786
    },
    "CLOSE_15m_tick_7": {
        "mean": 0.797093003852359,
        "std": 0.8658921942366437
    },
    "CLOSE_15m_tick_8": {
        "mean": 0.79707822857331,
        "std": 0.8658863748834873
    },
    "CLOSE_30m_tick_1": {
        "mean": 1.2087454091073722,
        "std": 0.11446568442756798
    },
    "CLOSE_30m_tick_2": {
        "mean": 0.798917625037042,
        "std": 0.8645448397689366
    },
    "CLOSE_30m_tick_3": {
        "mean": 0.7989524747291823,
        "std": 0.8645600281382637
    },
    "CLOSE_30m_tick_4": {
        "mean": 0.7970938256889796,
        "std": 0.8658923076292786
    },
    "CLOSE_30m_tick_5": {
        "mean": 0.79707822857331,
        "std": 0.8658863748834873
    },
    "CLOSE_30m_tick_6": {
        "mean": 0.7970600829738896,
        "std": 0.8658767996371907
    },
    "CLOSE_30m_tick_7": {
        "mean": 0.7970425106186824,
        "std": 0.8658716348421762
    },
    "CLOSE_30m_tick_8": {
        "mean": 0.7969919133383819,
        "std": 0.8658498684190852
    },
    "day_of_month": {
        "mean": 15.728293437818973,
        "std": 8.746053020980257
    },
    "hour_of_day": {
        "mean": 0.0,
        "std": 0.0
    },
    "day_of_week": {
        "mean": 2.05126601033881,
        "std": 1.4068740739399348
    }
}