{
    "OPEN": {
        "mean": 1.3527724253399624,
        "std": 0.11024175107811393
    },
    "LOW": {
        "mean": 1.3515947176582923,
        "std": 0.1101309903387546
    },
    "HIGH": {
        "mean": 1.3539747100852788,
        "std": 0.11034825228586997
    },
    "CLOSE": {
        "mean": 1.3527767142998255,
        "std": 0.1102445735627545
    },
    "log_return": {
        "mean": 1.95922100236927e-06,
        "std": 0.0013481918150058034
    },
    "stl_trend": {
        "mean": 1.3527775895986303,
        "std": 0.11037350993872382
    },
    "stl_seasonal": {
        "mean": -9.001611158254541e-07,
        "std": 0.005118236026086074
    },
    "stl_residual": {
        "mean": 2.510025800300321e-08,
        "std": 0.0001518671269070571
    },
    "CLOSE_wav_detail_L1": {
        "mean": 5.3324342273571994e-06,
        "std": 0.0012570836924759492
    },
    "CLOSE_wav_detail_L2": {
        "mean": 5.359216043283432e-06,
        "std": 0.0011713180234023098
    },
    "CLOSE_wav_approx_L2": {
        "mean": 1.352753081867571,
        "std": 0.11025110884377871
    },
    "CLOSE_mtm_band_1_0.000_0.010": {
        "mean": 0.0030092052409206502,
        "std": 0.005554257467665898
    },
    "CLOSE_mtm_band_2_0.010_0.060": {
        "mean": 0.00036767904853252776,
        "std": 0.0005401288862893732
    },
    "CLOSE_mtm_band_3_0.060_0.200": {
        "mean": 1.3162688915903328e-05,
        "std": 1.6049123639950256e-05
    },
    "CLOSE_mtm_band_4_0.200_0.500": {
        "mean": 2.4193920048651674e-06,
        "std": 2.9160427074842103e-06
    },
    "RSI": {
        "mean": 50.443774060415926,
        "std": 12.889518231378739
    },
    "MACD": {
        "mean": 0.011811419090057274,
        "std": 0.0020566118842406103
    },
    "MACD_Histogram": {
        "mean": -1.7513855531013044e-07,
        "std": 0.0006116469250761774
    },
    "MACD_Signal": {
        "mean": 0.010412835634614656,
        "std": 0.0019450840563763892
    },
    "EMA": {
        "mean": 1.3527722724307183,
        "std": 0.11021983932998412
    },
    "Stochastic_%K": {
        "mean": 50.77191417950523,
        "std": 26.74581067286421
    },
    "Stochastic_%D": {
        "mean": 3.741495053192702,
        "std": 0.6817225298529065
    },
    "ADX": {
        "mean": 3.2286145363345944,
        "std": 0.4039795119298836
    },
    "DI+": {
        "mean": 20.996395766885193,
        "std": 7.773202507368793
    },
    "DI-": {
        "mean": 20.837821222827596,
        "std": 7.6016472378255555
    },
    "ATR": {
        "mean": -6.136124367222638,
        "std": 0.4371196770984539
    },
    "CCI": {
        "mean": 2.1882525892198403,
        "std": 114.45828030140483
    },
    "WilliamsR": {
        "mean": -49.22968120823653,
        "std": 28.812288337293165
    },
    "Momentum": {
        "mean": 2.625234598794816e-05,
        "std": 0.005764256441446112
    },
    "ROC": {
        "mean": 0.002917122380511343,
        "std": 0.42477616650283023
    },
    "BC-BO": {
        "mean": 0.024740226188993953,
        "std": 0.0017661106161688729
    },
    "BH-BL": {
        "mean": 0.002380784715023041,
        "std": 0.001884455214178475
    },
    "BH-BO": {
        "mean": 0.0012007513902077746,
        "std": 0.0014337597939785127
    },
    "BO-BL": {
        "mean": 0.001181180668948271,
        "std": 0.0014276916276878418
    },
    "S&P500_Close": {
        "mean": 1230.6193537802837,
        "std": 205.03774074491565
    },
    "vix_close": {
        "mean": 21.997748825509337,
        "std": 12.40310197517665
    },
    "CLOSE_15m_tick_1": {
        "mean": 1.352784746962563,
        "std": 0.1101982779679882
    },
    "CLOSE_15m_tick_2": {
        "mean": 1.3323938270060254,
        "std": 0.24405485170857014
    },
    "CLOSE_15m_tick_3": {
        "mean": 1.3321860577524614,
        "std": 0.24515459828888161
    },
    "CLOSE_15m_tick_4": {
        "mean": 1.3318770784630074,
        "std": 0.24660696952274155
    },
    "CLOSE_15m_tick_5": {
        "mean": 1.3320070995357414,
        "std": 0.24587712221493752
    },
    "CLOSE_15m_tick_6": {
        "mean": 1.3118642152052946,
        "std": 0.32634767300948875
    },
    "CLOSE_15m_tick_7": {
        "mean": 1.3118859872905073,
        "std": 0.32635200266474307
    },
    "CLOSE_15m_tick_8": {
        "mean": 1.311659645714662,
        "std": 0.32715851502407145
    },
    "CLOSE_30m_tick_1": {
        "mean": 1.3528043488854498,
        "std": 0.11020347960144465
    },
    "CLOSE_30m_tick_2": {
        "mean": 1.332632812551447,
        "std": 0.2429536393020156
    },
    "CLOSE_30m_tick_3": {
        "mean": 1.3322719163017351,
        "std": 0.2447879333652577
    },
    "CLOSE_30m_tick_4": {
        "mean": 1.3123307928616115,
        "std": 0.3247291749145258
    },
    "CLOSE_30m_tick_5": {
        "mean": 1.3121267268117611,
        "std": 0.32554451589919603
    },
    "CLOSE_30m_tick_6": {
        "mean": 1.2920307787033682,
        "std": 0.38864931355686366
    },
    "CLOSE_30m_tick_7": {
        "mean": 1.2918266464719634,
        "std": 0.38931955130386947
    },
    "CLOSE_30m_tick_8": {
        "mean": 1.2721110615389681,
        "std": 0.44155914693738263
    },
    "day_of_month": {
        "mean": 15.792729906819005,
        "std": 8.800960514907805
    },
    "hour_of_day": {
        "mean": 11.490237397517369,
        "std": 6.8606042873999
    },
    "day_of_week": {
        "mean": 1.9986500279872246,
        "std": 1.4145737597138488
    }
}