{
    "OPEN": {
        "mean": 1.3527604518721819,
        "std": 0.10983477787902622
    },
    "LOW": {
        "mean": 1.3515777971639549,
        "std": 0.10972026250508651
    },
    "HIGH": {
        "mean": 1.3539621309547147,
        "std": 0.109938283140109
    },
    "CLOSE": {
        "mean": 1.3527606573874404,
        "std": 0.10983205221659084
    },
    "RSI": {
        "mean": 50.44848857174326,
        "std": 17.60478949901582
    },
    "MACD": {
        "mean": 0.011811308662021094,
        "std": 0.0020580491492855776
    },
    "MACD_Signal": {
        "mean": 0.010412530191890024,
        "std": 0.0019467226184973474
    },
    "MACD_Histogram": {
        "mean": 2.1535576902362356e-08,
        "std": 0.0006116315885799256
    },
    "EMA": {
        "mean": 1.3527347268875594,
        "std": 0.1097677802988217
    },
    "SMA": {
        "mean": 1.3527345297817421,
        "std": 0.10979335376828747
    },
    "BB_Upper": {
        "mean": 1.3582336181338823,
        "std": 0.1103832355221147
    },
    "BB_Middle": {
        "mean": 1.3527345297817421,
        "std": 0.10979335376828747
    },
    "BB_Lower": {
        "mean": 1.347235441429602,
        "std": 0.10934591520284287
    },
    "BB_Width": {
        "mean": -4.725094738529463,
        "std": 0.6536463247049782
    },
    "volume": {
        "mean": 0.0,
        "std": 0.0
    },
    "BC-BO": {
        "mean": 2.05515258446056e-07,
        "std": 0.0018079530198858399
    },
    "day_of_month": {
        "mean": 15.741096517022806,
        "std": 8.78184930800166
    },
    "hour_of_day": {
        "mean": 11.496503953473175,
        "std": 6.925059504421734
    },
    "day_of_week": {
        "mean": 2.04410899823564,
        "std": 1.5042764596727873
    },
    "CLOSE_stl_trend": {
        "mean": 1.352760026400052,
        "std": 0.10996214827345159
    },
    "CLOSE_stl_seasonal": {
        "mean": 6.059688424970583e-07,
        "std": 0.0051321170085236465
    },
    "CLOSE_stl_resid": {
        "mean": 2.5484720286846414e-08,
        "std": 0.0001525534058707015
    },
    "CLOSE_wav_detail_L1": {
        "mean": 5.200074359451543e-06,
        "std": 0.0012597049411775026
    },
    "CLOSE_wav_detail_L2": {
        "mean": 5.323423888075964e-06,
        "std": 0.0011725087258249085
    },
    "CLOSE_wav_approx_L2": {
        "mean": 1.3527354897111679,
        "std": 0.10983862746909984
    },
    "CLOSE_mtm_band_1_0.000_0.010": {
        "mean": 0.003029748379671071,
        "std": 0.005545616375255908
    },
    "CLOSE_mtm_band_2_0.010_0.060": {
        "mean": 0.00036842938653879303,
        "std": 0.0005380705529000099
    },
    "CLOSE_mtm_band_3_0.060_0.200": {
        "mean": 1.329041454701366e-05,
        "std": 1.679758181166176e-05
    },
    "CLOSE_mtm_band_4_0.200_0.500": {
        "mean": 2.414115613065412e-06,
        "std": 2.860568428332351e-06
    }
}